case_id,copied_pyc,status,reason,artifact,package,version,artifact_type,pyc_path,python_tag,magic_number,source_present,overall_level,overall_label,tools,statuses,reason_categories,reasons
d55dfcba697a,aimmocore-0.1.15-cpython-38-d55dfcba697a.pyc,copied,,aimmocore-0.1.15-py3-none-any.whl,aimmocore,0.1.15,wheel,aimmocore/core/__pycache__/storages.cpython-38.pyc,cpython-38,3413,True,4,pylingual_decompilable,decompyle3,exit_1,tool_exit,"decompyle3:exit_1:Traceback (most recent call last): File ""data/rq2/envs/cpython-38/bin/decompyle3"", line 8, in <module> sys.exit(main_bin()) File ""/root/PyBC-Sec/pybcSEC/data/rq2/envs/cpython-38/lib/python3.8/site-packages/click/core.py"", line 1161, in _..."
925f60668dba,aimmocore-0.1.15-cpython-38-925f60668dba.pyc,copied,,aimmocore-0.1.15.tar.gz,aimmocore,0.1.15,tar,aimmocore-0.1.15/aimmocore/core/__pycache__/storages.cpython-38.pyc,cpython-38,3413,True,4,pylingual_decompilable,decompyle3,exit_1,tool_exit,"decompyle3:exit_1:Traceback (most recent call last): File ""data/rq2/envs/cpython-38/bin/decompyle3"", line 8, in <module> sys.exit(main_bin()) File ""/root/PyBC-Sec/pybcSEC/data/rq2/envs/cpython-38/lib/python3.8/site-packages/click/core.py"", line 1161, in _..."
704c99d27ff4,aioinstagrapi-1.1.21-cpython-38-704c99d27ff4.pyc,copied,,aioinstagrapi-1.1.21-py3-none-any.whl,aioinstagrapi,1.1.21,wheel,aioinstagrapi/mixins/__pycache__/hashtag.cpython-38.pyc,cpython-38,3413,True,4,pylingual_decompilable,decompyle3,exit_1,tool_exit,"decompyle3:exit_1:Traceback (most recent call last): File ""data/rq2/envs/cpython-38/bin/decompyle3"", line 8, in <module> sys.exit(main_bin()) File ""/root/PyBC-Sec/pybcSEC/data/rq2/envs/cpython-38/lib/python3.8/site-packages/click/core.py"", line 1161, in _..."
4b50f1a66772,aioinstagrapi-1.1.21-cpython-38-4b50f1a66772.pyc,copied,,aioinstagrapi-1.1.21.tar.gz,aioinstagrapi,1.1.21,tar,aioinstagrapi-1.1.21/aioinstagrapi/mixins/__pycache__/hashtag.cpython-38.pyc,cpython-38,3413,True,4,pylingual_decompilable,decompyle3,exit_1,tool_exit,"decompyle3:exit_1:Traceback (most recent call last): File ""data/rq2/envs/cpython-38/bin/decompyle3"", line 8, in <module> sys.exit(main_bin()) File ""/root/PyBC-Sec/pybcSEC/data/rq2/envs/cpython-38/lib/python3.8/site-packages/click/core.py"", line 1161, in _..."
37fc32062894,apoplast-3.0.7-cpython-311-37fc32062894.pyc,copied,,apoplast-3.0.7.tar.gz,apoplast,3.0.7,tar,apoplast-3.0.7/venues/stages/apoplast/clouds/supp_NIH/nature/form/serving_size/amount/__pycache__/__init__.cpython-311.pyc,cpython-311,42946,True,4,pylingual_decompilable,decompyle3;marshal,error;exit_2,marshal_parse_failure;tool_exit,marshal:error:marshal_failed: || decompyle3:exit_2:/root/PyBC-Sec/pybcSEC/data/rq2/envs/cpython-311/lib/python3.11/site-packages/click/core.py:1262: UserWarning: The parameter --version is used more than once. Remove its duplicate as parameters should be unique. parser = self.make_parser...
a4f677675652,apoplast-3.0.7-cpython-311-a4f677675652.pyc,copied,,apoplast-3.0.7.tar.gz,apoplast,3.0.7,tar,apoplast-3.0.7/venues/stages/apoplast/clouds/supp_NIH/nature/form/unit/__pycache__/__init__.cpython-311.pyc,cpython-311,42946,True,4,pylingual_decompilable,decompyle3;marshal,error;exit_2,marshal_parse_failure;tool_exit,marshal:error:marshal_failed: || decompyle3:exit_2:/root/PyBC-Sec/pybcSEC/data/rq2/envs/cpython-311/lib/python3.11/site-packages/click/core.py:1262: UserWarning: The parameter --version is used more than once. Remove its duplicate as parameters should be unique. parser = self.make_parser...
b0873c19374b,apoplast-3.0.7-cpython-311-b0873c19374b.pyc,copied,,apoplast-3.0.7.tar.gz,apoplast,3.0.7,tar,apoplast-3.0.7/venues/stages/apoplast/mixes/insure/__pycache__/equalities.cpython-311.pyc,cpython-311,42946,True,4,pylingual_decompilable,decompyle3;marshal,error;exit_2,marshal_parse_failure;tool_exit,marshal:error:marshal_failed: || decompyle3:exit_2:/root/PyBC-Sec/pybcSEC/data/rq2/envs/cpython-311/lib/python3.11/site-packages/click/core.py:1262: UserWarning: The parameter --version is used more than once. Remove its duplicate as parameters should be unique. parser = self.make_parser...
845eb96db5db,apoplast-3.0.7-cpython-311-845eb96db5db.pyc,copied,,apoplast-3.0.7.tar.gz,apoplast,3.0.7,tar,apoplast-3.0.7/venues/stages/apoplast/mixes/insure/__pycache__/equality.cpython-311.pyc,cpython-311,42946,True,4,pylingual_decompilable,decompyle3;marshal,error;exit_2,marshal_parse_failure;tool_exit,marshal:error:marshal_failed: || decompyle3:exit_2:/root/PyBC-Sec/pybcSEC/data/rq2/envs/cpython-311/lib/python3.11/site-packages/click/core.py:1262: UserWarning: The parameter --version is used more than once. Remove its duplicate as parameters should be unique. parser = self.make_parser...
21d031c95241,apoplast-3.0.7-cpython-311-21d031c95241.pyc,copied,,apoplast-3.0.7.tar.gz,apoplast,3.0.7,tar,apoplast-3.0.7/venues/stages/apoplast/mixes/insure/__pycache__/override_print.cpython-311.pyc,cpython-311,42946,True,4,pylingual_decompilable,decompyle3;marshal,error;exit_2,marshal_parse_failure;tool_exit,marshal:error:marshal_failed: || decompyle3:exit_2:/root/PyBC-Sec/pybcSEC/data/rq2/envs/cpython-311/lib/python3.11/site-packages/click/core.py:1262: UserWarning: The parameter --version is used more than once. Remove its duplicate as parameters should be unique. parser = self.make_parser...
6c3a28494a6e,assignment-autograder-3.7.6-cpython-38-6c3a28494a6e.pyc,copied,,assignment-autograder-3.7.6.tar.gz,assignment-autograder,3.7.6,tar,assignment-autograder-3.7.6/autograder/testcase_utils/__pycache__/shell.cpython-38.pyc,cpython-38,3413,True,4,pylingual_decompilable,decompyle3,exit_1,tool_exit,"decompyle3:exit_1:Traceback (most recent call last): File ""data/rq2/envs/cpython-38/bin/decompyle3"", line 8, in <module> sys.exit(main_bin()) File ""/root/PyBC-Sec/pybcSEC/data/rq2/envs/cpython-38/lib/python3.8/site-packages/click/core.py"", line 1161, in _..."
1a9217268814,astromorphlib-1.0.13-cpython-38-1a9217268814.pyc,copied,,astromorphlib-1.0.13-py3-none-any.whl,astromorphlib,1.0.13,wheel,stat_lib/__pycache__/__init__.cpython-38.pyc,cpython-38,3413,True,4,pylingual_decompilable,decompyle3,timeout,timeout,decompyle3:timeout:timeout_after_600s
fde07d994591,astromorphlib-1.0.13-cpython-38-fde07d994591.pyc,copied,,astromorphlib-1.0.13.tar.gz,astromorphlib,1.0.13,tar,astromorphlib-1.0.13/stat_lib/__pycache__/__init__.cpython-38.pyc,cpython-38,3413,True,4,pylingual_decompilable,decompyle3,timeout,timeout,decompyle3:timeout:timeout_after_600s
431d4b666e96,autograder-3.7.7-cpython-38-431d4b666e96.pyc,copied,,autograder-3.7.7.tar.gz,autograder,3.7.7,tar,autograder-3.7.7/autograder/testcase_utils/__pycache__/shell.cpython-38.pyc,cpython-38,3413,True,4,pylingual_decompilable,decompyle3,exit_1,tool_exit,"decompyle3:exit_1:Traceback (most recent call last): File ""data/rq2/envs/cpython-38/bin/decompyle3"", line 8, in <module> sys.exit(main_bin()) File ""/root/PyBC-Sec/pybcSEC/data/rq2/envs/cpython-38/lib/python3.8/site-packages/click/core.py"", line 1161, in _..."
38b39ff46fa4,bestfit-0.3-cpython-38-38b39ff46fa4.pyc,copied,,bestFit-0.3.tar.gz,bestfit,0.3,tar,bestFit-0.3/venv/lib/python3.8/site-packages/babel/messages/__pycache__/mofile.cpython-38.pyc,cpython-38,3413,False,4,pylingual_decompilable,decompyle3,exit_1,tool_exit,"decompyle3:exit_1:Traceback (most recent call last): File ""data/rq2/envs/cpython-38/bin/decompyle3"", line 8, in <module> sys.exit(main_bin()) File ""/root/PyBC-Sec/pybcSEC/data/rq2/envs/cpython-38/lib/python3.8/site-packages/click/core.py"", line 1161, in _..."
ac9951918345,bestfit-0.3-cpython-38-ac9951918345.pyc,copied,,bestFit-0.3.tar.gz,bestfit,0.3,tar,bestFit-0.3/venv/lib/python3.8/site-packages/dateutil/__pycache__/rrule.cpython-38.pyc,cpython-38,3413,False,4,pylingual_decompilable,decompyle3,timeout,timeout,decompyle3:timeout:timeout_after_600s
1a7f74664829,bestfit-0.3-cpython-38-1a7f74664829.pyc,copied,,bestFit-0.3.tar.gz,bestfit,0.3,tar,bestFit-0.3/venv/lib/python3.8/site-packages/matplotlib/axes/__pycache__/_base.cpython-38.pyc,cpython-38,3413,False,4,pylingual_decompilable,decompyle3,exit_1,tool_exit,"decompyle3:exit_1:Traceback (most recent call last): File ""data/rq2/envs/cpython-38/bin/decompyle3"", line 8, in <module> sys.exit(main_bin()) File ""/root/PyBC-Sec/pybcSEC/data/rq2/envs/cpython-38/lib/python3.8/site-packages/click/core.py"", line 1161, in _..."
565c83a0e688,bestfit-0.3-cpython-38-565c83a0e688.pyc,copied,,bestFit-0.3.tar.gz,bestfit,0.3,tar,bestFit-0.3/venv/lib/python3.8/site-packages/numpy/typing/tests/data/pass/__pycache__/random.cpython-38.pyc,cpython-38,3413,False,4,pylingual_decompilable,decompyle3,timeout,timeout,decompyle3:timeout:timeout_after_600s
45d31ed4da2a,bestfit-0.3-cpython-38-45d31ed4da2a.pyc,copied,,bestFit-0.3.tar.gz,bestfit,0.3,tar,bestFit-0.3/venv/lib/python3.8/site-packages/poetry/core/_vendor/lark/__pycache__/reconstruct.cpython-38.pyc,cpython-38,3413,False,4,pylingual_decompilable,decompyle3,exit_1,tool_exit,"decompyle3:exit_1:Traceback (most recent call last): File ""data/rq2/envs/cpython-38/bin/decompyle3"", line 8, in <module> sys.exit(main_bin()) File ""/root/PyBC-Sec/pybcSEC/data/rq2/envs/cpython-38/lib/python3.8/site-packages/click/core.py"", line 1161, in _..."
6a58169ea369,bestfit-0.3-cpython-38-6a58169ea369.pyc,copied,,bestFit-0.3.tar.gz,bestfit,0.3,tar,bestFit-0.3/venv/lib/python3.8/site-packages/poetry/core/_vendor/lark/__pycache__/reconstruct2.cpython-38.pyc,cpython-38,3413,False,4,pylingual_decompilable,decompyle3,exit_1,tool_exit,"decompyle3:exit_1:Traceback (most recent call last): File ""data/rq2/envs/cpython-38/bin/decompyle3"", line 8, in <module> sys.exit(main_bin()) File ""/root/PyBC-Sec/pybcSEC/data/rq2/envs/cpython-38/lib/python3.8/site-packages/click/core.py"", line 1161, in _..."
9c3171eb00eb,bestfit-0.3-cpython-38-9c3171eb00eb.pyc,copied,,bestFit-0.3.tar.gz,bestfit,0.3,tar,bestFit-0.3/venv/lib/python3.8/site-packages/snowballstemmer/__pycache__/serbian_stemmer.cpython-38.pyc,cpython-38,3413,False,4,pylingual_decompilable,decompyle3,timeout,timeout,decompyle3:timeout:timeout_after_600s
4a9615370a77,bestfit-0.3-cpython-38-4a9615370a77.pyc,copied,,bestFit-0.3.tar.gz,bestfit,0.3,tar,bestFit-0.3/venv/lib/python3.8/site-packages/yapf/yapflib/__pycache__/format_decision_state.cpython-38.pyc,cpython-38,3413,False,4,pylingual_decompilable,decompyle3,timeout,timeout,decompyle3:timeout:timeout_after_600s
3a9ba5b97610,bestfit-0.3-cpython-38-3a9ba5b97610.pyc,copied,,bestFit-0.3.tar.gz,bestfit,0.3,tar,bestFit-0.3/venv/lib/python3.8/site-packages/yapf/yapflib/__pycache__/unwrapped_line.cpython-38.pyc,cpython-38,3413,False,4,pylingual_decompilable,decompyle3,timeout,timeout,decompyle3:timeout:timeout_after_600s
1e7c5344514d,biotech-1.1.10-cpython-310-1e7c5344514d.pyc,copied,,biotech-1.1.10.tar.gz,biotech,1.1.10,tar,biotech-1.1.10/venues/stages/biotech/procedures/aggregator_procedure/process/keg/spaces/__pycache__/done_with_path.cpython-310.pyc,cpython-310,3439,False,4,pylingual_decompilable,decompyle3;marshal,error;exit_2,marshal_parse_failure;tool_exit,marshal:error:marshal_failed: || decompyle3:exit_2:/root/PyBC-Sec/pybcSEC/data/rq2/envs/cpython-310/lib/python3.10/site-packages/click/core.py:1262: UserWarning: The parameter --version is used more than once. Remove its duplicate as parameters should be unique. parser = self.make_parser...
5b5567cb1b43,causal-test-again-0.1.67-cpython-38-5b5567cb1b43.pyc,copied,,causal_test_again-0.1.67.tar.gz,causal-test-again,0.1.67,tar,causal_test_again-0.1.67/causal_test_again/tests/unit/models/analyser_model/__pycache__/test_analyser.cpython-38-pytest-6.0.1.pyc,cpython-38,8738,True,4,pylingual_decompilable,decompyle3;marshal,error;exit_2,marshal_parse_failure;tool_exit,"marshal:error:marshal_failed:offset16:ValueError:bad marshal data (unknown type code),offset12:not_code,offset8:ValueError:bad marshal data (unknown type code) || decompyle3:exit_2:Unknown magic number 8738 in /tmp/pybcsec-rq2-y1xzynox/sample.pyc"
f25f473fe0ad,causal-test-again-0.1.67-cpython-38-f25f473fe0ad.pyc,copied,,causal_test_again-0.1.67.tar.gz,causal-test-again,0.1.67,tar,causal_test_again-0.1.67/causal_test_again/tests/unit/models/analyser_model/__pycache__/test_data.cpython-38-pytest-6.0.1.pyc,cpython-38,8738,True,4,pylingual_decompilable,decompyle3;marshal,error;exit_2,marshal_parse_failure;tool_exit,"marshal:error:marshal_failed:offset16:ValueError:bad marshal data (unknown type code),offset12:not_code,offset8:ValueError:bad marshal data (unknown type code) || decompyle3:exit_2:Unknown magic number 8738 in /tmp/pybcsec-rq2-z2zp0u8v/sample.pyc"
f9f41a15b793,causal-test-again-0.1.67-cpython-38-f9f41a15b793.pyc,copied,,causal_test_again-0.1.67.tar.gz,causal-test-again,0.1.67,tar,causal_test_again-0.1.67/causal_test_again/tests/unit/models/analyser_model/__pycache__/test_fitter.cpython-38-pytest-6.0.1.pyc,cpython-38,8738,True,4,pylingual_decompilable,decompyle3;marshal,error;exit_2,marshal_parse_failure;tool_exit,"marshal:error:marshal_failed:offset16:ValueError:bad marshal data (unknown type code),offset12:not_code,offset8:ValueError:bad marshal data (unknown type code) || decompyle3:exit_2:Unknown magic number 8738 in /tmp/pybcsec-rq2-4w3ysdnp/sample.pyc"
9e99931aa703,causal-test-again-0.1.67-cpython-38-9e99931aa703.pyc,copied,,causal_test_again-0.1.67.tar.gz,causal-test-again,0.1.67,tar,causal_test_again-0.1.67/causal_test_again/tests/unit/models/configuration_model/__pycache__/test_base_objects.cpython-38-pytest-6.0.1.pyc,cpython-38,8738,True,4,pylingual_decompilable,decompyle3;marshal,error;exit_2,marshal_parse_failure;tool_exit,"marshal:error:marshal_failed:offset16:ValueError:bad marshal data (unknown type code),offset12:not_code,offset8:ValueError:bad marshal data (unknown type code) || decompyle3:exit_2:Unknown magic number 8738 in /tmp/pybcsec-rq2-ub6rm24d/sample.pyc"
74b9fa0c9512,causal-test-again-0.1.67-cpython-38-74b9fa0c9512.pyc,copied,,causal_test_again-0.1.67.tar.gz,causal-test-again,0.1.67,tar,causal_test_again-0.1.67/causal_test_again/tests/unit/models/configuration_model/__pycache__/test_configuration.cpython-38-pytest-6.0.1.pyc,cpython-38,8738,True,4,pylingual_decompilable,decompyle3;marshal,error;exit_2,marshal_parse_failure;tool_exit,"marshal:error:marshal_failed:offset16:ValueError:bad marshal data (unknown type code),offset12:not_code,offset8:ValueError:bad marshal data (unknown type code) || decompyle3:exit_2:Unknown magic number 8738 in /tmp/pybcsec-rq2-kbgpxzli/sample.pyc"
f666d9a7ded0,causal-test-again-0.1.67-cpython-38-f666d9a7ded0.pyc,copied,,causal_test_again-0.1.67.tar.gz,causal-test-again,0.1.67,tar,causal_test_again-0.1.67/causal_test_again/tests/unit/models/message/__pycache__/test_message.cpython-38-pytest-6.0.1.pyc,cpython-38,8738,True,4,pylingual_decompilable,decompyle3;marshal,error;exit_2,marshal_parse_failure;tool_exit,"marshal:error:marshal_failed:offset16:ValueError:bad marshal data (unknown type code),offset12:not_code,offset8:ValueError:bad marshal data (unknown type code) || decompyle3:exit_2:Unknown magic number 8738 in /tmp/pybcsec-rq2-vkp_r_wu/sample.pyc"
7d2008c25df8,causal-test-again-0.1.67-cpython-38-7d2008c25df8.pyc,copied,,causal_test_again-0.1.67.tar.gz,causal-test-again,0.1.67,tar,causal_test_again-0.1.67/causal_test_again/tests/unit/models/result_model/__pycache__/test_result.cpython-38-pytest-6.0.1.pyc,cpython-38,8738,True,4,pylingual_decompilable,decompyle3;marshal,error;exit_2,marshal_parse_failure;tool_exit,"marshal:error:marshal_failed:offset16:ValueError:bad marshal data (unknown type code),offset12:not_code,offset8:ValueError:bad marshal data (unknown type code) || decompyle3:exit_2:Unknown magic number 8738 in /tmp/pybcsec-rq2-_lcy7k9e/sample.pyc"
a6c4e05523ec,causal-test-again-0.1.67-cpython-38-a6c4e05523ec.pyc,copied,,causal_test_again-0.1.67.tar.gz,causal-test-again,0.1.67,tar,causal_test_again-0.1.67/causal_test_again/tests/unit/pipeline/__pycache__/test_pipeline.cpython-38-pytest-6.0.1.pyc,cpython-38,8738,True,4,pylingual_decompilable,decompyle3;marshal,error;exit_2,marshal_parse_failure;tool_exit,"marshal:error:marshal_failed:offset16:ValueError:bad marshal data (unknown type code),offset12:not_code,offset8:ValueError:bad marshal data (unknown type code) || decompyle3:exit_2:Unknown magic number 8738 in /tmp/pybcsec-rq2-zfh_ypcr/sample.pyc"
a9eb801929d9,causal-test-again-0.1.67-cpython-38-a9eb801929d9.pyc,copied,,causal_test_again-0.1.67.tar.gz,causal-test-again,0.1.67,tar,causal_test_again-0.1.67/causal_test_again/tests/unit/pipeline/__pycache__/test_power_calculators.cpython-38-pytest-6.0.1.pyc,cpython-38,8738,True,4,pylingual_decompilable,decompyle3;marshal,error;exit_2,marshal_parse_failure;tool_exit,"marshal:error:marshal_failed:offset16:ValueError:bad marshal data (unknown type code),offset12:not_code,offset8:ValueError:bad marshal data (unknown type code) || decompyle3:exit_2:Unknown magic number 8738 in /tmp/pybcsec-rq2-6uvcqvm2/sample.pyc"
de8c5f827edc,causal-test-again-0.1.67-cpython-38-de8c5f827edc.pyc,copied,,causal_test_again-0.1.67.tar.gz,causal-test-again,0.1.67,tar,causal_test_again-0.1.67/causal_test_again/tests/unit/utils/__pycache__/test_ab_preprocess_method.cpython-38-pytest-6.0.1.pyc,cpython-38,8738,True,4,pylingual_decompilable,decompyle3;marshal,error;exit_2,marshal_parse_failure;tool_exit,"marshal:error:marshal_failed:offset16:ValueError:bad marshal data (unknown type code),offset12:not_code,offset8:ValueError:bad marshal data (unknown type code) || decompyle3:exit_2:Unknown magic number 8738 in /tmp/pybcsec-rq2-aafgd9de/sample.pyc"
1094c7a007ab,causal-test-again-0.1.67-cpython-38-1094c7a007ab.pyc,copied,,causal_test_again-0.1.67.tar.gz,causal-test-again,0.1.67,tar,causal_test_again-0.1.67/causal_test_again/tests/unit/utils/__pycache__/test_common_utils.cpython-38-pytest-6.0.1.pyc,cpython-38,8738,True,4,pylingual_decompilable,decompyle3;marshal,error;exit_2,marshal_parse_failure;tool_exit,"marshal:error:marshal_failed:offset16:ValueError:bad marshal data (unknown type code),offset12:not_code,offset8:ValueError:bad marshal data (unknown type code) || decompyle3:exit_2:Unknown magic number 8738 in /tmp/pybcsec-rq2-7pg4ydnp/sample.pyc"
0122d6d0373a,causal-test-again-0.1.67-cpython-38-0122d6d0373a.pyc,copied,,causal_test_again-0.1.67.tar.gz,causal-test-again,0.1.67,tar,causal_test_again-0.1.67/causal_test_again/tests/unit/utils/__pycache__/test_config_utils.cpython-38-pytest-6.0.1.pyc,cpython-38,8738,True,4,pylingual_decompilable,decompyle3;marshal,error;exit_2,marshal_parse_failure;tool_exit,"marshal:error:marshal_failed:offset16:ValueError:bad marshal data (unknown type code),offset12:not_code,offset8:ValueError:bad marshal data (unknown type code) || decompyle3:exit_2:Unknown magic number 8738 in /tmp/pybcsec-rq2-2erd2map/sample.pyc"
ea2f0a29138a,causal-test-again-0.1.67-cpython-38-ea2f0a29138a.pyc,copied,,causal_test_again-0.1.67.tar.gz,causal-test-again,0.1.67,tar,causal_test_again-0.1.67/causal_test_again/tests/unit/utils/__pycache__/test_constants.cpython-38-pytest-6.0.1.pyc,cpython-38,8738,True,4,pylingual_decompilable,decompyle3;marshal,error;exit_2,marshal_parse_failure;tool_exit,"marshal:error:marshal_failed:offset16:ValueError:bad marshal data (unknown type code),offset12:not_code,offset8:ValueError:bad marshal data (unknown type code) || decompyle3:exit_2:Unknown magic number 8738 in /tmp/pybcsec-rq2-l215p8bw/sample.pyc"
2dfb85613aee,causal-test-again-0.1.67-cpython-38-2dfb85613aee.pyc,copied,,causal_test_again-0.1.67.tar.gz,causal-test-again,0.1.67,tar,causal_test_again-0.1.67/causal_test_again/tests/unit/utils/__pycache__/test_delta_method.cpython-38-pytest-6.0.1.pyc,cpython-38,8738,True,4,pylingual_decompilable,decompyle3;marshal,error;exit_2,marshal_parse_failure;tool_exit,"marshal:error:marshal_failed:offset16:ValueError:bad marshal data (unknown type code),offset12:not_code,offset8:ValueError:bad marshal data (unknown type code) || decompyle3:exit_2:Unknown magic number 8738 in /tmp/pybcsec-rq2-oyx8dxlj/sample.pyc"
7a85fb4d4424,causal-test-again-0.1.67-cpython-38-7a85fb4d4424.pyc,copied,,causal_test_again-0.1.67.tar.gz,causal-test-again,0.1.67,tar,causal_test_again-0.1.67/causal_test_again/tests/unit/utils/__pycache__/test_diff_in_diff_utils.cpython-38-pytest-6.0.1.pyc,cpython-38,8738,True,4,pylingual_decompilable,decompyle3;marshal,error;exit_2,marshal_parse_failure;tool_exit,"marshal:error:marshal_failed:offset16:ValueError:bad marshal data (unknown type code),offset12:not_code,offset8:ValueError:bad marshal data (unknown type code) || decompyle3:exit_2:Unknown magic number 8738 in /tmp/pybcsec-rq2-09__px5a/sample.pyc"
1c7ea01e73b1,causal-test-again-0.1.67-cpython-38-1c7ea01e73b1.pyc,copied,,causal_test_again-0.1.67.tar.gz,causal-test-again,0.1.67,tar,causal_test_again-0.1.67/causal_test_again/tests/unit/utils/__pycache__/test_moments_data_process.cpython-38-pytest-6.0.1.pyc,cpython-38,8738,False,4,pylingual_decompilable,decompyle3;marshal,error;exit_2,marshal_parse_failure;tool_exit,"marshal:error:marshal_failed:offset16:ValueError:bad marshal data (unknown type code),offset12:not_code,offset8:ValueError:bad marshal data (unknown type code) || decompyle3:exit_2:Unknown magic number 8738 in /tmp/pybcsec-rq2-phaaajqd/sample.pyc"
ebf3ef57d861,causal-test-again-0.1.67-cpython-38-ebf3ef57d861.pyc,copied,,causal_test_again-0.1.67.tar.gz,causal-test-again,0.1.67,tar,causal_test_again-0.1.67/causal_test_again/tests/unit/utils/__pycache__/test_moments_delta_method.cpython-38-pytest-6.0.1.pyc,cpython-38,8738,False,4,pylingual_decompilable,decompyle3;marshal,error;exit_2,marshal_parse_failure;tool_exit,"marshal:error:marshal_failed:offset16:ValueError:bad marshal data (unknown type code),offset12:not_code,offset8:ValueError:bad marshal data (unknown type code) || decompyle3:exit_2:Unknown magic number 8738 in /tmp/pybcsec-rq2-9vfg44qi/sample.pyc"
444c3e4ad1e7,causal-test-again-0.1.67-cpython-38-444c3e4ad1e7.pyc,copied,,causal_test_again-0.1.67.tar.gz,causal-test-again,0.1.67,tar,causal_test_again-0.1.67/causal_test_again/tests/unit/utils/__pycache__/test_simulation_utils.cpython-38-pytest-6.0.1.pyc,cpython-38,8738,False,4,pylingual_decompilable,decompyle3;marshal,error;exit_2,marshal_parse_failure;tool_exit,"marshal:error:marshal_failed:offset16:ValueError:bad marshal data (unknown type code),offset12:not_code,offset8:ValueError:bad marshal data (unknown type code) || decompyle3:exit_2:Unknown magic number 8738 in /tmp/pybcsec-rq2-13z3i5h4/sample.pyc"
376b3046f824,causal-test-again-0.1.67-cpython-38-376b3046f824.pyc,copied,,causal_test_again-0.1.67.tar.gz,causal-test-again,0.1.67,tar,causal_test_again-0.1.67/causal_test_again/tests/unit/utils/__pycache__/test_srm_check.cpython-38-pytest-6.0.1.pyc,cpython-38,8738,False,4,pylingual_decompilable,decompyle3;marshal,error;exit_2,marshal_parse_failure;tool_exit,"marshal:error:marshal_failed:offset16:ValueError:bad marshal data (unknown type code),offset12:not_code,offset8:ValueError:bad marshal data (unknown type code) || decompyle3:exit_2:Unknown magic number 8738 in /tmp/pybcsec-rq2-ahmz_dgw/sample.pyc"
9d1743fa7452,causal-test-again-0.1.67-cpython-38-9d1743fa7452.pyc,copied,,causal_test_again-0.1.67.tar.gz,causal-test-again,0.1.67,tar,causal_test_again-0.1.67/causal_test_again/tests/unit/utils/__pycache__/test_validation_utils.cpython-38-pytest-6.0.1.pyc,cpython-38,8738,True,4,pylingual_decompilable,decompyle3;marshal,error;exit_2,marshal_parse_failure;tool_exit,"marshal:error:marshal_failed:offset16:ValueError:bad marshal data (unknown type code),offset12:not_code,offset8:ValueError:bad marshal data (unknown type code) || decompyle3:exit_2:Unknown magic number 8738 in /tmp/pybcsec-rq2-gjosd3p5/sample.pyc"
eed112f5250d,causal-test-again-0.1.67-cpython-38-eed112f5250d.pyc,copied,,causal_test_again-0.1.67.tar.gz,causal-test-again,0.1.67,tar,causal_test_again-0.1.67/causal_test_again/tests/unit/utils/experiment/__pycache__/test_bootstrap.cpython-38-pytest-6.0.1.pyc,cpython-38,8738,True,4,pylingual_decompilable,decompyle3;marshal,error;exit_2,marshal_parse_failure;tool_exit,"marshal:error:marshal_failed:offset16:ValueError:bad marshal data (unknown type code),offset12:not_code,offset8:ValueError:bad marshal data (unknown type code) || decompyle3:exit_2:Unknown magic number 8738 in /tmp/pybcsec-rq2-odnv905a/sample.pyc"
0c82284a0b23,causal-test-again-0.1.67-cpython-38-0c82284a0b23.pyc,copied,,causal_test_again-0.1.67.tar.gz,causal-test-again,0.1.67,tar,causal_test_again-0.1.67/causal_test_again/tests/unit/utils/experiment/__pycache__/test_group_sequential.cpython-38-pytest-6.0.1.pyc,cpython-38,8738,True,4,pylingual_decompilable,decompyle3;marshal,error;exit_2,marshal_parse_failure;tool_exit,"marshal:error:marshal_failed:offset16:ValueError:bad marshal data (unknown type code),offset12:not_code,offset8:ValueError:bad marshal data (unknown type code) || decompyle3:exit_2:Unknown magic number 8738 in /tmp/pybcsec-rq2-wsxzg2y_/sample.pyc"
698ecfe95e11,causal-test-again-0.1.67-cpython-38-698ecfe95e11.pyc,copied,,causal_test_again-0.1.67.tar.gz,causal-test-again,0.1.67,tar,causal_test_again-0.1.67/causal_test_again/tests/unit/utils/experiment/__pycache__/test_result_utils.cpython-38-pytest-6.0.1.pyc,cpython-38,8738,True,4,pylingual_decompilable,decompyle3;marshal,error;exit_2,marshal_parse_failure;tool_exit,"marshal:error:marshal_failed:offset16:ValueError:bad marshal data (unknown type code),offset12:not_code,offset8:ValueError:bad marshal data (unknown type code) || decompyle3:exit_2:Unknown magic number 8738 in /tmp/pybcsec-rq2-bg9hrmot/sample.pyc"
1b63577b6465,causal-test-again-0.1.67-cpython-38-1b63577b6465.pyc,copied,,causal_test_again-0.1.67.tar.gz,causal-test-again,0.1.67,tar,causal_test_again-0.1.67/causal_test_again/tests/unit/utils/experiment/__pycache__/test_use_t.cpython-38-pytest-6.0.1.pyc,cpython-38,8738,True,4,pylingual_decompilable,decompyle3;marshal,error;exit_2,marshal_parse_failure;tool_exit,"marshal:error:marshal_failed:offset16:ValueError:bad marshal data (unknown type code),offset12:not_code,offset8:ValueError:bad marshal data (unknown type code) || decompyle3:exit_2:Unknown magic number 8738 in /tmp/pybcsec-rq2-i1odl4up/sample.pyc"
2e2b6e295b6e,cbapi-patched-1.7.5-cpython-38-2e2b6e295b6e.pyc,copied,,cbapi-patched-1.7.5.linux-x86_64.tar.gz,cbapi-patched,1.7.5,tar,home/fsantos/opt/pyenv/versions/hunts/lib/python3.8/site-packages/cbapi/__pycache__/winerror.cpython-38.pyc,cpython-38,3413,True,4,pylingual_decompilable,decompyle3,timeout,timeout,decompyle3:timeout:timeout_after_600s
d29c8651befd,clustcrdist-0.1.5-cpython-39-d29c8651befd.pyc,copied,,clustcrdist-0.1.5-py2.py3-none-any.whl,clustcrdist,0.1.5,wheel,clustcrdist/constants/modules/olga/__pycache__/__init__.cpython-39.pyc,cpython-39,3425,True,4,pylingual_decompilable,decompyle3;marshal,error;exit_2,marshal_parse_failure;tool_exit,"marshal:error:marshal_failed:offset16:ValueError:bad marshal data (unknown type code),offset12:ValueError:bad marshal data (unknown type code),offset8:ValueError:bad marshal data (unknown type code) || decompyle3:exit_2:Traceback (most recent call last): File ""/root/PyBC-Sec/pybcSEC/data/rq2/envs/cpython-39/lib/python3.9/site-packages/xdis/load.py"", line 328, in load_module_from_file_object co = marshal.loads(bytecode) ValueError: bad marshal data (unkn..."
4f90523e3c65,clustcrdist-0.1.5-cpython-39-4f90523e3c65.pyc,copied,,clustcrdist-0.1.5-py2.py3-none-any.whl,clustcrdist,0.1.5,wheel,clustcrdist/constants/modules/olga/__pycache__/generation_probability.cpython-39.pyc,cpython-39,3425,True,4,pylingual_decompilable,decompyle3;marshal,error;exit_2,marshal_parse_failure;tool_exit,"marshal:error:marshal_failed:offset16:EOFError:marshal data too short,offset12:ValueError:bad marshal data (unknown type code),offset8:ValueError:bad marshal data (unknown type code) || decompyle3:exit_2:Traceback (most recent call last): File ""/root/PyBC-Sec/pybcSEC/data/rq2/envs/cpython-39/lib/python3.9/site-packages/xdis/load.py"", line 328, in load_module_from_file_object co = marshal.loads(bytecode) EOFError: marshal data too short"
be9f98d77cc3,clustcrdist-0.1.5-cpython-39-be9f98d77cc3.pyc,copied,,clustcrdist-0.1.5-py2.py3-none-any.whl,clustcrdist,0.1.5,wheel,clustcrdist/constants/modules/olga/__pycache__/load_model.cpython-39.pyc,cpython-39,3425,True,4,pylingual_decompilable,decompyle3;marshal,error;exit_2,marshal_parse_failure;tool_exit,"marshal:error:marshal_failed:offset16:ValueError:bad marshal data (unknown type code),offset12:ValueError:bad marshal data (list size out of range),offset8:ValueError:bad marshal data (unknown type code) || decompyle3:exit_2:Traceback (most recent call last): File ""/root/PyBC-Sec/pybcSEC/data/rq2/envs/cpython-39/lib/python3.9/site-packages/xdis/load.py"", line 328, in load_module_from_file_object co = marshal.loads(bytecode) ValueError: bad marshal data (unkn..."
13578fd72ac2,clustcrdist-0.1.5-cpython-39-13578fd72ac2.pyc,copied,,clustcrdist-0.1.5-py2.py3-none-any.whl,clustcrdist,0.1.5,wheel,clustcrdist/constants/modules/olga/__pycache__/preprocess_generative_model_and_data.cpython-39.pyc,cpython-39,3425,True,4,pylingual_decompilable,decompyle3;marshal,error;exit_2,marshal_parse_failure;tool_exit,"marshal:error:marshal_failed:offset16:EOFError:marshal data too short,offset12:ValueError:bad marshal data (unknown type code),offset8:ValueError:bad marshal data (unknown type code) || decompyle3:exit_2:Traceback (most recent call last): File ""/root/PyBC-Sec/pybcSEC/data/rq2/envs/cpython-39/lib/python3.9/site-packages/xdis/load.py"", line 328, in load_module_from_file_object co = marshal.loads(bytecode) EOFError: marshal data too short"
32f15268c976,clustcrdist-0.1.5-cpython-39-32f15268c976.pyc,copied,,clustcrdist-0.1.5-py2.py3-none-any.whl,clustcrdist,0.1.5,wheel,clustcrdist/constants/modules/olga/__pycache__/sequence_generation.cpython-39.pyc,cpython-39,3425,True,4,pylingual_decompilable,decompyle3;marshal,error;exit_2,marshal_parse_failure;tool_exit,"marshal:error:marshal_failed:offset16:ValueError:bad marshal data (unknown type code),offset12:ValueError:bad marshal data (unknown type code),offset8:ValueError:bad marshal data (unknown type code) || decompyle3:exit_2:Traceback (most recent call last): File ""/root/PyBC-Sec/pybcSEC/data/rq2/envs/cpython-39/lib/python3.9/site-packages/xdis/load.py"", line 328, in load_module_from_file_object co = marshal.loads(bytecode) ValueError: bad marshal data (unkn..."
19b20c10be57,clustcrdist-0.1.5-cpython-39-19b20c10be57.pyc,copied,,clustcrdist-0.1.5-py2.py3-none-any.whl,clustcrdist,0.1.5,wheel,clustcrdist/constants/modules/olga/__pycache__/utils.cpython-39.pyc,cpython-39,3425,True,4,pylingual_decompilable,decompyle3;marshal,error;exit_2,marshal_parse_failure;tool_exit,"marshal:error:marshal_failed:offset16:ValueError:bad marshal data (digit out of range in long),offset12:ValueError:bad marshal data (unknown type code),offset8:ValueError:bad marshal data (unknown type code) || decompyle3:exit_2:Traceback (most recent call last): File ""/root/PyBC-Sec/pybcSEC/data/rq2/envs/cpython-39/lib/python3.9/site-packages/xdis/load.py"", line 328, in load_module_from_file_object co = marshal.loads(bytecode) ValueError: bad marshal data (digi..."
70052e26e2f1,clustcrdist-0.1.5-cpython-39-70052e26e2f1.pyc,copied,,clustcrdist-0.1.5-py2.py3-none-any.whl,clustcrdist,0.1.5,wheel,clustcrdist/constants/modules/tcrdist/__pycache__/__init__.cpython-39.pyc,cpython-39,3425,True,4,pylingual_decompilable,decompyle3;marshal,error;exit_2,marshal_parse_failure;tool_exit,"marshal:error:marshal_failed:offset16:ValueError:bad marshal data (unknown type code),offset12:ValueError:bad marshal data (unknown type code),offset8:ValueError:bad marshal data (unknown type code) || decompyle3:exit_2:Traceback (most recent call last): File ""/root/PyBC-Sec/pybcSEC/data/rq2/envs/cpython-39/lib/python3.9/site-packages/xdis/load.py"", line 328, in load_module_from_file_object co = marshal.loads(bytecode) ValueError: bad marshal data (unkn..."
6b7d6cab2efa,clustcrdist-0.1.5-cpython-39-6b7d6cab2efa.pyc,copied,,clustcrdist-0.1.5-py2.py3-none-any.whl,clustcrdist,0.1.5,wheel,clustcrdist/constants/modules/tcrdist/__pycache__/all_genes.cpython-39.pyc,cpython-39,3425,True,4,pylingual_decompilable,decompyle3;marshal,error;exit_2,marshal_parse_failure;tool_exit,"marshal:error:marshal_failed:offset16:ValueError:bad marshal data (unknown type code),offset12:ValueError:bad marshal data (unknown type code),offset8:ValueError:bad marshal data (unknown type code) || decompyle3:exit_2:Traceback (most recent call last): File ""/root/PyBC-Sec/pybcSEC/data/rq2/envs/cpython-39/lib/python3.9/site-packages/xdis/load.py"", line 328, in load_module_from_file_object co = marshal.loads(bytecode) ValueError: bad marshal data (unkn..."
33b54bb6c5ee,clustcrdist-0.1.5-cpython-39-33b54bb6c5ee.pyc,copied,,clustcrdist-0.1.5-py2.py3-none-any.whl,clustcrdist,0.1.5,wheel,clustcrdist/constants/modules/tcrdist/__pycache__/amino_acids.cpython-39.pyc,cpython-39,3425,True,4,pylingual_decompilable,decompyle3;marshal,error;exit_2,marshal_parse_failure;tool_exit,"marshal:error:marshal_failed:offset16:ValueError:bad marshal data (unknown type code),offset12:ValueError:bad marshal data (unknown type code),offset8:ValueError:bad marshal data (unknown type code) || decompyle3:exit_2:Traceback (most recent call last): File ""/root/PyBC-Sec/pybcSEC/data/rq2/envs/cpython-39/lib/python3.9/site-packages/xdis/load.py"", line 328, in load_module_from_file_object co = marshal.loads(bytecode) ValueError: bad marshal data (unkn..."
bed049306cc8,clustcrdist-0.1.5-cpython-39-bed049306cc8.pyc,copied,,clustcrdist-0.1.5-py2.py3-none-any.whl,clustcrdist,0.1.5,wheel,clustcrdist/constants/modules/tcrdist/__pycache__/basic.cpython-39.pyc,cpython-39,3425,True,4,pylingual_decompilable,decompyle3;marshal,error;exit_2,marshal_parse_failure;tool_exit,"marshal:error:marshal_failed:offset16:ValueError:bad marshal data (unknown type code),offset12:ValueError:bad marshal data (unknown type code),offset8:ValueError:bad marshal data (unknown type code) || decompyle3:exit_2:Traceback (most recent call last): File ""/root/PyBC-Sec/pybcSEC/data/rq2/envs/cpython-39/lib/python3.9/site-packages/xdis/load.py"", line 328, in load_module_from_file_object co = marshal.loads(bytecode) ValueError: bad marshal data (unkn..."
6f4418f0d22d,clustcrdist-0.1.5-cpython-39-6f4418f0d22d.pyc,copied,,clustcrdist-0.1.5-py2.py3-none-any.whl,clustcrdist,0.1.5,wheel,clustcrdist/constants/modules/tcrdist/__pycache__/genetic_code.cpython-39.pyc,cpython-39,3425,True,4,pylingual_decompilable,decompyle3;marshal,error;exit_2,marshal_parse_failure;tool_exit,"marshal:error:marshal_failed:offset16:ValueError:bad marshal data (unknown type code),offset12:ValueError:bad marshal data (unknown type code),offset8:ValueError:bad marshal data (unknown type code) || decompyle3:exit_2:Traceback (most recent call last): File ""/root/PyBC-Sec/pybcSEC/data/rq2/envs/cpython-39/lib/python3.9/site-packages/xdis/load.py"", line 328, in load_module_from_file_object co = marshal.loads(bytecode) ValueError: bad marshal data (unkn..."
ce66dcf8cdb9,clustcrdist-0.1.5-cpython-39-ce66dcf8cdb9.pyc,copied,,clustcrdist-0.1.5-py2.py3-none-any.whl,clustcrdist,0.1.5,wheel,clustcrdist/constants/modules/tcrdist/__pycache__/html_colors.cpython-39.pyc,cpython-39,3425,True,4,pylingual_decompilable,decompyle3;marshal,error;exit_2,marshal_parse_failure;tool_exit,"marshal:error:marshal_failed:offset16:ValueError:bad marshal data (invalid reference),offset12:ValueError:bad marshal data (unknown type code),offset8:ValueError:bad marshal data (unknown type code) || decompyle3:exit_2:Traceback (most recent call last): File ""/root/PyBC-Sec/pybcSEC/data/rq2/envs/cpython-39/lib/python3.9/site-packages/xdis/load.py"", line 328, in load_module_from_file_object co = marshal.loads(bytecode) ValueError: bad marshal data (inva..."
24174d2eea73,clustcrdist-0.1.5-cpython-39-24174d2eea73.pyc,copied,,clustcrdist-0.1.5-py2.py3-none-any.whl,clustcrdist,0.1.5,wheel,clustcrdist/constants/modules/tcrdist/__pycache__/infer_cdr3_nucleotides.cpython-39.pyc,cpython-39,3425,True,4,pylingual_decompilable,decompyle3;marshal,error;exit_2,marshal_parse_failure;tool_exit,"marshal:error:marshal_failed:offset16:ValueError:bad marshal data (unknown type code),offset12:ValueError:bad marshal data (unknown type code),offset8:ValueError:bad marshal data (unknown type code) || decompyle3:exit_2:Traceback (most recent call last): File ""/root/PyBC-Sec/pybcSEC/data/rq2/envs/cpython-39/lib/python3.9/site-packages/xdis/load.py"", line 328, in load_module_from_file_object co = marshal.loads(bytecode) ValueError: bad marshal data (unkn..."
59aaeee3602d,clustcrdist-0.1.5-cpython-39-59aaeee3602d.pyc,copied,,clustcrdist-0.1.5-py2.py3-none-any.whl,clustcrdist,0.1.5,wheel,clustcrdist/constants/modules/tcrdist/__pycache__/logo_tools.cpython-39.pyc,cpython-39,3425,True,4,pylingual_decompilable,decompyle3;marshal,error;exit_2,marshal_parse_failure;tool_exit,"marshal:error:marshal_failed:offset16:ValueError:bad marshal data (digit out of range in long),offset12:ValueError:bad marshal data (unknown type code),offset8:ValueError:bad marshal data (unknown type code) || decompyle3:exit_2:Traceback (most recent call last): File ""/root/PyBC-Sec/pybcSEC/data/rq2/envs/cpython-39/lib/python3.9/site-packages/xdis/load.py"", line 328, in load_module_from_file_object co = marshal.loads(bytecode) ValueError: bad marshal data (digi..."
d01e67fdc7e8,clustcrdist-0.1.5-cpython-39-d01e67fdc7e8.pyc,copied,,clustcrdist-0.1.5-py2.py3-none-any.whl,clustcrdist,0.1.5,wheel,clustcrdist/constants/modules/tcrdist/__pycache__/make_10x_clones_file.cpython-39.pyc,cpython-39,3425,True,4,pylingual_decompilable,decompyle3;marshal,error;exit_2,marshal_parse_failure;tool_exit,"marshal:error:marshal_failed:offset16:ValueError:bad marshal data (digit out of range in long),offset12:ValueError:bad marshal data (unknown type code),offset8:ValueError:bad marshal data (unknown type code) || decompyle3:exit_2:Traceback (most recent call last): File ""/root/PyBC-Sec/pybcSEC/data/rq2/envs/cpython-39/lib/python3.9/site-packages/xdis/load.py"", line 328, in load_module_from_file_object co = marshal.loads(bytecode) ValueError: bad marshal data (digi..."
5698dbc5f0c9,clustcrdist-0.1.5-cpython-39-5698dbc5f0c9.pyc,copied,,clustcrdist-0.1.5-py2.py3-none-any.whl,clustcrdist,0.1.5,wheel,clustcrdist/constants/modules/tcrdist/__pycache__/make_really_tall_trees.cpython-39.pyc,cpython-39,3425,True,4,pylingual_decompilable,decompyle3;marshal,error;exit_2,marshal_parse_failure;tool_exit,"marshal:error:marshal_failed:offset16:ValueError:bad marshal data (unknown type code),offset12:ValueError:bad marshal data (unknown type code),offset8:ValueError:bad marshal data (unknown type code) || decompyle3:exit_2:Traceback (most recent call last): File ""/root/PyBC-Sec/pybcSEC/data/rq2/envs/cpython-39/lib/python3.9/site-packages/xdis/load.py"", line 328, in load_module_from_file_object co = marshal.loads(bytecode) ValueError: bad marshal data (unkn..."
08fdc3d70432,clustcrdist-0.1.5-cpython-39-08fdc3d70432.pyc,copied,,clustcrdist-0.1.5-py2.py3-none-any.whl,clustcrdist,0.1.5,wheel,clustcrdist/constants/modules/tcrdist/__pycache__/make_tcr_logo.cpython-39.pyc,cpython-39,3425,True,4,pylingual_decompilable,decompyle3;marshal,error;exit_2,marshal_parse_failure;tool_exit,"marshal:error:marshal_failed:offset16:ValueError:bad marshal data (unknown type code),offset12:ValueError:bad marshal data (unknown type code),offset8:ValueError:bad marshal data (unknown type code) || decompyle3:exit_2:Traceback (most recent call last): File ""/root/PyBC-Sec/pybcSEC/data/rq2/envs/cpython-39/lib/python3.9/site-packages/xdis/load.py"", line 328, in load_module_from_file_object co = marshal.loads(bytecode) ValueError: bad marshal data (unkn..."
b36da716b1b0,clustcrdist-0.1.5-cpython-39-b36da716b1b0.pyc,copied,,clustcrdist-0.1.5-py2.py3-none-any.whl,clustcrdist,0.1.5,wheel,clustcrdist/constants/modules/tcrdist/__pycache__/make_tcr_trees.cpython-39.pyc,cpython-39,3425,True,4,pylingual_decompilable,decompyle3;marshal,error;exit_2,marshal_parse_failure;tool_exit,"marshal:error:marshal_failed:offset16:ValueError:bad marshal data (unknown type code),offset12:not_code,offset8:ValueError:bad marshal data (unknown type code) || decompyle3:exit_2:Traceback (most recent call last): File ""/root/PyBC-Sec/pybcSEC/data/rq2/envs/cpython-39/lib/python3.9/site-packages/xdis/load.py"", line 328, in load_module_from_file_object co = marshal.loads(bytecode) ValueError: bad marshal data (unkn..."
07b920cad179,clustcrdist-0.1.5-cpython-39-07b920cad179.pyc,copied,,clustcrdist-0.1.5-py2.py3-none-any.whl,clustcrdist,0.1.5,wheel,clustcrdist/constants/modules/tcrdist/__pycache__/score_trees_devel.cpython-39.pyc,cpython-39,3425,True,4,pylingual_decompilable,decompyle3;marshal,error;exit_2,marshal_parse_failure;tool_exit,"marshal:error:marshal_failed:offset16:ValueError:bad marshal data (unknown type code),offset12:ValueError:bad marshal data (unknown type code),offset8:ValueError:bad marshal data (unknown type code) || decompyle3:exit_2:Traceback (most recent call last): File ""/root/PyBC-Sec/pybcSEC/data/rq2/envs/cpython-39/lib/python3.9/site-packages/xdis/load.py"", line 328, in load_module_from_file_object co = marshal.loads(bytecode) ValueError: bad marshal data (unkn..."
74abbfc3941f,clustcrdist-0.1.5-cpython-39-74abbfc3941f.pyc,copied,,clustcrdist-0.1.5-py2.py3-none-any.whl,clustcrdist,0.1.5,wheel,clustcrdist/constants/modules/tcrdist/__pycache__/tcr_distances.cpython-39.pyc,cpython-39,3425,True,4,pylingual_decompilable,decompyle3;marshal,error;exit_2,marshal_parse_failure;tool_exit,"marshal:error:marshal_failed:offset16:ValueError:bad marshal data (unknown type code),offset12:ValueError:bad marshal data (unknown type code),offset8:ValueError:bad marshal data (unknown type code) || decompyle3:exit_2:Traceback (most recent call last): File ""/root/PyBC-Sec/pybcSEC/data/rq2/envs/cpython-39/lib/python3.9/site-packages/xdis/load.py"", line 328, in load_module_from_file_object co = marshal.loads(bytecode) ValueError: bad marshal data (unkn..."
45ce0ca77d47,clustcrdist-0.1.5-cpython-39-45ce0ca77d47.pyc,copied,,clustcrdist-0.1.5-py2.py3-none-any.whl,clustcrdist,0.1.5,wheel,clustcrdist/constants/modules/tcrdist/__pycache__/tcr_distances_blosum.cpython-39.pyc,cpython-39,3425,True,4,pylingual_decompilable,decompyle3;marshal,error;exit_2,marshal_parse_failure;tool_exit,"marshal:error:marshal_failed:offset16:EOFError:marshal data too short,offset12:ValueError:bad marshal data (unknown type code),offset8:ValueError:bad marshal data (unknown type code) || decompyle3:exit_2:Traceback (most recent call last): File ""/root/PyBC-Sec/pybcSEC/data/rq2/envs/cpython-39/lib/python3.9/site-packages/xdis/load.py"", line 328, in load_module_from_file_object co = marshal.loads(bytecode) EOFError: marshal data too short"
fcfebabef4e1,clustcrdist-0.1.5-cpython-39-fcfebabef4e1.pyc,copied,,clustcrdist-0.1.5-py2.py3-none-any.whl,clustcrdist,0.1.5,wheel,clustcrdist/constants/modules/tcrdist/__pycache__/tcr_sampler.cpython-39.pyc,cpython-39,3425,True,4,pylingual_decompilable,decompyle3;marshal,error;exit_2,marshal_parse_failure;tool_exit,"marshal:error:marshal_failed:offset16:ValueError:bad marshal data (unknown type code),offset12:ValueError:bad marshal data (unknown type code),offset8:not_code || decompyle3:exit_2:Traceback (most recent call last): File ""/root/PyBC-Sec/pybcSEC/data/rq2/envs/cpython-39/lib/python3.9/site-packages/xdis/load.py"", line 328, in load_module_from_file_object co = marshal.loads(bytecode) ValueError: bad marshal data (unkn..."
c60fd898728f,clustcrdist-0.1.5-cpython-39-c60fd898728f.pyc,copied,,clustcrdist-0.1.5-py2.py3-none-any.whl,clustcrdist,0.1.5,wheel,clustcrdist/constants/modules/tcrdist/__pycache__/tcrdist_svg_basic.cpython-39.pyc,cpython-39,3425,True,4,pylingual_decompilable,decompyle3;marshal,error;exit_2,marshal_parse_failure;tool_exit,"marshal:error:marshal_failed:offset16:SystemError:Objects/codeobject.c:141: bad argument to internal function,offset12:ValueError:bad marshal data (unknown type code),offset8:ValueError:bad marshal data (unknown type code) || decompyle3:exit_2:Traceback (most recent call last): File ""/root/PyBC-Sec/pybcSEC/data/rq2/envs/cpython-39/lib/python3.9/site-packages/xdis/load.py"", line 328, in load_module_from_file_object co = marshal.loads(bytecode) SystemError: Objects/codeobject.c:..."
435a8bd04da8,clustcrdist-0.1.5-cpython-39-435a8bd04da8.pyc,copied,,clustcrdist-0.1.5-py2.py3-none-any.whl,clustcrdist,0.1.5,wheel,clustcrdist/constants/modules/tcrdist/__pycache__/translation.cpython-39.pyc,cpython-39,3425,True,4,pylingual_decompilable,decompyle3;marshal,error;exit_2,marshal_parse_failure;tool_exit,"marshal:error:marshal_failed:offset16:ValueError:bad marshal data (unknown type code),offset12:ValueError:bad marshal data (unknown type code),offset8:ValueError:bad marshal data (unknown type code) || decompyle3:exit_2:Traceback (most recent call last): File ""/root/PyBC-Sec/pybcSEC/data/rq2/envs/cpython-39/lib/python3.9/site-packages/xdis/load.py"", line 328, in load_module_from_file_object co = marshal.loads(bytecode) ValueError: bad marshal data (unkn..."
fc744244e60e,clustcrdist-0.1.5-cpython-39-fc744244e60e.pyc,copied,,clustcrdist-0.1.5-py2.py3-none-any.whl,clustcrdist,0.1.5,wheel,clustcrdist/constants/modules/tcrdist/__pycache__/util.cpython-39.pyc,cpython-39,3425,True,4,pylingual_decompilable,decompyle3;marshal,error;exit_2,marshal_parse_failure;tool_exit,"marshal:error:marshal_failed:offset16:EOFError:marshal data too short,offset12:ValueError:bad marshal data (unknown type code),offset8:ValueError:bad marshal data (unknown type code) || decompyle3:exit_2:Traceback (most recent call last): File ""/root/PyBC-Sec/pybcSEC/data/rq2/envs/cpython-39/lib/python3.9/site-packages/xdis/load.py"", line 328, in load_module_from_file_object co = marshal.loads(bytecode) EOFError: marshal data too short"
06d1d321521d,clustcrdist-0.1.5-cpython-39-06d1d321521d.pyc,copied,,clustcrdist-0.1.5.tar.gz,clustcrdist,0.1.5,tar,clustcrdist-0.1.5/clustcrdist/constants/modules/olga/__pycache__/__init__.cpython-39.pyc,cpython-39,3425,True,4,pylingual_decompilable,decompyle3;marshal,error;exit_2,marshal_parse_failure;tool_exit,"marshal:error:marshal_failed:offset16:ValueError:bad marshal data (unknown type code),offset12:ValueError:bad marshal data (unknown type code),offset8:ValueError:bad marshal data (unknown type code) || decompyle3:exit_2:Traceback (most recent call last): File ""/root/PyBC-Sec/pybcSEC/data/rq2/envs/cpython-39/lib/python3.9/site-packages/xdis/load.py"", line 328, in load_module_from_file_object co = marshal.loads(bytecode) ValueError: bad marshal data (unkn..."
238b3afdb83f,clustcrdist-0.1.5-cpython-39-238b3afdb83f.pyc,copied,,clustcrdist-0.1.5.tar.gz,clustcrdist,0.1.5,tar,clustcrdist-0.1.5/clustcrdist/constants/modules/olga/__pycache__/generation_probability.cpython-39.pyc,cpython-39,3425,True,4,pylingual_decompilable,decompyle3;marshal,error;exit_2,marshal_parse_failure;tool_exit,"marshal:error:marshal_failed:offset16:EOFError:marshal data too short,offset12:ValueError:bad marshal data (unknown type code),offset8:ValueError:bad marshal data (unknown type code) || decompyle3:exit_2:Traceback (most recent call last): File ""/root/PyBC-Sec/pybcSEC/data/rq2/envs/cpython-39/lib/python3.9/site-packages/xdis/load.py"", line 328, in load_module_from_file_object co = marshal.loads(bytecode) EOFError: marshal data too short"
b318a133665b,clustcrdist-0.1.5-cpython-39-b318a133665b.pyc,copied,,clustcrdist-0.1.5.tar.gz,clustcrdist,0.1.5,tar,clustcrdist-0.1.5/clustcrdist/constants/modules/olga/__pycache__/load_model.cpython-39.pyc,cpython-39,3425,True,4,pylingual_decompilable,decompyle3;marshal,error;exit_2,marshal_parse_failure;tool_exit,"marshal:error:marshal_failed:offset16:ValueError:bad marshal data (unknown type code),offset12:ValueError:bad marshal data (list size out of range),offset8:ValueError:bad marshal data (unknown type code) || decompyle3:exit_2:Traceback (most recent call last): File ""/root/PyBC-Sec/pybcSEC/data/rq2/envs/cpython-39/lib/python3.9/site-packages/xdis/load.py"", line 328, in load_module_from_file_object co = marshal.loads(bytecode) ValueError: bad marshal data (unkn..."
21dd39652ddd,clustcrdist-0.1.5-cpython-39-21dd39652ddd.pyc,copied,,clustcrdist-0.1.5.tar.gz,clustcrdist,0.1.5,tar,clustcrdist-0.1.5/clustcrdist/constants/modules/olga/__pycache__/preprocess_generative_model_and_data.cpython-39.pyc,cpython-39,3425,True,4,pylingual_decompilable,decompyle3;marshal,error;exit_2,marshal_parse_failure;tool_exit,"marshal:error:marshal_failed:offset16:EOFError:marshal data too short,offset12:ValueError:bad marshal data (unknown type code),offset8:ValueError:bad marshal data (unknown type code) || decompyle3:exit_2:Traceback (most recent call last): File ""/root/PyBC-Sec/pybcSEC/data/rq2/envs/cpython-39/lib/python3.9/site-packages/xdis/load.py"", line 328, in load_module_from_file_object co = marshal.loads(bytecode) EOFError: marshal data too short"
08e613e3aedf,clustcrdist-0.1.5-cpython-39-08e613e3aedf.pyc,copied,,clustcrdist-0.1.5.tar.gz,clustcrdist,0.1.5,tar,clustcrdist-0.1.5/clustcrdist/constants/modules/olga/__pycache__/sequence_generation.cpython-39.pyc,cpython-39,3425,True,4,pylingual_decompilable,decompyle3;marshal,error;exit_2,marshal_parse_failure;tool_exit,"marshal:error:marshal_failed:offset16:ValueError:bad marshal data (unknown type code),offset12:ValueError:bad marshal data (unknown type code),offset8:ValueError:bad marshal data (unknown type code) || decompyle3:exit_2:Traceback (most recent call last): File ""/root/PyBC-Sec/pybcSEC/data/rq2/envs/cpython-39/lib/python3.9/site-packages/xdis/load.py"", line 328, in load_module_from_file_object co = marshal.loads(bytecode) ValueError: bad marshal data (unkn..."
8cbb33b1de41,clustcrdist-0.1.5-cpython-39-8cbb33b1de41.pyc,copied,,clustcrdist-0.1.5.tar.gz,clustcrdist,0.1.5,tar,clustcrdist-0.1.5/clustcrdist/constants/modules/olga/__pycache__/utils.cpython-39.pyc,cpython-39,3425,True,4,pylingual_decompilable,decompyle3;marshal,error;exit_2,marshal_parse_failure;tool_exit,"marshal:error:marshal_failed:offset16:ValueError:bad marshal data (digit out of range in long),offset12:ValueError:bad marshal data (unknown type code),offset8:ValueError:bad marshal data (unknown type code) || decompyle3:exit_2:Traceback (most recent call last): File ""/root/PyBC-Sec/pybcSEC/data/rq2/envs/cpython-39/lib/python3.9/site-packages/xdis/load.py"", line 328, in load_module_from_file_object co = marshal.loads(bytecode) ValueError: bad marshal data (digi..."
58a7569728d6,clustcrdist-0.1.5-cpython-39-58a7569728d6.pyc,copied,,clustcrdist-0.1.5.tar.gz,clustcrdist,0.1.5,tar,clustcrdist-0.1.5/clustcrdist/constants/modules/tcrdist/__pycache__/__init__.cpython-39.pyc,cpython-39,3425,True,4,pylingual_decompilable,decompyle3;marshal,error;exit_2,marshal_parse_failure;tool_exit,"marshal:error:marshal_failed:offset16:ValueError:bad marshal data (unknown type code),offset12:ValueError:bad marshal data (unknown type code),offset8:ValueError:bad marshal data (unknown type code) || decompyle3:exit_2:Traceback (most recent call last): File ""/root/PyBC-Sec/pybcSEC/data/rq2/envs/cpython-39/lib/python3.9/site-packages/xdis/load.py"", line 328, in load_module_from_file_object co = marshal.loads(bytecode) ValueError: bad marshal data (unkn..."
1f6fce994792,clustcrdist-0.1.5-cpython-39-1f6fce994792.pyc,copied,,clustcrdist-0.1.5.tar.gz,clustcrdist,0.1.5,tar,clustcrdist-0.1.5/clustcrdist/constants/modules/tcrdist/__pycache__/all_genes.cpython-39.pyc,cpython-39,3425,True,4,pylingual_decompilable,decompyle3;marshal,error;exit_2,marshal_parse_failure;tool_exit,"marshal:error:marshal_failed:offset16:ValueError:bad marshal data (unknown type code),offset12:ValueError:bad marshal data (unknown type code),offset8:ValueError:bad marshal data (unknown type code) || decompyle3:exit_2:Traceback (most recent call last): File ""/root/PyBC-Sec/pybcSEC/data/rq2/envs/cpython-39/lib/python3.9/site-packages/xdis/load.py"", line 328, in load_module_from_file_object co = marshal.loads(bytecode) ValueError: bad marshal data (unkn..."
34c5fb931005,clustcrdist-0.1.5-cpython-39-34c5fb931005.pyc,copied,,clustcrdist-0.1.5.tar.gz,clustcrdist,0.1.5,tar,clustcrdist-0.1.5/clustcrdist/constants/modules/tcrdist/__pycache__/amino_acids.cpython-39.pyc,cpython-39,3425,True,4,pylingual_decompilable,decompyle3;marshal,error;exit_2,marshal_parse_failure;tool_exit,"marshal:error:marshal_failed:offset16:ValueError:bad marshal data (unknown type code),offset12:ValueError:bad marshal data (unknown type code),offset8:ValueError:bad marshal data (unknown type code) || decompyle3:exit_2:Traceback (most recent call last): File ""/root/PyBC-Sec/pybcSEC/data/rq2/envs/cpython-39/lib/python3.9/site-packages/xdis/load.py"", line 328, in load_module_from_file_object co = marshal.loads(bytecode) ValueError: bad marshal data (unkn..."
d84793fe0646,clustcrdist-0.1.5-cpython-39-d84793fe0646.pyc,copied,,clustcrdist-0.1.5.tar.gz,clustcrdist,0.1.5,tar,clustcrdist-0.1.5/clustcrdist/constants/modules/tcrdist/__pycache__/basic.cpython-39.pyc,cpython-39,3425,True,4,pylingual_decompilable,decompyle3;marshal,error;exit_2,marshal_parse_failure;tool_exit,"marshal:error:marshal_failed:offset16:ValueError:bad marshal data (unknown type code),offset12:ValueError:bad marshal data (unknown type code),offset8:ValueError:bad marshal data (unknown type code) || decompyle3:exit_2:Traceback (most recent call last): File ""/root/PyBC-Sec/pybcSEC/data/rq2/envs/cpython-39/lib/python3.9/site-packages/xdis/load.py"", line 328, in load_module_from_file_object co = marshal.loads(bytecode) ValueError: bad marshal data (unkn..."
5d47b820954f,clustcrdist-0.1.5-cpython-39-5d47b820954f.pyc,copied,,clustcrdist-0.1.5.tar.gz,clustcrdist,0.1.5,tar,clustcrdist-0.1.5/clustcrdist/constants/modules/tcrdist/__pycache__/genetic_code.cpython-39.pyc,cpython-39,3425,True,4,pylingual_decompilable,decompyle3;marshal,error;exit_2,marshal_parse_failure;tool_exit,"marshal:error:marshal_failed:offset16:ValueError:bad marshal data (unknown type code),offset12:ValueError:bad marshal data (unknown type code),offset8:ValueError:bad marshal data (unknown type code) || decompyle3:exit_2:Traceback (most recent call last): File ""/root/PyBC-Sec/pybcSEC/data/rq2/envs/cpython-39/lib/python3.9/site-packages/xdis/load.py"", line 328, in load_module_from_file_object co = marshal.loads(bytecode) ValueError: bad marshal data (unkn..."
c8eff0bc0070,clustcrdist-0.1.5-cpython-39-c8eff0bc0070.pyc,copied,,clustcrdist-0.1.5.tar.gz,clustcrdist,0.1.5,tar,clustcrdist-0.1.5/clustcrdist/constants/modules/tcrdist/__pycache__/html_colors.cpython-39.pyc,cpython-39,3425,True,4,pylingual_decompilable,decompyle3;marshal,error;exit_2,marshal_parse_failure;tool_exit,"marshal:error:marshal_failed:offset16:ValueError:bad marshal data (invalid reference),offset12:ValueError:bad marshal data (unknown type code),offset8:ValueError:bad marshal data (unknown type code) || decompyle3:exit_2:Traceback (most recent call last): File ""/root/PyBC-Sec/pybcSEC/data/rq2/envs/cpython-39/lib/python3.9/site-packages/xdis/load.py"", line 328, in load_module_from_file_object co = marshal.loads(bytecode) ValueError: bad marshal data (inva..."
e7e357b8064f,clustcrdist-0.1.5-cpython-39-e7e357b8064f.pyc,copied,,clustcrdist-0.1.5.tar.gz,clustcrdist,0.1.5,tar,clustcrdist-0.1.5/clustcrdist/constants/modules/tcrdist/__pycache__/infer_cdr3_nucleotides.cpython-39.pyc,cpython-39,3425,True,4,pylingual_decompilable,decompyle3;marshal,error;exit_2,marshal_parse_failure;tool_exit,"marshal:error:marshal_failed:offset16:ValueError:bad marshal data (unknown type code),offset12:ValueError:bad marshal data (unknown type code),offset8:ValueError:bad marshal data (unknown type code) || decompyle3:exit_2:Traceback (most recent call last): File ""/root/PyBC-Sec/pybcSEC/data/rq2/envs/cpython-39/lib/python3.9/site-packages/xdis/load.py"", line 328, in load_module_from_file_object co = marshal.loads(bytecode) ValueError: bad marshal data (unkn..."
096eb9c82561,clustcrdist-0.1.5-cpython-39-096eb9c82561.pyc,copied,,clustcrdist-0.1.5.tar.gz,clustcrdist,0.1.5,tar,clustcrdist-0.1.5/clustcrdist/constants/modules/tcrdist/__pycache__/logo_tools.cpython-39.pyc,cpython-39,3425,True,4,pylingual_decompilable,decompyle3;marshal,error;exit_2,marshal_parse_failure;tool_exit,"marshal:error:marshal_failed:offset16:ValueError:bad marshal data (digit out of range in long),offset12:ValueError:bad marshal data (unknown type code),offset8:ValueError:bad marshal data (unknown type code) || decompyle3:exit_2:Traceback (most recent call last): File ""/root/PyBC-Sec/pybcSEC/data/rq2/envs/cpython-39/lib/python3.9/site-packages/xdis/load.py"", line 328, in load_module_from_file_object co = marshal.loads(bytecode) ValueError: bad marshal data (digi..."
dff0f1cc2021,clustcrdist-0.1.5-cpython-39-dff0f1cc2021.pyc,copied,,clustcrdist-0.1.5.tar.gz,clustcrdist,0.1.5,tar,clustcrdist-0.1.5/clustcrdist/constants/modules/tcrdist/__pycache__/make_10x_clones_file.cpython-39.pyc,cpython-39,3425,True,4,pylingual_decompilable,decompyle3;marshal,error;exit_2,marshal_parse_failure;tool_exit,"marshal:error:marshal_failed:offset16:ValueError:bad marshal data (digit out of range in long),offset12:ValueError:bad marshal data (unknown type code),offset8:ValueError:bad marshal data (unknown type code) || decompyle3:exit_2:Traceback (most recent call last): File ""/root/PyBC-Sec/pybcSEC/data/rq2/envs/cpython-39/lib/python3.9/site-packages/xdis/load.py"", line 328, in load_module_from_file_object co = marshal.loads(bytecode) ValueError: bad marshal data (digi..."
61287b305908,clustcrdist-0.1.5-cpython-39-61287b305908.pyc,copied,,clustcrdist-0.1.5.tar.gz,clustcrdist,0.1.5,tar,clustcrdist-0.1.5/clustcrdist/constants/modules/tcrdist/__pycache__/make_really_tall_trees.cpython-39.pyc,cpython-39,3425,True,4,pylingual_decompilable,decompyle3;marshal,error;exit_2,marshal_parse_failure;tool_exit,"marshal:error:marshal_failed:offset16:ValueError:bad marshal data (unknown type code),offset12:ValueError:bad marshal data (unknown type code),offset8:ValueError:bad marshal data (unknown type code) || decompyle3:exit_2:Traceback (most recent call last): File ""/root/PyBC-Sec/pybcSEC/data/rq2/envs/cpython-39/lib/python3.9/site-packages/xdis/load.py"", line 328, in load_module_from_file_object co = marshal.loads(bytecode) ValueError: bad marshal data (unkn..."
a0491f74d8a7,clustcrdist-0.1.5-cpython-39-a0491f74d8a7.pyc,copied,,clustcrdist-0.1.5.tar.gz,clustcrdist,0.1.5,tar,clustcrdist-0.1.5/clustcrdist/constants/modules/tcrdist/__pycache__/make_tcr_logo.cpython-39.pyc,cpython-39,3425,True,4,pylingual_decompilable,decompyle3;marshal,error;exit_2,marshal_parse_failure;tool_exit,"marshal:error:marshal_failed:offset16:ValueError:bad marshal data (unknown type code),offset12:ValueError:bad marshal data (unknown type code),offset8:ValueError:bad marshal data (unknown type code) || decompyle3:exit_2:Traceback (most recent call last): File ""/root/PyBC-Sec/pybcSEC/data/rq2/envs/cpython-39/lib/python3.9/site-packages/xdis/load.py"", line 328, in load_module_from_file_object co = marshal.loads(bytecode) ValueError: bad marshal data (unkn..."
4d0b24c85a14,clustcrdist-0.1.5-cpython-39-4d0b24c85a14.pyc,copied,,clustcrdist-0.1.5.tar.gz,clustcrdist,0.1.5,tar,clustcrdist-0.1.5/clustcrdist/constants/modules/tcrdist/__pycache__/make_tcr_trees.cpython-39.pyc,cpython-39,3425,True,4,pylingual_decompilable,decompyle3;marshal,error;exit_2,marshal_parse_failure;tool_exit,"marshal:error:marshal_failed:offset16:ValueError:bad marshal data (unknown type code),offset12:not_code,offset8:ValueError:bad marshal data (unknown type code) || decompyle3:exit_2:Traceback (most recent call last): File ""/root/PyBC-Sec/pybcSEC/data/rq2/envs/cpython-39/lib/python3.9/site-packages/xdis/load.py"", line 328, in load_module_from_file_object co = marshal.loads(bytecode) ValueError: bad marshal data (unkn..."
941352c3d9b8,clustcrdist-0.1.5-cpython-39-941352c3d9b8.pyc,copied,,clustcrdist-0.1.5.tar.gz,clustcrdist,0.1.5,tar,clustcrdist-0.1.5/clustcrdist/constants/modules/tcrdist/__pycache__/score_trees_devel.cpython-39.pyc,cpython-39,3425,True,4,pylingual_decompilable,decompyle3;marshal,error;exit_2,marshal_parse_failure;tool_exit,"marshal:error:marshal_failed:offset16:ValueError:bad marshal data (unknown type code),offset12:ValueError:bad marshal data (unknown type code),offset8:ValueError:bad marshal data (unknown type code) || decompyle3:exit_2:Traceback (most recent call last): File ""/root/PyBC-Sec/pybcSEC/data/rq2/envs/cpython-39/lib/python3.9/site-packages/xdis/load.py"", line 328, in load_module_from_file_object co = marshal.loads(bytecode) ValueError: bad marshal data (unkn..."
a343c6d0b372,clustcrdist-0.1.5-cpython-39-a343c6d0b372.pyc,copied,,clustcrdist-0.1.5.tar.gz,clustcrdist,0.1.5,tar,clustcrdist-0.1.5/clustcrdist/constants/modules/tcrdist/__pycache__/tcr_distances.cpython-39.pyc,cpython-39,3425,True,4,pylingual_decompilable,decompyle3;marshal,error;exit_2,marshal_parse_failure;tool_exit,"marshal:error:marshal_failed:offset16:ValueError:bad marshal data (unknown type code),offset12:ValueError:bad marshal data (unknown type code),offset8:ValueError:bad marshal data (unknown type code) || decompyle3:exit_2:Traceback (most recent call last): File ""/root/PyBC-Sec/pybcSEC/data/rq2/envs/cpython-39/lib/python3.9/site-packages/xdis/load.py"", line 328, in load_module_from_file_object co = marshal.loads(bytecode) ValueError: bad marshal data (unkn..."
9d799a6142c6,clustcrdist-0.1.5-cpython-39-9d799a6142c6.pyc,copied,,clustcrdist-0.1.5.tar.gz,clustcrdist,0.1.5,tar,clustcrdist-0.1.5/clustcrdist/constants/modules/tcrdist/__pycache__/tcr_distances_blosum.cpython-39.pyc,cpython-39,3425,True,4,pylingual_decompilable,decompyle3;marshal,error;exit_2,marshal_parse_failure;tool_exit,"marshal:error:marshal_failed:offset16:EOFError:marshal data too short,offset12:ValueError:bad marshal data (unknown type code),offset8:ValueError:bad marshal data (unknown type code) || decompyle3:exit_2:Traceback (most recent call last): File ""/root/PyBC-Sec/pybcSEC/data/rq2/envs/cpython-39/lib/python3.9/site-packages/xdis/load.py"", line 328, in load_module_from_file_object co = marshal.loads(bytecode) EOFError: marshal data too short"
083dca141166,clustcrdist-0.1.5-cpython-39-083dca141166.pyc,copied,,clustcrdist-0.1.5.tar.gz,clustcrdist,0.1.5,tar,clustcrdist-0.1.5/clustcrdist/constants/modules/tcrdist/__pycache__/tcr_sampler.cpython-39.pyc,cpython-39,3425,True,4,pylingual_decompilable,decompyle3;marshal,error;exit_2,marshal_parse_failure;tool_exit,"marshal:error:marshal_failed:offset16:ValueError:bad marshal data (unknown type code),offset12:ValueError:bad marshal data (unknown type code),offset8:not_code || decompyle3:exit_2:Traceback (most recent call last): File ""/root/PyBC-Sec/pybcSEC/data/rq2/envs/cpython-39/lib/python3.9/site-packages/xdis/load.py"", line 328, in load_module_from_file_object co = marshal.loads(bytecode) ValueError: bad marshal data (unkn..."
5e94485944c3,clustcrdist-0.1.5-cpython-39-5e94485944c3.pyc,copied,,clustcrdist-0.1.5.tar.gz,clustcrdist,0.1.5,tar,clustcrdist-0.1.5/clustcrdist/constants/modules/tcrdist/__pycache__/tcrdist_svg_basic.cpython-39.pyc,cpython-39,3425,True,4,pylingual_decompilable,decompyle3;marshal,error;exit_2,marshal_parse_failure;tool_exit,"marshal:error:marshal_failed:offset16:SystemError:Objects/codeobject.c:141: bad argument to internal function,offset12:ValueError:bad marshal data (unknown type code),offset8:ValueError:bad marshal data (unknown type code) || decompyle3:exit_2:Traceback (most recent call last): File ""/root/PyBC-Sec/pybcSEC/data/rq2/envs/cpython-39/lib/python3.9/site-packages/xdis/load.py"", line 328, in load_module_from_file_object co = marshal.loads(bytecode) SystemError: Objects/codeobject.c:..."
aac3d5e627cc,clustcrdist-0.1.5-cpython-39-aac3d5e627cc.pyc,copied,,clustcrdist-0.1.5.tar.gz,clustcrdist,0.1.5,tar,clustcrdist-0.1.5/clustcrdist/constants/modules/tcrdist/__pycache__/translation.cpython-39.pyc,cpython-39,3425,True,4,pylingual_decompilable,decompyle3;marshal,error;exit_2,marshal_parse_failure;tool_exit,"marshal:error:marshal_failed:offset16:ValueError:bad marshal data (unknown type code),offset12:ValueError:bad marshal data (unknown type code),offset8:ValueError:bad marshal data (unknown type code) || decompyle3:exit_2:Traceback (most recent call last): File ""/root/PyBC-Sec/pybcSEC/data/rq2/envs/cpython-39/lib/python3.9/site-packages/xdis/load.py"", line 328, in load_module_from_file_object co = marshal.loads(bytecode) ValueError: bad marshal data (unkn..."
9257129a9af6,clustcrdist-0.1.5-cpython-39-9257129a9af6.pyc,copied,,clustcrdist-0.1.5.tar.gz,clustcrdist,0.1.5,tar,clustcrdist-0.1.5/clustcrdist/constants/modules/tcrdist/__pycache__/util.cpython-39.pyc,cpython-39,3425,True,4,pylingual_decompilable,decompyle3;marshal,error;exit_2,marshal_parse_failure;tool_exit,"marshal:error:marshal_failed:offset16:EOFError:marshal data too short,offset12:ValueError:bad marshal data (unknown type code),offset8:ValueError:bad marshal data (unknown type code) || decompyle3:exit_2:Traceback (most recent call last): File ""/root/PyBC-Sec/pybcSEC/data/rq2/envs/cpython-39/lib/python3.9/site-packages/xdis/load.py"", line 328, in load_module_from_file_object co = marshal.loads(bytecode) EOFError: marshal data too short"
37485fe44cd5,,missing_entry,entry not found: corrfitter-8.2/examples/__pycache__/etab.cpython-38.pyc,corrfitter-8.2.tar.gz,corrfitter,8.2,tar,corrfitter-8.2/examples/__pycache__/etab.cpython-38.pyc,cpython-38,,True,4,pylingual_decompilable,decompyle3;marshal,error;exit_2,marshal_parse_failure;tool_exit,marshal:error:marshal_failed: || decompyle3:exit_2:File name: '/tmp/pybcsec-rq2-p3jmfq2u/sample.pyc (0 bytes)' is too short to be a valid pyc file
47f1cf62a92f,,missing_entry,entry not found: corrfitter-8.2/examples/__pycache__/etab.cpython-39.pyc,corrfitter-8.2.tar.gz,corrfitter,8.2,tar,corrfitter-8.2/examples/__pycache__/etab.cpython-39.pyc,cpython-39,,True,4,pylingual_decompilable,decompyle3;marshal,error;exit_2,marshal_parse_failure;tool_exit,marshal:error:marshal_failed: || decompyle3:exit_2:File name: '/tmp/pybcsec-rq2-4ga6p77m/sample.pyc (0 bytes)' is too short to be a valid pyc file
3a552a7c3ad4,,missing_entry,entry not found: corrfitter-8.2/examples/__pycache__/etas-Ds.cpython-38.pyc,corrfitter-8.2.tar.gz,corrfitter,8.2,tar,corrfitter-8.2/examples/__pycache__/etas-Ds.cpython-38.pyc,cpython-38,,True,4,pylingual_decompilable,decompyle3;marshal,error;exit_2,marshal_parse_failure;tool_exit,marshal:error:marshal_failed: || decompyle3:exit_2:File name: '/tmp/pybcsec-rq2-qsiu1iqq/sample.pyc (0 bytes)' is too short to be a valid pyc file
f335df9477ab,,missing_entry,entry not found: corrfitter-8.2/examples/__pycache__/etas-Ds.cpython-39.pyc,corrfitter-8.2.tar.gz,corrfitter,8.2,tar,corrfitter-8.2/examples/__pycache__/etas-Ds.cpython-39.pyc,cpython-39,,True,4,pylingual_decompilable,decompyle3;marshal,error;exit_2,marshal_parse_failure;tool_exit,marshal:error:marshal_failed: || decompyle3:exit_2:File name: '/tmp/pybcsec-rq2-ez49hvjw/sample.pyc (0 bytes)' is too short to be a valid pyc file
6f24273d6f28,datadashr-0.2.5-cpython-312-6f24273d6f28.pyc,copied,,datadashr-0.2.5.tar.gz,datadashr,0.2.5,tar,datadashr-0.2.5/datadashr/api/__pycache__/crud.cpython-312(1).pyc,cpython-312,28783,True,4,pylingual_decompilable,decompyle3;marshal,error;exit_2,marshal_parse_failure;tool_exit,"marshal:error:marshal_failed:offset16:ValueError:bad marshal data (unknown type code),offset12:not_code,offset8:ValueError:bad marshal data (unknown type code) || decompyle3:exit_2:/root/PyBC-Sec/pybcSEC/data/rq2/envs/cpython-312/lib/python3.12/site-packages/click/core.py:1262: UserWarning: The parameter --version is used more than once. Remove its duplicate as parameters should be unique. parser = self.make_parser..."
ad01927e0698,decompyle3-3.9.3-cpython-38-ad01927e0698.pyc,copied,,decompyle3-3.9.3.tar.gz,decompyle3,3.9.3,tar,decompyle3-3.9.3/test/__pycache__/test_pyenvlib.cpython-38-PYTEST.pyc,cpython-38,3413,True,4,pylingual_decompilable,decompyle3,exit_2,tool_exit,"decompyle3:exit_2:Traceback (most recent call last): File ""/root/PyBC-Sec/pybcSEC/data/rq2/envs/cpython-38/lib/python3.8/site-packages/xdis/load.py"", line 328, in load_module_from_file_object co = marshal.loads(bytecode) ValueError: bad marshal data (unkn..."
2a9b231eedb8,decompyle3-3.9.3-cpython-38-2a9b231eedb8.pyc,copied,,decompyle3-3.9.3.tar.gz,decompyle3,3.9.3,tar,decompyle3-3.9.3/test/__pycache__/test_pythonlib.cpython-38-PYTEST.pyc,cpython-38,3413,True,4,pylingual_decompilable,decompyle3,exit_2,tool_exit,"decompyle3:exit_2:Traceback (most recent call last): File ""/root/PyBC-Sec/pybcSEC/data/rq2/envs/cpython-38/lib/python3.8/site-packages/xdis/load.py"", line 328, in load_module_from_file_object co = marshal.loads(bytecode) ValueError: bad marshal data (unkn..."
26ad59e3afdf,decompyle3-3.9.3-cpython-38-26ad59e3afdf.pyc,copied,,decompyle3-3.9.3.tar.gz,decompyle3,3.9.3,tar,decompyle3-3.9.3/test/__pycache__/test_unpy37.cpython-38-PYTEST.pyc,cpython-38,3413,True,4,pylingual_decompilable,decompyle3,exit_2,tool_exit,"decompyle3:exit_2:Traceback (most recent call last): File ""/root/PyBC-Sec/pybcSEC/data/rq2/envs/cpython-38/lib/python3.8/site-packages/xdis/load.py"", line 328, in load_module_from_file_object co = marshal.loads(bytecode) ValueError: bad marshal data (unkn..."
8b8e28114d65,decompyle3-3.9.3-cpython-38-8b8e28114d65.pyc,copied,,decompyle3-3.9.3.tar.gz,decompyle3,3.9.3,tar,decompyle3-3.9.3/test/decompyle/__pycache__/test_empty.cpython-38-PYTEST.pyc,cpython-38,3413,True,4,pylingual_decompilable,decompyle3,exit_2,tool_exit,"decompyle3:exit_2:Traceback (most recent call last): File ""/root/PyBC-Sec/pybcSEC/data/rq2/envs/cpython-38/lib/python3.8/site-packages/xdis/load.py"", line 328, in load_module_from_file_object co = marshal.loads(bytecode) ValueError: bad marshal data (unkn..."
1aa534636ec6,decompyle3-3.9.3-cpython-38-1aa534636ec6.pyc,copied,,decompyle3-3.9.3.tar.gz,decompyle3,3.9.3,tar,decompyle3-3.9.3/test/decompyle/__pycache__/test_exceptions.cpython-38-PYTEST.pyc,cpython-38,3413,True,4,pylingual_decompilable,decompyle3,exit_2,tool_exit,"decompyle3:exit_2:Traceback (most recent call last): File ""/root/PyBC-Sec/pybcSEC/data/rq2/envs/cpython-38/lib/python3.8/site-packages/xdis/load.py"", line 328, in load_module_from_file_object co = marshal.loads(bytecode) ValueError: bad marshal data (unkn..."
12f07b6b2521,decompyle3-3.9.3-cpython-38-12f07b6b2521.pyc,copied,,decompyle3-3.9.3.tar.gz,decompyle3,3.9.3,tar,decompyle3-3.9.3/test/decompyle/__pycache__/test_expressions.cpython-38-PYTEST.pyc,cpython-38,3413,True,4,pylingual_decompilable,decompyle3,exit_2,tool_exit,"decompyle3:exit_2:Traceback (most recent call last): File ""/root/PyBC-Sec/pybcSEC/data/rq2/envs/cpython-38/lib/python3.8/site-packages/xdis/load.py"", line 328, in load_module_from_file_object co = marshal.loads(bytecode) ValueError: bad marshal data (unkn..."
f8aa5416e948,decompyle3-3.9.3-cpython-38-f8aa5416e948.pyc,copied,,decompyle3-3.9.3.tar.gz,decompyle3,3.9.3,tar,decompyle3-3.9.3/test/decompyle/__pycache__/test_extendedPrint.cpython-38-PYTEST.pyc,cpython-38,3413,True,4,pylingual_decompilable,decompyle3,exit_2,tool_exit,"decompyle3:exit_2:Traceback (most recent call last): File ""/root/PyBC-Sec/pybcSEC/data/rq2/envs/cpython-38/lib/python3.8/site-packages/xdis/load.py"", line 328, in load_module_from_file_object co = marshal.loads(bytecode) ValueError: bad marshal data (unkn..."
4ea2cb4e6546,decompyle3-3.9.3-cpython-38-4ea2cb4e6546.pyc,copied,,decompyle3-3.9.3.tar.gz,decompyle3,3.9.3,tar,decompyle3-3.9.3/test/decompyle/__pycache__/test_loops2.cpython-38-PYTEST.pyc,cpython-38,3413,True,4,pylingual_decompilable,decompyle3,exit_2,tool_exit,"decompyle3:exit_2:Traceback (most recent call last): File ""/root/PyBC-Sec/pybcSEC/data/rq2/envs/cpython-38/lib/python3.8/site-packages/xdis/load.py"", line 328, in load_module_from_file_object co = marshal.loads(bytecode) ValueError: bad marshal data (unkn..."
472ccba5b7e7,decompyle3-3.9.3-cpython-38-472ccba5b7e7.pyc,copied,,decompyle3-3.9.3.tar.gz,decompyle3,3.9.3,tar,decompyle3-3.9.3/test/decompyle/__pycache__/test_prettyprint.cpython-38-PYTEST.pyc,cpython-38,3413,True,4,pylingual_decompilable,decompyle3,exit_2,tool_exit,"decompyle3:exit_2:Traceback (most recent call last): File ""/root/PyBC-Sec/pybcSEC/data/rq2/envs/cpython-38/lib/python3.8/site-packages/xdis/load.py"", line 328, in load_module_from_file_object co = marshal.loads(bytecode) ValueError: bad marshal data (unkn..."
aa4ebd9b81f2,decompyle3-3.9.3-cpython-38-aa4ebd9b81f2.pyc,copied,,decompyle3-3.9.3.tar.gz,decompyle3,3.9.3,tar,decompyle3-3.9.3/test/decompyle/__pycache__/test_print_to.cpython-38-PYTEST.pyc,cpython-38,3413,True,4,pylingual_decompilable,decompyle3,exit_2,tool_exit,"decompyle3:exit_2:Traceback (most recent call last): File ""/root/PyBC-Sec/pybcSEC/data/rq2/envs/cpython-38/lib/python3.8/site-packages/xdis/load.py"", line 328, in load_module_from_file_object co = marshal.loads(bytecode) ValueError: bad marshal data (unkn..."
ac62f678a475,decompyle3-3.9.3-cpython-38-ac62f678a475.pyc,copied,,decompyle3-3.9.3.tar.gz,decompyle3,3.9.3,tar,decompyle3-3.9.3/test/decompyle/__pycache__/test_slices.cpython-38-PYTEST.pyc,cpython-38,3413,True,4,pylingual_decompilable,decompyle3,exit_2,tool_exit,"decompyle3:exit_2:Traceback (most recent call last): File ""/root/PyBC-Sec/pybcSEC/data/rq2/envs/cpython-38/lib/python3.8/site-packages/xdis/load.py"", line 328, in load_module_from_file_object co = marshal.loads(bytecode) ValueError: bad marshal data (unkn..."
2aee8460dc30,decompyle3-3.9.3-cpython-38-2aee8460dc30.pyc,copied,,decompyle3-3.9.3.tar.gz,decompyle3,3.9.3,tar,decompyle3-3.9.3/test/simple_source/bug31/__pycache__/05_abc_test.cpython-38-PYTEST.pyc,cpython-38,3413,True,4,pylingual_decompilable,decompyle3,exit_2,tool_exit,"decompyle3:exit_2:Traceback (most recent call last): File ""/root/PyBC-Sec/pybcSEC/data/rq2/envs/cpython-38/lib/python3.8/site-packages/xdis/load.py"", line 328, in load_module_from_file_object co = marshal.loads(bytecode) ValueError: bad marshal data (unkn..."
6ad6b0602a75,delphai-search-utils-0.2.1-cpython-38-6ad6b0602a75.pyc,copied,,delphai_search_utils-0.2.1.tar.gz,delphai-search-utils,0.2.1,tar,delphai_search_utils-0.2.1/delphai_search_utils/tests/__pycache__/test_utils.cpython-38-pytest-5.4.3.pyc,cpython-38,3413,True,4,pylingual_decompilable,decompyle3,exit_2,tool_exit,"decompyle3:exit_2:Traceback (most recent call last): File ""/root/PyBC-Sec/pybcSEC/data/rq2/envs/cpython-38/lib/python3.8/site-packages/xdis/load.py"", line 328, in load_module_from_file_object co = marshal.loads(bytecode) ValueError: bad marshal data (unkn..."
7baa63f29525,django-connectwise-1.20.0-cpython-38-7baa63f29525.pyc,copied,,django_connectwise-1.20.0-py3-none-any.whl,django-connectwise,1.20.0,wheel,djconnectwise/__pycache__/api.cpython-38.pyc,cpython-38,3413,True,4,pylingual_decompilable,decompyle3,exit_1,tool_exit,"decompyle3:exit_1:Traceback (most recent call last): File ""data/rq2/envs/cpython-38/bin/decompyle3"", line 8, in <module> sys.exit(main_bin()) File ""/root/PyBC-Sec/pybcSEC/data/rq2/envs/cpython-38/lib/python3.8/site-packages/click/core.py"", line 1161, in _..."
9f8abbc82d0c,dovado-rtl-0.10.12-cpython-39-9f8abbc82d0c.pyc,copied,,dovado_rtl-0.10.12.tar.gz,dovado-rtl,0.10.12,tar,dovado_rtl-0.10.12/dovado_rtl/parsers/system_verilog/generated/__pycache__/SystemVerilogParser.cpython-39.pyc,cpython-39,3425,True,3,decompyle3_decompilable,pylingual,timeout,timeout,pylingual:timeout:timeout_after_600s
7a12e476ca17,dovado-rtl-0.10.12-cpython-38-7a12e476ca17.pyc,copied,,dovado_rtl-0.10.12.tar.gz,dovado-rtl,0.10.12,tar,dovado_rtl-0.10.12/dovado_rtl/parsers/utilities/antlr/__pycache__/vhdlParser.cpython-38.pyc,cpython-38,3413,False,4,pylingual_decompilable,decompyle3,timeout,timeout,decompyle3:timeout:timeout_after_600s
e3dc50eb71e6,euphoria-1.0.0-cpython-311-e3dc50eb71e6.pyc,copied,,euphoria-1.0.0.tar.gz,euphoria,1.0.0,tar,euphoria-1.0.0/venues/stages/euphoria/clouds/supp_NIH/nature/form/serving_size/amount/__pycache__/__init__.cpython-311.pyc,cpython-311,42946,True,4,pylingual_decompilable,decompyle3;marshal,error;exit_2,marshal_parse_failure;tool_exit,marshal:error:marshal_failed: || decompyle3:exit_2:/root/PyBC-Sec/pybcSEC/data/rq2/envs/cpython-311/lib/python3.11/site-packages/click/core.py:1262: UserWarning: The parameter --version is used more than once. Remove its duplicate as parameters should be unique. parser = self.make_parser...
3882091fb5f7,euphoria-1.0.0-cpython-311-3882091fb5f7.pyc,copied,,euphoria-1.0.0.tar.gz,euphoria,1.0.0,tar,euphoria-1.0.0/venues/stages/euphoria/clouds/supp_NIH/nature/form/unit/__pycache__/__init__.cpython-311.pyc,cpython-311,42946,True,4,pylingual_decompilable,decompyle3;marshal,error;exit_2,marshal_parse_failure;tool_exit,marshal:error:marshal_failed: || decompyle3:exit_2:/root/PyBC-Sec/pybcSEC/data/rq2/envs/cpython-311/lib/python3.11/site-packages/click/core.py:1262: UserWarning: The parameter --version is used more than once. Remove its duplicate as parameters should be unique. parser = self.make_parser...
0915571701b9,euphoria-1.0.0-cpython-311-0915571701b9.pyc,copied,,euphoria-1.0.0.tar.gz,euphoria,1.0.0,tar,euphoria-1.0.0/venues/stages/euphoria/mixes/insure/__pycache__/equalities.cpython-311.pyc,cpython-311,42946,True,4,pylingual_decompilable,decompyle3;marshal,error;exit_2,marshal_parse_failure;tool_exit,marshal:error:marshal_failed: || decompyle3:exit_2:/root/PyBC-Sec/pybcSEC/data/rq2/envs/cpython-311/lib/python3.11/site-packages/click/core.py:1262: UserWarning: The parameter --version is used more than once. Remove its duplicate as parameters should be unique. parser = self.make_parser...
38c5ba7e35a1,euphoria-1.0.0-cpython-311-38c5ba7e35a1.pyc,copied,,euphoria-1.0.0.tar.gz,euphoria,1.0.0,tar,euphoria-1.0.0/venues/stages/euphoria/mixes/insure/__pycache__/equality.cpython-311.pyc,cpython-311,42946,True,4,pylingual_decompilable,decompyle3;marshal,error;exit_2,marshal_parse_failure;tool_exit,marshal:error:marshal_failed: || decompyle3:exit_2:/root/PyBC-Sec/pybcSEC/data/rq2/envs/cpython-311/lib/python3.11/site-packages/click/core.py:1262: UserWarning: The parameter --version is used more than once. Remove its duplicate as parameters should be unique. parser = self.make_parser...
b550a86ef4a9,euphoria-1.0.0-cpython-311-b550a86ef4a9.pyc,copied,,euphoria-1.0.0.tar.gz,euphoria,1.0.0,tar,euphoria-1.0.0/venues/stages/euphoria/mixes/insure/__pycache__/override_print.cpython-311.pyc,cpython-311,42946,True,4,pylingual_decompilable,decompyle3;marshal,error;exit_2,marshal_parse_failure;tool_exit,marshal:error:marshal_failed: || decompyle3:exit_2:/root/PyBC-Sec/pybcSEC/data/rq2/envs/cpython-311/lib/python3.11/site-packages/click/core.py:1262: UserWarning: The parameter --version is used more than once. Remove its duplicate as parameters should be unique. parser = self.make_parser...
3c9d3ee2efb0,factory-farm-1.2.6-cpython-310-3c9d3ee2efb0.pyc,copied,,factory_farm-1.2.6.tar.gz,factory-farm,1.2.6,tar,factory_farm-1.2.6/venues/stages/factory_farm/procedures/implicit_procedure/process/keg/spaces/__pycache__/done_with_path.cpython-310.pyc,cpython-310,3439,False,4,pylingual_decompilable,decompyle3;marshal,error;exit_2,marshal_parse_failure;tool_exit,marshal:error:marshal_failed: || decompyle3:exit_2:/root/PyBC-Sec/pybcSEC/data/rq2/envs/cpython-310/lib/python3.10/site-packages/click/core.py:1262: UserWarning: The parameter --version is used more than once. Remove its duplicate as parameters should be unique. parser = self.make_parser...
b174f7277283,flasgger-0.9.7.1-cpython-38-b174f7277283.pyc,copied,,flasgger-0.9.7.1.tar.gz,flasgger,0.9.7.1,tar,flasgger-0.9.7.1/tests/__pycache__/conftest.cpython-38-pytest-6.1.1.pyc,cpython-38,3413,True,4,pylingual_decompilable,decompyle3,exit_2,tool_exit,"decompyle3:exit_2:Traceback (most recent call last): File ""/root/PyBC-Sec/pybcSEC/data/rq2/envs/cpython-38/lib/python3.8/site-packages/xdis/load.py"", line 328, in load_module_from_file_object co = marshal.loads(bytecode) ValueError: bad marshal data (unkn..."
8fbcb93b38fc,flask-admin-plus-1.6.22-cpython-38-8fbcb93b38fc.pyc,copied,,flask_admin_plus-1.6.22.tar.gz,flask-admin-plus,1.6.22,tar,flask_admin_plus-1.6.22/flask_admin/tests/mongoengine/__pycache__/test_basic.cpython-38-pytest-7.1.2.pyc,cpython-38,3413,True,4,pylingual_decompilable,decompyle3,timeout,timeout,decompyle3:timeout:timeout_after_600s
00f0acc4f6f1,flask-admin-plus-1.6.22-cpython-38-00f0acc4f6f1.pyc,copied,,flask_admin_plus-1.6.22.tar.gz,flask-admin-plus,1.6.22,tar,flask_admin_plus-1.6.22/flask_admin/tests/peeweemodel/__pycache__/test_basic.cpython-38-pytest-7.1.2.pyc,cpython-38,3413,True,4,pylingual_decompilable,decompyle3,timeout,timeout,decompyle3:timeout:timeout_after_600s
b856dfff925e,flask-admin-plus-1.6.22-cpython-38-b856dfff925e.pyc,copied,,flask_admin_plus-1.6.22.tar.gz,flask-admin-plus,1.6.22,tar,flask_admin_plus-1.6.22/flask_admin/tests/sqla/__pycache__/test_basic.cpython-38-pytest-7.1.2.pyc,cpython-38,3413,True,4,pylingual_decompilable,decompyle3,timeout,timeout,decompyle3:timeout:timeout_after_600s
81f340650cf7,foam-hair-1.6.1-cpython-311-81f340650cf7.pyc,copied,,foam_hair-1.6.1.tar.gz,foam-hair,1.6.1,tar,foam_hair-1.6.1/vehicles/foam_hair/_clique/group/__pycache__/__init__.cpython-311.pyc,cpython-311,42946,True,4,pylingual_decompilable,decompyle3;marshal,error;exit_2,marshal_parse_failure;tool_exit,marshal:error:marshal_failed: || decompyle3:exit_2:/root/PyBC-Sec/pybcSEC/data/rq2/envs/cpython-311/lib/python3.11/site-packages/click/core.py:1262: UserWarning: The parameter --version is used more than once. Remove its duplicate as parameters should be unique. parser = self.make_parser...
455ebbaac869,foam-rodeo-0.0.1-cpython-311-455ebbaac869.pyc,copied,,foam_rodeo-0.0.1.tar.gz,foam-rodeo,0.0.1,tar,foam_rodeo-0.0.1/vehicles/foam_rodeo/_clique/group/__pycache__/__init__.cpython-311.pyc,cpython-311,42946,True,4,pylingual_decompilable,decompyle3;marshal,error;exit_2,marshal_parse_failure;tool_exit,marshal:error:marshal_failed: || decompyle3:exit_2:/root/PyBC-Sec/pybcSEC/data/rq2/envs/cpython-311/lib/python3.11/site-packages/click/core.py:1262: UserWarning: The parameter --version is used more than once. Remove its duplicate as parameters should be unique. parser = self.make_parser...
e02119dc29ad,gluoncv2-0.0.64-cpython-38-e02119dc29ad.pyc,copied,,gluoncv2-0.0.64.linux-x86_64.tar.gz,gluoncv2,0.0.64,tar,usr/local/lib/python3.8/dist-packages/gluoncv2/models/__pycache__/resnext_cifar.cpython-38.pyc,cpython-38,3413,True,4,pylingual_decompilable,decompyle3,timeout,timeout,decompyle3:timeout:timeout_after_600s
549d0b34b83f,gseim-1.4-cpython-38-549d0b34b83f.pyc,copied,,GSEIM-1.4.tar.gz,gseim,1.4,tar,GSEIM-1.4/src/grc/gui/__pycache__/Application.cpython-38.pyc,cpython-38,3413,True,4,pylingual_decompilable,decompyle3,timeout,timeout,decompyle3:timeout:timeout_after_600s
4a0a2074322e,gseim-1.4-cpython-38-4a0a2074322e.pyc,copied,,GSEIM-1.4.tar.gz,gseim,1.4,tar,GSEIM-1.4/src/grc/gui/canvas/__pycache__/block.cpython-38.pyc,cpython-38,3413,True,4,pylingual_decompilable,decompyle3,timeout,timeout,decompyle3:timeout:timeout_after_600s
502b5fe17737,gseim-1.4-cpython-38-502b5fe17737.pyc,copied,,GSEIM-1.4.tar.gz,gseim,1.4,tar,GSEIM-1.4/src/grc/gui/canvas/__pycache__/rect_wiring.cpython-38.pyc,cpython-38,3413,True,4,pylingual_decompilable,decompyle3,timeout,timeout,decompyle3:timeout:timeout_after_600s
34d39ec24125,gseimiitb-1.1-cpython-38-34d39ec24125.pyc,copied,,GSEIMIITB-1.1.tar.gz,gseimiitb,1.1,tar,GSEIMIITB-1.1/src/grc/gui/__pycache__/Application.cpython-38.pyc,cpython-38,3413,True,4,pylingual_decompilable,decompyle3,timeout,timeout,decompyle3:timeout:timeout_after_600s
fb779f457de1,gseimiitb-1.1-cpython-38-fb779f457de1.pyc,copied,,GSEIMIITB-1.1.tar.gz,gseimiitb,1.1,tar,GSEIMIITB-1.1/src/grc/gui/canvas/__pycache__/block.cpython-38.pyc,cpython-38,3413,True,4,pylingual_decompilable,decompyle3,timeout,timeout,decompyle3:timeout:timeout_after_600s
571412ccc799,gseimiitb-1.1-cpython-38-571412ccc799.pyc,copied,,GSEIMIITB-1.1.tar.gz,gseimiitb,1.1,tar,GSEIMIITB-1.1/src/grc/gui/canvas/__pycache__/rect_wiring.cpython-38.pyc,cpython-38,3413,True,4,pylingual_decompilable,decompyle3,timeout,timeout,decompyle3:timeout:timeout_after_600s
fe47a15c0fc1,hemoglycin-2.0.0-cpython-311-fe47a15c0fc1.pyc,copied,,hemoglycin-2.0.0.tar.gz,hemoglycin,2.0.0,tar,hemoglycin-2.0.0/vehicles/Hemoglycin/_clique/group/__pycache__/__init__.cpython-311.pyc,cpython-311,42946,True,4,pylingual_decompilable,decompyle3;marshal,error;exit_2,marshal_parse_failure;tool_exit,marshal:error:marshal_failed: || decompyle3:exit_2:/root/PyBC-Sec/pybcSEC/data/rq2/envs/cpython-311/lib/python3.11/site-packages/click/core.py:1262: UserWarning: The parameter --version is used more than once. Remove its duplicate as parameters should be unique. parser = self.make_parser...
e725c75b8c93,investment-0.2.17-cpython-38-e725c75b8c93.pyc,copied,,investment-0.2.17-py3-none-any.whl,investment,0.2.17,wheel,investment/data/__pycache__/_data.cpython-38.pyc,cpython-38,3413,True,4,pylingual_decompilable,decompyle3,timeout,timeout,decompyle3:timeout:timeout_after_600s
8db6662a7e0a,jembe-0.3.15-cpython-38-8db6662a7e0a.pyc,copied,,jembe-0.3.15-py3-none-any.whl,jembe,0.3.15,wheel,jembe/__pycache__/processor.cpython-38.pyc,cpython-38,3413,True,4,pylingual_decompilable,decompyle3,exit_1,tool_exit,"decompyle3:exit_1:Traceback (most recent call last): File ""data/rq2/envs/cpython-38/bin/decompyle3"", line 8, in <module> sys.exit(main_bin()) File ""/root/PyBC-Sec/pybcSEC/data/rq2/envs/cpython-38/lib/python3.8/site-packages/click/core.py"", line 1161, in _..."
aee6a2bd9a47,jembe-0.3.15-cpython-38-aee6a2bd9a47.pyc,copied,,jembe-0.3.15.tar.gz,jembe,0.3.15,tar,jembe-0.3.15/jembe/__pycache__/processor.cpython-38.pyc,cpython-38,3413,True,4,pylingual_decompilable,decompyle3,exit_1,tool_exit,"decompyle3:exit_1:Traceback (most recent call last): File ""data/rq2/envs/cpython-38/bin/decompyle3"", line 8, in <module> sys.exit(main_bin()) File ""/root/PyBC-Sec/pybcSEC/data/rq2/envs/cpython-38/lib/python3.8/site-packages/click/core.py"", line 1161, in _..."
d0df7fb092cc,libmercury-0.85-cpython-314-d0df7fb092cc.pyc,copied,,libmercury-0.85-py3-none-any.whl,libmercury,0.85,wheel,libmercury/__pycache__/__init__.cpython-314.pyc,cpython-314,3606,True,4,pylingual_decompilable,dis,error,disassembly_failure,dis:error:dis_failed:IndexError:tuple index out of range
3ca8e7528adb,libmercury-0.85-cpython-314-3ca8e7528adb.pyc,copied,,libmercury-0.85.tar.gz,libmercury,0.85,tar,libmercury-0.85/src/libmercury/__pycache__/__init__.cpython-314.pyc,cpython-314,3606,True,4,pylingual_decompilable,dis,error,disassembly_failure,dis:error:dis_failed:IndexError:tuple index out of range
d366204c40fa,lifedata-0.1.1-cpython-38-d366204c40fa.pyc,copied,,lifedata-0.1.1-py3-none-any.whl,lifedata,0.1.1,wheel,lifedata/cli/__pycache__/init_test.cpython-38-pytest-6.0.1.pyc,cpython-38,3413,True,4,pylingual_decompilable,decompyle3,exit_2,tool_exit,"decompyle3:exit_2:Traceback (most recent call last): File ""/root/PyBC-Sec/pybcSEC/data/rq2/envs/cpython-38/lib/python3.8/site-packages/xdis/load.py"", line 328, in load_module_from_file_object co = marshal.loads(bytecode) ValueError: bad marshal data (unkn..."
29ecae5ffddb,lifedata-0.1.1-cpython-38-29ecae5ffddb.pyc,copied,,lifedata-0.1.1-py3-none-any.whl,lifedata,0.1.1,wheel,lifedata/cli/__pycache__/main_test.cpython-38-pytest-6.0.1.pyc,cpython-38,3413,False,4,pylingual_decompilable,decompyle3,exit_2,tool_exit,"decompyle3:exit_2:Traceback (most recent call last): File ""/root/PyBC-Sec/pybcSEC/data/rq2/envs/cpython-38/lib/python3.8/site-packages/xdis/load.py"", line 328, in load_module_from_file_object co = marshal.loads(bytecode) ValueError: bad marshal data (unkn..."
0d2125653821,lifedata-0.1.1-cpython-38-0d2125653821.pyc,copied,,lifedata-0.1.1-py3-none-any.whl,lifedata,0.1.1,wheel,lifedata/cli/__pycache__/start_test.cpython-38-pytest-6.0.1.pyc,cpython-38,3413,True,4,pylingual_decompilable,decompyle3,exit_2,tool_exit,"decompyle3:exit_2:Traceback (most recent call last): File ""/root/PyBC-Sec/pybcSEC/data/rq2/envs/cpython-38/lib/python3.8/site-packages/xdis/load.py"", line 328, in load_module_from_file_object co = marshal.loads(bytecode) ValueError: bad marshal data (unkn..."
8ebcaf3103f9,lifedata-0.1.1-cpython-38-8ebcaf3103f9.pyc,copied,,lifedata-0.1.1-py3-none-any.whl,lifedata,0.1.1,wheel,lifedata/webapi/__pycache__/records_test.cpython-38-pytest-6.0.1.pyc,cpython-38,3413,False,4,pylingual_decompilable,decompyle3,exit_2,tool_exit,"decompyle3:exit_2:Traceback (most recent call last): File ""/root/PyBC-Sec/pybcSEC/data/rq2/envs/cpython-38/lib/python3.8/site-packages/xdis/load.py"", line 328, in load_module_from_file_object co = marshal.loads(bytecode) ValueError: bad marshal data (unkn..."
070646225ca0,lifedata-0.1.1-cpython-38-070646225ca0.pyc,copied,,lifedata-0.1.1-py3-none-any.whl,lifedata,0.1.1,wheel,lifedata/webapi/__pycache__/samples_test.cpython-38-pytest-6.0.1.pyc,cpython-38,3413,True,4,pylingual_decompilable,decompyle3,exit_2,tool_exit,"decompyle3:exit_2:Traceback (most recent call last): File ""/root/PyBC-Sec/pybcSEC/data/rq2/envs/cpython-38/lib/python3.8/site-packages/xdis/load.py"", line 328, in load_module_from_file_object co = marshal.loads(bytecode) ValueError: bad marshal data (unkn..."
dded9b5c50e5,lifedata-0.1.1-cpython-38-dded9b5c50e5.pyc,copied,,lifedata-0.1.1.tar.gz,lifedata,0.1.1,tar,lifedata-0.1.1/lifedata/cli/__pycache__/init_test.cpython-38-pytest-6.0.1.pyc,cpython-38,3413,True,4,pylingual_decompilable,decompyle3,exit_2,tool_exit,"decompyle3:exit_2:Traceback (most recent call last): File ""/root/PyBC-Sec/pybcSEC/data/rq2/envs/cpython-38/lib/python3.8/site-packages/xdis/load.py"", line 328, in load_module_from_file_object co = marshal.loads(bytecode) ValueError: bad marshal data (unkn..."
245cec4c9177,lifedata-0.1.1-cpython-38-245cec4c9177.pyc,copied,,lifedata-0.1.1.tar.gz,lifedata,0.1.1,tar,lifedata-0.1.1/lifedata/cli/__pycache__/main_test.cpython-38-pytest-6.0.1.pyc,cpython-38,3413,False,4,pylingual_decompilable,decompyle3,exit_2,tool_exit,"decompyle3:exit_2:Traceback (most recent call last): File ""/root/PyBC-Sec/pybcSEC/data/rq2/envs/cpython-38/lib/python3.8/site-packages/xdis/load.py"", line 328, in load_module_from_file_object co = marshal.loads(bytecode) ValueError: bad marshal data (unkn..."
715b9368fd3b,lifedata-0.1.1-cpython-38-715b9368fd3b.pyc,copied,,lifedata-0.1.1.tar.gz,lifedata,0.1.1,tar,lifedata-0.1.1/lifedata/cli/__pycache__/start_test.cpython-38-pytest-6.0.1.pyc,cpython-38,3413,True,4,pylingual_decompilable,decompyle3,exit_2,tool_exit,"decompyle3:exit_2:Traceback (most recent call last): File ""/root/PyBC-Sec/pybcSEC/data/rq2/envs/cpython-38/lib/python3.8/site-packages/xdis/load.py"", line 328, in load_module_from_file_object co = marshal.loads(bytecode) ValueError: bad marshal data (unkn..."
4a84eb73967b,lifedata-0.1.1-cpython-38-4a84eb73967b.pyc,copied,,lifedata-0.1.1.tar.gz,lifedata,0.1.1,tar,lifedata-0.1.1/lifedata/webapi/__pycache__/records_test.cpython-38-pytest-6.0.1.pyc,cpython-38,3413,False,4,pylingual_decompilable,decompyle3,exit_2,tool_exit,"decompyle3:exit_2:Traceback (most recent call last): File ""/root/PyBC-Sec/pybcSEC/data/rq2/envs/cpython-38/lib/python3.8/site-packages/xdis/load.py"", line 328, in load_module_from_file_object co = marshal.loads(bytecode) ValueError: bad marshal data (unkn..."
f45e0101fcdc,lifedata-0.1.1-cpython-38-f45e0101fcdc.pyc,copied,,lifedata-0.1.1.tar.gz,lifedata,0.1.1,tar,lifedata-0.1.1/lifedata/webapi/__pycache__/samples_test.cpython-38-pytest-6.0.1.pyc,cpython-38,3413,True,4,pylingual_decompilable,decompyle3,exit_2,tool_exit,"decompyle3:exit_2:Traceback (most recent call last): File ""/root/PyBC-Sec/pybcSEC/data/rq2/envs/cpython-38/lib/python3.8/site-packages/xdis/load.py"", line 328, in load_module_from_file_object co = marshal.loads(bytecode) ValueError: bad marshal data (unkn..."
aaec3ff9eb7a,magicinvoke-2.4.6-cpython-38-aaec3ff9eb7a.pyc,copied,,magicinvoke-2.4.6-py2-none-any.whl,magicinvoke,2.4.6,wheel,invoke/completion/__pycache__/__init__.cpython-38-pytest-5.3.5.pyc,cpython-38,3413,True,4,pylingual_decompilable,decompyle3,exit_2,tool_exit,"decompyle3:exit_2:Traceback (most recent call last): File ""/root/PyBC-Sec/pybcSEC/data/rq2/envs/cpython-38/lib/python3.8/site-packages/xdis/load.py"", line 328, in load_module_from_file_object co = marshal.loads(bytecode) ValueError: bad marshal data (unkn..."
34403dafc0c0,magicinvoke-2.4.6-cpython-38-34403dafc0c0.pyc,copied,,magicinvoke-2.4.6-py2-none-any.whl,magicinvoke,2.4.6,wheel,invoke/completion/__pycache__/complete.cpython-38-PYTEST.pyc,cpython-38,3413,True,4,pylingual_decompilable,decompyle3,exit_2,tool_exit,"decompyle3:exit_2:Traceback (most recent call last): File ""/root/PyBC-Sec/pybcSEC/data/rq2/envs/cpython-38/lib/python3.8/site-packages/xdis/load.py"", line 328, in load_module_from_file_object co = marshal.loads(bytecode) ValueError: bad marshal data (unkn..."
a6828b3d68a6,magicinvoke-2.4.6-cpython-38-a6828b3d68a6.pyc,copied,,magicinvoke-2.4.6-py2-none-any.whl,magicinvoke,2.4.6,wheel,invoke/completion/__pycache__/complete.cpython-38-pytest-5.3.5.pyc,cpython-38,3413,True,4,pylingual_decompilable,decompyle3,exit_2,tool_exit,"decompyle3:exit_2:Traceback (most recent call last): File ""/root/PyBC-Sec/pybcSEC/data/rq2/envs/cpython-38/lib/python3.8/site-packages/xdis/load.py"", line 328, in load_module_from_file_object co = marshal.loads(bytecode) ValueError: bad marshal data (unkn..."
03cec20b1ee9,magicinvoke-2.4.6-cpython-38-03cec20b1ee9.pyc,copied,,magicinvoke-2.4.6.tar.gz,magicinvoke,2.4.6,tar,magicinvoke-2.4.6/invoke/completion/__pycache__/__init__.cpython-38-pytest-5.3.5.pyc,cpython-38,3413,True,4,pylingual_decompilable,decompyle3,exit_2,tool_exit,"decompyle3:exit_2:Traceback (most recent call last): File ""/root/PyBC-Sec/pybcSEC/data/rq2/envs/cpython-38/lib/python3.8/site-packages/xdis/load.py"", line 328, in load_module_from_file_object co = marshal.loads(bytecode) ValueError: bad marshal data (unkn..."
6472ffee8a0e,magicinvoke-2.4.6-cpython-38-6472ffee8a0e.pyc,copied,,magicinvoke-2.4.6.tar.gz,magicinvoke,2.4.6,tar,magicinvoke-2.4.6/invoke/completion/__pycache__/complete.cpython-38-PYTEST.pyc,cpython-38,3413,True,4,pylingual_decompilable,decompyle3,exit_2,tool_exit,"decompyle3:exit_2:Traceback (most recent call last): File ""/root/PyBC-Sec/pybcSEC/data/rq2/envs/cpython-38/lib/python3.8/site-packages/xdis/load.py"", line 328, in load_module_from_file_object co = marshal.loads(bytecode) ValueError: bad marshal data (unkn..."
3dbeac497737,magicinvoke-2.4.6-cpython-38-3dbeac497737.pyc,copied,,magicinvoke-2.4.6.tar.gz,magicinvoke,2.4.6,tar,magicinvoke-2.4.6/invoke/completion/__pycache__/complete.cpython-38-pytest-5.3.5.pyc,cpython-38,3413,True,4,pylingual_decompilable,decompyle3,exit_2,tool_exit,"decompyle3:exit_2:Traceback (most recent call last): File ""/root/PyBC-Sec/pybcSEC/data/rq2/envs/cpython-38/lib/python3.8/site-packages/xdis/load.py"", line 328, in load_module_from_file_object co = marshal.loads(bytecode) ValueError: bad marshal data (unkn..."
b77420a375d2,magicinvoke-2.4.6-cpython-38-b77420a375d2.pyc,copied,,magicinvoke-2.4.6.tar.gz,magicinvoke,2.4.6,tar,magicinvoke-2.4.6/sites/magic_docs/examples/data-pipeline/__pycache__/tasks.cpython-38-PYTEST.pyc,cpython-38,3413,True,4,pylingual_decompilable,decompyle3,exit_2,tool_exit,"decompyle3:exit_2:Traceback (most recent call last): File ""/root/PyBC-Sec/pybcSEC/data/rq2/envs/cpython-38/lib/python3.8/site-packages/xdis/load.py"", line 328, in load_module_from_file_object co = marshal.loads(bytecode) ValueError: bad marshal data (unkn..."
282555a07bfe,magicinvoke-2.4.6-cpython-38-282555a07bfe.pyc,copied,,magicinvoke-2.4.6.tar.gz,magicinvoke,2.4.6,tar,magicinvoke-2.4.6/sites/magic_docs/examples/data-pipeline/__pycache__/tests.cpython-38-PYTEST.pyc,cpython-38,3413,True,4,pylingual_decompilable,decompyle3,exit_2,tool_exit,"decompyle3:exit_2:Traceback (most recent call last): File ""/root/PyBC-Sec/pybcSEC/data/rq2/envs/cpython-38/lib/python3.8/site-packages/xdis/load.py"", line 328, in load_module_from_file_object co = marshal.loads(bytecode) ValueError: bad marshal data (unkn..."
56b0b70101cb,mediphy-2.2.0-cpython-310-56b0b70101cb.pyc,copied,,mediphy-2.2.0.tar.gz,mediphy,2.2.0,tar,mediphy-2.2.0/parties/mediphy/frontiers/trends/monetary/DB_mediphy_trends/collection_vernacular/__pycache__/connect.cpython-310.pyc,cpython-310,3439,False,4,pylingual_decompilable,decompyle3;marshal,error;exit_2,marshal_parse_failure;tool_exit,marshal:error:marshal_failed: || decompyle3:exit_2:/root/PyBC-Sec/pybcSEC/data/rq2/envs/cpython-310/lib/python3.10/site-packages/click/core.py:1262: UserWarning: The parameter --version is used more than once. Remove its duplicate as parameters should be unique. parser = self.make_parser...
d43ef7ead927,mediphy-2.2.0-cpython-310-d43ef7ead927.pyc,copied,,mediphy-2.2.0.tar.gz,mediphy,2.2.0,tar,mediphy-2.2.0/parties/mediphy/frontiers/trends/monetary/DB_mediphy_trends/collection_vernacular/document/__pycache__/find.cpython-310.pyc,cpython-310,3439,False,4,pylingual_decompilable,decompyle3;marshal,error;exit_2,marshal_parse_failure;tool_exit,marshal:error:marshal_failed: || decompyle3:exit_2:/root/PyBC-Sec/pybcSEC/data/rq2/envs/cpython-310/lib/python3.10/site-packages/click/core.py:1262: UserWarning: The parameter --version is used more than once. Remove its duplicate as parameters should be unique. parser = self.make_parser...
4acaeb2edd10,mediphy-2.2.0-cpython-310-4acaeb2edd10.pyc,copied,,mediphy-2.2.0.tar.gz,mediphy,2.2.0,tar,mediphy-2.2.0/parties/mediphy/frontiers/trends/monetary/_controls/__pycache__/_clique.cpython-310.pyc,cpython-310,3439,True,4,pylingual_decompilable,decompyle3;marshal,error;exit_2,marshal_parse_failure;tool_exit,marshal:error:marshal_failed: || decompyle3:exit_2:/root/PyBC-Sec/pybcSEC/data/rq2/envs/cpython-310/lib/python3.10/site-packages/click/core.py:1262: UserWarning: The parameter --version is used more than once. Remove its duplicate as parameters should be unique. parser = self.make_parser...
41b56b6b2ba4,mediphy-2.2.0-cpython-310-41b56b6b2ba4.pyc,copied,,mediphy-2.2.0.tar.gz,mediphy,2.2.0,tar,mediphy-2.2.0/parties/mediphy/frontiers/trends/monetary/_controls/__pycache__/build.cpython-310.pyc,cpython-310,3439,True,4,pylingual_decompilable,decompyle3;marshal,error;exit_2,marshal_parse_failure;tool_exit,marshal:error:marshal_failed: || decompyle3:exit_2:/root/PyBC-Sec/pybcSEC/data/rq2/envs/cpython-310/lib/python3.10/site-packages/click/core.py:1262: UserWarning: The parameter --version is used more than once. Remove its duplicate as parameters should be unique. parser = self.make_parser...
83a015499a05,mediphy-2.2.0-cpython-311-83a015499a05.pyc,copied,,mediphy-2.2.0.tar.gz,mediphy,2.2.0,tar,mediphy-2.2.0/parties/mediphy/mixes/insure/__pycache__/equalities.cpython-311.pyc,cpython-311,42946,True,4,pylingual_decompilable,decompyle3;marshal,error;exit_2,marshal_parse_failure;tool_exit,marshal:error:marshal_failed: || decompyle3:exit_2:/root/PyBC-Sec/pybcSEC/data/rq2/envs/cpython-311/lib/python3.11/site-packages/click/core.py:1262: UserWarning: The parameter --version is used more than once. Remove its duplicate as parameters should be unique. parser = self.make_parser...
f5affc3300f0,mediphy-2.2.0-cpython-311-f5affc3300f0.pyc,copied,,mediphy-2.2.0.tar.gz,mediphy,2.2.0,tar,mediphy-2.2.0/parties/mediphy/mixes/insure/__pycache__/equality.cpython-311.pyc,cpython-311,42946,True,4,pylingual_decompilable,decompyle3;marshal,error;exit_2,marshal_parse_failure;tool_exit,marshal:error:marshal_failed: || decompyle3:exit_2:/root/PyBC-Sec/pybcSEC/data/rq2/envs/cpython-311/lib/python3.11/site-packages/click/core.py:1262: UserWarning: The parameter --version is used more than once. Remove its duplicate as parameters should be unique. parser = self.make_parser...
8d32e89b9f47,mediphy-2.2.0-cpython-311-8d32e89b9f47.pyc,copied,,mediphy-2.2.0.tar.gz,mediphy,2.2.0,tar,mediphy-2.2.0/parties/mediphy/mixes/insure/__pycache__/override_print.cpython-311.pyc,cpython-311,42946,True,4,pylingual_decompilable,decompyle3;marshal,error;exit_2,marshal_parse_failure;tool_exit,marshal:error:marshal_failed: || decompyle3:exit_2:/root/PyBC-Sec/pybcSEC/data/rq2/envs/cpython-311/lib/python3.11/site-packages/click/core.py:1262: UserWarning: The parameter --version is used more than once. Remove its duplicate as parameters should be unique. parser = self.make_parser...
e3811e8d2486,mediphy-2.2.0-cpython-310-e3811e8d2486.pyc,copied,,mediphy-2.2.0.tar.gz,mediphy,2.2.0,tar,mediphy-2.2.0/parties/mediphy/modules/freight--/__pycache__/save.cpython-310.pyc,cpython-310,3439,True,4,pylingual_decompilable,decompyle3;marshal,error;exit_2,marshal_parse_failure;tool_exit,marshal:error:marshal_failed: || decompyle3:exit_2:/root/PyBC-Sec/pybcSEC/data/rq2/envs/cpython-310/lib/python3.10/site-packages/click/core.py:1262: UserWarning: The parameter --version is used more than once. Remove its duplicate as parameters should be unique. parser = self.make_parser...
9edcb662e6a6,mediphy-2.2.0-cpython-310-9edcb662e6a6.pyc,copied,,mediphy-2.2.0.tar.gz,mediphy,2.2.0,tar,mediphy-2.2.0/parties/mediphy/modules/moves/__pycache__/mint_to_trends.cpython-310.pyc,cpython-310,3439,True,4,pylingual_decompilable,decompyle3;marshal,error;exit_2,marshal_parse_failure;tool_exit,marshal:error:marshal_failed: || decompyle3:exit_2:/root/PyBC-Sec/pybcSEC/data/rq2/envs/cpython-310/lib/python3.10/site-packages/click/core.py:1262: UserWarning: The parameter --version is used more than once. Remove its duplicate as parameters should be unique. parser = self.make_parser...
9e6ecc18b28e,mediphy-2.2.0-cpython-310-9e6ecc18b28e.pyc,copied,,mediphy-2.2.0.tar.gz,mediphy,2.2.0,tar,mediphy-2.2.0/parties/mediphy/modules/moves/__pycache__/on.cpython-310.pyc,cpython-310,3439,False,4,pylingual_decompilable,decompyle3;marshal,error;exit_2,marshal_parse_failure;tool_exit,marshal:error:marshal_failed: || decompyle3:exit_2:/root/PyBC-Sec/pybcSEC/data/rq2/envs/cpython-310/lib/python3.10/site-packages/click/core.py:1262: UserWarning: The parameter --version is used more than once. Remove its duplicate as parameters should be unique. parser = self.make_parser...
75e0999c7b01,mediphy-2.2.0-cpython-310-75e0999c7b01.pyc,copied,,mediphy-2.2.0.tar.gz,mediphy,2.2.0,tar,mediphy-2.2.0/parties/mediphy/modules/moves/__pycache__/show.cpython-310.pyc,cpython-310,3439,False,4,pylingual_decompilable,decompyle3;marshal,error;exit_2,marshal_parse_failure;tool_exit,marshal:error:marshal_failed: || decompyle3:exit_2:/root/PyBC-Sec/pybcSEC/data/rq2/envs/cpython-310/lib/python3.10/site-packages/click/core.py:1262: UserWarning: The parameter --version is used more than once. Remove its duplicate as parameters should be unique. parser = self.make_parser...
6e57b4f71a13,monies-0.0.2-cpython-311-6e57b4f71a13.pyc,copied,,monies-0.0.2.tar.gz,monies,0.0.2,tar,monies-0.0.2/tracts/houses/monies/_ops/_clique/__pycache__/__init__.cpython-311.pyc,cpython-311,42946,True,4,pylingual_decompilable,decompyle3;marshal,error;exit_2,marshal_parse_failure;tool_exit,marshal:error:marshal_failed: || decompyle3:exit_2:/root/PyBC-Sec/pybcSEC/data/rq2/envs/cpython-311/lib/python3.11/site-packages/click/core.py:1262: UserWarning: The parameter --version is used more than once. Remove its duplicate as parameters should be unique. parser = self.make_parser...
570135a63611,monies-0.0.2-cpython-311-570135a63611.pyc,copied,,monies-0.0.2.tar.gz,monies,0.0.2,tar,monies-0.0.2/tracts/houses/monies/_ops/_clique/group/__pycache__/__init__.cpython-311.pyc,cpython-311,42946,True,4,pylingual_decompilable,decompyle3;marshal,error;exit_2,marshal_parse_failure;tool_exit,marshal:error:marshal_failed: || decompyle3:exit_2:/root/PyBC-Sec/pybcSEC/data/rq2/envs/cpython-311/lib/python3.11/site-packages/click/core.py:1262: UserWarning: The parameter --version is used more than once. Remove its duplicate as parameters should be unique. parser = self.make_parser...
ea2f5eaa7008,moolib-0.0.9b0-cpython-38-ea2f5eaa7008.pyc,copied,,moolib-0.0.9b0.tar.gz,moolib,0.0.9b0,tar,moolib-0.0.9b0/examples/__pycache__/.!92793!__init__.cpython-38.pyc,cpython-38,3413,False,4,pylingual_decompilable,decompyle3;marshal,error;exit_2,marshal_parse_failure;tool_exit,marshal:error:marshal_failed: || decompyle3:exit_2:File name: '/tmp/pybcsec-rq2-5na26tze/sample.pyc (4 bytes)' is too short to be a valid pyc file
fdecce310ddd,moolib-0.0.9b0-cpython-38-fdecce310ddd.pyc,copied,,moolib-0.0.9b0.tar.gz,moolib,0.0.9b0,tar,moolib-0.0.9b0/examples/__pycache__/.!92794!a2c.cpython-38.pyc,cpython-38,3413,False,4,pylingual_decompilable,decompyle3;marshal,error;exit_2,marshal_parse_failure;tool_exit,marshal:error:marshal_failed: || decompyle3:exit_2:File name: '/tmp/pybcsec-rq2-7w12dx44/sample.pyc (4 bytes)' is too short to be a valid pyc file
c109533db8cd,moolib-0.0.9b0-cpython-38-c109533db8cd.pyc,copied,,moolib-0.0.9b0.tar.gz,moolib,0.0.9b0,tar,moolib-0.0.9b0/py/moolib/__pycache__/.!92592!__init__.cpython-38.pyc,cpython-38,3413,False,4,pylingual_decompilable,decompyle3;marshal,error;exit_2,marshal_parse_failure;tool_exit,marshal:error:marshal_failed: || decompyle3:exit_2:File name: '/tmp/pybcsec-rq2-siod8evs/sample.pyc (4 bytes)' is too short to be a valid pyc file
abb94d83ceb5,moolib-0.0.9b0-cpython-38-abb94d83ceb5.pyc,copied,,moolib-0.0.9b0.tar.gz,moolib,0.0.9b0,tar,moolib-0.0.9b0/py/moolib/examples/__pycache__/.!92793!__init__.cpython-38.pyc,cpython-38,3413,False,4,pylingual_decompilable,decompyle3;marshal,error;exit_2,marshal_parse_failure;tool_exit,marshal:error:marshal_failed: || decompyle3:exit_2:File name: '/tmp/pybcsec-rq2-0oisi5q7/sample.pyc (4 bytes)' is too short to be a valid pyc file
c458836a8faf,moolib-0.0.9b0-cpython-38-c458836a8faf.pyc,copied,,moolib-0.0.9b0.tar.gz,moolib,0.0.9b0,tar,moolib-0.0.9b0/py/moolib/examples/__pycache__/.!92794!a2c.cpython-38.pyc,cpython-38,3413,False,4,pylingual_decompilable,decompyle3;marshal,error;exit_2,marshal_parse_failure;tool_exit,marshal:error:marshal_failed: || decompyle3:exit_2:File name: '/tmp/pybcsec-rq2-e_j6ez83/sample.pyc (4 bytes)' is too short to be a valid pyc file
ff849422e19e,moolib-0.0.9b0-cpython-38-ff849422e19e.pyc,copied,,moolib-0.0.9b0.tar.gz,moolib,0.0.9b0,tar,moolib-0.0.9b0/test/integration/__pycache__/.!92633!test_a2c.cpython-38-pytest-6.2.4.pyc,cpython-38,3413,False,4,pylingual_decompilable,decompyle3;marshal,error;exit_2,marshal_parse_failure;tool_exit,marshal:error:marshal_failed:offset8:ValueError:bad marshal data (unknown type code) || decompyle3:exit_2:File name: '/tmp/pybcsec-rq2-a26uxkx8/sample.pyc (9 bytes)' is too short to be a valid pyc file
2b236315f958,moolib-0.0.9b0-cpython-38-2b236315f958.pyc,copied,,moolib-0.0.9b0.tar.gz,moolib,0.0.9b0,tar,moolib-0.0.9b0/test/unit/__pycache__/.!92613!test_accumulator.cpython-38.pyc,cpython-38,3413,False,4,pylingual_decompilable,decompyle3;marshal,error;exit_2,marshal_parse_failure;tool_exit,marshal:error:marshal_failed: || decompyle3:exit_2:File name: '/tmp/pybcsec-rq2-cu21s_4s/sample.pyc (4 bytes)' is too short to be a valid pyc file
68cdceb7098a,moolib-0.0.9b0-cpython-38-68cdceb7098a.pyc,copied,,moolib-0.0.9b0.tar.gz,moolib,0.0.9b0,tar,moolib-0.0.9b0/test/unit/__pycache__/.!92614!test_envpool.cpython-38-pytest-6.2.4.pyc,cpython-38,3413,False,4,pylingual_decompilable,decompyle3;marshal,error;exit_2,marshal_parse_failure;tool_exit,marshal:error:marshal_failed: || decompyle3:exit_2:File name: '/tmp/pybcsec-rq2-ko4gv1fs/sample.pyc (4 bytes)' is too short to be a valid pyc file
113feab5f0a2,moolib-0.0.9b0-cpython-38-113feab5f0a2.pyc,copied,,moolib-0.0.9b0.tar.gz,moolib,0.0.9b0,tar,moolib-0.0.9b0/test/unit/__pycache__/.!92615!test_import_broker.cpython-38-pytest-6.2.4.pyc,cpython-38,3413,False,4,pylingual_decompilable,decompyle3;marshal,error;exit_2,marshal_parse_failure;tool_exit,marshal:error:marshal_failed: || decompyle3:exit_2:File name: '/tmp/pybcsec-rq2-r6wno_4n/sample.pyc (4 bytes)' is too short to be a valid pyc file
e1e302745252,moolib-0.0.9b0-cpython-38-e1e302745252.pyc,copied,,moolib-0.0.9b0.tar.gz,moolib,0.0.9b0,tar,moolib-0.0.9b0/test/unit/__pycache__/.!92616!test_broker.cpython-38-pytest-6.2.4.pyc,cpython-38,3413,False,4,pylingual_decompilable,decompyle3;marshal,error;exit_2,marshal_parse_failure;tool_exit,marshal:error:marshal_failed: || decompyle3:exit_2:File name: '/tmp/pybcsec-rq2-nijwzmnr/sample.pyc (4 bytes)' is too short to be a valid pyc file
34a9c5efcb42,moolib-0.0.9b0-cpython-38-34a9c5efcb42.pyc,copied,,moolib-0.0.9b0.tar.gz,moolib,0.0.9b0,tar,moolib-0.0.9b0/test/unit/__pycache__/.!92617!test_pickle.cpython-38-pytest-6.2.4.pyc,cpython-38,3413,False,4,pylingual_decompilable,decompyle3;marshal,error;exit_2,marshal_parse_failure;tool_exit,marshal:error:marshal_failed: || decompyle3:exit_2:File name: '/tmp/pybcsec-rq2-gm4fb1lb/sample.pyc (4 bytes)' is too short to be a valid pyc file
0771daa3f03c,moolib-0.0.9b0-cpython-38-0771daa3f03c.pyc,copied,,moolib-0.0.9b0.tar.gz,moolib,0.0.9b0,tar,moolib-0.0.9b0/test/unit/__pycache__/.!92621!test_simple.cpython-38-pytest-6.2.4.pyc,cpython-38,3413,False,4,pylingual_decompilable,decompyle3;marshal,error;exit_2,marshal_parse_failure;tool_exit,marshal:error:marshal_failed: || decompyle3:exit_2:File name: '/tmp/pybcsec-rq2-v688ddqk/sample.pyc (4 bytes)' is too short to be a valid pyc file
df8d56c99fe2,moolib-0.0.9b0-cpython-38-df8d56c99fe2.pyc,copied,,moolib-0.0.9b0.tar.gz,moolib,0.0.9b0,tar,moolib-0.0.9b0/test/unit/__pycache__/.!92622!test_tensors.cpython-38-pytest-6.2.4.pyc,cpython-38,3413,False,4,pylingual_decompilable,decompyle3;marshal,error;exit_2,marshal_parse_failure;tool_exit,marshal:error:marshal_failed: || decompyle3:exit_2:File name: '/tmp/pybcsec-rq2-z7ximvk2/sample.pyc (4 bytes)' is too short to be a valid pyc file
2753ed55d7b5,moolib-0.0.9b0-cpython-38-2753ed55d7b5.pyc,copied,,moolib-0.0.9b0.tar.gz,moolib,0.0.9b0,tar,moolib-0.0.9b0/test/unit/__pycache__/.!92623!test_batcher.cpython-38-pytest-6.2.4.pyc,cpython-38,3413,False,4,pylingual_decompilable,decompyle3;marshal,error;exit_2,marshal_parse_failure;tool_exit,marshal:error:marshal_failed: || decompyle3:exit_2:File name: '/tmp/pybcsec-rq2-v5gojm1u/sample.pyc (4 bytes)' is too short to be a valid pyc file
1ad8950fa05b,moolib-0.0.9b0-cpython-38-1ad8950fa05b.pyc,copied,,moolib-0.0.9b0.tar.gz,moolib,0.0.9b0,tar,moolib-0.0.9b0/test/unit/__pycache__/.!92624!test_accumulator.cpython-38-pytest-6.2.4.pyc,cpython-38,3413,False,4,pylingual_decompilable,decompyle3;marshal,error;exit_2,marshal_parse_failure;tool_exit,marshal:error:marshal_failed: || decompyle3:exit_2:File name: '/tmp/pybcsec-rq2-zb5cwy4n/sample.pyc (4 bytes)' is too short to be a valid pyc file
1a64cb0e7e3a,moto-improved-cognitoidentity-1.3-cpython-38-1a64cb0e7e3a.pyc,copied,,moto-improved-cognitoidentity-1.3.tar.gz,moto-improved-cognitoidentity,1.3,tar,moto-improved-cognitoidentity-1.3/tests/test_iam/__pycache__/test_iam.cpython-38-pytest-7.2.0.pyc,cpython-38,3413,True,4,pylingual_decompilable,decompyle3,timeout,timeout,decompyle3:timeout:timeout_after_600s
d91025464e70,mqc-2.0.2-cpython-38-d91025464e70.pyc,copied,,mqc-2.0.2-py3-none-any.whl,mqc,2.0.2,wheel,mqc/control/__pycache__/atp_control.cpython-38.pyc,cpython-38,3413,True,4,pylingual_decompilable,decompyle3,exit_1,tool_exit,"decompyle3:exit_1:Traceback (most recent call last): File ""data/rq2/envs/cpython-38/bin/decompyle3"", line 8, in <module> sys.exit(main_bin()) File ""/root/PyBC-Sec/pybcSEC/data/rq2/envs/cpython-38/lib/python3.8/site-packages/click/core.py"", line 1161, in _..."
103e9114ef7c,mqc-2.0.2-cpython-38-103e9114ef7c.pyc,copied,,mqc-2.0.2.tar.gz,mqc,2.0.2,tar,mqc-2.0.2/mqc/control/__pycache__/atp_control.cpython-38.pyc,cpython-38,3413,True,4,pylingual_decompilable,decompyle3,exit_1,tool_exit,"decompyle3:exit_1:Traceback (most recent call last): File ""data/rq2/envs/cpython-38/bin/decompyle3"", line 8, in <module> sys.exit(main_bin()) File ""/root/PyBC-Sec/pybcSEC/data/rq2/envs/cpython-38/lib/python3.8/site-packages/click/core.py"", line 1161, in _..."
e606e617645a,multiqc-vlad-1.30.dev20250821143134-cpython-38-e606e617645a.pyc,copied,,multiqc_vlad-1.30.dev20250821143134-py3-none-any.whl,multiqc-vlad,1.30.dev20250821143134,wheel,multiqc/plots/__pycache__/table_object.cpython-38.pyc,cpython-38,3413,True,4,pylingual_decompilable,decompyle3,exit_1,tool_exit,"decompyle3:exit_1:Traceback (most recent call last): File ""data/rq2/envs/cpython-38/bin/decompyle3"", line 8, in <module> sys.exit(main_bin()) File ""/root/PyBC-Sec/pybcSEC/data/rq2/envs/cpython-38/lib/python3.8/site-packages/click/core.py"", line 1161, in _..."
9fb18e630a65,multiqc-vlad-1.30.dev20250821143134-cpython-38-9fb18e630a65.pyc,copied,,multiqc_vlad-1.30.dev20250821143134.tar.gz,multiqc-vlad,1.30.dev20250821143134,tar,multiqc_vlad-1.30.dev20250821143134/multiqc/plots/__pycache__/table_object.cpython-38.pyc,cpython-38,3413,True,4,pylingual_decompilable,decompyle3,exit_1,tool_exit,"decompyle3:exit_1:Traceback (most recent call last): File ""data/rq2/envs/cpython-38/bin/decompyle3"", line 8, in <module> sys.exit(main_bin()) File ""/root/PyBC-Sec/pybcSEC/data/rq2/envs/cpython-38/lib/python3.8/site-packages/click/core.py"", line 1161, in _..."
565b7d1f5843,mwahpy-2.1.5-cpython-38-565b7d1f5843.pyc,copied,,mwahpy-2.1.5-py3-none-any.whl,mwahpy,2.1.5,wheel,mwahpy/__pycache__/plot.cpython-38.pyc,cpython-38,3413,True,4,pylingual_decompilable,decompyle3,exit_1,tool_exit,"decompyle3:exit_1:Traceback (most recent call last): File ""data/rq2/envs/cpython-38/bin/decompyle3"", line 8, in <module> sys.exit(main_bin()) File ""/root/PyBC-Sec/pybcSEC/data/rq2/envs/cpython-38/lib/python3.8/site-packages/click/core.py"", line 1161, in _..."
a9408c3f5332,myfitnesspal-2.1.2-cpython-38-a9408c3f5332.pyc,copied,,myfitnesspal-2.1.2.tar.gz,myfitnesspal,2.1.2,tar,myfitnesspal-2.1.2/tests/__pycache__/test_client.cpython-38-pytest-5.4.3.pyc,cpython-38,3413,True,4,pylingual_decompilable,decompyle3,exit_2,tool_exit,"decompyle3:exit_2:Traceback (most recent call last): File ""/root/PyBC-Sec/pybcSEC/data/rq2/envs/cpython-38/lib/python3.8/site-packages/xdis/load.py"", line 328, in load_module_from_file_object co = marshal.loads(bytecode) ValueError: bad marshal data (unkn..."
64a24ecc43bf,myfitnesspal-2.1.2-cpython-38-64a24ecc43bf.pyc,copied,,myfitnesspal-2.1.2.tar.gz,myfitnesspal,2.1.2,tar,myfitnesspal-2.1.2/tests/__pycache__/test_integration.cpython-38-pytest-5.4.3.pyc,cpython-38,3413,True,4,pylingual_decompilable,decompyle3,exit_2,tool_exit,"decompyle3:exit_2:Traceback (most recent call last): File ""/root/PyBC-Sec/pybcSEC/data/rq2/envs/cpython-38/lib/python3.8/site-packages/xdis/load.py"", line 328, in load_module_from_file_object co = marshal.loads(bytecode) ValueError: bad marshal data (unkn..."
1cc0a3259122,neuroai-0.5.2-cpython-38-1cc0a3259122.pyc,copied,,neuroai-0.5.2-py3-none-any.whl,neuroai,0.5.2,wheel,NeuroPixelAI/__pycache__/GUI.cpython-38.pyc,cpython-38,3413,True,4,pylingual_decompilable,decompyle3,timeout,timeout,decompyle3:timeout:timeout_after_600s
0e681af31aed,neuroai-0.5.2-cpython-38-0e681af31aed.pyc,copied,,neuroai-0.5.2-py3-none-any.whl,neuroai,0.5.2,wheel,NeuroPixelAI/__pycache__/GUI_largefov.cpython-38.pyc,cpython-38,3413,False,4,pylingual_decompilable,decompyle3,timeout,timeout,decompyle3:timeout:timeout_after_600s
b3a3092a3b5d,neuroai-0.5.2-cpython-38-b3a3092a3b5d.pyc,copied,,neuroai-0.5.2-py3-none-any.whl,neuroai,0.5.2,wheel,NeuroPixelAI/__pycache__/GUI_v4.cpython-38.pyc,cpython-38,3413,False,4,pylingual_decompilable,decompyle3,timeout,timeout,decompyle3:timeout:timeout_after_600s
9fbcc209df97,neuroai-0.5.2-cpython-38-9fbcc209df97.pyc,copied,,neuroai-0.5.2.tar.gz,neuroai,0.5.2,tar,neuroai-0.5.2/NeuroPixelAI/__pycache__/GUI.cpython-38.pyc,cpython-38,3413,True,4,pylingual_decompilable,decompyle3,timeout,timeout,decompyle3:timeout:timeout_after_600s
b4d9795138b5,neuroai-0.5.2-cpython-38-b4d9795138b5.pyc,copied,,neuroai-0.5.2.tar.gz,neuroai,0.5.2,tar,neuroai-0.5.2/NeuroPixelAI/__pycache__/GUI_largefov.cpython-38.pyc,cpython-38,3413,False,4,pylingual_decompilable,decompyle3,timeout,timeout,decompyle3:timeout:timeout_after_600s
ba25e55eed1d,neuroai-0.5.2-cpython-38-ba25e55eed1d.pyc,copied,,neuroai-0.5.2.tar.gz,neuroai,0.5.2,tar,neuroai-0.5.2/NeuroPixelAI/__pycache__/GUI_v4.cpython-38.pyc,cpython-38,3413,False,4,pylingual_decompilable,decompyle3,timeout,timeout,decompyle3:timeout:timeout_after_600s
a49521096d5a,neurocollage-0.3.7-cpython-39-a49521096d5a.pyc,copied,,neurocollage-0.3.7.tar.gz,neurocollage,0.3.7,tar,neurocollage-0.3.7/tests/__pycache__/conftest.cpython-39-pytest-6.0.0.pyc,cpython-39,3425,True,4,pylingual_decompilable,decompyle3,exit_2,tool_exit,"decompyle3:exit_2:Traceback (most recent call last): File ""/root/PyBC-Sec/pybcSEC/data/rq2/envs/cpython-39/lib/python3.9/site-packages/xdis/load.py"", line 328, in load_module_from_file_object co = marshal.loads(bytecode) ValueError: bad marshal data (unkn..."
2f9c9e0f2299,neurocollage-0.3.7-cpython-39-2f9c9e0f2299.pyc,copied,,neurocollage-0.3.7.tar.gz,neurocollage,0.3.7,tar,neurocollage-0.3.7/tests/__pycache__/conftest.cpython-39-pytest-6.1.0.pyc,cpython-39,3425,True,4,pylingual_decompilable,decompyle3,exit_2,tool_exit,"decompyle3:exit_2:Traceback (most recent call last): File ""/root/PyBC-Sec/pybcSEC/data/rq2/envs/cpython-39/lib/python3.9/site-packages/xdis/load.py"", line 328, in load_module_from_file_object co = marshal.loads(bytecode) ValueError: bad marshal data (unkn..."
ea036d762701,neurocollage-0.3.7-cpython-39-ea036d762701.pyc,copied,,neurocollage-0.3.7.tar.gz,neurocollage,0.3.7,tar,neurocollage-0.3.7/tests/__pycache__/test_cli.cpython-39-pytest-6.0.0.pyc,cpython-39,3425,True,4,pylingual_decompilable,decompyle3,exit_2,tool_exit,"decompyle3:exit_2:Traceback (most recent call last): File ""/root/PyBC-Sec/pybcSEC/data/rq2/envs/cpython-39/lib/python3.9/site-packages/xdis/load.py"", line 328, in load_module_from_file_object co = marshal.loads(bytecode) ValueError: bad marshal data (unkn..."
41972d29a53b,neurocollage-0.3.7-cpython-39-41972d29a53b.pyc,copied,,neurocollage-0.3.7.tar.gz,neurocollage,0.3.7,tar,neurocollage-0.3.7/tests/__pycache__/test_cli.cpython-39-pytest-6.1.0.pyc,cpython-39,3425,True,4,pylingual_decompilable,decompyle3,exit_2,tool_exit,"decompyle3:exit_2:Traceback (most recent call last): File ""/root/PyBC-Sec/pybcSEC/data/rq2/envs/cpython-39/lib/python3.9/site-packages/xdis/load.py"", line 328, in load_module_from_file_object co = marshal.loads(bytecode) ValueError: bad marshal data (unkn..."
0ff1997d3f0c,neurocollage-0.3.7-cpython-39-0ff1997d3f0c.pyc,copied,,neurocollage-0.3.7.tar.gz,neurocollage,0.3.7,tar,neurocollage-0.3.7/tests/__pycache__/test_collage.cpython-39-pytest-6.0.0.pyc,cpython-39,3425,True,4,pylingual_decompilable,decompyle3,exit_2,tool_exit,"decompyle3:exit_2:Traceback (most recent call last): File ""/root/PyBC-Sec/pybcSEC/data/rq2/envs/cpython-39/lib/python3.9/site-packages/xdis/load.py"", line 328, in load_module_from_file_object co = marshal.loads(bytecode) ValueError: bad marshal data (unkn..."
c700ba7545c8,neurocollage-0.3.7-cpython-39-c700ba7545c8.pyc,copied,,neurocollage-0.3.7.tar.gz,neurocollage,0.3.7,tar,neurocollage-0.3.7/tests/__pycache__/test_collage.cpython-39-pytest-6.1.0.pyc,cpython-39,3425,True,4,pylingual_decompilable,decompyle3,exit_2,tool_exit,"decompyle3:exit_2:Traceback (most recent call last): File ""/root/PyBC-Sec/pybcSEC/data/rq2/envs/cpython-39/lib/python3.9/site-packages/xdis/load.py"", line 328, in load_module_from_file_object co = marshal.loads(bytecode) ValueError: bad marshal data (unkn..."
d4076ce00653,neurocollage-0.3.7-cpython-39-d4076ce00653.pyc,copied,,neurocollage-0.3.7.tar.gz,neurocollage,0.3.7,tar,neurocollage-0.3.7/tests/__pycache__/test_planes.cpython-39-pytest-6.0.0.pyc,cpython-39,3425,True,4,pylingual_decompilable,decompyle3,exit_2,tool_exit,"decompyle3:exit_2:Traceback (most recent call last): File ""/root/PyBC-Sec/pybcSEC/data/rq2/envs/cpython-39/lib/python3.9/site-packages/xdis/load.py"", line 328, in load_module_from_file_object co = marshal.loads(bytecode) ValueError: bad marshal data (unkn..."
decf1eec86ce,neurocollage-0.3.7-cpython-39-decf1eec86ce.pyc,copied,,neurocollage-0.3.7.tar.gz,neurocollage,0.3.7,tar,neurocollage-0.3.7/tests/__pycache__/test_planes.cpython-39-pytest-6.1.0.pyc,cpython-39,3425,True,4,pylingual_decompilable,decompyle3,exit_2,tool_exit,"decompyle3:exit_2:Traceback (most recent call last): File ""/root/PyBC-Sec/pybcSEC/data/rq2/envs/cpython-39/lib/python3.9/site-packages/xdis/load.py"", line 328, in load_module_from_file_object co = marshal.loads(bytecode) ValueError: bad marshal data (unkn..."
b5463cbef033,neurocollage-0.3.7-cpython-39-b5463cbef033.pyc,copied,,neurocollage-0.3.7.tar.gz,neurocollage,0.3.7,tar,neurocollage-0.3.7/tests/planes_utils/__pycache__/test_maths.cpython-39-pytest-6.0.0.pyc,cpython-39,3425,True,4,pylingual_decompilable,decompyle3,exit_2,tool_exit,"decompyle3:exit_2:Traceback (most recent call last): File ""/root/PyBC-Sec/pybcSEC/data/rq2/envs/cpython-39/lib/python3.9/site-packages/xdis/load.py"", line 328, in load_module_from_file_object co = marshal.loads(bytecode) ValueError: bad marshal data (unkn..."
d2e8df779a9f,neurocollage-0.3.7-cpython-39-d2e8df779a9f.pyc,copied,,neurocollage-0.3.7.tar.gz,neurocollage,0.3.7,tar,neurocollage-0.3.7/tests/planes_utils/__pycache__/test_maths.cpython-39-pytest-6.1.0.pyc,cpython-39,3425,True,4,pylingual_decompilable,decompyle3,exit_2,tool_exit,"decompyle3:exit_2:Traceback (most recent call last): File ""/root/PyBC-Sec/pybcSEC/data/rq2/envs/cpython-39/lib/python3.9/site-packages/xdis/load.py"", line 328, in load_module_from_file_object co = marshal.loads(bytecode) ValueError: bad marshal data (unkn..."
27b464150489,neurocollage-0.3.7-cpython-39-27b464150489.pyc,copied,,neurocollage-0.3.7.tar.gz,neurocollage,0.3.7,tar,neurocollage-0.3.7/tests/planes_utils/__pycache__/test_planes.cpython-39-pytest-6.0.0.pyc,cpython-39,3425,True,4,pylingual_decompilable,decompyle3,exit_2,tool_exit,"decompyle3:exit_2:Traceback (most recent call last): File ""/root/PyBC-Sec/pybcSEC/data/rq2/envs/cpython-39/lib/python3.9/site-packages/xdis/load.py"", line 328, in load_module_from_file_object co = marshal.loads(bytecode) ValueError: bad marshal data (unkn..."
94fae8fbcb47,neurocollage-0.3.7-cpython-39-94fae8fbcb47.pyc,copied,,neurocollage-0.3.7.tar.gz,neurocollage,0.3.7,tar,neurocollage-0.3.7/tests/planes_utils/__pycache__/test_planes.cpython-39-pytest-6.1.0.pyc,cpython-39,3425,True,4,pylingual_decompilable,decompyle3,exit_2,tool_exit,"decompyle3:exit_2:Traceback (most recent call last): File ""/root/PyBC-Sec/pybcSEC/data/rq2/envs/cpython-39/lib/python3.9/site-packages/xdis/load.py"", line 328, in load_module_from_file_object co = marshal.loads(bytecode) ValueError: bad marshal data (unkn..."
9b0d31ae9e4a,new-flask-app-1.0.4-cpython-38-9b0d31ae9e4a.pyc,copied,,new-flask-app-1.0.4.tar.gz,new-flask-app,1.0.4,tar,new-flask-app-1.0.4/create_flask_app/app/tests/__pycache__/test_app.cpython-38-pytest-6.0.1.pyc,cpython-38,3413,True,4,pylingual_decompilable,decompyle3,exit_2,tool_exit,"decompyle3:exit_2:Traceback (most recent call last): File ""/root/PyBC-Sec/pybcSEC/data/rq2/envs/cpython-38/lib/python3.8/site-packages/xdis/load.py"", line 328, in load_module_from_file_object co = marshal.loads(bytecode) ValueError: bad marshal data (unkn..."
a78a10478516,new-flask-app-1.0.4-cpython-38-a78a10478516.pyc,copied,,new_flask_app-1.0.4-py3-none-any.whl,new-flask-app,1.0.4,wheel,create_flask_app/app/tests/__pycache__/test_app.cpython-38-pytest-6.0.1.pyc,cpython-38,3413,True,4,pylingual_decompilable,decompyle3,exit_2,tool_exit,"decompyle3:exit_2:Traceback (most recent call last): File ""/root/PyBC-Sec/pybcSEC/data/rq2/envs/cpython-38/lib/python3.8/site-packages/xdis/load.py"", line 328, in load_module_from_file_object co = marshal.loads(bytecode) ValueError: bad marshal data (unkn..."
6c9f97489fc4,nocturnal-1.6.0-cpython-311-6c9f97489fc4.pyc,copied,,nocturnal-1.6.0.tar.gz,nocturnal,1.6.0,tar,nocturnal-1.6.0/parties/nocturnal/activities/EEC_448_2/private_key/__pycache__/creator.cpython-311.pyc,cpython-311,42946,True,4,pylingual_decompilable,decompyle3;marshal,error;exit_2,marshal_parse_failure;tool_exit,marshal:error:marshal_failed: || decompyle3:exit_2:/root/PyBC-Sec/pybcSEC/data/rq2/envs/cpython-311/lib/python3.11/site-packages/click/core.py:1262: UserWarning: The parameter --version is used more than once. Remove its duplicate as parameters should be unique. parser = self.make_parser...
b6fb16c62336,nocturnal-1.6.0-cpython-311-b6fb16c62336.pyc,copied,,nocturnal-1.6.0.tar.gz,nocturnal,1.6.0,tar,nocturnal-1.6.0/parties/nocturnal/activities/EEC_448_2/private_key/__pycache__/scan.cpython-311.pyc,cpython-311,42946,True,4,pylingual_decompilable,decompyle3;marshal,error;exit_2,marshal_parse_failure;tool_exit,marshal:error:marshal_failed: || decompyle3:exit_2:/root/PyBC-Sec/pybcSEC/data/rq2/envs/cpython-311/lib/python3.11/site-packages/click/core.py:1262: UserWarning: The parameter --version is used more than once. Remove its duplicate as parameters should be unique. parser = self.make_parser...
2da44de0adaf,nocturnal-1.6.0-cpython-311-2da44de0adaf.pyc,copied,,nocturnal-1.6.0.tar.gz,nocturnal,1.6.0,tar,nocturnal-1.6.0/parties/nocturnal/activities/EEC_448_2/public_key/__pycache__/creator.cpython-311.pyc,cpython-311,42946,True,4,pylingual_decompilable,decompyle3;marshal,error;exit_2,marshal_parse_failure;tool_exit,marshal:error:marshal_failed: || decompyle3:exit_2:/root/PyBC-Sec/pybcSEC/data/rq2/envs/cpython-311/lib/python3.11/site-packages/click/core.py:1262: UserWarning: The parameter --version is used more than once. Remove its duplicate as parameters should be unique. parser = self.make_parser...
a950bb705069,nocturnal-1.6.0-cpython-310-a950bb705069.pyc,copied,,nocturnal-1.6.0.tar.gz,nocturnal,1.6.0,tar,nocturnal-1.6.0/parties/nocturnal/activities/EEC_448_2/public_key/__pycache__/form.cpython-310.pyc,cpython-310,3439,False,4,pylingual_decompilable,decompyle3;marshal,error;exit_2,marshal_parse_failure;tool_exit,marshal:error:marshal_failed: || decompyle3:exit_2:/root/PyBC-Sec/pybcSEC/data/rq2/envs/cpython-310/lib/python3.10/site-packages/click/core.py:1262: UserWarning: The parameter --version is used more than once. Remove its duplicate as parameters should be unique. parser = self.make_parser...
ebc1e477838f,nocturnal-1.6.0-cpython-311-ebc1e477838f.pyc,copied,,nocturnal-1.6.0.tar.gz,nocturnal,1.6.0,tar,nocturnal-1.6.0/parties/nocturnal/activities/EEC_448_2/public_key/__pycache__/form.cpython-311.pyc,cpython-311,42946,False,4,pylingual_decompilable,decompyle3;marshal,error;exit_2,marshal_parse_failure;tool_exit,marshal:error:marshal_failed: || decompyle3:exit_2:/root/PyBC-Sec/pybcSEC/data/rq2/envs/cpython-311/lib/python3.11/site-packages/click/core.py:1262: UserWarning: The parameter --version is used more than once. Remove its duplicate as parameters should be unique. parser = self.make_parser...
eefacf1e9f2d,nocturnal-1.6.0-cpython-311-eefacf1e9f2d.pyc,copied,,nocturnal-1.6.0.tar.gz,nocturnal,1.6.0,tar,nocturnal-1.6.0/parties/nocturnal/activities/EEC_448_2/public_key/__pycache__/scan.cpython-311.pyc,cpython-311,42946,True,4,pylingual_decompilable,decompyle3;marshal,error;exit_2,marshal_parse_failure;tool_exit,marshal:error:marshal_failed: || decompyle3:exit_2:/root/PyBC-Sec/pybcSEC/data/rq2/envs/cpython-311/lib/python3.11/site-packages/click/core.py:1262: UserWarning: The parameter --version is used more than once. Remove its duplicate as parameters should be unique. parser = self.make_parser...
4eb9ce7d3666,nocturnal-1.6.0-cpython-310-4eb9ce7d3666.pyc,copied,,nocturnal-1.6.0.tar.gz,nocturnal,1.6.0,tar,nocturnal-1.6.0/parties/nocturnal/activities/EEC_448_2/public_key/__pycache__/write.cpython-310.pyc,cpython-310,3439,False,4,pylingual_decompilable,decompyle3;marshal,error;exit_2,marshal_parse_failure;tool_exit,marshal:error:marshal_failed: || decompyle3:exit_2:/root/PyBC-Sec/pybcSEC/data/rq2/envs/cpython-310/lib/python3.10/site-packages/click/core.py:1262: UserWarning: The parameter --version is used more than once. Remove its duplicate as parameters should be unique. parser = self.make_parser...
22741c5c7ef3,nocturnal-1.6.0-cpython-311-22741c5c7ef3.pyc,copied,,nocturnal-1.6.0.tar.gz,nocturnal,1.6.0,tar,nocturnal-1.6.0/parties/nocturnal/activities/EEC_448_2/public_key/__pycache__/write.cpython-311.pyc,cpython-311,42946,False,4,pylingual_decompilable,decompyle3;marshal,error;exit_2,marshal_parse_failure;tool_exit,marshal:error:marshal_failed: || decompyle3:exit_2:/root/PyBC-Sec/pybcSEC/data/rq2/envs/cpython-311/lib/python3.11/site-packages/click/core.py:1262: UserWarning: The parameter --version is used more than once. Remove its duplicate as parameters should be unique. parser = self.make_parser...
ffc89cf4cc9a,nocturnal-1.6.0-cpython-311-ffc89cf4cc9a.pyc,copied,,nocturnal-1.6.0.tar.gz,nocturnal,1.6.0,tar,nocturnal-1.6.0/parties/nocturnal/activities/EEC_448_2/sign/__pycache__/__init__.cpython-311.pyc,cpython-311,42946,True,4,pylingual_decompilable,decompyle3;marshal,error;exit_2,marshal_parse_failure;tool_exit,marshal:error:marshal_failed: || decompyle3:exit_2:/root/PyBC-Sec/pybcSEC/data/rq2/envs/cpython-311/lib/python3.11/site-packages/click/core.py:1262: UserWarning: The parameter --version is used more than once. Remove its duplicate as parameters should be unique. parser = self.make_parser...
02f2d0c4cf4d,nocturnal-1.6.0-cpython-311-02f2d0c4cf4d.pyc,copied,,nocturnal-1.6.0.tar.gz,nocturnal,1.6.0,tar,nocturnal-1.6.0/parties/nocturnal/activities/EEC_448_2/verify/__pycache__/__init__.cpython-311.pyc,cpython-311,42946,True,4,pylingual_decompilable,decompyle3;marshal,error;exit_2,marshal_parse_failure;tool_exit,marshal:error:marshal_failed: || decompyle3:exit_2:/root/PyBC-Sec/pybcSEC/data/rq2/envs/cpython-311/lib/python3.11/site-packages/click/core.py:1262: UserWarning: The parameter --version is used more than once. Remove its duplicate as parameters should be unique. parser = self.make_parser...
3c1a4358842c,nocturnal-1.6.0-cpython-311-3c1a4358842c.pyc,copied,,nocturnal-1.6.0.tar.gz,nocturnal,1.6.0,tar,nocturnal-1.6.0/parties/nocturnal/activities/EEC_448_3/private_key/__pycache__/creator.cpython-311.pyc,cpython-311,42946,True,4,pylingual_decompilable,decompyle3;marshal,error;exit_2,marshal_parse_failure;tool_exit,marshal:error:marshal_failed: || decompyle3:exit_2:/root/PyBC-Sec/pybcSEC/data/rq2/envs/cpython-311/lib/python3.11/site-packages/click/core.py:1262: UserWarning: The parameter --version is used more than once. Remove its duplicate as parameters should be unique. parser = self.make_parser...
0d139be6d775,nocturnal-1.6.0-cpython-311-0d139be6d775.pyc,copied,,nocturnal-1.6.0.tar.gz,nocturnal,1.6.0,tar,nocturnal-1.6.0/parties/nocturnal/activities/EEC_448_3/private_key/__pycache__/scan.cpython-311.pyc,cpython-311,42946,True,4,pylingual_decompilable,decompyle3;marshal,error;exit_2,marshal_parse_failure;tool_exit,marshal:error:marshal_failed: || decompyle3:exit_2:/root/PyBC-Sec/pybcSEC/data/rq2/envs/cpython-311/lib/python3.11/site-packages/click/core.py:1262: UserWarning: The parameter --version is used more than once. Remove its duplicate as parameters should be unique. parser = self.make_parser...
5a15f3b99725,nocturnal-1.6.0-cpython-311-5a15f3b99725.pyc,copied,,nocturnal-1.6.0.tar.gz,nocturnal,1.6.0,tar,nocturnal-1.6.0/parties/nocturnal/activities/EEC_448_3/public_key/__pycache__/creator.cpython-311.pyc,cpython-311,42946,True,4,pylingual_decompilable,decompyle3;marshal,error;exit_2,marshal_parse_failure;tool_exit,marshal:error:marshal_failed: || decompyle3:exit_2:/root/PyBC-Sec/pybcSEC/data/rq2/envs/cpython-311/lib/python3.11/site-packages/click/core.py:1262: UserWarning: The parameter --version is used more than once. Remove its duplicate as parameters should be unique. parser = self.make_parser...
b0c038bf532e,nocturnal-1.6.0-cpython-310-b0c038bf532e.pyc,copied,,nocturnal-1.6.0.tar.gz,nocturnal,1.6.0,tar,nocturnal-1.6.0/parties/nocturnal/activities/EEC_448_3/public_key/__pycache__/form.cpython-310.pyc,cpython-310,3439,False,4,pylingual_decompilable,decompyle3;marshal,error;exit_2,marshal_parse_failure;tool_exit,marshal:error:marshal_failed: || decompyle3:exit_2:/root/PyBC-Sec/pybcSEC/data/rq2/envs/cpython-310/lib/python3.10/site-packages/click/core.py:1262: UserWarning: The parameter --version is used more than once. Remove its duplicate as parameters should be unique. parser = self.make_parser...
ad32a390621e,nocturnal-1.6.0-cpython-311-ad32a390621e.pyc,copied,,nocturnal-1.6.0.tar.gz,nocturnal,1.6.0,tar,nocturnal-1.6.0/parties/nocturnal/activities/EEC_448_3/public_key/__pycache__/form.cpython-311.pyc,cpython-311,42946,False,4,pylingual_decompilable,decompyle3;marshal,error;exit_2,marshal_parse_failure;tool_exit,marshal:error:marshal_failed: || decompyle3:exit_2:/root/PyBC-Sec/pybcSEC/data/rq2/envs/cpython-311/lib/python3.11/site-packages/click/core.py:1262: UserWarning: The parameter --version is used more than once. Remove its duplicate as parameters should be unique. parser = self.make_parser...
adf039f7ab76,nocturnal-1.6.0-cpython-311-adf039f7ab76.pyc,copied,,nocturnal-1.6.0.tar.gz,nocturnal,1.6.0,tar,nocturnal-1.6.0/parties/nocturnal/activities/EEC_448_3/public_key/__pycache__/scan.cpython-311.pyc,cpython-311,42946,True,4,pylingual_decompilable,decompyle3;marshal,error;exit_2,marshal_parse_failure;tool_exit,marshal:error:marshal_failed: || decompyle3:exit_2:/root/PyBC-Sec/pybcSEC/data/rq2/envs/cpython-311/lib/python3.11/site-packages/click/core.py:1262: UserWarning: The parameter --version is used more than once. Remove its duplicate as parameters should be unique. parser = self.make_parser...
42fc247f9daa,nocturnal-1.6.0-cpython-310-42fc247f9daa.pyc,copied,,nocturnal-1.6.0.tar.gz,nocturnal,1.6.0,tar,nocturnal-1.6.0/parties/nocturnal/activities/EEC_448_3/public_key/__pycache__/write.cpython-310.pyc,cpython-310,3439,False,4,pylingual_decompilable,decompyle3;marshal,error;exit_2,marshal_parse_failure;tool_exit,marshal:error:marshal_failed: || decompyle3:exit_2:/root/PyBC-Sec/pybcSEC/data/rq2/envs/cpython-310/lib/python3.10/site-packages/click/core.py:1262: UserWarning: The parameter --version is used more than once. Remove its duplicate as parameters should be unique. parser = self.make_parser...
8c0f265cbe00,nocturnal-1.6.0-cpython-311-8c0f265cbe00.pyc,copied,,nocturnal-1.6.0.tar.gz,nocturnal,1.6.0,tar,nocturnal-1.6.0/parties/nocturnal/activities/EEC_448_3/public_key/__pycache__/write.cpython-311.pyc,cpython-311,42946,False,4,pylingual_decompilable,decompyle3;marshal,error;exit_2,marshal_parse_failure;tool_exit,marshal:error:marshal_failed: || decompyle3:exit_2:/root/PyBC-Sec/pybcSEC/data/rq2/envs/cpython-311/lib/python3.11/site-packages/click/core.py:1262: UserWarning: The parameter --version is used more than once. Remove its duplicate as parameters should be unique. parser = self.make_parser...
977ac515daf2,nocturnal-1.6.0-cpython-311-977ac515daf2.pyc,copied,,nocturnal-1.6.0.tar.gz,nocturnal,1.6.0,tar,nocturnal-1.6.0/parties/nocturnal/activities/EEC_448_3/sign/__pycache__/__init__.cpython-311.pyc,cpython-311,42946,True,4,pylingual_decompilable,decompyle3;marshal,error;exit_2,marshal_parse_failure;tool_exit,marshal:error:marshal_failed: || decompyle3:exit_2:/root/PyBC-Sec/pybcSEC/data/rq2/envs/cpython-311/lib/python3.11/site-packages/click/core.py:1262: UserWarning: The parameter --version is used more than once. Remove its duplicate as parameters should be unique. parser = self.make_parser...
0b79c259c33c,nocturnal-1.6.0-cpython-311-0b79c259c33c.pyc,copied,,nocturnal-1.6.0.tar.gz,nocturnal,1.6.0,tar,nocturnal-1.6.0/parties/nocturnal/activities/EEC_448_3/verify/__pycache__/__init__.cpython-311.pyc,cpython-311,42946,True,4,pylingual_decompilable,decompyle3;marshal,error;exit_2,marshal_parse_failure;tool_exit,marshal:error:marshal_failed: || decompyle3:exit_2:/root/PyBC-Sec/pybcSEC/data/rq2/envs/cpython-311/lib/python3.11/site-packages/click/core.py:1262: UserWarning: The parameter --version is used more than once. Remove its duplicate as parameters should be unique. parser = self.make_parser...
f01f68bc78f8,oumuamua-0.4.0-cpython-311-f01f68bc78f8.pyc,copied,,oumuamua-0.4.0.tar.gz,oumuamua,0.4.0,tar,oumuamua-0.4.0/vehicles/Oumuamua/_clique/group/__pycache__/__init__.cpython-311.pyc,cpython-311,42946,True,4,pylingual_decompilable,decompyle3;marshal,error;exit_2,marshal_parse_failure;tool_exit,marshal:error:marshal_failed: || decompyle3:exit_2:/root/PyBC-Sec/pybcSEC/data/rq2/envs/cpython-311/lib/python3.11/site-packages/click/core.py:1262: UserWarning: The parameter --version is used more than once. Remove its duplicate as parameters should be unique. parser = self.make_parser...
4f2005c96430,pobm-1.2.0-cpython-38-4f2005c96430.pyc,copied,,pobm-1.2.0.tar.gz,pobm,1.2.0,tar,pobm-1.2.0/.eggs/PyScaffold-3.2.3-py3.8.egg/pyscaffold/contrib/__pycache__/ptr.cpython-38.pyc,cpython-38,3413,True,4,pylingual_decompilable,decompyle3,exit_1,tool_exit,"decompyle3:exit_1:Traceback (most recent call last): File ""data/rq2/envs/cpython-38/bin/decompyle3"", line 8, in <module> sys.exit(main_bin()) File ""/root/PyBC-Sec/pybcSEC/data/rq2/envs/cpython-38/lib/python3.8/site-packages/click/core.py"", line 1161, in _..."
b4bf38bf6d34,poetry-kit-0.1.6-cpython-311-b4bf38bf6d34.pyc,copied,,poetry_kit-0.1.6.tar.gz,poetry-kit,0.1.6,tar,poetry_kit-0.1.6/venues/stages/poetry_kit/_clique/__pycache__/__init__.cpython-311.pyc,cpython-311,42946,True,4,pylingual_decompilable,decompyle3;marshal,error;exit_2,marshal_parse_failure;tool_exit,marshal:error:marshal_failed: || decompyle3:exit_2:/root/PyBC-Sec/pybcSEC/data/rq2/envs/cpython-311/lib/python3.11/site-packages/click/core.py:1262: UserWarning: The parameter --version is used more than once. Remove its duplicate as parameters should be unique. parser = self.make_parser...
7f077b49ad5c,poetry-kit-0.1.6-cpython-311-7f077b49ad5c.pyc,copied,,poetry_kit-0.1.6.tar.gz,poetry-kit,0.1.6,tar,poetry_kit-0.1.6/venues/stages/poetry_kit/_clique/group/__pycache__/__init__.cpython-311.pyc,cpython-311,42946,True,4,pylingual_decompilable,decompyle3;marshal,error;exit_2,marshal_parse_failure;tool_exit,marshal:error:marshal_failed: || decompyle3:exit_2:/root/PyBC-Sec/pybcSEC/data/rq2/envs/cpython-311/lib/python3.11/site-packages/click/core.py:1262: UserWarning: The parameter --version is used more than once. Remove its duplicate as parameters should be unique. parser = self.make_parser...
8318e3240d4b,poetry-mix-0.1.1-cpython-311-8318e3240d4b.pyc,copied,,poetry_mix-0.1.1.tar.gz,poetry-mix,0.1.1,tar,poetry_mix-0.1.1/venues/stages/poetry_mix/_clique/__pycache__/__init__.cpython-311.pyc,cpython-311,42946,True,4,pylingual_decompilable,decompyle3;marshal,error;exit_2,marshal_parse_failure;tool_exit,marshal:error:marshal_failed: || decompyle3:exit_2:/root/PyBC-Sec/pybcSEC/data/rq2/envs/cpython-311/lib/python3.11/site-packages/click/core.py:1262: UserWarning: The parameter --version is used more than once. Remove its duplicate as parameters should be unique. parser = self.make_parser...
217c6eac3d8d,poetry-mix-0.1.1-cpython-311-217c6eac3d8d.pyc,copied,,poetry_mix-0.1.1.tar.gz,poetry-mix,0.1.1,tar,poetry_mix-0.1.1/venues/stages/poetry_mix/_clique/group/__pycache__/__init__.cpython-311.pyc,cpython-311,42946,True,4,pylingual_decompilable,decompyle3;marshal,error;exit_2,marshal_parse_failure;tool_exit,marshal:error:marshal_failed: || decompyle3:exit_2:/root/PyBC-Sec/pybcSEC/data/rq2/envs/cpython-311/lib/python3.11/site-packages/click/core.py:1262: UserWarning: The parameter --version is used more than once. Remove its duplicate as parameters should be unique. parser = self.make_parser...
75b22056f0f0,pychialogprocessor-0.0.13-cpython-38-75b22056f0f0.pyc,copied,,pyChiaLogProcessor-0.0.13-py3-none-any.whl,pychialogprocessor,0.0.13,wheel,pyChiaLogProcessor-0.0.13.dist-info/__pycache__/test_log.cpython-38-pytest-5.4.3.pyc,cpython-38,3413,False,4,pylingual_decompilable,decompyle3,exit_2,tool_exit,"decompyle3:exit_2:Traceback (most recent call last): File ""/root/PyBC-Sec/pybcSEC/data/rq2/envs/cpython-38/lib/python3.8/site-packages/xdis/load.py"", line 328, in load_module_from_file_object co = marshal.loads(bytecode) ValueError: bad marshal data (unkn..."
3f5aaabbe35d,pychialogprocessor-0.0.13-cpython-38-3f5aaabbe35d.pyc,copied,,pyChiaLogProcessor-0.0.13.tar.gz,pychialogprocessor,0.0.13,tar,pyChiaLogProcessor-0.0.13/src/pyChiaLogProcessor.egg-info/__pycache__/test_log.cpython-38-pytest-5.4.3.pyc,cpython-38,3413,False,4,pylingual_decompilable,decompyle3,exit_2,tool_exit,"decompyle3:exit_2:Traceback (most recent call last): File ""/root/PyBC-Sec/pybcSEC/data/rq2/envs/cpython-38/lib/python3.8/site-packages/xdis/load.py"", line 328, in load_module_from_file_object co = marshal.loads(bytecode) ValueError: bad marshal data (unkn..."
cebfd0be9aea,pyhafas-0.6.1-cpython-38-cebfd0be9aea.pyc,copied,,pyhafas-0.6.1.tar.gz,pyhafas,0.6.1,tar,pyhafas-0.6.1/tests/__pycache__/foo.cpython-38-pytest-6.0.1.pyc,cpython-38,3413,False,4,pylingual_decompilable,decompyle3,exit_2,tool_exit,"decompyle3:exit_2:Traceback (most recent call last): File ""/root/PyBC-Sec/pybcSEC/data/rq2/envs/cpython-38/lib/python3.8/site-packages/xdis/load.py"", line 328, in load_module_from_file_object co = marshal.loads(bytecode) ValueError: bad marshal data (unkn..."
d126c9d7712f,pyhafas-0.6.1-cpython-38-d126c9d7712f.pyc,copied,,pyhafas-0.6.1.tar.gz,pyhafas,0.6.1,tar,pyhafas-0.6.1/tests/__pycache__/foo_test.cpython-38-pytest-6.0.1.pyc,cpython-38,3413,False,4,pylingual_decompilable,decompyle3,exit_2,tool_exit,"decompyle3:exit_2:Traceback (most recent call last): File ""/root/PyBC-Sec/pybcSEC/data/rq2/envs/cpython-38/lib/python3.8/site-packages/xdis/load.py"", line 328, in load_module_from_file_object co = marshal.loads(bytecode) ValueError: bad marshal data (unkn..."
24ca1e354d7d,pyhafas-0.6.1-cpython-38-24ca1e354d7d.pyc,copied,,pyhafas-0.6.1.tar.gz,pyhafas,0.6.1,tar,pyhafas-0.6.1/tests/base/__pycache__/foo_test.cpython-38-pytest-6.0.1.pyc,cpython-38,3413,False,4,pylingual_decompilable,decompyle3,exit_2,tool_exit,"decompyle3:exit_2:Traceback (most recent call last): File ""/root/PyBC-Sec/pybcSEC/data/rq2/envs/cpython-38/lib/python3.8/site-packages/xdis/load.py"", line 328, in load_module_from_file_object co = marshal.loads(bytecode) ValueError: bad marshal data (unkn..."
35949408eeba,pyhafas-0.6.1-cpython-38-35949408eeba.pyc,copied,,pyhafas-0.6.1.tar.gz,pyhafas,0.6.1,tar,pyhafas-0.6.1/tests/base/__pycache__/products_filter_test.cpython-38-pytest-6.0.1.pyc,cpython-38,3413,True,4,pylingual_decompilable,decompyle3,exit_2,tool_exit,"decompyle3:exit_2:Traceback (most recent call last): File ""/root/PyBC-Sec/pybcSEC/data/rq2/envs/cpython-38/lib/python3.8/site-packages/xdis/load.py"", line 328, in load_module_from_file_object co = marshal.loads(bytecode) ValueError: bad marshal data (unkn..."
044819c7c1cd,pyhafas-0.6.1-cpython-38-044819c7c1cd.pyc,copied,,pyhafas-0.6.1.tar.gz,pyhafas,0.6.1,tar,pyhafas-0.6.1/tests/db/__pycache__/departures_parsing_test.cpython-38-pytest-6.0.1.pyc,cpython-38,3413,False,4,pylingual_decompilable,decompyle3,exit_2,tool_exit,"decompyle3:exit_2:Traceback (most recent call last): File ""/root/PyBC-Sec/pybcSEC/data/rq2/envs/cpython-38/lib/python3.8/site-packages/xdis/load.py"", line 328, in load_module_from_file_object co = marshal.loads(bytecode) ValueError: bad marshal data (unkn..."
014ce26929cb,pyhafas-0.6.1-cpython-38-014ce26929cb.pyc,copied,,pyhafas-0.6.1.tar.gz,pyhafas,0.6.1,tar,pyhafas-0.6.1/tests/db/parsing/__pycache__/departures_test.cpython-38-pytest-6.0.1.pyc,cpython-38,3413,True,4,pylingual_decompilable,decompyle3,exit_2,tool_exit,"decompyle3:exit_2:Traceback (most recent call last): File ""/root/PyBC-Sec/pybcSEC/data/rq2/envs/cpython-38/lib/python3.8/site-packages/xdis/load.py"", line 328, in load_module_from_file_object co = marshal.loads(bytecode) ValueError: bad marshal data (unkn..."
ca0cf36d3513,pyhafas-0.6.1-cpython-38-ca0cf36d3513.pyc,copied,,pyhafas-0.6.1.tar.gz,pyhafas,0.6.1,tar,pyhafas-0.6.1/tests/db/parsing/__pycache__/journey_test.cpython-38-pytest-6.0.1.pyc,cpython-38,3413,True,4,pylingual_decompilable,decompyle3,exit_2,tool_exit,"decompyle3:exit_2:Traceback (most recent call last): File ""/root/PyBC-Sec/pybcSEC/data/rq2/envs/cpython-38/lib/python3.8/site-packages/xdis/load.py"", line 328, in load_module_from_file_object co = marshal.loads(bytecode) ValueError: bad marshal data (unkn..."
19833b9a619c,pyhafas-0.6.1-cpython-38-19833b9a619c.pyc,copied,,pyhafas-0.6.1.tar.gz,pyhafas,0.6.1,tar,pyhafas-0.6.1/tests/db/parsing/__pycache__/journeys_test.cpython-38-pytest-6.0.1.pyc,cpython-38,3413,True,4,pylingual_decompilable,decompyle3,exit_2,tool_exit,"decompyle3:exit_2:Traceback (most recent call last): File ""/root/PyBC-Sec/pybcSEC/data/rq2/envs/cpython-38/lib/python3.8/site-packages/xdis/load.py"", line 328, in load_module_from_file_object co = marshal.loads(bytecode) ValueError: bad marshal data (unkn..."
79bc0392d61f,pyhafas-0.6.1-cpython-38-79bc0392d61f.pyc,copied,,pyhafas-0.6.1.tar.gz,pyhafas,0.6.1,tar,pyhafas-0.6.1/tests/db/parsing/__pycache__/locations_test.cpython-38-pytest-6.0.1.pyc,cpython-38,3413,True,4,pylingual_decompilable,decompyle3,exit_2,tool_exit,"decompyle3:exit_2:Traceback (most recent call last): File ""/root/PyBC-Sec/pybcSEC/data/rq2/envs/cpython-38/lib/python3.8/site-packages/xdis/load.py"", line 328, in load_module_from_file_object co = marshal.loads(bytecode) ValueError: bad marshal data (unkn..."
7a8c270955b5,pyhafas-0.6.1-cpython-38-7a8c270955b5.pyc,copied,,pyhafas-0.6.1.tar.gz,pyhafas,0.6.1,tar,pyhafas-0.6.1/tests/db/parsing/__pycache__/trip_test.cpython-38-pytest-6.0.1.pyc,cpython-38,3413,True,4,pylingual_decompilable,decompyle3,exit_2,tool_exit,"decompyle3:exit_2:Traceback (most recent call last): File ""/root/PyBC-Sec/pybcSEC/data/rq2/envs/cpython-38/lib/python3.8/site-packages/xdis/load.py"", line 328, in load_module_from_file_object co = marshal.loads(bytecode) ValueError: bad marshal data (unkn..."
4bed213eedf4,pyhafas-0.6.1-cpython-38-4bed213eedf4.pyc,copied,,pyhafas-0.6.1.tar.gz,pyhafas,0.6.1,tar,pyhafas-0.6.1/tests/db/request/__pycache__/arrivals_test.cpython-38-pytest-6.0.1.pyc,cpython-38,3413,True,4,pylingual_decompilable,decompyle3,exit_2,tool_exit,"decompyle3:exit_2:Traceback (most recent call last): File ""/root/PyBC-Sec/pybcSEC/data/rq2/envs/cpython-38/lib/python3.8/site-packages/xdis/load.py"", line 328, in load_module_from_file_object co = marshal.loads(bytecode) ValueError: bad marshal data (unkn..."
17c92c19b866,pyhafas-0.6.1-cpython-38-17c92c19b866.pyc,copied,,pyhafas-0.6.1.tar.gz,pyhafas,0.6.1,tar,pyhafas-0.6.1/tests/db/request/__pycache__/departures_test.cpython-38-pytest-6.0.1.pyc,cpython-38,3413,True,4,pylingual_decompilable,decompyle3,exit_2,tool_exit,"decompyle3:exit_2:Traceback (most recent call last): File ""/root/PyBC-Sec/pybcSEC/data/rq2/envs/cpython-38/lib/python3.8/site-packages/xdis/load.py"", line 328, in load_module_from_file_object co = marshal.loads(bytecode) ValueError: bad marshal data (unkn..."
27e1cd8b7fa1,pyhafas-0.6.1-cpython-38-27e1cd8b7fa1.pyc,copied,,pyhafas-0.6.1.tar.gz,pyhafas,0.6.1,tar,pyhafas-0.6.1/tests/db/request/__pycache__/journey_test.cpython-38-pytest-6.0.1.pyc,cpython-38,3413,True,4,pylingual_decompilable,decompyle3,exit_2,tool_exit,"decompyle3:exit_2:Traceback (most recent call last): File ""/root/PyBC-Sec/pybcSEC/data/rq2/envs/cpython-38/lib/python3.8/site-packages/xdis/load.py"", line 328, in load_module_from_file_object co = marshal.loads(bytecode) ValueError: bad marshal data (unkn..."
57f68388e9dd,pyhafas-0.6.1-cpython-38-57f68388e9dd.pyc,copied,,pyhafas-0.6.1.tar.gz,pyhafas,0.6.1,tar,pyhafas-0.6.1/tests/db/request/__pycache__/journeys_test.cpython-38-pytest-6.0.1.pyc,cpython-38,3413,False,4,pylingual_decompilable,decompyle3,exit_2,tool_exit,"decompyle3:exit_2:Traceback (most recent call last): File ""/root/PyBC-Sec/pybcSEC/data/rq2/envs/cpython-38/lib/python3.8/site-packages/xdis/load.py"", line 328, in load_module_from_file_object co = marshal.loads(bytecode) ValueError: bad marshal data (unkn..."
685d32f430f8,pyhafas-0.6.1-cpython-38-685d32f430f8.pyc,copied,,pyhafas-0.6.1.tar.gz,pyhafas,0.6.1,tar,pyhafas-0.6.1/tests/db/request/__pycache__/locations_test.cpython-38-pytest-6.0.1.pyc,cpython-38,3413,True,4,pylingual_decompilable,decompyle3,exit_2,tool_exit,"decompyle3:exit_2:Traceback (most recent call last): File ""/root/PyBC-Sec/pybcSEC/data/rq2/envs/cpython-38/lib/python3.8/site-packages/xdis/load.py"", line 328, in load_module_from_file_object co = marshal.loads(bytecode) ValueError: bad marshal data (unkn..."
d5583a7aadef,pyhafas-0.6.1-cpython-38-d5583a7aadef.pyc,copied,,pyhafas-0.6.1.tar.gz,pyhafas,0.6.1,tar,pyhafas-0.6.1/tests/vsn/__pycache__/departures_parsing_test.cpython-38-pytest-6.0.1.pyc,cpython-38,3413,False,4,pylingual_decompilable,decompyle3,exit_2,tool_exit,"decompyle3:exit_2:Traceback (most recent call last): File ""/root/PyBC-Sec/pybcSEC/data/rq2/envs/cpython-38/lib/python3.8/site-packages/xdis/load.py"", line 328, in load_module_from_file_object co = marshal.loads(bytecode) ValueError: bad marshal data (unkn..."
0d179844fc8a,pyhafas-0.6.1-cpython-38-0d179844fc8a.pyc,copied,,pyhafas-0.6.1.tar.gz,pyhafas,0.6.1,tar,pyhafas-0.6.1/tests/vsn/parsing/__pycache__/departures_test.cpython-38-pytest-6.0.1.pyc,cpython-38,3413,True,4,pylingual_decompilable,decompyle3,exit_2,tool_exit,"decompyle3:exit_2:Traceback (most recent call last): File ""/root/PyBC-Sec/pybcSEC/data/rq2/envs/cpython-38/lib/python3.8/site-packages/xdis/load.py"", line 328, in load_module_from_file_object co = marshal.loads(bytecode) ValueError: bad marshal data (unkn..."
6913b39b1557,pyhafas-0.6.1-cpython-38-6913b39b1557.pyc,copied,,pyhafas-0.6.1.tar.gz,pyhafas,0.6.1,tar,pyhafas-0.6.1/tests/vsn/parsing/__pycache__/journeys_test.cpython-38-pytest-6.0.1.pyc,cpython-38,3413,True,4,pylingual_decompilable,decompyle3,exit_2,tool_exit,"decompyle3:exit_2:Traceback (most recent call last): File ""/root/PyBC-Sec/pybcSEC/data/rq2/envs/cpython-38/lib/python3.8/site-packages/xdis/load.py"", line 328, in load_module_from_file_object co = marshal.loads(bytecode) ValueError: bad marshal data (unkn..."
e36e62699162,pyhafas-0.6.1-cpython-38-e36e62699162.pyc,copied,,pyhafas-0.6.1.tar.gz,pyhafas,0.6.1,tar,pyhafas-0.6.1/tests/vsn/request/__pycache__/arrivals_test.cpython-38-pytest-6.0.1.pyc,cpython-38,3413,True,4,pylingual_decompilable,decompyle3,exit_2,tool_exit,"decompyle3:exit_2:Traceback (most recent call last): File ""/root/PyBC-Sec/pybcSEC/data/rq2/envs/cpython-38/lib/python3.8/site-packages/xdis/load.py"", line 328, in load_module_from_file_object co = marshal.loads(bytecode) ValueError: bad marshal data (unkn..."
75f970c59885,pyhafas-0.6.1-cpython-38-75f970c59885.pyc,copied,,pyhafas-0.6.1.tar.gz,pyhafas,0.6.1,tar,pyhafas-0.6.1/tests/vsn/request/__pycache__/departures_test.cpython-38-pytest-6.0.1.pyc,cpython-38,3413,True,4,pylingual_decompilable,decompyle3,exit_2,tool_exit,"decompyle3:exit_2:Traceback (most recent call last): File ""/root/PyBC-Sec/pybcSEC/data/rq2/envs/cpython-38/lib/python3.8/site-packages/xdis/load.py"", line 328, in load_module_from_file_object co = marshal.loads(bytecode) ValueError: bad marshal data (unkn..."
c028861a7b33,pyhafas-0.6.1-cpython-38-c028861a7b33.pyc,copied,,pyhafas-0.6.1.tar.gz,pyhafas,0.6.1,tar,pyhafas-0.6.1/tests/vsn/request/__pycache__/journey_test.cpython-38-pytest-6.0.1.pyc,cpython-38,3413,True,4,pylingual_decompilable,decompyle3,exit_2,tool_exit,"decompyle3:exit_2:Traceback (most recent call last): File ""/root/PyBC-Sec/pybcSEC/data/rq2/envs/cpython-38/lib/python3.8/site-packages/xdis/load.py"", line 328, in load_module_from_file_object co = marshal.loads(bytecode) ValueError: bad marshal data (unkn..."
f78924c0d8a6,pyhafas-0.6.1-cpython-38-f78924c0d8a6.pyc,copied,,pyhafas-0.6.1.tar.gz,pyhafas,0.6.1,tar,pyhafas-0.6.1/tests/vsn/request/__pycache__/journeys_test.cpython-38-pytest-6.0.1.pyc,cpython-38,3413,False,4,pylingual_decompilable,decompyle3,exit_2,tool_exit,"decompyle3:exit_2:Traceback (most recent call last): File ""/root/PyBC-Sec/pybcSEC/data/rq2/envs/cpython-38/lib/python3.8/site-packages/xdis/load.py"", line 328, in load_module_from_file_object co = marshal.loads(bytecode) ValueError: bad marshal data (unkn..."
0ae9dc74ab73,pyhafas-0.6.1-cpython-38-0ae9dc74ab73.pyc,copied,,pyhafas-0.6.1.tar.gz,pyhafas,0.6.1,tar,pyhafas-0.6.1/tests/vsn/request/__pycache__/locations_test.cpython-38-pytest-6.0.1.pyc,cpython-38,3413,True,4,pylingual_decompilable,decompyle3,exit_2,tool_exit,"decompyle3:exit_2:Traceback (most recent call last): File ""/root/PyBC-Sec/pybcSEC/data/rq2/envs/cpython-38/lib/python3.8/site-packages/xdis/load.py"", line 328, in load_module_from_file_object co = marshal.loads(bytecode) ValueError: bad marshal data (unkn..."
70d6c436ae91,pyomic-1.2.9-cpython-38-70d6c436ae91.pyc,copied,,Pyomic-1.2.9-py3-none-any.whl,pyomic,1.2.9,wheel,Pyomic/bulk/__pycache__/_dynamicTree.cpython-38.pyc,cpython-38,3413,True,4,pylingual_decompilable,decompyle3,timeout,timeout,decompyle3:timeout:timeout_after_600s
906cc21190e9,pypbem-1.1.0-cpython-310-906cc21190e9.pyc,copied,,pypbem-1.1.0.tar.gz,pypbem,1.1.0,tar,pypbem-1.1.0/pypbem/utils/__pycache__/BSLO.cpython-310.pyc,cpython-310,6051,False,4,pylingual_decompilable,decompyle3;marshal,error;exit_2,marshal_parse_failure;tool_exit,"marshal:error:marshal_failed:offset16:ValueError:bad marshal data (tuple size out of range),offset12:EOFError:marshal data too short,offset8:ValueError:bad marshal data (unknown type code) || decompyle3:exit_2:/root/PyBC-Sec/pybcSEC/data/rq2/envs/cpython-310/lib/python3.10/site-packages/click/core.py:1262: UserWarning: The parameter --version is used more than once. Remove its duplicate as parameters should be unique. parser = self.make_parser..."
c63d2bff5809,pypbem-1.1.0-cpython-310-c63d2bff5809.pyc,copied,,pypbem-1.1.0.tar.gz,pypbem,1.1.0,tar,pypbem-1.1.0/pypbem/utils/__pycache__/RHS.cpython-310.pyc,cpython-310,60321,False,4,pylingual_decompilable,decompyle3;marshal,error;exit_2,marshal_parse_failure;tool_exit,"marshal:error:marshal_failed:offset16:ValueError:bad marshal data (unknown type code),offset12:ValueError:bad marshal data (unknown type code),offset8:ValueError:bad marshal data (unknown type code) || decompyle3:exit_2:/root/PyBC-Sec/pybcSEC/data/rq2/envs/cpython-310/lib/python3.10/site-packages/click/core.py:1262: UserWarning: The parameter --version is used more than once. Remove its duplicate as parameters should be unique. parser = self.make_parser..."
24610888673d,pypbem-1.1.0-cpython-310-24610888673d.pyc,copied,,pypbem-1.1.0.tar.gz,pypbem,1.1.0,tar,pypbem-1.1.0/pypbem/utils/__pycache__/__init__.cpython-310.pyc,cpython-310,47009,True,4,pylingual_decompilable,decompyle3;marshal,error;exit_2,marshal_parse_failure;tool_exit,"marshal:error:marshal_failed:offset16:ValueError:bad marshal data (unknown type code),offset12:ValueError:bad marshal data (unknown type code),offset8:ValueError:bad marshal data (unknown type code) || decompyle3:exit_2:/root/PyBC-Sec/pybcSEC/data/rq2/envs/cpython-310/lib/python3.10/site-packages/click/core.py:1262: UserWarning: The parameter --version is used more than once. Remove its duplicate as parameters should be unique. parser = self.make_parser..."
4441c489f11d,pypbem-1.1.0-cpython-311-4441c489f11d.pyc,copied,,pypbem-1.1.0.tar.gz,pypbem,1.1.0,tar,pypbem-1.1.0/pypbem/utils/__pycache__/__init__.cpython-311.pyc,cpython-311,22463,True,4,pylingual_decompilable,decompyle3;marshal,error;exit_2,marshal_parse_failure;tool_exit,"marshal:error:marshal_failed:offset16:ValueError:bad marshal data (unknown type code),offset12:ValueError:bad marshal data (unknown type code),offset8:ValueError:bad marshal data (unknown type code) || decompyle3:exit_2:/root/PyBC-Sec/pybcSEC/data/rq2/envs/cpython-311/lib/python3.11/site-packages/click/core.py:1262: UserWarning: The parameter --version is used more than once. Remove its duplicate as parameters should be unique. parser = self.make_parser..."
f91827301b22,pypbem-1.1.0-cpython-310-f91827301b22.pyc,copied,,pypbem-1.1.0.tar.gz,pypbem,1.1.0,tar,pypbem-1.1.0/pypbem/utils/__pycache__/assemble_BSLO.cpython-310.pyc,cpython-310,60321,False,4,pylingual_decompilable,decompyle3;marshal,error;exit_2,marshal_parse_failure;tool_exit,"marshal:error:marshal_failed:offset16:ValueError:bad marshal data (unknown type code),offset12:EOFError:marshal data too short,offset8:ValueError:bad marshal data (unknown type code) || decompyle3:exit_2:/root/PyBC-Sec/pybcSEC/data/rq2/envs/cpython-310/lib/python3.10/site-packages/click/core.py:1262: UserWarning: The parameter --version is used more than once. Remove its duplicate as parameters should be unique. parser = self.make_parser..."
c42278e26b6d,pypbem-1.1.0-cpython-310-c42278e26b6d.pyc,copied,,pypbem-1.1.0.tar.gz,pypbem,1.1.0,tar,pypbem-1.1.0/pypbem/utils/__pycache__/assemble_RHS.cpython-310.pyc,cpython-310,60321,False,4,pylingual_decompilable,decompyle3;marshal,error;exit_2,marshal_parse_failure;tool_exit,"marshal:error:marshal_failed:offset16:ValueError:bad marshal data (unknown type code),offset12:ValueError:bad marshal data (string size out of range),offset8:ValueError:bad marshal data (unknown type code) || decompyle3:exit_2:/root/PyBC-Sec/pybcSEC/data/rq2/envs/cpython-310/lib/python3.10/site-packages/click/core.py:1262: UserWarning: The parameter --version is used more than once. Remove its duplicate as parameters should be unique. parser = self.make_parser..."
36ea49cddea4,pypbem-1.1.0-cpython-310-36ea49cddea4.pyc,copied,,pypbem-1.1.0.tar.gz,pypbem,1.1.0,tar,pypbem-1.1.0/pypbem/utils/__pycache__/circle_grid.cpython-310.pyc,cpython-310,58017,False,4,pylingual_decompilable,decompyle3;marshal,error;exit_2,marshal_parse_failure;tool_exit,"marshal:error:marshal_failed:offset16:ValueError:bad marshal data (unknown type code),offset12:ValueError:bad marshal data (unknown type code),offset8:ValueError:bad marshal data (unknown type code) || decompyle3:exit_2:/root/PyBC-Sec/pybcSEC/data/rq2/envs/cpython-310/lib/python3.10/site-packages/click/core.py:1262: UserWarning: The parameter --version is used more than once. Remove its duplicate as parameters should be unique. parser = self.make_parser..."
e83297276b54,pypbem-1.1.0-cpython-310-e83297276b54.pyc,copied,,pypbem-1.1.0.tar.gz,pypbem,1.1.0,tar,pypbem-1.1.0/pypbem/utils/__pycache__/example.cpython-310.pyc,cpython-310,60321,False,4,pylingual_decompilable,decompyle3;marshal,error;exit_2,marshal_parse_failure;tool_exit,"marshal:error:marshal_failed:offset16:not_code,offset12:ValueError:bad marshal data (unknown type code),offset8:ValueError:bad marshal data (unknown type code) || decompyle3:exit_2:/root/PyBC-Sec/pybcSEC/data/rq2/envs/cpython-310/lib/python3.10/site-packages/click/core.py:1262: UserWarning: The parameter --version is used more than once. Remove its duplicate as parameters should be unique. parser = self.make_parser..."
184389da9a7d,pypbem-1.1.0-cpython-311-184389da9a7d.pyc,copied,,pypbem-1.1.0.tar.gz,pypbem,1.1.0,tar,pypbem-1.1.0/pypbem/utils/__pycache__/example.cpython-311.pyc,cpython-311,59349,False,4,pylingual_decompilable,decompyle3;marshal,error;exit_2,marshal_parse_failure;tool_exit,"marshal:error:marshal_failed:offset16:ValueError:bad marshal data (unknown type code),offset12:ValueError:bad marshal data (string size out of range),offset8:ValueError:bad marshal data (unknown type code) || decompyle3:exit_2:/root/PyBC-Sec/pybcSEC/data/rq2/envs/cpython-311/lib/python3.11/site-packages/click/core.py:1262: UserWarning: The parameter --version is used more than once. Remove its duplicate as parameters should be unique. parser = self.make_parser..."
922e49047f2c,pypbem-1.1.0-cpython-310-922e49047f2c.pyc,copied,,pypbem-1.1.0.tar.gz,pypbem,1.1.0,tar,pypbem-1.1.0/pypbem/utils/__pycache__/get_circle_grid.cpython-310.pyc,cpython-310,57505,False,4,pylingual_decompilable,decompyle3;marshal,error;exit_2,marshal_parse_failure;tool_exit,"marshal:error:marshal_failed:offset16:ValueError:bad marshal data (unknown type code),offset12:ValueError:bad marshal data (unknown type code),offset8:ValueError:bad marshal data (unknown type code) || decompyle3:exit_2:/root/PyBC-Sec/pybcSEC/data/rq2/envs/cpython-310/lib/python3.10/site-packages/click/core.py:1262: UserWarning: The parameter --version is used more than once. Remove its duplicate as parameters should be unique. parser = self.make_parser..."
d727da49f07e,pypbem-1.1.0-cpython-310-d727da49f07e.pyc,copied,,pypbem-1.1.0.tar.gz,pypbem,1.1.0,tar,pypbem-1.1.0/pypbem/utils/__pycache__/green_evaluation.cpython-310.pyc,cpython-310,58273,False,4,pylingual_decompilable,decompyle3;marshal,error;exit_2,marshal_parse_failure;tool_exit,"marshal:error:marshal_failed:offset16:ValueError:bad marshal data (unknown type code),offset12:ValueError:bad marshal data (unknown type code),offset8:ValueError:bad marshal data (unknown type code) || decompyle3:exit_2:/root/PyBC-Sec/pybcSEC/data/rq2/envs/cpython-310/lib/python3.10/site-packages/click/core.py:1262: UserWarning: The parameter --version is used more than once. Remove its duplicate as parameters should be unique. parser = self.make_parser..."
41d1d7c0492e,pypbem-1.1.0-cpython-310-41d1d7c0492e.pyc,copied,,pypbem-1.1.0.tar.gz,pypbem,1.1.0,tar,pypbem-1.1.0/pypbem/utils/__pycache__/potential.cpython-310.pyc,cpython-310,61345,False,4,pylingual_decompilable,decompyle3;marshal,error;exit_2,marshal_parse_failure;tool_exit,"marshal:error:marshal_failed:offset16:ValueError:bad marshal data (unknown type code),offset12:EOFError:marshal data too short,offset8:ValueError:could not convert string to float: 'f]u�Yu#`����ږ
�z޽�v��n�w��mu�]��m���u���'d��mt;]u��&���nj׬��z��v'zY��[s���[�rب�ȧ���)��#ڭ' || decompyle3:exit_2:/root/PyBC-Sec/pybcSEC/data/rq2/envs/cpython-310/lib/python3.10/site-packages/click/core.py:1262: UserWarning: The parameter --version is used more than once. Remove its duplicate as parameters should be unique. parser = self.make_parser..."
5b95d0898435,pypbem-1.1.0-cpython-310-5b95d0898435.pyc,copied,,pypbem-1.1.0.tar.gz,pypbem,1.1.0,tar,pypbem-1.1.0/pypbem/utils/threeD/__pycache__/BSLO.cpython-310.pyc,cpython-310,60321,True,4,pylingual_decompilable,decompyle3;marshal,error;exit_2,marshal_parse_failure;tool_exit,"marshal:error:marshal_failed:offset16:ValueError:bad marshal data (unknown type code),offset12:ValueError:bad marshal data (unknown type code),offset8:ValueError:bad marshal data (unknown type code) || decompyle3:exit_2:/root/PyBC-Sec/pybcSEC/data/rq2/envs/cpython-310/lib/python3.10/site-packages/click/core.py:1262: UserWarning: The parameter --version is used more than once. Remove its duplicate as parameters should be unique. parser = self.make_parser..."
1c5cf4fe5e50,pypbem-1.1.0-cpython-310-1c5cf4fe5e50.pyc,copied,,pypbem-1.1.0.tar.gz,pypbem,1.1.0,tar,pypbem-1.1.0/pypbem/utils/threeD/__pycache__/RHS.cpython-310.pyc,cpython-310,10147,True,4,pylingual_decompilable,decompyle3;marshal,error;exit_2,marshal_parse_failure;tool_exit,"marshal:error:marshal_failed:offset16:ValueError:bad marshal data (unknown type code),offset12:not_code,offset8:ValueError:bad marshal data (unknown type code) || decompyle3:exit_2:/root/PyBC-Sec/pybcSEC/data/rq2/envs/cpython-310/lib/python3.10/site-packages/click/core.py:1262: UserWarning: The parameter --version is used more than once. Remove its duplicate as parameters should be unique. parser = self.make_parser..."
095efb7b599c,pypbem-1.1.0-cpython-310-095efb7b599c.pyc,copied,,pypbem-1.1.0.tar.gz,pypbem,1.1.0,tar,pypbem-1.1.0/pypbem/utils/threeD/__pycache__/__init__.cpython-310.pyc,cpython-310,47010,True,4,pylingual_decompilable,decompyle3;marshal,error;exit_2,marshal_parse_failure;tool_exit,"marshal:error:marshal_failed:offset16:ValueError:bad marshal data (unknown type code),offset12:ValueError:bad marshal data (unknown type code),offset8:ValueError:bad marshal data (unknown type code) || decompyle3:exit_2:/root/PyBC-Sec/pybcSEC/data/rq2/envs/cpython-310/lib/python3.10/site-packages/click/core.py:1262: UserWarning: The parameter --version is used more than once. Remove its duplicate as parameters should be unique. parser = self.make_parser..."
a9eafca82ecf,pypbem-1.1.0-cpython-310-a9eafca82ecf.pyc,copied,,pypbem-1.1.0.tar.gz,pypbem,1.1.0,tar,pypbem-1.1.0/pypbem/utils/threeD/__pycache__/circle_grid.cpython-310.pyc,cpython-310,58017,False,4,pylingual_decompilable,decompyle3;marshal,error;exit_2,marshal_parse_failure;tool_exit,"marshal:error:marshal_failed:offset16:ValueError:bad marshal data (unknown type code),offset12:ValueError:bad marshal data (unknown type code),offset8:ValueError:bad marshal data (unknown type code) || decompyle3:exit_2:/root/PyBC-Sec/pybcSEC/data/rq2/envs/cpython-310/lib/python3.10/site-packages/click/core.py:1262: UserWarning: The parameter --version is used more than once. Remove its duplicate as parameters should be unique. parser = self.make_parser..."
b49d2be864ae,pypbem-1.1.0-cpython-310-b49d2be864ae.pyc,copied,,pypbem-1.1.0.tar.gz,pypbem,1.1.0,tar,pypbem-1.1.0/pypbem/utils/threeD/__pycache__/green_evaluation.cpython-310.pyc,cpython-310,60321,True,4,pylingual_decompilable,decompyle3;marshal,error;exit_2,marshal_parse_failure;tool_exit,"marshal:error:marshal_failed:offset16:ValueError:bad marshal data (unknown type code),offset12:ValueError:bad marshal data (string size out of range),offset8:ValueError:bad marshal data (unknown type code) || decompyle3:exit_2:/root/PyBC-Sec/pybcSEC/data/rq2/envs/cpython-310/lib/python3.10/site-packages/click/core.py:1262: UserWarning: The parameter --version is used more than once. Remove its duplicate as parameters should be unique. parser = self.make_parser..."
f8c4436062d3,pypbem-1.1.0-cpython-310-f8c4436062d3.pyc,copied,,pypbem-1.1.0.tar.gz,pypbem,1.1.0,tar,pypbem-1.1.0/pypbem/utils/threeD/__pycache__/potential.cpython-310.pyc,cpython-310,60577,True,4,pylingual_decompilable,decompyle3;marshal,error;exit_2,marshal_parse_failure;tool_exit,"marshal:error:marshal_failed:offset16:ValueError:bad marshal data (unknown type code),offset12:ValueError:bad marshal data (unknown type code),offset8:ValueError:bad marshal data (unknown type code) || decompyle3:exit_2:/root/PyBC-Sec/pybcSEC/data/rq2/envs/cpython-310/lib/python3.10/site-packages/click/core.py:1262: UserWarning: The parameter --version is used more than once. Remove its duplicate as parameters should be unique. parser = self.make_parser..."
0df83fc8c95a,pypbem-1.1.0-cpython-310-0df83fc8c95a.pyc,copied,,pypbem-1.1.0.tar.gz,pypbem,1.1.0,tar,pypbem-1.1.0/pypbem/utils/threeD/__pycache__/sphere_grid.cpython-310.pyc,cpython-310,61345,True,4,pylingual_decompilable,decompyle3;marshal,error;exit_2,marshal_parse_failure;tool_exit,"marshal:error:marshal_failed:offset16:not_code,offset12:ValueError:bad marshal data (string size out of range),offset8:ValueError:bad marshal data (unknown type code) || decompyle3:exit_2:/root/PyBC-Sec/pybcSEC/data/rq2/envs/cpython-310/lib/python3.10/site-packages/click/core.py:1262: UserWarning: The parameter --version is used more than once. Remove its duplicate as parameters should be unique. parser = self.make_parser..."
81d95f154e50,pytest-exploratory-0.9.1-cpython-38-81d95f154e50.pyc,copied,,pytest_exploratory-0.9.1.tar.gz,pytest-exploratory,0.9.1,tar,pytest_exploratory-0.9.1/tests/__pycache__/__init__.cpython-38-pytest-5.3.5.pyc,cpython-38,3413,True,4,pylingual_decompilable,decompyle3,exit_2,tool_exit,"decompyle3:exit_2:Traceback (most recent call last): File ""/root/PyBC-Sec/pybcSEC/data/rq2/envs/cpython-38/lib/python3.8/site-packages/xdis/load.py"", line 328, in load_module_from_file_object co = marshal.loads(bytecode) ValueError: bad marshal data (unkn..."
9f7914f9f092,pytest-exploratory-0.9.1-cpython-39-9f7914f9f092.pyc,copied,,pytest_exploratory-0.9.1.tar.gz,pytest-exploratory,0.9.1,tar,pytest_exploratory-0.9.1/tests/__pycache__/__init__.cpython-39-pytest-5.3.5.pyc,cpython-39,3425,True,4,pylingual_decompilable,decompyle3,exit_2,tool_exit,"decompyle3:exit_2:Traceback (most recent call last): File ""/root/PyBC-Sec/pybcSEC/data/rq2/envs/cpython-39/lib/python3.9/site-packages/xdis/load.py"", line 328, in load_module_from_file_object co = marshal.loads(bytecode) ValueError: bad marshal data (unkn..."
ce2e4ade4562,pytest-exploratory-0.9.1-cpython-38-ce2e4ade4562.pyc,copied,,pytest_exploratory-0.9.1.tar.gz,pytest-exploratory,0.9.1,tar,pytest_exploratory-0.9.1/tests/__pycache__/test_console.cpython-38-pytest-5.3.5.pyc,cpython-38,3413,False,4,pylingual_decompilable,decompyle3,exit_2,tool_exit,"decompyle3:exit_2:Traceback (most recent call last): File ""/root/PyBC-Sec/pybcSEC/data/rq2/envs/cpython-38/lib/python3.8/site-packages/xdis/load.py"", line 328, in load_module_from_file_object co = marshal.loads(bytecode) ValueError: bad marshal data (unkn..."
80cb4a45be00,pytest-exploratory-0.9.1-cpython-38-80cb4a45be00.pyc,copied,,pytest_exploratory-0.9.1.tar.gz,pytest-exploratory,0.9.1,tar,pytest_exploratory-0.9.1/tests/__pycache__/test_interactive.cpython-38-PYTEST.pyc,cpython-38,3413,True,4,pylingual_decompilable,decompyle3,exit_2,tool_exit,"decompyle3:exit_2:Traceback (most recent call last): File ""/root/PyBC-Sec/pybcSEC/data/rq2/envs/cpython-38/lib/python3.8/site-packages/xdis/load.py"", line 328, in load_module_from_file_object co = marshal.loads(bytecode) ValueError: bad marshal data (unkn..."
01dbe81fd797,pytest-exploratory-0.9.1-cpython-38-01dbe81fd797.pyc,copied,,pytest_exploratory-0.9.1.tar.gz,pytest-exploratory,0.9.1,tar,pytest_exploratory-0.9.1/tests/__pycache__/test_interactive.cpython-38-pytest-5.3.4.pyc,cpython-38,3413,True,4,pylingual_decompilable,decompyle3,exit_2,tool_exit,"decompyle3:exit_2:Traceback (most recent call last): File ""/root/PyBC-Sec/pybcSEC/data/rq2/envs/cpython-38/lib/python3.8/site-packages/xdis/load.py"", line 328, in load_module_from_file_object co = marshal.loads(bytecode) ValueError: bad marshal data (unkn..."
1062a8c157aa,pytest-exploratory-0.9.1-cpython-38-1062a8c157aa.pyc,copied,,pytest_exploratory-0.9.1.tar.gz,pytest-exploratory,0.9.1,tar,pytest_exploratory-0.9.1/tests/__pycache__/test_interactive.cpython-38-pytest-5.3.5.pyc,cpython-38,3413,True,4,pylingual_decompilable,decompyle3,exit_2,tool_exit,"decompyle3:exit_2:Traceback (most recent call last): File ""/root/PyBC-Sec/pybcSEC/data/rq2/envs/cpython-38/lib/python3.8/site-packages/xdis/load.py"", line 328, in load_module_from_file_object co = marshal.loads(bytecode) ValueError: bad marshal data (unkn..."
f926045e1cde,pytest-exploratory-0.9.1-cpython-38-f926045e1cde.pyc,copied,,pytest_exploratory-0.9.1.tar.gz,pytest-exploratory,0.9.1,tar,pytest_exploratory-0.9.1/tests/__pycache__/test_interactive.cpython-38-pytest-6.0.0.pyc,cpython-38,3413,True,4,pylingual_decompilable,decompyle3,exit_2,tool_exit,"decompyle3:exit_2:Traceback (most recent call last): File ""/root/PyBC-Sec/pybcSEC/data/rq2/envs/cpython-38/lib/python3.8/site-packages/xdis/load.py"", line 328, in load_module_from_file_object co = marshal.loads(bytecode) ValueError: bad marshal data (unkn..."
1b376b62feab,pytest-exploratory-0.9.1-cpython-39-1b376b62feab.pyc,copied,,pytest_exploratory-0.9.1.tar.gz,pytest-exploratory,0.9.1,tar,pytest_exploratory-0.9.1/tests/__pycache__/test_interactive.cpython-39-pytest-5.3.5.pyc,cpython-39,3425,True,4,pylingual_decompilable,decompyle3,exit_2,tool_exit,"decompyle3:exit_2:Traceback (most recent call last): File ""/root/PyBC-Sec/pybcSEC/data/rq2/envs/cpython-39/lib/python3.9/site-packages/xdis/load.py"", line 328, in load_module_from_file_object co = marshal.loads(bytecode) ValueError: bad marshal data (unkn..."
55b066430186,pytest-exploratory-0.9.1-cpython-39-55b066430186.pyc,copied,,pytest_exploratory-0.9.1.tar.gz,pytest-exploratory,0.9.1,tar,pytest_exploratory-0.9.1/tests/__pycache__/test_interactive.cpython-39-pytest-5.4.3.pyc,cpython-39,3425,True,4,pylingual_decompilable,decompyle3,exit_2,tool_exit,"decompyle3:exit_2:Traceback (most recent call last): File ""/root/PyBC-Sec/pybcSEC/data/rq2/envs/cpython-39/lib/python3.9/site-packages/xdis/load.py"", line 328, in load_module_from_file_object co = marshal.loads(bytecode) ValueError: bad marshal data (unkn..."
31645cb2b47a,pytest-exploratory-0.9.1-cpython-39-31645cb2b47a.pyc,copied,,pytest_exploratory-0.9.1.tar.gz,pytest-exploratory,0.9.1,tar,pytest_exploratory-0.9.1/tests/__pycache__/test_interactive.cpython-39-pytest-6.0.0rc1.pyc,cpython-39,3425,True,4,pylingual_decompilable,decompyle3,exit_2,tool_exit,"decompyle3:exit_2:Traceback (most recent call last): File ""/root/PyBC-Sec/pybcSEC/data/rq2/envs/cpython-39/lib/python3.9/site-packages/xdis/load.py"", line 328, in load_module_from_file_object co = marshal.loads(bytecode) ValueError: bad marshal data (unkn..."
54df5f9e9692,pytest-exploratory-0.9.1-cpython-39-54df5f9e9692.pyc,copied,,pytest_exploratory-0.9.1.tar.gz,pytest-exploratory,0.9.1,tar,pytest_exploratory-0.9.1/tests/__pycache__/test_interactive.cpython-39-pytest-6.0.2.pyc,cpython-39,3425,True,4,pylingual_decompilable,decompyle3,exit_2,tool_exit,"decompyle3:exit_2:Traceback (most recent call last): File ""/root/PyBC-Sec/pybcSEC/data/rq2/envs/cpython-39/lib/python3.9/site-packages/xdis/load.py"", line 328, in load_module_from_file_object co = marshal.loads(bytecode) ValueError: bad marshal data (unkn..."
c4e4fb2fa8ad,pytest-exploratory-0.9.1-cpython-39-c4e4fb2fa8ad.pyc,copied,,pytest_exploratory-0.9.1.tar.gz,pytest-exploratory,0.9.1,tar,pytest_exploratory-0.9.1/tests/__pycache__/test_interactive.cpython-39-pytest-6.1.2.pyc,cpython-39,3425,True,4,pylingual_decompilable,decompyle3,exit_2,tool_exit,"decompyle3:exit_2:Traceback (most recent call last): File ""/root/PyBC-Sec/pybcSEC/data/rq2/envs/cpython-39/lib/python3.9/site-packages/xdis/load.py"", line 328, in load_module_from_file_object co = marshal.loads(bytecode) ValueError: bad marshal data (unkn..."
9048538b15e7,qt-pyqt-pyside-custom-widgets-2.1.9-cpython-38-9048538b15e7.pyc,copied,,qt_pyqt_pyside_custom_widgets-2.1.9-py3-none-any.whl,qt-pyqt-pyside-custom-widgets,2.1.9,wheel,Custom_Widgets/JSonStyles/__pycache__/__init__.cpython-38.pyc,cpython-38,3413,True,4,pylingual_decompilable,decompyle3,timeout,timeout,decompyle3:timeout:timeout_after_600s
969860397624,qt-pyqt-pyside-custom-widgets-2.1.9-cpython-38-969860397624.pyc,copied,,qt_pyqt_pyside_custom_widgets-2.1.9.tar.gz,qt-pyqt-pyside-custom-widgets,2.1.9,tar,qt_pyqt_pyside_custom_widgets-2.1.9/Custom_Widgets/JSonStyles/__pycache__/__init__.cpython-38.pyc,cpython-38,3413,True,4,pylingual_decompilable,decompyle3,timeout,timeout,decompyle3:timeout:timeout_after_600s
5f1267573fa1,quanguru-0.0.1rc19-cpython-38-5f1267573fa1.pyc,copied,,QuanGuru-0.0.1rc19.tar.gz,quanguru,0.0.1rc19,tar,QuanGuru-0.0.1rc19/tests/classes/QuantumSystem/__pycache__/test_addRemoveSubSysToQuantumSystem.cpython-38-pytest-7.0.1.pyc,cpython-38,3413,True,4,pylingual_decompilable,decompyle3,timeout,timeout,decompyle3:timeout:timeout_after_600s
5fb577e4f467,quanguru-0.0.1rc19-cpython-38-5fb577e4f467.pyc,copied,,QuanGuru-0.0.1rc19.tar.gz,quanguru,0.0.1rc19,tar,QuanGuru-0.0.1rc19/tests/classes/QuantumSystem/__pycache__/test_addRemoveSubSysToQuantumSystem.cpython-38-pytest-7.1.2.pyc,cpython-38,3413,True,4,pylingual_decompilable,decompyle3,timeout,timeout,decompyle3:timeout:timeout_after_600s
957e90d7a51b,radboy-0.0.1054-cpython-311-957e90d7a51b.pyc,copied,,radboy-0.0.1054-py3-none-any.whl,radboy,0.0.1054,wheel,radboy/Collector2/__pycache__/Collector2.cpython-311.pyc,cpython-311,3495,True,4,pylingual_decompilable,decompyle3;marshal,error;exit_2,marshal_parse_failure;tool_exit,"marshal:error:marshal_failed:offset16:ValueError:bad marshal data (unknown type code),offset12:ValueError:bad marshal data (unknown type code),offset8:ValueError:bad marshal data (unknown type code) || decompyle3:exit_2:/root/PyBC-Sec/pybcSEC/data/rq2/envs/cpython-311/lib/python3.11/site-packages/click/core.py:1262: UserWarning: The parameter --version is used more than once. Remove its duplicate as parameters should be unique. parser = self.make_parser..."
3647ce80c73e,radboy-0.0.1054-cpython-311-3647ce80c73e.pyc,copied,,radboy-0.0.1054-py3-none-any.whl,radboy,0.0.1054,wheel,radboy/Conversion/__pycache__/Conversion.cpython-311.pyc,cpython-311,3495,True,4,pylingual_decompilable,decompyle3;marshal,error;exit_2,marshal_parse_failure;tool_exit,"marshal:error:marshal_failed:offset16:EOFError:marshal data too short,offset12:ValueError:bad marshal data (bytes object size out of range),offset8:ValueError:bad marshal data (unknown type code) || decompyle3:exit_2:/root/PyBC-Sec/pybcSEC/data/rq2/envs/cpython-311/lib/python3.11/site-packages/click/core.py:1262: UserWarning: The parameter --version is used more than once. Remove its duplicate as parameters should be unique. parser = self.make_parser..."
085a4ad5be0c,radboy-0.0.1054-cpython-311-085a4ad5be0c.pyc,copied,,radboy-0.0.1054-py3-none-any.whl,radboy,0.0.1054,wheel,radboy/DB/__pycache__/DatePicker.cpython-311.pyc,cpython-311,3495,True,4,pylingual_decompilable,decompyle3;marshal,error;exit_2,marshal_parse_failure;tool_exit,"marshal:error:marshal_failed:offset16:ValueError:bad marshal data (unknown type code),offset12:ValueError:bad marshal data (unknown type code),offset8:ValueError:bad marshal data (unknown type code) || decompyle3:exit_2:/root/PyBC-Sec/pybcSEC/data/rq2/envs/cpython-311/lib/python3.11/site-packages/click/core.py:1262: UserWarning: The parameter --version is used more than once. Remove its duplicate as parameters should be unique. parser = self.make_parser..."
809f31553059,radboy-0.0.1054-cpython-312-809f31553059.pyc,copied,,radboy-0.0.1054-py3-none-any.whl,radboy,0.0.1054,wheel,radboy/DB/__pycache__/FormBuilder.cpython-312.pyc,cpython-312,3531,False,4,pylingual_decompilable,decompyle3;marshal,error;exit_2,marshal_parse_failure;tool_exit,"marshal:error:marshal_failed:offset16:ValueError:bad marshal data (unknown type code),offset12:ValueError:bad marshal data (unknown type code),offset8:ValueError:bad marshal data (tuple size out of range) || decompyle3:exit_2:/root/PyBC-Sec/pybcSEC/data/rq2/envs/cpython-312/lib/python3.12/site-packages/click/core.py:1262: UserWarning: The parameter --version is used more than once. Remove its duplicate as parameters should be unique. parser = self.make_parser..."
ad21c9e1539a,radboy-0.0.1054-cpython-311-ad21c9e1539a.pyc,copied,,radboy-0.0.1054-py3-none-any.whl,radboy,0.0.1054,wheel,radboy/DB/__pycache__/ResetTools.cpython-311.pyc,cpython-311,3495,True,4,pylingual_decompilable,decompyle3;marshal,error;exit_2,marshal_parse_failure;tool_exit,"marshal:error:marshal_failed:offset16:EOFError:marshal data too short,offset12:not_code,offset8:ValueError:bad marshal data (unknown type code) || decompyle3:exit_2:/root/PyBC-Sec/pybcSEC/data/rq2/envs/cpython-311/lib/python3.11/site-packages/click/core.py:1262: UserWarning: The parameter --version is used more than once. Remove its duplicate as parameters should be unique. parser = self.make_parser..."
7bda6d4eb849,radboy-0.0.1054-cpython-311-7bda6d4eb849.pyc,copied,,radboy-0.0.1054-py3-none-any.whl,radboy,0.0.1054,wheel,radboy/DB/__pycache__/SMLabelImporter.cpython-311.pyc,cpython-311,3495,True,4,pylingual_decompilable,decompyle3;marshal,error;exit_2,marshal_parse_failure;tool_exit,"marshal:error:marshal_failed:offset16:ValueError:bad marshal data (unknown type code),offset12:ValueError:bad marshal data (unknown type code),offset8:ValueError:bad marshal data (unknown type code) || decompyle3:exit_2:/root/PyBC-Sec/pybcSEC/data/rq2/envs/cpython-311/lib/python3.11/site-packages/click/core.py:1262: UserWarning: The parameter --version is used more than once. Remove its duplicate as parameters should be unique. parser = self.make_parser..."
c3c8b274c114,radboy-0.0.1054-cpython-311-c3c8b274c114.pyc,copied,,radboy-0.0.1054-py3-none-any.whl,radboy,0.0.1054,wheel,radboy/DB/__pycache__/db.cpython-311.pyc,cpython-311,3495,True,4,pylingual_decompilable,decompyle3;marshal,error;exit_2,marshal_parse_failure;tool_exit,"marshal:error:marshal_failed:offset16:ValueError:bad marshal data (unknown type code),offset12:ValueError:bad marshal data (unknown type code),offset8:ValueError:bad marshal data (unknown type code) || decompyle3:exit_2:/root/PyBC-Sec/pybcSEC/data/rq2/envs/cpython-311/lib/python3.11/site-packages/click/core.py:1262: UserWarning: The parameter --version is used more than once. Remove its duplicate as parameters should be unique. parser = self.make_parser..."
bb95913939d7,radboy-0.0.1054-cpython-311-bb95913939d7.pyc,copied,,radboy-0.0.1054-py3-none-any.whl,radboy,0.0.1054,wheel,radboy/DayLog/__pycache__/DayLogger.cpython-311.pyc,cpython-311,3495,True,4,pylingual_decompilable,decompyle3;marshal,error;exit_2,marshal_parse_failure;tool_exit,"marshal:error:marshal_failed:offset16:ValueError:bad marshal data (unknown type code),offset12:ValueError:bad marshal data (unknown type code),offset8:ValueError:bad marshal data (unknown type code) || decompyle3:exit_2:/root/PyBC-Sec/pybcSEC/data/rq2/envs/cpython-311/lib/python3.11/site-packages/click/core.py:1262: UserWarning: The parameter --version is used more than once. Remove its duplicate as parameters should be unique. parser = self.make_parser..."
62e18155c9b5,radboy-0.0.1054-cpython-311-62e18155c9b5.pyc,copied,,radboy-0.0.1054-py3-none-any.whl,radboy,0.0.1054,wheel,radboy/ExportList/__pycache__/ExportListCurrent.cpython-311.pyc,cpython-311,3495,True,4,pylingual_decompilable,decompyle3;marshal,error;exit_2,marshal_parse_failure;tool_exit,"marshal:error:marshal_failed:offset16:EOFError:marshal data too short,offset12:ValueError:bad marshal data (unknown type code),offset8:ValueError:bad marshal data (unknown type code) || decompyle3:exit_2:/root/PyBC-Sec/pybcSEC/data/rq2/envs/cpython-311/lib/python3.11/site-packages/click/core.py:1262: UserWarning: The parameter --version is used more than once. Remove its duplicate as parameters should be unique. parser = self.make_parser..."
4bc55c16d84f,radboy-0.0.1054-cpython-311-4bc55c16d84f.pyc,copied,,radboy-0.0.1054-py3-none-any.whl,radboy,0.0.1054,wheel,radboy/ExtractPkg/__pycache__/ExtractPkg2.cpython-311.pyc,cpython-311,3495,True,4,pylingual_decompilable,decompyle3;marshal,error;exit_2,marshal_parse_failure;tool_exit,"marshal:error:marshal_failed:offset16:ValueError:bad marshal data (unknown type code),offset12:ValueError:bad marshal data (unknown type code),offset8:ValueError:bad marshal data (unknown type code) || decompyle3:exit_2:/root/PyBC-Sec/pybcSEC/data/rq2/envs/cpython-311/lib/python3.11/site-packages/click/core.py:1262: UserWarning: The parameter --version is used more than once. Remove its duplicate as parameters should be unique. parser = self.make_parser..."
0ba03c337695,radboy-0.0.1054-cpython-311-0ba03c337695.pyc,copied,,radboy-0.0.1054-py3-none-any.whl,radboy,0.0.1054,wheel,radboy/ListMode2/__pycache__/ListMode2.cpython-311.pyc,cpython-311,3495,True,4,pylingual_decompilable,decompyle3;marshal,error;exit_2,marshal_parse_failure;tool_exit,"marshal:error:marshal_failed:offset16:ValueError:bad marshal data (unknown type code),offset12:ValueError:bad marshal data (unknown type code),offset8:ValueError:bad marshal data (unknown type code) || decompyle3:exit_2:/root/PyBC-Sec/pybcSEC/data/rq2/envs/cpython-311/lib/python3.11/site-packages/click/core.py:1262: UserWarning: The parameter --version is used more than once. Remove its duplicate as parameters should be unique. parser = self.make_parser..."
3f74bc6c0766,radboy-0.0.1054-cpython-311-3f74bc6c0766.pyc,copied,,radboy-0.0.1054-py3-none-any.whl,radboy,0.0.1054,wheel,radboy/LocationSequencer/__pycache__/LocationSequencer.cpython-311.pyc,cpython-311,3495,True,4,pylingual_decompilable,decompyle3;marshal,error;exit_2,marshal_parse_failure;tool_exit,"marshal:error:marshal_failed:offset16:EOFError:marshal data too short,offset12:ValueError:bad marshal data (unknown type code),offset8:ValueError:bad marshal data (unknown type code) || decompyle3:exit_2:/root/PyBC-Sec/pybcSEC/data/rq2/envs/cpython-311/lib/python3.11/site-packages/click/core.py:1262: UserWarning: The parameter --version is used more than once. Remove its duplicate as parameters should be unique. parser = self.make_parser..."
bcb4224e2f8b,radboy-0.0.1054-cpython-311-bcb4224e2f8b.pyc,copied,,radboy-0.0.1054-py3-none-any.whl,radboy,0.0.1054,wheel,radboy/Locator/__pycache__/Locator.cpython-311.pyc,cpython-311,3495,True,4,pylingual_decompilable,decompyle3;marshal,error;exit_2,marshal_parse_failure;tool_exit,"marshal:error:marshal_failed:offset16:EOFError:marshal data too short,offset12:ValueError:bad marshal data (unknown type code),offset8:ValueError:bad marshal data (unknown type code) || decompyle3:exit_2:/root/PyBC-Sec/pybcSEC/data/rq2/envs/cpython-311/lib/python3.11/site-packages/click/core.py:1262: UserWarning: The parameter --version is used more than once. Remove its duplicate as parameters should be unique. parser = self.make_parser..."
3cc3e7f89183,radboy-0.0.1054-cpython-311-3cc3e7f89183.pyc,copied,,radboy-0.0.1054-py3-none-any.whl,radboy,0.0.1054,wheel,radboy/Locator/__pycache__/__init__.cpython-311.pyc,cpython-311,3495,True,4,pylingual_decompilable,decompyle3;marshal,error;exit_2,marshal_parse_failure;tool_exit,"marshal:error:marshal_failed:offset16:ValueError:bad marshal data (unknown type code),offset12:ValueError:bad marshal data (digit out of range in long),offset8:ValueError:bad marshal data (unknown type code) || decompyle3:exit_2:/root/PyBC-Sec/pybcSEC/data/rq2/envs/cpython-311/lib/python3.11/site-packages/click/core.py:1262: UserWarning: The parameter --version is used more than once. Remove its duplicate as parameters should be unique. parser = self.make_parser..."
2e3a155e7cf9,radboy-0.0.1054-cpython-311-2e3a155e7cf9.pyc,copied,,radboy-0.0.1054-py3-none-any.whl,radboy,0.0.1054,wheel,radboy/Lookup/__pycache__/Lookup.cpython-311.pyc,cpython-311,3495,True,4,pylingual_decompilable,decompyle3;marshal,error;exit_2,marshal_parse_failure;tool_exit,"marshal:error:marshal_failed:offset16:ValueError:bad marshal data (unknown type code),offset12:ValueError:bad marshal data (unknown type code),offset8:ValueError:bad marshal data (unknown type code) || decompyle3:exit_2:/root/PyBC-Sec/pybcSEC/data/rq2/envs/cpython-311/lib/python3.11/site-packages/click/core.py:1262: UserWarning: The parameter --version is used more than once. Remove its duplicate as parameters should be unique. parser = self.make_parser..."
dad6c2d42c26,radboy-0.0.1054-cpython-311-dad6c2d42c26.pyc,copied,,radboy-0.0.1054-py3-none-any.whl,radboy,0.0.1054,wheel,radboy/ModuleTemplate/__pycache__/Tasks.cpython-311.pyc,cpython-311,3495,True,4,pylingual_decompilable,decompyle3;marshal,error;exit_2,marshal_parse_failure;tool_exit,"marshal:error:marshal_failed:offset16:ValueError:bad marshal data (unknown type code),offset12:ValueError:bad marshal data (bytes object size out of range),offset8:ValueError:bad marshal data (unknown type code) || decompyle3:exit_2:/root/PyBC-Sec/pybcSEC/data/rq2/envs/cpython-311/lib/python3.11/site-packages/click/core.py:1262: UserWarning: The parameter --version is used more than once. Remove its duplicate as parameters should be unique. parser = self.make_parser..."
0b2b7505e009,radboy-0.0.1054-cpython-311-0b2b7505e009.pyc,copied,,radboy-0.0.1054-py3-none-any.whl,radboy,0.0.1054,wheel,radboy/POS/__pycache__/POS.cpython-311.pyc,cpython-311,3495,True,4,pylingual_decompilable,decompyle3;marshal,error;exit_2,marshal_parse_failure;tool_exit,"marshal:error:marshal_failed:offset16:EOFError:marshal data too short,offset12:ValueError:bad marshal data (unknown type code),offset8:ValueError:bad marshal data (unknown type code) || decompyle3:exit_2:/root/PyBC-Sec/pybcSEC/data/rq2/envs/cpython-311/lib/python3.11/site-packages/click/core.py:1262: UserWarning: The parameter --version is used more than once. Remove its duplicate as parameters should be unique. parser = self.make_parser..."
c20d3f6904dd,radboy-0.0.1054-cpython-311-c20d3f6904dd.pyc,copied,,radboy-0.0.1054-py3-none-any.whl,radboy,0.0.1054,wheel,radboy/PunchCard/__pycache__/CalcTimePad.cpython-311.pyc,cpython-311,3495,True,4,pylingual_decompilable,decompyle3;marshal,error;exit_2,marshal_parse_failure;tool_exit,"marshal:error:marshal_failed:offset16:ValueError:bad marshal data (invalid reference),offset12:ValueError:bad marshal data (unknown type code),offset8:ValueError:bad marshal data (unknown type code) || decompyle3:exit_2:/root/PyBC-Sec/pybcSEC/data/rq2/envs/cpython-311/lib/python3.11/site-packages/click/core.py:1262: UserWarning: The parameter --version is used more than once. Remove its duplicate as parameters should be unique. parser = self.make_parser..."
ed390b37a795,radboy-0.0.1054-cpython-311-ed390b37a795.pyc,copied,,radboy-0.0.1054-py3-none-any.whl,radboy,0.0.1054,wheel,radboy/PunchCard/__pycache__/PunchCard.cpython-311.pyc,cpython-311,3495,True,4,pylingual_decompilable,decompyle3;marshal,error;exit_2,marshal_parse_failure;tool_exit,"marshal:error:marshal_failed:offset16:EOFError:marshal data too short,offset12:ValueError:bad marshal data (unknown type code),offset8:ValueError:bad marshal data (unknown type code) || decompyle3:exit_2:/root/PyBC-Sec/pybcSEC/data/rq2/envs/cpython-311/lib/python3.11/site-packages/click/core.py:1262: UserWarning: The parameter --version is used more than once. Remove its duplicate as parameters should be unique. parser = self.make_parser..."
379800c65475,radboy-0.0.1054-cpython-311-379800c65475.pyc,copied,,radboy-0.0.1054-py3-none-any.whl,radboy,0.0.1054,wheel,radboy/Repack/__pycache__/Repack.cpython-311.pyc,cpython-311,3495,True,4,pylingual_decompilable,decompyle3;marshal,error;exit_2,marshal_parse_failure;tool_exit,"marshal:error:marshal_failed:offset16:EOFError:marshal data too short,offset12:ValueError:bad marshal data (unknown type code),offset8:ValueError:bad marshal data (unknown type code) || decompyle3:exit_2:/root/PyBC-Sec/pybcSEC/data/rq2/envs/cpython-311/lib/python3.11/site-packages/click/core.py:1262: UserWarning: The parameter --version is used more than once. Remove its duplicate as parameters should be unique. parser = self.make_parser..."
42d63b24f680,radboy-0.0.1054-cpython-311-42d63b24f680.pyc,copied,,radboy-0.0.1054-py3-none-any.whl,radboy,0.0.1054,wheel,radboy/TasksMode/__pycache__/Tasks.cpython-311.pyc,cpython-311,3495,True,4,pylingual_decompilable,decompyle3;marshal,error;exit_2,marshal_parse_failure;tool_exit,"marshal:error:marshal_failed:offset16:ValueError:bad marshal data (unknown type code),offset12:ValueError:bad marshal data (string size out of range),offset8:ValueError:bad marshal data (unknown type code) || decompyle3:exit_2:/root/PyBC-Sec/pybcSEC/data/rq2/envs/cpython-311/lib/python3.11/site-packages/click/core.py:1262: UserWarning: The parameter --version is used more than once. Remove its duplicate as parameters should be unique. parser = self.make_parser..."
3755cca9bb3d,radboy-0.0.1054-cpython-311-3755cca9bb3d.pyc,copied,,radboy-0.0.1054-py3-none-any.whl,radboy,0.0.1054,wheel,radboy/TouchStampC/__pycache__/TouchStampC.cpython-311.pyc,cpython-311,3495,True,4,pylingual_decompilable,decompyle3;marshal,error;exit_2,marshal_parse_failure;tool_exit,"marshal:error:marshal_failed:offset16:EOFError:marshal data too short,offset12:not_code,offset8:ValueError:bad marshal data (unknown type code) || decompyle3:exit_2:/root/PyBC-Sec/pybcSEC/data/rq2/envs/cpython-311/lib/python3.11/site-packages/click/core.py:1262: UserWarning: The parameter --version is used more than once. Remove its duplicate as parameters should be unique. parser = self.make_parser..."
94361b8cad39,radboy-0.0.1054-cpython-311-94361b8cad39.pyc,copied,,radboy-0.0.1054-py3-none-any.whl,radboy,0.0.1054,wheel,radboy/Unified/__pycache__/Unified.cpython-311.pyc,cpython-311,3495,True,4,pylingual_decompilable,decompyle3;marshal,error;exit_2,marshal_parse_failure;tool_exit,"marshal:error:marshal_failed:offset16:ValueError:bad marshal data (unknown type code),offset12:ValueError:bad marshal data (unknown type code),offset8:ValueError:bad marshal data (unknown type code) || decompyle3:exit_2:/root/PyBC-Sec/pybcSEC/data/rq2/envs/cpython-311/lib/python3.11/site-packages/click/core.py:1262: UserWarning: The parameter --version is used more than once. Remove its duplicate as parameters should be unique. parser = self.make_parser..."
efbc5e10c810,radboy-0.0.1054-cpython-311-efbc5e10c810.pyc,copied,,radboy-0.0.1054-py3-none-any.whl,radboy,0.0.1054,wheel,radboy/UpdatesAndImports/__pycache__/UpdatesAndImports.cpython-311.pyc,cpython-311,3495,True,4,pylingual_decompilable,decompyle3;marshal,error;exit_2,marshal_parse_failure;tool_exit,"marshal:error:marshal_failed:offset16:EOFError:marshal data too short,offset12:ValueError:bad marshal data (unknown type code),offset8:ValueError:bad marshal data (unknown type code) || decompyle3:exit_2:/root/PyBC-Sec/pybcSEC/data/rq2/envs/cpython-311/lib/python3.11/site-packages/click/core.py:1262: UserWarning: The parameter --version is used more than once. Remove its duplicate as parameters should be unique. parser = self.make_parser..."
cdc8abe02baa,radboy-0.0.1054-cpython-312-cdc8abe02baa.pyc,copied,,radboy-0.0.1054-py3-none-any.whl,radboy,0.0.1054,wheel,radboy/__pycache__/MainAssist.cpython-312.pyc,cpython-312,3531,False,4,pylingual_decompilable,decompyle3;marshal,error;exit_2,marshal_parse_failure;tool_exit,"marshal:error:marshal_failed:offset16:ValueError:bad marshal data (unknown type code),offset12:ValueError:bad marshal data (unknown type code),offset8:ValueError:bad marshal data (unknown type code) || decompyle3:exit_2:/root/PyBC-Sec/pybcSEC/data/rq2/envs/cpython-312/lib/python3.12/site-packages/click/core.py:1262: UserWarning: The parameter --version is used more than once. Remove its duplicate as parameters should be unique. parser = self.make_parser..."
7f1b9bb72a9d,radboy-0.0.1054-cpython-311-7f1b9bb72a9d.pyc,copied,,radboy-0.0.1054-py3-none-any.whl,radboy,0.0.1054,wheel,radboy/__pycache__/RecordMyCodes.cpython-311.pyc,cpython-311,3495,True,4,pylingual_decompilable,decompyle3;marshal,error;exit_2,marshal_parse_failure;tool_exit,"marshal:error:marshal_failed:offset16:EOFError:marshal data too short,offset12:ValueError:bad marshal data (unknown type code),offset8:ValueError:bad marshal data (unknown type code) || decompyle3:exit_2:/root/PyBC-Sec/pybcSEC/data/rq2/envs/cpython-311/lib/python3.11/site-packages/click/core.py:1262: UserWarning: The parameter --version is used more than once. Remove its duplicate as parameters should be unique. parser = self.make_parser..."
ce99d6dd5a8b,radboy-0.0.1054-cpython-39-ce99d6dd5a8b.pyc,copied,,radboy-0.0.1054-py3-none-any.whl,radboy,0.0.1054,wheel,radboy/__pycache__/RecordMyCodes.cpython-39.pyc,cpython-39,3425,True,4,pylingual_decompilable,decompyle3;marshal,error;exit_2,marshal_parse_failure;tool_exit,"marshal:error:marshal_failed:offset16:EOFError:marshal data too short,offset12:ValueError:bad marshal data (unknown type code),offset8:ValueError:bad marshal data (unknown type code) || decompyle3:exit_2:Traceback (most recent call last): File ""/root/PyBC-Sec/pybcSEC/data/rq2/envs/cpython-39/lib/python3.9/site-packages/xdis/load.py"", line 328, in load_module_from_file_object co = marshal.loads(bytecode) EOFError: marshal data too short"
29cbf9e7b886,radboy-0.0.1054-cpython-311-29cbf9e7b886.pyc,copied,,radboy-0.0.1054-py3-none-any.whl,radboy,0.0.1054,wheel,radboy/__pycache__/Run.cpython-311.pyc,cpython-311,3495,True,4,pylingual_decompilable,decompyle3;marshal,error;exit_2,marshal_parse_failure;tool_exit,"marshal:error:marshal_failed:offset16:ValueError:bad marshal data (unknown type code),offset12:not_code,offset8:ValueError:bad marshal data (unknown type code) || decompyle3:exit_2:/root/PyBC-Sec/pybcSEC/data/rq2/envs/cpython-311/lib/python3.11/site-packages/click/core.py:1262: UserWarning: The parameter --version is used more than once. Remove its duplicate as parameters should be unique. parser = self.make_parser..."
6c679c650517,radboy-0.0.1054-cpython-311-6c679c650517.pyc,copied,,radboy-0.0.1054-py3-none-any.whl,radboy,0.0.1054,wheel,radboy/__pycache__/possibleCode.cpython-311.pyc,cpython-311,3495,True,4,pylingual_decompilable,decompyle3;marshal,error;exit_2,marshal_parse_failure;tool_exit,"marshal:error:marshal_failed:offset16:ValueError:bad marshal data (unknown type code),offset12:ValueError:bad marshal data (unknown type code),offset8:ValueError:bad marshal data (unknown type code) || decompyle3:exit_2:/root/PyBC-Sec/pybcSEC/data/rq2/envs/cpython-311/lib/python3.11/site-packages/click/core.py:1262: UserWarning: The parameter --version is used more than once. Remove its duplicate as parameters should be unique. parser = self.make_parser..."
e69ede9ac63c,radboy-0.0.1054-cpython-311-e69ede9ac63c.pyc,copied,,radboy-0.0.1054-py3-none-any.whl,radboy,0.0.1054,wheel,radboy/setCode/__pycache__/setCode.cpython-311.pyc,cpython-311,3495,True,4,pylingual_decompilable,decompyle3;marshal,error;exit_2,marshal_parse_failure;tool_exit,"marshal:error:marshal_failed:offset16:ValueError:could not convert string to float: '',offset12:ValueError:bad marshal data (unknown type code),offset8:ValueError:bad marshal data (unknown type code) || decompyle3:exit_2:/root/PyBC-Sec/pybcSEC/data/rq2/envs/cpython-311/lib/python3.11/site-packages/click/core.py:1262: UserWarning: The parameter --version is used more than once. Remove its duplicate as parameters should be unique. parser = self.make_parser..."
7fd9e5f86020,radboy-0.0.1054-cpython-311-7fd9e5f86020.pyc,copied,,radboy-0.0.1054-py3-none-any.whl,radboy,0.0.1054,wheel,radboy/tkGui/__pycache__/Review.cpython-311.pyc,cpython-311,3495,True,4,pylingual_decompilable,decompyle3;marshal,error;exit_2,marshal_parse_failure;tool_exit,"marshal:error:marshal_failed:offset16:ValueError:bad marshal data (invalid reference),offset12:ValueError:bad marshal data (unknown type code),offset8:ValueError:bad marshal data (unknown type code) || decompyle3:exit_2:/root/PyBC-Sec/pybcSEC/data/rq2/envs/cpython-311/lib/python3.11/site-packages/click/core.py:1262: UserWarning: The parameter --version is used more than once. Remove its duplicate as parameters should be unique. parser = self.make_parser..."
53186cc6b989,radboy-0.0.1054-cpython-311-53186cc6b989.pyc,copied,,radboy-0.0.1054.tar.gz,radboy,0.0.1054,tar,radboy-0.0.1054/radboy/Collector2/__pycache__/Collector2.cpython-311.pyc,cpython-311,3495,True,4,pylingual_decompilable,decompyle3;marshal,error;exit_2,marshal_parse_failure;tool_exit,"marshal:error:marshal_failed:offset16:ValueError:bad marshal data (unknown type code),offset12:ValueError:bad marshal data (unknown type code),offset8:ValueError:bad marshal data (unknown type code) || decompyle3:exit_2:/root/PyBC-Sec/pybcSEC/data/rq2/envs/cpython-311/lib/python3.11/site-packages/click/core.py:1262: UserWarning: The parameter --version is used more than once. Remove its duplicate as parameters should be unique. parser = self.make_parser..."
1be2949af00f,radboy-0.0.1054-cpython-311-1be2949af00f.pyc,copied,,radboy-0.0.1054.tar.gz,radboy,0.0.1054,tar,radboy-0.0.1054/radboy/Conversion/__pycache__/Conversion.cpython-311.pyc,cpython-311,3495,True,4,pylingual_decompilable,decompyle3;marshal,error;exit_2,marshal_parse_failure;tool_exit,"marshal:error:marshal_failed:offset16:EOFError:marshal data too short,offset12:ValueError:bad marshal data (bytes object size out of range),offset8:ValueError:bad marshal data (unknown type code) || decompyle3:exit_2:/root/PyBC-Sec/pybcSEC/data/rq2/envs/cpython-311/lib/python3.11/site-packages/click/core.py:1262: UserWarning: The parameter --version is used more than once. Remove its duplicate as parameters should be unique. parser = self.make_parser..."
53e16ca5ed27,radboy-0.0.1054-cpython-311-53e16ca5ed27.pyc,copied,,radboy-0.0.1054.tar.gz,radboy,0.0.1054,tar,radboy-0.0.1054/radboy/DB/__pycache__/DatePicker.cpython-311.pyc,cpython-311,3495,True,4,pylingual_decompilable,decompyle3;marshal,error;exit_2,marshal_parse_failure;tool_exit,"marshal:error:marshal_failed:offset16:ValueError:bad marshal data (unknown type code),offset12:ValueError:bad marshal data (unknown type code),offset8:ValueError:bad marshal data (unknown type code) || decompyle3:exit_2:/root/PyBC-Sec/pybcSEC/data/rq2/envs/cpython-311/lib/python3.11/site-packages/click/core.py:1262: UserWarning: The parameter --version is used more than once. Remove its duplicate as parameters should be unique. parser = self.make_parser..."
9ee9a346000d,radboy-0.0.1054-cpython-312-9ee9a346000d.pyc,copied,,radboy-0.0.1054.tar.gz,radboy,0.0.1054,tar,radboy-0.0.1054/radboy/DB/__pycache__/FormBuilder.cpython-312.pyc,cpython-312,3531,False,4,pylingual_decompilable,decompyle3;marshal,error;exit_2,marshal_parse_failure;tool_exit,"marshal:error:marshal_failed:offset16:ValueError:bad marshal data (unknown type code),offset12:ValueError:bad marshal data (unknown type code),offset8:ValueError:bad marshal data (tuple size out of range) || decompyle3:exit_2:/root/PyBC-Sec/pybcSEC/data/rq2/envs/cpython-312/lib/python3.12/site-packages/click/core.py:1262: UserWarning: The parameter --version is used more than once. Remove its duplicate as parameters should be unique. parser = self.make_parser..."
0dadc7c8e011,radboy-0.0.1054-cpython-311-0dadc7c8e011.pyc,copied,,radboy-0.0.1054.tar.gz,radboy,0.0.1054,tar,radboy-0.0.1054/radboy/DB/__pycache__/ResetTools.cpython-311.pyc,cpython-311,3495,True,4,pylingual_decompilable,decompyle3;marshal,error;exit_2,marshal_parse_failure;tool_exit,"marshal:error:marshal_failed:offset16:EOFError:marshal data too short,offset12:not_code,offset8:ValueError:bad marshal data (unknown type code) || decompyle3:exit_2:/root/PyBC-Sec/pybcSEC/data/rq2/envs/cpython-311/lib/python3.11/site-packages/click/core.py:1262: UserWarning: The parameter --version is used more than once. Remove its duplicate as parameters should be unique. parser = self.make_parser..."
c2ef08d7420b,radboy-0.0.1054-cpython-311-c2ef08d7420b.pyc,copied,,radboy-0.0.1054.tar.gz,radboy,0.0.1054,tar,radboy-0.0.1054/radboy/DB/__pycache__/SMLabelImporter.cpython-311.pyc,cpython-311,3495,True,4,pylingual_decompilable,decompyle3;marshal,error;exit_2,marshal_parse_failure;tool_exit,"marshal:error:marshal_failed:offset16:ValueError:bad marshal data (unknown type code),offset12:ValueError:bad marshal data (unknown type code),offset8:ValueError:bad marshal data (unknown type code) || decompyle3:exit_2:/root/PyBC-Sec/pybcSEC/data/rq2/envs/cpython-311/lib/python3.11/site-packages/click/core.py:1262: UserWarning: The parameter --version is used more than once. Remove its duplicate as parameters should be unique. parser = self.make_parser..."
c27b9bf6cd2a,radboy-0.0.1054-cpython-311-c27b9bf6cd2a.pyc,copied,,radboy-0.0.1054.tar.gz,radboy,0.0.1054,tar,radboy-0.0.1054/radboy/DB/__pycache__/db.cpython-311.pyc,cpython-311,3495,True,4,pylingual_decompilable,decompyle3;marshal,error;exit_2,marshal_parse_failure;tool_exit,"marshal:error:marshal_failed:offset16:ValueError:bad marshal data (unknown type code),offset12:ValueError:bad marshal data (unknown type code),offset8:ValueError:bad marshal data (unknown type code) || decompyle3:exit_2:/root/PyBC-Sec/pybcSEC/data/rq2/envs/cpython-311/lib/python3.11/site-packages/click/core.py:1262: UserWarning: The parameter --version is used more than once. Remove its duplicate as parameters should be unique. parser = self.make_parser..."
ff3c4e0a1ab5,radboy-0.0.1054-cpython-311-ff3c4e0a1ab5.pyc,copied,,radboy-0.0.1054.tar.gz,radboy,0.0.1054,tar,radboy-0.0.1054/radboy/DayLog/__pycache__/DayLogger.cpython-311.pyc,cpython-311,3495,True,4,pylingual_decompilable,decompyle3;marshal,error;exit_2,marshal_parse_failure;tool_exit,"marshal:error:marshal_failed:offset16:ValueError:bad marshal data (unknown type code),offset12:ValueError:bad marshal data (unknown type code),offset8:ValueError:bad marshal data (unknown type code) || decompyle3:exit_2:/root/PyBC-Sec/pybcSEC/data/rq2/envs/cpython-311/lib/python3.11/site-packages/click/core.py:1262: UserWarning: The parameter --version is used more than once. Remove its duplicate as parameters should be unique. parser = self.make_parser..."
0d6ac4c7751b,radboy-0.0.1054-cpython-311-0d6ac4c7751b.pyc,copied,,radboy-0.0.1054.tar.gz,radboy,0.0.1054,tar,radboy-0.0.1054/radboy/ExportList/__pycache__/ExportListCurrent.cpython-311.pyc,cpython-311,3495,True,4,pylingual_decompilable,decompyle3;marshal,error;exit_2,marshal_parse_failure;tool_exit,"marshal:error:marshal_failed:offset16:EOFError:marshal data too short,offset12:ValueError:bad marshal data (unknown type code),offset8:ValueError:bad marshal data (unknown type code) || decompyle3:exit_2:/root/PyBC-Sec/pybcSEC/data/rq2/envs/cpython-311/lib/python3.11/site-packages/click/core.py:1262: UserWarning: The parameter --version is used more than once. Remove its duplicate as parameters should be unique. parser = self.make_parser..."
190991eb58e2,radboy-0.0.1054-cpython-311-190991eb58e2.pyc,copied,,radboy-0.0.1054.tar.gz,radboy,0.0.1054,tar,radboy-0.0.1054/radboy/ExtractPkg/__pycache__/ExtractPkg2.cpython-311.pyc,cpython-311,3495,True,4,pylingual_decompilable,decompyle3;marshal,error;exit_2,marshal_parse_failure;tool_exit,"marshal:error:marshal_failed:offset16:ValueError:bad marshal data (unknown type code),offset12:ValueError:bad marshal data (unknown type code),offset8:ValueError:bad marshal data (unknown type code) || decompyle3:exit_2:/root/PyBC-Sec/pybcSEC/data/rq2/envs/cpython-311/lib/python3.11/site-packages/click/core.py:1262: UserWarning: The parameter --version is used more than once. Remove its duplicate as parameters should be unique. parser = self.make_parser..."
373f8cdbbe0d,radboy-0.0.1054-cpython-311-373f8cdbbe0d.pyc,copied,,radboy-0.0.1054.tar.gz,radboy,0.0.1054,tar,radboy-0.0.1054/radboy/ListMode2/__pycache__/ListMode2.cpython-311.pyc,cpython-311,3495,True,4,pylingual_decompilable,decompyle3;marshal,error;exit_2,marshal_parse_failure;tool_exit,"marshal:error:marshal_failed:offset16:ValueError:bad marshal data (unknown type code),offset12:ValueError:bad marshal data (unknown type code),offset8:ValueError:bad marshal data (unknown type code) || decompyle3:exit_2:/root/PyBC-Sec/pybcSEC/data/rq2/envs/cpython-311/lib/python3.11/site-packages/click/core.py:1262: UserWarning: The parameter --version is used more than once. Remove its duplicate as parameters should be unique. parser = self.make_parser..."
f0a6e67d9eee,radboy-0.0.1054-cpython-311-f0a6e67d9eee.pyc,copied,,radboy-0.0.1054.tar.gz,radboy,0.0.1054,tar,radboy-0.0.1054/radboy/LocationSequencer/__pycache__/LocationSequencer.cpython-311.pyc,cpython-311,3495,True,4,pylingual_decompilable,decompyle3;marshal,error;exit_2,marshal_parse_failure;tool_exit,"marshal:error:marshal_failed:offset16:EOFError:marshal data too short,offset12:ValueError:bad marshal data (unknown type code),offset8:ValueError:bad marshal data (unknown type code) || decompyle3:exit_2:/root/PyBC-Sec/pybcSEC/data/rq2/envs/cpython-311/lib/python3.11/site-packages/click/core.py:1262: UserWarning: The parameter --version is used more than once. Remove its duplicate as parameters should be unique. parser = self.make_parser..."
9ecfc763aafe,radboy-0.0.1054-cpython-311-9ecfc763aafe.pyc,copied,,radboy-0.0.1054.tar.gz,radboy,0.0.1054,tar,radboy-0.0.1054/radboy/Locator/__pycache__/Locator.cpython-311.pyc,cpython-311,3495,True,4,pylingual_decompilable,decompyle3;marshal,error;exit_2,marshal_parse_failure;tool_exit,"marshal:error:marshal_failed:offset16:EOFError:marshal data too short,offset12:ValueError:bad marshal data (unknown type code),offset8:ValueError:bad marshal data (unknown type code) || decompyle3:exit_2:/root/PyBC-Sec/pybcSEC/data/rq2/envs/cpython-311/lib/python3.11/site-packages/click/core.py:1262: UserWarning: The parameter --version is used more than once. Remove its duplicate as parameters should be unique. parser = self.make_parser..."
1a6caf305684,radboy-0.0.1054-cpython-311-1a6caf305684.pyc,copied,,radboy-0.0.1054.tar.gz,radboy,0.0.1054,tar,radboy-0.0.1054/radboy/Locator/__pycache__/__init__.cpython-311.pyc,cpython-311,3495,True,4,pylingual_decompilable,decompyle3;marshal,error;exit_2,marshal_parse_failure;tool_exit,"marshal:error:marshal_failed:offset16:ValueError:bad marshal data (unknown type code),offset12:ValueError:bad marshal data (digit out of range in long),offset8:ValueError:bad marshal data (unknown type code) || decompyle3:exit_2:/root/PyBC-Sec/pybcSEC/data/rq2/envs/cpython-311/lib/python3.11/site-packages/click/core.py:1262: UserWarning: The parameter --version is used more than once. Remove its duplicate as parameters should be unique. parser = self.make_parser..."
49add5e334be,radboy-0.0.1054-cpython-311-49add5e334be.pyc,copied,,radboy-0.0.1054.tar.gz,radboy,0.0.1054,tar,radboy-0.0.1054/radboy/Lookup/__pycache__/Lookup.cpython-311.pyc,cpython-311,3495,True,4,pylingual_decompilable,decompyle3;marshal,error;exit_2,marshal_parse_failure;tool_exit,"marshal:error:marshal_failed:offset16:ValueError:bad marshal data (unknown type code),offset12:ValueError:bad marshal data (unknown type code),offset8:ValueError:bad marshal data (unknown type code) || decompyle3:exit_2:/root/PyBC-Sec/pybcSEC/data/rq2/envs/cpython-311/lib/python3.11/site-packages/click/core.py:1262: UserWarning: The parameter --version is used more than once. Remove its duplicate as parameters should be unique. parser = self.make_parser..."
434947fb851a,radboy-0.0.1054-cpython-311-434947fb851a.pyc,copied,,radboy-0.0.1054.tar.gz,radboy,0.0.1054,tar,radboy-0.0.1054/radboy/ModuleTemplate/__pycache__/Tasks.cpython-311.pyc,cpython-311,3495,True,4,pylingual_decompilable,decompyle3;marshal,error;exit_2,marshal_parse_failure;tool_exit,"marshal:error:marshal_failed:offset16:ValueError:bad marshal data (unknown type code),offset12:ValueError:bad marshal data (bytes object size out of range),offset8:ValueError:bad marshal data (unknown type code) || decompyle3:exit_2:/root/PyBC-Sec/pybcSEC/data/rq2/envs/cpython-311/lib/python3.11/site-packages/click/core.py:1262: UserWarning: The parameter --version is used more than once. Remove its duplicate as parameters should be unique. parser = self.make_parser..."
9c60b7438664,radboy-0.0.1054-cpython-311-9c60b7438664.pyc,copied,,radboy-0.0.1054.tar.gz,radboy,0.0.1054,tar,radboy-0.0.1054/radboy/POS/__pycache__/POS.cpython-311.pyc,cpython-311,3495,True,4,pylingual_decompilable,decompyle3;marshal,error;exit_2,marshal_parse_failure;tool_exit,"marshal:error:marshal_failed:offset16:EOFError:marshal data too short,offset12:ValueError:bad marshal data (unknown type code),offset8:ValueError:bad marshal data (unknown type code) || decompyle3:exit_2:/root/PyBC-Sec/pybcSEC/data/rq2/envs/cpython-311/lib/python3.11/site-packages/click/core.py:1262: UserWarning: The parameter --version is used more than once. Remove its duplicate as parameters should be unique. parser = self.make_parser..."
c392a88c653e,radboy-0.0.1054-cpython-311-c392a88c653e.pyc,copied,,radboy-0.0.1054.tar.gz,radboy,0.0.1054,tar,radboy-0.0.1054/radboy/PunchCard/__pycache__/CalcTimePad.cpython-311.pyc,cpython-311,3495,True,4,pylingual_decompilable,decompyle3;marshal,error;exit_2,marshal_parse_failure;tool_exit,"marshal:error:marshal_failed:offset16:ValueError:bad marshal data (invalid reference),offset12:ValueError:bad marshal data (unknown type code),offset8:ValueError:bad marshal data (unknown type code) || decompyle3:exit_2:/root/PyBC-Sec/pybcSEC/data/rq2/envs/cpython-311/lib/python3.11/site-packages/click/core.py:1262: UserWarning: The parameter --version is used more than once. Remove its duplicate as parameters should be unique. parser = self.make_parser..."
c46e05bf0f93,radboy-0.0.1054-cpython-311-c46e05bf0f93.pyc,copied,,radboy-0.0.1054.tar.gz,radboy,0.0.1054,tar,radboy-0.0.1054/radboy/PunchCard/__pycache__/PunchCard.cpython-311.pyc,cpython-311,3495,True,4,pylingual_decompilable,decompyle3;marshal,error;exit_2,marshal_parse_failure;tool_exit,"marshal:error:marshal_failed:offset16:EOFError:marshal data too short,offset12:ValueError:bad marshal data (unknown type code),offset8:ValueError:bad marshal data (unknown type code) || decompyle3:exit_2:/root/PyBC-Sec/pybcSEC/data/rq2/envs/cpython-311/lib/python3.11/site-packages/click/core.py:1262: UserWarning: The parameter --version is used more than once. Remove its duplicate as parameters should be unique. parser = self.make_parser..."
e69bc3530b77,radboy-0.0.1054-cpython-311-e69bc3530b77.pyc,copied,,radboy-0.0.1054.tar.gz,radboy,0.0.1054,tar,radboy-0.0.1054/radboy/Repack/__pycache__/Repack.cpython-311.pyc,cpython-311,3495,True,4,pylingual_decompilable,decompyle3;marshal,error;exit_2,marshal_parse_failure;tool_exit,"marshal:error:marshal_failed:offset16:EOFError:marshal data too short,offset12:ValueError:bad marshal data (unknown type code),offset8:ValueError:bad marshal data (unknown type code) || decompyle3:exit_2:/root/PyBC-Sec/pybcSEC/data/rq2/envs/cpython-311/lib/python3.11/site-packages/click/core.py:1262: UserWarning: The parameter --version is used more than once. Remove its duplicate as parameters should be unique. parser = self.make_parser..."
024ae1854eb4,radboy-0.0.1054-cpython-311-024ae1854eb4.pyc,copied,,radboy-0.0.1054.tar.gz,radboy,0.0.1054,tar,radboy-0.0.1054/radboy/TasksMode/__pycache__/Tasks.cpython-311.pyc,cpython-311,3495,True,4,pylingual_decompilable,decompyle3;marshal,error;exit_2,marshal_parse_failure;tool_exit,"marshal:error:marshal_failed:offset16:ValueError:bad marshal data (unknown type code),offset12:ValueError:bad marshal data (string size out of range),offset8:ValueError:bad marshal data (unknown type code) || decompyle3:exit_2:/root/PyBC-Sec/pybcSEC/data/rq2/envs/cpython-311/lib/python3.11/site-packages/click/core.py:1262: UserWarning: The parameter --version is used more than once. Remove its duplicate as parameters should be unique. parser = self.make_parser..."
14d414173cb7,radboy-0.0.1054-cpython-311-14d414173cb7.pyc,copied,,radboy-0.0.1054.tar.gz,radboy,0.0.1054,tar,radboy-0.0.1054/radboy/TouchStampC/__pycache__/TouchStampC.cpython-311.pyc,cpython-311,3495,True,4,pylingual_decompilable,decompyle3;marshal,error;exit_2,marshal_parse_failure;tool_exit,"marshal:error:marshal_failed:offset16:EOFError:marshal data too short,offset12:not_code,offset8:ValueError:bad marshal data (unknown type code) || decompyle3:exit_2:/root/PyBC-Sec/pybcSEC/data/rq2/envs/cpython-311/lib/python3.11/site-packages/click/core.py:1262: UserWarning: The parameter --version is used more than once. Remove its duplicate as parameters should be unique. parser = self.make_parser..."
9714cfbf14b1,radboy-0.0.1054-cpython-311-9714cfbf14b1.pyc,copied,,radboy-0.0.1054.tar.gz,radboy,0.0.1054,tar,radboy-0.0.1054/radboy/Unified/__pycache__/Unified.cpython-311.pyc,cpython-311,3495,True,4,pylingual_decompilable,decompyle3;marshal,error;exit_2,marshal_parse_failure;tool_exit,"marshal:error:marshal_failed:offset16:ValueError:bad marshal data (unknown type code),offset12:ValueError:bad marshal data (unknown type code),offset8:ValueError:bad marshal data (unknown type code) || decompyle3:exit_2:/root/PyBC-Sec/pybcSEC/data/rq2/envs/cpython-311/lib/python3.11/site-packages/click/core.py:1262: UserWarning: The parameter --version is used more than once. Remove its duplicate as parameters should be unique. parser = self.make_parser..."
26054793be0f,radboy-0.0.1054-cpython-311-26054793be0f.pyc,copied,,radboy-0.0.1054.tar.gz,radboy,0.0.1054,tar,radboy-0.0.1054/radboy/UpdatesAndImports/__pycache__/UpdatesAndImports.cpython-311.pyc,cpython-311,3495,True,4,pylingual_decompilable,decompyle3;marshal,error;exit_2,marshal_parse_failure;tool_exit,"marshal:error:marshal_failed:offset16:EOFError:marshal data too short,offset12:ValueError:bad marshal data (unknown type code),offset8:ValueError:bad marshal data (unknown type code) || decompyle3:exit_2:/root/PyBC-Sec/pybcSEC/data/rq2/envs/cpython-311/lib/python3.11/site-packages/click/core.py:1262: UserWarning: The parameter --version is used more than once. Remove its duplicate as parameters should be unique. parser = self.make_parser..."
545603dd3edd,radboy-0.0.1054-cpython-312-545603dd3edd.pyc,copied,,radboy-0.0.1054.tar.gz,radboy,0.0.1054,tar,radboy-0.0.1054/radboy/__pycache__/MainAssist.cpython-312.pyc,cpython-312,3531,False,4,pylingual_decompilable,decompyle3;marshal,error;exit_2,marshal_parse_failure;tool_exit,"marshal:error:marshal_failed:offset16:ValueError:bad marshal data (unknown type code),offset12:ValueError:bad marshal data (unknown type code),offset8:ValueError:bad marshal data (unknown type code) || decompyle3:exit_2:/root/PyBC-Sec/pybcSEC/data/rq2/envs/cpython-312/lib/python3.12/site-packages/click/core.py:1262: UserWarning: The parameter --version is used more than once. Remove its duplicate as parameters should be unique. parser = self.make_parser..."
7547f92dca83,radboy-0.0.1054-cpython-311-7547f92dca83.pyc,copied,,radboy-0.0.1054.tar.gz,radboy,0.0.1054,tar,radboy-0.0.1054/radboy/__pycache__/RecordMyCodes.cpython-311.pyc,cpython-311,3495,True,4,pylingual_decompilable,decompyle3;marshal,error;exit_2,marshal_parse_failure;tool_exit,"marshal:error:marshal_failed:offset16:EOFError:marshal data too short,offset12:ValueError:bad marshal data (unknown type code),offset8:ValueError:bad marshal data (unknown type code) || decompyle3:exit_2:/root/PyBC-Sec/pybcSEC/data/rq2/envs/cpython-311/lib/python3.11/site-packages/click/core.py:1262: UserWarning: The parameter --version is used more than once. Remove its duplicate as parameters should be unique. parser = self.make_parser..."
13b6a1382522,radboy-0.0.1054-cpython-39-13b6a1382522.pyc,copied,,radboy-0.0.1054.tar.gz,radboy,0.0.1054,tar,radboy-0.0.1054/radboy/__pycache__/RecordMyCodes.cpython-39.pyc,cpython-39,3425,True,4,pylingual_decompilable,decompyle3;marshal,error;exit_2,marshal_parse_failure;tool_exit,"marshal:error:marshal_failed:offset16:EOFError:marshal data too short,offset12:ValueError:bad marshal data (unknown type code),offset8:ValueError:bad marshal data (unknown type code) || decompyle3:exit_2:Traceback (most recent call last): File ""/root/PyBC-Sec/pybcSEC/data/rq2/envs/cpython-39/lib/python3.9/site-packages/xdis/load.py"", line 328, in load_module_from_file_object co = marshal.loads(bytecode) EOFError: marshal data too short"
a34cdc655468,radboy-0.0.1054-cpython-311-a34cdc655468.pyc,copied,,radboy-0.0.1054.tar.gz,radboy,0.0.1054,tar,radboy-0.0.1054/radboy/__pycache__/Run.cpython-311.pyc,cpython-311,3495,True,4,pylingual_decompilable,decompyle3;marshal,error;exit_2,marshal_parse_failure;tool_exit,"marshal:error:marshal_failed:offset16:ValueError:bad marshal data (unknown type code),offset12:not_code,offset8:ValueError:bad marshal data (unknown type code) || decompyle3:exit_2:/root/PyBC-Sec/pybcSEC/data/rq2/envs/cpython-311/lib/python3.11/site-packages/click/core.py:1262: UserWarning: The parameter --version is used more than once. Remove its duplicate as parameters should be unique. parser = self.make_parser..."
073bb689ebd9,radboy-0.0.1054-cpython-311-073bb689ebd9.pyc,copied,,radboy-0.0.1054.tar.gz,radboy,0.0.1054,tar,radboy-0.0.1054/radboy/__pycache__/possibleCode.cpython-311.pyc,cpython-311,3495,True,4,pylingual_decompilable,decompyle3;marshal,error;exit_2,marshal_parse_failure;tool_exit,"marshal:error:marshal_failed:offset16:ValueError:bad marshal data (unknown type code),offset12:ValueError:bad marshal data (unknown type code),offset8:ValueError:bad marshal data (unknown type code) || decompyle3:exit_2:/root/PyBC-Sec/pybcSEC/data/rq2/envs/cpython-311/lib/python3.11/site-packages/click/core.py:1262: UserWarning: The parameter --version is used more than once. Remove its duplicate as parameters should be unique. parser = self.make_parser..."
767fe3ad06a6,radboy-0.0.1054-cpython-311-767fe3ad06a6.pyc,copied,,radboy-0.0.1054.tar.gz,radboy,0.0.1054,tar,radboy-0.0.1054/radboy/setCode/__pycache__/setCode.cpython-311.pyc,cpython-311,3495,True,4,pylingual_decompilable,decompyle3;marshal,error;exit_2,marshal_parse_failure;tool_exit,"marshal:error:marshal_failed:offset16:ValueError:could not convert string to float: '',offset12:ValueError:bad marshal data (unknown type code),offset8:ValueError:bad marshal data (unknown type code) || decompyle3:exit_2:/root/PyBC-Sec/pybcSEC/data/rq2/envs/cpython-311/lib/python3.11/site-packages/click/core.py:1262: UserWarning: The parameter --version is used more than once. Remove its duplicate as parameters should be unique. parser = self.make_parser..."
60f6e1fe5621,radboy-0.0.1054-cpython-311-60f6e1fe5621.pyc,copied,,radboy-0.0.1054.tar.gz,radboy,0.0.1054,tar,radboy-0.0.1054/radboy/tkGui/__pycache__/Review.cpython-311.pyc,cpython-311,3495,True,4,pylingual_decompilable,decompyle3;marshal,error;exit_2,marshal_parse_failure;tool_exit,"marshal:error:marshal_failed:offset16:ValueError:bad marshal data (invalid reference),offset12:ValueError:bad marshal data (unknown type code),offset8:ValueError:bad marshal data (unknown type code) || decompyle3:exit_2:/root/PyBC-Sec/pybcSEC/data/rq2/envs/cpython-311/lib/python3.11/site-packages/click/core.py:1262: UserWarning: The parameter --version is used more than once. Remove its duplicate as parameters should be unique. parser = self.make_parser..."
25f5c0dd8b26,ramps-galactic-1.1.2-cpython-310-25f5c0dd8b26.pyc,copied,,ramps_galactic-1.1.2.tar.gz,ramps-galactic,1.1.2,tar,ramps_galactic-1.1.2/venues/stages/ramps_galactic/charts/__pycache__/majestic_line.cpython-310.pyc,cpython-310,3439,False,4,pylingual_decompilable,decompyle3;marshal,error;exit_2,marshal_parse_failure;tool_exit,marshal:error:marshal_failed: || decompyle3:exit_2:/root/PyBC-Sec/pybcSEC/data/rq2/envs/cpython-310/lib/python3.10/site-packages/click/core.py:1262: UserWarning: The parameter --version is used more than once. Remove its duplicate as parameters should be unique. parser = self.make_parser...
f6e9d0e8d251,ramps-galactic-1.1.2-cpython-310-f6e9d0e8d251.pyc,copied,,ramps_galactic-1.1.2.tar.gz,ramps-galactic,1.1.2,tar,ramps_galactic-1.1.2/venues/stages/ramps_galactic/charts/__pycache__/pivots.cpython-310.pyc,cpython-310,3439,False,4,pylingual_decompilable,decompyle3;marshal,error;exit_2,marshal_parse_failure;tool_exit,marshal:error:marshal_failed: || decompyle3:exit_2:/root/PyBC-Sec/pybcSEC/data/rq2/envs/cpython-310/lib/python3.10/site-packages/click/core.py:1262: UserWarning: The parameter --version is used more than once. Remove its duplicate as parameters should be unique. parser = self.make_parser...
d345e2afa216,ramps-galactic-1.1.2-cpython-310-d345e2afa216.pyc,copied,,ramps_galactic-1.1.2.tar.gz,ramps-galactic,1.1.2,tar,ramps_galactic-1.1.2/venues/stages/ramps_galactic/charts/__pycache__/superb_line.cpython-310.pyc,cpython-310,3439,False,4,pylingual_decompilable,decompyle3;marshal,error;exit_2,marshal_parse_failure;tool_exit,marshal:error:marshal_failed: || decompyle3:exit_2:/root/PyBC-Sec/pybcSEC/data/rq2/envs/cpython-310/lib/python3.10/site-packages/click/core.py:1262: UserWarning: The parameter --version is used more than once. Remove its duplicate as parameters should be unique. parser = self.make_parser...
9dc08db2354c,ramps-galactic-1.1.2-cpython-310-9dc08db2354c.pyc,copied,,ramps_galactic-1.1.2.tar.gz,ramps-galactic,1.1.2,tar,ramps_galactic-1.1.2/venues/stages/ramps_galactic/charts/__pycache__/trend_side_circles.cpython-310.pyc,cpython-310,3439,True,4,pylingual_decompilable,decompyle3;marshal,error;exit_2,marshal_parse_failure;tool_exit,marshal:error:marshal_failed: || decompyle3:exit_2:/root/PyBC-Sec/pybcSEC/data/rq2/envs/cpython-310/lib/python3.10/site-packages/click/core.py:1262: UserWarning: The parameter --version is used more than once. Remove its duplicate as parameters should be unique. parser = self.make_parser...
8b17ef479c27,ramps-galactic-1.1.2-cpython-310-8b17ef479c27.pyc,copied,,ramps_galactic-1.1.2.tar.gz,ramps-galactic,1.1.2,tar,ramps_galactic-1.1.2/venues/stages/ramps_galactic/furniture/__pycache__/places.cpython-310.pyc,cpython-310,3439,True,4,pylingual_decompilable,decompyle3;marshal,error;exit_2,marshal_parse_failure;tool_exit,marshal:error:marshal_failed: || decompyle3:exit_2:/root/PyBC-Sec/pybcSEC/data/rq2/envs/cpython-310/lib/python3.10/site-packages/click/core.py:1262: UserWarning: The parameter --version is used more than once. Remove its duplicate as parameters should be unique. parser = self.make_parser...
636365fb8454,ramps-galactic-1.1.2-cpython-310-636365fb8454.pyc,copied,,ramps_galactic-1.1.2.tar.gz,ramps-galactic,1.1.2,tar,ramps_galactic-1.1.2/venues/stages/ramps_galactic/victory_multiplier/__pycache__/holding.cpython-310.pyc,cpython-310,3439,False,4,pylingual_decompilable,decompyle3;marshal,error;exit_2,marshal_parse_failure;tool_exit,marshal:error:marshal_failed: || decompyle3:exit_2:/root/PyBC-Sec/pybcSEC/data/rq2/envs/cpython-310/lib/python3.10/site-packages/click/core.py:1262: UserWarning: The parameter --version is used more than once. Remove its duplicate as parameters should be unique. parser = self.make_parser...
4680aa75adcf,ramps-galactic-1.1.2-cpython-310-4680aa75adcf.pyc,copied,,ramps_galactic-1.1.2.tar.gz,ramps-galactic,1.1.2,tar,ramps_galactic-1.1.2/venues/stages/ramps_galactic/victory_multiplier/__pycache__/ramp.cpython-310.pyc,cpython-310,3439,False,4,pylingual_decompilable,decompyle3;marshal,error;exit_2,marshal_parse_failure;tool_exit,marshal:error:marshal_failed: || decompyle3:exit_2:/root/PyBC-Sec/pybcSEC/data/rq2/envs/cpython-310/lib/python3.10/site-packages/click/core.py:1262: UserWarning: The parameter --version is used more than once. Remove its duplicate as parameters should be unique. parser = self.make_parser...
d701c0f0575f,ramps-galactic-1.1.2-cpython-310-d701c0f0575f.pyc,copied,,ramps_galactic-1.1.2.tar.gz,ramps-galactic,1.1.2,tar,ramps_galactic-1.1.2/venues/stages/ramps_galactic/victory_multiplier/__pycache__/treasure_purchase.cpython-310.pyc,cpython-310,3439,False,4,pylingual_decompilable,decompyle3;marshal,error;exit_2,marshal_parse_failure;tool_exit,marshal:error:marshal_failed: || decompyle3:exit_2:/root/PyBC-Sec/pybcSEC/data/rq2/envs/cpython-310/lib/python3.10/site-packages/click/core.py:1262: UserWarning: The parameter --version is used more than once. Remove its duplicate as parameters should be unique. parser = self.make_parser...
89f89a69a484,rascore-1.0.7-cpython-38-89f89a69a484.pyc,copied,,rascore-1.0.7.tar.gz,rascore,1.0.7,tar,rascore-1.0.7/src/rascore/util/scripts/__pycache__/write_pymol_script.cpython-38.pyc,cpython-38,3413,True,4,pylingual_decompilable,decompyle3,timeout,timeout,decompyle3:timeout:timeout_after_600s
87db82d24a51,receptors-0.0.1-cpython-311-87db82d24a51.pyc,copied,,receptors-0.0.1.tar.gz,receptors,0.0.1,tar,receptors-0.0.1/venues/stages/receptors/_clique/__pycache__/__init__.cpython-311.pyc,cpython-311,42946,True,4,pylingual_decompilable,decompyle3;marshal,error;exit_2,marshal_parse_failure;tool_exit,marshal:error:marshal_failed: || decompyle3:exit_2:/root/PyBC-Sec/pybcSEC/data/rq2/envs/cpython-311/lib/python3.11/site-packages/click/core.py:1262: UserWarning: The parameter --version is used more than once. Remove its duplicate as parameters should be unique. parser = self.make_parser...
6d6df402984a,receptors-0.0.1-cpython-311-6d6df402984a.pyc,copied,,receptors-0.0.1.tar.gz,receptors,0.0.1,tar,receptors-0.0.1/venues/stages/receptors/_clique/group/__pycache__/__init__.cpython-311.pyc,cpython-311,42946,True,4,pylingual_decompilable,decompyle3;marshal,error;exit_2,marshal_parse_failure;tool_exit,marshal:error:marshal_failed: || decompyle3:exit_2:/root/PyBC-Sec/pybcSEC/data/rq2/envs/cpython-311/lib/python3.11/site-packages/click/core.py:1262: UserWarning: The parameter --version is used more than once. Remove its duplicate as parameters should be unique. parser = self.make_parser...
be607c308fcc,recycling-1.1.0-cpython-311-be607c308fcc.pyc,copied,,recycling-1.1.0.tar.gz,recycling,1.1.0,tar,recycling-1.1.0/venues/stages/recycling/_clique/__pycache__/__init__.cpython-311.pyc,cpython-311,42946,True,4,pylingual_decompilable,decompyle3;marshal,error;exit_2,marshal_parse_failure;tool_exit,marshal:error:marshal_failed: || decompyle3:exit_2:/root/PyBC-Sec/pybcSEC/data/rq2/envs/cpython-311/lib/python3.11/site-packages/click/core.py:1262: UserWarning: The parameter --version is used more than once. Remove its duplicate as parameters should be unique. parser = self.make_parser...
5994053fcb31,recycling-1.1.0-cpython-310-5994053fcb31.pyc,copied,,recycling-1.1.0.tar.gz,recycling,1.1.0,tar,recycling-1.1.0/venues/stages/recycling/_clique/__pycache__/intro.cpython-310.pyc,cpython-310,3439,False,4,pylingual_decompilable,decompyle3;marshal,error;exit_2,marshal_parse_failure;tool_exit,marshal:error:marshal_failed: || decompyle3:exit_2:/root/PyBC-Sec/pybcSEC/data/rq2/envs/cpython-310/lib/python3.10/site-packages/click/core.py:1262: UserWarning: The parameter --version is used more than once. Remove its duplicate as parameters should be unique. parser = self.make_parser...
6f1c445daafd,recycling-1.1.0-cpython-311-6f1c445daafd.pyc,copied,,recycling-1.1.0.tar.gz,recycling,1.1.0,tar,recycling-1.1.0/venues/stages/recycling/_status/__pycache__/__init__.cpython-311.pyc,cpython-311,42946,True,4,pylingual_decompilable,decompyle3;marshal,error;exit_2,marshal_parse_failure;tool_exit,marshal:error:marshal_failed: || decompyle3:exit_2:/root/PyBC-Sec/pybcSEC/data/rq2/envs/cpython-311/lib/python3.11/site-packages/click/core.py:1262: UserWarning: The parameter --version is used more than once. Remove its duplicate as parameters should be unique. parser = self.make_parser...
7d5dbfc1a2fa,recycling-1.1.0-cpython-311-7d5dbfc1a2fa.pyc,copied,,recycling-1.1.0.tar.gz,recycling,1.1.0,tar,recycling-1.1.0/venues/stages/recycling/instrument/__pycache__/__init__.cpython-311.pyc,cpython-311,42946,True,4,pylingual_decompilable,decompyle3;marshal,error;exit_2,marshal_parse_failure;tool_exit,marshal:error:marshal_failed: || decompyle3:exit_2:/root/PyBC-Sec/pybcSEC/data/rq2/envs/cpython-311/lib/python3.11/site-packages/click/core.py:1262: UserWarning: The parameter --version is used more than once. Remove its duplicate as parameters should be unique. parser = self.make_parser...
f955cc6c346f,recycling-1.1.0-cpython-310-f955cc6c346f.pyc,copied,,recycling-1.1.0.tar.gz,recycling,1.1.0,tar,recycling-1.1.0/venues/stages/recycling/instrument/__pycache__/clique.cpython-310.pyc,cpython-310,3439,False,4,pylingual_decompilable,decompyle3;marshal,error;exit_2,marshal_parse_failure;tool_exit,marshal:error:marshal_failed: || decompyle3:exit_2:/root/PyBC-Sec/pybcSEC/data/rq2/envs/cpython-310/lib/python3.10/site-packages/click/core.py:1262: UserWarning: The parameter --version is used more than once. Remove its duplicate as parameters should be unique. parser = self.make_parser...
ed29174a1d09,recycling-1.1.0-cpython-311-ed29174a1d09.pyc,copied,,recycling-1.1.0.tar.gz,recycling,1.1.0,tar,recycling-1.1.0/venues/stages/recycling/instrument/__pycache__/clique.cpython-311.pyc,cpython-311,42946,False,4,pylingual_decompilable,decompyle3;marshal,error;exit_2,marshal_parse_failure;tool_exit,marshal:error:marshal_failed: || decompyle3:exit_2:/root/PyBC-Sec/pybcSEC/data/rq2/envs/cpython-311/lib/python3.11/site-packages/click/core.py:1262: UserWarning: The parameter --version is used more than once. Remove its duplicate as parameters should be unique. parser = self.make_parser...
223150f72c31,recycling-1.1.0-cpython-310-223150f72c31.pyc,copied,,recycling-1.1.0.tar.gz,recycling,1.1.0,tar,recycling-1.1.0/venues/stages/recycling/instrument/__pycache__/clique_socket.cpython-310.pyc,cpython-310,3439,False,4,pylingual_decompilable,decompyle3;marshal,error;exit_2,marshal_parse_failure;tool_exit,marshal:error:marshal_failed: || decompyle3:exit_2:/root/PyBC-Sec/pybcSEC/data/rq2/envs/cpython-310/lib/python3.10/site-packages/click/core.py:1262: UserWarning: The parameter --version is used more than once. Remove its duplicate as parameters should be unique. parser = self.make_parser...
f4fb32f9679f,recycling-1.1.0-cpython-311-f4fb32f9679f.pyc,copied,,recycling-1.1.0.tar.gz,recycling,1.1.0,tar,recycling-1.1.0/venues/stages/recycling/instrument/__pycache__/clique_socket.cpython-311.pyc,cpython-311,42946,False,4,pylingual_decompilable,decompyle3;marshal,error;exit_2,marshal_parse_failure;tool_exit,marshal:error:marshal_failed: || decompyle3:exit_2:/root/PyBC-Sec/pybcSEC/data/rq2/envs/cpython-311/lib/python3.11/site-packages/click/core.py:1262: UserWarning: The parameter --version is used more than once. Remove its duplicate as parameters should be unique. parser = self.make_parser...
ffc5dc47003c,recycling-1.1.0-cpython-310-ffc5dc47003c.pyc,copied,,recycling-1.1.0.tar.gz,recycling,1.1.0,tar,recycling-1.1.0/venues/stages/recycling/instrument/__pycache__/clique_tracks.cpython-310.pyc,cpython-310,3439,False,4,pylingual_decompilable,decompyle3;marshal,error;exit_2,marshal_parse_failure;tool_exit,marshal:error:marshal_failed: || decompyle3:exit_2:/root/PyBC-Sec/pybcSEC/data/rq2/envs/cpython-310/lib/python3.10/site-packages/click/core.py:1262: UserWarning: The parameter --version is used more than once. Remove its duplicate as parameters should be unique. parser = self.make_parser...
9864e43a8c65,recycling-1.1.0-cpython-311-9864e43a8c65.pyc,copied,,recycling-1.1.0.tar.gz,recycling,1.1.0,tar,recycling-1.1.0/venues/stages/recycling/instrument/__pycache__/clique_tracks.cpython-311.pyc,cpython-311,42946,False,4,pylingual_decompilable,decompyle3;marshal,error;exit_2,marshal_parse_failure;tool_exit,marshal:error:marshal_failed: || decompyle3:exit_2:/root/PyBC-Sec/pybcSEC/data/rq2/envs/cpython-311/lib/python3.11/site-packages/click/core.py:1262: UserWarning: The parameter --version is used more than once. Remove its duplicate as parameters should be unique. parser = self.make_parser...
d2d339b5b3fd,recycling-1.1.0-cpython-310-d2d339b5b3fd.pyc,copied,,recycling-1.1.0.tar.gz,recycling,1.1.0,tar,recycling-1.1.0/venues/stages/recycling/instrument/adventures/monetary/DB/template/__pycache__/connect.cpython-310.pyc,cpython-310,3439,True,4,pylingual_decompilable,decompyle3;marshal,error;exit_2,marshal_parse_failure;tool_exit,marshal:error:marshal_failed: || decompyle3:exit_2:/root/PyBC-Sec/pybcSEC/data/rq2/envs/cpython-310/lib/python3.10/site-packages/click/core.py:1262: UserWarning: The parameter --version is used more than once. Remove its duplicate as parameters should be unique. parser = self.make_parser...
5e4e9d2b031f,recycling-1.1.0-cpython-310-5e4e9d2b031f.pyc,copied,,recycling-1.1.0.tar.gz,recycling,1.1.0,tar,recycling-1.1.0/venues/stages/recycling/instrument/adventures/monetary/DB/template/ion/document/__pycache__/find.cpython-310.pyc,cpython-310,3439,True,4,pylingual_decompilable,decompyle3;marshal,error;exit_2,marshal_parse_failure;tool_exit,marshal:error:marshal_failed: || decompyle3:exit_2:/root/PyBC-Sec/pybcSEC/data/rq2/envs/cpython-310/lib/python3.10/site-packages/click/core.py:1262: UserWarning: The parameter --version is used more than once. Remove its duplicate as parameters should be unique. parser = self.make_parser...
22903799bfa8,recycling-1.1.0-cpython-310-22903799bfa8.pyc,copied,,recycling-1.1.0.tar.gz,recycling,1.1.0,tar,recycling-1.1.0/venues/stages/recycling/instrument/adventures/monetary/DB/template/ion/document/__pycache__/insert.cpython-310.pyc,cpython-310,3439,True,4,pylingual_decompilable,decompyle3;marshal,error;exit_2,marshal_parse_failure;tool_exit,marshal:error:marshal_failed: || decompyle3:exit_2:/root/PyBC-Sec/pybcSEC/data/rq2/envs/cpython-310/lib/python3.10/site-packages/click/core.py:1262: UserWarning: The parameter --version is used more than once. Remove its duplicate as parameters should be unique. parser = self.make_parser...
472243b83663,recycling-1.1.0-cpython-310-472243b83663.pyc,copied,,recycling-1.1.0.tar.gz,recycling,1.1.0,tar,recycling-1.1.0/venues/stages/recycling/instrument/adventures/monetary/_controls/__pycache__/_clique.cpython-310.pyc,cpython-310,3439,True,4,pylingual_decompilable,decompyle3;marshal,error;exit_2,marshal_parse_failure;tool_exit,marshal:error:marshal_failed: || decompyle3:exit_2:/root/PyBC-Sec/pybcSEC/data/rq2/envs/cpython-310/lib/python3.10/site-packages/click/core.py:1262: UserWarning: The parameter --version is used more than once. Remove its duplicate as parameters should be unique. parser = self.make_parser...
b4b9f09d5c31,recycling-1.1.0-cpython-310-b4b9f09d5c31.pyc,copied,,recycling-1.1.0.tar.gz,recycling,1.1.0,tar,recycling-1.1.0/venues/stages/recycling/instrument/adventures/monetary/_controls/__pycache__/build.cpython-310.pyc,cpython-310,3439,True,4,pylingual_decompilable,decompyle3;marshal,error;exit_2,marshal_parse_failure;tool_exit,marshal:error:marshal_failed: || decompyle3:exit_2:/root/PyBC-Sec/pybcSEC/data/rq2/envs/cpython-310/lib/python3.10/site-packages/click/core.py:1262: UserWarning: The parameter --version is used more than once. Remove its duplicate as parameters should be unique. parser = self.make_parser...
4d0aecbfe44c,recycling-1.1.0-cpython-310-4d0aecbfe44c.pyc,copied,,recycling-1.1.0.tar.gz,recycling,1.1.0,tar,recycling-1.1.0/venues/stages/recycling/instrument/adventures/monetary/_controls/saves/__pycache__/_clique.cpython-310.pyc,cpython-310,3439,True,4,pylingual_decompilable,decompyle3;marshal,error;exit_2,marshal_parse_failure;tool_exit,marshal:error:marshal_failed: || decompyle3:exit_2:/root/PyBC-Sec/pybcSEC/data/rq2/envs/cpython-310/lib/python3.10/site-packages/click/core.py:1262: UserWarning: The parameter --version is used more than once. Remove its duplicate as parameters should be unique. parser = self.make_parser...
e52449b1fed9,recycling-1.1.0-cpython-310-e52449b1fed9.pyc,copied,,recycling-1.1.0.tar.gz,recycling,1.1.0,tar,recycling-1.1.0/venues/stages/recycling/instrument/adventures/monetary/_controls/saves/dumps/__pycache__/dump.cpython-310.pyc,cpython-310,3439,True,4,pylingual_decompilable,decompyle3;marshal,error;exit_2,marshal_parse_failure;tool_exit,marshal:error:marshal_failed: || decompyle3:exit_2:/root/PyBC-Sec/pybcSEC/data/rq2/envs/cpython-310/lib/python3.10/site-packages/click/core.py:1262: UserWarning: The parameter --version is used more than once. Remove its duplicate as parameters should be unique. parser = self.make_parser...
b436196cbfef,recycling-1.1.0-cpython-310-b436196cbfef.pyc,copied,,recycling-1.1.0.tar.gz,recycling,1.1.0,tar,recycling-1.1.0/venues/stages/recycling/instrument/adventures/monetary/_controls/saves/dumps/__pycache__/restore.cpython-310.pyc,cpython-310,3439,True,4,pylingual_decompilable,decompyle3;marshal,error;exit_2,marshal_parse_failure;tool_exit,marshal:error:marshal_failed: || decompyle3:exit_2:/root/PyBC-Sec/pybcSEC/data/rq2/envs/cpython-310/lib/python3.10/site-packages/click/core.py:1262: UserWarning: The parameter --version is used more than once. Remove its duplicate as parameters should be unique. parser = self.make_parser...
c9bb978902d2,recycling-1.1.0-cpython-310-c9bb978902d2.pyc,copied,,recycling-1.1.0.tar.gz,recycling,1.1.0,tar,recycling-1.1.0/venues/stages/recycling/instrument/adventures/monetary/_controls/saves/exports/__pycache__/monetary_export.cpython-310.pyc,cpython-310,3439,True,4,pylingual_decompilable,decompyle3;marshal,error;exit_2,marshal_parse_failure;tool_exit,marshal:error:marshal_failed: || decompyle3:exit_2:/root/PyBC-Sec/pybcSEC/data/rq2/envs/cpython-310/lib/python3.10/site-packages/click/core.py:1262: UserWarning: The parameter --version is used more than once. Remove its duplicate as parameters should be unique. parser = self.make_parser...
1166ee422562,recycling-1.1.0-cpython-310-1166ee422562.pyc,copied,,recycling-1.1.0.tar.gz,recycling,1.1.0,tar,recycling-1.1.0/venues/stages/recycling/instrument/adventures/monetary/_controls/saves/exports/__pycache__/monetary_import.cpython-310.pyc,cpython-310,3439,True,4,pylingual_decompilable,decompyle3;marshal,error;exit_2,marshal_parse_failure;tool_exit,marshal:error:marshal_failed: || decompyle3:exit_2:/root/PyBC-Sec/pybcSEC/data/rq2/envs/cpython-310/lib/python3.10/site-packages/click/core.py:1262: UserWarning: The parameter --version is used more than once. Remove its duplicate as parameters should be unique. parser = self.make_parser...
eaab7ff50b8e,recycling-1.1.0-cpython-311-eaab7ff50b8e.pyc,copied,,recycling-1.1.0.tar.gz,recycling,1.1.0,tar,recycling-1.1.0/venues/stages/recycling/instrument/climate/__pycache__/__init__.cpython-311.pyc,cpython-311,42946,True,4,pylingual_decompilable,decompyle3;marshal,error;exit_2,marshal_parse_failure;tool_exit,marshal:error:marshal_failed: || decompyle3:exit_2:/root/PyBC-Sec/pybcSEC/data/rq2/envs/cpython-311/lib/python3.11/site-packages/click/core.py:1262: UserWarning: The parameter --version is used more than once. Remove its duplicate as parameters should be unique. parser = self.make_parser...
68b191a87406,recycling-1.1.0-cpython-310-68b191a87406.pyc,copied,,recycling-1.1.0.tar.gz,recycling,1.1.0,tar,recycling-1.1.0/venues/stages/recycling/instrument/clique/__pycache__/intro.cpython-310.pyc,cpython-310,3439,False,4,pylingual_decompilable,decompyle3;marshal,error;exit_2,marshal_parse_failure;tool_exit,marshal:error:marshal_failed: || decompyle3:exit_2:/root/PyBC-Sec/pybcSEC/data/rq2/envs/cpython-310/lib/python3.10/site-packages/click/core.py:1262: UserWarning: The parameter --version is used more than once. Remove its duplicate as parameters should be unique. parser = self.make_parser...
044f5c97e05d,recycling-1.1.0-cpython-311-044f5c97e05d.pyc,copied,,recycling-1.1.0.tar.gz,recycling,1.1.0,tar,recycling-1.1.0/venues/stages/recycling/instrument/layer/__pycache__/__init__.cpython-311.pyc,cpython-311,42946,True,4,pylingual_decompilable,decompyle3;marshal,error;exit_2,marshal_parse_failure;tool_exit,marshal:error:marshal_failed: || decompyle3:exit_2:/root/PyBC-Sec/pybcSEC/data/rq2/envs/cpython-311/lib/python3.11/site-packages/click/core.py:1262: UserWarning: The parameter --version is used more than once. Remove its duplicate as parameters should be unique. parser = self.make_parser...
ec501a9a99e8,recycling-1.1.0-cpython-311-ec501a9a99e8.pyc,copied,,recycling-1.1.0.tar.gz,recycling,1.1.0,tar,recycling-1.1.0/venues/stages/recycling/instrument/layer/__pycache__/start_dev.cpython-311.pyc,cpython-311,42946,True,4,pylingual_decompilable,decompyle3;marshal,error;exit_2,marshal_parse_failure;tool_exit,marshal:error:marshal_failed: || decompyle3:exit_2:/root/PyBC-Sec/pybcSEC/data/rq2/envs/cpython-311/lib/python3.11/site-packages/click/core.py:1262: UserWarning: The parameter --version is used more than once. Remove its duplicate as parameters should be unique. parser = self.make_parser...
998d30a8c28d,recycling-1.1.0-cpython-310-998d30a8c28d.pyc,copied,,recycling-1.1.0.tar.gz,recycling,1.1.0,tar,recycling-1.1.0/venues/stages/recycling/instrument/layer/routes/__pycache__/card_generator.cpython-310.pyc,cpython-310,3439,False,4,pylingual_decompilable,decompyle3;marshal,error;exit_2,marshal_parse_failure;tool_exit,marshal:error:marshal_failed: || decompyle3:exit_2:/root/PyBC-Sec/pybcSEC/data/rq2/envs/cpython-310/lib/python3.10/site-packages/click/core.py:1262: UserWarning: The parameter --version is used more than once. Remove its duplicate as parameters should be unique. parser = self.make_parser...
cb7e5db464f4,recycling-1.1.0-cpython-310-cb7e5db464f4.pyc,copied,,recycling-1.1.0.tar.gz,recycling,1.1.0,tar,recycling-1.1.0/venues/stages/recycling/instrument/layer/routes/__pycache__/seed_generator.cpython-310.pyc,cpython-310,3439,False,4,pylingual_decompilable,decompyle3;marshal,error;exit_2,marshal_parse_failure;tool_exit,marshal:error:marshal_failed: || decompyle3:exit_2:/root/PyBC-Sec/pybcSEC/data/rq2/envs/cpython-310/lib/python3.10/site-packages/click/core.py:1262: UserWarning: The parameter --version is used more than once. Remove its duplicate as parameters should be unique. parser = self.make_parser...
3b3f254af6d3,recycling-1.1.0-cpython-311-3b3f254af6d3.pyc,copied,,recycling-1.1.0.tar.gz,recycling,1.1.0,tar,recycling-1.1.0/venues/stages/recycling/instrument/layer/routes/home/__pycache__/get.cpython-311.pyc,cpython-311,42946,True,4,pylingual_decompilable,decompyle3;marshal,error;exit_2,marshal_parse_failure;tool_exit,marshal:error:marshal_failed: || decompyle3:exit_2:/root/PyBC-Sec/pybcSEC/data/rq2/envs/cpython-311/lib/python3.11/site-packages/click/core.py:1262: UserWarning: The parameter --version is used more than once. Remove its duplicate as parameters should be unique. parser = self.make_parser...
9fe73bcc033a,recycling-1.1.0-cpython-310-9fe73bcc033a.pyc,copied,,recycling-1.1.0.tar.gz,recycling,1.1.0,tar,recycling-1.1.0/venues/stages/recycling/instrument/layer/routes/vibes/__pycache__/make_ECC_448_2.cpython-310.pyc,cpython-310,3439,True,4,pylingual_decompilable,decompyle3;marshal,error;exit_2,marshal_parse_failure;tool_exit,marshal:error:marshal_failed: || decompyle3:exit_2:/root/PyBC-Sec/pybcSEC/data/rq2/envs/cpython-310/lib/python3.10/site-packages/click/core.py:1262: UserWarning: The parameter --version is used more than once. Remove its duplicate as parameters should be unique. parser = self.make_parser...
28b166d1cbca,recycling-1.1.0-cpython-311-28b166d1cbca.pyc,copied,,recycling-1.1.0.tar.gz,recycling,1.1.0,tar,recycling-1.1.0/venues/stages/recycling/instrument/moon/__pycache__/__init__.cpython-311.pyc,cpython-311,42946,True,4,pylingual_decompilable,decompyle3;marshal,error;exit_2,marshal_parse_failure;tool_exit,marshal:error:marshal_failed: || decompyle3:exit_2:/root/PyBC-Sec/pybcSEC/data/rq2/envs/cpython-311/lib/python3.11/site-packages/click/core.py:1262: UserWarning: The parameter --version is used more than once. Remove its duplicate as parameters should be unique. parser = self.make_parser...
8d56e5b4e011,recycling-1.1.0-cpython-310-8d56e5b4e011.pyc,copied,,recycling-1.1.0.tar.gz,recycling,1.1.0,tar,recycling-1.1.0/venues/stages/recycling/instrument/moon/pocket/vibes/__pycache__/make_ECC_448_2.cpython-310.pyc,cpython-310,3439,False,4,pylingual_decompilable,decompyle3;marshal,error;exit_2,marshal_parse_failure;tool_exit,marshal:error:marshal_failed: || decompyle3:exit_2:/root/PyBC-Sec/pybcSEC/data/rq2/envs/cpython-310/lib/python3.10/site-packages/click/core.py:1262: UserWarning: The parameter --version is used more than once. Remove its duplicate as parameters should be unique. parser = self.make_parser...
b266e216d3c2,recycling-1.1.0-cpython-311-b266e216d3c2.pyc,copied,,recycling-1.1.0.tar.gz,recycling,1.1.0,tar,recycling-1.1.0/venues/stages/recycling/instrument/moves/__pycache__/__init__.cpython-311.pyc,cpython-311,42946,True,4,pylingual_decompilable,decompyle3;marshal,error;exit_2,marshal_parse_failure;tool_exit,marshal:error:marshal_failed: || decompyle3:exit_2:/root/PyBC-Sec/pybcSEC/data/rq2/envs/cpython-311/lib/python3.11/site-packages/click/core.py:1262: UserWarning: The parameter --version is used more than once. Remove its duplicate as parameters should be unique. parser = self.make_parser...
23288d85c222,recycling-1.1.0-cpython-311-23288d85c222.pyc,copied,,recycling-1.1.0.tar.gz,recycling,1.1.0,tar,recycling-1.1.0/venues/stages/recycling/instrument/moves/__pycache__/create_wallet.cpython-311.pyc,cpython-311,42946,False,4,pylingual_decompilable,decompyle3;marshal,error;exit_2,marshal_parse_failure;tool_exit,marshal:error:marshal_failed: || decompyle3:exit_2:/root/PyBC-Sec/pybcSEC/data/rq2/envs/cpython-311/lib/python3.11/site-packages/click/core.py:1262: UserWarning: The parameter --version is used more than once. Remove its duplicate as parameters should be unique. parser = self.make_parser...
e21aa3a07787,recycling-1.1.0-cpython-311-e21aa3a07787.pyc,copied,,recycling-1.1.0.tar.gz,recycling,1.1.0,tar,recycling-1.1.0/venues/stages/recycling/instrument/moves/__pycache__/form_proposal_keys.cpython-311.pyc,cpython-311,42946,False,4,pylingual_decompilable,decompyle3;marshal,error;exit_2,marshal_parse_failure;tool_exit,marshal:error:marshal_failed: || decompyle3:exit_2:/root/PyBC-Sec/pybcSEC/data/rq2/envs/cpython-311/lib/python3.11/site-packages/click/core.py:1262: UserWarning: The parameter --version is used more than once. Remove its duplicate as parameters should be unique. parser = self.make_parser...
0623561ed1d9,recycling-1.1.0-cpython-310-0623561ed1d9.pyc,copied,,recycling-1.1.0.tar.gz,recycling,1.1.0,tar,recycling-1.1.0/venues/stages/recycling/instrument/moves/names/__pycache__/create_safe.cpython-310.pyc,cpython-310,3439,False,4,pylingual_decompilable,decompyle3;marshal,error;exit_2,marshal_parse_failure;tool_exit,marshal:error:marshal_failed: || decompyle3:exit_2:/root/PyBC-Sec/pybcSEC/data/rq2/envs/cpython-310/lib/python3.10/site-packages/click/core.py:1262: UserWarning: The parameter --version is used more than once. Remove its duplicate as parameters should be unique. parser = self.make_parser...
c654b7b412ce,recycling-1.1.0-cpython-311-c654b7b412ce.pyc,copied,,recycling-1.1.0.tar.gz,recycling,1.1.0,tar,recycling-1.1.0/venues/stages/recycling/instrument/moves/names/__pycache__/create_safe.cpython-311.pyc,cpython-311,42946,False,4,pylingual_decompilable,decompyle3;marshal,error;exit_2,marshal_parse_failure;tool_exit,marshal:error:marshal_failed: || decompyle3:exit_2:/root/PyBC-Sec/pybcSEC/data/rq2/envs/cpython-311/lib/python3.11/site-packages/click/core.py:1262: UserWarning: The parameter --version is used more than once. Remove its duplicate as parameters should be unique. parser = self.make_parser...
3414d7972f4c,recycling-1.1.0-cpython-311-3414d7972f4c.pyc,copied,,recycling-1.1.0.tar.gz,recycling,1.1.0,tar,recycling-1.1.0/venues/stages/recycling/instrument/moves/names/__pycache__/create_wallet.cpython-311.pyc,cpython-311,42946,False,4,pylingual_decompilable,decompyle3;marshal,error;exit_2,marshal_parse_failure;tool_exit,marshal:error:marshal_failed: || decompyle3:exit_2:/root/PyBC-Sec/pybcSEC/data/rq2/envs/cpython-311/lib/python3.11/site-packages/click/core.py:1262: UserWarning: The parameter --version is used more than once. Remove its duplicate as parameters should be unique. parser = self.make_parser...
86a180a56f68,recycling-1.1.0-cpython-310-86a180a56f68.pyc,copied,,recycling-1.1.0.tar.gz,recycling,1.1.0,tar,recycling-1.1.0/venues/stages/recycling/instrument/moves/names/__pycache__/form_proposal_keys.cpython-310.pyc,cpython-310,3439,False,4,pylingual_decompilable,decompyle3;marshal,error;exit_2,marshal_parse_failure;tool_exit,marshal:error:marshal_failed: || decompyle3:exit_2:/root/PyBC-Sec/pybcSEC/data/rq2/envs/cpython-310/lib/python3.10/site-packages/click/core.py:1262: UserWarning: The parameter --version is used more than once. Remove its duplicate as parameters should be unique. parser = self.make_parser...
99992978a030,recycling-1.1.0-cpython-311-99992978a030.pyc,copied,,recycling-1.1.0.tar.gz,recycling,1.1.0,tar,recycling-1.1.0/venues/stages/recycling/instrument/moves/names/__pycache__/form_proposal_keys.cpython-311.pyc,cpython-311,42946,False,4,pylingual_decompilable,decompyle3;marshal,error;exit_2,marshal_parse_failure;tool_exit,marshal:error:marshal_failed: || decompyle3:exit_2:/root/PyBC-Sec/pybcSEC/data/rq2/envs/cpython-311/lib/python3.11/site-packages/click/core.py:1262: UserWarning: The parameter --version is used more than once. Remove its duplicate as parameters should be unique. parser = self.make_parser...
c148a73c074c,recycling-1.1.0-cpython-310-c148a73c074c.pyc,copied,,recycling-1.1.0.tar.gz,recycling,1.1.0,tar,recycling-1.1.0/venues/stages/recycling/instrument/moves/names/__pycache__/start_thermos.cpython-310.pyc,cpython-310,3439,False,4,pylingual_decompilable,decompyle3;marshal,error;exit_2,marshal_parse_failure;tool_exit,marshal:error:marshal_failed: || decompyle3:exit_2:/root/PyBC-Sec/pybcSEC/data/rq2/envs/cpython-310/lib/python3.10/site-packages/click/core.py:1262: UserWarning: The parameter --version is used more than once. Remove its duplicate as parameters should be unique. parser = self.make_parser...
7238594b525e,recycling-1.1.0-cpython-310-7238594b525e.pyc,copied,,recycling-1.1.0.tar.gz,recycling,1.1.0,tar,recycling-1.1.0/venues/stages/recycling/instrument/moves/names/performances/__pycache__/perform.cpython-310.pyc,cpython-310,3439,False,4,pylingual_decompilable,decompyle3;marshal,error;exit_2,marshal_parse_failure;tool_exit,marshal:error:marshal_failed: || decompyle3:exit_2:/root/PyBC-Sec/pybcSEC/data/rq2/envs/cpython-310/lib/python3.10/site-packages/click/core.py:1262: UserWarning: The parameter --version is used more than once. Remove its duplicate as parameters should be unique. parser = self.make_parser...
b94f6b3408c0,recycling-1.1.0-cpython-311-b94f6b3408c0.pyc,copied,,recycling-1.1.0.tar.gz,recycling,1.1.0,tar,recycling-1.1.0/venues/stages/recycling/instrument/sockets/__pycache__/__init__.cpython-311.pyc,cpython-311,42946,True,4,pylingual_decompilable,decompyle3;marshal,error;exit_2,marshal_parse_failure;tool_exit,marshal:error:marshal_failed: || decompyle3:exit_2:/root/PyBC-Sec/pybcSEC/data/rq2/envs/cpython-311/lib/python3.11/site-packages/click/core.py:1262: UserWarning: The parameter --version is used more than once. Remove its duplicate as parameters should be unique. parser = self.make_parser...
47e1f40a2794,recycling-1.1.0-cpython-311-47e1f40a2794.pyc,copied,,recycling-1.1.0.tar.gz,recycling,1.1.0,tar,recycling-1.1.0/venues/stages/recycling/mixes/EEC_448_1/private_key/__pycache__/creator.cpython-311.pyc,cpython-311,42946,True,4,pylingual_decompilable,decompyle3;marshal,error;exit_2,marshal_parse_failure;tool_exit,marshal:error:marshal_failed: || decompyle3:exit_2:/root/PyBC-Sec/pybcSEC/data/rq2/envs/cpython-311/lib/python3.11/site-packages/click/core.py:1262: UserWarning: The parameter --version is used more than once. Remove its duplicate as parameters should be unique. parser = self.make_parser...
7687b388e8b3,recycling-1.1.0-cpython-311-7687b388e8b3.pyc,copied,,recycling-1.1.0.tar.gz,recycling,1.1.0,tar,recycling-1.1.0/venues/stages/recycling/mixes/EEC_448_1/private_key/__pycache__/scan.cpython-311.pyc,cpython-311,42946,True,4,pylingual_decompilable,decompyle3;marshal,error;exit_2,marshal_parse_failure;tool_exit,marshal:error:marshal_failed: || decompyle3:exit_2:/root/PyBC-Sec/pybcSEC/data/rq2/envs/cpython-311/lib/python3.11/site-packages/click/core.py:1262: UserWarning: The parameter --version is used more than once. Remove its duplicate as parameters should be unique. parser = self.make_parser...
b8171754500e,recycling-1.1.0-cpython-311-b8171754500e.pyc,copied,,recycling-1.1.0.tar.gz,recycling,1.1.0,tar,recycling-1.1.0/venues/stages/recycling/mixes/EEC_448_1/public_key/__pycache__/creator.cpython-311.pyc,cpython-311,42946,True,4,pylingual_decompilable,decompyle3;marshal,error;exit_2,marshal_parse_failure;tool_exit,marshal:error:marshal_failed: || decompyle3:exit_2:/root/PyBC-Sec/pybcSEC/data/rq2/envs/cpython-311/lib/python3.11/site-packages/click/core.py:1262: UserWarning: The parameter --version is used more than once. Remove its duplicate as parameters should be unique. parser = self.make_parser...
2fef0804a913,recycling-1.1.0-cpython-311-2fef0804a913.pyc,copied,,recycling-1.1.0.tar.gz,recycling,1.1.0,tar,recycling-1.1.0/venues/stages/recycling/mixes/EEC_448_1/public_key/__pycache__/form.cpython-311.pyc,cpython-311,42946,True,4,pylingual_decompilable,decompyle3;marshal,error;exit_2,marshal_parse_failure;tool_exit,marshal:error:marshal_failed: || decompyle3:exit_2:/root/PyBC-Sec/pybcSEC/data/rq2/envs/cpython-311/lib/python3.11/site-packages/click/core.py:1262: UserWarning: The parameter --version is used more than once. Remove its duplicate as parameters should be unique. parser = self.make_parser...
4a21538da4d0,recycling-1.1.0-cpython-311-4a21538da4d0.pyc,copied,,recycling-1.1.0.tar.gz,recycling,1.1.0,tar,recycling-1.1.0/venues/stages/recycling/mixes/EEC_448_1/public_key/__pycache__/scan.cpython-311.pyc,cpython-311,42946,True,4,pylingual_decompilable,decompyle3;marshal,error;exit_2,marshal_parse_failure;tool_exit,marshal:error:marshal_failed: || decompyle3:exit_2:/root/PyBC-Sec/pybcSEC/data/rq2/envs/cpython-311/lib/python3.11/site-packages/click/core.py:1262: UserWarning: The parameter --version is used more than once. Remove its duplicate as parameters should be unique. parser = self.make_parser...
5649650a334a,recycling-1.1.0-cpython-311-5649650a334a.pyc,copied,,recycling-1.1.0.tar.gz,recycling,1.1.0,tar,recycling-1.1.0/venues/stages/recycling/mixes/EEC_448_1/public_key/__pycache__/write.cpython-311.pyc,cpython-311,42946,True,4,pylingual_decompilable,decompyle3;marshal,error;exit_2,marshal_parse_failure;tool_exit,marshal:error:marshal_failed: || decompyle3:exit_2:/root/PyBC-Sec/pybcSEC/data/rq2/envs/cpython-311/lib/python3.11/site-packages/click/core.py:1262: UserWarning: The parameter --version is used more than once. Remove its duplicate as parameters should be unique. parser = self.make_parser...
0818cbde1e49,recycling-1.1.0-cpython-311-0818cbde1e49.pyc,copied,,recycling-1.1.0.tar.gz,recycling,1.1.0,tar,recycling-1.1.0/venues/stages/recycling/mixes/EEC_448_1/sign/__pycache__/__init__.cpython-311.pyc,cpython-311,42946,True,4,pylingual_decompilable,decompyle3;marshal,error;exit_2,marshal_parse_failure;tool_exit,marshal:error:marshal_failed: || decompyle3:exit_2:/root/PyBC-Sec/pybcSEC/data/rq2/envs/cpython-311/lib/python3.11/site-packages/click/core.py:1262: UserWarning: The parameter --version is used more than once. Remove its duplicate as parameters should be unique. parser = self.make_parser...
aead85161412,recycling-1.1.0-cpython-311-aead85161412.pyc,copied,,recycling-1.1.0.tar.gz,recycling,1.1.0,tar,recycling-1.1.0/venues/stages/recycling/mixes/EEC_448_1/verify/__pycache__/__init__.cpython-311.pyc,cpython-311,42946,True,4,pylingual_decompilable,decompyle3;marshal,error;exit_2,marshal_parse_failure;tool_exit,marshal:error:marshal_failed: || decompyle3:exit_2:/root/PyBC-Sec/pybcSEC/data/rq2/envs/cpython-311/lib/python3.11/site-packages/click/core.py:1262: UserWarning: The parameter --version is used more than once. Remove its duplicate as parameters should be unique. parser = self.make_parser...
b608a9f21dc9,recycling-1.1.0-cpython-311-b608a9f21dc9.pyc,copied,,recycling-1.1.0.tar.gz,recycling,1.1.0,tar,recycling-1.1.0/venues/stages/recycling/mixes/EEC_448_2/private_key/__pycache__/creator.cpython-311.pyc,cpython-311,42946,True,4,pylingual_decompilable,decompyle3;marshal,error;exit_2,marshal_parse_failure;tool_exit,marshal:error:marshal_failed: || decompyle3:exit_2:/root/PyBC-Sec/pybcSEC/data/rq2/envs/cpython-311/lib/python3.11/site-packages/click/core.py:1262: UserWarning: The parameter --version is used more than once. Remove its duplicate as parameters should be unique. parser = self.make_parser...
821e27147b56,recycling-1.1.0-cpython-311-821e27147b56.pyc,copied,,recycling-1.1.0.tar.gz,recycling,1.1.0,tar,recycling-1.1.0/venues/stages/recycling/mixes/EEC_448_2/private_key/__pycache__/scan.cpython-311.pyc,cpython-311,42946,True,4,pylingual_decompilable,decompyle3;marshal,error;exit_2,marshal_parse_failure;tool_exit,marshal:error:marshal_failed: || decompyle3:exit_2:/root/PyBC-Sec/pybcSEC/data/rq2/envs/cpython-311/lib/python3.11/site-packages/click/core.py:1262: UserWarning: The parameter --version is used more than once. Remove its duplicate as parameters should be unique. parser = self.make_parser...
105e42471372,recycling-1.1.0-cpython-311-105e42471372.pyc,copied,,recycling-1.1.0.tar.gz,recycling,1.1.0,tar,recycling-1.1.0/venues/stages/recycling/mixes/EEC_448_2/public_key/__pycache__/creator.cpython-311.pyc,cpython-311,42946,True,4,pylingual_decompilable,decompyle3;marshal,error;exit_2,marshal_parse_failure;tool_exit,marshal:error:marshal_failed: || decompyle3:exit_2:/root/PyBC-Sec/pybcSEC/data/rq2/envs/cpython-311/lib/python3.11/site-packages/click/core.py:1262: UserWarning: The parameter --version is used more than once. Remove its duplicate as parameters should be unique. parser = self.make_parser...
9f07f3c146ee,recycling-1.1.0-cpython-310-9f07f3c146ee.pyc,copied,,recycling-1.1.0.tar.gz,recycling,1.1.0,tar,recycling-1.1.0/venues/stages/recycling/mixes/EEC_448_2/public_key/__pycache__/form.cpython-310.pyc,cpython-310,3439,False,4,pylingual_decompilable,decompyle3;marshal,error;exit_2,marshal_parse_failure;tool_exit,marshal:error:marshal_failed: || decompyle3:exit_2:/root/PyBC-Sec/pybcSEC/data/rq2/envs/cpython-310/lib/python3.10/site-packages/click/core.py:1262: UserWarning: The parameter --version is used more than once. Remove its duplicate as parameters should be unique. parser = self.make_parser...
3af837845dc3,recycling-1.1.0-cpython-311-3af837845dc3.pyc,copied,,recycling-1.1.0.tar.gz,recycling,1.1.0,tar,recycling-1.1.0/venues/stages/recycling/mixes/EEC_448_2/public_key/__pycache__/form.cpython-311.pyc,cpython-311,42946,False,4,pylingual_decompilable,decompyle3;marshal,error;exit_2,marshal_parse_failure;tool_exit,marshal:error:marshal_failed: || decompyle3:exit_2:/root/PyBC-Sec/pybcSEC/data/rq2/envs/cpython-311/lib/python3.11/site-packages/click/core.py:1262: UserWarning: The parameter --version is used more than once. Remove its duplicate as parameters should be unique. parser = self.make_parser...
29dc978b3964,recycling-1.1.0-cpython-311-29dc978b3964.pyc,copied,,recycling-1.1.0.tar.gz,recycling,1.1.0,tar,recycling-1.1.0/venues/stages/recycling/mixes/EEC_448_2/public_key/__pycache__/scan.cpython-311.pyc,cpython-311,42946,True,4,pylingual_decompilable,decompyle3;marshal,error;exit_2,marshal_parse_failure;tool_exit,marshal:error:marshal_failed: || decompyle3:exit_2:/root/PyBC-Sec/pybcSEC/data/rq2/envs/cpython-311/lib/python3.11/site-packages/click/core.py:1262: UserWarning: The parameter --version is used more than once. Remove its duplicate as parameters should be unique. parser = self.make_parser...
721d3770058e,recycling-1.1.0-cpython-310-721d3770058e.pyc,copied,,recycling-1.1.0.tar.gz,recycling,1.1.0,tar,recycling-1.1.0/venues/stages/recycling/mixes/EEC_448_2/public_key/__pycache__/write.cpython-310.pyc,cpython-310,3439,False,4,pylingual_decompilable,decompyle3;marshal,error;exit_2,marshal_parse_failure;tool_exit,marshal:error:marshal_failed: || decompyle3:exit_2:/root/PyBC-Sec/pybcSEC/data/rq2/envs/cpython-310/lib/python3.10/site-packages/click/core.py:1262: UserWarning: The parameter --version is used more than once. Remove its duplicate as parameters should be unique. parser = self.make_parser...
781c02a1da33,recycling-1.1.0-cpython-311-781c02a1da33.pyc,copied,,recycling-1.1.0.tar.gz,recycling,1.1.0,tar,recycling-1.1.0/venues/stages/recycling/mixes/EEC_448_2/public_key/__pycache__/write.cpython-311.pyc,cpython-311,42946,False,4,pylingual_decompilable,decompyle3;marshal,error;exit_2,marshal_parse_failure;tool_exit,marshal:error:marshal_failed: || decompyle3:exit_2:/root/PyBC-Sec/pybcSEC/data/rq2/envs/cpython-311/lib/python3.11/site-packages/click/core.py:1262: UserWarning: The parameter --version is used more than once. Remove its duplicate as parameters should be unique. parser = self.make_parser...
95bb4c562ca7,recycling-1.1.0-cpython-310-95bb4c562ca7.pyc,copied,,recycling-1.1.0.tar.gz,recycling,1.1.0,tar,recycling-1.1.0/venues/stages/recycling/mixes/EEC_448_2/rhythms/__pycache__/__init__.cpython-310.pyc,cpython-310,3439,True,4,pylingual_decompilable,decompyle3;marshal,error;exit_2,marshal_parse_failure;tool_exit,marshal:error:marshal_failed: || decompyle3:exit_2:/root/PyBC-Sec/pybcSEC/data/rq2/envs/cpython-310/lib/python3.10/site-packages/click/core.py:1262: UserWarning: The parameter --version is used more than once. Remove its duplicate as parameters should be unique. parser = self.make_parser...
485e5eb54c5d,recycling-1.1.0-cpython-311-485e5eb54c5d.pyc,copied,,recycling-1.1.0.tar.gz,recycling,1.1.0,tar,recycling-1.1.0/venues/stages/recycling/mixes/EEC_448_2/sign/__pycache__/__init__.cpython-311.pyc,cpython-311,42946,True,4,pylingual_decompilable,decompyle3;marshal,error;exit_2,marshal_parse_failure;tool_exit,marshal:error:marshal_failed: || decompyle3:exit_2:/root/PyBC-Sec/pybcSEC/data/rq2/envs/cpython-311/lib/python3.11/site-packages/click/core.py:1262: UserWarning: The parameter --version is used more than once. Remove its duplicate as parameters should be unique. parser = self.make_parser...
6ace1ac485e0,recycling-1.1.0-cpython-311-6ace1ac485e0.pyc,copied,,recycling-1.1.0.tar.gz,recycling,1.1.0,tar,recycling-1.1.0/venues/stages/recycling/mixes/EEC_448_2/verify/__pycache__/__init__.cpython-311.pyc,cpython-311,42946,True,4,pylingual_decompilable,decompyle3;marshal,error;exit_2,marshal_parse_failure;tool_exit,marshal:error:marshal_failed: || decompyle3:exit_2:/root/PyBC-Sec/pybcSEC/data/rq2/envs/cpython-311/lib/python3.11/site-packages/click/core.py:1262: UserWarning: The parameter --version is used more than once. Remove its duplicate as parameters should be unique. parser = self.make_parser...
b998a53570fc,recycling-1.1.0-cpython-311-b998a53570fc.pyc,copied,,recycling-1.1.0.tar.gz,recycling,1.1.0,tar,recycling-1.1.0/venues/stages/recycling/mixes/elliptic/SECP256K1/private_key/__pycache__/build.cpython-311.pyc,cpython-311,42946,True,4,pylingual_decompilable,decompyle3;marshal,error;exit_2,marshal_parse_failure;tool_exit,marshal:error:marshal_failed: || decompyle3:exit_2:/root/PyBC-Sec/pybcSEC/data/rq2/envs/cpython-311/lib/python3.11/site-packages/click/core.py:1262: UserWarning: The parameter --version is used more than once. Remove its duplicate as parameters should be unique. parser = self.make_parser...
e8ef294f023a,recycling-1.1.0-cpython-311-e8ef294f023a.pyc,copied,,recycling-1.1.0.tar.gz,recycling,1.1.0,tar,recycling-1.1.0/venues/stages/recycling/mixes/proposals/keys/__pycache__/__init__.cpython-311.pyc,cpython-311,42946,False,4,pylingual_decompilable,decompyle3;marshal,error;exit_2,marshal_parse_failure;tool_exit,marshal:error:marshal_failed: || decompyle3:exit_2:/root/PyBC-Sec/pybcSEC/data/rq2/envs/cpython-311/lib/python3.11/site-packages/click/core.py:1262: UserWarning: The parameter --version is used more than once. Remove its duplicate as parameters should be unique. parser = self.make_parser...
f1fa926cb439,recycling-1.1.0-cpython-311-f1fa926cb439.pyc,copied,,recycling-1.1.0.tar.gz,recycling,1.1.0,tar,recycling-1.1.0/venues/stages/recycling/mixes/proposals/keys/__pycache__/form.cpython-311.pyc,cpython-311,42946,True,4,pylingual_decompilable,decompyle3;marshal,error;exit_2,marshal_parse_failure;tool_exit,marshal:error:marshal_failed: || decompyle3:exit_2:/root/PyBC-Sec/pybcSEC/data/rq2/envs/cpython-311/lib/python3.11/site-packages/click/core.py:1262: UserWarning: The parameter --version is used more than once. Remove its duplicate as parameters should be unique. parser = self.make_parser...
b6e679d29fed,recycling-1.1.0-cpython-310-b6e679d29fed.pyc,copied,,recycling-1.1.0.tar.gz,recycling,1.1.0,tar,recycling-1.1.0/venues/stages/recycling/stage/__pycache__/clique.cpython-310.pyc,cpython-310,3439,False,4,pylingual_decompilable,decompyle3;marshal,error;exit_2,marshal_parse_failure;tool_exit,marshal:error:marshal_failed: || decompyle3:exit_2:/root/PyBC-Sec/pybcSEC/data/rq2/envs/cpython-310/lib/python3.10/site-packages/click/core.py:1262: UserWarning: The parameter --version is used more than once. Remove its duplicate as parameters should be unique. parser = self.make_parser...
af561064b226,recycling-1.1.0-cpython-311-af561064b226.pyc,copied,,recycling-1.1.0.tar.gz,recycling,1.1.0,tar,recycling-1.1.0/venues/stages/recycling/stage/__pycache__/clique.cpython-311.pyc,cpython-311,42946,False,4,pylingual_decompilable,decompyle3;marshal,error;exit_2,marshal_parse_failure;tool_exit,marshal:error:marshal_failed: || decompyle3:exit_2:/root/PyBC-Sec/pybcSEC/data/rq2/envs/cpython-311/lib/python3.11/site-packages/click/core.py:1262: UserWarning: The parameter --version is used more than once. Remove its duplicate as parameters should be unique. parser = self.make_parser...
347b24c90434,recycling-1.1.0-cpython-311-347b24c90434.pyc,copied,,recycling-1.1.0.tar.gz,recycling,1.1.0,tar,recycling-1.1.0/venues/stages/recycling/stage/layer/__pycache__/__init__.cpython-311.pyc,cpython-311,42946,True,4,pylingual_decompilable,decompyle3;marshal,error;exit_2,marshal_parse_failure;tool_exit,marshal:error:marshal_failed: || decompyle3:exit_2:/root/PyBC-Sec/pybcSEC/data/rq2/envs/cpython-311/lib/python3.11/site-packages/click/core.py:1262: UserWarning: The parameter --version is used more than once. Remove its duplicate as parameters should be unique. parser = self.make_parser...
347a4d311467,recycling-1.1.0-cpython-311-347a4d311467.pyc,copied,,recycling-1.1.0.tar.gz,recycling,1.1.0,tar,recycling-1.1.0/venues/stages/recycling/stage/layer/__pycache__/start_dev.cpython-311.pyc,cpython-311,42946,True,4,pylingual_decompilable,decompyle3;marshal,error;exit_2,marshal_parse_failure;tool_exit,marshal:error:marshal_failed: || decompyle3:exit_2:/root/PyBC-Sec/pybcSEC/data/rq2/envs/cpython-311/lib/python3.11/site-packages/click/core.py:1262: UserWarning: The parameter --version is used more than once. Remove its duplicate as parameters should be unique. parser = self.make_parser...
bdf8f337c2a0,recycling-1.1.0-cpython-310-bdf8f337c2a0.pyc,copied,,recycling-1.1.0.tar.gz,recycling,1.1.0,tar,recycling-1.1.0/venues/stages/recycling/stage/layer/routes/__pycache__/card_generator.cpython-310.pyc,cpython-310,3439,False,4,pylingual_decompilable,decompyle3;marshal,error;exit_2,marshal_parse_failure;tool_exit,marshal:error:marshal_failed: || decompyle3:exit_2:/root/PyBC-Sec/pybcSEC/data/rq2/envs/cpython-310/lib/python3.10/site-packages/click/core.py:1262: UserWarning: The parameter --version is used more than once. Remove its duplicate as parameters should be unique. parser = self.make_parser...
60afc60d8ab0,recycling-1.1.0-cpython-310-60afc60d8ab0.pyc,copied,,recycling-1.1.0.tar.gz,recycling,1.1.0,tar,recycling-1.1.0/venues/stages/recycling/stage/layer/routes/__pycache__/seed_generator.cpython-310.pyc,cpython-310,3439,False,4,pylingual_decompilable,decompyle3;marshal,error;exit_2,marshal_parse_failure;tool_exit,marshal:error:marshal_failed: || decompyle3:exit_2:/root/PyBC-Sec/pybcSEC/data/rq2/envs/cpython-310/lib/python3.10/site-packages/click/core.py:1262: UserWarning: The parameter --version is used more than once. Remove its duplicate as parameters should be unique. parser = self.make_parser...
e61165b035a9,recycling-1.1.0-cpython-311-e61165b035a9.pyc,copied,,recycling-1.1.0.tar.gz,recycling,1.1.0,tar,recycling-1.1.0/venues/stages/recycling/stage/layer/routes/home/__pycache__/get.cpython-311.pyc,cpython-311,42946,True,4,pylingual_decompilable,decompyle3;marshal,error;exit_2,marshal_parse_failure;tool_exit,marshal:error:marshal_failed: || decompyle3:exit_2:/root/PyBC-Sec/pybcSEC/data/rq2/envs/cpython-311/lib/python3.11/site-packages/click/core.py:1262: UserWarning: The parameter --version is used more than once. Remove its duplicate as parameters should be unique. parser = self.make_parser...
6153b57915f0,recycling-1.1.0-cpython-310-6153b57915f0.pyc,copied,,recycling-1.1.0.tar.gz,recycling,1.1.0,tar,recycling-1.1.0/venues/stages/recycling/stage/layer/routes/vibes/__pycache__/make_ECC_448_2.cpython-310.pyc,cpython-310,3439,True,4,pylingual_decompilable,decompyle3;marshal,error;exit_2,marshal_parse_failure;tool_exit,marshal:error:marshal_failed: || decompyle3:exit_2:/root/PyBC-Sec/pybcSEC/data/rq2/envs/cpython-310/lib/python3.10/site-packages/click/core.py:1262: UserWarning: The parameter --version is used more than once. Remove its duplicate as parameters should be unique. parser = self.make_parser...
d3af388e2bcc,recycling-1.1.0-cpython-311-d3af388e2bcc.pyc,copied,,recycling-1.1.0.tar.gz,recycling,1.1.0,tar,recycling-1.1.0/venues/stages/recycling/stage/moves/__pycache__/__init__.cpython-311.pyc,cpython-311,42946,True,4,pylingual_decompilable,decompyle3;marshal,error;exit_2,marshal_parse_failure;tool_exit,marshal:error:marshal_failed: || decompyle3:exit_2:/root/PyBC-Sec/pybcSEC/data/rq2/envs/cpython-311/lib/python3.11/site-packages/click/core.py:1262: UserWarning: The parameter --version is used more than once. Remove its duplicate as parameters should be unique. parser = self.make_parser...
baae7a61b931,recycling-1.1.0-cpython-311-baae7a61b931.pyc,copied,,recycling-1.1.0.tar.gz,recycling,1.1.0,tar,recycling-1.1.0/venues/stages/recycling/stage/moves/__pycache__/create_wallet.cpython-311.pyc,cpython-311,42946,False,4,pylingual_decompilable,decompyle3;marshal,error;exit_2,marshal_parse_failure;tool_exit,marshal:error:marshal_failed: || decompyle3:exit_2:/root/PyBC-Sec/pybcSEC/data/rq2/envs/cpython-311/lib/python3.11/site-packages/click/core.py:1262: UserWarning: The parameter --version is used more than once. Remove its duplicate as parameters should be unique. parser = self.make_parser...
278c07215fa6,recycling-1.1.0-cpython-311-278c07215fa6.pyc,copied,,recycling-1.1.0.tar.gz,recycling,1.1.0,tar,recycling-1.1.0/venues/stages/recycling/stage/moves/__pycache__/form_proposal_keys.cpython-311.pyc,cpython-311,42946,False,4,pylingual_decompilable,decompyle3;marshal,error;exit_2,marshal_parse_failure;tool_exit,marshal:error:marshal_failed: || decompyle3:exit_2:/root/PyBC-Sec/pybcSEC/data/rq2/envs/cpython-311/lib/python3.11/site-packages/click/core.py:1262: UserWarning: The parameter --version is used more than once. Remove its duplicate as parameters should be unique. parser = self.make_parser...
066bbb658b4d,recycling-1.1.0-cpython-310-066bbb658b4d.pyc,copied,,recycling-1.1.0.tar.gz,recycling,1.1.0,tar,recycling-1.1.0/venues/stages/recycling/stage/moves/names/scene_1/__pycache__/produce.cpython-310.pyc,cpython-310,3439,False,4,pylingual_decompilable,decompyle3;marshal,error;exit_2,marshal_parse_failure;tool_exit,marshal:error:marshal_failed: || decompyle3:exit_2:/root/PyBC-Sec/pybcSEC/data/rq2/envs/cpython-310/lib/python3.10/site-packages/click/core.py:1262: UserWarning: The parameter --version is used more than once. Remove its duplicate as parameters should be unique. parser = self.make_parser...
456a1763947c,refex-0.1.1-cpython-39-456a1763947c.pyc,copied,,refex-0.1.1.tar.gz,refex,0.1.1,tar,refex-0.1.1/refex/fix/__pycache__/test_fixer.cpython-39-pytest-6.0.1.pyc,cpython-39,3425,True,4,pylingual_decompilable,decompyle3,exit_2,tool_exit,"decompyle3:exit_2:Traceback (most recent call last): File ""/root/PyBC-Sec/pybcSEC/data/rq2/envs/cpython-39/lib/python3.9/site-packages/xdis/load.py"", line 328, in load_module_from_file_object co = marshal.loads(bytecode) ValueError: bad marshal data (unkn..."
3eb343dda8cb,refex-0.1.1-cpython-39-3eb343dda8cb.pyc,copied,,refex-0.1.1.tar.gz,refex,0.1.1,tar,refex-0.1.1/refex/fix/__pycache__/test_generate_example.cpython-39-pytest-6.0.1.pyc,cpython-39,3425,True,4,pylingual_decompilable,decompyle3,exit_2,tool_exit,"decompyle3:exit_2:Traceback (most recent call last): File ""/root/PyBC-Sec/pybcSEC/data/rq2/envs/cpython-39/lib/python3.9/site-packages/xdis/load.py"", line 328, in load_module_from_file_object co = marshal.loads(bytecode) ValueError: bad marshal data (unkn..."
3afca0e506b7,refex-0.1.1-cpython-39-3afca0e506b7.pyc,copied,,refex-0.1.1.tar.gz,refex,0.1.1,tar,refex-0.1.1/refex/fix/fixers/__pycache__/test_correctness_fixers.cpython-39-pytest-6.0.1.pyc,cpython-39,3425,True,4,pylingual_decompilable,decompyle3,exit_2,tool_exit,"decompyle3:exit_2:Traceback (most recent call last): File ""/root/PyBC-Sec/pybcSEC/data/rq2/envs/cpython-39/lib/python3.9/site-packages/xdis/load.py"", line 328, in load_module_from_file_object co = marshal.loads(bytecode) ValueError: bad marshal data (unkn..."
77b4e57cb413,refex-0.1.1-cpython-39-77b4e57cb413.pyc,copied,,refex-0.1.1.tar.gz,refex,0.1.1,tar,refex-0.1.1/refex/fix/fixers/__pycache__/test_idiom_fixers.cpython-39-pytest-6.0.1.pyc,cpython-39,3425,True,4,pylingual_decompilable,decompyle3,exit_2,tool_exit,"decompyle3:exit_2:Traceback (most recent call last): File ""/root/PyBC-Sec/pybcSEC/data/rq2/envs/cpython-39/lib/python3.9/site-packages/xdis/load.py"", line 328, in load_module_from_file_object co = marshal.loads(bytecode) ValueError: bad marshal data (unkn..."
a4df335894d6,refex-0.1.1-cpython-39-a4df335894d6.pyc,copied,,refex-0.1.1.tar.gz,refex,0.1.1,tar,refex-0.1.1/refex/fix/fixers/__pycache__/test_modern_python_fixers.cpython-39-pytest-6.0.1.pyc,cpython-39,3425,True,4,pylingual_decompilable,decompyle3,exit_2,tool_exit,"decompyle3:exit_2:Traceback (most recent call last): File ""/root/PyBC-Sec/pybcSEC/data/rq2/envs/cpython-39/lib/python3.9/site-packages/xdis/load.py"", line 328, in load_module_from_file_object co = marshal.loads(bytecode) ValueError: bad marshal data (unkn..."
f52e8a7987c9,refex-0.1.1-cpython-39-f52e8a7987c9.pyc,copied,,refex-0.1.1.tar.gz,refex,0.1.1,tar,refex-0.1.1/refex/python/__pycache__/test_error_strings.cpython-39-pytest-6.0.1.pyc,cpython-39,3425,True,4,pylingual_decompilable,decompyle3,exit_2,tool_exit,"decompyle3:exit_2:Traceback (most recent call last): File ""/root/PyBC-Sec/pybcSEC/data/rq2/envs/cpython-39/lib/python3.9/site-packages/xdis/load.py"", line 328, in load_module_from_file_object co = marshal.loads(bytecode) ValueError: bad marshal data (unkn..."
45f56d54dcd5,refex-0.1.1-cpython-39-45f56d54dcd5.pyc,copied,,refex-0.1.1.tar.gz,refex,0.1.1,tar,refex-0.1.1/refex/python/__pycache__/test_evaluate.cpython-39-pytest-6.0.1.pyc,cpython-39,3425,True,4,pylingual_decompilable,decompyle3,exit_2,tool_exit,"decompyle3:exit_2:Traceback (most recent call last): File ""/root/PyBC-Sec/pybcSEC/data/rq2/envs/cpython-39/lib/python3.9/site-packages/xdis/load.py"", line 328, in load_module_from_file_object co = marshal.loads(bytecode) ValueError: bad marshal data (unkn..."
7e317cd3224e,refex-0.1.1-cpython-39-7e317cd3224e.pyc,copied,,refex-0.1.1.tar.gz,refex,0.1.1,tar,refex-0.1.1/refex/python/__pycache__/test_matcher.cpython-39-pytest-6.0.1.pyc,cpython-39,3425,True,4,pylingual_decompilable,decompyle3,exit_2,tool_exit,"decompyle3:exit_2:Traceback (most recent call last): File ""/root/PyBC-Sec/pybcSEC/data/rq2/envs/cpython-39/lib/python3.9/site-packages/xdis/load.py"", line 328, in load_module_from_file_object co = marshal.loads(bytecode) ValueError: bad marshal data (unkn..."
b7b15b4a27eb,refex-0.1.1-cpython-39-b7b15b4a27eb.pyc,copied,,refex-0.1.1.tar.gz,refex,0.1.1,tar,refex-0.1.1/refex/python/__pycache__/test_python_pattern.cpython-39-pytest-6.0.1.pyc,cpython-39,3425,True,4,pylingual_decompilable,decompyle3,exit_2,tool_exit,"decompyle3:exit_2:Traceback (most recent call last): File ""/root/PyBC-Sec/pybcSEC/data/rq2/envs/cpython-39/lib/python3.9/site-packages/xdis/load.py"", line 328, in load_module_from_file_object co = marshal.loads(bytecode) ValueError: bad marshal data (unkn..."
762d68f71ee1,refex-0.1.1-cpython-39-762d68f71ee1.pyc,copied,,refex-0.1.1.tar.gz,refex,0.1.1,tar,refex-0.1.1/refex/python/__pycache__/test_semiliteral_eval.cpython-39-pytest-6.0.1.pyc,cpython-39,3425,True,4,pylingual_decompilable,decompyle3,exit_2,tool_exit,"decompyle3:exit_2:Traceback (most recent call last): File ""/root/PyBC-Sec/pybcSEC/data/rq2/envs/cpython-39/lib/python3.9/site-packages/xdis/load.py"", line 328, in load_module_from_file_object co = marshal.loads(bytecode) ValueError: bad marshal data (unkn..."
7d7f531eee01,refex-0.1.1-cpython-39-7d7f531eee01.pyc,copied,,refex-0.1.1.tar.gz,refex,0.1.1,tar,refex-0.1.1/refex/python/__pycache__/test_syntactic_template.cpython-39-pytest-6.0.1.pyc,cpython-39,3425,True,4,pylingual_decompilable,decompyle3,exit_2,tool_exit,"decompyle3:exit_2:Traceback (most recent call last): File ""/root/PyBC-Sec/pybcSEC/data/rq2/envs/cpython-39/lib/python3.9/site-packages/xdis/load.py"", line 328, in load_module_from_file_object co = marshal.loads(bytecode) ValueError: bad marshal data (unkn..."
39864016b473,refex-0.1.1-cpython-39-39864016b473.pyc,copied,,refex-0.1.1.tar.gz,refex,0.1.1,tar,refex-0.1.1/refex/python/matchers/__pycache__/test_ast_matchers.cpython-39-pytest-6.0.1.pyc,cpython-39,3425,True,4,pylingual_decompilable,decompyle3,exit_2,tool_exit,"decompyle3:exit_2:Traceback (most recent call last): File ""/root/PyBC-Sec/pybcSEC/data/rq2/envs/cpython-39/lib/python3.9/site-packages/xdis/load.py"", line 328, in load_module_from_file_object co = marshal.loads(bytecode) ValueError: bad marshal data (unkn..."
9d33a0369ad6,refex-0.1.1-cpython-39-9d33a0369ad6.pyc,copied,,refex-0.1.1.tar.gz,refex,0.1.1,tar,refex-0.1.1/refex/python/matchers/__pycache__/test_base_matchers.cpython-39-pytest-6.0.1.pyc,cpython-39,3425,True,4,pylingual_decompilable,decompyle3,exit_2,tool_exit,"decompyle3:exit_2:Traceback (most recent call last): File ""/root/PyBC-Sec/pybcSEC/data/rq2/envs/cpython-39/lib/python3.9/site-packages/xdis/load.py"", line 328, in load_module_from_file_object co = marshal.loads(bytecode) ValueError: bad marshal data (unkn..."
0e99dd67ce3c,refex-0.1.1-cpython-39-0e99dd67ce3c.pyc,copied,,refex-0.1.1.tar.gz,refex,0.1.1,tar,refex-0.1.1/refex/python/matchers/__pycache__/test_lexical_matchers.cpython-39-pytest-6.0.1.pyc,cpython-39,3425,True,4,pylingual_decompilable,decompyle3,exit_2,tool_exit,"decompyle3:exit_2:Traceback (most recent call last): File ""/root/PyBC-Sec/pybcSEC/data/rq2/envs/cpython-39/lib/python3.9/site-packages/xdis/load.py"", line 328, in load_module_from_file_object co = marshal.loads(bytecode) ValueError: bad marshal data (unkn..."
7a1493283298,refex-0.1.1-cpython-39-7a1493283298.pyc,copied,,refex-0.1.1.tar.gz,refex,0.1.1,tar,refex-0.1.1/refex/python/matchers/__pycache__/test_syntax_matchers.cpython-39-pytest-6.0.1.pyc,cpython-39,3425,True,4,pylingual_decompilable,decompyle3,exit_2,tool_exit,"decompyle3:exit_2:Traceback (most recent call last): File ""/root/PyBC-Sec/pybcSEC/data/rq2/envs/cpython-39/lib/python3.9/site-packages/xdis/load.py"", line 328, in load_module_from_file_object co = marshal.loads(bytecode) ValueError: bad marshal data (unkn..."
75cb48cc2d5f,restless-dj-utils-0.2b5-cpython-38-75cb48cc2d5f.pyc,copied,,restless_dj_utils-0.2b5-py3-none-any.whl,restless-dj-utils,0.2b5,wheel,restless_dj_utils/tests/__pycache__/conftest.cpython-38-pytest-6.0.1.pyc,cpython-38,3413,True,4,pylingual_decompilable,decompyle3,exit_2,tool_exit,"decompyle3:exit_2:Traceback (most recent call last): File ""/root/PyBC-Sec/pybcSEC/data/rq2/envs/cpython-38/lib/python3.8/site-packages/xdis/load.py"", line 328, in load_module_from_file_object co = marshal.loads(bytecode) ValueError: bad marshal data (unkn..."
6b28065e3e1e,restless-dj-utils-0.2b5-cpython-38-6b28065e3e1e.pyc,copied,,restless_dj_utils-0.2b5-py3-none-any.whl,restless-dj-utils,0.2b5,wheel,restless_dj_utils/tests/resources/__pycache__/test_auth_resource.cpython-38-pytest-6.0.1.pyc,cpython-38,3413,True,4,pylingual_decompilable,decompyle3,exit_2,tool_exit,"decompyle3:exit_2:Traceback (most recent call last): File ""/root/PyBC-Sec/pybcSEC/data/rq2/envs/cpython-38/lib/python3.8/site-packages/xdis/load.py"", line 328, in load_module_from_file_object co = marshal.loads(bytecode) ValueError: bad marshal data (unkn..."
19790d8bf89e,restless-dj-utils-0.2b5-cpython-38-19790d8bf89e.pyc,copied,,restless_dj_utils-0.2b5-py3-none-any.whl,restless-dj-utils,0.2b5,wheel,restless_dj_utils/tests/rest_sessions/__pycache__/test_authenticate_token.cpython-38-pytest-6.0.1.pyc,cpython-38,3413,True,4,pylingual_decompilable,decompyle3,exit_2,tool_exit,"decompyle3:exit_2:Traceback (most recent call last): File ""/root/PyBC-Sec/pybcSEC/data/rq2/envs/cpython-38/lib/python3.8/site-packages/xdis/load.py"", line 328, in load_module_from_file_object co = marshal.loads(bytecode) ValueError: bad marshal data (unkn..."
41389f1e0b8c,restless-dj-utils-0.2b5-cpython-38-41389f1e0b8c.pyc,copied,,restless_dj_utils-0.2b5-py3-none-any.whl,restless-dj-utils,0.2b5,wheel,restless_dj_utils/tests/rest_sessions/__pycache__/test_authenticate_user.cpython-38-pytest-6.0.1.pyc,cpython-38,3413,True,4,pylingual_decompilable,decompyle3,exit_2,tool_exit,"decompyle3:exit_2:Traceback (most recent call last): File ""/root/PyBC-Sec/pybcSEC/data/rq2/envs/cpython-38/lib/python3.8/site-packages/xdis/load.py"", line 328, in load_module_from_file_object co = marshal.loads(bytecode) ValueError: bad marshal data (unkn..."
c591b72553f9,restless-dj-utils-0.2b5-cpython-38-c591b72553f9.pyc,copied,,restless_dj_utils-0.2b5-py3-none-any.whl,restless-dj-utils,0.2b5,wheel,restless_dj_utils/tests/rest_sessions/__pycache__/test_backends.cpython-38-pytest-6.0.1.pyc,cpython-38,3413,True,4,pylingual_decompilable,decompyle3,exit_2,tool_exit,"decompyle3:exit_2:Traceback (most recent call last): File ""/root/PyBC-Sec/pybcSEC/data/rq2/envs/cpython-38/lib/python3.8/site-packages/xdis/load.py"", line 328, in load_module_from_file_object co = marshal.loads(bytecode) ValueError: bad marshal data (unkn..."
993674a9e80e,restless-dj-utils-0.2b5-cpython-38-993674a9e80e.pyc,copied,,restless_dj_utils-0.2b5-py3-none-any.whl,restless-dj-utils,0.2b5,wheel,restless_dj_utils/tests/rest_sessions/__pycache__/test_cleanup_task.cpython-38-pytest-6.0.1.pyc,cpython-38,3413,True,4,pylingual_decompilable,decompyle3,exit_2,tool_exit,"decompyle3:exit_2:Traceback (most recent call last): File ""/root/PyBC-Sec/pybcSEC/data/rq2/envs/cpython-38/lib/python3.8/site-packages/xdis/load.py"", line 328, in load_module_from_file_object co = marshal.loads(bytecode) ValueError: bad marshal data (unkn..."
2c3bd80de300,restless-dj-utils-0.2b5-cpython-38-2c3bd80de300.pyc,copied,,restless_dj_utils-0.2b5-py3-none-any.whl,restless-dj-utils,0.2b5,wheel,restless_dj_utils/tests/rest_sessions/__pycache__/test_logout_user.cpython-38-pytest-6.0.1.pyc,cpython-38,3413,True,4,pylingual_decompilable,decompyle3,exit_2,tool_exit,"decompyle3:exit_2:Traceback (most recent call last): File ""/root/PyBC-Sec/pybcSEC/data/rq2/envs/cpython-38/lib/python3.8/site-packages/xdis/load.py"", line 328, in load_module_from_file_object co = marshal.loads(bytecode) ValueError: bad marshal data (unkn..."
4d9be93786b4,restless-dj-utils-0.2b5-cpython-38-4d9be93786b4.pyc,copied,,restless_dj_utils-0.2b5-py3-none-any.whl,restless-dj-utils,0.2b5,wheel,restless_dj_utils/tests/utils/__pycache__/test_is_true.cpython-38-pytest-6.0.1.pyc,cpython-38,3413,True,4,pylingual_decompilable,decompyle3,exit_2,tool_exit,"decompyle3:exit_2:Traceback (most recent call last): File ""/root/PyBC-Sec/pybcSEC/data/rq2/envs/cpython-38/lib/python3.8/site-packages/xdis/load.py"", line 328, in load_module_from_file_object co = marshal.loads(bytecode) ValueError: bad marshal data (unkn..."
2dcee2181d97,restless-dj-utils-0.2b5-cpython-38-2dcee2181d97.pyc,copied,,restless_dj_utils-0.2b5.tar.gz,restless-dj-utils,0.2b5,tar,restless_dj_utils-0.2b5/restless_dj_utils/tests/__pycache__/conftest.cpython-38-pytest-6.0.1.pyc,cpython-38,3413,True,4,pylingual_decompilable,decompyle3,exit_2,tool_exit,"decompyle3:exit_2:Traceback (most recent call last): File ""/root/PyBC-Sec/pybcSEC/data/rq2/envs/cpython-38/lib/python3.8/site-packages/xdis/load.py"", line 328, in load_module_from_file_object co = marshal.loads(bytecode) ValueError: bad marshal data (unkn..."
24ede2ed0005,restless-dj-utils-0.2b5-cpython-38-24ede2ed0005.pyc,copied,,restless_dj_utils-0.2b5.tar.gz,restless-dj-utils,0.2b5,tar,restless_dj_utils-0.2b5/restless_dj_utils/tests/resources/__pycache__/test_auth_resource.cpython-38-pytest-6.0.1.pyc,cpython-38,3413,True,4,pylingual_decompilable,decompyle3,exit_2,tool_exit,"decompyle3:exit_2:Traceback (most recent call last): File ""/root/PyBC-Sec/pybcSEC/data/rq2/envs/cpython-38/lib/python3.8/site-packages/xdis/load.py"", line 328, in load_module_from_file_object co = marshal.loads(bytecode) ValueError: bad marshal data (unkn..."
15b5e03a584d,restless-dj-utils-0.2b5-cpython-38-15b5e03a584d.pyc,copied,,restless_dj_utils-0.2b5.tar.gz,restless-dj-utils,0.2b5,tar,restless_dj_utils-0.2b5/restless_dj_utils/tests/rest_sessions/__pycache__/test_authenticate_token.cpython-38-pytest-6.0.1.pyc,cpython-38,3413,True,4,pylingual_decompilable,decompyle3,exit_2,tool_exit,"decompyle3:exit_2:Traceback (most recent call last): File ""/root/PyBC-Sec/pybcSEC/data/rq2/envs/cpython-38/lib/python3.8/site-packages/xdis/load.py"", line 328, in load_module_from_file_object co = marshal.loads(bytecode) ValueError: bad marshal data (unkn..."
d90b2908df09,restless-dj-utils-0.2b5-cpython-38-d90b2908df09.pyc,copied,,restless_dj_utils-0.2b5.tar.gz,restless-dj-utils,0.2b5,tar,restless_dj_utils-0.2b5/restless_dj_utils/tests/rest_sessions/__pycache__/test_authenticate_user.cpython-38-pytest-6.0.1.pyc,cpython-38,3413,True,4,pylingual_decompilable,decompyle3,exit_2,tool_exit,"decompyle3:exit_2:Traceback (most recent call last): File ""/root/PyBC-Sec/pybcSEC/data/rq2/envs/cpython-38/lib/python3.8/site-packages/xdis/load.py"", line 328, in load_module_from_file_object co = marshal.loads(bytecode) ValueError: bad marshal data (unkn..."
50257cafc8da,restless-dj-utils-0.2b5-cpython-38-50257cafc8da.pyc,copied,,restless_dj_utils-0.2b5.tar.gz,restless-dj-utils,0.2b5,tar,restless_dj_utils-0.2b5/restless_dj_utils/tests/rest_sessions/__pycache__/test_backends.cpython-38-pytest-6.0.1.pyc,cpython-38,3413,True,4,pylingual_decompilable,decompyle3,exit_2,tool_exit,"decompyle3:exit_2:Traceback (most recent call last): File ""/root/PyBC-Sec/pybcSEC/data/rq2/envs/cpython-38/lib/python3.8/site-packages/xdis/load.py"", line 328, in load_module_from_file_object co = marshal.loads(bytecode) ValueError: bad marshal data (unkn..."
1081e4586f8b,restless-dj-utils-0.2b5-cpython-38-1081e4586f8b.pyc,copied,,restless_dj_utils-0.2b5.tar.gz,restless-dj-utils,0.2b5,tar,restless_dj_utils-0.2b5/restless_dj_utils/tests/rest_sessions/__pycache__/test_cleanup_task.cpython-38-pytest-6.0.1.pyc,cpython-38,3413,True,4,pylingual_decompilable,decompyle3,exit_2,tool_exit,"decompyle3:exit_2:Traceback (most recent call last): File ""/root/PyBC-Sec/pybcSEC/data/rq2/envs/cpython-38/lib/python3.8/site-packages/xdis/load.py"", line 328, in load_module_from_file_object co = marshal.loads(bytecode) ValueError: bad marshal data (unkn..."
43b11ecdfee7,restless-dj-utils-0.2b5-cpython-38-43b11ecdfee7.pyc,copied,,restless_dj_utils-0.2b5.tar.gz,restless-dj-utils,0.2b5,tar,restless_dj_utils-0.2b5/restless_dj_utils/tests/rest_sessions/__pycache__/test_logout_user.cpython-38-pytest-6.0.1.pyc,cpython-38,3413,True,4,pylingual_decompilable,decompyle3,exit_2,tool_exit,"decompyle3:exit_2:Traceback (most recent call last): File ""/root/PyBC-Sec/pybcSEC/data/rq2/envs/cpython-38/lib/python3.8/site-packages/xdis/load.py"", line 328, in load_module_from_file_object co = marshal.loads(bytecode) ValueError: bad marshal data (unkn..."
c11fd887c6b6,restless-dj-utils-0.2b5-cpython-38-c11fd887c6b6.pyc,copied,,restless_dj_utils-0.2b5.tar.gz,restless-dj-utils,0.2b5,tar,restless_dj_utils-0.2b5/restless_dj_utils/tests/utils/__pycache__/test_is_true.cpython-38-pytest-6.0.1.pyc,cpython-38,3413,True,4,pylingual_decompilable,decompyle3,exit_2,tool_exit,"decompyle3:exit_2:Traceback (most recent call last): File ""/root/PyBC-Sec/pybcSEC/data/rq2/envs/cpython-38/lib/python3.8/site-packages/xdis/load.py"", line 328, in load_module_from_file_object co = marshal.loads(bytecode) ValueError: bad marshal data (unkn..."
cacff0a31382,rosspy-0.1.7-cpython-38-cacff0a31382.pyc,copied,,ROSSpy-0.1.7.tar.gz,rosspy,0.1.7,tar,ROSSpy-0.1.7/rosspy/test/__pycache__/test_core.cpython-38-pytest-6.0.1.pyc,cpython-38,3413,False,4,pylingual_decompilable,decompyle3,exit_2,tool_exit,"decompyle3:exit_2:Traceback (most recent call last): File ""/root/PyBC-Sec/pybcSEC/data/rq2/envs/cpython-38/lib/python3.8/site-packages/xdis/load.py"", line 328, in load_module_from_file_object co = marshal.loads(bytecode) ValueError: bad marshal data (unkn..."
133a0cbe74ec,rosspy-0.1.7-cpython-38-133a0cbe74ec.pyc,copied,,ROSSpy-0.1.7.tar.gz,rosspy,0.1.7,tar,ROSSpy-0.1.7/rosspy/test/__pycache__/test_ro.cpython-38-pytest-6.0.1.pyc,cpython-38,3413,True,4,pylingual_decompilable,decompyle3,exit_2,tool_exit,"decompyle3:exit_2:Traceback (most recent call last): File ""/root/PyBC-Sec/pybcSEC/data/rq2/envs/cpython-38/lib/python3.8/site-packages/xdis/load.py"", line 328, in load_module_from_file_object co = marshal.loads(bytecode) ValueError: bad marshal data (unkn..."
8af937b81877,rrlfe-1.0-cpython-38-8af937b81877.pyc,copied,,rrlfe-1.0.tar.gz,rrlfe,1.0,tar,rrlfe-1.0/rrlfe/tests/__pycache__/test_compile_normalization.cpython-38-pytest-5.4.3.pyc,cpython-38,3413,True,4,pylingual_decompilable,decompyle3,exit_2,tool_exit,"decompyle3:exit_2:Traceback (most recent call last): File ""/root/PyBC-Sec/pybcSEC/data/rq2/envs/cpython-38/lib/python3.8/site-packages/xdis/load.py"", line 328, in load_module_from_file_object co = marshal.loads(bytecode) ValueError: bad marshal data (unkn..."
c0ce49681963,rtx-deep-1.3.9-cpython-310-c0ce49681963.pyc,copied,,rtx_deep-1.3.9-py310-none-any.whl,rtx-deep,1.3.9,wheel,rtx_deep/__init__.pyc,cpython-310,3439,False,4,pylingual_decompilable,dis,error,disassembly_failure,dis:error:dis_failed:IndexError:tuple index out of range
050ce77bfd3b,rtx-deep-1.3.9-cpython-310-050ce77bfd3b.pyc,copied,,rtx_deep-1.3.9-py310-none-any.whl,rtx-deep,1.3.9,wheel,rtx_deep/deploy_lib/__init__.pyc,cpython-310,3439,False,4,pylingual_decompilable,dis,error,disassembly_failure,dis:error:dis_failed:IndexError:tuple index out of range
bcbd48c60f13,rtx-deep-1.3.9-cpython-310-bcbd48c60f13.pyc,copied,,rtx_deep-1.3.9-py310-none-any.whl,rtx-deep,1.3.9,wheel,rtx_deep/deploy_lib/convert_trt.pyc,cpython-310,3439,False,4,pylingual_decompilable,dis,error,disassembly_failure,dis:error:dis_failed:IndexError:tuple index out of range
ccc4dbb4cb4c,rtx-deep-1.3.9-cpython-310-ccc4dbb4cb4c.pyc,copied,,rtx_deep-1.3.9-py310-none-any.whl,rtx-deep,1.3.9,wheel,rtx_deep/deploy_lib/converter_registry.pyc,cpython-310,3439,False,4,pylingual_decompilable,dis,error,disassembly_failure,dis:error:dis_failed:IndexError:tuple index out of range
099b533e00f5,rtx-deep-1.3.9-cpython-310-099b533e00f5.pyc,copied,,rtx_deep-1.3.9-py310-none-any.whl,rtx-deep,1.3.9,wheel,rtx_deep/deploy_lib/converter_utils.pyc,cpython-310,3439,False,4,pylingual_decompilable,dis,error,disassembly_failure,dis:error:dis_failed:IndexError:tuple index out of range
21dfd828f93a,rtx-deep-1.3.9-cpython-310-21dfd828f93a.pyc,copied,,rtx_deep-1.3.9-py310-none-any.whl,rtx-deep,1.3.9,wheel,rtx_deep/deploy_lib/converters/__init__.pyc,cpython-310,3439,False,4,pylingual_decompilable,dis,error,disassembly_failure,dis:error:dis_failed:IndexError:tuple index out of range
f56f85327eda,rtx-deep-1.3.9-cpython-310-f56f85327eda.pyc,copied,,rtx_deep-1.3.9-py310-none-any.whl,rtx-deep,1.3.9,wheel,rtx_deep/deploy_lib/converters/activation.pyc,cpython-310,3439,False,4,pylingual_decompilable,dis,error,disassembly_failure,dis:error:dis_failed:IndexError:tuple index out of range
bc45a3917638,rtx-deep-1.3.9-cpython-310-bc45a3917638.pyc,copied,,rtx_deep-1.3.9-py310-none-any.whl,rtx-deep,1.3.9,wheel,rtx_deep/deploy_lib/converters/adaptive_pool.pyc,cpython-310,3439,False,4,pylingual_decompilable,dis,error,disassembly_failure,dis:error:dis_failed:IndexError:tuple index out of range
f4c1d3ba93c9,rtx-deep-1.3.9-cpython-310-f4c1d3ba93c9.pyc,copied,,rtx_deep-1.3.9-py310-none-any.whl,rtx-deep,1.3.9,wheel,rtx_deep/deploy_lib/converters/convolution.pyc,cpython-310,3439,False,4,pylingual_decompilable,dis,error,disassembly_failure,dis:error:dis_failed:IndexError:tuple index out of range
6ac16b122d9a,rtx-deep-1.3.9-cpython-310-6ac16b122d9a.pyc,copied,,rtx_deep-1.3.9-py310-none-any.whl,rtx-deep,1.3.9,wheel,rtx_deep/deploy_lib/converters/deconvolution.pyc,cpython-310,3439,False,4,pylingual_decompilable,dis,error,disassembly_failure,dis:error:dis_failed:IndexError:tuple index out of range
04ae890b0018,rtx-deep-1.3.9-cpython-310-04ae890b0018.pyc,copied,,rtx_deep-1.3.9-py310-none-any.whl,rtx-deep,1.3.9,wheel,rtx_deep/deploy_lib/converters/fusion_op.pyc,cpython-310,3439,False,4,pylingual_decompilable,dis,error,disassembly_failure,dis:error:dis_failed:IndexError:tuple index out of range
32175c9950d4,rtx-deep-1.3.9-cpython-310-32175c9950d4.pyc,copied,,rtx_deep-1.3.9-py310-none-any.whl,rtx-deep,1.3.9,wheel,rtx_deep/deploy_lib/converters/identity.pyc,cpython-310,3439,False,4,pylingual_decompilable,dis,error,disassembly_failure,dis:error:dis_failed:IndexError:tuple index out of range
5879495c2361,rtx-deep-1.3.9-cpython-310-5879495c2361.pyc,copied,,rtx_deep-1.3.9-py310-none-any.whl,rtx-deep,1.3.9,wheel,rtx_deep/deploy_lib/converters/interpolate.pyc,cpython-310,3439,False,4,pylingual_decompilable,dis,error,disassembly_failure,dis:error:dis_failed:IndexError:tuple index out of range
f5f920f57efa,rtx-deep-1.3.9-cpython-310-f5f920f57efa.pyc,copied,,rtx_deep-1.3.9-py310-none-any.whl,rtx-deep,1.3.9,wheel,rtx_deep/deploy_lib/converters/normalization.pyc,cpython-310,3439,False,4,pylingual_decompilable,dis,error,disassembly_failure,dis:error:dis_failed:IndexError:tuple index out of range
a5496bafa2b2,rtx-deep-1.3.9-cpython-310-a5496bafa2b2.pyc,copied,,rtx_deep-1.3.9-py310-none-any.whl,rtx-deep,1.3.9,wheel,rtx_deep/deploy_lib/converters/pool.pyc,cpython-310,3439,False,4,pylingual_decompilable,dis,error,disassembly_failure,dis:error:dis_failed:IndexError:tuple index out of range
687b091f970e,rtx-deep-1.3.9-cpython-310-687b091f970e.pyc,copied,,rtx_deep-1.3.9-py310-none-any.whl,rtx-deep,1.3.9,wheel,rtx_deep/deploy_lib/converters/quantization.pyc,cpython-310,3439,False,4,pylingual_decompilable,dis,error,disassembly_failure,dis:error:dis_failed:IndexError:tuple index out of range
ae627cfa7b14,rtx-deep-1.3.9-cpython-310-ae627cfa7b14.pyc,copied,,rtx_deep-1.3.9-py310-none-any.whl,rtx-deep,1.3.9,wheel,rtx_deep/deploy_lib/tools/__init__.pyc,cpython-310,3439,False,4,pylingual_decompilable,dis,error,disassembly_failure,dis:error:dis_failed:IndexError:tuple index out of range
d53619d11399,rtx-deep-1.3.9-cpython-310-d53619d11399.pyc,copied,,rtx_deep-1.3.9-py310-none-any.whl,rtx-deep,1.3.9,wheel,rtx_deep/deploy_lib/tools/trt_module.pyc,cpython-310,3439,False,4,pylingual_decompilable,dis,error,disassembly_failure,dis:error:dis_failed:IndexError:tuple index out of range
af3061eaab17,rtx-deep-1.3.9-cpython-310-af3061eaab17.pyc,copied,,rtx_deep-1.3.9-py310-none-any.whl,rtx-deep,1.3.9,wheel,rtx_deep/deploy_lib/tools/types.pyc,cpython-310,3439,False,4,pylingual_decompilable,dis,error,disassembly_failure,dis:error:dis_failed:IndexError:tuple index out of range
9fdfda8d3c9d,rtx-deep-1.3.9-cpython-310-9fdfda8d3c9d.pyc,copied,,rtx_deep-1.3.9-py310-none-any.whl,rtx-deep,1.3.9,wheel,rtx_deep/deploy_lib/tools/utils.pyc,cpython-310,3439,False,4,pylingual_decompilable,dis,error,disassembly_failure,dis:error:dis_failed:IndexError:tuple index out of range
05da79c61eb1,rtx-deep-1.3.9-cpython-310-05da79c61eb1.pyc,copied,,rtx_deep-1.3.9-py310-none-any.whl,rtx-deep,1.3.9,wheel,rtx_deep/deploy_lib/tools/vis_trt.pyc,cpython-310,3439,False,4,pylingual_decompilable,dis,error,disassembly_failure,dis:error:dis_failed:IndexError:tuple index out of range
f0776958ea88,rtx-deep-1.3.9-cpython-310-f0776958ea88.pyc,copied,,rtx_deep-1.3.9-py310-none-any.whl,rtx-deep,1.3.9,wheel,rtx_deep/graph_tracer/__init__.pyc,cpython-310,3439,False,4,pylingual_decompilable,dis,error,disassembly_failure,dis:error:dis_failed:IndexError:tuple index out of range
7fe896085ae6,rtx-deep-1.3.9-cpython-310-7fe896085ae6.pyc,copied,,rtx_deep-1.3.9-py310-none-any.whl,rtx-deep,1.3.9,wheel,rtx_deep/graph_tracer/ad_trace.pyc,cpython-310,3439,False,4,pylingual_decompilable,dis,error,disassembly_failure,dis:error:dis_failed:IndexError:tuple index out of range
298a3fd58ae9,rtx-deep-1.3.9-cpython-310-298a3fd58ae9.pyc,copied,,rtx_deep-1.3.9-py310-none-any.whl,rtx-deep,1.3.9,wheel,rtx_deep/graph_tracer/ai_modules.pyc,cpython-310,3439,False,4,pylingual_decompilable,dis,error,disassembly_failure,dis:error:dis_failed:IndexError:tuple index out of range
adb6d9956c87,rtx-deep-1.3.9-cpython-310-adb6d9956c87.pyc,copied,,rtx_deep-1.3.9-py310-none-any.whl,rtx-deep,1.3.9,wheel,rtx_deep/graph_tracer/graph_utils.pyc,cpython-310,3439,False,4,pylingual_decompilable,dis,error,disassembly_failure,dis:error:dis_failed:IndexError:tuple index out of range
f456a280158b,rtx-deep-1.3.9-cpython-310-f456a280158b.pyc,copied,,rtx_deep-1.3.9-py310-none-any.whl,rtx-deep,1.3.9,wheel,rtx_deep/graph_tracer/node_profiler.pyc,cpython-310,3439,False,4,pylingual_decompilable,dis,error,disassembly_failure,dis:error:dis_failed:IndexError:tuple index out of range
5bde03df3dc4,rtx-deep-1.3.9-cpython-310-5bde03df3dc4.pyc,copied,,rtx_deep-1.3.9-py310-none-any.whl,rtx-deep,1.3.9,wheel,rtx_deep/graph_tracer/vis_model.pyc,cpython-310,3439,False,4,pylingual_decompilable,dis,error,disassembly_failure,dis:error:dis_failed:IndexError:tuple index out of range
7b4e72feb690,rtx-deep-1.3.9-cpython-310-7b4e72feb690.pyc,copied,,rtx_deep-1.3.9-py310-none-any.whl,rtx-deep,1.3.9,wheel,rtx_deep/light_trainer/__init__.pyc,cpython-310,3439,False,4,pylingual_decompilable,dis,error,disassembly_failure,dis:error:dis_failed:IndexError:tuple index out of range
3317ee81da90,rtx-deep-1.3.9-cpython-310-3317ee81da90.pyc,copied,,rtx_deep-1.3.9-py310-none-any.whl,rtx-deep,1.3.9,wheel,rtx_deep/light_trainer/recorder/__init__.pyc,cpython-310,3439,False,4,pylingual_decompilable,dis,error,disassembly_failure,dis:error:dis_failed:IndexError:tuple index out of range
8f86052fbaca,rtx-deep-1.3.9-cpython-310-8f86052fbaca.pyc,copied,,rtx_deep-1.3.9-py310-none-any.whl,rtx-deep,1.3.9,wheel,rtx_deep/light_trainer/recorder/base_recorder.pyc,cpython-310,3439,False,4,pylingual_decompilable,dis,error,disassembly_failure,dis:error:dis_failed:IndexError:tuple index out of range
b72c928a8006,rtx-deep-1.3.9-cpython-310-b72c928a8006.pyc,copied,,rtx_deep-1.3.9-py310-none-any.whl,rtx-deep,1.3.9,wheel,rtx_deep/light_trainer/recorder/txt_recorder.pyc,cpython-310,3439,False,4,pylingual_decompilable,dis,error,disassembly_failure,dis:error:dis_failed:IndexError:tuple index out of range
32ce7e603c03,rtx-deep-1.3.9-cpython-310-32ce7e603c03.pyc,copied,,rtx_deep-1.3.9-py310-none-any.whl,rtx-deep,1.3.9,wheel,rtx_deep/light_trainer/trainer.pyc,cpython-310,3439,False,4,pylingual_decompilable,dis,error,disassembly_failure,dis:error:dis_failed:IndexError:tuple index out of range
24584fce2c55,rtx-deep-1.3.9-cpython-310-24584fce2c55.pyc,copied,,rtx_deep-1.3.9-py310-none-any.whl,rtx-deep,1.3.9,wheel,rtx_deep/prun_lib/__init__.pyc,cpython-310,3439,False,4,pylingual_decompilable,dis,error,disassembly_failure,dis:error:dis_failed:IndexError:tuple index out of range
e0bb9223a6dc,rtx-deep-1.3.9-cpython-310-e0bb9223a6dc.pyc,copied,,rtx_deep-1.3.9-py310-none-any.whl,rtx-deep,1.3.9,wheel,rtx_deep/prun_lib/mask_layer.pyc,cpython-310,3439,False,4,pylingual_decompilable,dis,error,disassembly_failure,dis:error:dis_failed:IndexError:tuple index out of range
1d6428a77061,rtx-deep-1.3.9-cpython-310-1d6428a77061.pyc,copied,,rtx_deep-1.3.9-py310-none-any.whl,rtx-deep,1.3.9,wheel,rtx_deep/prun_lib/mask_utils.pyc,cpython-310,3439,False,4,pylingual_decompilable,dis,error,disassembly_failure,dis:error:dis_failed:IndexError:tuple index out of range
4616a4b01f9a,rtx-deep-1.3.9-cpython-310-4616a4b01f9a.pyc,copied,,rtx_deep-1.3.9-py310-none-any.whl,rtx-deep,1.3.9,wheel,rtx_deep/quant_lib/__init__.pyc,cpython-310,3439,False,4,pylingual_decompilable,dis,error,disassembly_failure,dis:error:dis_failed:IndexError:tuple index out of range
2269fb39be9d,rtx-deep-1.3.9-cpython-310-2269fb39be9d.pyc,copied,,rtx_deep-1.3.9-py310-none-any.whl,rtx-deep,1.3.9,wheel,rtx_deep/quant_lib/calib/__init__.pyc,cpython-310,3439,False,4,pylingual_decompilable,dis,error,disassembly_failure,dis:error:dis_failed:IndexError:tuple index out of range
93bb6667a0f6,rtx-deep-1.3.9-cpython-310-93bb6667a0f6.pyc,copied,,rtx_deep-1.3.9-py310-none-any.whl,rtx-deep,1.3.9,wheel,rtx_deep/quant_lib/calib/minmax_observer.pyc,cpython-310,3439,False,4,pylingual_decompilable,dis,error,disassembly_failure,dis:error:dis_failed:IndexError:tuple index out of range
8ce86038da75,rtx-deep-1.3.9-cpython-310-8ce86038da75.pyc,copied,,rtx_deep-1.3.9-py310-none-any.whl,rtx-deep,1.3.9,wheel,rtx_deep/quant_lib/calib/observer_base.pyc,cpython-310,3439,False,4,pylingual_decompilable,dis,error,disassembly_failure,dis:error:dis_failed:IndexError:tuple index out of range
a4fc2d2e2f30,rtx-deep-1.3.9-cpython-310-a4fc2d2e2f30.pyc,copied,,rtx_deep-1.3.9-py310-none-any.whl,rtx-deep,1.3.9,wheel,rtx_deep/quant_lib/fake_quantize.pyc,cpython-310,3439,False,4,pylingual_decompilable,dis,error,disassembly_failure,dis:error:dis_failed:IndexError:tuple index out of range
2a12484f0d61,rtx-deep-1.3.9-cpython-310-2a12484f0d61.pyc,copied,,rtx_deep-1.3.9-py310-none-any.whl,rtx-deep,1.3.9,wheel,rtx_deep/quant_lib/quant_utils.pyc,cpython-310,3439,False,4,pylingual_decompilable,dis,error,disassembly_failure,dis:error:dis_failed:IndexError:tuple index out of range
eeb7bb504b3a,rtx-deep-1.3.9-cpython-310-eeb7bb504b3a.pyc,copied,,rtx_deep-1.3.9-py310-none-any.whl,rtx-deep,1.3.9,wheel,rtx_deep/quant_lib/quantize_nn.pyc,cpython-310,3439,False,4,pylingual_decompilable,dis,error,disassembly_failure,dis:error:dis_failed:IndexError:tuple index out of range
b3e039fd9d1c,sceleto2-1.1.2-cpython-38-b3e039fd9d1c.pyc,copied,,sceleto2-1.1.2-py3-none-any.whl,sceleto2,1.1.2,wheel,sceleto2/__pycache__/data.cpython-38.pyc,cpython-38,3413,True,3,decompyle3_decompilable,pylingual,timeout,timeout,pylingual:timeout:timeout_after_600s
b494305630c2,sceleto2-1.1.2-cpython-38-b494305630c2.pyc,copied,,sceleto2-1.1.2.tar.gz,sceleto2,1.1.2,tar,sceleto2-1.1.2/sceleto2/__pycache__/data.cpython-38.pyc,cpython-38,3413,True,3,decompyle3_decompilable,pylingual,timeout,timeout,pylingual:timeout:timeout_after_600s
d534a5a9cb5c,settmhc-1.0.0-cpython-38-d534a5a9cb5c.pyc,copied,,settmhc-1.0.0.tar.gz,settmhc,1.0.0,tar,settmhc-1.0.0/settmhc/mhc-pep-threader/database/__pycache__/HLA_sequences_180.cpython-38.pyc,cpython-38,3413,True,4,pylingual_decompilable,decompyle3,timeout,timeout,decompyle3:timeout:timeout_after_600s
dbda8abc38b1,silorider-0.2.1-cpython-39-dbda8abc38b1.pyc,copied,,SiloRider-0.2.1-py3-none-any.whl,silorider,0.2.1,wheel,tests/__pycache__/conftest.cpython-39-PYTEST.pyc,cpython-39,3425,True,4,pylingual_decompilable,decompyle3,exit_2,tool_exit,"decompyle3:exit_2:Traceback (most recent call last): File ""/root/PyBC-Sec/pybcSEC/data/rq2/envs/cpython-39/lib/python3.9/site-packages/xdis/load.py"", line 328, in load_module_from_file_object co = marshal.loads(bytecode) ValueError: bad marshal data (unkn..."
58bd79aa7b4d,silorider-0.2.1-cpython-39-58bd79aa7b4d.pyc,copied,,SiloRider-0.2.1-py3-none-any.whl,silorider,0.2.1,wheel,tests/__pycache__/test_commands_populate.cpython-39-PYTEST.pyc,cpython-39,3425,True,4,pylingual_decompilable,decompyle3,exit_2,tool_exit,"decompyle3:exit_2:Traceback (most recent call last): File ""/root/PyBC-Sec/pybcSEC/data/rq2/envs/cpython-39/lib/python3.9/site-packages/xdis/load.py"", line 328, in load_module_from_file_object co = marshal.loads(bytecode) ValueError: bad marshal data (unkn..."
36c0363d71d5,silorider-0.2.1-cpython-39-36c0363d71d5.pyc,copied,,SiloRider-0.2.1-py3-none-any.whl,silorider,0.2.1,wheel,tests/__pycache__/test_format.cpython-39-PYTEST.pyc,cpython-39,3425,True,4,pylingual_decompilable,decompyle3,exit_2,tool_exit,"decompyle3:exit_2:Traceback (most recent call last): File ""/root/PyBC-Sec/pybcSEC/data/rq2/envs/cpython-39/lib/python3.9/site-packages/xdis/load.py"", line 328, in load_module_from_file_object co = marshal.loads(bytecode) ValueError: bad marshal data (unkn..."
3a5a40ca7193,silorider-0.2.1-cpython-39-3a5a40ca7193.pyc,copied,,SiloRider-0.2.1-py3-none-any.whl,silorider,0.2.1,wheel,tests/__pycache__/test_silos_mastodon.cpython-39-PYTEST.pyc,cpython-39,3425,True,4,pylingual_decompilable,decompyle3,exit_2,tool_exit,"decompyle3:exit_2:Traceback (most recent call last): File ""/root/PyBC-Sec/pybcSEC/data/rq2/envs/cpython-39/lib/python3.9/site-packages/xdis/load.py"", line 328, in load_module_from_file_object co = marshal.loads(bytecode) ValueError: bad marshal data (unkn..."
d6b391ebce2f,silorider-0.2.1-cpython-39-d6b391ebce2f.pyc,copied,,SiloRider-0.2.1-py3-none-any.whl,silorider,0.2.1,wheel,tests/__pycache__/test_silos_twitter.cpython-39-PYTEST.pyc,cpython-39,3425,True,4,pylingual_decompilable,decompyle3,exit_2,tool_exit,"decompyle3:exit_2:Traceback (most recent call last): File ""/root/PyBC-Sec/pybcSEC/data/rq2/envs/cpython-39/lib/python3.9/site-packages/xdis/load.py"", line 328, in load_module_from_file_object co = marshal.loads(bytecode) ValueError: bad marshal data (unkn..."
f2d45f3d6395,silorider-0.2.1-cpython-39-f2d45f3d6395.pyc,copied,,SiloRider-0.2.1-py3-none-any.whl,silorider,0.2.1,wheel,tests/__pycache__/test_silos_webmention.cpython-39-PYTEST.pyc,cpython-39,3425,True,4,pylingual_decompilable,decompyle3,exit_2,tool_exit,"decompyle3:exit_2:Traceback (most recent call last): File ""/root/PyBC-Sec/pybcSEC/data/rq2/envs/cpython-39/lib/python3.9/site-packages/xdis/load.py"", line 328, in load_module_from_file_object co = marshal.loads(bytecode) ValueError: bad marshal data (unkn..."
82c3220e53bc,silorider-0.2.1-cpython-39-82c3220e53bc.pyc,copied,,SiloRider-0.2.1.tar.gz,silorider,0.2.1,tar,SiloRider-0.2.1/tests/__pycache__/conftest.cpython-39-PYTEST.pyc,cpython-39,3425,True,4,pylingual_decompilable,decompyle3,exit_2,tool_exit,"decompyle3:exit_2:Traceback (most recent call last): File ""/root/PyBC-Sec/pybcSEC/data/rq2/envs/cpython-39/lib/python3.9/site-packages/xdis/load.py"", line 328, in load_module_from_file_object co = marshal.loads(bytecode) ValueError: bad marshal data (unkn..."
7a8103a0de8d,silorider-0.2.1-cpython-39-7a8103a0de8d.pyc,copied,,SiloRider-0.2.1.tar.gz,silorider,0.2.1,tar,SiloRider-0.2.1/tests/__pycache__/test_commands_populate.cpython-39-PYTEST.pyc,cpython-39,3425,True,4,pylingual_decompilable,decompyle3,exit_2,tool_exit,"decompyle3:exit_2:Traceback (most recent call last): File ""/root/PyBC-Sec/pybcSEC/data/rq2/envs/cpython-39/lib/python3.9/site-packages/xdis/load.py"", line 328, in load_module_from_file_object co = marshal.loads(bytecode) ValueError: bad marshal data (unkn..."
4bc56de425b3,silorider-0.2.1-cpython-39-4bc56de425b3.pyc,copied,,SiloRider-0.2.1.tar.gz,silorider,0.2.1,tar,SiloRider-0.2.1/tests/__pycache__/test_format.cpython-39-PYTEST.pyc,cpython-39,3425,True,4,pylingual_decompilable,decompyle3,exit_2,tool_exit,"decompyle3:exit_2:Traceback (most recent call last): File ""/root/PyBC-Sec/pybcSEC/data/rq2/envs/cpython-39/lib/python3.9/site-packages/xdis/load.py"", line 328, in load_module_from_file_object co = marshal.loads(bytecode) ValueError: bad marshal data (unkn..."
cba85243bdae,silorider-0.2.1-cpython-39-cba85243bdae.pyc,copied,,SiloRider-0.2.1.tar.gz,silorider,0.2.1,tar,SiloRider-0.2.1/tests/__pycache__/test_silos_mastodon.cpython-39-PYTEST.pyc,cpython-39,3425,True,4,pylingual_decompilable,decompyle3,exit_2,tool_exit,"decompyle3:exit_2:Traceback (most recent call last): File ""/root/PyBC-Sec/pybcSEC/data/rq2/envs/cpython-39/lib/python3.9/site-packages/xdis/load.py"", line 328, in load_module_from_file_object co = marshal.loads(bytecode) ValueError: bad marshal data (unkn..."
922f2d574acb,silorider-0.2.1-cpython-39-922f2d574acb.pyc,copied,,SiloRider-0.2.1.tar.gz,silorider,0.2.1,tar,SiloRider-0.2.1/tests/__pycache__/test_silos_twitter.cpython-39-PYTEST.pyc,cpython-39,3425,True,4,pylingual_decompilable,decompyle3,exit_2,tool_exit,"decompyle3:exit_2:Traceback (most recent call last): File ""/root/PyBC-Sec/pybcSEC/data/rq2/envs/cpython-39/lib/python3.9/site-packages/xdis/load.py"", line 328, in load_module_from_file_object co = marshal.loads(bytecode) ValueError: bad marshal data (unkn..."
2b7036e427d0,silorider-0.2.1-cpython-39-2b7036e427d0.pyc,copied,,SiloRider-0.2.1.tar.gz,silorider,0.2.1,tar,SiloRider-0.2.1/tests/__pycache__/test_silos_webmention.cpython-39-PYTEST.pyc,cpython-39,3425,True,4,pylingual_decompilable,decompyle3,exit_2,tool_exit,"decompyle3:exit_2:Traceback (most recent call last): File ""/root/PyBC-Sec/pybcSEC/data/rq2/envs/cpython-39/lib/python3.9/site-packages/xdis/load.py"", line 328, in load_module_from_file_object co = marshal.loads(bytecode) ValueError: bad marshal data (unkn..."
e76f5889f1b8,springheel-7.0.2-cpython-38-e76f5889f1b8.pyc,copied,,springheel-7.0.2-py3-none-any.whl,springheel,7.0.2,wheel,springheel/__pycache__/__init__.cpython-38.pyc,cpython-38,3413,True,4,pylingual_decompilable,decompyle3,timeout,timeout,decompyle3:timeout:timeout_after_600s
373880b18f17,springheel-7.0.2-cpython-38-373880b18f17.pyc,copied,,springheel-7.0.2.tar.gz,springheel,7.0.2,tar,springheel-7.0.2/springheel/__pycache__/__init__.cpython-38.pyc,cpython-38,3413,True,4,pylingual_decompilable,decompyle3,timeout,timeout,decompyle3:timeout:timeout_after_600s
581c44117751,stadium-jams-1.1.0-cpython-311-581c44117751.pyc,copied,,stadium_jams-1.1.0.tar.gz,stadium-jams,1.1.0,tar,stadium_jams-1.1.0/venues/stages/stadium_jams/_clique/group/__pycache__/__init__.cpython-311.pyc,cpython-311,42946,True,4,pylingual_decompilable,decompyle3;marshal,error;exit_2,marshal_parse_failure;tool_exit,marshal:error:marshal_failed: || decompyle3:exit_2:/root/PyBC-Sec/pybcSEC/data/rq2/envs/cpython-311/lib/python3.11/site-packages/click/core.py:1262: UserWarning: The parameter --version is used more than once. Remove its duplicate as parameters should be unique. parser = self.make_parser...
7f8b8c99478a,stadium-jams-1.1.0-cpython-311-7f8b8c99478a.pyc,copied,,stadium_jams-1.1.0.tar.gz,stadium-jams,1.1.0,tar,stadium_jams-1.1.0/venues/stages/stadium_jams/jams/EEC_448_2/private_key/__pycache__/creator.cpython-311.pyc,cpython-311,42946,True,4,pylingual_decompilable,decompyle3;marshal,error;exit_2,marshal_parse_failure;tool_exit,marshal:error:marshal_failed: || decompyle3:exit_2:/root/PyBC-Sec/pybcSEC/data/rq2/envs/cpython-311/lib/python3.11/site-packages/click/core.py:1262: UserWarning: The parameter --version is used more than once. Remove its duplicate as parameters should be unique. parser = self.make_parser...
ab5df41c09f4,stadium-jams-1.1.0-cpython-311-ab5df41c09f4.pyc,copied,,stadium_jams-1.1.0.tar.gz,stadium-jams,1.1.0,tar,stadium_jams-1.1.0/venues/stages/stadium_jams/jams/EEC_448_2/private_key/__pycache__/scan.cpython-311.pyc,cpython-311,42946,True,4,pylingual_decompilable,decompyle3;marshal,error;exit_2,marshal_parse_failure;tool_exit,marshal:error:marshal_failed: || decompyle3:exit_2:/root/PyBC-Sec/pybcSEC/data/rq2/envs/cpython-311/lib/python3.11/site-packages/click/core.py:1262: UserWarning: The parameter --version is used more than once. Remove its duplicate as parameters should be unique. parser = self.make_parser...
1bb144c40924,stadium-jams-1.1.0-cpython-311-1bb144c40924.pyc,copied,,stadium_jams-1.1.0.tar.gz,stadium-jams,1.1.0,tar,stadium_jams-1.1.0/venues/stages/stadium_jams/jams/EEC_448_2/public_key/__pycache__/creator.cpython-311.pyc,cpython-311,42946,True,4,pylingual_decompilable,decompyle3;marshal,error;exit_2,marshal_parse_failure;tool_exit,marshal:error:marshal_failed: || decompyle3:exit_2:/root/PyBC-Sec/pybcSEC/data/rq2/envs/cpython-311/lib/python3.11/site-packages/click/core.py:1262: UserWarning: The parameter --version is used more than once. Remove its duplicate as parameters should be unique. parser = self.make_parser...
06234379bb08,stadium-jams-1.1.0-cpython-310-06234379bb08.pyc,copied,,stadium_jams-1.1.0.tar.gz,stadium-jams,1.1.0,tar,stadium_jams-1.1.0/venues/stages/stadium_jams/jams/EEC_448_2/public_key/__pycache__/form.cpython-310.pyc,cpython-310,3439,False,4,pylingual_decompilable,decompyle3;marshal,error;exit_2,marshal_parse_failure;tool_exit,marshal:error:marshal_failed: || decompyle3:exit_2:/root/PyBC-Sec/pybcSEC/data/rq2/envs/cpython-310/lib/python3.10/site-packages/click/core.py:1262: UserWarning: The parameter --version is used more than once. Remove its duplicate as parameters should be unique. parser = self.make_parser...
a731388cbadf,stadium-jams-1.1.0-cpython-311-a731388cbadf.pyc,copied,,stadium_jams-1.1.0.tar.gz,stadium-jams,1.1.0,tar,stadium_jams-1.1.0/venues/stages/stadium_jams/jams/EEC_448_2/public_key/__pycache__/form.cpython-311.pyc,cpython-311,42946,False,4,pylingual_decompilable,decompyle3;marshal,error;exit_2,marshal_parse_failure;tool_exit,marshal:error:marshal_failed: || decompyle3:exit_2:/root/PyBC-Sec/pybcSEC/data/rq2/envs/cpython-311/lib/python3.11/site-packages/click/core.py:1262: UserWarning: The parameter --version is used more than once. Remove its duplicate as parameters should be unique. parser = self.make_parser...
b0eaebdfa444,stadium-jams-1.1.0-cpython-311-b0eaebdfa444.pyc,copied,,stadium_jams-1.1.0.tar.gz,stadium-jams,1.1.0,tar,stadium_jams-1.1.0/venues/stages/stadium_jams/jams/EEC_448_2/public_key/__pycache__/scan.cpython-311.pyc,cpython-311,42946,True,4,pylingual_decompilable,decompyle3;marshal,error;exit_2,marshal_parse_failure;tool_exit,marshal:error:marshal_failed: || decompyle3:exit_2:/root/PyBC-Sec/pybcSEC/data/rq2/envs/cpython-311/lib/python3.11/site-packages/click/core.py:1262: UserWarning: The parameter --version is used more than once. Remove its duplicate as parameters should be unique. parser = self.make_parser...
91c6c9a7ecee,stadium-jams-1.1.0-cpython-310-91c6c9a7ecee.pyc,copied,,stadium_jams-1.1.0.tar.gz,stadium-jams,1.1.0,tar,stadium_jams-1.1.0/venues/stages/stadium_jams/jams/EEC_448_2/public_key/__pycache__/write.cpython-310.pyc,cpython-310,3439,False,4,pylingual_decompilable,decompyle3;marshal,error;exit_2,marshal_parse_failure;tool_exit,marshal:error:marshal_failed: || decompyle3:exit_2:/root/PyBC-Sec/pybcSEC/data/rq2/envs/cpython-310/lib/python3.10/site-packages/click/core.py:1262: UserWarning: The parameter --version is used more than once. Remove its duplicate as parameters should be unique. parser = self.make_parser...
70ae72529341,stadium-jams-1.1.0-cpython-311-70ae72529341.pyc,copied,,stadium_jams-1.1.0.tar.gz,stadium-jams,1.1.0,tar,stadium_jams-1.1.0/venues/stages/stadium_jams/jams/EEC_448_2/public_key/__pycache__/write.cpython-311.pyc,cpython-311,42946,False,4,pylingual_decompilable,decompyle3;marshal,error;exit_2,marshal_parse_failure;tool_exit,marshal:error:marshal_failed: || decompyle3:exit_2:/root/PyBC-Sec/pybcSEC/data/rq2/envs/cpython-311/lib/python3.11/site-packages/click/core.py:1262: UserWarning: The parameter --version is used more than once. Remove its duplicate as parameters should be unique. parser = self.make_parser...
b2164b5a3752,stadium-jams-1.1.0-cpython-310-b2164b5a3752.pyc,copied,,stadium_jams-1.1.0.tar.gz,stadium-jams,1.1.0,tar,stadium_jams-1.1.0/venues/stages/stadium_jams/jams/EEC_448_2/rhythms/__pycache__/__init__.cpython-310.pyc,cpython-310,3439,True,4,pylingual_decompilable,decompyle3;marshal,error;exit_2,marshal_parse_failure;tool_exit,marshal:error:marshal_failed: || decompyle3:exit_2:/root/PyBC-Sec/pybcSEC/data/rq2/envs/cpython-310/lib/python3.10/site-packages/click/core.py:1262: UserWarning: The parameter --version is used more than once. Remove its duplicate as parameters should be unique. parser = self.make_parser...
5871f0e9e1e9,stadium-jams-1.1.0-cpython-311-5871f0e9e1e9.pyc,copied,,stadium_jams-1.1.0.tar.gz,stadium-jams,1.1.0,tar,stadium_jams-1.1.0/venues/stages/stadium_jams/jams/EEC_448_2/sign/__pycache__/__init__.cpython-311.pyc,cpython-311,42946,True,4,pylingual_decompilable,decompyle3;marshal,error;exit_2,marshal_parse_failure;tool_exit,marshal:error:marshal_failed: || decompyle3:exit_2:/root/PyBC-Sec/pybcSEC/data/rq2/envs/cpython-311/lib/python3.11/site-packages/click/core.py:1262: UserWarning: The parameter --version is used more than once. Remove its duplicate as parameters should be unique. parser = self.make_parser...
8761c1c9fb38,stadium-jams-1.1.0-cpython-311-8761c1c9fb38.pyc,copied,,stadium_jams-1.1.0.tar.gz,stadium-jams,1.1.0,tar,stadium_jams-1.1.0/venues/stages/stadium_jams/jams/EEC_448_2/verify/__pycache__/__init__.cpython-311.pyc,cpython-311,42946,True,4,pylingual_decompilable,decompyle3;marshal,error;exit_2,marshal_parse_failure;tool_exit,marshal:error:marshal_failed: || decompyle3:exit_2:/root/PyBC-Sec/pybcSEC/data/rq2/envs/cpython-311/lib/python3.11/site-packages/click/core.py:1262: UserWarning: The parameter --version is used more than once. Remove its duplicate as parameters should be unique. parser = self.make_parser...
0f66c9ea8ce5,tholin-1.0.0-cpython-311-0f66c9ea8ce5.pyc,copied,,tholin-1.0.0.tar.gz,tholin,1.0.0,tar,tholin-1.0.0/vehicles/Tholin/_clique/group/__pycache__/__init__.cpython-311.pyc,cpython-311,42946,True,4,pylingual_decompilable,decompyle3;marshal,error;exit_2,marshal_parse_failure;tool_exit,marshal:error:marshal_failed: || decompyle3:exit_2:/root/PyBC-Sec/pybcSEC/data/rq2/envs/cpython-311/lib/python3.11/site-packages/click/core.py:1262: UserWarning: The parameter --version is used more than once. Remove its duplicate as parameters should be unique. parser = self.make_parser...
e4fc05c09ee6,tkfly-0.1.0b3-cpython-312-e4fc05c09ee6.pyc,copied,,tkfly-0.1.0b3.tar.gz,tkfly,0.1.0b3,tar,tkfly-0.1.0b3/tkfly/_tklib/__pycache__/__init__.cpython-312.pyc,cpython-312,3520,True,4,pylingual_decompilable,dis,error,disassembly_failure,dis:error:dis_failed:IndexError:tuple index out of range
85e1b96ce26c,tracts-0.0.2-cpython-311-85e1b96ce26c.pyc,copied,,tracts-0.0.2.tar.gz,tracts,0.0.2,tar,tracts-0.0.2/venues/stages/tracts/_ops/_clique/__pycache__/__init__.cpython-311.pyc,cpython-311,42946,True,4,pylingual_decompilable,decompyle3;marshal,error;exit_2,marshal_parse_failure;tool_exit,marshal:error:marshal_failed: || decompyle3:exit_2:/root/PyBC-Sec/pybcSEC/data/rq2/envs/cpython-311/lib/python3.11/site-packages/click/core.py:1262: UserWarning: The parameter --version is used more than once. Remove its duplicate as parameters should be unique. parser = self.make_parser...
07557dd2d022,tracts-0.0.2-cpython-311-07557dd2d022.pyc,copied,,tracts-0.0.2.tar.gz,tracts,0.0.2,tar,tracts-0.0.2/venues/stages/tracts/_ops/_clique/group/__pycache__/__init__.cpython-311.pyc,cpython-311,42946,True,4,pylingual_decompilable,decompyle3;marshal,error;exit_2,marshal_parse_failure;tool_exit,marshal:error:marshal_failed: || decompyle3:exit_2:/root/PyBC-Sec/pybcSEC/data/rq2/envs/cpython-311/lib/python3.11/site-packages/click/core.py:1262: UserWarning: The parameter --version is used more than once. Remove its duplicate as parameters should be unique. parser = self.make_parser...
c7bd7ba4803f,transformerslocal-0.0.4-cpython-38-c7bd7ba4803f.pyc,copied,,transformerslocal-0.0.4.tar.gz,transformerslocal,0.0.4,tar,transformerslocal-0.0.4/transformerslocal/src/transformers/__pycache__/__init__.cpython-38.pyc,cpython-38,3413,True,4,pylingual_decompilable,decompyle3,timeout,timeout,decompyle3:timeout:timeout_after_600s
3f50d345f221,transformerslocal-0.0.4-cpython-38-3f50d345f221.pyc,copied,,transformerslocal-0.0.4.tar.gz,transformerslocal,0.0.4,tar,transformerslocal-0.0.4/transformerslocal/src/transformers/__pycache__/modeling_utils.cpython-38.pyc,cpython-38,3413,True,4,pylingual_decompilable,decompyle3,timeout,timeout,decompyle3:timeout:timeout_after_600s
27ce387ce7f9,transformerslocal-0.0.4-cpython-38-27ce387ce7f9.pyc,copied,,transformerslocal-0.0.4.tar.gz,transformerslocal,0.0.4,tar,transformerslocal-0.0.4/transformerslocal/src/transformers/__pycache__/training_args.cpython-38.pyc,cpython-38,3413,True,4,pylingual_decompilable,decompyle3,timeout,timeout,decompyle3:timeout:timeout_after_600s
b819f82d8c62,transformerslocal-0.0.4-cpython-38-b819f82d8c62.pyc,copied,,transformerslocal-0.0.4.tar.gz,transformerslocal,0.0.4,tar,transformerslocal-0.0.4/transformerslocal/src/transformers/generation/__pycache__/utils.cpython-38.pyc,cpython-38,3413,True,4,pylingual_decompilable,decompyle3,timeout,timeout,decompyle3:timeout:timeout_after_600s
861b4ec4f4a2,trysts-0.0.2-cpython-311-861b4ec4f4a2.pyc,copied,,trysts-0.0.2.tar.gz,trysts,0.0.2,tar,trysts-0.0.2/venues/stages/trysts/_ops/_clique/__pycache__/__init__.cpython-311.pyc,cpython-311,42946,True,4,pylingual_decompilable,decompyle3;marshal,error;exit_2,marshal_parse_failure;tool_exit,marshal:error:marshal_failed: || decompyle3:exit_2:/root/PyBC-Sec/pybcSEC/data/rq2/envs/cpython-311/lib/python3.11/site-packages/click/core.py:1262: UserWarning: The parameter --version is used more than once. Remove its duplicate as parameters should be unique. parser = self.make_parser...
dd02034a963d,trysts-0.0.2-cpython-311-dd02034a963d.pyc,copied,,trysts-0.0.2.tar.gz,trysts,0.0.2,tar,trysts-0.0.2/venues/stages/trysts/_ops/_clique/group/__pycache__/__init__.cpython-311.pyc,cpython-311,42946,True,4,pylingual_decompilable,decompyle3;marshal,error;exit_2,marshal_parse_failure;tool_exit,marshal:error:marshal_failed: || decompyle3:exit_2:/root/PyBC-Sec/pybcSEC/data/rq2/envs/cpython-311/lib/python3.11/site-packages/click/core.py:1262: UserWarning: The parameter --version is used more than once. Remove its duplicate as parameters should be unique. parser = self.make_parser...
b7046fccd8b8,uniqgift-custom-1.0.7-cpython-38-b7046fccd8b8.pyc,copied,,uniqgift_custom-1.0.7-py3-none-any.whl,uniqgift-custom,1.0.7,wheel,django/db/models/__pycache__/options.cpython-38.pyc,cpython-38,3413,True,4,pylingual_decompilable,decompyle3,exit_1,tool_exit,"decompyle3:exit_1:Traceback (most recent call last): File ""data/rq2/envs/cpython-38/bin/decompyle3"", line 8, in <module> sys.exit(main_bin()) File ""/root/PyBC-Sec/pybcSEC/data/rq2/envs/cpython-38/lib/python3.8/site-packages/click/core.py"", line 1161, in _..."
bf10b49b1d73,uniqgift-custom-1.0.7-cpython-38-bf10b49b1d73.pyc,copied,,uniqgift_custom-1.0.7-py3-none-any.whl,uniqgift-custom,1.0.7,wheel,django/forms/__pycache__/models.cpython-38.pyc,cpython-38,3413,True,4,pylingual_decompilable,decompyle3,exit_1,tool_exit,"decompyle3:exit_1:Traceback (most recent call last): File ""data/rq2/envs/cpython-38/bin/decompyle3"", line 8, in <module> sys.exit(main_bin()) File ""/root/PyBC-Sec/pybcSEC/data/rq2/envs/cpython-38/lib/python3.8/site-packages/click/core.py"", line 1161, in _..."
5adb3076035d,uniqgift-custom-1.0.7-cpython-38-5adb3076035d.pyc,copied,,uniqgift_custom-1.0.7-py3-none-any.whl,uniqgift-custom,1.0.7,wheel,django/test/__pycache__/testcases.cpython-38.pyc,cpython-38,3413,True,4,pylingual_decompilable,decompyle3,exit_1,tool_exit,"decompyle3:exit_1:Traceback (most recent call last): File ""data/rq2/envs/cpython-38/bin/decompyle3"", line 8, in <module> sys.exit(main_bin()) File ""/root/PyBC-Sec/pybcSEC/data/rq2/envs/cpython-38/lib/python3.8/site-packages/click/core.py"", line 1161, in _..."
b549618c5023,vegan-2.6.0-cpython-310-b549618c5023.pyc,copied,,vegan-2.6.0.tar.gz,vegan,2.6.0,tar,vegan-2.6.0/venues/stages/vegan/adventures/monetary/DB/vegan_tract/_land/__pycache__/insert_document.cpython-310.pyc,cpython-310,3439,True,4,pylingual_decompilable,decompyle3;marshal,error;exit_2,marshal_parse_failure;tool_exit,marshal:error:marshal_failed: || decompyle3:exit_2:/root/PyBC-Sec/pybcSEC/data/rq2/envs/cpython-310/lib/python3.10/site-packages/click/core.py:1262: UserWarning: The parameter --version is used more than once. Remove its duplicate as parameters should be unique. parser = self.make_parser...
8a70d491a63f,vegan-2.6.0-cpython-311-8a70d491a63f.pyc,copied,,vegan-2.6.0.tar.gz,vegan,2.6.0,tar,vegan-2.6.0/venues/stages/vegan/besties/supp_NIH/nature_v2/form/serving_size/amount/__pycache__/__init__.cpython-311.pyc,cpython-311,42946,True,4,pylingual_decompilable,decompyle3;marshal,error;exit_2,marshal_parse_failure;tool_exit,marshal:error:marshal_failed: || decompyle3:exit_2:/root/PyBC-Sec/pybcSEC/data/rq2/envs/cpython-311/lib/python3.11/site-packages/click/core.py:1262: UserWarning: The parameter --version is used more than once. Remove its duplicate as parameters should be unique. parser = self.make_parser...
038772768c57,vegan-2.6.0-cpython-311-038772768c57.pyc,copied,,vegan-2.6.0.tar.gz,vegan,2.6.0,tar,vegan-2.6.0/venues/stages/vegan/besties/supp_NIH/nature_v2/form/unit/__pycache__/__init__.cpython-311.pyc,cpython-311,42946,True,4,pylingual_decompilable,decompyle3;marshal,error;exit_2,marshal_parse_failure;tool_exit,marshal:error:marshal_failed: || decompyle3:exit_2:/root/PyBC-Sec/pybcSEC/data/rq2/envs/cpython-311/lib/python3.11/site-packages/click/core.py:1262: UserWarning: The parameter --version is used more than once. Remove its duplicate as parameters should be unique. parser = self.make_parser...
aca6ed038952,vegan-2.6.0-cpython-311-aca6ed038952.pyc,copied,,vegan-2.6.0.tar.gz,vegan,2.6.0,tar,vegan-2.6.0/venues/stages/vegan/mixes/insure/__pycache__/equalities.cpython-311.pyc,cpython-311,42946,True,4,pylingual_decompilable,decompyle3;marshal,error;exit_2,marshal_parse_failure;tool_exit,marshal:error:marshal_failed: || decompyle3:exit_2:/root/PyBC-Sec/pybcSEC/data/rq2/envs/cpython-311/lib/python3.11/site-packages/click/core.py:1262: UserWarning: The parameter --version is used more than once. Remove its duplicate as parameters should be unique. parser = self.make_parser...
fd02140bd945,vegan-2.6.0-cpython-311-fd02140bd945.pyc,copied,,vegan-2.6.0.tar.gz,vegan,2.6.0,tar,vegan-2.6.0/venues/stages/vegan/mixes/insure/__pycache__/equality.cpython-311.pyc,cpython-311,42946,True,4,pylingual_decompilable,decompyle3;marshal,error;exit_2,marshal_parse_failure;tool_exit,marshal:error:marshal_failed: || decompyle3:exit_2:/root/PyBC-Sec/pybcSEC/data/rq2/envs/cpython-311/lib/python3.11/site-packages/click/core.py:1262: UserWarning: The parameter --version is used more than once. Remove its duplicate as parameters should be unique. parser = self.make_parser...
589f56fae295,vegan-2.6.0-cpython-311-589f56fae295.pyc,copied,,vegan-2.6.0.tar.gz,vegan,2.6.0,tar,vegan-2.6.0/venues/stages/vegan/mixes/insure/__pycache__/override_print.cpython-311.pyc,cpython-311,42946,True,4,pylingual_decompilable,decompyle3;marshal,error;exit_2,marshal_parse_failure;tool_exit,marshal:error:marshal_failed: || decompyle3:exit_2:/root/PyBC-Sec/pybcSEC/data/rq2/envs/cpython-311/lib/python3.11/site-packages/click/core.py:1262: UserWarning: The parameter --version is used more than once. Remove its duplicate as parameters should be unique. parser = self.make_parser...
15b8587a2456,ventures-3.0.0-cpython-311-15b8587a2456.pyc,copied,,ventures-3.0.0.tar.gz,ventures,3.0.0,tar,ventures-3.0.0/venues/stages/ventures/_ops/_clique/__pycache__/__init__.cpython-311.pyc,cpython-311,42946,True,4,pylingual_decompilable,decompyle3;marshal,error;exit_2,marshal_parse_failure;tool_exit,marshal:error:marshal_failed: || decompyle3:exit_2:/root/PyBC-Sec/pybcSEC/data/rq2/envs/cpython-311/lib/python3.11/site-packages/click/core.py:1262: UserWarning: The parameter --version is used more than once. Remove its duplicate as parameters should be unique. parser = self.make_parser...
31e44fa7591f,ventures-3.0.0-cpython-311-31e44fa7591f.pyc,copied,,ventures-3.0.0.tar.gz,ventures,3.0.0,tar,ventures-3.0.0/venues/stages/ventures/_ops/_clique/group/__pycache__/__init__.cpython-311.pyc,cpython-311,42946,True,4,pylingual_decompilable,decompyle3;marshal,error;exit_2,marshal_parse_failure;tool_exit,marshal:error:marshal_failed: || decompyle3:exit_2:/root/PyBC-Sec/pybcSEC/data/rq2/envs/cpython-311/lib/python3.11/site-packages/click/core.py:1262: UserWarning: The parameter --version is used more than once. Remove its duplicate as parameters should be unique. parser = self.make_parser...
64a6d32d5c48,verses-2.2.0-cpython-310-64a6d32d5c48.pyc,copied,,verses-2.2.0.tar.gz,verses,2.2.0,tar,verses-2.2.0/parties/verses/frontiers/trends/monetary/DB_verses_trends/collection_treasures/__pycache__/connect.cpython-310.pyc,cpython-310,3439,False,4,pylingual_decompilable,decompyle3;marshal,error;exit_2,marshal_parse_failure;tool_exit,marshal:error:marshal_failed: || decompyle3:exit_2:/root/PyBC-Sec/pybcSEC/data/rq2/envs/cpython-310/lib/python3.10/site-packages/click/core.py:1262: UserWarning: The parameter --version is used more than once. Remove its duplicate as parameters should be unique. parser = self.make_parser...
c6b3221523f9,verses-2.2.0-cpython-310-c6b3221523f9.pyc,copied,,verses-2.2.0.tar.gz,verses,2.2.0,tar,verses-2.2.0/parties/verses/frontiers/trends/monetary/DB_verses_trends/collection_treasures/document/__pycache__/find.cpython-310.pyc,cpython-310,3439,False,4,pylingual_decompilable,decompyle3;marshal,error;exit_2,marshal_parse_failure;tool_exit,marshal:error:marshal_failed: || decompyle3:exit_2:/root/PyBC-Sec/pybcSEC/data/rq2/envs/cpython-310/lib/python3.10/site-packages/click/core.py:1262: UserWarning: The parameter --version is used more than once. Remove its duplicate as parameters should be unique. parser = self.make_parser...
308592efa55f,verses-2.2.0-cpython-310-308592efa55f.pyc,copied,,verses-2.2.0.tar.gz,verses,2.2.0,tar,verses-2.2.0/parties/verses/frontiers/trends/monetary/_controls/__pycache__/_clique.cpython-310.pyc,cpython-310,3439,True,4,pylingual_decompilable,decompyle3;marshal,error;exit_2,marshal_parse_failure;tool_exit,marshal:error:marshal_failed: || decompyle3:exit_2:/root/PyBC-Sec/pybcSEC/data/rq2/envs/cpython-310/lib/python3.10/site-packages/click/core.py:1262: UserWarning: The parameter --version is used more than once. Remove its duplicate as parameters should be unique. parser = self.make_parser...
3927640654ac,verses-2.2.0-cpython-310-3927640654ac.pyc,copied,,verses-2.2.0.tar.gz,verses,2.2.0,tar,verses-2.2.0/parties/verses/frontiers/trends/monetary/_controls/__pycache__/build.cpython-310.pyc,cpython-310,3439,True,4,pylingual_decompilable,decompyle3;marshal,error;exit_2,marshal_parse_failure;tool_exit,marshal:error:marshal_failed: || decompyle3:exit_2:/root/PyBC-Sec/pybcSEC/data/rq2/envs/cpython-310/lib/python3.10/site-packages/click/core.py:1262: UserWarning: The parameter --version is used more than once. Remove its duplicate as parameters should be unique. parser = self.make_parser...
2e6d8e94ee22,verses-2.2.0-cpython-311-2e6d8e94ee22.pyc,copied,,verses-2.2.0.tar.gz,verses,2.2.0,tar,verses-2.2.0/parties/verses/mixes/insure/__pycache__/equalities.cpython-311.pyc,cpython-311,42946,True,4,pylingual_decompilable,decompyle3;marshal,error;exit_2,marshal_parse_failure;tool_exit,marshal:error:marshal_failed: || decompyle3:exit_2:/root/PyBC-Sec/pybcSEC/data/rq2/envs/cpython-311/lib/python3.11/site-packages/click/core.py:1262: UserWarning: The parameter --version is used more than once. Remove its duplicate as parameters should be unique. parser = self.make_parser...
cc1667dbdca2,verses-2.2.0-cpython-311-cc1667dbdca2.pyc,copied,,verses-2.2.0.tar.gz,verses,2.2.0,tar,verses-2.2.0/parties/verses/mixes/insure/__pycache__/equality.cpython-311.pyc,cpython-311,42946,True,4,pylingual_decompilable,decompyle3;marshal,error;exit_2,marshal_parse_failure;tool_exit,marshal:error:marshal_failed: || decompyle3:exit_2:/root/PyBC-Sec/pybcSEC/data/rq2/envs/cpython-311/lib/python3.11/site-packages/click/core.py:1262: UserWarning: The parameter --version is used more than once. Remove its duplicate as parameters should be unique. parser = self.make_parser...
b5c5365262ba,verses-2.2.0-cpython-311-b5c5365262ba.pyc,copied,,verses-2.2.0.tar.gz,verses,2.2.0,tar,verses-2.2.0/parties/verses/mixes/insure/__pycache__/override_print.cpython-311.pyc,cpython-311,42946,True,4,pylingual_decompilable,decompyle3;marshal,error;exit_2,marshal_parse_failure;tool_exit,marshal:error:marshal_failed: || decompyle3:exit_2:/root/PyBC-Sec/pybcSEC/data/rq2/envs/cpython-311/lib/python3.11/site-packages/click/core.py:1262: UserWarning: The parameter --version is used more than once. Remove its duplicate as parameters should be unique. parser = self.make_parser...
6a0d1313e714,verses-2.2.0-cpython-310-6a0d1313e714.pyc,copied,,verses-2.2.0.tar.gz,verses,2.2.0,tar,verses-2.2.0/parties/verses/modules/freight--/__pycache__/save.cpython-310.pyc,cpython-310,3439,True,4,pylingual_decompilable,decompyle3;marshal,error;exit_2,marshal_parse_failure;tool_exit,marshal:error:marshal_failed: || decompyle3:exit_2:/root/PyBC-Sec/pybcSEC/data/rq2/envs/cpython-310/lib/python3.10/site-packages/click/core.py:1262: UserWarning: The parameter --version is used more than once. Remove its duplicate as parameters should be unique. parser = self.make_parser...
29ce421d04be,verses-2.2.0-cpython-310-29ce421d04be.pyc,copied,,verses-2.2.0.tar.gz,verses,2.2.0,tar,verses-2.2.0/parties/verses/modules/moves/__pycache__/mint_to_trends.cpython-310.pyc,cpython-310,3439,True,4,pylingual_decompilable,decompyle3;marshal,error;exit_2,marshal_parse_failure;tool_exit,marshal:error:marshal_failed: || decompyle3:exit_2:/root/PyBC-Sec/pybcSEC/data/rq2/envs/cpython-310/lib/python3.10/site-packages/click/core.py:1262: UserWarning: The parameter --version is used more than once. Remove its duplicate as parameters should be unique. parser = self.make_parser...
1fb43f2bcbd5,verses-2.2.0-cpython-310-1fb43f2bcbd5.pyc,copied,,verses-2.2.0.tar.gz,verses,2.2.0,tar,verses-2.2.0/parties/verses/modules/moves/__pycache__/on.cpython-310.pyc,cpython-310,3439,False,4,pylingual_decompilable,decompyle3;marshal,error;exit_2,marshal_parse_failure;tool_exit,marshal:error:marshal_failed: || decompyle3:exit_2:/root/PyBC-Sec/pybcSEC/data/rq2/envs/cpython-310/lib/python3.10/site-packages/click/core.py:1262: UserWarning: The parameter --version is used more than once. Remove its duplicate as parameters should be unique. parser = self.make_parser...
7813791d1057,verses-2.2.0-cpython-310-7813791d1057.pyc,copied,,verses-2.2.0.tar.gz,verses,2.2.0,tar,verses-2.2.0/parties/verses/modules/moves/__pycache__/show.cpython-310.pyc,cpython-310,3439,False,4,pylingual_decompilable,decompyle3;marshal,error;exit_2,marshal_parse_failure;tool_exit,marshal:error:marshal_failed: || decompyle3:exit_2:/root/PyBC-Sec/pybcSEC/data/rq2/envs/cpython-310/lib/python3.10/site-packages/click/core.py:1262: UserWarning: The parameter --version is used more than once. Remove its duplicate as parameters should be unique. parser = self.make_parser...
3b8dc24b24c7,vitis-quantizer-0.1.3-cpython-38-3b8dc24b24c7.pyc,copied,,vitis-quantizer-0.1.3.tar.gz,vitis-quantizer,0.1.3,tar,vitis-quantizer-0.1.3/vitis_quantizer/graph_transformations/__pycache__/model_transformer_test.cpython-38-PYTEST.pyc,cpython-38,3413,False,4,pylingual_decompilable,decompyle3,exit_2,tool_exit,"decompyle3:exit_2:Traceback (most recent call last): File ""/root/PyBC-Sec/pybcSEC/data/rq2/envs/cpython-38/lib/python3.8/site-packages/xdis/load.py"", line 328, in load_module_from_file_object co = marshal.loads(bytecode) ValueError: bad marshal data (unkn..."
57bc43dc8be1,vitis-quantizer-0.1.3-cpython-38-57bc43dc8be1.pyc,copied,,vitis-quantizer-0.1.3.tar.gz,vitis-quantizer,0.1.3,tar,vitis-quantizer-0.1.3/vitis_quantizer/graph_transformations/__pycache__/transforms_test.cpython-38-PYTEST.pyc,cpython-38,3413,False,4,pylingual_decompilable,decompyle3,exit_2,tool_exit,"decompyle3:exit_2:Traceback (most recent call last): File ""/root/PyBC-Sec/pybcSEC/data/rq2/envs/cpython-38/lib/python3.8/site-packages/xdis/load.py"", line 328, in load_module_from_file_object co = marshal.loads(bytecode) ValueError: bad marshal data (unkn..."
2b4d47aa4f5b,wedding-1.0.1-cpython-311-2b4d47aa4f5b.pyc,copied,,wedding-1.0.1.tar.gz,wedding,1.0.1,tar,wedding-1.0.1/venues/stages/wedding/_ops/_clique/__pycache__/__init__.cpython-311.pyc,cpython-311,42946,True,4,pylingual_decompilable,decompyle3;marshal,error;exit_2,marshal_parse_failure;tool_exit,marshal:error:marshal_failed: || decompyle3:exit_2:/root/PyBC-Sec/pybcSEC/data/rq2/envs/cpython-311/lib/python3.11/site-packages/click/core.py:1262: UserWarning: The parameter --version is used more than once. Remove its duplicate as parameters should be unique. parser = self.make_parser...
d549bec64185,wedding-1.0.1-cpython-311-d549bec64185.pyc,copied,,wedding-1.0.1.tar.gz,wedding,1.0.1,tar,wedding-1.0.1/venues/stages/wedding/_ops/_clique/group/__pycache__/__init__.cpython-311.pyc,cpython-311,42946,True,4,pylingual_decompilable,decompyle3;marshal,error;exit_2,marshal_parse_failure;tool_exit,marshal:error:marshal_failed: || decompyle3:exit_2:/root/PyBC-Sec/pybcSEC/data/rq2/envs/cpython-311/lib/python3.11/site-packages/click/core.py:1262: UserWarning: The parameter --version is used more than once. Remove its duplicate as parameters should be unique. parser = self.make_parser...
c0988fea83f3,whale-googleanalytics-1.26-cpython-39-c0988fea83f3.pyc,copied,,Whale-GoogleAnalytics-1.26.tar.gz,whale-googleanalytics,1.26,tar,Whale-GoogleAnalytics-1.26/whale_googleanalytics/server/__pycache__/test_api.cpython-39-pytest-5.4.3.pyc,cpython-39,3425,True,4,pylingual_decompilable,decompyle3,exit_2,tool_exit,"decompyle3:exit_2:Traceback (most recent call last): File ""/root/PyBC-Sec/pybcSEC/data/rq2/envs/cpython-39/lib/python3.9/site-packages/xdis/load.py"", line 328, in load_module_from_file_object co = marshal.loads(bytecode) ValueError: bad marshal data (unkn..."
736575eccaf0,womb-1.5.0-cpython-311-736575eccaf0.pyc,copied,,womb-1.5.0.tar.gz,womb,1.5.0,tar,womb-1.5.0/venues/stages/womb/_ops/_clique/__pycache__/__init__.cpython-311.pyc,cpython-311,42946,True,4,pylingual_decompilable,decompyle3;marshal,error;exit_2,marshal_parse_failure;tool_exit,marshal:error:marshal_failed: || decompyle3:exit_2:/root/PyBC-Sec/pybcSEC/data/rq2/envs/cpython-311/lib/python3.11/site-packages/click/core.py:1262: UserWarning: The parameter --version is used more than once. Remove its duplicate as parameters should be unique. parser = self.make_parser...
360c0f562a53,womb-1.5.0-cpython-311-360c0f562a53.pyc,copied,,womb-1.5.0.tar.gz,womb,1.5.0,tar,womb-1.5.0/venues/stages/womb/_ops/_clique/group/__pycache__/__init__.cpython-311.pyc,cpython-311,42946,True,4,pylingual_decompilable,decompyle3;marshal,error;exit_2,marshal_parse_failure;tool_exit,marshal:error:marshal_failed: || decompyle3:exit_2:/root/PyBC-Sec/pybcSEC/data/rq2/envs/cpython-311/lib/python3.11/site-packages/click/core.py:1262: UserWarning: The parameter --version is used more than once. Remove its duplicate as parameters should be unique. parser = self.make_parser...
6f42f8a88bd7,workadays-2023.12.30-cpython-38-6f42f8a88bd7.pyc,copied,,workadays-2023.12.30.tar.gz,workadays,2023.12.30,tar,workadays-2023.12.30/workadays/__pycache__/united_states.cpython-38.pyc,cpython-38,3413,True,4,pylingual_decompilable,decompyle3,timeout,timeout,decompyle3:timeout:timeout_after_600s
3adcbae71f1e,xml-api-0.0.6-cpython-38-3adcbae71f1e.pyc,copied,,xml_api-0.0.6.tar.gz,xml-api,0.0.6,tar,xml_api-0.0.6/xml_api/function/express/__pycache__/express.cpython-38.pyc,cpython-38,3413,True,4,pylingual_decompilable,decompyle3,timeout,timeout,decompyle3:timeout:timeout_after_600s
10b0e7792146,ya-aioclient-0.6.4-cpython-38-10b0e7792146.pyc,copied,,ya-aioclient-0.6.4.tar.gz,ya-aioclient,0.6.4,tar,ya-aioclient-0.6.4/src/ya_activity/test/__pycache__/test_activity_state.cpython-38-pytest-5.4.3.pyc,cpython-38,3413,True,4,pylingual_decompilable,decompyle3,exit_2,tool_exit,"decompyle3:exit_2:Traceback (most recent call last): File ""/root/PyBC-Sec/pybcSEC/data/rq2/envs/cpython-38/lib/python3.8/site-packages/xdis/load.py"", line 328, in load_module_from_file_object co = marshal.loads(bytecode) ValueError: bad marshal data (unkn..."
47f5eb8f03ba,ya-aioclient-0.6.4-cpython-38-47f5eb8f03ba.pyc,copied,,ya-aioclient-0.6.4.tar.gz,ya-aioclient,0.6.4,tar,ya-aioclient-0.6.4/src/ya_activity/test/__pycache__/test_activity_usage.cpython-38-pytest-5.4.3.pyc,cpython-38,3413,True,4,pylingual_decompilable,decompyle3,exit_2,tool_exit,"decompyle3:exit_2:Traceback (most recent call last): File ""/root/PyBC-Sec/pybcSEC/data/rq2/envs/cpython-38/lib/python3.8/site-packages/xdis/load.py"", line 328, in load_module_from_file_object co = marshal.loads(bytecode) ValueError: bad marshal data (unkn..."
901e7e7dcb61,ya-aioclient-0.6.4-cpython-38-901e7e7dcb61.pyc,copied,,ya-aioclient-0.6.4.tar.gz,ya-aioclient,0.6.4,tar,ya-aioclient-0.6.4/src/ya_activity/test/__pycache__/test_command_output_bin.cpython-38-pytest-5.4.3.pyc,cpython-38,3413,True,4,pylingual_decompilable,decompyle3,exit_2,tool_exit,"decompyle3:exit_2:Traceback (most recent call last): File ""/root/PyBC-Sec/pybcSEC/data/rq2/envs/cpython-38/lib/python3.8/site-packages/xdis/load.py"", line 328, in load_module_from_file_object co = marshal.loads(bytecode) ValueError: bad marshal data (unkn..."
a6d5e10ea6b8,ya-aioclient-0.6.4-cpython-38-a6d5e10ea6b8.pyc,copied,,ya-aioclient-0.6.4.tar.gz,ya-aioclient,0.6.4,tar,ya-aioclient-0.6.4/src/ya_activity/test/__pycache__/test_command_output_bin_all_of.cpython-38-pytest-5.4.3.pyc,cpython-38,3413,True,4,pylingual_decompilable,decompyle3,exit_2,tool_exit,"decompyle3:exit_2:Traceback (most recent call last): File ""/root/PyBC-Sec/pybcSEC/data/rq2/envs/cpython-38/lib/python3.8/site-packages/xdis/load.py"", line 328, in load_module_from_file_object co = marshal.loads(bytecode) ValueError: bad marshal data (unkn..."
fefeb5d5c3d6,ya-aioclient-0.6.4-cpython-38-fefeb5d5c3d6.pyc,copied,,ya-aioclient-0.6.4.tar.gz,ya-aioclient,0.6.4,tar,ya-aioclient-0.6.4/src/ya_activity/test/__pycache__/test_command_output_str.cpython-38-pytest-5.4.3.pyc,cpython-38,3413,True,4,pylingual_decompilable,decompyle3,exit_2,tool_exit,"decompyle3:exit_2:Traceback (most recent call last): File ""/root/PyBC-Sec/pybcSEC/data/rq2/envs/cpython-38/lib/python3.8/site-packages/xdis/load.py"", line 328, in load_module_from_file_object co = marshal.loads(bytecode) ValueError: bad marshal data (unkn..."
0a59163513a2,ya-aioclient-0.6.4-cpython-38-0a59163513a2.pyc,copied,,ya-aioclient-0.6.4.tar.gz,ya-aioclient,0.6.4,tar,ya-aioclient-0.6.4/src/ya_activity/test/__pycache__/test_command_output_str_all_of.cpython-38-pytest-5.4.3.pyc,cpython-38,3413,True,4,pylingual_decompilable,decompyle3,exit_2,tool_exit,"decompyle3:exit_2:Traceback (most recent call last): File ""/root/PyBC-Sec/pybcSEC/data/rq2/envs/cpython-38/lib/python3.8/site-packages/xdis/load.py"", line 328, in load_module_from_file_object co = marshal.loads(bytecode) ValueError: bad marshal data (unkn..."
131deef74ad8,ya-aioclient-0.6.4-cpython-38-131deef74ad8.pyc,copied,,ya-aioclient-0.6.4.tar.gz,ya-aioclient,0.6.4,tar,ya-aioclient-0.6.4/src/ya_activity/test/__pycache__/test_create_activity.cpython-38-pytest-5.4.3.pyc,cpython-38,3413,True,4,pylingual_decompilable,decompyle3,exit_2,tool_exit,"decompyle3:exit_2:Traceback (most recent call last): File ""/root/PyBC-Sec/pybcSEC/data/rq2/envs/cpython-38/lib/python3.8/site-packages/xdis/load.py"", line 328, in load_module_from_file_object co = marshal.loads(bytecode) ValueError: bad marshal data (unkn..."
a62e7e249fe9,ya-aioclient-0.6.4-cpython-38-a62e7e249fe9.pyc,copied,,ya-aioclient-0.6.4.tar.gz,ya-aioclient,0.6.4,tar,ya-aioclient-0.6.4/src/ya_activity/test/__pycache__/test_create_activity_all_of.cpython-38-pytest-5.4.3.pyc,cpython-38,3413,True,4,pylingual_decompilable,decompyle3,exit_2,tool_exit,"decompyle3:exit_2:Traceback (most recent call last): File ""/root/PyBC-Sec/pybcSEC/data/rq2/envs/cpython-38/lib/python3.8/site-packages/xdis/load.py"", line 328, in load_module_from_file_object co = marshal.loads(bytecode) ValueError: bad marshal data (unkn..."
5f6e99daf7c6,ya-aioclient-0.6.4-cpython-38-5f6e99daf7c6.pyc,copied,,ya-aioclient-0.6.4.tar.gz,ya-aioclient,0.6.4,tar,ya-aioclient-0.6.4/src/ya_activity/test/__pycache__/test_create_activity_request.cpython-38-pytest-5.4.3.pyc,cpython-38,3413,True,4,pylingual_decompilable,decompyle3,exit_2,tool_exit,"decompyle3:exit_2:Traceback (most recent call last): File ""/root/PyBC-Sec/pybcSEC/data/rq2/envs/cpython-38/lib/python3.8/site-packages/xdis/load.py"", line 328, in load_module_from_file_object co = marshal.loads(bytecode) ValueError: bad marshal data (unkn..."
294da39e5214,ya-aioclient-0.6.4-cpython-38-294da39e5214.pyc,copied,,ya-aioclient-0.6.4.tar.gz,ya-aioclient,0.6.4,tar,ya-aioclient-0.6.4/src/ya_activity/test/__pycache__/test_create_activity_result.cpython-38-pytest-5.4.3.pyc,cpython-38,3413,True,4,pylingual_decompilable,decompyle3,exit_2,tool_exit,"decompyle3:exit_2:Traceback (most recent call last): File ""/root/PyBC-Sec/pybcSEC/data/rq2/envs/cpython-38/lib/python3.8/site-packages/xdis/load.py"", line 328, in load_module_from_file_object co = marshal.loads(bytecode) ValueError: bad marshal data (unkn..."
a4c119de2fac,ya-aioclient-0.6.4-cpython-38-a4c119de2fac.pyc,copied,,ya-aioclient-0.6.4.tar.gz,ya-aioclient,0.6.4,tar,ya-aioclient-0.6.4/src/ya_activity/test/__pycache__/test_credentials.cpython-38-pytest-5.4.3.pyc,cpython-38,3413,True,4,pylingual_decompilable,decompyle3,exit_2,tool_exit,"decompyle3:exit_2:Traceback (most recent call last): File ""/root/PyBC-Sec/pybcSEC/data/rq2/envs/cpython-38/lib/python3.8/site-packages/xdis/load.py"", line 328, in load_module_from_file_object co = marshal.loads(bytecode) ValueError: bad marshal data (unkn..."
0f826c29e08a,ya-aioclient-0.6.4-cpython-38-0f826c29e08a.pyc,copied,,ya-aioclient-0.6.4.tar.gz,ya-aioclient,0.6.4,tar,ya-aioclient-0.6.4/src/ya_activity/test/__pycache__/test_deploy_command.cpython-38-pytest-5.4.3.pyc,cpython-38,3413,True,4,pylingual_decompilable,decompyle3,exit_2,tool_exit,"decompyle3:exit_2:Traceback (most recent call last): File ""/root/PyBC-Sec/pybcSEC/data/rq2/envs/cpython-38/lib/python3.8/site-packages/xdis/load.py"", line 328, in load_module_from_file_object co = marshal.loads(bytecode) ValueError: bad marshal data (unkn..."
307aca05d38b,ya-aioclient-0.6.4-cpython-38-307aca05d38b.pyc,copied,,ya-aioclient-0.6.4.tar.gz,ya-aioclient,0.6.4,tar,ya-aioclient-0.6.4/src/ya_activity/test/__pycache__/test_deploy_command_all_of.cpython-38-pytest-5.4.3.pyc,cpython-38,3413,True,4,pylingual_decompilable,decompyle3,exit_2,tool_exit,"decompyle3:exit_2:Traceback (most recent call last): File ""/root/PyBC-Sec/pybcSEC/data/rq2/envs/cpython-38/lib/python3.8/site-packages/xdis/load.py"", line 328, in load_module_from_file_object co = marshal.loads(bytecode) ValueError: bad marshal data (unkn..."
d2f034577a18,ya-aioclient-0.6.4-cpython-38-d2f034577a18.pyc,copied,,ya-aioclient-0.6.4.tar.gz,ya-aioclient,0.6.4,tar,ya-aioclient-0.6.4/src/ya_activity/test/__pycache__/test_deploy_command_body.cpython-38-pytest-5.4.3.pyc,cpython-38,3413,True,4,pylingual_decompilable,decompyle3,exit_2,tool_exit,"decompyle3:exit_2:Traceback (most recent call last): File ""/root/PyBC-Sec/pybcSEC/data/rq2/envs/cpython-38/lib/python3.8/site-packages/xdis/load.py"", line 328, in load_module_from_file_object co = marshal.loads(bytecode) ValueError: bad marshal data (unkn..."
3dff1e0c61b3,ya-aioclient-0.6.4-cpython-38-3dff1e0c61b3.pyc,copied,,ya-aioclient-0.6.4.tar.gz,ya-aioclient,0.6.4,tar,ya-aioclient-0.6.4/src/ya_activity/test/__pycache__/test_deploy_network.cpython-38-pytest-5.4.3.pyc,cpython-38,3413,True,4,pylingual_decompilable,decompyle3,exit_2,tool_exit,"decompyle3:exit_2:Traceback (most recent call last): File ""/root/PyBC-Sec/pybcSEC/data/rq2/envs/cpython-38/lib/python3.8/site-packages/xdis/load.py"", line 328, in load_module_from_file_object co = marshal.loads(bytecode) ValueError: bad marshal data (unkn..."
acf03fe3bfa8,ya-aioclient-0.6.4-cpython-38-acf03fe3bfa8.pyc,copied,,ya-aioclient-0.6.4.tar.gz,ya-aioclient,0.6.4,tar,ya-aioclient-0.6.4/src/ya_activity/test/__pycache__/test_destroy_activity.cpython-38-pytest-5.4.3.pyc,cpython-38,3413,True,4,pylingual_decompilable,decompyle3,exit_2,tool_exit,"decompyle3:exit_2:Traceback (most recent call last): File ""/root/PyBC-Sec/pybcSEC/data/rq2/envs/cpython-38/lib/python3.8/site-packages/xdis/load.py"", line 328, in load_module_from_file_object co = marshal.loads(bytecode) ValueError: bad marshal data (unkn..."
922ff6985e1b,ya-aioclient-0.6.4-cpython-38-922ff6985e1b.pyc,copied,,ya-aioclient-0.6.4.tar.gz,ya-aioclient,0.6.4,tar,ya-aioclient-0.6.4/src/ya_activity/test/__pycache__/test_error_message.cpython-38-pytest-5.4.3.pyc,cpython-38,3413,True,4,pylingual_decompilable,decompyle3,exit_2,tool_exit,"decompyle3:exit_2:Traceback (most recent call last): File ""/root/PyBC-Sec/pybcSEC/data/rq2/envs/cpython-38/lib/python3.8/site-packages/xdis/load.py"", line 328, in load_module_from_file_object co = marshal.loads(bytecode) ValueError: bad marshal data (unkn..."
88bf7dc12769,ya-aioclient-0.6.4-cpython-38-88bf7dc12769.pyc,copied,,ya-aioclient-0.6.4.tar.gz,ya-aioclient,0.6.4,tar,ya-aioclient-0.6.4/src/ya_activity/test/__pycache__/test_exe_script_command_result.cpython-38-pytest-5.4.3.pyc,cpython-38,3413,True,4,pylingual_decompilable,decompyle3,exit_2,tool_exit,"decompyle3:exit_2:Traceback (most recent call last): File ""/root/PyBC-Sec/pybcSEC/data/rq2/envs/cpython-38/lib/python3.8/site-packages/xdis/load.py"", line 328, in load_module_from_file_object co = marshal.loads(bytecode) ValueError: bad marshal data (unkn..."
be50f6a73f6b,ya-aioclient-0.6.4-cpython-38-be50f6a73f6b.pyc,copied,,ya-aioclient-0.6.4.tar.gz,ya-aioclient,0.6.4,tar,ya-aioclient-0.6.4/src/ya_activity/test/__pycache__/test_exe_script_command_state.cpython-38-pytest-5.4.3.pyc,cpython-38,3413,True,4,pylingual_decompilable,decompyle3,exit_2,tool_exit,"decompyle3:exit_2:Traceback (most recent call last): File ""/root/PyBC-Sec/pybcSEC/data/rq2/envs/cpython-38/lib/python3.8/site-packages/xdis/load.py"", line 328, in load_module_from_file_object co = marshal.loads(bytecode) ValueError: bad marshal data (unkn..."
62417d1f8a8a,ya-aioclient-0.6.4-cpython-38-62417d1f8a8a.pyc,copied,,ya-aioclient-0.6.4.tar.gz,ya-aioclient,0.6.4,tar,ya-aioclient-0.6.4/src/ya_activity/test/__pycache__/test_exe_script_request.cpython-38-pytest-5.4.3.pyc,cpython-38,3413,True,4,pylingual_decompilable,decompyle3,exit_2,tool_exit,"decompyle3:exit_2:Traceback (most recent call last): File ""/root/PyBC-Sec/pybcSEC/data/rq2/envs/cpython-38/lib/python3.8/site-packages/xdis/load.py"", line 328, in load_module_from_file_object co = marshal.loads(bytecode) ValueError: bad marshal data (unkn..."
889b4b93cc58,ya-aioclient-0.6.4-cpython-38-889b4b93cc58.pyc,copied,,ya-aioclient-0.6.4.tar.gz,ya-aioclient,0.6.4,tar,ya-aioclient-0.6.4/src/ya_activity/test/__pycache__/test_file_set.cpython-38-pytest-5.4.3.pyc,cpython-38,3413,True,4,pylingual_decompilable,decompyle3,exit_2,tool_exit,"decompyle3:exit_2:Traceback (most recent call last): File ""/root/PyBC-Sec/pybcSEC/data/rq2/envs/cpython-38/lib/python3.8/site-packages/xdis/load.py"", line 328, in load_module_from_file_object co = marshal.loads(bytecode) ValueError: bad marshal data (unkn..."
9d07e54d302d,ya-aioclient-0.6.4-cpython-38-9d07e54d302d.pyc,copied,,ya-aioclient-0.6.4.tar.gz,ya-aioclient,0.6.4,tar,ya-aioclient-0.6.4/src/ya_activity/test/__pycache__/test_get_activity_state.cpython-38-pytest-5.4.3.pyc,cpython-38,3413,True,4,pylingual_decompilable,decompyle3,exit_2,tool_exit,"decompyle3:exit_2:Traceback (most recent call last): File ""/root/PyBC-Sec/pybcSEC/data/rq2/envs/cpython-38/lib/python3.8/site-packages/xdis/load.py"", line 328, in load_module_from_file_object co = marshal.loads(bytecode) ValueError: bad marshal data (unkn..."
11d18f03297c,ya-aioclient-0.6.4-cpython-38-11d18f03297c.pyc,copied,,ya-aioclient-0.6.4.tar.gz,ya-aioclient,0.6.4,tar,ya-aioclient-0.6.4/src/ya_activity/test/__pycache__/test_get_activity_usage.cpython-38-pytest-5.4.3.pyc,cpython-38,3413,True,4,pylingual_decompilable,decompyle3,exit_2,tool_exit,"decompyle3:exit_2:Traceback (most recent call last): File ""/root/PyBC-Sec/pybcSEC/data/rq2/envs/cpython-38/lib/python3.8/site-packages/xdis/load.py"", line 328, in load_module_from_file_object co = marshal.loads(bytecode) ValueError: bad marshal data (unkn..."
8d41f86303d6,ya-aioclient-0.6.4-cpython-38-8d41f86303d6.pyc,copied,,ya-aioclient-0.6.4.tar.gz,ya-aioclient,0.6.4,tar,ya-aioclient-0.6.4/src/ya_activity/test/__pycache__/test_provider_api.cpython-38-pytest-5.4.3.pyc,cpython-38,3413,True,4,pylingual_decompilable,decompyle3,exit_2,tool_exit,"decompyle3:exit_2:Traceback (most recent call last): File ""/root/PyBC-Sec/pybcSEC/data/rq2/envs/cpython-38/lib/python3.8/site-packages/xdis/load.py"", line 328, in load_module_from_file_object co = marshal.loads(bytecode) ValueError: bad marshal data (unkn..."
4df05ce341a7,ya-aioclient-0.6.4-cpython-38-4df05ce341a7.pyc,copied,,ya-aioclient-0.6.4.tar.gz,ya-aioclient,0.6.4,tar,ya-aioclient-0.6.4/src/ya_activity/test/__pycache__/test_provider_event.cpython-38-pytest-5.4.3.pyc,cpython-38,3413,True,4,pylingual_decompilable,decompyle3,exit_2,tool_exit,"decompyle3:exit_2:Traceback (most recent call last): File ""/root/PyBC-Sec/pybcSEC/data/rq2/envs/cpython-38/lib/python3.8/site-packages/xdis/load.py"", line 328, in load_module_from_file_object co = marshal.loads(bytecode) ValueError: bad marshal data (unkn..."
0c77c1fd7053,ya-aioclient-0.6.4-cpython-38-0c77c1fd7053.pyc,copied,,ya-aioclient-0.6.4.tar.gz,ya-aioclient,0.6.4,tar,ya-aioclient-0.6.4/src/ya_activity/test/__pycache__/test_requestor_control_api.cpython-38-pytest-5.4.3.pyc,cpython-38,3413,True,4,pylingual_decompilable,decompyle3,exit_2,tool_exit,"decompyle3:exit_2:Traceback (most recent call last): File ""/root/PyBC-Sec/pybcSEC/data/rq2/envs/cpython-38/lib/python3.8/site-packages/xdis/load.py"", line 328, in load_module_from_file_object co = marshal.loads(bytecode) ValueError: bad marshal data (unkn..."
a31a455dd336,ya-aioclient-0.6.4-cpython-38-a31a455dd336.pyc,copied,,ya-aioclient-0.6.4.tar.gz,ya-aioclient,0.6.4,tar,ya-aioclient-0.6.4/src/ya_activity/test/__pycache__/test_requestor_state_api.cpython-38-pytest-5.4.3.pyc,cpython-38,3413,True,4,pylingual_decompilable,decompyle3,exit_2,tool_exit,"decompyle3:exit_2:Traceback (most recent call last): File ""/root/PyBC-Sec/pybcSEC/data/rq2/envs/cpython-38/lib/python3.8/site-packages/xdis/load.py"", line 328, in load_module_from_file_object co = marshal.loads(bytecode) ValueError: bad marshal data (unkn..."
b34ba9f523eb,ya-aioclient-0.6.4-cpython-38-b34ba9f523eb.pyc,copied,,ya-aioclient-0.6.4.tar.gz,ya-aioclient,0.6.4,tar,ya-aioclient-0.6.4/src/ya_activity/test/__pycache__/test_run_command.cpython-38-pytest-5.4.3.pyc,cpython-38,3413,True,4,pylingual_decompilable,decompyle3,exit_2,tool_exit,"decompyle3:exit_2:Traceback (most recent call last): File ""/root/PyBC-Sec/pybcSEC/data/rq2/envs/cpython-38/lib/python3.8/site-packages/xdis/load.py"", line 328, in load_module_from_file_object co = marshal.loads(bytecode) ValueError: bad marshal data (unkn..."
68dc6914dfa1,ya-aioclient-0.6.4-cpython-38-68dc6914dfa1.pyc,copied,,ya-aioclient-0.6.4.tar.gz,ya-aioclient,0.6.4,tar,ya-aioclient-0.6.4/src/ya_activity/test/__pycache__/test_run_command_all_of.cpython-38-pytest-5.4.3.pyc,cpython-38,3413,True,4,pylingual_decompilable,decompyle3,exit_2,tool_exit,"decompyle3:exit_2:Traceback (most recent call last): File ""/root/PyBC-Sec/pybcSEC/data/rq2/envs/cpython-38/lib/python3.8/site-packages/xdis/load.py"", line 328, in load_module_from_file_object co = marshal.loads(bytecode) ValueError: bad marshal data (unkn..."
9d751fcafb4d,ya-aioclient-0.6.4-cpython-38-9d751fcafb4d.pyc,copied,,ya-aioclient-0.6.4.tar.gz,ya-aioclient,0.6.4,tar,ya-aioclient-0.6.4/src/ya_activity/test/__pycache__/test_run_command_body.cpython-38-pytest-5.4.3.pyc,cpython-38,3413,True,4,pylingual_decompilable,decompyle3,exit_2,tool_exit,"decompyle3:exit_2:Traceback (most recent call last): File ""/root/PyBC-Sec/pybcSEC/data/rq2/envs/cpython-38/lib/python3.8/site-packages/xdis/load.py"", line 328, in load_module_from_file_object co = marshal.loads(bytecode) ValueError: bad marshal data (unkn..."
5be3c0d46b3d,ya-aioclient-0.6.4-cpython-38-5be3c0d46b3d.pyc,copied,,ya-aioclient-0.6.4.tar.gz,ya-aioclient,0.6.4,tar,ya-aioclient-0.6.4/src/ya_activity/test/__pycache__/test_runtime_event.cpython-38-pytest-5.4.3.pyc,cpython-38,3413,True,4,pylingual_decompilable,decompyle3,exit_2,tool_exit,"decompyle3:exit_2:Traceback (most recent call last): File ""/root/PyBC-Sec/pybcSEC/data/rq2/envs/cpython-38/lib/python3.8/site-packages/xdis/load.py"", line 328, in load_module_from_file_object co = marshal.loads(bytecode) ValueError: bad marshal data (unkn..."
d8a41f79317e,ya-aioclient-0.6.4-cpython-38-d8a41f79317e.pyc,copied,,ya-aioclient-0.6.4.tar.gz,ya-aioclient,0.6.4,tar,ya-aioclient-0.6.4/src/ya_activity/test/__pycache__/test_runtime_event_kind_finished.cpython-38-pytest-5.4.3.pyc,cpython-38,3413,True,4,pylingual_decompilable,decompyle3,exit_2,tool_exit,"decompyle3:exit_2:Traceback (most recent call last): File ""/root/PyBC-Sec/pybcSEC/data/rq2/envs/cpython-38/lib/python3.8/site-packages/xdis/load.py"", line 328, in load_module_from_file_object co = marshal.loads(bytecode) ValueError: bad marshal data (unkn..."
847964601abe,ya-aioclient-0.6.4-cpython-38-847964601abe.pyc,copied,,ya-aioclient-0.6.4.tar.gz,ya-aioclient,0.6.4,tar,ya-aioclient-0.6.4/src/ya_activity/test/__pycache__/test_runtime_event_kind_finished_all_of.cpython-38-pytest-5.4.3.pyc,cpython-38,3413,True,4,pylingual_decompilable,decompyle3,exit_2,tool_exit,"decompyle3:exit_2:Traceback (most recent call last): File ""/root/PyBC-Sec/pybcSEC/data/rq2/envs/cpython-38/lib/python3.8/site-packages/xdis/load.py"", line 328, in load_module_from_file_object co = marshal.loads(bytecode) ValueError: bad marshal data (unkn..."
1d254c5ae74e,ya-aioclient-0.6.4-cpython-38-1d254c5ae74e.pyc,copied,,ya-aioclient-0.6.4.tar.gz,ya-aioclient,0.6.4,tar,ya-aioclient-0.6.4/src/ya_activity/test/__pycache__/test_runtime_event_kind_finished_body.cpython-38-pytest-5.4.3.pyc,cpython-38,3413,True,4,pylingual_decompilable,decompyle3,exit_2,tool_exit,"decompyle3:exit_2:Traceback (most recent call last): File ""/root/PyBC-Sec/pybcSEC/data/rq2/envs/cpython-38/lib/python3.8/site-packages/xdis/load.py"", line 328, in load_module_from_file_object co = marshal.loads(bytecode) ValueError: bad marshal data (unkn..."
45aad230ce31,ya-aioclient-0.6.4-cpython-38-45aad230ce31.pyc,copied,,ya-aioclient-0.6.4.tar.gz,ya-aioclient,0.6.4,tar,ya-aioclient-0.6.4/src/ya_activity/test/__pycache__/test_runtime_event_kind_started.cpython-38-pytest-5.4.3.pyc,cpython-38,3413,True,4,pylingual_decompilable,decompyle3,exit_2,tool_exit,"decompyle3:exit_2:Traceback (most recent call last): File ""/root/PyBC-Sec/pybcSEC/data/rq2/envs/cpython-38/lib/python3.8/site-packages/xdis/load.py"", line 328, in load_module_from_file_object co = marshal.loads(bytecode) ValueError: bad marshal data (unkn..."
519078289456,ya-aioclient-0.6.4-cpython-38-519078289456.pyc,copied,,ya-aioclient-0.6.4.tar.gz,ya-aioclient,0.6.4,tar,ya-aioclient-0.6.4/src/ya_activity/test/__pycache__/test_runtime_event_kind_started_all_of.cpython-38-pytest-5.4.3.pyc,cpython-38,3413,True,4,pylingual_decompilable,decompyle3,exit_2,tool_exit,"decompyle3:exit_2:Traceback (most recent call last): File ""/root/PyBC-Sec/pybcSEC/data/rq2/envs/cpython-38/lib/python3.8/site-packages/xdis/load.py"", line 328, in load_module_from_file_object co = marshal.loads(bytecode) ValueError: bad marshal data (unkn..."
11c382fabf55,ya-aioclient-0.6.4-cpython-38-11c382fabf55.pyc,copied,,ya-aioclient-0.6.4.tar.gz,ya-aioclient,0.6.4,tar,ya-aioclient-0.6.4/src/ya_activity/test/__pycache__/test_runtime_event_kind_std_err.cpython-38-pytest-5.4.3.pyc,cpython-38,3413,True,4,pylingual_decompilable,decompyle3,exit_2,tool_exit,"decompyle3:exit_2:Traceback (most recent call last): File ""/root/PyBC-Sec/pybcSEC/data/rq2/envs/cpython-38/lib/python3.8/site-packages/xdis/load.py"", line 328, in load_module_from_file_object co = marshal.loads(bytecode) ValueError: bad marshal data (unkn..."
bca492805f24,ya-aioclient-0.6.4-cpython-38-bca492805f24.pyc,copied,,ya-aioclient-0.6.4.tar.gz,ya-aioclient,0.6.4,tar,ya-aioclient-0.6.4/src/ya_activity/test/__pycache__/test_runtime_event_kind_std_err_all_of.cpython-38-pytest-5.4.3.pyc,cpython-38,3413,True,4,pylingual_decompilable,decompyle3,exit_2,tool_exit,"decompyle3:exit_2:Traceback (most recent call last): File ""/root/PyBC-Sec/pybcSEC/data/rq2/envs/cpython-38/lib/python3.8/site-packages/xdis/load.py"", line 328, in load_module_from_file_object co = marshal.loads(bytecode) ValueError: bad marshal data (unkn..."
3b70247b1af9,ya-aioclient-0.6.4-cpython-38-3b70247b1af9.pyc,copied,,ya-aioclient-0.6.4.tar.gz,ya-aioclient,0.6.4,tar,ya-aioclient-0.6.4/src/ya_activity/test/__pycache__/test_runtime_event_kind_std_out.cpython-38-pytest-5.4.3.pyc,cpython-38,3413,True,4,pylingual_decompilable,decompyle3,exit_2,tool_exit,"decompyle3:exit_2:Traceback (most recent call last): File ""/root/PyBC-Sec/pybcSEC/data/rq2/envs/cpython-38/lib/python3.8/site-packages/xdis/load.py"", line 328, in load_module_from_file_object co = marshal.loads(bytecode) ValueError: bad marshal data (unkn..."
2de90db6637e,ya-aioclient-0.6.4-cpython-38-2de90db6637e.pyc,copied,,ya-aioclient-0.6.4.tar.gz,ya-aioclient,0.6.4,tar,ya-aioclient-0.6.4/src/ya_activity/test/__pycache__/test_runtime_event_kind_std_out_all_of.cpython-38-pytest-5.4.3.pyc,cpython-38,3413,True,4,pylingual_decompilable,decompyle3,exit_2,tool_exit,"decompyle3:exit_2:Traceback (most recent call last): File ""/root/PyBC-Sec/pybcSEC/data/rq2/envs/cpython-38/lib/python3.8/site-packages/xdis/load.py"", line 328, in load_module_from_file_object co = marshal.loads(bytecode) ValueError: bad marshal data (unkn..."
5ac38a47a2c6,ya-aioclient-0.6.4-cpython-38-5ac38a47a2c6.pyc,copied,,ya-aioclient-0.6.4.tar.gz,ya-aioclient,0.6.4,tar,ya-aioclient-0.6.4/src/ya_activity/test/__pycache__/test_sgx_credentials.cpython-38-pytest-5.4.3.pyc,cpython-38,3413,True,4,pylingual_decompilable,decompyle3,exit_2,tool_exit,"decompyle3:exit_2:Traceback (most recent call last): File ""/root/PyBC-Sec/pybcSEC/data/rq2/envs/cpython-38/lib/python3.8/site-packages/xdis/load.py"", line 328, in load_module_from_file_object co = marshal.loads(bytecode) ValueError: bad marshal data (unkn..."
ee64dc1fbc0a,ya-aioclient-0.6.4-cpython-38-ee64dc1fbc0a.pyc,copied,,ya-aioclient-0.6.4.tar.gz,ya-aioclient,0.6.4,tar,ya-aioclient-0.6.4/src/ya_activity/test/__pycache__/test_sign_command.cpython-38-pytest-5.4.3.pyc,cpython-38,3413,True,4,pylingual_decompilable,decompyle3,exit_2,tool_exit,"decompyle3:exit_2:Traceback (most recent call last): File ""/root/PyBC-Sec/pybcSEC/data/rq2/envs/cpython-38/lib/python3.8/site-packages/xdis/load.py"", line 328, in load_module_from_file_object co = marshal.loads(bytecode) ValueError: bad marshal data (unkn..."
1cce8c9853fe,ya-aioclient-0.6.4-cpython-38-1cce8c9853fe.pyc,copied,,ya-aioclient-0.6.4.tar.gz,ya-aioclient,0.6.4,tar,ya-aioclient-0.6.4/src/ya_activity/test/__pycache__/test_sign_command_all_of.cpython-38-pytest-5.4.3.pyc,cpython-38,3413,True,4,pylingual_decompilable,decompyle3,exit_2,tool_exit,"decompyle3:exit_2:Traceback (most recent call last): File ""/root/PyBC-Sec/pybcSEC/data/rq2/envs/cpython-38/lib/python3.8/site-packages/xdis/load.py"", line 328, in load_module_from_file_object co = marshal.loads(bytecode) ValueError: bad marshal data (unkn..."
0018a36337ef,ya-aioclient-0.6.4-cpython-38-0018a36337ef.pyc,copied,,ya-aioclient-0.6.4.tar.gz,ya-aioclient,0.6.4,tar,ya-aioclient-0.6.4/src/ya_activity/test/__pycache__/test_start_command.cpython-38-pytest-5.4.3.pyc,cpython-38,3413,True,4,pylingual_decompilable,decompyle3,exit_2,tool_exit,"decompyle3:exit_2:Traceback (most recent call last): File ""/root/PyBC-Sec/pybcSEC/data/rq2/envs/cpython-38/lib/python3.8/site-packages/xdis/load.py"", line 328, in load_module_from_file_object co = marshal.loads(bytecode) ValueError: bad marshal data (unkn..."
4f035ba65ef5,ya-aioclient-0.6.4-cpython-38-4f035ba65ef5.pyc,copied,,ya-aioclient-0.6.4.tar.gz,ya-aioclient,0.6.4,tar,ya-aioclient-0.6.4/src/ya_activity/test/__pycache__/test_start_command_all_of.cpython-38-pytest-5.4.3.pyc,cpython-38,3413,True,4,pylingual_decompilable,decompyle3,exit_2,tool_exit,"decompyle3:exit_2:Traceback (most recent call last): File ""/root/PyBC-Sec/pybcSEC/data/rq2/envs/cpython-38/lib/python3.8/site-packages/xdis/load.py"", line 328, in load_module_from_file_object co = marshal.loads(bytecode) ValueError: bad marshal data (unkn..."
954433f0d0bc,ya-aioclient-0.6.4-cpython-38-954433f0d0bc.pyc,copied,,ya-aioclient-0.6.4.tar.gz,ya-aioclient,0.6.4,tar,ya-aioclient-0.6.4/src/ya_activity/test/__pycache__/test_start_command_body.cpython-38-pytest-5.4.3.pyc,cpython-38,3413,True,4,pylingual_decompilable,decompyle3,exit_2,tool_exit,"decompyle3:exit_2:Traceback (most recent call last): File ""/root/PyBC-Sec/pybcSEC/data/rq2/envs/cpython-38/lib/python3.8/site-packages/xdis/load.py"", line 328, in load_module_from_file_object co = marshal.loads(bytecode) ValueError: bad marshal data (unkn..."
5b8a5a396625,ya-aioclient-0.6.4-cpython-38-5b8a5a396625.pyc,copied,,ya-aioclient-0.6.4.tar.gz,ya-aioclient,0.6.4,tar,ya-aioclient-0.6.4/src/ya_activity/test/__pycache__/test_terminate_command.cpython-38-pytest-5.4.3.pyc,cpython-38,3413,True,4,pylingual_decompilable,decompyle3,exit_2,tool_exit,"decompyle3:exit_2:Traceback (most recent call last): File ""/root/PyBC-Sec/pybcSEC/data/rq2/envs/cpython-38/lib/python3.8/site-packages/xdis/load.py"", line 328, in load_module_from_file_object co = marshal.loads(bytecode) ValueError: bad marshal data (unkn..."
25325e13edf2,ya-aioclient-0.6.4-cpython-38-25325e13edf2.pyc,copied,,ya-aioclient-0.6.4.tar.gz,ya-aioclient,0.6.4,tar,ya-aioclient-0.6.4/src/ya_activity/test/__pycache__/test_terminate_command_all_of.cpython-38-pytest-5.4.3.pyc,cpython-38,3413,True,4,pylingual_decompilable,decompyle3,exit_2,tool_exit,"decompyle3:exit_2:Traceback (most recent call last): File ""/root/PyBC-Sec/pybcSEC/data/rq2/envs/cpython-38/lib/python3.8/site-packages/xdis/load.py"", line 328, in load_module_from_file_object co = marshal.loads(bytecode) ValueError: bad marshal data (unkn..."
9f963dda83fb,ya-aioclient-0.6.4-cpython-38-9f963dda83fb.pyc,copied,,ya-aioclient-0.6.4.tar.gz,ya-aioclient,0.6.4,tar,ya-aioclient-0.6.4/src/ya_activity/test/__pycache__/test_transfer_command.cpython-38-pytest-5.4.3.pyc,cpython-38,3413,True,4,pylingual_decompilable,decompyle3,exit_2,tool_exit,"decompyle3:exit_2:Traceback (most recent call last): File ""/root/PyBC-Sec/pybcSEC/data/rq2/envs/cpython-38/lib/python3.8/site-packages/xdis/load.py"", line 328, in load_module_from_file_object co = marshal.loads(bytecode) ValueError: bad marshal data (unkn..."
2d1ce05b738f,ya-aioclient-0.6.4-cpython-38-2d1ce05b738f.pyc,copied,,ya-aioclient-0.6.4.tar.gz,ya-aioclient,0.6.4,tar,ya-aioclient-0.6.4/src/ya_activity/test/__pycache__/test_transfer_command_all_of.cpython-38-pytest-5.4.3.pyc,cpython-38,3413,True,4,pylingual_decompilable,decompyle3,exit_2,tool_exit,"decompyle3:exit_2:Traceback (most recent call last): File ""/root/PyBC-Sec/pybcSEC/data/rq2/envs/cpython-38/lib/python3.8/site-packages/xdis/load.py"", line 328, in load_module_from_file_object co = marshal.loads(bytecode) ValueError: bad marshal data (unkn..."
2efb7d10ee3f,ya-aioclient-0.6.4-cpython-38-2efb7d10ee3f.pyc,copied,,ya-aioclient-0.6.4.tar.gz,ya-aioclient,0.6.4,tar,ya-aioclient-0.6.4/src/ya_activity/test/__pycache__/test_transfer_command_body.cpython-38-pytest-5.4.3.pyc,cpython-38,3413,True,4,pylingual_decompilable,decompyle3,exit_2,tool_exit,"decompyle3:exit_2:Traceback (most recent call last): File ""/root/PyBC-Sec/pybcSEC/data/rq2/envs/cpython-38/lib/python3.8/site-packages/xdis/load.py"", line 328, in load_module_from_file_object co = marshal.loads(bytecode) ValueError: bad marshal data (unkn..."
4c26ad52ab7a,ya-aioclient-0.6.4-cpython-38-4c26ad52ab7a.pyc,copied,,ya-aioclient-0.6.4.tar.gz,ya-aioclient,0.6.4,tar,ya-aioclient-0.6.4/src/ya_market/test/__pycache__/test_agreement.cpython-38-pytest-5.4.3.pyc,cpython-38,3413,True,4,pylingual_decompilable,decompyle3,exit_2,tool_exit,"decompyle3:exit_2:Traceback (most recent call last): File ""/root/PyBC-Sec/pybcSEC/data/rq2/envs/cpython-38/lib/python3.8/site-packages/xdis/load.py"", line 328, in load_module_from_file_object co = marshal.loads(bytecode) ValueError: bad marshal data (unkn..."
e4286a50bac5,ya-aioclient-0.6.4-cpython-38-e4286a50bac5.pyc,copied,,ya-aioclient-0.6.4.tar.gz,ya-aioclient,0.6.4,tar,ya-aioclient-0.6.4/src/ya_market/test/__pycache__/test_agreement_approved_event.cpython-38-pytest-5.4.3.pyc,cpython-38,3413,True,4,pylingual_decompilable,decompyle3,exit_2,tool_exit,"decompyle3:exit_2:Traceback (most recent call last): File ""/root/PyBC-Sec/pybcSEC/data/rq2/envs/cpython-38/lib/python3.8/site-packages/xdis/load.py"", line 328, in load_module_from_file_object co = marshal.loads(bytecode) ValueError: bad marshal data (unkn..."
36d7d5bc2085,ya-aioclient-0.6.4-cpython-38-36d7d5bc2085.pyc,copied,,ya-aioclient-0.6.4.tar.gz,ya-aioclient,0.6.4,tar,ya-aioclient-0.6.4/src/ya_market/test/__pycache__/test_agreement_cancelled_event.cpython-38-pytest-5.4.3.pyc,cpython-38,3413,True,4,pylingual_decompilable,decompyle3,exit_2,tool_exit,"decompyle3:exit_2:Traceback (most recent call last): File ""/root/PyBC-Sec/pybcSEC/data/rq2/envs/cpython-38/lib/python3.8/site-packages/xdis/load.py"", line 328, in load_module_from_file_object co = marshal.loads(bytecode) ValueError: bad marshal data (unkn..."
75ad1f6b3ea6,ya-aioclient-0.6.4-cpython-38-75ad1f6b3ea6.pyc,copied,,ya-aioclient-0.6.4.tar.gz,ya-aioclient,0.6.4,tar,ya-aioclient-0.6.4/src/ya_market/test/__pycache__/test_agreement_event.cpython-38-pytest-5.4.3.pyc,cpython-38,3413,True,4,pylingual_decompilable,decompyle3,exit_2,tool_exit,"decompyle3:exit_2:Traceback (most recent call last): File ""/root/PyBC-Sec/pybcSEC/data/rq2/envs/cpython-38/lib/python3.8/site-packages/xdis/load.py"", line 328, in load_module_from_file_object co = marshal.loads(bytecode) ValueError: bad marshal data (unkn..."
c5ad303ed316,ya-aioclient-0.6.4-cpython-38-c5ad303ed316.pyc,copied,,ya-aioclient-0.6.4.tar.gz,ya-aioclient,0.6.4,tar,ya-aioclient-0.6.4/src/ya_market/test/__pycache__/test_agreement_event_all_of.cpython-38-pytest-5.4.3.pyc,cpython-38,3413,True,4,pylingual_decompilable,decompyle3,exit_2,tool_exit,"decompyle3:exit_2:Traceback (most recent call last): File ""/root/PyBC-Sec/pybcSEC/data/rq2/envs/cpython-38/lib/python3.8/site-packages/xdis/load.py"", line 328, in load_module_from_file_object co = marshal.loads(bytecode) ValueError: bad marshal data (unkn..."
1ef54d2e6b32,ya-aioclient-0.6.4-cpython-38-1ef54d2e6b32.pyc,copied,,ya-aioclient-0.6.4.tar.gz,ya-aioclient,0.6.4,tar,ya-aioclient-0.6.4/src/ya_market/test/__pycache__/test_agreement_operation_event.cpython-38-pytest-5.4.3.pyc,cpython-38,3413,True,4,pylingual_decompilable,decompyle3,exit_2,tool_exit,"decompyle3:exit_2:Traceback (most recent call last): File ""/root/PyBC-Sec/pybcSEC/data/rq2/envs/cpython-38/lib/python3.8/site-packages/xdis/load.py"", line 328, in load_module_from_file_object co = marshal.loads(bytecode) ValueError: bad marshal data (unkn..."
1a24788f18ab,ya-aioclient-0.6.4-cpython-38-1a24788f18ab.pyc,copied,,ya-aioclient-0.6.4.tar.gz,ya-aioclient,0.6.4,tar,ya-aioclient-0.6.4/src/ya_market/test/__pycache__/test_agreement_proposal.cpython-38-pytest-5.4.3.pyc,cpython-38,3413,True,4,pylingual_decompilable,decompyle3,exit_2,tool_exit,"decompyle3:exit_2:Traceback (most recent call last): File ""/root/PyBC-Sec/pybcSEC/data/rq2/envs/cpython-38/lib/python3.8/site-packages/xdis/load.py"", line 328, in load_module_from_file_object co = marshal.loads(bytecode) ValueError: bad marshal data (unkn..."
f78eacbb491a,ya-aioclient-0.6.4-cpython-38-f78eacbb491a.pyc,copied,,ya-aioclient-0.6.4.tar.gz,ya-aioclient,0.6.4,tar,ya-aioclient-0.6.4/src/ya_market/test/__pycache__/test_agreement_rejected_event.cpython-38-pytest-5.4.3.pyc,cpython-38,3413,True,4,pylingual_decompilable,decompyle3,exit_2,tool_exit,"decompyle3:exit_2:Traceback (most recent call last): File ""/root/PyBC-Sec/pybcSEC/data/rq2/envs/cpython-38/lib/python3.8/site-packages/xdis/load.py"", line 328, in load_module_from_file_object co = marshal.loads(bytecode) ValueError: bad marshal data (unkn..."
1947c25ee74e,ya-aioclient-0.6.4-cpython-38-1947c25ee74e.pyc,copied,,ya-aioclient-0.6.4.tar.gz,ya-aioclient,0.6.4,tar,ya-aioclient-0.6.4/src/ya_market/test/__pycache__/test_agreement_rejected_event_all_of.cpython-38-pytest-5.4.3.pyc,cpython-38,3413,True,4,pylingual_decompilable,decompyle3,exit_2,tool_exit,"decompyle3:exit_2:Traceback (most recent call last): File ""/root/PyBC-Sec/pybcSEC/data/rq2/envs/cpython-38/lib/python3.8/site-packages/xdis/load.py"", line 328, in load_module_from_file_object co = marshal.loads(bytecode) ValueError: bad marshal data (unkn..."
a6f4d0a5b3ab,ya-aioclient-0.6.4-cpython-38-a6f4d0a5b3ab.pyc,copied,,ya-aioclient-0.6.4.tar.gz,ya-aioclient,0.6.4,tar,ya-aioclient-0.6.4/src/ya_market/test/__pycache__/test_agreement_terminated_event.cpython-38-pytest-5.4.3.pyc,cpython-38,3413,True,4,pylingual_decompilable,decompyle3,exit_2,tool_exit,"decompyle3:exit_2:Traceback (most recent call last): File ""/root/PyBC-Sec/pybcSEC/data/rq2/envs/cpython-38/lib/python3.8/site-packages/xdis/load.py"", line 328, in load_module_from_file_object co = marshal.loads(bytecode) ValueError: bad marshal data (unkn..."
ced6d004b2a1,ya-aioclient-0.6.4-cpython-38-ced6d004b2a1.pyc,copied,,ya-aioclient-0.6.4.tar.gz,ya-aioclient,0.6.4,tar,ya-aioclient-0.6.4/src/ya_market/test/__pycache__/test_agreement_terminated_event_all_of.cpython-38-pytest-5.4.3.pyc,cpython-38,3413,True,4,pylingual_decompilable,decompyle3,exit_2,tool_exit,"decompyle3:exit_2:Traceback (most recent call last): File ""/root/PyBC-Sec/pybcSEC/data/rq2/envs/cpython-38/lib/python3.8/site-packages/xdis/load.py"", line 328, in load_module_from_file_object co = marshal.loads(bytecode) ValueError: bad marshal data (unkn..."
23139eec7f68,ya-aioclient-0.6.4-cpython-38-23139eec7f68.pyc,copied,,ya-aioclient-0.6.4.tar.gz,ya-aioclient,0.6.4,tar,ya-aioclient-0.6.4/src/ya_market/test/__pycache__/test_demand.cpython-38-pytest-5.4.3.pyc,cpython-38,3413,True,4,pylingual_decompilable,decompyle3,exit_2,tool_exit,"decompyle3:exit_2:Traceback (most recent call last): File ""/root/PyBC-Sec/pybcSEC/data/rq2/envs/cpython-38/lib/python3.8/site-packages/xdis/load.py"", line 328, in load_module_from_file_object co = marshal.loads(bytecode) ValueError: bad marshal data (unkn..."
9a4099cce6a3,ya-aioclient-0.6.4-cpython-38-9a4099cce6a3.pyc,copied,,ya-aioclient-0.6.4.tar.gz,ya-aioclient,0.6.4,tar,ya-aioclient-0.6.4/src/ya_market/test/__pycache__/test_demand_all_of.cpython-38-pytest-5.4.3.pyc,cpython-38,3413,True,4,pylingual_decompilable,decompyle3,exit_2,tool_exit,"decompyle3:exit_2:Traceback (most recent call last): File ""/root/PyBC-Sec/pybcSEC/data/rq2/envs/cpython-38/lib/python3.8/site-packages/xdis/load.py"", line 328, in load_module_from_file_object co = marshal.loads(bytecode) ValueError: bad marshal data (unkn..."
95aeb95a3a58,ya-aioclient-0.6.4-cpython-38-95aeb95a3a58.pyc,copied,,ya-aioclient-0.6.4.tar.gz,ya-aioclient,0.6.4,tar,ya-aioclient-0.6.4/src/ya_market/test/__pycache__/test_demand_offer_base.cpython-38-pytest-5.4.3.pyc,cpython-38,3413,True,4,pylingual_decompilable,decompyle3,exit_2,tool_exit,"decompyle3:exit_2:Traceback (most recent call last): File ""/root/PyBC-Sec/pybcSEC/data/rq2/envs/cpython-38/lib/python3.8/site-packages/xdis/load.py"", line 328, in load_module_from_file_object co = marshal.loads(bytecode) ValueError: bad marshal data (unkn..."
541f86fb5c8e,ya-aioclient-0.6.4-cpython-38-541f86fb5c8e.pyc,copied,,ya-aioclient-0.6.4.tar.gz,ya-aioclient,0.6.4,tar,ya-aioclient-0.6.4/src/ya_market/test/__pycache__/test_error_message.cpython-38-pytest-5.4.3.pyc,cpython-38,3413,True,4,pylingual_decompilable,decompyle3,exit_2,tool_exit,"decompyle3:exit_2:Traceback (most recent call last): File ""/root/PyBC-Sec/pybcSEC/data/rq2/envs/cpython-38/lib/python3.8/site-packages/xdis/load.py"", line 328, in load_module_from_file_object co = marshal.loads(bytecode) ValueError: bad marshal data (unkn..."
35031b2283d8,ya-aioclient-0.6.4-cpython-38-35031b2283d8.pyc,copied,,ya-aioclient-0.6.4.tar.gz,ya-aioclient,0.6.4,tar,ya-aioclient-0.6.4/src/ya_market/test/__pycache__/test_event.cpython-38-pytest-5.4.3.pyc,cpython-38,3413,True,4,pylingual_decompilable,decompyle3,exit_2,tool_exit,"decompyle3:exit_2:Traceback (most recent call last): File ""/root/PyBC-Sec/pybcSEC/data/rq2/envs/cpython-38/lib/python3.8/site-packages/xdis/load.py"", line 328, in load_module_from_file_object co = marshal.loads(bytecode) ValueError: bad marshal data (unkn..."
7c674ba9e356,ya-aioclient-0.6.4-cpython-38-7c674ba9e356.pyc,copied,,ya-aioclient-0.6.4.tar.gz,ya-aioclient,0.6.4,tar,ya-aioclient-0.6.4/src/ya_market/test/__pycache__/test_offer.cpython-38-pytest-5.4.3.pyc,cpython-38,3413,True,4,pylingual_decompilable,decompyle3,exit_2,tool_exit,"decompyle3:exit_2:Traceback (most recent call last): File ""/root/PyBC-Sec/pybcSEC/data/rq2/envs/cpython-38/lib/python3.8/site-packages/xdis/load.py"", line 328, in load_module_from_file_object co = marshal.loads(bytecode) ValueError: bad marshal data (unkn..."
8029317ddf38,ya-aioclient-0.6.4-cpython-38-8029317ddf38.pyc,copied,,ya-aioclient-0.6.4.tar.gz,ya-aioclient,0.6.4,tar,ya-aioclient-0.6.4/src/ya_market/test/__pycache__/test_offer_all_of.cpython-38-pytest-5.4.3.pyc,cpython-38,3413,True,4,pylingual_decompilable,decompyle3,exit_2,tool_exit,"decompyle3:exit_2:Traceback (most recent call last): File ""/root/PyBC-Sec/pybcSEC/data/rq2/envs/cpython-38/lib/python3.8/site-packages/xdis/load.py"", line 328, in load_module_from_file_object co = marshal.loads(bytecode) ValueError: bad marshal data (unkn..."
c1140c88367f,ya-aioclient-0.6.4-cpython-38-c1140c88367f.pyc,copied,,ya-aioclient-0.6.4.tar.gz,ya-aioclient,0.6.4,tar,ya-aioclient-0.6.4/src/ya_market/test/__pycache__/test_property_query.cpython-38-pytest-5.4.3.pyc,cpython-38,3413,True,4,pylingual_decompilable,decompyle3,exit_2,tool_exit,"decompyle3:exit_2:Traceback (most recent call last): File ""/root/PyBC-Sec/pybcSEC/data/rq2/envs/cpython-38/lib/python3.8/site-packages/xdis/load.py"", line 328, in load_module_from_file_object co = marshal.loads(bytecode) ValueError: bad marshal data (unkn..."
4dd195ec5b69,ya-aioclient-0.6.4-cpython-38-4dd195ec5b69.pyc,copied,,ya-aioclient-0.6.4.tar.gz,ya-aioclient,0.6.4,tar,ya-aioclient-0.6.4/src/ya_market/test/__pycache__/test_property_query_event.cpython-38-pytest-5.4.3.pyc,cpython-38,3413,True,4,pylingual_decompilable,decompyle3,exit_2,tool_exit,"decompyle3:exit_2:Traceback (most recent call last): File ""/root/PyBC-Sec/pybcSEC/data/rq2/envs/cpython-38/lib/python3.8/site-packages/xdis/load.py"", line 328, in load_module_from_file_object co = marshal.loads(bytecode) ValueError: bad marshal data (unkn..."
fbd00d2de89d,ya-aioclient-0.6.4-cpython-38-fbd00d2de89d.pyc,copied,,ya-aioclient-0.6.4.tar.gz,ya-aioclient,0.6.4,tar,ya-aioclient-0.6.4/src/ya_market/test/__pycache__/test_property_query_event_all_of.cpython-38-pytest-5.4.3.pyc,cpython-38,3413,True,4,pylingual_decompilable,decompyle3,exit_2,tool_exit,"decompyle3:exit_2:Traceback (most recent call last): File ""/root/PyBC-Sec/pybcSEC/data/rq2/envs/cpython-38/lib/python3.8/site-packages/xdis/load.py"", line 328, in load_module_from_file_object co = marshal.loads(bytecode) ValueError: bad marshal data (unkn..."
a0ede16254d2,ya-aioclient-0.6.4-cpython-38-a0ede16254d2.pyc,copied,,ya-aioclient-0.6.4.tar.gz,ya-aioclient,0.6.4,tar,ya-aioclient-0.6.4/src/ya_market/test/__pycache__/test_proposal.cpython-38-pytest-5.4.3.pyc,cpython-38,3413,True,4,pylingual_decompilable,decompyle3,exit_2,tool_exit,"decompyle3:exit_2:Traceback (most recent call last): File ""/root/PyBC-Sec/pybcSEC/data/rq2/envs/cpython-38/lib/python3.8/site-packages/xdis/load.py"", line 328, in load_module_from_file_object co = marshal.loads(bytecode) ValueError: bad marshal data (unkn..."
8a880053604c,ya-aioclient-0.6.4-cpython-38-8a880053604c.pyc,copied,,ya-aioclient-0.6.4.tar.gz,ya-aioclient,0.6.4,tar,ya-aioclient-0.6.4/src/ya_market/test/__pycache__/test_proposal_all_of.cpython-38-pytest-5.4.3.pyc,cpython-38,3413,True,4,pylingual_decompilable,decompyle3,exit_2,tool_exit,"decompyle3:exit_2:Traceback (most recent call last): File ""/root/PyBC-Sec/pybcSEC/data/rq2/envs/cpython-38/lib/python3.8/site-packages/xdis/load.py"", line 328, in load_module_from_file_object co = marshal.loads(bytecode) ValueError: bad marshal data (unkn..."
769738ed259d,ya-aioclient-0.6.4-cpython-38-769738ed259d.pyc,copied,,ya-aioclient-0.6.4.tar.gz,ya-aioclient,0.6.4,tar,ya-aioclient-0.6.4/src/ya_market/test/__pycache__/test_proposal_event.cpython-38-pytest-5.4.3.pyc,cpython-38,3413,True,4,pylingual_decompilable,decompyle3,exit_2,tool_exit,"decompyle3:exit_2:Traceback (most recent call last): File ""/root/PyBC-Sec/pybcSEC/data/rq2/envs/cpython-38/lib/python3.8/site-packages/xdis/load.py"", line 328, in load_module_from_file_object co = marshal.loads(bytecode) ValueError: bad marshal data (unkn..."
265bc724f800,ya-aioclient-0.6.4-cpython-38-265bc724f800.pyc,copied,,ya-aioclient-0.6.4.tar.gz,ya-aioclient,0.6.4,tar,ya-aioclient-0.6.4/src/ya_market/test/__pycache__/test_proposal_event_all_of.cpython-38-pytest-5.4.3.pyc,cpython-38,3413,True,4,pylingual_decompilable,decompyle3,exit_2,tool_exit,"decompyle3:exit_2:Traceback (most recent call last): File ""/root/PyBC-Sec/pybcSEC/data/rq2/envs/cpython-38/lib/python3.8/site-packages/xdis/load.py"", line 328, in load_module_from_file_object co = marshal.loads(bytecode) ValueError: bad marshal data (unkn..."
2af96776f825,ya-aioclient-0.6.4-cpython-38-2af96776f825.pyc,copied,,ya-aioclient-0.6.4.tar.gz,ya-aioclient,0.6.4,tar,ya-aioclient-0.6.4/src/ya_market/test/__pycache__/test_proposal_rejected_event.cpython-38-pytest-5.4.3.pyc,cpython-38,3413,True,4,pylingual_decompilable,decompyle3,exit_2,tool_exit,"decompyle3:exit_2:Traceback (most recent call last): File ""/root/PyBC-Sec/pybcSEC/data/rq2/envs/cpython-38/lib/python3.8/site-packages/xdis/load.py"", line 328, in load_module_from_file_object co = marshal.loads(bytecode) ValueError: bad marshal data (unkn..."
8e51624c61f7,ya-aioclient-0.6.4-cpython-38-8e51624c61f7.pyc,copied,,ya-aioclient-0.6.4.tar.gz,ya-aioclient,0.6.4,tar,ya-aioclient-0.6.4/src/ya_market/test/__pycache__/test_proposal_rejected_event_all_of.cpython-38-pytest-5.4.3.pyc,cpython-38,3413,True,4,pylingual_decompilable,decompyle3,exit_2,tool_exit,"decompyle3:exit_2:Traceback (most recent call last): File ""/root/PyBC-Sec/pybcSEC/data/rq2/envs/cpython-38/lib/python3.8/site-packages/xdis/load.py"", line 328, in load_module_from_file_object co = marshal.loads(bytecode) ValueError: bad marshal data (unkn..."
69ea00595261,ya-aioclient-0.6.4-cpython-38-69ea00595261.pyc,copied,,ya-aioclient-0.6.4.tar.gz,ya-aioclient,0.6.4,tar,ya-aioclient-0.6.4/src/ya_market/test/__pycache__/test_provider_api.cpython-38-pytest-5.4.3.pyc,cpython-38,3413,True,4,pylingual_decompilable,decompyle3,exit_2,tool_exit,"decompyle3:exit_2:Traceback (most recent call last): File ""/root/PyBC-Sec/pybcSEC/data/rq2/envs/cpython-38/lib/python3.8/site-packages/xdis/load.py"", line 328, in load_module_from_file_object co = marshal.loads(bytecode) ValueError: bad marshal data (unkn..."
27819202566c,ya-aioclient-0.6.4-cpython-38-27819202566c.pyc,copied,,ya-aioclient-0.6.4.tar.gz,ya-aioclient,0.6.4,tar,ya-aioclient-0.6.4/src/ya_market/test/__pycache__/test_reason.cpython-38-pytest-5.4.3.pyc,cpython-38,3413,True,4,pylingual_decompilable,decompyle3,exit_2,tool_exit,"decompyle3:exit_2:Traceback (most recent call last): File ""/root/PyBC-Sec/pybcSEC/data/rq2/envs/cpython-38/lib/python3.8/site-packages/xdis/load.py"", line 328, in load_module_from_file_object co = marshal.loads(bytecode) ValueError: bad marshal data (unkn..."
ab81c5c1ac4a,ya-aioclient-0.6.4-cpython-38-ab81c5c1ac4a.pyc,copied,,ya-aioclient-0.6.4.tar.gz,ya-aioclient,0.6.4,tar,ya-aioclient-0.6.4/src/ya_market/test/__pycache__/test_requestor_api.cpython-38-pytest-5.4.3.pyc,cpython-38,3413,True,4,pylingual_decompilable,decompyle3,exit_2,tool_exit,"decompyle3:exit_2:Traceback (most recent call last): File ""/root/PyBC-Sec/pybcSEC/data/rq2/envs/cpython-38/lib/python3.8/site-packages/xdis/load.py"", line 328, in load_module_from_file_object co = marshal.loads(bytecode) ValueError: bad marshal data (unkn..."
064be20ec116,ya-aioclient-0.6.4-cpython-38-064be20ec116.pyc,copied,,ya-aioclient-0.6.4.tar.gz,ya-aioclient,0.6.4,tar,ya-aioclient-0.6.4/src/ya_net/test/__pycache__/test_address.cpython-38-pytest-5.4.3.pyc,cpython-38,3413,True,4,pylingual_decompilable,decompyle3,exit_2,tool_exit,"decompyle3:exit_2:Traceback (most recent call last): File ""/root/PyBC-Sec/pybcSEC/data/rq2/envs/cpython-38/lib/python3.8/site-packages/xdis/load.py"", line 328, in load_module_from_file_object co = marshal.loads(bytecode) ValueError: bad marshal data (unkn..."
75fed266e785,ya-aioclient-0.6.4-cpython-38-75fed266e785.pyc,copied,,ya-aioclient-0.6.4.tar.gz,ya-aioclient,0.6.4,tar,ya-aioclient-0.6.4/src/ya_net/test/__pycache__/test_connection.cpython-38-pytest-5.4.3.pyc,cpython-38,3413,True,4,pylingual_decompilable,decompyle3,exit_2,tool_exit,"decompyle3:exit_2:Traceback (most recent call last): File ""/root/PyBC-Sec/pybcSEC/data/rq2/envs/cpython-38/lib/python3.8/site-packages/xdis/load.py"", line 328, in load_module_from_file_object co = marshal.loads(bytecode) ValueError: bad marshal data (unkn..."
033e37984a78,ya-aioclient-0.6.4-cpython-38-033e37984a78.pyc,copied,,ya-aioclient-0.6.4.tar.gz,ya-aioclient,0.6.4,tar,ya-aioclient-0.6.4/src/ya_net/test/__pycache__/test_error_message.cpython-38-pytest-5.4.3.pyc,cpython-38,3413,True,4,pylingual_decompilable,decompyle3,exit_2,tool_exit,"decompyle3:exit_2:Traceback (most recent call last): File ""/root/PyBC-Sec/pybcSEC/data/rq2/envs/cpython-38/lib/python3.8/site-packages/xdis/load.py"", line 328, in load_module_from_file_object co = marshal.loads(bytecode) ValueError: bad marshal data (unkn..."
6450f81758f4,ya-aioclient-0.6.4-cpython-38-6450f81758f4.pyc,copied,,ya-aioclient-0.6.4.tar.gz,ya-aioclient,0.6.4,tar,ya-aioclient-0.6.4/src/ya_net/test/__pycache__/test_network.cpython-38-pytest-5.4.3.pyc,cpython-38,3413,True,4,pylingual_decompilable,decompyle3,exit_2,tool_exit,"decompyle3:exit_2:Traceback (most recent call last): File ""/root/PyBC-Sec/pybcSEC/data/rq2/envs/cpython-38/lib/python3.8/site-packages/xdis/load.py"", line 328, in load_module_from_file_object co = marshal.loads(bytecode) ValueError: bad marshal data (unkn..."
c4414d6c7379,ya-aioclient-0.6.4-cpython-38-c4414d6c7379.pyc,copied,,ya-aioclient-0.6.4.tar.gz,ya-aioclient,0.6.4,tar,ya-aioclient-0.6.4/src/ya_net/test/__pycache__/test_node.cpython-38-pytest-5.4.3.pyc,cpython-38,3413,True,4,pylingual_decompilable,decompyle3,exit_2,tool_exit,"decompyle3:exit_2:Traceback (most recent call last): File ""/root/PyBC-Sec/pybcSEC/data/rq2/envs/cpython-38/lib/python3.8/site-packages/xdis/load.py"", line 328, in load_module_from_file_object co = marshal.loads(bytecode) ValueError: bad marshal data (unkn..."
e2940d3d9261,ya-aioclient-0.6.4-cpython-38-e2940d3d9261.pyc,copied,,ya-aioclient-0.6.4.tar.gz,ya-aioclient,0.6.4,tar,ya-aioclient-0.6.4/src/ya_net/test/__pycache__/test_requestor_api.cpython-38-pytest-5.4.3.pyc,cpython-38,3413,True,4,pylingual_decompilable,decompyle3,exit_2,tool_exit,"decompyle3:exit_2:Traceback (most recent call last): File ""/root/PyBC-Sec/pybcSEC/data/rq2/envs/cpython-38/lib/python3.8/site-packages/xdis/load.py"", line 328, in load_module_from_file_object co = marshal.loads(bytecode) ValueError: bad marshal data (unkn..."
04d025870016,ya-aioclient-0.6.4-cpython-38-04d025870016.pyc,copied,,ya-aioclient-0.6.4.tar.gz,ya-aioclient,0.6.4,tar,ya-aioclient-0.6.4/src/ya_payment/test/__pycache__/test_acceptance.cpython-38-pytest-5.4.3.pyc,cpython-38,3413,True,4,pylingual_decompilable,decompyle3,exit_2,tool_exit,"decompyle3:exit_2:Traceback (most recent call last): File ""/root/PyBC-Sec/pybcSEC/data/rq2/envs/cpython-38/lib/python3.8/site-packages/xdis/load.py"", line 328, in load_module_from_file_object co = marshal.loads(bytecode) ValueError: bad marshal data (unkn..."
1c17063123ad,ya-aioclient-0.6.4-cpython-38-1c17063123ad.pyc,copied,,ya-aioclient-0.6.4.tar.gz,ya-aioclient,0.6.4,tar,ya-aioclient-0.6.4/src/ya_payment/test/__pycache__/test_account.cpython-38-pytest-5.4.3.pyc,cpython-38,3413,True,4,pylingual_decompilable,decompyle3,exit_2,tool_exit,"decompyle3:exit_2:Traceback (most recent call last): File ""/root/PyBC-Sec/pybcSEC/data/rq2/envs/cpython-38/lib/python3.8/site-packages/xdis/load.py"", line 328, in load_module_from_file_object co = marshal.loads(bytecode) ValueError: bad marshal data (unkn..."
a75c16f2ea87,ya-aioclient-0.6.4-cpython-38-a75c16f2ea87.pyc,copied,,ya-aioclient-0.6.4.tar.gz,ya-aioclient,0.6.4,tar,ya-aioclient-0.6.4/src/ya_payment/test/__pycache__/test_activity_payment.cpython-38-pytest-5.4.3.pyc,cpython-38,3413,True,4,pylingual_decompilable,decompyle3,exit_2,tool_exit,"decompyle3:exit_2:Traceback (most recent call last): File ""/root/PyBC-Sec/pybcSEC/data/rq2/envs/cpython-38/lib/python3.8/site-packages/xdis/load.py"", line 328, in load_module_from_file_object co = marshal.loads(bytecode) ValueError: bad marshal data (unkn..."
ccb8cff766a7,ya-aioclient-0.6.4-cpython-38-ccb8cff766a7.pyc,copied,,ya-aioclient-0.6.4.tar.gz,ya-aioclient,0.6.4,tar,ya-aioclient-0.6.4/src/ya_payment/test/__pycache__/test_agreement_payment.cpython-38-pytest-5.4.3.pyc,cpython-38,3413,True,4,pylingual_decompilable,decompyle3,exit_2,tool_exit,"decompyle3:exit_2:Traceback (most recent call last): File ""/root/PyBC-Sec/pybcSEC/data/rq2/envs/cpython-38/lib/python3.8/site-packages/xdis/load.py"", line 328, in load_module_from_file_object co = marshal.loads(bytecode) ValueError: bad marshal data (unkn..."
b6c5e91b36c3,ya-aioclient-0.6.4-cpython-38-b6c5e91b36c3.pyc,copied,,ya-aioclient-0.6.4.tar.gz,ya-aioclient,0.6.4,tar,ya-aioclient-0.6.4/src/ya_payment/test/__pycache__/test_allocation.cpython-38-pytest-5.4.3.pyc,cpython-38,3413,True,4,pylingual_decompilable,decompyle3,exit_2,tool_exit,"decompyle3:exit_2:Traceback (most recent call last): File ""/root/PyBC-Sec/pybcSEC/data/rq2/envs/cpython-38/lib/python3.8/site-packages/xdis/load.py"", line 328, in load_module_from_file_object co = marshal.loads(bytecode) ValueError: bad marshal data (unkn..."
973a72fc1017,ya-aioclient-0.6.4-cpython-38-973a72fc1017.pyc,copied,,ya-aioclient-0.6.4.tar.gz,ya-aioclient,0.6.4,tar,ya-aioclient-0.6.4/src/ya_payment/test/__pycache__/test_debit_note.cpython-38-pytest-5.4.3.pyc,cpython-38,3413,True,4,pylingual_decompilable,decompyle3,exit_2,tool_exit,"decompyle3:exit_2:Traceback (most recent call last): File ""/root/PyBC-Sec/pybcSEC/data/rq2/envs/cpython-38/lib/python3.8/site-packages/xdis/load.py"", line 328, in load_module_from_file_object co = marshal.loads(bytecode) ValueError: bad marshal data (unkn..."
c57390bf4a7e,ya-aioclient-0.6.4-cpython-38-c57390bf4a7e.pyc,copied,,ya-aioclient-0.6.4.tar.gz,ya-aioclient,0.6.4,tar,ya-aioclient-0.6.4/src/ya_payment/test/__pycache__/test_debit_note_accepted_event.cpython-38-pytest-5.4.3.pyc,cpython-38,3413,True,4,pylingual_decompilable,decompyle3,exit_2,tool_exit,"decompyle3:exit_2:Traceback (most recent call last): File ""/root/PyBC-Sec/pybcSEC/data/rq2/envs/cpython-38/lib/python3.8/site-packages/xdis/load.py"", line 328, in load_module_from_file_object co = marshal.loads(bytecode) ValueError: bad marshal data (unkn..."
23f2f495e1c1,ya-aioclient-0.6.4-cpython-38-23f2f495e1c1.pyc,copied,,ya-aioclient-0.6.4.tar.gz,ya-aioclient,0.6.4,tar,ya-aioclient-0.6.4/src/ya_payment/test/__pycache__/test_debit_note_cancelled_event.cpython-38-pytest-5.4.3.pyc,cpython-38,3413,True,4,pylingual_decompilable,decompyle3,exit_2,tool_exit,"decompyle3:exit_2:Traceback (most recent call last): File ""/root/PyBC-Sec/pybcSEC/data/rq2/envs/cpython-38/lib/python3.8/site-packages/xdis/load.py"", line 328, in load_module_from_file_object co = marshal.loads(bytecode) ValueError: bad marshal data (unkn..."
943aca7144ef,ya-aioclient-0.6.4-cpython-38-943aca7144ef.pyc,copied,,ya-aioclient-0.6.4.tar.gz,ya-aioclient,0.6.4,tar,ya-aioclient-0.6.4/src/ya_payment/test/__pycache__/test_debit_note_event.cpython-38-pytest-5.4.3.pyc,cpython-38,3413,True,4,pylingual_decompilable,decompyle3,exit_2,tool_exit,"decompyle3:exit_2:Traceback (most recent call last): File ""/root/PyBC-Sec/pybcSEC/data/rq2/envs/cpython-38/lib/python3.8/site-packages/xdis/load.py"", line 328, in load_module_from_file_object co = marshal.loads(bytecode) ValueError: bad marshal data (unkn..."
33811e4d7dff,ya-aioclient-0.6.4-cpython-38-33811e4d7dff.pyc,copied,,ya-aioclient-0.6.4.tar.gz,ya-aioclient,0.6.4,tar,ya-aioclient-0.6.4/src/ya_payment/test/__pycache__/test_debit_note_failed_event.cpython-38-pytest-5.4.3.pyc,cpython-38,3413,True,4,pylingual_decompilable,decompyle3,exit_2,tool_exit,"decompyle3:exit_2:Traceback (most recent call last): File ""/root/PyBC-Sec/pybcSEC/data/rq2/envs/cpython-38/lib/python3.8/site-packages/xdis/load.py"", line 328, in load_module_from_file_object co = marshal.loads(bytecode) ValueError: bad marshal data (unkn..."
2f44e2cb9e10,ya-aioclient-0.6.4-cpython-38-2f44e2cb9e10.pyc,copied,,ya-aioclient-0.6.4.tar.gz,ya-aioclient,0.6.4,tar,ya-aioclient-0.6.4/src/ya_payment/test/__pycache__/test_debit_note_received_event.cpython-38-pytest-5.4.3.pyc,cpython-38,3413,True,4,pylingual_decompilable,decompyle3,exit_2,tool_exit,"decompyle3:exit_2:Traceback (most recent call last): File ""/root/PyBC-Sec/pybcSEC/data/rq2/envs/cpython-38/lib/python3.8/site-packages/xdis/load.py"", line 328, in load_module_from_file_object co = marshal.loads(bytecode) ValueError: bad marshal data (unkn..."
e8f6c91c0aae,ya-aioclient-0.6.4-cpython-38-e8f6c91c0aae.pyc,copied,,ya-aioclient-0.6.4.tar.gz,ya-aioclient,0.6.4,tar,ya-aioclient-0.6.4/src/ya_payment/test/__pycache__/test_debit_note_received_event_all_of.cpython-38-pytest-5.4.3.pyc,cpython-38,3413,True,4,pylingual_decompilable,decompyle3,exit_2,tool_exit,"decompyle3:exit_2:Traceback (most recent call last): File ""/root/PyBC-Sec/pybcSEC/data/rq2/envs/cpython-38/lib/python3.8/site-packages/xdis/load.py"", line 328, in load_module_from_file_object co = marshal.loads(bytecode) ValueError: bad marshal data (unkn..."
ec3922ee68be,ya-aioclient-0.6.4-cpython-38-ec3922ee68be.pyc,copied,,ya-aioclient-0.6.4.tar.gz,ya-aioclient,0.6.4,tar,ya-aioclient-0.6.4/src/ya_payment/test/__pycache__/test_debit_note_rejected_event.cpython-38-pytest-5.4.3.pyc,cpython-38,3413,True,4,pylingual_decompilable,decompyle3,exit_2,tool_exit,"decompyle3:exit_2:Traceback (most recent call last): File ""/root/PyBC-Sec/pybcSEC/data/rq2/envs/cpython-38/lib/python3.8/site-packages/xdis/load.py"", line 328, in load_module_from_file_object co = marshal.loads(bytecode) ValueError: bad marshal data (unkn..."
682a78466ff3,ya-aioclient-0.6.4-cpython-38-682a78466ff3.pyc,copied,,ya-aioclient-0.6.4.tar.gz,ya-aioclient,0.6.4,tar,ya-aioclient-0.6.4/src/ya_payment/test/__pycache__/test_debit_note_rejected_event_all_of.cpython-38-pytest-5.4.3.pyc,cpython-38,3413,True,4,pylingual_decompilable,decompyle3,exit_2,tool_exit,"decompyle3:exit_2:Traceback (most recent call last): File ""/root/PyBC-Sec/pybcSEC/data/rq2/envs/cpython-38/lib/python3.8/site-packages/xdis/load.py"", line 328, in load_module_from_file_object co = marshal.loads(bytecode) ValueError: bad marshal data (unkn..."
000213702699,ya-aioclient-0.6.4-cpython-38-000213702699.pyc,copied,,ya-aioclient-0.6.4.tar.gz,ya-aioclient,0.6.4,tar,ya-aioclient-0.6.4/src/ya_payment/test/__pycache__/test_debit_note_settled_event.cpython-38-pytest-5.4.3.pyc,cpython-38,3413,True,4,pylingual_decompilable,decompyle3,exit_2,tool_exit,"decompyle3:exit_2:Traceback (most recent call last): File ""/root/PyBC-Sec/pybcSEC/data/rq2/envs/cpython-38/lib/python3.8/site-packages/xdis/load.py"", line 328, in load_module_from_file_object co = marshal.loads(bytecode) ValueError: bad marshal data (unkn..."
e5a79c181397,ya-aioclient-0.6.4-cpython-38-e5a79c181397.pyc,copied,,ya-aioclient-0.6.4.tar.gz,ya-aioclient,0.6.4,tar,ya-aioclient-0.6.4/src/ya_payment/test/__pycache__/test_error_message.cpython-38-pytest-5.4.3.pyc,cpython-38,3413,True,4,pylingual_decompilable,decompyle3,exit_2,tool_exit,"decompyle3:exit_2:Traceback (most recent call last): File ""/root/PyBC-Sec/pybcSEC/data/rq2/envs/cpython-38/lib/python3.8/site-packages/xdis/load.py"", line 328, in load_module_from_file_object co = marshal.loads(bytecode) ValueError: bad marshal data (unkn..."
f88fad8c2b5c,ya-aioclient-0.6.4-cpython-38-f88fad8c2b5c.pyc,copied,,ya-aioclient-0.6.4.tar.gz,ya-aioclient,0.6.4,tar,ya-aioclient-0.6.4/src/ya_payment/test/__pycache__/test_invoice.cpython-38-pytest-5.4.3.pyc,cpython-38,3413,True,4,pylingual_decompilable,decompyle3,exit_2,tool_exit,"decompyle3:exit_2:Traceback (most recent call last): File ""/root/PyBC-Sec/pybcSEC/data/rq2/envs/cpython-38/lib/python3.8/site-packages/xdis/load.py"", line 328, in load_module_from_file_object co = marshal.loads(bytecode) ValueError: bad marshal data (unkn..."
cd395e5c5b71,ya-aioclient-0.6.4-cpython-38-cd395e5c5b71.pyc,copied,,ya-aioclient-0.6.4.tar.gz,ya-aioclient,0.6.4,tar,ya-aioclient-0.6.4/src/ya_payment/test/__pycache__/test_invoice_accepted_event.cpython-38-pytest-5.4.3.pyc,cpython-38,3413,True,4,pylingual_decompilable,decompyle3,exit_2,tool_exit,"decompyle3:exit_2:Traceback (most recent call last): File ""/root/PyBC-Sec/pybcSEC/data/rq2/envs/cpython-38/lib/python3.8/site-packages/xdis/load.py"", line 328, in load_module_from_file_object co = marshal.loads(bytecode) ValueError: bad marshal data (unkn..."
3e4752382474,ya-aioclient-0.6.4-cpython-38-3e4752382474.pyc,copied,,ya-aioclient-0.6.4.tar.gz,ya-aioclient,0.6.4,tar,ya-aioclient-0.6.4/src/ya_payment/test/__pycache__/test_invoice_cancelled_event.cpython-38-pytest-5.4.3.pyc,cpython-38,3413,True,4,pylingual_decompilable,decompyle3,exit_2,tool_exit,"decompyle3:exit_2:Traceback (most recent call last): File ""/root/PyBC-Sec/pybcSEC/data/rq2/envs/cpython-38/lib/python3.8/site-packages/xdis/load.py"", line 328, in load_module_from_file_object co = marshal.loads(bytecode) ValueError: bad marshal data (unkn..."
76d5325e1bdf,ya-aioclient-0.6.4-cpython-38-76d5325e1bdf.pyc,copied,,ya-aioclient-0.6.4.tar.gz,ya-aioclient,0.6.4,tar,ya-aioclient-0.6.4/src/ya_payment/test/__pycache__/test_invoice_event.cpython-38-pytest-5.4.3.pyc,cpython-38,3413,True,4,pylingual_decompilable,decompyle3,exit_2,tool_exit,"decompyle3:exit_2:Traceback (most recent call last): File ""/root/PyBC-Sec/pybcSEC/data/rq2/envs/cpython-38/lib/python3.8/site-packages/xdis/load.py"", line 328, in load_module_from_file_object co = marshal.loads(bytecode) ValueError: bad marshal data (unkn..."
8a3785b9e508,ya-aioclient-0.6.4-cpython-38-8a3785b9e508.pyc,copied,,ya-aioclient-0.6.4.tar.gz,ya-aioclient,0.6.4,tar,ya-aioclient-0.6.4/src/ya_payment/test/__pycache__/test_invoice_failed_event.cpython-38-pytest-5.4.3.pyc,cpython-38,3413,True,4,pylingual_decompilable,decompyle3,exit_2,tool_exit,"decompyle3:exit_2:Traceback (most recent call last): File ""/root/PyBC-Sec/pybcSEC/data/rq2/envs/cpython-38/lib/python3.8/site-packages/xdis/load.py"", line 328, in load_module_from_file_object co = marshal.loads(bytecode) ValueError: bad marshal data (unkn..."
1cd0db3a3cab,ya-aioclient-0.6.4-cpython-38-1cd0db3a3cab.pyc,copied,,ya-aioclient-0.6.4.tar.gz,ya-aioclient,0.6.4,tar,ya-aioclient-0.6.4/src/ya_payment/test/__pycache__/test_invoice_received_event.cpython-38-pytest-5.4.3.pyc,cpython-38,3413,True,4,pylingual_decompilable,decompyle3,exit_2,tool_exit,"decompyle3:exit_2:Traceback (most recent call last): File ""/root/PyBC-Sec/pybcSEC/data/rq2/envs/cpython-38/lib/python3.8/site-packages/xdis/load.py"", line 328, in load_module_from_file_object co = marshal.loads(bytecode) ValueError: bad marshal data (unkn..."
d8e79a8938bb,ya-aioclient-0.6.4-cpython-38-d8e79a8938bb.pyc,copied,,ya-aioclient-0.6.4.tar.gz,ya-aioclient,0.6.4,tar,ya-aioclient-0.6.4/src/ya_payment/test/__pycache__/test_invoice_received_event_all_of.cpython-38-pytest-5.4.3.pyc,cpython-38,3413,True,4,pylingual_decompilable,decompyle3,exit_2,tool_exit,"decompyle3:exit_2:Traceback (most recent call last): File ""/root/PyBC-Sec/pybcSEC/data/rq2/envs/cpython-38/lib/python3.8/site-packages/xdis/load.py"", line 328, in load_module_from_file_object co = marshal.loads(bytecode) ValueError: bad marshal data (unkn..."
1065f1b12e8f,ya-aioclient-0.6.4-cpython-38-1065f1b12e8f.pyc,copied,,ya-aioclient-0.6.4.tar.gz,ya-aioclient,0.6.4,tar,ya-aioclient-0.6.4/src/ya_payment/test/__pycache__/test_invoice_rejected_event.cpython-38-pytest-5.4.3.pyc,cpython-38,3413,True,4,pylingual_decompilable,decompyle3,exit_2,tool_exit,"decompyle3:exit_2:Traceback (most recent call last): File ""/root/PyBC-Sec/pybcSEC/data/rq2/envs/cpython-38/lib/python3.8/site-packages/xdis/load.py"", line 328, in load_module_from_file_object co = marshal.loads(bytecode) ValueError: bad marshal data (unkn..."
34923ee6f142,ya-aioclient-0.6.4-cpython-38-34923ee6f142.pyc,copied,,ya-aioclient-0.6.4.tar.gz,ya-aioclient,0.6.4,tar,ya-aioclient-0.6.4/src/ya_payment/test/__pycache__/test_invoice_rejected_event_all_of.cpython-38-pytest-5.4.3.pyc,cpython-38,3413,True,4,pylingual_decompilable,decompyle3,exit_2,tool_exit,"decompyle3:exit_2:Traceback (most recent call last): File ""/root/PyBC-Sec/pybcSEC/data/rq2/envs/cpython-38/lib/python3.8/site-packages/xdis/load.py"", line 328, in load_module_from_file_object co = marshal.loads(bytecode) ValueError: bad marshal data (unkn..."
f3d516af37a1,ya-aioclient-0.6.4-cpython-38-f3d516af37a1.pyc,copied,,ya-aioclient-0.6.4.tar.gz,ya-aioclient,0.6.4,tar,ya-aioclient-0.6.4/src/ya_payment/test/__pycache__/test_invoice_settled_event.cpython-38-pytest-5.4.3.pyc,cpython-38,3413,True,4,pylingual_decompilable,decompyle3,exit_2,tool_exit,"decompyle3:exit_2:Traceback (most recent call last): File ""/root/PyBC-Sec/pybcSEC/data/rq2/envs/cpython-38/lib/python3.8/site-packages/xdis/load.py"", line 328, in load_module_from_file_object co = marshal.loads(bytecode) ValueError: bad marshal data (unkn..."
53bc21a70545,ya-aioclient-0.6.4-cpython-38-53bc21a70545.pyc,copied,,ya-aioclient-0.6.4.tar.gz,ya-aioclient,0.6.4,tar,ya-aioclient-0.6.4/src/ya_payment/test/__pycache__/test_invoice_status.cpython-38-pytest-5.4.3.pyc,cpython-38,3413,True,4,pylingual_decompilable,decompyle3,exit_2,tool_exit,"decompyle3:exit_2:Traceback (most recent call last): File ""/root/PyBC-Sec/pybcSEC/data/rq2/envs/cpython-38/lib/python3.8/site-packages/xdis/load.py"", line 328, in load_module_from_file_object co = marshal.loads(bytecode) ValueError: bad marshal data (unkn..."
2c3b3f0febda,ya-aioclient-0.6.4-cpython-38-2c3b3f0febda.pyc,copied,,ya-aioclient-0.6.4.tar.gz,ya-aioclient,0.6.4,tar,ya-aioclient-0.6.4/src/ya_payment/test/__pycache__/test_market_decoration.cpython-38-pytest-5.4.3.pyc,cpython-38,3413,True,4,pylingual_decompilable,decompyle3,exit_2,tool_exit,"decompyle3:exit_2:Traceback (most recent call last): File ""/root/PyBC-Sec/pybcSEC/data/rq2/envs/cpython-38/lib/python3.8/site-packages/xdis/load.py"", line 328, in load_module_from_file_object co = marshal.loads(bytecode) ValueError: bad marshal data (unkn..."
d8fe5c508ead,ya-aioclient-0.6.4-cpython-38-d8fe5c508ead.pyc,copied,,ya-aioclient-0.6.4.tar.gz,ya-aioclient,0.6.4,tar,ya-aioclient-0.6.4/src/ya_payment/test/__pycache__/test_market_property.cpython-38-pytest-5.4.3.pyc,cpython-38,3413,True,4,pylingual_decompilable,decompyle3,exit_2,tool_exit,"decompyle3:exit_2:Traceback (most recent call last): File ""/root/PyBC-Sec/pybcSEC/data/rq2/envs/cpython-38/lib/python3.8/site-packages/xdis/load.py"", line 328, in load_module_from_file_object co = marshal.loads(bytecode) ValueError: bad marshal data (unkn..."
baf832d547df,ya-aioclient-0.6.4-cpython-38-baf832d547df.pyc,copied,,ya-aioclient-0.6.4.tar.gz,ya-aioclient,0.6.4,tar,ya-aioclient-0.6.4/src/ya_payment/test/__pycache__/test_payment.cpython-38-pytest-5.4.3.pyc,cpython-38,3413,True,4,pylingual_decompilable,decompyle3,exit_2,tool_exit,"decompyle3:exit_2:Traceback (most recent call last): File ""/root/PyBC-Sec/pybcSEC/data/rq2/envs/cpython-38/lib/python3.8/site-packages/xdis/load.py"", line 328, in load_module_from_file_object co = marshal.loads(bytecode) ValueError: bad marshal data (unkn..."
60ebd414b59a,ya-aioclient-0.6.4-cpython-38-60ebd414b59a.pyc,copied,,ya-aioclient-0.6.4.tar.gz,ya-aioclient,0.6.4,tar,ya-aioclient-0.6.4/src/ya_payment/test/__pycache__/test_payment_received_event.cpython-38-pytest-5.4.3.pyc,cpython-38,3413,True,4,pylingual_decompilable,decompyle3,exit_2,tool_exit,"decompyle3:exit_2:Traceback (most recent call last): File ""/root/PyBC-Sec/pybcSEC/data/rq2/envs/cpython-38/lib/python3.8/site-packages/xdis/load.py"", line 328, in load_module_from_file_object co = marshal.loads(bytecode) ValueError: bad marshal data (unkn..."
882940e9504f,ya-aioclient-0.6.4-cpython-38-882940e9504f.pyc,copied,,ya-aioclient-0.6.4.tar.gz,ya-aioclient,0.6.4,tar,ya-aioclient-0.6.4/src/ya_payment/test/__pycache__/test_payment_received_event_all_of.cpython-38-pytest-5.4.3.pyc,cpython-38,3413,True,4,pylingual_decompilable,decompyle3,exit_2,tool_exit,"decompyle3:exit_2:Traceback (most recent call last): File ""/root/PyBC-Sec/pybcSEC/data/rq2/envs/cpython-38/lib/python3.8/site-packages/xdis/load.py"", line 328, in load_module_from_file_object co = marshal.loads(bytecode) ValueError: bad marshal data (unkn..."
b89472d4323f,ya-aioclient-0.6.4-cpython-38-b89472d4323f.pyc,copied,,ya-aioclient-0.6.4.tar.gz,ya-aioclient,0.6.4,tar,ya-aioclient-0.6.4/src/ya_payment/test/__pycache__/test_provider_api.cpython-38-pytest-5.4.3.pyc,cpython-38,3413,True,4,pylingual_decompilable,decompyle3,exit_2,tool_exit,"decompyle3:exit_2:Traceback (most recent call last): File ""/root/PyBC-Sec/pybcSEC/data/rq2/envs/cpython-38/lib/python3.8/site-packages/xdis/load.py"", line 328, in load_module_from_file_object co = marshal.loads(bytecode) ValueError: bad marshal data (unkn..."
5421d96d7088,ya-aioclient-0.6.4-cpython-38-5421d96d7088.pyc,copied,,ya-aioclient-0.6.4.tar.gz,ya-aioclient,0.6.4,tar,ya-aioclient-0.6.4/src/ya_payment/test/__pycache__/test_rejection.cpython-38-pytest-5.4.3.pyc,cpython-38,3413,True,4,pylingual_decompilable,decompyle3,exit_2,tool_exit,"decompyle3:exit_2:Traceback (most recent call last): File ""/root/PyBC-Sec/pybcSEC/data/rq2/envs/cpython-38/lib/python3.8/site-packages/xdis/load.py"", line 328, in load_module_from_file_object co = marshal.loads(bytecode) ValueError: bad marshal data (unkn..."
e747ee008cab,ya-aioclient-0.6.4-cpython-38-e747ee008cab.pyc,copied,,ya-aioclient-0.6.4.tar.gz,ya-aioclient,0.6.4,tar,ya-aioclient-0.6.4/src/ya_payment/test/__pycache__/test_rejection_reason.cpython-38-pytest-5.4.3.pyc,cpython-38,3413,True,4,pylingual_decompilable,decompyle3,exit_2,tool_exit,"decompyle3:exit_2:Traceback (most recent call last): File ""/root/PyBC-Sec/pybcSEC/data/rq2/envs/cpython-38/lib/python3.8/site-packages/xdis/load.py"", line 328, in load_module_from_file_object co = marshal.loads(bytecode) ValueError: bad marshal data (unkn..."
cef22bcb826f,ya-aioclient-0.6.4-cpython-38-cef22bcb826f.pyc,copied,,ya-aioclient-0.6.4.tar.gz,ya-aioclient,0.6.4,tar,ya-aioclient-0.6.4/src/ya_payment/test/__pycache__/test_requestor_api.cpython-38-pytest-5.4.3.pyc,cpython-38,3413,True,4,pylingual_decompilable,decompyle3,exit_2,tool_exit,"decompyle3:exit_2:Traceback (most recent call last): File ""/root/PyBC-Sec/pybcSEC/data/rq2/envs/cpython-38/lib/python3.8/site-packages/xdis/load.py"", line 328, in load_module_from_file_object co = marshal.loads(bytecode) ValueError: bad marshal data (unkn..."
