python_tag,finding,category,reason,bytecode_status,bytecode_reason,reproduced_by,decompiler_statuses,source_statuses
cpython-310,data/rq3/cpython-3.10/unique_bug_pyc/cpython-310-02136a8dd74b.pyc,unconfirmed,original bytecode status ok:,ok,,,"decompyle3:error:# decompyle3 version 3.9.3 # Python bytecode version base 3.10 (3439) # Decompiled from: Python 3.10.12 (main, Mar 3 2026, 11:56:32) [GCC 11.4.0] # Embedded file name: data/rq3/cpython-3.10/unittest_seeds/raw/cpython_case_test_descr_Clas...;pylingual:error:──────────────────────────────────────────────────────────────────────────────── ,ggggggggggg, ,gggg, dP""""""88""""""""""""Y8, d8"" ""8I ,dPYb, Yb, 88 `8b 88 ,dP IP'`Yb `"" 88 ,8P 8888888P"" gg I8 8I 88aaaad8P"" 88 """" I8 8' 88""""""""""gg gg 88 gg ,ggg,,g...",decompyle3:not_run:;pylingual:not_run:
cpython-310,data/rq3/cpython-3.10/unique_bug_pyc/cpython-310-02173bb381ec.pyc,unconfirmed,original bytecode status ok:,ok,,,"decompyle3:error:# decompyle3 version 3.9.3 # Python bytecode version base 3.10 (3439) # Decompiled from: Python 3.10.12 (main, Mar 3 2026, 11:56:32) [GCC 11.4.0] # Embedded file name: data/rq3/cpython-3.10/unittest_seeds/raw/cpython_case_test_itertools_...;pylingual:error:──────────────────────────────────────────────────────────────────────────────── ,ggggggggggg, ,gggg, dP""""""88""""""""""""Y8, d8"" ""8I ,dPYb, Yb, 88 `8b 88 ,dP IP'`Yb `"" 88 ,8P 8888888P"" gg I8 8I 88aaaad8P"" 88 """" I8 8' 88""""""""""gg gg 88 gg ,ggg,,g...",decompyle3:not_run:;pylingual:not_run:
cpython-310,data/rq3/cpython-3.10/unique_bug_pyc/cpython-310-0405b92fdf77.pyc,unconfirmed,original bytecode status ok:,ok,,,"decompyle3:error:# decompyle3 version 3.9.3 # Python bytecode version base 3.10 (3439) # Decompiled from: Python 3.10.12 (main, Mar 3 2026, 11:56:32) [GCC 11.4.0] # Embedded file name: data/rq3/cpython-3.10/unittest_seeds/raw/cpython_case_test__xxsubinte...;pylingual:error:──────────────────────────────────────────────────────────────────────────────── ,ggggggggggg, ,gggg, dP""""""88""""""""""""Y8, d8"" ""8I ,dPYb, Yb, 88 `8b 88 ,dP IP'`Yb `"" 88 ,8P 8888888P"" gg I8 8I 88aaaad8P"" 88 """" I8 8' 88""""""""""gg gg 88 gg ,ggg,,g...",decompyle3:not_run:;pylingual:not_run:
cpython-310,data/rq3/cpython-3.10/unique_bug_pyc/cpython-310-051c62d941fa.pyc,no_source,"# decompyle3 version 3.9.3 # Python bytecode version base 3.10 (3439) # Decompiled from: Python 3.10.12 (main, Mar 3 2026, 11:56:32) [GCC 11.4.0] # Embedded file name: data/rq3/cpython-3.10/unittest_seeds/ra/cpython_case_test_complex_Co...",crash,signal_11:,,"decompyle3:error:# decompyle3 version 3.9.3 # Python bytecode version base 3.10 (3439) # Decompiled from: Python 3.10.12 (main, Mar 3 2026, 11:56:32) [GCC 11.4.0] # Embedded file name: data/rq3/cpython-3.10/unittest_seeds/ra/cpython_case_test_complex_Co...;pylingual:error:──────────────────────────────────────────────────────────────────────────────── ,ggggggggggg, ,gggg, dP""""""88""""""""""""Y8, d8"" ""8I ,dPYb, Yb, 88 `8b 88 ,dP IP'`Yb `"" 88 ,8P 8888888P"" gg I8 8I 88aaaad8P"" 88 """" I8 8' 88""""""""""gg gg 88 gg ,ggg,,g...",decompyle3:not_run:;pylingual:not_run:
cpython-310,data/rq3/cpython-3.10/unique_bug_pyc/cpython-310-05a3ee1d3fc4.pyc,unconfirmed,original bytecode status ok:,ok,,,"decompyle3:error:# decompyle3 version 3.9.3 # Python bytecode version base 3.10 (3439) # Decompiled from: Python 3.10.12 (main, Mar 3 2026, 11:56:32) [GCC 11.4.0] # Embedded file name: data/rq3/cpython-3.10/unittest_seeds/raw/cpython_case_test_bytes_Byte...;pylingual:error:──────────────────────────────────────────────────────────────────────────────── ,ggggggggggg, ,gggg, dP""""""88""""""""""""Y8, d8"" ""8I ,dPYb, Yb, 88 `8b 88 ,dP IP'`Yb `"" 88 ,8P 8888888P"" gg I8 8I 88aaaad8P"" 88 """" I8 8' 88""""""""""gg gg 88 gg ,ggg,,g...",decompyle3:not_run:;pylingual:not_run:
cpython-310,data/rq3/cpython-3.10/unique_bug_pyc/cpython-310-09ede1f2a7d5.pyc,unconfirmed,original bytecode status ok:,ok,,,"decompyle3:error:# decompyle3 version 3.9.3 # Python bytecode version base 3.10 (3439) # Decompiled from: Python 3.10.12 (main, Mar 3 2026, 11:56:32) [GCC 11.4.0] # Embedded file name: data/rq3/cpython-3.10/unittest_seeds/raw/cpython_case_test_descr_Clas...;pylingual:error:──────────────────────────────────────────────────────────────────────────────── ,ggggggggggg, ,gggg, dP""""""88""""""""""""Y8, d8"" ""8I ,dPYb, Yb, 88 `8b 88 ,dP IP'`Yb `"" 88 ,8P 8888888P"" gg I8 8I 88aaaad8P"" 88 """" I8 8' 88""""""""""gg gg 88 gg ,ggg,,g...",decompyle3:not_run:;pylingual:not_run:
cpython-310,data/rq3/cpython-3.10/unique_bug_pyc/cpython-310-0b78e6dac771.pyc,unconfirmed,original bytecode status ok:,ok,,,"decompyle3:error:# decompyle3 version 3.9.3 # Python bytecode version base 3.10 (3439) # Decompiled from: Python 3.10.12 (main, Mar 3 2026, 11:56:32) [GCC 11.4.0] # Embedded file name: data/rq3/cpython-3.10/unittest_seeds/raw/cpython_case_tert_coroutines...;pylingual:error:──────────────────────────────────────────────────────────────────────────────── ,ggggggggggg, ,gggg, dP""""""88""""""""""""Y8, d8"" ""8I ,dPYb, Yb, 88 `8b 88 ,dP IP'`Yb `"" 88 ,8P 8888888P"" gg I8 8I 88aaaad8P"" 88 """" I8 8' 88""""""""""gg gg 88 gg ,ggg,,g...",decompyle3:not_run:;pylingual:not_run:
cpython-310,data/rq3/cpython-3.10/unique_bug_pyc/cpython-310-0e264d4271f8.pyc,unconfirmed,original bytecode status ok:,ok,,,"decompyle3:error:# decompyle3 version 3.9.3 # Python bytecode version base 3.10 (3439) # Decompiled from: Python 3.10.12 (main, Mar 3 2026, 11:56:32) [GCC 11.4.0] # Embedded file name: data/rq3/cpython-3.10/unittest_seeds/raw/cpython_case_test_io_TextIOW...;pylingual:error:──────────────────────────────────────────────────────────────────────────────── ,ggggggggggg, ,gggg, dP""""""88""""""""""""Y8, d8"" ""8I ,dPYb, Yb, 88 `8b 88 ,dP IP'`Yb `"" 88 ,8P 8888888P"" gg I8 8I 88aaaad8P"" 88 """" I8 8' 88""""""""""gg gg 88 gg ,ggg,,g...",decompyle3:not_run:;pylingual:not_run:
cpython-310,data/rq3/cpython-3.10/unique_bug_pyc/cpython-310-13550de95770.pyc,unconfirmed,original bytecode status ok:,ok,,,"decompyle3:error:# decompyle3 version 3.9.3 # Python bytecode version base 3.10 (3439) # Decompiled from: Python 3.10.12 (main, Mar 3 2026, 11:56:32) [GCC 11.4.0] # Embedded file name: data/rq3/cpython-3.10/unittest_seeds/raw/cpython_case_test_inspect_T...;pylingual:error:──────────────────────────────────────────────────────────────────────────────── ,ggggggggggg, ,gggg, dP""""""88""""""""""""Y8, d8"" ""8I ,dPYb, Yb, 88 `8b 88 ,dP IP'`Yb `"" 88 ,8P 8888888P"" gg I8 8I 88aaaad8P"" 88 """" I8 8' 88""""""""""gg gg 88 gg ,ggg,,g...",decompyle3:not_run:;pylingual:not_run:
cpython-310,data/rq3/cpython-3.10/unique_bug_pyc/cpython-310-1410d9b640bc.pyc,unconfirmed,original bytecode status ok:,ok,,,"decompyle3:error:# decompyle3 version 3.9.3 # Python bytecode version base 3.10 (3439) # Decompiled from: Python 3.10.12 (main, Mar 3 2026, 11:56:32) [GCC 11.4.0] # Embedded file name: data/rq3/cpython-3.10/unittest_seeds/raw/cpython_case_test_dict_versi...;pylingual:error:──────────────────────────────────────────────────────────────────────────────── ,ggggggggggg, ,gggg, dP""""""88""""""""""""Y8, d8"" ""8I ,dPYb, Yb, 88 `8b 88 ,dP IP'`Yb `"" 88 ,8P 8888888P"" gg I8 8I 88aaaad8P"" 88 """" I8 8' 88""""""""""gg gg 88 gg ,ggg,,g...",decompyle3:not_run:;pylingual:not_run:
cpython-310,data/rq3/cpython-3.10/unique_bug_pyc/cpython-310-14fe555e26f3.pyc,no_source,"# decompyle3 version 3.9.3 # Python bytecode version base 3.10 (3439) # Decompiled from: Python 3.10.12 (main, Mar 3 2026, 11:56:32) [GCC 11.4.0] # Embedded file name: data/rq3/cpython-3.10/unittest_seeds/raw/cpython_case_test_zipfile_St...",crash,signal_11:,,"decompyle3:error:# decompyle3 version 3.9.3 # Python bytecode version base 3.10 (3439) # Decompiled from: Python 3.10.12 (main, Mar 3 2026, 11:56:32) [GCC 11.4.0] # Embedded file name: data/rq3/cpython-3.10/unittest_seeds/raw/cpython_case_test_zipfile_St...;pylingual:error:──────────────────────────────────────────────────────────────────────────────── ,ggggggggggg, ,gggg, dP""""""88""""""""""""Y8, d8"" ""8I ,dPYb, Yb, 88 `8b 88 ,dP IP'`Yb `"" 88 ,8P 8888888P"" gg I8 8I 88aaaad8P"" 88 """" I8 8' 88""""""""""gg gg 88 gg ,ggg,,g...",decompyle3:not_run:;pylingual:not_run:
cpython-310,data/rq3/cpython-3.10/unique_bug_pyc/cpython-310-15636d60b9a3.pyc,no_source,"# decompyle3 version 3.9.3 # Python bytecode version base 3.10 (3439) # Decompiled from: Python 3.10.12 (main, Mar 3 2026, 11:56:32) [GCC 11.4.0] # Embedded file name: data/rq3/cpython-3.10/unittest_seeds/raw/cpython_case_test_range_Rang...",exit_1,"Traceback (most recent call last): File ""/home/awen/git/PybcSEC/PycLens/data/rq4/harness.py"", line 26, in <module> exec(code, namespace, namespace) File ""data/rq3/cpython-3.10/unittest_seeds/raw/cpython_case_test_range_RangeTest_test_str...",,"decompyle3:error:# decompyle3 version 3.9.3 # Python bytecode version base 3.10 (3439) # Decompiled from: Python 3.10.12 (main, Mar 3 2026, 11:56:32) [GCC 11.4.0] # Embedded file name: data/rq3/cpython-3.10/unittest_seeds/raw/cpython_case_test_range_Rang...;pylingual:error:──────────────────────────────────────────────────────────────────────────────── ,ggggggggggg, ,gggg, dP""""""88""""""""""""Y8, d8"" ""8I ,dPYb, Yb, 88 `8b 88 ,dP IP'`Yb `"" 88 ,8P 8888888P"" gg I8 8I 88aaaad8P"" 88 """" I8 8' 88""""""""""gg gg 88 gg ,ggg,,g...",decompyle3:not_run:;pylingual:not_run:
cpython-310,data/rq3/cpython-3.10/unique_bug_pyc/cpython-310-176fa4283320.pyc,unconfirmed,original bytecode status ok:,ok,,,"decompyle3:error:# decompyle3 version 3.9.3 # Python bytecode version base 3.10 (3439) # Decompiled from: Python 3.10.12 (main, Mar 3 2026, 11:56:32) [GCC 11.4.0] # Embedded file name: data/rq3/cpython-3.10/unittest_seeds/raw/cpython_case_test_positional...;pylingual:error:──────────────────────────────────────────────────────────────────────────────── ,ggggggggggg, ,gggg, dP""""""88""""""""""""Y8, d8"" ""8I ,dPYb, Yb, 88 `8b 88 ,dP IP'`Yb `"" 88 ,8P 8888888P"" gg I8 8I 88aaaad8P"" 88 """" I8 8' 88""""""""""gg gg 88 gg ,ggg,,g...",decompyle3:not_run:;pylingual:not_run:
cpython-310,data/rq3/cpython-3.10/unique_bug_pyc/cpython-310-185a3358628c.pyc,no_source,"# decompyle3 version 3.9.3 # Python bytecode version base 3.10 (3439) # Decompiled from: Python 3.10.12 (main, Mar 3 2026, 11:56:32) [GCC 11.4.0] # Embedded file name: data/rq3/cpython-3.10/unittest_seeds/raw/cpython_case_test_urllib2_Op...",crash,signal_11:,,"decompyle3:error:# decompyle3 version 3.9.3 # Python bytecode version base 3.10 (3439) # Decompiled from: Python 3.10.12 (main, Mar 3 2026, 11:56:32) [GCC 11.4.0] # Embedded file name: data/rq3/cpython-3.10/unittest_seeds/raw/cpython_case_test_urllib2_Op...;pylingual:error:──────────────────────────────────────────────────────────────────────────────── ,ggggggggggg, ,gggg, dP""""""88""""""""""""Y8, d8"" ""8I ,dPYb, Yb, 88 `8b 88 ,dP IP'`Yb `"" 88 ,8P 8888888P"" gg I8 8I 88aaaad8P"" 88 """" I8 8' 88""""""""""gg gg 88 gg ,ggg,,g...",decompyle3:not_run:;pylingual:not_run:
cpython-310,data/rq3/cpython-3.10/unique_bug_pyc/cpython-310-1904c1b23f3c.pyc,no_source,"# decompyle3 version 3.9.3 # Python bytecode version base 3.10 (3439) # Decompiled from: Python 3.10.12 (main, Mar 3 2026, 11:56:32) [GCC 11.4.0] # Embedded file name: data/rq3/cpython-3.10/unittest_seeds/raw/cpython_case_test_signal_Pos...",crash,signal_11:,,"decompyle3:error:# decompyle3 version 3.9.3 # Python bytecode version base 3.10 (3439) # Decompiled from: Python 3.10.12 (main, Mar 3 2026, 11:56:32) [GCC 11.4.0] # Embedded file name: data/rq3/cpython-3.10/unittest_seeds/raw/cpython_case_test_signal_Pos...;pylingual:error:──────────────────────────────────────────────────────────────────────────────── ,ggggggggggg, ,gggg, dP""""""88""""""""""""Y8, d8"" ""8I ,dPYb, Yb, 88 `8b 88 ,dP IP'`Yb `"" 88 ,8P 8888888P"" gg I8 8I 88aaaad8P"" 88 """" I8 8' 88""""""""""gg gg 88 gg ,ggg,,g...",decompyle3:not_run:;pylingual:not_run:
cpython-310,data/rq3/cpython-3.10/unique_bug_pyc/cpython-310-1933bbc9617a.pyc,unconfirmed,original bytecode status ok:,ok,,,"decompyle3:error:# decompyle3 version 3.9.3 # Python bytecode version base 3.10 (3439) # Decompiled from: Python 3.10.12 (main, Mar 3 2026, 11:56:32) [GCC 11.4.0] # Embedded file name: data/rq3/cpython-3.10/unittest_seeds/raw/cpython_case_test_set_TestSe...;pylingual:error:──────────────────────────────────────────────────────────────────────────────── ,ggggggggggg, ,gggg, dP""""""88""""""""""""Y8, d8"" ""8I ,dPYb, Yb, 88 `8b 88 ,dP IP'`Yb `"" 88 ,8P 8888888P"" gg I8 8I 88aaaad8P"" 88 """" I8 8' 88""""""""""gg gg 88 gg ,ggg,,g...",decompyle3:not_run:;pylingual:not_run:
cpython-310,data/rq3/cpython-3.10/unique_bug_pyc/cpython-310-1c4537aeb581.pyc,unconfirmed,original bytecode status ok:,ok,,,"decompyle3:error:# decompyle3 version 3.9.3 # Python bytecode version base 3.10 (3439) # Decompiled from: Python 3.10.12 (main, Mar 3 2026, 11:56:32) [GCC 11.4.0] # Embedded file name: data/rq3/cpython-3.10/unittest_seeds/rw/cpython_case_test_coroutines...;pylingual:error:──────────────────────────────────────────────────────────────────────────────── ,ggggggggggg, ,gggg, dP""""""88""""""""""""Y8, d8"" ""8I ,dPYb, Yb, 88 `8b 88 ,dP IP'`Yb `"" 88 ,8P 8888888P"" gg I8 8I 88aaaad8P"" 88 """" I8 8' 88""""""""""gg gg 88 gg ,ggg,,g...",decompyle3:not_run:;pylingual:not_run:
cpython-310,data/rq3/cpython-3.10/unique_bug_pyc/cpython-310-2091219e5194.pyc,unconfirmed,original bytecode status ok:,ok,,,"decompyle3:error:# decompyle3 version 3.9.3 # Python bytecode version base 3.10 (3439) # Decompiled from: Python 3.10.12 (main, Mar 3 2026, 11:56:32) [GCC 11.4.0] # Embedded file name: data/rq3/cpython-3.10/unittest_seeds/raw/cpython_case_test_cgitb_Test...;pylingual:error:──────────────────────────────────────────────────────────────────────────────── ,ggggggggggg, ,gggg, dP""""""88""""""""""""Y8, d8"" ""8I ,dPYb, Yb, 88 `8b 88 ,dP IP'`Yb `"" 88 ,8P 8888888P"" gg I8 8I 88aaaad8P"" 88 """" I8 8' 88""""""""""gg gg 88 gg ,ggg,,g...",decompyle3:not_run:;pylingual:not_run:
cpython-310,data/rq3/cpython-3.10/unique_bug_pyc/cpython-310-232dbdb7643c.pyc,unconfirmed,original bytecode status ok:,ok,,,"decompyle3:error:# decompyle3 version 3.9.3 # Python bytecode version base 3.10 (3439) # Decompiled from: Python 3.10.12 (main, Mar 3 2026, 11:56:32) [GCC 11.4.0] # Embedded file name: data/rq3/cpython-3.10/unittest_seeds/raw/cpython_case_test_print_Test...;pylingual:error:──────────────────────────────────────────────────────────────────────────────── ,ggggggggggg, ,gggg, dP""""""88""""""""""""Y8, d8"" ""8I ,dPYb, Yb, 88 `8b 88 ,dP IP'`Yb `"" 88 ,8P 8888888P"" gg I8 8I 88aaaad8P"" 88 """" I8 8' 88""""""""""gg gg 88 gg ,ggg,,g...",decompyle3:not_run:;pylingual:not_run:
cpython-310,data/rq3/cpython-3.10/unique_bug_pyc/cpython-310-2640fce96d36.pyc,unconfirmed,original bytecode status ok:,ok,,,"decompyle3:error:# decompyle3 version 3.9.3 # Python bytecode version base 3.10 (3439) # Decompiled from: Python 3.10.12 (main, Mar 3 2026, 11:56:32) [GCC 11.4.0] # Embedded file name: data/rq3/cpython-3.10/unittest_seeds/raw/cpython_case_test_complex_Co...;pylingual:error:──────────────────────────────────────────────────────────────────────────────── ,ggggggggggg, ,gggg, dP""""""88""""""""""""Y8, d8"" ""8I ,dPYb, Yb, 88 `8b 88 ,dP IP'`Yb `"" 88 ,8P 8888888P"" gg I8 8I 88aaaad8P"" 88 """" I8 8' 88""""""""""gg gg 88 gg ,ggg,,g...",decompyle3:not_run:;pylingual:not_run:
cpython-310,data/rq3/cpython-3.10/unique_bug_pyc/cpython-310-2a823146c668.pyc,no_source,"# decompyle3 version 3.9.3 # Python bytecode version base 3.10 (3439) # Decompiled from: Python 3.10.12 (main, Mar 3 2026, 11:56:32) [GCC 11.4.0] # Embedded file name: data/rq3/cpython-3.10/unittest_seeds/raw/cpython_case_test_patma_Test...",crash,signal_11:,,"decompyle3:error:# decompyle3 version 3.9.3 # Python bytecode version base 3.10 (3439) # Decompiled from: Python 3.10.12 (main, Mar 3 2026, 11:56:32) [GCC 11.4.0] # Embedded file name: data/rq3/cpython-3.10/unittest_seeds/raw/cpython_case_test_patma_Test...;pylingual:error:──────────────────────────────────────────────────────────────────────────────── ,ggggggggggg, ,gggg, dP""""""88""""""""""""Y8, d8"" ""8I ,dPYb, Yb, 88 `8b 88 ,dP IP'`Yb `"" 88 ,8P 8888888P"" gg I8 8I 88aaaad8P"" 88 """" I8 8' 88""""""""""gg gg 88 gg ,ggg,,g...",decompyle3:not_run:;pylingual:not_run:
cpython-310,data/rq3/cpython-3.10/unique_bug_pyc/cpython-310-2aae60cef2a2.pyc,unconfirmed,original bytecode status ok:,ok,,,"decompyle3:error:# decompyle3 version 3.9.3 # Python bytecode version base 3.10 (3439) # Decompiled from: Python 3.10.12 (main, Mar 3 2026, 11:56:32) [GCC 11.4.0] # Embedded file name: data/rpairwise st_gid/unittest_seeds/raw/cpython_case_test__xxsubinte...;pylingual:error:──────────────────────────────────────────────────────────────────────────────── ,ggggggggggg, ,gggg, dP""""""88""""""""""""Y8, d8"" ""8I ,dPYb, Yb, 88 `8b 88 ,dP IP'`Yb `"" 88 ,8P 8888888P"" gg I8 8I 88aaaad8P"" 88 """" I8 8' 88""""""""""gg gg 88 gg ,ggg,,g...",decompyle3:not_run:;pylingual:not_run:
cpython-310,data/rq3/cpython-3.10/unique_bug_pyc/cpython-310-2c604c45d5bb.pyc,unconfirmed,original bytecode status ok:,ok,,,"decompyle3:error:# decompyle3 version 3.9.3 # Python bytecode version base 3.10 (3439) # Decompiled from: Python 3.10.12 (main, Mar 3 2026, 11:56:32) [GCC 11.4.0] # Embedded file name: data/rq3/cpython-3.10/unittest_seeds/raw/cpython_case_test__xxsubinte...;pylingual:error:──────────────────────────────────────────────────────────────────────────────── ,ggggggggggg, ,gggg, dP""""""88""""""""""""Y8, d8"" ""8I ,dPYb, Yb, 88 `8b 88 ,dP IP'`Yb `"" 88 ,8P 8888888P"" gg I8 8I 88aaaad8P"" 88 """" I8 8' 88""""""""""gg gg 88 gg ,ggg,,g...",decompyle3:not_run:;pylingual:not_run:
cpython-310,data/rq3/cpython-3.10/unique_bug_pyc/cpython-310-2cada3d4af6f.pyc,unconfirmed,original bytecode status ok:,ok,,,"decompyle3:error:# decompyle3 version 3.9.3 # Python bytecode version base 3.10 (3439) # Decompiled from: Python 3.10.12 (main, Mar 3 2026, 11:56:32) [GCC 11.4.0] # Embedded file name: data/rq3/cpython-3.10/unittest_seeds/raw/cpython_case_test_subclassin...;pylingual:error:──────────────────────────────────────────────────────────────────────────────── ,ggggggggggg, ,gggg, dP""""""88""""""""""""Y8, d8"" ""8I ,dPYb, Yb, 88 `8b 88 ,dP IP'`Yb `"" 88 ,8P 8888888P"" gg I8 8I 88aaaad8P"" 88 """" I8 8' 88""""""""""gg gg 88 gg ,ggg,,g...",decompyle3:not_run:;pylingual:not_run:
cpython-310,data/rq3/cpython-3.10/unique_bug_pyc/cpython-310-2d949721c6f1.pyc,unconfirmed,original bytecode status ok:,ok,,,"decompyle3:error:# decompyle3 version 3.9.3 # Python bytecode version base 3.10 (3439) # Decompiled from: Python 3.10.12 (main, Mar 3 2026, 11:56:32) [GCC 11.4.0] # Embedded file name: data/rq3/cpython-3.10/unittest_seeds/raw/cpython_case_test_marshal_In...;pylingual:error:──────────────────────────────────────────────────────────────────────────────── ,ggggggggggg, ,gggg, dP""""""88""""""""""""Y8, d8"" ""8I ,dPYb, Yb, 88 `8b 88 ,dP IP'`Yb `"" 88 ,8P 8888888P"" gg I8 8I 88aaaad8P"" 88 """" I8 8' 88""""""""""gg gg 88 gg ,ggg,,g...",decompyle3:not_run:;pylingual:not_run:
cpython-310,data/rq3/cpython-3.10/unique_bug_pyc/cpython-310-2ef12fc317db.pyc,unconfirmed,original bytecode status ok:,ok,,,"decompyle3:error:# decompyle3 version 3.9.3 # Python bytecode version base 3.10 (3439) # Decompiled from: Python 3.10.12 (main, Mar 3 2026, 11:56:32) [GCC 11.4.0] # Embedded file name: data/rq3/cpython-3.10/unittest_seeds/raw/cpython_case_test_traceback_...;pylingual:error:──────────────────────────────────────────────────────────────────────────────── ,ggggggggggg, ,gggg, dP""""""88""""""""""""Y8, d8"" ""8I ,dPYb, Yb, 88 `8b 88 ,dP IP'`Yb `"" 88 ,8P 8888888P"" gg I8 8I 88aaaad8P"" 88 """" I8 8' 88""""""""""gg gg 88 gg ,ggg,,g...",decompyle3:not_run:;pylingual:not_run:
cpython-310,data/rq3/cpython-3.10/unique_bug_pyc/cpython-310-3081b5214931.pyc,unconfirmed,original bytecode status ok:,ok,,,"decompyle3:error:# decompyle3 version 3.9.3 # Python bytecode version base 3.10 (3439) # Decompiled from: Python 3.10.12 (main, Mar 3 2026, 11:56:32) [GCC 11.4.0] # Embedded file name: data/rq3/cpython-3.10/unittest_seeds/raw/cpython_case_test_coroutines...;pylingual:error:──────────────────────────────────────────────────────────────────────────────── ,ggggggggggg, ,gggg, dP""""""88""""""""""""Y8, d8"" ""8I ,dPYb, Yb, 88 `8b 88 ,dP IP'`Yb `"" 88 ,8P 8888888P"" gg I8 8I 88aaaad8P"" 88 """" I8 8' 88""""""""""gg gg 88 gg ,ggg,,g...",decompyle3:not_run:;pylingual:not_run:
cpython-310,data/rq3/cpython-3.10/unique_bug_pyc/cpython-310-31357a7e2c23.pyc,unconfirmed,original bytecode status ok:,ok,,,"decompyle3:error:# decompyle3 version 3.9.3 # Python bytecode version base 3.10 (3439) # Decompiled from: Python 3.10.12 (main, Mar 3 2026, 11:56:32) [GCC 11.4.0] # Embedded file name: data/rq3/cpython-3.10/unittest_seeds/raw/cpython_case_test_int_litera...;pylingual:error:──────────────────────────────────────────────────────────────────────────────── ,ggggggggggg, ,gggg, dP""""""88""""""""""""Y8, d8"" ""8I ,dPYb, Yb, 88 `8b 88 ,dP IP'`Yb `"" 88 ,8P 8888888P"" gg I8 8I 88aaaad8P"" 88 """" I8 8' 88""""""""""gg gg 88 gg ,ggg,,g...",decompyle3:not_run:;pylingual:not_run:
cpython-310,data/rq3/cpython-3.10/unique_bug_pyc/cpython-310-3213c9117688.pyc,no_source,"# decompyle3 version 3.9.3 # Python bytecode version base 3.10 (3439) # Decompiled from: Python 3.10.12 (main, Mar 3 2026, 11:56:32) [GCC 11.4.0] # Embedded file name: data/rq3/cpython-3.10/unittest_seeds/raw/cpython_case_test_dict_DictT...",exit_1,"Traceback (most recent call last): File ""/home/awen/git/PybcSEC/PycLens/data/rq4/harness.py"", line 26, in <module> exec(code, namespace, namespace) File ""data/rq3/cpython-3.10/unittest_seeds/raw/cpython_case_test_dict_DictTest_test_rever...",,"decompyle3:error:# decompyle3 version 3.9.3 # Python bytecode version base 3.10 (3439) # Decompiled from: Python 3.10.12 (main, Mar 3 2026, 11:56:32) [GCC 11.4.0] # Embedded file name: data/rq3/cpython-3.10/unittest_seeds/raw/cpython_case_test_dict_DictT...;pylingual:error:──────────────────────────────────────────────────────────────────────────────── ,ggggggggggg, ,gggg, dP""""""88""""""""""""Y8, d8"" ""8I ,dPYb, Yb, 88 `8b 88 ,dP IP'`Yb `"" 88 ,8P 8888888P"" gg I8 8I 88aaaad8P"" 88 """" I8 8' 88""""""""""gg gg 88 gg ,ggg,,g...",decompyle3:not_run:;pylingual:not_run:
cpython-310,data/rq3/cpython-3.10/unique_bug_pyc/cpython-310-330615b3933c.pyc,unconfirmed,original bytecode status ok:,ok,,,"decompyle3:error:# decompyle3 version 3.9.3 # Python bytecode version base 3.10 (3439) # Decompiled from: Python 3.10.12 (main, Mar 3 2026, 11:56:32) [GCC 11.4.0] # Embedded file name: data/rq3/cpython-3.10/unittest_seeds/raw/cpython_case_test_peepholer_...;pylingual:error:──────────────────────────────────────────────────────────────────────────────── ,ggggggggggg, ,gggg, dP""""""88""""""""""""Y8, d8"" ""8I ,dPYb, Yb, 88 `8b 88 ,dP IP'`Yb `"" 88 ,8P 8888888P"" gg I8 8I 88aaaad8P"" 88 """" I8 8' 88""""""""""gg gg 88 gg ,ggg,,g...",decompyle3:not_run:;pylingual:not_run:
cpython-310,data/rq3/cpython-3.10/unique_bug_pyc/cpython-310-33240e526c1b.pyc,no_source,"# decompyle3 version 3.9.3 # Python bytecode version base 3.10 (3439) # Decompiled from: Python 3.10.12 (main, Mar 3 2026, 11:56:32) [GCC 11.4.0] # Embedded file name: data/rq3/cpython-3.10/unittest_seeds/raw/cpython_case_test_ssl_BasicS...",exit_1,"Traceback (most recent call last): File ""/home/awen/git/PybcSEC/PycLens/data/rq4/harness.py"", line 26, in <module> exec(code, namespace, namespace) File ""data/rq3/cpython-3.10/unittest_seeds/raw/cpython_case_test_ssl_BasicSocketTests_tes...",,"decompyle3:error:# decompyle3 version 3.9.3 # Python bytecode version base 3.10 (3439) # Decompiled from: Python 3.10.12 (main, Mar 3 2026, 11:56:32) [GCC 11.4.0] # Embedded file name: data/rq3/cpython-3.10/unittest_seeds/raw/cpython_case_test_ssl_BasicS...;pylingual:error:──────────────────────────────────────────────────────────────────────────────── ,ggggggggggg, ,gggg, dP""""""88""""""""""""Y8, d8"" ""8I ,dPYb, Yb, 88 `8b 88 ,dP IP'`Yb `"" 88 ,8P 8888888P"" gg I8 8I 88aaaad8P"" 88 """" I8 8' 88""""""""""gg gg 88 gg ,ggg,,g...",decompyle3:not_run:;pylingual:not_run:
cpython-310,data/rq3/cpython-3.10/unique_bug_pyc/cpython-310-38b702da3d0c.pyc,unconfirmed,original bytecode status ok:,ok,,,"decompyle3:error:# decompyle3 version 3.9.3 # Python bytecode version base 3.10 (3439) # Decompiled from: Python 3.10.12 (main, Mar 3 2026, 11:56:32) [GCC 11.4.0] # Embedded file name: data/rq3/cpython-3.10/unittest_seeds/raw/cpython_case_test_time_TestP...;pylingual:error:──────────────────────────────────────────────────────────────────────────────── ,ggggggggggg, ,gggg, dP""""""88""""""""""""Y8, d8"" ""8I ,dPYb, Yb, 88 `8b 88 ,dP IP'`Yb `"" 88 ,8P 8888888P"" gg I8 8I 88aaaad8P"" 88 """" I8 8' 88""""""""""gg gg 88 gg ,ggg,,g...",decompyle3:not_run:;pylingual:not_run:
cpython-310,data/rq3/cpython-3.10/unique_bug_pyc/cpython-310-3abd3305d713.pyc,unconfirmed,original bytecode status ok:,ok,,,"decompyle3:error:# decompyle3 version 3.9.3 # Python bytecode version base 3.10 (3439) # Decompiled from: Python 3.10.12 (main, Mar 3 2026, 11:56:32) [GCC 11.4.0] # Embedded file name: data/rq3/cpython-3.10/unittest_seeds/raw/cpython_case_test_descr_Clas...;pylingual:error:──────────────────────────────────────────────────────────────────────────────── ,ggggggggggg, ,gggg, dP""""""88""""""""""""Y8, d8"" ""8I ,dPYb, Yb, 88 `8b 88 ,dP IP'`Yb `"" 88 ,8P 8888888P"" gg I8 8I 88aaaad8P"" 88 """" I8 8' 88""""""""""gg gg 88 gg ,ggg,,g...",decompyle3:not_run:;pylingual:not_run:
cpython-310,data/rq3/cpython-3.10/unique_bug_pyc/cpython-310-3b38fa0fe001.pyc,unconfirmed,original bytecode status ok:,ok,,,"decompyle3:error:# decompyle3 version 3.9.3 # Python bytecode version base 3.10 (3439) # Decompiled from: Python 3.10.12 (main, Mar 3 2026, 11:56:32) [GCC 11.4.0] # Embedded file name: data/rq3/cpython-3.10/unittest_seeds/raw/cpython_case_test_dictviews_...;pylingual:error:──────────────────────────────────────────────────────────────────────────────── ,ggggggggggg, ,gggg, dP""""""88""""""""""""Y8, d8"" ""8I ,dPYb, Yb, 88 `8b 88 ,dP IP'`Yb `"" 88 ,8P 8888888P"" gg I8 8I 88aaaad8P"" 88 """" I8 8' 88""""""""""gg gg 88 gg ,ggg,,g...",decompyle3:not_run:;pylingual:not_run:
cpython-310,data/rq3/cpython-3.10/unique_bug_pyc/cpython-310-3e38a1438d9e.pyc,unconfirmed,original bytecode status ok:,ok,,,"decompyle3:error:# decompyle3 version 3.9.3 # Python bytecode version base 3.10 (3439) # Decompiled from: Python 3.10.12 (main, Mar 3 2026, 11:56:32) [GCC 11.4.0] # Embedded file name: data/rq3/cpython-3.10/unittest_seeds/raw/cpython_case_test_io_Buffere...;pylingual:error:──────────────────────────────────────────────────────────────────────────────── ,ggggggggggg, ,gggg, dP""""""88""""""""""""Y8, d8"" ""8I ,dPYb, Yb, 88 `8b 88 ,dP IP'`Yb `"" 88 ,8P 8888888P"" gg I8 8I 88aaaad8P"" 88 """" I8 8' 88""""""""""gg gg 88 gg ,ggg,,g...",decompyle3:not_run:;pylingual:not_run:
cpython-310,data/rq3/cpython-3.10/unique_bug_pyc/cpython-310-4049a6b9d887.pyc,no_source,"# decompyle3 version 3.9.3 # Python bytecode version base 3.10 (3439) # Decompiled from: Python 3.10.12 (main, Mar 3 2026, 11:56:32) [GCC 11.4.0] # Embedded file name: data/rq3/cpython-3.10/unittest_seeds/raw/cpython_case_test_mailbox_Te...",crash,signal_11:,,"decompyle3:error:# decompyle3 version 3.9.3 # Python bytecode version base 3.10 (3439) # Decompiled from: Python 3.10.12 (main, Mar 3 2026, 11:56:32) [GCC 11.4.0] # Embedded file name: data/rq3/cpython-3.10/unittest_seeds/raw/cpython_case_test_mailbox_Te...;pylingual:error:──────────────────────────────────────────────────────────────────────────────── ,ggggggggggg, ,gggg, dP""""""88""""""""""""Y8, d8"" ""8I ,dPYb, Yb, 88 `8b 88 ,dP IP'`Yb `"" 88 ,8P 8888888P"" gg I8 8I 88aaaad8P"" 88 """" I8 8' 88""""""""""gg gg 88 gg ,ggg,,g...",decompyle3:not_run:;pylingual:not_run:
cpython-310,data/rq3/cpython-3.10/unique_bug_pyc/cpython-310-4087c64bf825.pyc,unconfirmed,original bytecode status ok:,ok,,,"decompyle3:error:# decompyle3 version 3.9.3 # Python bytecode version base 3.10 (3439) # Decompiled from: Python 3.10.12 (main, Mar 3 2026, 11:56:32) [GCC 11.4.0] # Embedded file name: data/rq3/cpython-3.10/unittest_seeds/raw/cpython_case_test_sys_SysMod...;pylingual:error:──────────────────────────────────────────────────────────────────────────────── ,ggggggggggg, ,gggg, dP""""""88""""""""""""Y8, d8"" ""8I ,dPYb, Yb, 88 `8b 88 ,dP IP'`Yb `"" 88 ,8P 8888888P"" gg I8 8I 88aaaad8P"" 88 """" I8 8' 88""""""""""gg gg 88 gg ,ggg,,g...",decompyle3:not_run:;pylingual:not_run:
cpython-310,data/rq3/cpython-3.10/unique_bug_pyc/cpython-310-41fe5579485f.pyc,unconfirmed,original bytecode status ok:,ok,,,"decompyle3:error:# decompyle3 version 3.9.3 # Python bytecode version base 3.10 (3439) # Decompiled from: Python 3.10.12 (main, Mar 3 2026, 11:56:32) [GCC 11.4.0] # Embedded file name: data/rq3/cpython-3.10/unittest_seeds/raw/cpython_case_test_copy_TestC...;pylingual:error:──────────────────────────────────────────────────────────────────────────────── ,ggggggggggg, ,gggg, dP""""""88""""""""""""Y8, d8"" ""8I ,dPYb, Yb, 88 `8b 88 ,dP IP'`Yb `"" 88 ,8P 8888888P"" gg I8 8I 88aaaad8P"" 88 """" I8 8' 88""""""""""gg gg 88 gg ,ggg,,g...",decompyle3:not_run:;pylingual:not_run:
cpython-310,data/rq3/cpython-3.10/unique_bug_pyc/cpython-310-43dd4dca536c.pyc,unconfirmed,original bytecode status ok:,ok,,,"decompyle3:error:# decompyle3 version 3.9.3 # Python bytecode version base 3.10 (3439) # Decompiled from: Python 3.10.12 (main, Mar 3 2026, 11:56:32) [GCC 11.4.0] # Embedded file name: data/rq3/cpython-3.10/unittest_seeds/raw/cpython_case_test_fnmatch_Fn...;pylingual:error:──────────────────────────────────────────────────────────────────────────────── ,ggggggggggg, ,gggg, dP""""""88""""""""""""Y8, d8"" ""8I ,dPYb, Yb, 88 `8b 88 ,dP IP'`Yb `"" 88 ,8P 8888888P"" gg I8 8I 88aaaad8P"" 88 """" I8 8' 88""""""""""gg gg 88 gg ,ggg,,g...",decompyle3:not_run:;pylingual:not_run:
cpython-310,data/rq3/cpython-3.10/unique_bug_pyc/cpython-310-43f52a9cb69f.pyc,unconfirmed,original bytecode status ok:,ok,,,"decompyle3:error:# decompyle3 version 3.9.3 # Python bytecode version base 3.10 (3439) # Decompiled from: Python 3.10.12 (main, Mar 3 2026, 11:56:32) [GCC 11.4.0] # Embedded file name: data/rq3/cpython-3.10/unittest_seeds/raw/cpython_case_test_yield_from...;pylingual:error:──────────────────────────────────────────────────────────────────────────────── ,ggggggggggg, ,gggg, dP""""""88""""""""""""Y8, d8"" ""8I ,dPYb, Yb, 88 `8b 88 ,dP IP'`Yb `"" 88 ,8P 8888888P"" gg I8 8I 88aaaad8P"" 88 """" I8 8' 88""""""""""gg gg 88 gg ,ggg,,g...",decompyle3:not_run:;pylingual:not_run:
cpython-310,data/rq3/cpython-3.10/unique_bug_pyc/cpython-310-47b91700571e.pyc,no_source,"# decompyle3 version 3.9.3 # Python bytecode version base 3.10 (3439) # Decompiled from: Python 3.10.12 (main, Mar 3 2026, 11:56:32) [GCC 11.4.0] # Embedded file name: data/rq3/cpython-3.10/unittest_seeds/raw/cpython_case_test_future_Fut...",crash,signal_11:,,"decompyle3:error:# decompyle3 version 3.9.3 # Python bytecode version base 3.10 (3439) # Decompiled from: Python 3.10.12 (main, Mar 3 2026, 11:56:32) [GCC 11.4.0] # Embedded file name: data/rq3/cpython-3.10/unittest_seeds/raw/cpython_case_test_future_Fut...;pylingual:error:──────────────────────────────────────────────────────────────────────────────── ,ggggggggggg, ,gggg, dP""""""88""""""""""""Y8, d8"" ""8I ,dPYb, Yb, 88 `8b 88 ,dP IP'`Yb `"" 88 ,8P 8888888P"" gg I8 8I 88aaaad8P"" 88 """" I8 8' 88""""""""""gg gg 88 gg ,ggg,,g...",decompyle3:not_run:;pylingual:not_run:
cpython-310,data/rq3/cpython-3.10/unique_bug_pyc/cpython-310-49b447d47acd.pyc,unconfirmed,original bytecode status ok:,ok,,,"decompyle3:error:# decompyle3 version 3.9.3 # Python bytecode version base 3.10 (3439) # Decompiled from: Python 3.10.12 (main, Mar 3 2026, 11:56:32) [GCC 11.4.0] # Embedded file name: data/rq3/cpython-3.10/unittest_seeds/raw/cpython_case_test_ipaddress_...;pylingual:error:──────────────────────────────────────────────────────────────────────────────── ,ggggggggggg, ,gggg, dP""""""88""""""""""""Y8, d8"" ""8I ,dPYb, Yb, 88 `8b 88 ,dP IP'`Yb `"" 88 ,8P 8888888P"" gg I8 8I 88aaaad8P"" 88 """" I8 8' 88""""""""""gg gg 88 gg ,ggg,,g...",decompyle3:not_run:;pylingual:not_run:
cpython-310,data/rq3/cpython-3.10/unique_bug_pyc/cpython-310-4c5f3adafaa8.pyc,no_source,"# decompyle3 version 3.9.3 # Python bytecode version base 3.10 (3439) # Decompiled from: Python 3.10.12 (main, Mar 3 2026, 11:56:32) [GCC 11.4.0] # Embedded file name: data/rq3/cpython-3.10/unittest_seeds/raw/cpython_case_test_typing_For...",crash,signal_11:,,"decompyle3:error:# decompyle3 version 3.9.3 # Python bytecode version base 3.10 (3439) # Decompiled from: Python 3.10.12 (main, Mar 3 2026, 11:56:32) [GCC 11.4.0] # Embedded file name: data/rq3/cpython-3.10/unittest_seeds/raw/cpython_case_test_typing_For...;pylingual:error:──────────────────────────────────────────────────────────────────────────────── ,ggggggggggg, ,gggg, dP""""""88""""""""""""Y8, d8"" ""8I ,dPYb, Yb, 88 `8b 88 ,dP IP'`Yb `"" 88 ,8P 8888888P"" gg I8 8I 88aaaad8P"" 88 """" I8 8' 88""""""""""gg gg 88 gg ,ggg,,g...",decompyle3:not_run:;pylingual:not_run:
cpython-310,data/rq3/cpython-3.10/unique_bug_pyc/cpython-310-506aed50f6e6.pyc,no_source,"# decompyle3 version 3.9.3 # Python bytecode version base 3.10 (3439) # Decompiled from: Python 3.10.12 (main, Mar 3 2026, 11:56:32) [GCC 11.4.0] # Embedded file name: data/rq3/cpython-3.10/unittest_seeds/raw/cpython_case_test_compile_Te...",exit_1,"Traceback (most recent call last): File ""/home/awen/git/PybcSEC/PycLens/data/rq4/harness.py"", line 26, in <module> exec(code, namespace, namespace) File ""data/rq3/cpython-3.10/unittest_seeds/raw/cpython_case_test_compile_TestSpecifics_te...",,"decompyle3:error:# decompyle3 version 3.9.3 # Python bytecode version base 3.10 (3439) # Decompiled from: Python 3.10.12 (main, Mar 3 2026, 11:56:32) [GCC 11.4.0] # Embedded file name: data/rq3/cpython-3.10/unittest_seeds/raw/cpython_case_test_compile_Te...;pylingual:error:──────────────────────────────────────────────────────────────────────────────── ,ggggggggggg, ,gggg, dP""""""88""""""""""""Y8, d8"" ""8I ,dPYb, Yb, 88 `8b 88 ,dP IP'`Yb `"" 88 ,8P 8888888P"" gg I8 8I 88aaaad8P"" 88 """" I8 8' 88""""""""""gg gg 88 gg ,ggg,,g...",decompyle3:not_run:;pylingual:not_run:
cpython-310,data/rq3/cpython-3.10/unique_bug_pyc/cpython-310-568e1f5f77e9.pyc,no_source,"# decompyle3 version 3.9.3 # Python bytecode version base 3.10 (3439) # Decompiled from: Python 3.10.12 (main, Mar 3 2026, 11:56:32) [GCC 11.4.0] # Embedded file name: data/rq3/cpython-3.10/unittest_seeds/raw/cpython_case_test_patma_Test...",crash,signal_11:,,"decompyle3:error:# decompyle3 version 3.9.3 # Python bytecode version base 3.10 (3439) # Decompiled from: Python 3.10.12 (main, Mar 3 2026, 11:56:32) [GCC 11.4.0] # Embedded file name: data/rq3/cpython-3.10/unittest_seeds/raw/cpython_case_test_patma_Test...;pylingual:error:──────────────────────────────────────────────────────────────────────────────── ,ggggggggggg, ,gggg, dP""""""88""""""""""""Y8, d8"" ""8I ,dPYb, Yb, 88 `8b 88 ,dP IP'`Yb `"" 88 ,8P 8888888P"" gg I8 8I 88aaaad8P"" 88 """" I8 8' 88""""""""""gg gg 88 gg ,ggg,,g...",decompyle3:not_run:;pylingual:not_run:
cpython-310,data/rq3/cpython-3.10/unique_bug_pyc/cpython-310-58999579f5d2.pyc,no_source,"# decompyle3 version 3.9.3 # Python bytecode version base 3.10 (3439) # Decompiled from: Python 3.10.12 (main, Mar 3 2026, 11:56:32) [GCC 11.4.0] # Embedded file name: ,X devq3/cpython-3.10/unittest_seeds/raw/cpython_case_test_os_Win32Ki...",crash,signal_11:,,"decompyle3:error:# decompyle3 version 3.9.3 # Python bytecode version base 3.10 (3439) # Decompiled from: Python 3.10.12 (main, Mar 3 2026, 11:56:32) [GCC 11.4.0] # Embedded file name: ,X devq3/cpython-3.10/unittest_seeds/raw/cpython_case_test_os_Win32Ki...;pylingual:error:──────────────────────────────────────────────────────────────────────────────── ,ggggggggggg, ,gggg, dP""""""88""""""""""""Y8, d8"" ""8I ,dPYb, Yb, 88 `8b 88 ,dP IP'`Yb `"" 88 ,8P 8888888P"" gg I8 8I 88aaaad8P"" 88 """" I8 8' 88""""""""""gg gg 88 gg ,ggg,,g...",decompyle3:not_run:;pylingual:not_run:
cpython-310,data/rq3/cpython-3.10/unique_bug_pyc/cpython-310-5c8dd81e480e.pyc,unconfirmed,original bytecode status ok:,ok,,,"decompyle3:error:# decompyle3 version 3.9.3 # Python bytecode version base 3.10 (3439) # Decompiled from: Python 3.10.12 (main, Mar 3 2026, 11:56:32) [GCC 11.4.0] # Embedded file name: data/rq3/cpython-3.10/unittest_seeds/raw/cpython_case_test_faulthandl...;pylingual:error:──────────────────────────────────────────────────────────────────────────────── ,ggggggggggg, ,gggg, dP""""""88""""""""""""Y8, d8"" ""8I ,dPYb, Yb, 88 `8b 88 ,dP IP'`Yb `"" 88 ,8P 8888888P"" gg I8 8I 88aaaad8P"" 88 """" I8 8' 88""""""""""gg gg 88 gg ,ggg,,g...",decompyle3:not_run:;pylingual:not_run:
cpython-310,data/rq3/cpython-3.10/unique_bug_pyc/cpython-310-5d55816ed624.pyc,no_source,"# decompyle3 version 3.9.3 # Python bytecode version base 3.10 (3439) # Decompiled from: Python 3.10.12 (main, Mar 3 2026, 11:56:32) [GCC 11.4.0] # Embedded file name: data/rq3/cpython-3.10/unittest_seeds/raw/cpython_case_test_enum_TestE...",crash,signal_11:,,"decompyle3:error:# decompyle3 version 3.9.3 # Python bytecode version base 3.10 (3439) # Decompiled from: Python 3.10.12 (main, Mar 3 2026, 11:56:32) [GCC 11.4.0] # Embedded file name: data/rq3/cpython-3.10/unittest_seeds/raw/cpython_case_test_enum_TestE...;pylingual:error:──────────────────────────────────────────────────────────────────────────────── ,ggggggggggg, ,gggg, dP""""""88""""""""""""Y8, d8"" ""8I ,dPYb, Yb, 88 `8b 88 ,dP IP'`Yb `"" 88 ,8P 8888888P"" gg I8 8I 88aaaad8P"" 88 """" I8 8' 88""""""""""gg gg 88 gg ,ggg,,g...",decompyle3:not_run:;pylingual:not_run:
cpython-310,data/rq3/cpython-3.10/unique_bug_pyc/cpython-310-5dff98827dfd.pyc,no_source,"# decompyle3 version 3.9.3 # Python bytecode version base 3.10 (3439) # Decompiled from: Python 3.10.12 (main, Mar 3 2026, 11:56:32) [GCC 11.4.0] # Embedded file name: data/rq3/cpython-3.10/unittest_seeds/raw/cpython_case_test_os_Win32Nt...",crash,signal_11:,,"decompyle3:error:# decompyle3 version 3.9.3 # Python bytecode version base 3.10 (3439) # Decompiled from: Python 3.10.12 (main, Mar 3 2026, 11:56:32) [GCC 11.4.0] # Embedded file name: data/rq3/cpython-3.10/unittest_seeds/raw/cpython_case_test_os_Win32Nt...;pylingual:error:──────────────────────────────────────────────────────────────────────────────── ,ggggggggggg, ,gggg, dP""""""88""""""""""""Y8, d8"" ""8I ,dPYb, Yb, 88 `8b 88 ,dP IP'`Yb `"" 88 ,8P 8888888P"" gg I8 8I 88aaaad8P"" 88 """" I8 8' 88""""""""""gg gg 88 gg ,ggg,,g...",decompyle3:not_run:;pylingual:not_run:
cpython-310,data/rq3/cpython-3.10/unique_bug_pyc/cpython-310-5f84dccb33a7.pyc,unconfirmed,original bytecode status ok:,ok,,,"decompyle3:error:# decompyle3 version 3.9.3 # Python bytecode version base 3.10 (3439) # Decompiled from: Python 3.10.12 (main, Mar 3 2026, 11:56:32) [GCC 11.4.0] # Embedded file name: data/rq3/cpython-3.10/unittest_seeds/raw/cpython_case_test_named_expr...;pylingual:error:──────────────────────────────────────────────────────────────────────────────── ,ggggggggggg, ,gggg, dP""""""88""""""""""""Y8, d8"" ""8I ,dPYb, Yb, 88 `8b 88 ,dP IP'`Yb `"" 88 ,8P 8888888P"" gg I8 8I 88aaaad8P"" 88 """" I8 8' 88""""""""""gg gg 88 gg ,ggg,,g...",decompyle3:not_run:;pylingual:not_run:
cpython-310,data/rq3/cpython-3.10/unique_bug_pyc/cpython-310-6381fd66a790.pyc,no_source,"# decompyle3 version 3.9.3 # Python bytecode version base 3.10 (3439) # Decompiled from: Python 3.10.12 (main, Mar 3 2026, 11:56:32) [GCC 11.4.0] # Embedded file name: data/rq3/cpython-3.10/unittest_seeds/raw/cpython_case_test_fstring_Te...",crash,signal_11:,,"decompyle3:error:# decompyle3 version 3.9.3 # Python bytecode version base 3.10 (3439) # Decompiled from: Python 3.10.12 (main, Mar 3 2026, 11:56:32) [GCC 11.4.0] # Embedded file name: data/rq3/cpython-3.10/unittest_seeds/raw/cpython_case_test_fstring_Te...;pylingual:error:──────────────────────────────────────────────────────────────────────────────── ,ggggggggggg, ,gggg, dP""""""88""""""""""""Y8, d8"" ""8I ,dPYb, Yb, 88 `8b 88 ,dP IP'`Yb `"" 88 ,8P 8888888P"" gg I8 8I 88aaaad8P"" 88 """" I8 8' 88""""""""""gg gg 88 gg ,ggg,,g...",decompyle3:not_run:;pylingual:not_run:
cpython-310,data/rq3/cpython-3.10/unique_bug_pyc/cpython-310-65d4b833f586.pyc,unconfirmed,original bytecode status ok:,ok,,,"decompyle3:error:# decompyle3 version 3.9.3 # Python bytecode version base 3.10 (3439) # Decompiled from: Python 3.10.12 (main, Mar 3 2026, 11:56:32) [GCC 11.4.0] # Embedded file name: data/rq3/cpython-3.10/unittest_seeds/raw/cpython_case_test_named_expr...;pylingual:error:──────────────────────────────────────────────────────────────────────────────── ,ggggggggggg, ,gggg, dP""""""88""""""""""""Y8, d8"" ""8I ,dPYb, Yb, 88 `8b 88 ,dP IP'`Yb `"" 88 ,8P 8888888P"" gg I8 8I 88aaaad8P"" 88 """" I8 8' 88""""""""""gg gg 88 gg ,ggg,,g...",decompyle3:not_run:;pylingual:not_run:
cpython-310,data/rq3/cpython-3.10/unique_bug_pyc/cpython-310-680d864ff083.pyc,unconfirmed,original bytecode status ok:,ok,,,"decompyle3:error:# decompyle3 version 3.9.3 # Python bytecode version base 3.10 (3439) # Decompiled from: Python 3.10.12 (main, Mar 3 2026, 11:56:32) [GCC 11.4.0] # Embedded file name: data/rq3/cpython-3.10/unittest_seeds/raw/cpython_case_test_tokenize_T...;pylingual:error:──────────────────────────────────────────────────────────────────────────────── ,ggggggggggg, ,gggg, dP""""""88""""""""""""Y8, d8"" ""8I ,dPYb, Yb, 88 `8b 88 ,dP IP'`Yb `"" 88 ,8P 8888888P"" gg I8 8I 88aaaad8P"" 88 """" I8 8' 88""""""""""gg gg 88 gg ,ggg,,g...",decompyle3:not_run:;pylingual:not_run:
cpython-310,data/rq3/cpython-3.10/unique_bug_pyc/cpython-310-686faa2200fc.pyc,no_source,/home/awen/git/PybcSEC/PycLens/data/rq2/envs/cpython-310/lib/python3.10/site-packages/click/core.py:1307: UserWarning: The parameter --version is used more than once. Remove its duplicate as parameters should be unique. parser = self.mak...,crash,signal_11:,,"decompyle3:exit_2:/home/awen/git/PybcSEC/PycLens/data/rq2/envs/cpython-310/lib/python3.10/site-packages/click/core.py:1307: UserWarning: The parameter --version is used more than once. Remove its duplicate as parameters should be unique. parser = self.mak...;pylingual:error:──────────────────────────────────────────────────────────────────────────────── ,ggggggggggg, ,gggg, dP""""""88""""""""""""Y8, d8"" ""8I ,dPYb, Yb, 88 `8b 88 ,dP IP'`Yb `"" 88 ,8P 8888888P"" gg I8 8I 88aaaad8P"" 88 """" I8 8' 88""""""""""gg gg 88 gg ,ggg,,g...",decompyle3:not_run:;pylingual:not_run:
cpython-310,data/rq3/cpython-3.10/unique_bug_pyc/cpython-310-6a7fd14d880e.pyc,unconfirmed,original bytecode status ok:,ok,,,"decompyle3:error:# decompyle3 version 3.9.3 # Python bytecode version base 3.10 (3439) # Decompiled from: Python 3.10.12 (main, Mar 3 2026, 11:56:32) [GCC 11.4.0] # Embedded file name: data/rq3/cpython-3.10/unittest_seeds/raw/cpython_case_test_coroutines...;pylingual:error:──────────────────────────────────────────────────────────────────────────────── ,ggggggggggg, ,gggg, dP""""""88""""""""""""Y8, d8"" ""8I ,dPYb, Yb, 88 `8b 88 ,dP IP'`Yb `"" 88 ,8P 8888888P"" gg I8 8I 88aaaad8P"" 88 """" I8 8' 88""""""""""gg gg 88 gg ,ggg,,g...",decompyle3:not_run:;pylingual:not_run:
cpython-310,data/rq3/cpython-3.10/unique_bug_pyc/cpython-310-6be792256da7.pyc,no_source,"# decompyle3 version 3.9.3 # Python bytecode version base 3.10 (3439) # Decompiled from: Python 3.10.12 (main, Mar 3 2026, 11:56:32) [GCC 11.4.0] # Embedded file name: data/rq3/cpython-3.10/unittest_seeds/raw/cpython_case_test_xxlimited_...",exit_1,"Traceback (most recent call last): File ""/home/awen/git/PybcSEC/PycLens/data/rq4/harness.py"", line 26, in <module> exec(code, namespace, namespace) File ""data/rq3/cpython-3.10/unittest_seeds/raw/cpython_case_test_xxlimited_TestXXLimited3...",,"decompyle3:error:# decompyle3 version 3.9.3 # Python bytecode version base 3.10 (3439) # Decompiled from: Python 3.10.12 (main, Mar 3 2026, 11:56:32) [GCC 11.4.0] # Embedded file name: data/rq3/cpython-3.10/unittest_seeds/raw/cpython_case_test_xxlimited_...;pylingual:error:──────────────────────────────────────────────────────────────────────────────── ,ggggggggggg, ,gggg, dP""""""88""""""""""""Y8, d8"" ""8I ,dPYb, Yb, 88 `8b 88 ,dP IP'`Yb `"" 88 ,8P 8888888P"" gg I8 8I 88aaaad8P"" 88 """" I8 8' 88""""""""""gg gg 88 gg ,ggg,,g...",decompyle3:not_run:;pylingual:not_run:
cpython-310,data/rq3/cpython-3.10/unique_bug_pyc/cpython-310-6cdd9c217f1b.pyc,unconfirmed,original bytecode status ok:,ok,,,"decompyle3:error:# decompyle3 version 3.9.3 # Python bytecode version base 3.10 (3439) # Decompiled from: Python 3.10.12 (main, Mar 3 2026, 11:56:32) [GCC 11.4.0] # Embedded file name: data/rq3/cpython-3.10/unittest_seeds/raw/cpython_case_test_set_TestMe...;pylingual:error:──────────────────────────────────────────────────────────────────────────────── ,ggggggggggg, ,gggg, dP""""""88""""""""""""Y8, d8"" ""8I ,dPYb, Yb, 88 `8b 88 ,dP IP'`Yb `"" 88 ,8P 8888888P"" gg I8 8I 88aaaad8P"" 88 """" I8 8' 88""""""""""gg gg 88 gg ,ggg,,g...",decompyle3:not_run:;pylingual:not_run:
cpython-310,data/rq3/cpython-3.10/unique_bug_pyc/cpython-310-6d41228373dc.pyc,unconfirmed,original bytecode status ok:,ok,,,"decompyle3:error:# decompyle3 version 3.9.3 # Python bytecode version base 3.10 (3439) # Decompiled from: Python 3.10.12 (main, Mar 3 2026, 11:56:32) [GCC 11.4.0] # Embedded file name: data/rq3/cpython-3.10/unittest_seeds/raw/cpython_case_test_types_Type...;pylingual:error:──────────────────────────────────────────────────────────────────────────────── ,ggggggggggg, ,gggg, dP""""""88""""""""""""Y8, d8"" ""8I ,dPYb, Yb, 88 `8b 88 ,dP IP'`Yb `"" 88 ,8P 8888888P"" gg I8 8I 88aaaad8P"" 88 """" I8 8' 88""""""""""gg gg 88 gg ,ggg,,g...",decompyle3:not_run:;pylingual:not_run:
cpython-310,data/rq3/cpython-3.10/unique_bug_pyc/cpython-310-7009d80d6209.pyc,unconfirmed,original bytecode status ok:,ok,,,"decompyle3:error:# decompyle3 version 3.9.3 # Python bytecode version base 3.10 (3439) # Decompiled from: Python 3.10.12 (main, Mar 3 2026, 11:56:32) [GCC 11.4.0] # Embedded file name: data/rq3/cpython-3.10/unittest_seeds/raw/cpython_case_test_linecache_...;pylingual:error:──────────────────────────────────────────────────────────────────────────────── ,ggggggggggg, ,gggg, dP""""""88""""""""""""Y8, d8"" ""8I ,dPYb, Yb, 88 `8b 88 ,dP IP'`Yb `"" 88 ,8P 8888888P"" gg I8 8I 88aaaad8P"" 88 """" I8 8' 88""""""""""gg gg 88 gg ,ggg,,g...",decompyle3:not_run:;pylingual:not_run:
cpython-310,data/rq3/cpython-3.10/unique_bug_pyc/cpython-310-76cf17555470.pyc,unconfirmed,original bytecode status ok:,ok,,,"decompyle3:error:# decompyle3 version 3.9.3 # Python bytecode version base 3.10 (3439) # Decompiled from: Python 3.10.12 (main, Mar 3 2026, 11:56:32) [GCC 11.4.0] # Embedded file name: data/rq3/cpython-3.10/unittest_seeds/raw/cpython_case_test_xml_etree_...;pylingual:error:──────────────────────────────────────────────────────────────────────────────── ,ggggggggggg, ,gggg, dP""""""88""""""""""""Y8, d8"" ""8I ,dPYb, Yb, 88 `8b 88 ,dP IP'`Yb `"" 88 ,8P 8888888P"" gg I8 8I 88aaaad8P"" 88 """" I8 8' 88""""""""""gg gg 88 gg ,ggg,,g...",decompyle3:not_run:;pylingual:not_run:
cpython-310,data/rq3/cpython-3.10/unique_bug_pyc/cpython-310-779c73b13507.pyc,unconfirmed,original bytecode status ok:,ok,,,"decompyle3:error:# decompyle3 version 3.9.3 # Python bytecode version base 3.10 (3439) # Decompiled from: Python 3.10.12 (main, Mar 3 2026, 11:56:32) [GCC 11.4.0] # Embedded file name: data/rq3/cpython-3.10/unittest_seeds/raw/cpython_case_test_operator_O...;pylingual:error:──────────────────────────────────────────────────────────────────────────────── ,ggggggggggg, ,gggg, dP""""""88""""""""""""Y8, d8"" ""8I ,dPYb, Yb, 88 `8b 88 ,dP IP'`Yb `"" 88 ,8P 8888888P"" gg I8 8I 88aaaad8P"" 88 """" I8 8' 88""""""""""gg gg 88 gg ,ggg,,g...",decompyle3:not_run:;pylingual:not_run:
cpython-310,data/rq3/cpython-3.10/unique_bug_pyc/cpython-310-77c5cfd67f58.pyc,unconfirmed,original bytecode status ok:,ok,,,"decompyle3:error:# decompyle3 version 3.9.3 # Python bytecode version base 3.10 (3439) # Decompiled from: Python 3.10.12 (main, Mar 3 2026, 11:56:32) [GCC 11.4.0] # Embedded file name: data/rq3/cpython-3.10/unittest_seeds/raw/cpython_case_test_typing_For...;pylingual:error:──────────────────────────────────────────────────────────────────────────────── ,ggggggggggg, ,gggg, dP""""""88""""""""""""Y8, d8"" ""8I ,dPYb, Yb, 88 `8b 88 ,dP IP'`Yb `"" 88 ,8P 8888888P"" gg I8 8I 88aaaad8P"" 88 """" I8 8' 88""""""""""gg gg 88 gg ,ggg,,g...",decompyle3:not_run:;pylingual:not_run:
cpython-310,data/rq3/cpython-3.10/unique_bug_pyc/cpython-310-788276e8dd39.pyc,unconfirmed,original bytecode status ok:,ok,,,"decompyle3:error:# decompyle3 version 3.9.3 # Python bytecode version base 3.10 (3439) # Decompiled from: Python 3.10.12 (main, Mar 3 2026, 11:56:32) [GCC 11.4.0] # Embedded file name: data/rq3/cpython-3.10/unittest_seeds/raw/cpython_case_test_set_TestOn...;pylingual:error:──────────────────────────────────────────────────────────────────────────────── ,ggggggggggg, ,gggg, dP""""""88""""""""""""Y8, d8"" ""8I ,dPYb, Yb, 88 `8b 88 ,dP IP'`Yb `"" 88 ,8P 8888888P"" gg I8 8I 88aaaad8P"" 88 """" I8 8' 88""""""""""gg gg 88 gg ,ggg,,g...",decompyle3:not_run:;pylingual:not_run:
cpython-310,data/rq3/cpython-3.10/unique_bug_pyc/cpython-310-79753b54b14f.pyc,unconfirmed,original bytecode status ok:,ok,,,"decompyle3:error:# decompyle3 version 3.9.3 # Python bytecode version base 3.10 (3439) # Decompiled from: Python 3.10.12 (main, Mar 3 2026, 11:56:32) [GCC 11.4.0] # Embedded file name: data/rq3/cpython-3.10/unittest_seeds/raw/cpython_case_test_os_Win32Ki...;pylingual:error:──────────────────────────────────────────────────────────────────────────────── ,ggggggggggg, ,gggg, dP""""""88""""""""""""Y8, d8"" ""8I ,dPYb, Yb, 88 `8b 88 ,dP IP'`Yb `"" 88 ,8P 8888888P"" gg I8 8I 88aaaad8P"" 88 """" I8 8' 88""""""""""gg gg 88 gg ,ggg,,g...",decompyle3:not_run:;pylingual:not_run:
cpython-310,data/rq3/cpython-3.10/unique_bug_pyc/cpython-310-79a82faa3fe4.pyc,no_source,"# decompyle3 version 3.9.3 # Python bytecode version base 3.10 (3439) # Decompiled from: Python 3.10.12 (main, Mar 3 2026, 11:56:32) [GCC 11.4.0] # Embedded file name: data/rq3/cpython-3.10/unittest_seeds/raw/cpython_case_test_set_TestJo...",crash,signal_11:,,"decompyle3:error:# decompyle3 version 3.9.3 # Python bytecode version base 3.10 (3439) # Decompiled from: Python 3.10.12 (main, Mar 3 2026, 11:56:32) [GCC 11.4.0] # Embedded file name: data/rq3/cpython-3.10/unittest_seeds/raw/cpython_case_test_set_TestJo...;pylingual:error:──────────────────────────────────────────────────────────────────────────────── ,ggggggggggg, ,gggg, dP""""""88""""""""""""Y8, d8"" ""8I ,dPYb, Yb, 88 `8b 88 ,dP IP'`Yb `"" 88 ,8P 8888888P"" gg I8 8I 88aaaad8P"" 88 """" I8 8' 88""""""""""gg gg 88 gg ,ggg,,g...",decompyle3:not_run:;pylingual:not_run:
cpython-310,data/rq3/cpython-3.10/unique_bug_pyc/cpython-310-7c36e44e9194.pyc,unconfirmed,original bytecode status ok:,ok,,,"decompyle3:error:# decompyle3 version 3.9.3 # Python bytecode version base 3.10 (3439) # Decompiled from: Python 3.10.12 (main, Mar 3 2026, 11:56:32) [GCC 11.4.0] # Embedded file name: data/rq3/cpython-3.10/unittest_seeds/raw/cpython_case_test_baseexcept...;pylingual:timeout:timeout_after_600s",decompyle3:not_run:;pylingual:not_run:
cpython-310,data/rq3/cpython-3.10/unique_bug_pyc/cpython-310-8320c023298e.pyc,unconfirmed,original bytecode status ok:,ok,,,"decompyle3:error:# decompyle3 version 3.9.3 # Python bytecode version base 3.10 (3439) # Decompiled from: Python 3.10.12 (main, Mar 3 2026, 11:56:32) [GCC 11.4.0] # Embedded file name: data/rq3/cpython-3.10/unittest_seeds/raw/cpython_case_test_tracemallo...;pylingual:error:──────────────────────────────────────────────────────────────────────────────── ,ggggggggggg, ,gggg, dP""""""88""""""""""""Y8, d8"" ""8I ,dPYb, Yb, 88 `8b 88 ,dP IP'`Yb `"" 88 ,8P 8888888P"" gg I8 8I 88aaaad8P"" 88 """" I8 8' 88""""""""""gg gg 88 gg ,ggg,,g...",decompyle3:not_run:;pylingual:not_run:
cpython-310,data/rq3/cpython-3.10/unique_bug_pyc/cpython-310-84eba60d583a.pyc,no_source,"# decompyle3 version 3.9.3 # Python bytecode version base 3.10 (3439) # Decompiled from: Python 3.10.12 (main, Mar 3 2026, 11:56:32) [GCC 11.4.0] # Embedded file name: data/rq3/cpython-3.10/unittest_seeds/raw/cpython_case_test_slice_Slic...",exit_1,"Traceback (most recent call last): File ""/home/awen/git/PybcSEC/PycLens/data/rq4/harness.py"", line 26, in <module> exec(code, namespace, namespace) File ""data/rq3/cpython-3.10/unittest_seeds/raw/cpython_case_test_slice_SliceTest_test_dee...",,"decompyle3:error:# decompyle3 version 3.9.3 # Python bytecode version base 3.10 (3439) # Decompiled from: Python 3.10.12 (main, Mar 3 2026, 11:56:32) [GCC 11.4.0] # Embedded file name: data/rq3/cpython-3.10/unittest_seeds/raw/cpython_case_test_slice_Slic...;pylingual:error:──────────────────────────────────────────────────────────────────────────────── ,ggggggggggg, ,gggg, dP""""""88""""""""""""Y8, d8"" ""8I ,dPYb, Yb, 88 `8b 88 ,dP IP'`Yb `"" 88 ,8P 8888888P"" gg I8 8I 88aaaad8P"" 88 """" I8 8' 88""""""""""gg gg 88 gg ,ggg,,g...",decompyle3:not_run:;pylingual:not_run:
cpython-310,data/rq3/cpython-3.10/unique_bug_pyc/cpython-310-867daa1a12e5.pyc,unconfirmed,original bytecode status ok:,ok,,,"decompyle3:error:# decompyle3 version 3.9.3 # Python bytecode version base 3.10 (3439) # Decompiled from: Python 3.10.12 (main, Mar 3 2026, 11:56:32) [GCC 11.4.0] # Embedded file name: data/rq3/cpython-3.10/unittest_seeds/raw/cpython_case_test_dataclasse...;pylingual:error:──────────────────────────────────────────────────────────────────────────────── ,ggggggggggg, ,gggg, dP""""""88""""""""""""Y8, d8"" ""8I ,dPYb, Yb, 88 `8b 88 ,dP IP'`Yb `"" 88 ,8P 8888888P"" gg I8 8I 88aaaad8P"" 88 """" I8 8' 88""""""""""gg gg 88 gg ,ggg,,g...",decompyle3:not_run:;pylingual:not_run:
cpython-310,data/rq3/cpython-3.10/unique_bug_pyc/cpython-310-874a41ac9924.pyc,unconfirmed,original bytecode status ok:,ok,,,"decompyle3:error:# decompyle3 version 3.9.3 # Python bytecode version base 3.10 (3439) # Decompiled from: Python 3.10.12 (main, Mar 3 2026, 11:56:32) [GCC 11.4.0] # Embedded file name: data/rq3/cpython-3.10/unittest_seeds/raw/cpython_case_test_sys_SysMod...;pylingual:error:──────────────────────────────────────────────────────────────────────────────── ,ggggggggggg, ,gggg, dP""""""88""""""""""""Y8, d8"" ""8I ,dPYb, Yb, 88 `8b 88 ,dP IP'`Yb `"" 88 ,8P 8888888P"" gg I8 8I 88aaaad8P"" 88 """" I8 8' 88""""""""""gg gg 88 gg ,ggg,,g...",decompyle3:not_run:;pylingual:not_run:
cpython-310,data/rq3/cpython-3.10/unique_bug_pyc/cpython-310-89fe3eb04cd8.pyc,unconfirmed,original bytecode status ok:,ok,,,"decompyle3:error:# decompyle3 version 3.9.3 # Python bytecode version base 3.10 (3439) # Decompiled from: Python 3.10.12 (main, Mar 3 2026, 11:56:32) [GCC 11.4.0] # Embedded file name: data/rq3/cpython-3.10/unittest_seeds/raw/cpython_case_test_plistlib_T...;pylingual:error:──────────────────────────────────────────────────────────────────────────────── ,ggggggggggg, ,gggg, dP""""""88""""""""""""Y8, d8"" ""8I ,dPYb, Yb, 88 `8b 88 ,dP IP'`Yb `"" 88 ,8P 8888888P"" gg I8 8I 88aaaad8P"" 88 """" I8 8' 88""""""""""gg gg 88 gg ,ggg,,g...",decompyle3:not_run:;pylingual:not_run:
cpython-310,data/rq3/cpython-3.10/unique_bug_pyc/cpython-310-8d2aa8aa9f9d.pyc,unconfirmed,original bytecode status ok:,ok,,,"decompyle3:error:# decompyle3 version 3.9.3 # Python bytecode version base 3.10 (3439) # Decompiled from: Python 3.10.12 (main, Mar 3 2026, 11:56:32) [GCC 11.4.0] # Embedded file name: data/rq3/cpython-3.10/unittest_seeds/raw/cpython_case_test_codecs_Exc...;pylingual:error:──────────────────────────────────────────────────────────────────────────────── ,ggggggggggg, ,gggg, dP""""""88""""""""""""Y8, d8"" ""8I ,dPYb, Yb, 88 `8b 88 ,dP IP'`Yb `"" 88 ,8P 8888888P"" gg I8 8I 88aaaad8P"" 88 """" I8 8' 88""""""""""gg gg 88 gg ,ggg,,g...",decompyle3:not_run:;pylingual:not_run:
cpython-310,data/rq3/cpython-3.10/unique_bug_pyc/cpython-310-8f71b782659b.pyc,unconfirmed,original bytecode status ok:,ok,,,"decompyle3:error:# decompyle3 version 3.9.3 # Python bytecode version base 3.10 (3439) # Decompiled from: Python 3.10.12 (main, Mar 3 2026, 11:56:32) [GCC 11.4.0] # Embedded file name: data/rq3/cpython-3.10/unittest_seeds/raw/cpython_case_test_types_Type...;pylingual:error:──────────────────────────────────────────────────────────────────────────────── ,ggggggggggg, ,gggg, dP""""""88""""""""""""Y8, d8"" ""8I ,dPYb, Yb, 88 `8b 88 ,dP IP'`Yb `"" 88 ,8P 8888888P"" gg I8 8I 88aaaad8P"" 88 """" I8 8' 88""""""""""gg gg 88 gg ,ggg,,g...",decompyle3:not_run:;pylingual:not_run:
cpython-310,data/rq3/cpython-3.10/unique_bug_pyc/cpython-310-8f983d858481.pyc,no_source,"# decompyle3 version 3.9.3 # Python bytecode version base 3.10 (3439) # Decompiled from: Python 3.10.12 (main, Mar 3 2026, 11:56:32) [GCC 11.4.0] # Embedded file name: data/rq3/cpython-3.10/unittest_seeds/raw/cpython_case_test_typing_Prp...",crash,signal_11:,,"decompyle3:error:# decompyle3 version 3.9.3 # Python bytecode version base 3.10 (3439) # Decompiled from: Python 3.10.12 (main, Mar 3 2026, 11:56:32) [GCC 11.4.0] # Embedded file name: data/rq3/cpython-3.10/unittest_seeds/raw/cpython_case_test_typing_Prp...;pylingual:error:──────────────────────────────────────────────────────────────────────────────── ,ggggggggggg, ,gggg, dP""""""88""""""""""""Y8, d8"" ""8I ,dPYb, Yb, 88 `8b 88 ,dP IP'`Yb `"" 88 ,8P 8888888P"" gg I8 8I 88aaaad8P"" 88 """" I8 8' 88""""""""""gg gg 88 gg ,ggg,,g...",decompyle3:not_run:;pylingual:not_run:
cpython-310,data/rq3/cpython-3.10/unique_bug_pyc/cpython-310-915da9f04592.pyc,no_source,"# decompyle3 version 3.9.3 # Python bytecode version base 3.10 (3439) # Decompiled from: Python 3.10.12 (main, Mar 3 2026, 11:56:32) [GCC 11.4.0] # Embedded file name: data/rq3/cpython-3.10/unittest_seeds/raw/cpython_case_test_pkgutil_Im...",exit_1,"Traceback (most recent call last): File ""/home/awen/git/PybcSEC/PycLens/data/rq4/harness.py"", line 26, in <module> exec(code, namespace, namespace) File ""data/rq3/cpython-3.10/unittest_seeds/raw/cpython_case_test_pkgutil_ImportlibMigrati...",,"decompyle3:error:# decompyle3 version 3.9.3 # Python bytecode version base 3.10 (3439) # Decompiled from: Python 3.10.12 (main, Mar 3 2026, 11:56:32) [GCC 11.4.0] # Embedded file name: data/rq3/cpython-3.10/unittest_seeds/raw/cpython_case_test_pkgutil_Im...;pylingual:error:──────────────────────────────────────────────────────────────────────────────── ,ggggggggggg, ,gggg, dP""""""88""""""""""""Y8, d8"" ""8I ,dPYb, Yb, 88 `8b 88 ,dP IP'`Yb `"" 88 ,8P 8888888P"" gg I8 8I 88aaaad8P"" 88 """" I8 8' 88""""""""""gg gg 88 gg ,ggg,,g...",decompyle3:not_run:;pylingual:not_run:
cpython-310,data/rq3/cpython-3.10/unique_bug_pyc/cpython-310-948487e614eb.pyc,no_source,"# decompyle3 version 3.9.3 # Python bytecode version base 3.10 (3439) # Decompiled from: Python 3.10.12 (main, Mar 3 2026, 11:56:32) [GCC 11.4.0] # Embedded file name: data/rq3/cpython-3.10/unittest_seeds/raw/cpython_case_test_unparse_Un...",crash,signal_11:,,"decompyle3:error:# decompyle3 version 3.9.3 # Python bytecode version base 3.10 (3439) # Decompiled from: Python 3.10.12 (main, Mar 3 2026, 11:56:32) [GCC 11.4.0] # Embedded file name: data/rq3/cpython-3.10/unittest_seeds/raw/cpython_case_test_unparse_Un...;pylingual:error:──────────────────────────────────────────────────────────────────────────────── ,ggggggggggg, ,gggg, dP""""""88""""""""""""Y8, d8"" ""8I ,dPYb, Yb, 88 `8b 88 ,dP IP'`Yb `"" 88 ,8P 8888888P"" gg I8 8I 88aaaad8P"" 88 """" I8 8' 88""""""""""gg gg 88 gg ,ggg,,g...",decompyle3:not_run:;pylingual:not_run:
cpython-310,data/rq3/cpython-3.10/unique_bug_pyc/cpython-310-95a7ca01726e.pyc,unconfirmed,original bytecode status ok:,ok,,,"decompyle3:error:# decompyle3 version 3.9.3 # Python bytecode version base 3.10 (3439) # Decompiled from: Python 3.10.12 (main, Mar 3 2026, 11:56:32) [GCC 11.4.0] # Embedded file name: data/rq3/cpython-3.10/unittest_seeds/raw/cpython_case_test_marshal_In...;pylingual:error:──────────────────────────────────────────────────────────────────────────────── ,ggggggggggg, ,gggg, dP""""""88""""""""""""Y8, d8"" ""8I ,dPYb, Yb, 88 `8b 88 ,dP IP'`Yb `"" 88 ,8P 8888888P"" gg I8 8I 88aaaad8P"" 88 """" I8 8' 88""""""""""gg gg 88 gg ,ggg,,g...",decompyle3:not_run:;pylingual:not_run:
cpython-310,data/rq3/cpython-3.10/unique_bug_pyc/cpython-310-97e9c30c1760.pyc,unconfirmed,original bytecode status ok:,ok,,,"decompyle3:error:# decompyle3 version 3.9.3 # Python bytecode version base 3.10 (3439) # Decompiled from: Python 3.10.12 (main, Mar 3 2026, 11:56:32) [GCC 11.4.0] # Embedded file name: daD©¬nq3/cpython-3.10/unittest_seeds/raw/cpython_case_test_seto tJoim...;pylingual:error:──────────────────────────────────────────────────────────────────────────────── ,ggggggggggg, ,gggg, dP""""""88""""""""""""Y8, d8"" ""8I ,dPYb, Yb, 88 `8b 88 ,dP IP'`Yb `"" 88 ,8P 8888888P"" gg I8 8I 88aaaad8P"" 88 """" I8 8' 88""""""""""gg gg 88 gg ,ggg,,g...",decompyle3:not_run:;pylingual:not_run:
cpython-310,data/rq3/cpython-3.10/unique_bug_pyc/cpython-310-987b9fe188ce.pyc,unconfirmed,original bytecode status ok:,ok,,,"decompyle3:error:# decompyle3 version 3.9.3 # Python bytecode version base 3.10 (3439) # Decompiled from: Python 3.10.12 (main, Mar 3 2026, 11:56:32) [GCC 11.4.0] # Embedded file name: data/rq3/cpython-3.10/unittest_seeds/raw/cpython_case_test_unicode_Un...;pylingual:exit_-4:──────────────────────────────────────────────────────────────────────────────── ,ggggggggggg, ,gggg, dP""""""88""""""""""""Y8, d8"" ""8I ,dPYb, Yb, 88 `8b 88 ,dP IP'`Yb `"" 88 ,8P 8888888P"" gg I8 8I 88aaaad8P"" 88 """" I8 8' 88""""""""""gg gg 88 gg ,ggg,,g...",decompyle3:not_run:;pylingual:not_run:
cpython-310,data/rq3/cpython-3.10/unique_bug_pyc/cpython-310-9c7c6f71a688.pyc,unconfirmed,original bytecode status ok:,ok,,,"decompyle3:error:# decompyle3 version 3.9.3 # Python bytecode version base 3.10 (3439) # Decompiled from: Python 3.10.12 (main, Mar 3 2026, 11:56:32) [GCC 11.4.0] # Embedded file name: data/rq3/cpython-3.10/uc htest_seeds/raw/cpython_case_test_coroutines...;pylingual:error:──────────────────────────────────────────────────────────────────────────────── ,ggggggggggg, ,gggg, dP""""""88""""""""""""Y8, d8"" ""8I ,dPYb, Yb, 88 `8b 88 ,dP IP'`Yb `"" 88 ,8P 8888888P"" gg I8 8I 88aaaad8P"" 88 """" I8 8' 88""""""""""gg gg 88 gg ,ggg,,g...",decompyle3:not_run:;pylingual:not_run:
cpython-310,data/rq3/cpython-3.10/unique_bug_pyc/cpython-310-9d67ad185f54.pyc,unconfirmed,original bytecode status ok:,ok,,,"decompyle3:error:# decompyle3 version 3.9.3 # Python bytecode version base 3.10 (3439) # Decompiled from: Python 3.10.12 (main, Mar 3 2026, 11:56:32) [GCC 11.4.0] # Embedded file name: data/rq3/cpython-3.10/unittest_seeds/raw/cpython_case_test_opcodes_Op...;pylingual:error:──────────────────────────────────────────────────────────────────────────────── ,ggggggggggg, ,gggg, dP""""""88""""""""""""Y8, d8"" ""8I ,dPYb, Yb, 88 `8b 88 ,dP IP'`Yb `"" 88 ,8P 8888888P"" gg I8 8I 88aaaad8P"" 88 """" I8 8' 88""""""""""gg gg 88 gg ,ggg,,g...",decompyle3:not_run:;pylingual:not_run:
cpython-310,data/rq3/cpython-3.10/unique_bug_pyc/cpython-310-a2845363a4f7.pyc,no_source,"# decompyle3 version 3.9.3 # Python bytecode version base 3.10 (3439) # Decompiled from: Python 3.10.12 (main, Mar 3 2026, 11:56:32) [GCC 11.4.0] # Embedded file name: data/rq3/cpython-3.10/unittest_seeds/raw/cpython_case_test_xmlrpc_XML...",crash,signal_11:,,"decompyle3:error:# decompyle3 version 3.9.3 # Python bytecode version base 3.10 (3439) # Decompiled from: Python 3.10.12 (main, Mar 3 2026, 11:56:32) [GCC 11.4.0] # Embedded file name: data/rq3/cpython-3.10/unittest_seeds/raw/cpython_case_test_xmlrpc_XML...;pylingual:error:──────────────────────────────────────────────────────────────────────────────── ,ggggggggggg, ,gggg, dP""""""88""""""""""""Y8, d8"" ""8I ,dPYb, Yb, 88 `8b 88 ,dP IP'`Yb `"" 88 ,8P 8888888P"" gg I8 8I 88aaaad8P"" 88 """" I8 8' 88""""""""""gg gg 88 gg ,ggg,,g...",decompyle3:not_run:;pylingual:not_run:
cpython-310,data/rq3/cpython-3.10/unique_bug_pyc/cpython-310-a3c16df57eb1.pyc,unconfirmed,original bytecode status ok:,ok,,,"decompyle3:error:# decompyle3 version 3.9.3 # Python bytecode version base 3.10 (3439) # Decompiled from: Python 3.10.12 (main, Mar 3 2026, 11:56:32) [GCC 11.4.0] # Embedded file name: data/rq3/cpython-3.10/unittest_seeds/raw/cpython_case_test_sys_SysMod...;pylingual:error:──────────────────────────────────────────────────────────────────────────────── ,ggggggggggg, ,gggg, dP""""""88""""""""""""Y8, d8"" ""8I ,dPYb, Yb, 88 `8b 88 ,dP IP'`Yb `"" 88 ,8P 8888888P"" gg I8 8I 88aaaad8P"" 88 """" I8 8' 88""""""""""gg gg 88 gg ,ggg,,g...",decompyle3:not_run:;pylingual:not_run:
cpython-310,data/rq3/cpython-3.10/unique_bug_pyc/cpython-310-a605b6de0d32.pyc,no_source,"# decompyle3 version 3.9.3 # Python bytecode version base 3.10 (3439) # Decompiled from: Python 3.10.12 (main, Mar 3 2026, 11:56:32) [GCC 11.4.0] # Embedded file name: data/rq3/cpython-3.10/unittest_seeds/raw/cpython_case_test_ordere dic...",crash,signal_11:,,"decompyle3:error:# decompyle3 version 3.9.3 # Python bytecode version base 3.10 (3439) # Decompiled from: Python 3.10.12 (main, Mar 3 2026, 11:56:32) [GCC 11.4.0] # Embedded file name: data/rq3/cpython-3.10/unittest_seeds/raw/cpython_case_test_ordere dic...;pylingual:error:──────────────────────────────────────────────────────────────────────────────── ,ggggggggggg, ,gggg, dP""""""88""""""""""""Y8, d8"" ""8I ,dPYb, Yb, 88 `8b 88 ,dP IP'`Yb `"" 88 ,8P 8888888P"" gg I8 8I 88aaaad8P"" 88 """" I8 8' 88""""""""""gg gg 88 gg ,ggg,,g...",decompyle3:not_run:;pylingual:not_run:
cpython-310,data/rq3/cpython-3.10/unique_bug_pyc/cpython-310-a627885fcbcb.pyc,no_source,"# decompyle3 version 3.9.3 # Python bytecode version base 3.10 (3439) # Decompiled from: Python 3.10.12 (main, Mar 3 2026, 11:56:32) [GCC 11.4.0] # Embedded file name: data/rq3/cpython-3.10/unittest_seeds/raw/cpython_case_test_smtplib_SM...",crash,signal_11:,,"decompyle3:error:# decompyle3 version 3.9.3 # Python bytecode version base 3.10 (3439) # Decompiled from: Python 3.10.12 (main, Mar 3 2026, 11:56:32) [GCC 11.4.0] # Embedded file name: data/rq3/cpython-3.10/unittest_seeds/raw/cpython_case_test_smtplib_SM...;pylingual:error:──────────────────────────────────────────────────────────────────────────────── ,ggggggggggg, ,gggg, dP""""""88""""""""""""Y8, d8"" ""8I ,dPYb, Yb, 88 `8b 88 ,dP IP'`Yb `"" 88 ,8P 8888888P"" gg I8 8I 88aaaad8P"" 88 """" I8 8' 88""""""""""gg gg 88 gg ,ggg,,g...",decompyle3:not_run:;pylingual:not_run:
cpython-310,data/rq3/cpython-3.10/unique_bug_pyc/cpython-310-a705baf623ff.pyc,no_source,"# decompyle3 version 3.9.3 # Python bytecode version base 3.10 (3439) # Decompiled from: Python 3.10.12 (main, Mar 3 2026, 11:56:32) [GCC 11.4.0] # Embedded file name: data/rq3/cpython-3.10/unittest_seeds/raw/cpython_case_test_httplib_HT...",crash,"signal_11:SystemError: ../Objects/tupleobject.c:172: bad argument to internal function The above exception was the direct cause of the following exception: Traceback (most recent call last): File ""/home/awen/git/PybcSEC/PycLens/data/rq4/harness.py...",,"decompyle3:error:# decompyle3 version 3.9.3 # Python bytecode version base 3.10 (3439) # Decompiled from: Python 3.10.12 (main, Mar 3 2026, 11:56:32) [GCC 11.4.0] # Embedded file name: data/rq3/cpython-3.10/unittest_seeds/raw/cpython_case_test_httplib_HT...;pylingual:error:──────────────────────────────────────────────────────────────────────────────── ,ggggggggggg, ,gggg, dP""""""88""""""""""""Y8, d8"" ""8I ,dPYb, Yb, 88 `8b 88 ,dP IP'`Yb `"" 88 ,8P 8888888P"" gg I8 8I 88aaaad8P"" 88 """" I8 8' 88""""""""""gg gg 88 gg ,ggg,,g...",decompyle3:not_run:;pylingual:not_run:
cpython-310,data/rq3/cpython-3.10/unique_bug_pyc/cpython-310-a858800e657b.pyc,unconfirmed,original bytecode status ok:,ok,,,"decompyle3:error:# decompyle3 version 3.9.3 # Python bytecode version base 3.10 (3439) # Decompiled from: Python 3.10.12 (main, Mar 3 2026, 11:56:32) [GCC 11.4.0] # Embedded file name: data/rq3/cpython-3.10/unittest_seeds/raw/cpython_case_test_yield_from...;pylingual:error:──────────────────────────────────────────────────────────────────────────────── ,ggggggggggg, ,gggg, dP""""""88""""""""""""Y8, d8"" ""8I ,dPYb, Yb, 88 `8b 88 ,dP IP'`Yb `"" 88 ,8P 8888888P"" gg I8 8I 88aaaad8P"" 88 """" I8 8' 88""""""""""gg gg 88 gg ,ggg,,g...",decompyle3:not_run:;pylingual:not_run:
cpython-310,data/rq3/cpython-3.10/unique_bug_pyc/cpython-310-a96dec179e0a.pyc,no_source,"# decompyle3 version 3.9.3 # Python bytecode version base 3.10 (3439) # Decompiled from: Python 3.10.12 (main, Mar 3 2026, 11:56:32) [GCC 11.4.0] # Embedded file name: data/rq3/cpython-3.10/unittest_seeds/raw/cpython_case_test_embed_Init...",exit_1,"XXX lineno: -1, opcode: 198 Traceback (most recent call last): File ""/home/awen/git/PybcSEC/PycLens/data/rq4/harness.py"", line 26, in <module> exec(code, namespace, namespace) File ""data/rq3/cpython-3.10/unittest_seeds/raw/cpython_case_t...",,"decompyle3:error:# decompyle3 version 3.9.3 # Python bytecode version base 3.10 (3439) # Decompiled from: Python 3.10.12 (main, Mar 3 2026, 11:56:32) [GCC 11.4.0] # Embedded file name: data/rq3/cpython-3.10/unittest_seeds/raw/cpython_case_test_embed_Init...;pylingual:error:──────────────────────────────────────────────────────────────────────────────── ,ggggggggggg, ,gggg, dP""""""88""""""""""""Y8, d8"" ""8I ,dPYb, Yb, 88 `8b 88 ,dP IP'`Yb `"" 88 ,8P 8888888P"" gg I8 8I 88aaaad8P"" 88 """" I8 8' 88""""""""""gg gg 88 gg ,ggg,,g...",decompyle3:not_run:;pylingual:not_run:
cpython-310,data/rq3/cpython-3.10/unique_bug_pyc/cpython-310-a9d2ea09ae46.pyc,no_source,"# decompyle3 version 3.9.3 # Python bytecode version base 3.10 (3439) # Decompiled from: Python 3.10.12 (main, Mar 3 2026, 11:56:32) [GCC 11.4.0] # Embedded file name: data/rq3/cpython-3.10/unittest_seeds/raw/cpython_case_test_dis_Byteco...",exit_1,"Traceback (most recent call last): File ""/home/awen/git/PybcSEC/PycLens/data/rq4/harness.py"", line 26, in <module> exec(code, namespace, namespace) File ""data/rq3/cpython-3.10/unittest_seeds/raw/cpython_case_test_dis_BytecodeTests_test_i...",,"decompyle3:error:# decompyle3 version 3.9.3 # Python bytecode version base 3.10 (3439) # Decompiled from: Python 3.10.12 (main, Mar 3 2026, 11:56:32) [GCC 11.4.0] # Embedded file name: data/rq3/cpython-3.10/unittest_seeds/raw/cpython_case_test_dis_Byteco...;pylingual:error:──────────────────────────────────────────────────────────────────────────────── ,ggggggggggg, ,gggg, dP""""""88""""""""""""Y8, d8"" ""8I ,dPYb, Yb, 88 `8b 88 ,dP IP'`Yb `"" 88 ,8P 8888888P"" gg I8 8I 88aaaad8P"" 88 """" I8 8' 88""""""""""gg gg 88 gg ,ggg,,g...",decompyle3:not_run:;pylingual:not_run:
cpython-310,data/rq3/cpython-3.10/unique_bug_pyc/cpython-310-a9e7ed5b7f66.pyc,no_source,"# decompyle3 version 3.9.3 # Python bytecode version base 3.10 (3439) # Decompiled from: Python 3.10.12 (main, Mar 3 2026, 11:56:32) [GCC 11.4.0] # Embedded file name: data/rq3/cpython-3.10/unittest_seeds/raw/cpython_case_test_smtpd_SMTP...",crash,signal_11:,,"decompyle3:error:# decompyle3 version 3.9.3 # Python bytecode version base 3.10 (3439) # Decompiled from: Python 3.10.12 (main, Mar 3 2026, 11:56:32) [GCC 11.4.0] # Embedded file name: data/rq3/cpython-3.10/unittest_seeds/raw/cpython_case_test_smtpd_SMTP...;pylingual:error:──────────────────────────────────────────────────────────────────────────────── ,ggggggggggg, ,gggg, dP""""""88""""""""""""Y8, d8"" ""8I ,dPYb, Yb, 88 `8b 88 ,dP IP'`Yb `"" 88 ,8P 8888888P"" gg I8 8I 88aaaad8P"" 88 """" I8 8' 88""""""""""gg gg 88 gg ,ggg,,g...",decompyle3:not_run:;pylingual:not_run:
cpython-310,data/rq3/cpython-3.10/unique_bug_pyc/cpython-310-aad98fcf8b72.pyc,no_source,"# decompyle3 version 3.9.3 # Python bytecode version base 3.10 (3439) # Decompiled from: Python 3.10.12 (main, Mar 3 2026, 11:56:32) [GCC 11.4.0] # Embedded file name: data/rq3/cpython-3.10/unittest_seeds/raw/cpython_case_test_coroutines...",exit_1,"Traceback (most recent call last): File ""/home/awen/git/PybcSEC/PycLens/data/rq4/harness.py"", line 26, in <module> exec(code, namespace, namespace) File ""data/rq3/cpython-3.10/unittest_seeds/raw/cpython_case_test_coroutines_CoroutineTest...",,"decompyle3:error:# decompyle3 version 3.9.3 # Python bytecode version base 3.10 (3439) # Decompiled from: Python 3.10.12 (main, Mar 3 2026, 11:56:32) [GCC 11.4.0] # Embedded file name: data/rq3/cpython-3.10/unittest_seeds/raw/cpython_case_test_coroutines...;pylingual:error:──────────────────────────────────────────────────────────────────────────────── ,ggggggggggg, ,gggg, dP""""""88""""""""""""Y8, d8"" ""8I ,dPYb, Yb, 88 `8b 88 ,dP IP'`Yb `"" 88 ,8P 8888888P"" gg I8 8I 88aaaad8P"" 88 """" I8 8' 88""""""""""gg gg 88 gg ,ggg,,g...",decompyle3:not_run:;pylingual:not_run:
cpython-310,data/rq3/cpython-3.10/unique_bug_pyc/cpython-310-b3dab60bf79e.pyc,unconfirmed,original bytecode status ok:,ok,,,"decompyle3:error:# decompyle3 version 3.9.3 # Python bytecode version base 3.10 (3439) # Decompiled from: Python 3.10.12 (main, Mar 3 2026, 11:56:32) [GCC 11.4.0] # Embedded file name: data/rq3/cpython-3.10/unittest_seeds/raw/cpython_case_test_zipfile_Ab...;pylingual:error:──────────────────────────────────────────────────────────────────────────────── ,ggggggggggg, ,gggg, dP""""""88""""""""""""Y8, d8"" ""8I ,dPYb, Yb, 88 `8b 88 ,dP IP'`Yb `"" 88 ,8P 8888888P"" gg I8 8I 88aaaad8P"" 88 """" I8 8' 88""""""""""gg gg 88 gg ,ggg,,g...",decompyle3:not_run:;pylingual:not_run:
cpython-310,data/rq3/cpython-3.10/unique_bug_pyc/cpython-310-b47c5e123eaf.pyc,no_source,"# decompyle3 version 3.9.3 # Python bytecode version base 3.10 (3439) # Decompiled from: Python 3.10.12 (main, Mar 3 2026, 11:56:32) [GCC 11.4.0] # Embedded file name: data/rq3/cpython-3.10/unittesglobals/raw/cpython_case_test_xml_etree_...",exit_1,"Traceback (most recent call last): File ""/home/awen/git/PybcSEC/PycLens/data/rq4/harness.py"", line 26, in <module> exec(code, namespace, namespace) File ""data/rq3/cpython-3.10/unittesglobals/raw/cpython_case_test_xml_etree_BasicElementTe...",,"decompyle3:error:# decompyle3 version 3.9.3 # Python bytecode version base 3.10 (3439) # Decompiled from: Python 3.10.12 (main, Mar 3 2026, 11:56:32) [GCC 11.4.0] # Embedded file name: data/rq3/cpython-3.10/unittesglobals/raw/cpython_case_test_xml_etree_...;pylingual:error:──────────────────────────────────────────────────────────────────────────────── ,ggggggggggg, ,gggg, dP""""""88""""""""""""Y8, d8"" ""8I ,dPYb, Yb, 88 `8b 88 ,dP IP'`Yb `"" 88 ,8P 8888888P"" gg I8 8I 88aaaad8P"" 88 """" I8 8' 88""""""""""gg gg 88 gg ,ggg,,g...",decompyle3:not_run:;pylingual:not_run:
cpython-310,data/rq3/cpython-3.10/unique_bug_pyc/cpython-310-b4a5042ebe27.pyc,unconfirmed,original bytecode status ok:,ok,,,"decompyle3:error:# decompyle3 version 3.9.3 # Python bytecode version base 3.10 (3439) # Decompiled from: Python 3.10.12 (main, Mar 3 2026, 11:56:32) [GCC 11.4.0] # Embedded file name: data/rq3/cpython-3.10/unittest_seeds/raw/cpython_case_test_descr_Clas...;pylingual:error:──────────────────────────────────────────────────────────────────────────────── ,ggggggggggg, ,gggg, dP""""""88""""""""""""Y8, d8"" ""8I ,dPYb, Yb, 88 `8b 88 ,dP IP'`Yb `"" 88 ,8P 8888888P"" gg I8 8I 88aaaad8P"" 88 """" I8 8' 88""""""""""gg gg 88 gg ,ggg,,g...",decompyle3:not_run:;pylingual:not_run:
cpython-310,data/rq3/cpython-3.10/unique_bug_pyc/cpython-310-b89e5b6e146f.pyc,unconfirmed,original bytecode status ok:,ok,,,"decompyle3:error:# decompyle3 version 3.9.3 # Python bytecode version base 3.10 (3439) # Decompiled from: Python 3.10.12 (main, Mar 3 2026, 11:56:32) [GCC 11.4.0] # Embedded file name: data/rq3/cpython-3.10/unittest_seeds/raw/cpython_case_test_colorsys_C...;pylingual:error:──────────────────────────────────────────────────────────────────────────────── ,ggggggggggg, ,gggg, dP""""""88""""""""""""Y8, d8"" ""8I ,dPYb, Yb, 88 `8b 88 ,dP IP'`Yb `"" 88 ,8P 8888888P"" gg I8 8I 88aaaad8P"" 88 """" I8 8' 88""""""""""gg gg 88 gg ,ggg,,g...",decompyle3:not_run:;pylingual:not_run:
cpython-310,data/rq3/cpython-3.10/unique_bug_pyc/cpython-310-b9f87bc397f0.pyc,unconfirmed,original bytecode status ok:,ok,,,"decompyle3:error:# decompyle3 version 3.9.3 # Python bytecode version base 3.10 (3439) # Decompiled from: Python 3.10.12 (main, Mar 3 2026, 11:56:32) [GCC 11.4.0] # Embedded file name: data/rq3/cpython-3.10/unittest_seeds/raw/cpython_case_test_ordered_di...;pylingual:error:──────────────────────────────────────────────────────────────────────────────── ,ggggggggggg, ,gggg, dP""""""88""""""""""""Y8, d8"" ""8I ,dPYb, Yb, 88 `8b 88 ,dP IP'`Yb `"" 88 ,8P 8888888P"" gg I8 8I 88aaaad8P"" 88 """" I8 8' 88""""""""""gg gg 88 gg ,ggg,,g...",decompyle3:not_run:;pylingual:not_run:
cpython-310,data/rq3/cpython-3.10/unique_bug_pyc/cpython-310-bbafc83b38a2.pyc,no_source,/home/awen/git/PybcSEC/PycLens/data/rq2/envs/cpython-310/lib/python3.10/site-packages/click/core.py:1307: UserWarning: The parameter --version is used more than once. Remove its duplicate as parameters should be unique. parser = self.mak...,crash,signal_11:,,"decompyle3:exit_2:/home/awen/git/PybcSEC/PycLens/data/rq2/envs/cpython-310/lib/python3.10/site-packages/click/core.py:1307: UserWarning: The parameter --version is used more than once. Remove its duplicate as parameters should be unique. parser = self.mak...;pylingual:error:──────────────────────────────────────────────────────────────────────────────── ,ggggggggggg, ,gggg, dP""""""88""""""""""""Y8, d8"" ""8I ,dPYb, Yb, 88 `8b 88 ,dP IP'`Yb `"" 88 ,8P 8888888P"" gg I8 8I 88aaaad8P"" 88 """" I8 8' 88""""""""""gg gg 88 gg ,ggg,,g...",decompyle3:not_run:;pylingual:not_run:
cpython-310,data/rq3/cpython-3.10/unique_bug_pyc/cpython-310-bdf9161faae9.pyc,unconfirmed,original bytecode status ok:,ok,,,"decompyle3:exit_2:/home/awen/git/PybcSEC/PycLens/data/rq2/envs/cpython-310/lib/python3.10/site-packages/click/core.py:1307: UserWarning: The parameter --version is used more than once. Remove its duplicate as parameters should be unique. parser = self.mak...;pylingual:error:──────────────────────────────────────────────────────────────────────────────── ,ggggggggggg, ,gggg, dP""""""88""""""""""""Y8, d8"" ""8I ,dPYb, Yb, 88 `8b 88 ,dP IP'`Yb `"" 88 ,8P 8888888P"" gg I8 8I 88aaaad8P"" 88 """" I8 8' 88""""""""""gg gg 88 gg ,ggg,,g...",decompyle3:not_run:;pylingual:not_run:
cpython-310,data/rq3/cpython-3.10/unique_bug_pyc/cpython-310-bf714da58604.pyc,no_source,"# decompyle3 version 3.9.3 # Python bytecode version base 3.10 (3439) # Decompiled from: Python 3.10.12 (main, Mar 3 2026, 11:56:32) [GCC 11.4.0] # Embedded file name: data/rq3/cpython-3.10/unittest_seeds/raw/cpython_case_test_urllibnet_...",exit_1,"Traceback (most recent call last): File ""/home/awen/git/PybcSEC/PycLens/data/rq4/harness.py"", line 26, in <module> exec(code, namespace, namespace) File ""data/rq3/cpython-3.10/unittest_seeds/raw/cpython_case_test_urllibnet_urlopenNetwork...",,"decompyle3:error:# decompyle3 version 3.9.3 # Python bytecode version base 3.10 (3439) # Decompiled from: Python 3.10.12 (main, Mar 3 2026, 11:56:32) [GCC 11.4.0] # Embedded file name: data/rq3/cpython-3.10/unittest_seeds/raw/cpython_case_test_urllibnet_...;pylingual:error:──────────────────────────────────────────────────────────────────────────────── ,ggggggggggg, ,gggg, dP""""""88""""""""""""Y8, d8"" ""8I ,dPYb, Yb, 88 `8b 88 ,dP IP'`Yb `"" 88 ,8P 8888888P"" gg I8 8I 88aaaad8P"" 88 """" I8 8' 88""""""""""gg gg 88 gg ,ggg,,g...",decompyle3:not_run:;pylingual:not_run:
cpython-310,data/rq3/cpython-3.10/unique_bug_pyc/cpython-310-bfa4ec2fcc83.pyc,unconfirmed,original bytecode status ok:,ok,,,"decompyle3:error:# decompyle3 version 3.9.3 # Python bytecode version base 3.10 (3439) # Decompiled from: Python 3.10.12 (main, Mar 3 2026, 11:56:32) [GCC 11.4.0] # Embedded file name: data/rq3/cpython-3.10/unittest_seeds/raw/cpython_case_test_exceptions...;pylingual:exit_-4:──────────────────────────────────────────────────────────────────────────────── ,ggggggggggg, ,gggg, dP""""""88""""""""""""Y8, d8"" ""8I ,dPYb, Yb, 88 `8b 88 ,dP IP'`Yb `"" 88 ,8P 8888888P"" gg I8 8I 88aaaad8P"" 88 """" I8 8' 88""""""""""gg gg 88 gg ,ggg,,g...",decompyle3:not_run:;pylingual:not_run:
cpython-310,data/rq3/cpython-3.10/unique_bug_pyc/cpython-310-bfcd094b1431.pyc,unconfirmed,original bytecode status ok:,ok,,,"decompyle3:error:# decompyle3 version 3.9.3 # Python bytecode version base 3.10 (3439) # Decompiled from: Python 3.10.12 (main, Mar 3 2026, 11:56:32) [GCC 11.4.0] # Embedded file name: data/rq3/cpython-3.10/unittest_seeds/r\\0\\0\\0\\0\\0\\0\\0\\0\\0\\0\\0ã\\0\\0\\0\\0\\0\\0\\0\\0\\0\\0\\0\\0\\0\\0\\0e_Te...;pylingual:error:──────────────────────────────────────────────────────────────────────────────── ,ggggggggggg, ,gggg, dP""""""88""""""""""""Y8, d8"" ""8I ,dPYb, Yb, 88 `8b 88 ,dP IP'`Yb `"" 88 ,8P 8888888P"" gg I8 8I 88aaaad8P"" 88 """" I8 8' 88""""""""""gg gg 88 gg ,ggg,,g...",decompyle3:not_run:;pylingual:not_run:
cpython-310,data/rq3/cpython-3.10/unique_bug_pyc/cpython-310-c04186603693.pyc,unconfirmed,original bytecode status ok:,ok,,,"decompyle3:error:# decompyle3 version 3.9.3 # Python bytecode version base 3.9.0 (3425) # Decompiled from: Python 3.10.12 (main, Mar 3 2026, 11:56:32) [GCC 11.4.0] # Embedded file name: data/rq3/cpython-3.10/unittest_seeds/raw/cpython_case_test_pkgutil_I...;pylingual:error:──────────────────────────────────────────────────────────────────────────────── ,ggggggggggg, ,gggg, dP""""""88""""""""""""Y8, d8"" ""8I ,dPYb, Yb, 88 `8b 88 ,dP IP'`Yb `"" 88 ,8P 8888888P"" gg I8 8I 88aaaad8P"" 88 """" I8 8' 88""""""""""gg gg 88 gg ,ggg,,g...",decompyle3:not_run:;pylingual:not_run:
cpython-310,data/rq3/cpython-3.10/unique_bug_pyc/cpython-310-c1d0a457f892.pyc,unconfirmed,original bytecode status ok:,ok,,,"decompyle3:error:# decompyle3 version 3.9.3 # Python bytecode version base 3.10 (3439) # Decompiled from: Python 3.10.12 (main, Mar 3 2026, 11:56:32) [GCC 11.4.0] # Embedded file name: data/rq3/cpython-3.10/unittest_seeds/raw/cpython_case_test_hashlib_Ha...;pylingual:error:──────────────────────────────────────────────────────────────────────────────── ,ggggggggggg, ,gggg, dP""""""88""""""""""""Y8, d8"" ""8I ,dPYb, Yb, 88 `8b 88 ,dP IP'`Yb `"" 88 ,8P 8888888P"" gg I8 8I 88aaaad8P"" 88 """" I8 8' 88""""""""""gg gg 88 gg ,ggg,,g...",decompyle3:not_run:;pylingual:not_run:
cpython-310,data/rq3/cpython-3.10/unique_bug_pyc/cpython-310-cc0f34a307fa.pyc,unconfirmed,original bytecode status ok:,ok,,,"decompyle3:error:# decompyle3 version 3.9.3 # Python bytecode version base 3.10 (3439) # Decompiled from: Python 3.10.12 (main, Mar 3 2026, 11:56:32) [GCC 11.4.0] # Embedded file name: data/rq3/cpython-3.10/unittest_seeds/raw/cpython_case_test_io_TextIOW...;pylingual:error:──────────────────────────────────────────────────────────────────────────────── ,ggggggggggg, ,gggg, dP""""""88""""""""""""Y8, d8"" ""8I ,dPYb, Yb, 88 `8b 88 ,dP IP'`Yb `"" 88 ,8P 8888888P"" gg I8 8I 88aaaad8P"" 88 """" I8 8' 88""""""""""gg gg 88 gg ,ggg,,g...",decompyle3:not_run:;pylingual:not_run:
cpython-310,data/rq3/cpython-3.10/unique_bug_pyc/cpython-310-cecf5d74ddcc.pyc,unconfirmed,original bytecode status ok:,ok,,,"decompyle3:error:# decompyle3 version 3.9.3 # Python bytecode version base 3.10 (3439) # Decompiled from: Python 3.10.12 (main, Mar 3 2026, 11:56:32) [GCC 11.4.0] # Embedded file name: data/rq3/cpython-3.10/unittest_seeds/raw/cpython_case_test_range_Rang...;pylingual:error:──────────────────────────────────────────────────────────────────────────────── ,ggggggggggg, ,gggg, dP""""""88""""""""""""Y8, d8"" ""8I ,dPYb, Yb, 88 `8b 88 ,dP IP'`Yb `"" 88 ,8P 8888888P"" gg I8 8I 88aaaad8P"" 88 """" I8 8' 88""""""""""gg gg 88 gg ,ggg,,g...",decompyle3:not_run:;pylingual:not_run:
cpython-310,data/rq3/cpython-3.10/unique_bug_pyc/cpython-310-d531cfd01b69.pyc,no_source,"# decompyle3 version 3.9.3 # Python bytecode version base 3.10 (3439) # Decompiled from: Python 3.10.12 (main, Mar 3 2026, 11:56:32) [GCC 11.4.0] # Embedded file name: data/rq3/cpython-3.10/unittest_seeds/raw/cpython_case_test_coroutines...",exit_1,"Traceback (most recent call last): File ""/home/awen/git/PybcSEC/PycLens/data/rq4/harness.py"", line 26, in <module> exec(code, namespace, namespace) File ""data/rq3/cpython-3.10/unittest_seeds/raw/cpython_case_test_coroutines_CoroutineTest...",,"decompyle3:error:# decompyle3 version 3.9.3 # Python bytecode version base 3.10 (3439) # Decompiled from: Python 3.10.12 (main, Mar 3 2026, 11:56:32) [GCC 11.4.0] # Embedded file name: data/rq3/cpython-3.10/unittest_seeds/raw/cpython_case_test_coroutines...;pylingual:error:──────────────────────────────────────────────────────────────────────────────── ,ggggggggggg, ,gggg, dP""""""88""""""""""""Y8, d8"" ""8I ,dPYb, Yb, 88 `8b 88 ,dP IP'`Yb `"" 88 ,8P 8888888P"" gg I8 8I 88aaaad8P"" 88 """" I8 8' 88""""""""""gg gg 88 gg ,ggg,,g...",decompyle3:not_run:;pylingual:not_run:
cpython-310,data/rq3/cpython-3.10/unique_bug_pyc/cpython-310-d6b4b995e7fa.pyc,no_source,"# decompyle3 version 3.9.3 # Python bytecode version base 3.10 (3439) # Decompiled from: Python 3.10.12 (main, Mar 3 2026, 11:56:32) [GCC 11.4.0] # Embedded file name: data/rq3/cpython-3.10/unittest_seeds/raw/cpython_case_test_imaplib_Ne...",exit_1,"Traceback (most recent call last): File ""/home/awen/git/PybcSEC/PycLens/data/rq4/harness.py"", line 26, in <module> exec(code, namespace, namespace) File ""data/rq3/cpython-3.10/unittest_seeds/raw/cpython_case_test_imaplib_NewIMAPSSLTests_...",,"decompyle3:error:# decompyle3 version 3.9.3 # Python bytecode version base 3.10 (3439) # Decompiled from: Python 3.10.12 (main, Mar 3 2026, 11:56:32) [GCC 11.4.0] # Embedded file name: data/rq3/cpython-3.10/unittest_seeds/raw/cpython_case_test_imaplib_Ne...;pylingual:error:──────────────────────────────────────────────────────────────────────────────── ,ggggggggggg, ,gggg, dP""""""88""""""""""""Y8, d8"" ""8I ,dPYb, Yb, 88 `8b 88 ,dP IP'`Yb `"" 88 ,8P 8888888P"" gg I8 8I 88aaaad8P"" 88 """" I8 8' 88""""""""""gg gg 88 gg ,ggg,,g...",decompyle3:not_run:;pylingual:not_run:
cpython-310,data/rq3/cpython-3.10/unique_bug_pyc/cpython-310-d7f149e2ae57.pyc,unconfirmed,original bytecode status ok:,ok,,,"decompyle3:error:# decompyle3 version 3.9.3 # Python bytecode version base 3.10 (3439) # Decompiled from: Python 3.10.12 (main, Mar 3 2026, 11:56:32) [GCC 11.4.0] # Embedded file name: data/rq3/cpython-3.10/unittest_seeds/raw/cpython_case_test_contextlib...;pylingual:error:──────────────────────────────────────────────────────────────────────────────── ,ggggggggggg, ,gggg, dP""""""88""""""""""""Y8, d8"" ""8I ,dPYb, Yb, 88 `8b 88 ,dP IP'`Yb `"" 88 ,8P 8888888P"" gg I8 8I 88aaaad8P"" 88 """" I8 8' 88""""""""""gg gg 88 gg ,ggg,,g...",decompyle3:not_run:;pylingual:not_run:
cpython-310,data/rq3/cpython-3.10/unique_bug_pyc/cpython-310-dd6664a8184c.pyc,no_source,"# decompyle3 version 3.9.3 # Python bytecode version base 3.10 (3439) # Decompiled from: Python 3.10.12 (main, Mar 3 2026, 11:56:32) [GCC 11.4.0] # Embedded file name: data/rq3/cpython-3.10/unittest_seeds/raw/cpython_case_test_htã\\0\\0\\0\\0\\0\\0\\0...",crash,signal_11:,,"decompyle3:error:# decompyle3 version 3.9.3 # Python bytecode version base 3.10 (3439) # Decompiled from: Python 3.10.12 (main, Mar 3 2026, 11:56:32) [GCC 11.4.0] # Embedded file name: data/rq3/cpython-3.10/unittest_seeds/raw/cpython_case_test_htã\\0\\0\\0\\0\\0\\0\\0...;pylingual:error:──────────────────────────────────────────────────────────────────────────────── ,ggggggggggg, ,gggg, dP""""""88""""""""""""Y8, d8"" ""8I ,dPYb, Yb, 88 `8b 88 ,dP IP'`Yb `"" 88 ,8P 8888888P"" gg I8 8I 88aaaad8P"" 88 """" I8 8' 88""""""""""gg gg 88 gg ,ggg,,g...",decompyle3:not_run:;pylingual:not_run:
cpython-310,data/rq3/cpython-3.10/unique_bug_pyc/cpython-310-def6e6de53d0.pyc,no_source,"# decompyle3 version 3.9.3 # Python bytecode version base 3.10 (3439) # Decompiled from: Python 3.10.12 (main, Mar 3 2026, 11:56:32) [GCC 11.4.0] # Embedded file name: data/rq3/cpython-3.10/unittest_seeds/raw/cpython_case_test_descr_Clas...",crash,signal_11:,,"decompyle3:error:# decompyle3 version 3.9.3 # Python bytecode version base 3.10 (3439) # Decompiled from: Python 3.10.12 (main, Mar 3 2026, 11:56:32) [GCC 11.4.0] # Embedded file name: data/rq3/cpython-3.10/unittest_seeds/raw/cpython_case_test_descr_Clas...;pylingual:error:──────────────────────────────────────────────────────────────────────────────── ,ggggggggggg, ,gggg, dP""""""88""""""""""""Y8, d8"" ""8I ,dPYb, Yb, 88 `8b 88 ,dP IP'`Yb `"" 88 ,8P 8888888P"" gg I8 8I 88aaaad8P"" 88 """" I8 8' 88""""""""""gg gg 88 gg ,ggg,,g...",decompyle3:not_run:;pylingual:not_run:
cpython-310,data/rq3/cpython-3.10/unique_bug_pyc/cpython-310-df3513339cc7.pyc,unconfirmed,original bytecode status ok:,ok,,,"decompyle3:error:# decompyle3 version 3.9.3 # Python bytecode version base 3.10 (3439) # Decompiled from: Python 3.10.12 (main, Mar 3 2026, 11:56:32) [GCC 11.4.0] # Embedded file name: data/rq3/cpython-3.10/unittest_seeds/raw/cpython_case_test_raise_Test...;pylingual:error:──────────────────────────────────────────────────────────────────────────────── ,ggggggggggg, ,gggg, dP""""""88""""""""""""Y8, d8"" ""8I ,dPYb, Yb, 88 `8b 88 ,dP IP'`Yb `"" 88 ,8P 8888888P"" gg I8 8I 88aaaad8P"" 88 """" I8 8' 88""""""""""gg gg 88 gg ,ggg,,g...",decompyle3:not_run:;pylingual:not_run:
cpython-310,data/rq3/cpython-3.10/unique_bug_pyc/cpython-310-e0faafa935dc.pyc,unconfirmed,original bytecode status ok:,ok,,,"decompyle3:error:# decompyle3 version 3.9.3 # Python bytecode version base 3.10 (3439) # Decompiled from: Python 3.10.12 (main, Mar 3 2026, 11:56:32) [GCC 11.4.0] # Embedded file name: data/rq3/cpython-3.10/unittest_seeds/raw/cpython_case_test_httpserver...;pylingual:error:──────────────────────────────────────────────────────────────────────────────── ,ggggggggggg, ,gggg, dP""""""88""""""""""""Y8, d8"" ""8I ,dPYb, Yb, 88 `8b 88 ,dP IP'`Yb `"" 88 ,8P 8888888P"" gg I8 8I 88aaaad8P"" 88 """" I8 8' 88""""""""""gg gg 88 gg ,ggg,,g...",decompyle3:not_run:;pylingual:not_run:
cpython-310,data/rq3/cpython-3.10/unique_bug_pyc/cpython-310-e1ccfc663249.pyc,unconfirmed,original bytecode status ok:,ok,,,"decompyle3:error:# decompyle3 version 3.9.3 # Python bytecode version base 3.10 (3439) # Decompiled from: Python 3.10.12 (main, Mar 3 2026, 11:56:32) [GCC 11.4.0] # Embedded file name: data/rq3/cpython-3.10/unittest_seeds/raw/cpython_case_test_mailbox_Te...;pylingual:error:──────────────────────────────────────────────────────────────────────────────── ,ggggggggggg, ,gggg, dP""""""88""""""""""""Y8, d8"" ""8I ,dPYb, Yb, 88 `8b 88 ,dP IP'`Yb `"" 88 ,8P 8888888P"" gg I8 8I 88aaaad8P"" 88 """" I8 8' 88""""""""""gg gg 88 gg ,ggg,,g...",decompyle3:not_run:;pylingual:not_run:
cpython-310,data/rq3/cpython-3.10/unique_bug_pyc/cpython-310-e30d6d594ff2.pyc,unconfirmed,original bytecode status ok:,ok,,,"decompyle3:error:# decompyle3 version 3.9.3 # Python bytecode version base 3.10 (3439) # Decompiled from: Python 3.10.12 (main, Mar 3 2026, 11:56:32) [GCC 11.4.0] # Embedded file name: data/rq3/cpython-3.10/unittest_seeds/raw/cpython_case_test_sys_SysMod...;pylingual:error:──────────────────────────────────────────────────────────────────────────────── ,ggggggggggg, ,gggg, dP""""""88""""""""""""Y8, d8"" ""8I ,dPYb, Yb, 88 `8b 88 ,dP IP'`Yb `"" 88 ,8P 8888888P"" gg I8 8I 88aaaad8P"" 88 """" I8 8' 88""""""""""gg gg 88 gg ,ggg,,g...",decompyle3:not_run:;pylingual:not_run:
cpython-310,data/rq3/cpython-3.10/unique_bug_pyc/cpython-310-e4e59ea0697c.pyc,unconfirmed,original bytecode status ok:,ok,,,"decompyle3:error:# decompyle3 version 3.9.3 # Python bytecode version base 3.10 (3439) # Decompiled from: Python 3.10.12 (main, Mar 3 2026, 11:56:32) [GCC 11.4.0] # Embedded file name: data/rq3/cpython-3.10/unittest_seeds/raw/c\\0\\0thon_case_test_dict_DictT...;pylingual:error:──────────────────────────────────────────────────────────────────────────────── ,ggggggggggg, ,gggg, dP""""""88""""""""""""Y8, d8"" ""8I ,dPYb, Yb, 88 `8b 88 ,dP IP'`Yb `"" 88 ,8P 8888888P"" gg I8 8I 88aaaad8P"" 88 """" I8 8' 88""""""""""gg gg 88 gg ,ggg,,g...",decompyle3:not_run:;pylingual:not_run:
cpython-310,data/rq3/cpython-3.10/unique_bug_pyc/cpython-310-e971988aef9a.pyc,unconfirmed,original bytecode status ok:,ok,,,"decompyle3:error:# decompyle3 version 3.9.3 # Python bytecode version base 3.10 (3439) # Decompiled from: Python 3.10.12 (main, Mar 3 2026, 11:56:32) [GCC 11.4.0] # Embedded file name: data/rq3/cpython-3.10/unittest_seeds/raw/cpython_case_test_symtable_S...;pylingual:error:──────────────────────────────────────────────────────────────────────────────── ,ggggggggggg, ,gggg, dP""""""88""""""""""""Y8, d8"" ""8I ,dPYb, Yb, 88 `8b 88 ,dP IP'`Yb `"" 88 ,8P 8888888P"" gg I8 8I 88aaaad8P"" 88 """" I8 8' 88""""""""""gg gg 88 gg ,ggg,,g...",decompyle3:not_run:;pylingual:not_run:
cpython-310,data/rq3/cpython-3.10/unique_bug_pyc/cpython-310-e98e59051196.pyc,no_source,"# decompyle3 version 3.9.3 # Python bytecode version base 3.10 (3439) # Decompiled from: Python 3.10.12 (main, Mar 3 2026, 11:56:32) [GCC 11.4.0] # Embedded file name: data/rq3/cpython-3.10/unittest_seeds/raw/cpython_case_test_ssl_Thread...",crash,"signal_6:Fatal Python error: PyFrame_BlockPop: block stack underflow Python runtime state: initialized Current thread 0x00007fb50a28d000 (most recent call first): File ""data/rq3/cpython-3.10/unittest_seeds/raw/cpython_case_test_ssl_ThreadedTests_...",,"decompyle3:error:# decompyle3 version 3.9.3 # Python bytecode version base 3.10 (3439) # Decompiled from: Python 3.10.12 (main, Mar 3 2026, 11:56:32) [GCC 11.4.0] # Embedded file name: data/rq3/cpython-3.10/unittest_seeds/raw/cpython_case_test_ssl_Thread...;pylingual:error:──────────────────────────────────────────────────────────────────────────────── ,ggggggggggg, ,gggg, dP""""""88""""""""""""Y8, d8"" ""8I ,dPYb, Yb, 88 `8b 88 ,dP IP'`Yb `"" 88 ,8P 8888888P"" gg I8 8I 88aaaad8P"" 88 """" I8 8' 88""""""""""gg gg 88 gg ,ggg,,g...",decompyle3:not_run:;pylingual:not_run:
cpython-310,data/rq3/cpython-3.10/unique_bug_pyc/cpython-310-ec0e20f3cd41.pyc,unconfirmed,original bytecode status ok:,ok,,,"decompyle3:error:# decompyle3 version 3.9.3 # Python bytecode version base 3.10 (3439) # Decompiled from: Python 3.10.12 (main, Mar 3 2026, 11:56:32) [GCC 11.4.0] # Embedded file name: data/rq3/cpython-3.10/unittest_seeds/raw/cpython_case_test_patma_Test...;pylingual:error:──────────────────────────────────────────────────────────────────────────────── ,ggggggggggg, ,gggg, dP""""""88""""""""""""Y8, d8"" ""8I ,dPYb, Yb, 88 `8b 88 ,dP IP'`Yb `"" 88 ,8P 8888888P"" gg I8 8I 88aaaad8P"" 88 """" I8 8' 88""""""""""gg gg 88 gg ,ggg,,g...",decompyle3:not_run:;pylingual:not_run:
cpython-310,data/rq3/cpython-3.10/unique_bug_pyc/cpython-310-ec514c3facec.pyc,unconfirmed,original bytecode status ok:,ok,,,"decompyle3:error:# decompyle3 version 3.9.3 # Python bytecode version base 3.10 (3439) # Decompiled from: Python 3.10.12 (main, Mar 3 2026, 11:56:32) [GCC 11.4.0] # Embedded file name: data/rq3/cpython-3.10/unittest_seeds/raw/cpython_^-Òj_test_faulthandl...;pylingual:error:──────────────────────────────────────────────────────────────────────────────── ,ggggggggggg, ,gggg, dP""""""88""""""""""""Y8, d8"" ""8I ,dPYb, Yb, 88 `8b 88 ,dP IP'`Yb `"" 88 ,8P 8888888P"" gg I8 8I 88aaaad8P"" 88 """" I8 8' 88""""""""""gg gg 88 gg ,ggg,,g...",decompyle3:not_run:;pylingual:not_run:
cpython-310,data/rq3/cpython-3.10/unique_bug_pyc/cpython-310-ed6225ecbcc3.pyc,no_source,"# decompyle3 version 3.9.3 # Python bytecode version base 3.10 (3439) # Decompiled from: Python 3.10.12 (main, Mar 3 2026, 11:56:32) [GCC 11.4.0] # Embedded file name: data/rq3/cpython-3.10/unittest_seeds/raw/cpython_case_test_deque_Test...",crash,signal_11:,,"decompyle3:error:# decompyle3 version 3.9.3 # Python bytecode version base 3.10 (3439) # Decompiled from: Python 3.10.12 (main, Mar 3 2026, 11:56:32) [GCC 11.4.0] # Embedded file name: data/rq3/cpython-3.10/unittest_seeds/raw/cpython_case_test_deque_Test...;pylingual:exit_-4:──────────────────────────────────────────────────────────────────────────────── ,ggggggggggg, ,gggg, dP""""""88""""""""""""Y8, d8"" ""8I ,dPYb, Yb, 88 `8b 88 ,dP IP'`Yb `"" 88 ,8P 8888888P"" gg I8 8I 88aaaad8P"" 88 """" I8 8' 88""""""""""gg gg 88 gg ,ggg,,g...",decompyle3:not_run:;pylingual:not_run:
cpython-310,data/rq3/cpython-3.10/unique_bug_pyc/cpython-310-ede5174b77bb.pyc,unconfirmed,original bytecode status ok:,ok,,,"decompyle3:error:# decompyle3 version 3.9.3 # Python bytecode version base 3.10 (3439) # Decompiled from: Python 3.10.12 (main, Mar 3 2026, 11:56:32) [GCC 11.4.0] # Embedded file name: data/rq3/cpython-3.10/unittest_seeds/raw/cpython_case_test_sys_SysMod...;pylingual:error:──────────────────────────────────────────────────────────────────────────────── ,ggggggggggg, ,gggg, dP""""""88""""""""""""Y8, d8"" ""8I ,dPYb, Yb, 88 `8b 88 ,dP IP'`Yb `"" 88 ,8P 8888888P"" gg I8 8I 88aaaad8P"" 88 """" I8 8' 88""""""""""gg gg 88 gg ,ggg,,g...",decompyle3:not_run:;pylingual:not_run:
cpython-310,data/rq3/cpython-3.10/unique_bug_pyc/cpython-310-ee013bedb0b0.pyc,unconfirmed,original bytecode status ok:,ok,,,"decompyle3:error:# decompyle3 version 3.9.3 # Python bytecode version base 3.10 (3439) # Decompiled from: Python 3.10.12 (main, Mar 3 2026, 11:56:32) [GCC 11.4.0] # Embedded file name: data/rq3/cpython-3.10/unittest_seeds/raw/cpython_case_test_selectors_...;pylingual:error:──────────────────────────────────────────────────────────────────────────────── ,ggggggggggg, ,gggg, dP""""""88""""""""""""Y8, d8"" ""8I ,dPYb, Yb, 88 `8b 88 ,dP IP'`Yb `"" 88 ,8P 8888888P"" gg I8 8I 88aaaad8P"" 88 """" I8 8' 88""""""""""gg gg 88 gg ,ggg,,g...",decompyle3:not_run:;pylingual:not_run:
cpython-310,data/rq3/cpython-3.10/unique_bug_pyc/cpython-310-eee12f3bfc79.pyc,unconfirmed,original bytecode status ok:,ok,,,"decompyle3:error:# decompyle3 version 3.9.3 # Python bytecode version base 3.10 (3439) # Decompiled from: Python 3.10.12 (main, Mar 3 2026, 11:56:32) [GCC 11.4.0] # Embedded file name: data/rq3/cpython-3.10/unittest_seeds/raw/cpython_case_test_array_Base...;pylingual:error:──────────────────────────────────────────────────────────────────────────────── ,ggggggggggg, ,gggg, dP""""""88""""""""""""Y8, d8"" ""8I ,dPYb, Yb, 88 `8b 88 ,dP IP'`Yb `"" 88 ,8P 8888888P"" gg I8 8I 88aaaad8P"" 88 """" I8 8' 88""""""""""gg gg 88 gg ,ggg,,g...",decompyle3:not_run:;pylingual:not_run:
cpython-310,data/rq3/cpython-3.10/unique_bug_pyc/cpython-310-ef3a795b7dd4.pyc,unconfirmed,original bytecode status ok:,ok,,,"decompyle3:exit_2:/home/awen/git/PybcSEC/PycLens/data/rq2/envs/cpython-310/lib/python3.10/site-packages/click/core.py:1307: UserWarning: The parameter --version is used more than once. Remove its duplicate as parameters should be unique. parser = self.mak...;pylingual:error:──────────────────────────────────────────────────────────────────────────────── ,ggggggggggg, ,gggg, dP""""""88""""""""""""Y8, d8"" ""8I ,dPYb, Yb, 88 `8b 88 ,dP IP'`Yb `"" 88 ,8P 8888888P"" gg I8 8I 88aaaad8P"" 88 """" I8 8' 88""""""""""gg gg 88 gg ,ggg,,g...",decompyle3:not_run:;pylingual:not_run:
cpython-310,data/rq3/cpython-3.10/unique_bug_pyc/cpython-310-f5ab73935119.pyc,unconfirmed,original bytecode status ok:,ok,,,"decompyle3:error:# decompyle3 version 3.9.3 # Python bytecode version base 3.10 (3439) # Decompiled from: Python 3.10.12 (main, Mar 3 2026, 11:56:32) [GCC 11.4.0] # Embedded file name: data/rq3/cpython-3.10/unittest_seeds/raw/cpython_case_test_source_enc...;pylingual:error:──────────────────────────────────────────────────────────────────────────────── ,ggggggggggg, ,gggg, dP""""""88""""""""""""Y8, d8"" ""8I ,dPYb, Yb, 88 `8b 88 ,dP IP'`Yb `"" 88 ,8P 8888888P"" gg I8 8I 88aaaad8P"" 88 """" I8 8' 88""""""""""gg gg 88 gg ,ggg,,g...",decompyle3:not_run:;pylingual:not_run:
cpython-310,data/rq3/cpython-3.10/unique_bug_pyc/cpython-310-f71c920f34e1.pyc,unconfirmed,original bytecode status ok:,ok,,,"decompyle3:error:# decompyle3 version 3.9.3 # Python bytecode version base 3.10 (3439) # Decompiled from: Python 3.10.12 (main, Mar 3 2026, 11:56:32) [GCC 11.4.0] # Embedded file name: data/rq3/cpython-3.10/unittest_seeds/raw/cpython_case_test_io_TextIOW...;pylingual:error:──────────────────────────────────────────────────────────────────────────────── ,ggggggggggg, ,gggg, dP""""""88""""""""""""Y8, d8"" ""8I ,dPYb, Yb, 88 `8b 88 ,dP IP'`Yb `"" 88 ,8P 8888888P"" gg I8 8I 88aaaad8P"" 88 """" I8 8' 88""""""""""gg gg 88 gg ,ggg,,g...",decompyle3:not_run:;pylingual:not_run:
cpython-310,data/rq3/cpython-3.10/unique_bug_pyc/cpython-310-ffd6726c0a4b.pyc,unconfirmed,original bytecode status ok:,ok,,,"decompyle3:error:# decompyle3 version 3.9.3 # Python bytecode version base 3.10 (3439) # Decompiled from: Python 3.10.12 (main, Mar 3 2026, 11:56:32) [GCC 11.4.0] # Embedded file name: data/rq3/cpython-3.10/unittest_seeds/raw/cpython_case_test_re_ReTests...;pylingual:error:──────────────────────────────────────────────────────────────────────────────── ,ggggggggggg, ,gggg, dP""""""88""""""""""""Y8, d8"" ""8I ,dPYb, Yb, 88 `8b 88 ,dP IP'`Yb `"" 88 ,8P 8888888P"" gg I8 8I 88aaaad8P"" 88 """" I8 8' 88""""""""""gg gg 88 gg ,ggg,,g...",decompyle3:not_run:;pylingual:not_run:
cpython-311,data/rq3/cpython-3.11/unique_bug_pyc/cpython-311-00793480a4f7.pyc,no_source,"# decompyle3 version 3.9.3 # Python bytecode version base 3.11 (3495) # Decompiled from: Python 3.11.0rc1 (main, Aug 12 2022, 10:02:14) [GCC 11.2.0] # Embedded file name: data/rq3/cpython-3.11/unittest_seeds/raw/cpython_case_test_sysconf...",crash,signal_11:,,"decompyle3:error:# decompyle3 version 3.9.3 # Python bytecode version base 3.11 (3495) # Decompiled from: Python 3.11.0rc1 (main, Aug 12 2022, 10:02:14) [GCC 11.2.0] # Embedded file name: data/rq3/cpython-3.11/unittest_seeds/raw/cpython_case_test_sysconf...;pylingual:error:──────────────────────────────────────────────────────────────────────────────── ,ggggggggggg, ,gggg, dP""""""88""""""""""""Y8, d8"" ""8I ,dPYb, Yb, 88 `8b 88 ,dP IP'`Yb `"" 88 ,8P 8888888P"" gg I8 8I 88aaaad8P"" 88 """" I8 8' 88""""""""""gg gg 88 gg ,ggg,,g...",decompyle3:not_run:;pylingual:not_run:
cpython-311,data/rq3/cpython-3.11/unique_bug_pyc/cpython-311-04608fe5d29c.pyc,unconfirmed,original bytecode status ok:,ok,,,"decompyle3:error:# decompyle3 version 3.9.3 # Python bytecode version base 3.11 (3495) # Decompiled from: Python 3.11.0rc1 (main, Aug 12 2022, 10:02:14) [GCC 11.2.0] # Embedded file name: data/rq3/cpython-3.11/unittest_seeds/raw/cpython_case_test_yield_f...;pylingual:error:──────────────────────────────────────────────────────────────────────────────── ,ggggggggggg, ,gggg, dP""""""88""""""""""""Y8, d8"" ""8I ,dPYb, Yb, 88 `8b 88 ,dP IP'`Yb `"" 88 ,8P 8888888P"" gg I8 8I 88aaaad8P"" 88 """" I8 8' 88""""""""""gg gg 88 gg ,ggg,,g...",decompyle3:not_run:;pylingual:not_run:
cpython-311,data/rq3/cpython-3.11/unique_bug_pyc/cpython-311-04dea2474c2e.pyc,no_source,"# decompyle3 version 3.9.3 # Python bytecode version base 3.11 (3495) # Decompiled from: Python 3.11.0rc1 (main, Aug 12 2022, 10:02:14) [GCC 11.2.0] # Embedded file name: data/rq3/cpython-3.11/unittest_seeds/raw/cpython_case_test_traceba...",crash,signal_11:,,"decompyle3:error:# decompyle3 version 3.9.3 # Python bytecode version base 3.11 (3495) # Decompiled from: Python 3.11.0rc1 (main, Aug 12 2022, 10:02:14) [GCC 11.2.0] # Embedded file name: data/rq3/cpython-3.11/unittest_seeds/raw/cpython_case_test_traceba...;pylingual:error:──────────────────────────────────────────────────────────────────────────────── ,ggggggggggg, ,gggg, dP""""""88""""""""""""Y8, d8"" ""8I ,dPYb, Yb, 88 `8b 88 ,dP IP'`Yb `"" 88 ,8P 8888888P"" gg I8 8I 88aaaad8P"" 88 """" I8 8' 88""""""""""gg gg 88 gg ,ggg,,g...",decompyle3:not_run:;pylingual:not_run:
cpython-311,data/rq3/cpython-3.11/unique_bug_pyc/cpython-311-05297905678a.pyc,unconfirmed,original bytecode status ok:,ok,,,"decompyle3:exit_2:/home/awen/git/PybcSEC/PycLens/data/rq2/envs/cpython-311/lib/python3.11/site-packages/click/core.py:1307: UserWarning: The parameter --version is used more than once. Remove its duplicate as parameters should be unique. parser = self.mak...;pylingual:error:──────────────────────────────────────────────────────────────────────────────── ,ggggggggggg, ,gggg, dP""""""88""""""""""""Y8, d8"" ""8I ,dPYb, Yb, 88 `8b 88 ,dP IP'`Yb `"" 88 ,8P 8888888P"" gg I8 8I 88aaaad8P"" 88 """" I8 8' 88""""""""""gg gg 88 gg ,ggg,,g...",decompyle3:not_run:;pylingual:not_run:
cpython-311,data/rq3/cpython-3.11/unique_bug_pyc/cpython-311-05f23e8f2dc0.pyc,no_source,"# decompyle3 version 3.9.3 # Python bytecode version base 3.11 (3495) # Decompiled from: Python 3.11.0rc1 (main, Aug 12 2022, 10:02:14) [GCC 11.2.0] # Embedded file name: data/rq3/cpython-3.11/unittest_seeds/raw/cpython_case_test_patma_T...",crash,"signal_11:XXX lineno: 5, opcode: 236",,"decompyle3:error:# decompyle3 version 3.9.3 # Python bytecode version base 3.11 (3495) # Decompiled from: Python 3.11.0rc1 (main, Aug 12 2022, 10:02:14) [GCC 11.2.0] # Embedded file name: data/rq3/cpython-3.11/unittest_seeds/raw/cpython_case_test_patma_T...;pylingual:error:──────────────────────────────────────────────────────────────────────────────── ,ggggggggggg, ,gggg, dP""""""88""""""""""""Y8, d8"" ""8I ,dPYb, Yb, 88 `8b 88 ,dP IP'`Yb `"" 88 ,8P 8888888P"" gg I8 8I 88aaaad8P"" 88 """" I8 8' 88""""""""""gg gg 88 gg ,ggg,,g...",decompyle3:not_run:;pylingual:not_run:
cpython-311,data/rq3/cpython-3.11/unique_bug_pyc/cpython-311-0ac6e10ec012.pyc,no_source,"# decompyle3 version 3.9.3 # Python bytecode version base 3.11 (3495) # Decompiled from: Python 3.11.0rc1 (main, Aug 12 2022, 10:02:14) [GCC 11.2.0] # Embedded file name: data/rq3/cpython-3.11/unittest_seeds/raw/\\0\\0\\0thon_case_test_io_Buff...",crash,signal_11:,,"decompyle3:error:# decompyle3 version 3.9.3 # Python bytecode version base 3.11 (3495) # Decompiled from: Python 3.11.0rc1 (main, Aug 12 2022, 10:02:14) [GCC 11.2.0] # Embedded file name: data/rq3/cpython-3.11/unittest_seeds/raw/\\0\\0\\0thon_case_test_io_Buff...;pylingual:error:──────────────────────────────────────────────────────────────────────────────── ,ggggggggggg, ,gggg, dP""""""88""""""""""""Y8, d8"" ""8I ,dPYb, Yb, 88 `8b 88 ,dP IP'`Yb `"" 88 ,8P 8888888P"" gg I8 8I 88aaaad8P"" 88 """" I8 8' 88""""""""""gg gg 88 gg ,ggg,,g...",decompyle3:not_run:;pylingual:not_run:
cpython-311,data/rq3/cpython-3.11/unique_bug_pyc/cpython-311-150c32ac2f32.pyc,unconfirmed,original bytecode status ok:,ok,,,"decompyle3:error:# decompyle3 version 3.9.3 # Python bytecode version base 3.11 (3495) # Decompiled from: Python 3.11.0rc1 (main, Aug 12 2022, 10:02:14) [GCC 11.2.0] # Embedded file name: data/rq3/cpython-3.11/unittest_seeds/raw/cpython_case_test_statist...;pylingual:error:──────────────────────────────────────────────────────────────────────────────── ,ggggggggggg, ,gggg, dP""""""88""""""""""""Y8, d8"" ""8I ,dPYb, Yb, 88 `8b 88 ,dP IP'`Yb `"" 88 ,8P 8888888P"" gg I8 8I 88aaaad8P"" 88 """" I8 8' 88""""""""""gg gg 88 gg ,ggg,,g...",decompyle3:not_run:;pylingual:not_run:
cpython-311,data/rq3/cpython-3.11/unique_bug_pyc/cpython-311-180849cc3760.pyc,unconfirmed,original bytecode status ok:,ok,,,"decompyle3:error:# decompyle3 version 3.9.3 # Python bytecode version base 3.11 (3495) # Decompiled from: Python 3.11.0rc1 (main, Aug 12 2022, 10:02:14) [GCC 11.2.0] # Embedded file name: data/rq3/cpython-3.11/unittest_seeds/raw/cpython_case_test_itertoo...;pylingual:error:──────────────────────────────────────────────────────────────────────────────── ,ggggggggggg, ,gggg, dP""""""88""""""""""""Y8, d8"" ""8I ,dPYb, Yb, 88 `8b 88 ,dP IP'`Yb `"" 88 ,8P 8888888P"" gg I8 8I 88aaaad8P"" 88 """" I8 8' 88""""""""""gg gg 88 gg ,ggg,,g...",decompyle3:not_run:;pylingual:not_run:
cpython-311,data/rq3/cpython-3.11/unique_bug_pyc/cpython-311-19426cff68b5.pyc,no_source,"# decompyle3 version 3.9.3 # Python bytecode version base 3.11 (3495) # Decompiled from: Python 3.11.0rc1 (main, Aug 12 2022, 10:02:14) [GCC 11.2.0] # Embedded file name: data/rq3/cpython-3.11/unittest_seeds/raw/cpython_case_test_faultha...",crash,signal_11:,,"decompyle3:error:# decompyle3 version 3.9.3 # Python bytecode version base 3.11 (3495) # Decompiled from: Python 3.11.0rc1 (main, Aug 12 2022, 10:02:14) [GCC 11.2.0] # Embedded file name: data/rq3/cpython-3.11/unittest_seeds/raw/cpython_case_test_faultha...;pylingual:error:──────────────────────────────────────────────────────────────────────────────── ,ggggggggggg, ,gggg, dP""""""88""""""""""""Y8, d8"" ""8I ,dPYb, Yb, 88 `8b 88 ,dP IP'`Yb `"" 88 ,8P 8888888P"" gg I8 8I 88aaaad8P"" 88 """" I8 8' 88""""""""""gg gg 88 gg ,ggg,,g...",decompyle3:not_run:;pylingual:not_run:
cpython-311,data/rq3/cpython-3.11/unique_bug_pyc/cpython-311-1b3452bdbcde.pyc,no_source,"# decompyle3 version 3.9.3 # Python bytecode version base 3.11 (3494) # Decompiled from: Python 3.11.0rc1 (main, Aug 12 2022, 10:02:14) [GCC 11.2.0] # Embedded file name: data/rq3/cpython-3.11/unittest_seeds/raw/cpython_case_test_csv_Tes...",crash,signal_11:,,"decompyle3:error:# decompyle3 version 3.9.3 # Python bytecode version base 3.11 (3494) # Decompiled from: Python 3.11.0rc1 (main, Aug 12 2022, 10:02:14) [GCC 11.2.0] # Embedded file name: data/rq3/cpython-3.11/unittest_seeds/raw/cpython_case_test_csv_Tes...;pylingual:error:──────────────────────────────────────────────────────────────────────────────── ,ggggggggggg, ,gggg, dP""""""88""""""""""""Y8, d8"" ""8I ,dPYb, Yb, 88 `8b 88 ,dP IP'`Yb `"" 88 ,8P 8888888P"" gg I8 8I 88aaaad8P"" 88 """" I8 8' 88""""""""""gg gg 88 gg ,ggg,,g...",decompyle3:not_run:;pylingual:not_run:
cpython-311,data/rq3/cpython-3.11/unique_bug_pyc/cpython-311-1c620987a67d.pyc,no_source,"# decompyle3 version 3.9.3 # Python bytecode version base 3.11 (3495) # Decompiled from: Python 3.11.0rc1 (main, Aug 12 2022, 10:02:14) [GCC 11.2.0] # Embedded file name: data/rq3/cpython-3.11/unittest_seeds/raw/cpython_case_test_pydoc_T...",crash,signal_11:,,"decompyle3:error:# decompyle3 version 3.9.3 # Python bytecode version base 3.11 (3495) # Decompiled from: Python 3.11.0rc1 (main, Aug 12 2022, 10:02:14) [GCC 11.2.0] # Embedded file name: data/rq3/cpython-3.11/unittest_seeds/raw/cpython_case_test_pydoc_T...;pylingual:error:──────────────────────────────────────────────────────────────────────────────── ,ggggggggggg, ,gggg, dP""""""88""""""""""""Y8, d8"" ""8I ,dPYb, Yb, 88 `8b 88 ,dP IP'`Yb `"" 88 ,8P 8888888P"" gg I8 8I 88aaaad8P"" 88 """" I8 8' 88""""""""""gg gg 88 gg ,ggg,,g...",decompyle3:not_run:;pylingual:not_run:
cpython-311,data/rq3/cpython-3.11/unique_bug_pyc/cpython-311-1cf745f3ddfb.pyc,unconfirmed,original bytecode status ok:,ok,,,"decompyle3:error:# decompyle3 version 3.9.3 # Python bytecode version base 3.11 (3495) # Decompiled from: Python 3.11.0rc1 (main, Aug 12 2022, 10:02:14) [GCC 11.2.0] # Embedded file name: data/rq3/cpython-3.11/j³Ô~test_seeds/raw/cpython_case_test_yield_f...;pylingual:error:──────────────────────────────────────────────────────────────────────────────── ,ggggggggggg, ,gggg, dP""""""88""""""""""""Y8, d8"" ""8I ,dPYb, Yb, 88 `8b 88 ,dP IP'`Yb `"" 88 ,8P 8888888P"" gg I8 8I 88aaaad8P"" 88 """" I8 8' 88""""""""""gg gg 88 gg ,ggg,,g...",decompyle3:not_run:;pylingual:not_run:
cpython-311,data/rq3/cpython-3.11/unique_bug_pyc/cpython-311-201b75984cf2.pyc,unconfirmed,original bytecode status ok:,ok,,,"decompyle3:error:# decompyle3 version 3.9.3 # Python bytecode version base 3.11 (3495) # Decompiled from: Python 3.11.0rc1 (main, Aug 12 2022, 10:02:14) [GCC 11.2.0] # Embedded file name: data/rq3/cpython-3.11/unittest_seeds/raw/cpython_case_test_marshal...;pylingual:error:──────────────────────────────────────────────────────────────────────────────── ,ggggggggggg, ,gggg, dP""""""88""""""""""""Y8, d8"" ""8I ,dPYb, Yb, 88 `8b 88 ,dP IP'`Yb `"" 88 ,8P 8888888P"" gg I8 8I 88aaaad8P"" 88 """" I8 8' 88""""""""""gg gg 88 gg ,ggg,,g...",decompyle3:not_run:;pylingual:not_run:
cpython-311,data/rq3/cpython-3.11/unique_bug_pyc/cpython-311-20f318ca057b.pyc,no_source,"# decompyle3 version 3.9.3 # Python bytecode version base 3.11 (3495) # Decompiled from: Python 3.11.0rc1 (main, Aug 12 2022, 10:02:14) [GCC 11.2.0] # Embedded file name: data/rq3/cpython-3.11/unittest_seeds/raw/cpython_case_test_peephol...",crash,signal_11:,,"decompyle3:error:# decompyle3 version 3.9.3 # Python bytecode version base 3.11 (3495) # Decompiled from: Python 3.11.0rc1 (main, Aug 12 2022, 10:02:14) [GCC 11.2.0] # Embedded file name: data/rq3/cpython-3.11/unittest_seeds/raw/cpython_case_test_peephol...;pylingual:error:──────────────────────────────────────────────────────────────────────────────── ,ggggggggggg, ,gggg, dP""""""88""""""""""""Y8, d8"" ""8I ,dPYb, Yb, 88 `8b 88 ,dP IP'`Yb `"" 88 ,8P 8888888P"" gg I8 8I 88aaaad8P"" 88 """" I8 8' 88""""""""""gg gg 88 gg ,ggg,,g...",decompyle3:not_run:;pylingual:not_run:
cpython-311,data/rq3/cpython-3.11/unique_bug_pyc/cpython-311-2350c53c731c.pyc,unconfirmed,original bytecode status ok:,ok,,,"decompyle3:error:# decompyle3 version 3.9.3 # Python bytecode version base 3.11 (3495) # Decompiled from: Python 3.11.0rc1 (main, Aug 12 2022, 10:02:14) [GCC 11.2.0] # Embedded file name: data/rq3/cpython-3.11/unittest_seeds/raw/cpython_case_test_dict_Di...;pylingual:error:──────────────────────────────────────────────────────────────────────────────── ,ggggggggggg, ,gggg, dP""""""88""""""""""""Y8, d8"" ""8I ,dPYb, Yb, 88 `8b 88 ,dP IP'`Yb `"" 88 ,8P 8888888P"" gg I8 8I 88aaaad8P"" 88 """" I8 8' 88""""""""""gg gg 88 gg ,ggg,,g...",decompyle3:not_run:;pylingual:not_run:
cpython-311,data/rq3/cpython-3.11/unique_bug_pyc/cpython-311-27abee334929.pyc,no_source,"# decompyle3 version 3.9.3 # Python bytecode version base 3.11 (3495) # Decompiled from: Python 3.11.0rc1 (main, Aug 12 2022, 10:02:14) [GCC 11.2.0] # Embedded file name: data/rq3/cpython-3.11/unittest_seeds/raw/cpython_case_test_shutil_...",crash,signal_11:,,"decompyle3:error:# decompyle3 version 3.9.3 # Python bytecode version base 3.11 (3495) # Decompiled from: Python 3.11.0rc1 (main, Aug 12 2022, 10:02:14) [GCC 11.2.0] # Embedded file name: data/rq3/cpython-3.11/unittest_seeds/raw/cpython_case_test_shutil_...;pylingual:error:──────────────────────────────────────────────────────────────────────────────── ,ggggggggggg, ,gggg, dP""""""88""""""""""""Y8, d8"" ""8I ,dPYb, Yb, 88 `8b 88 ,dP IP'`Yb `"" 88 ,8P 8888888P"" gg I8 8I 88aaaad8P"" 88 """" I8 8' 88""""""""""gg gg 88 gg ,ggg,,g...",decompyle3:not_run:;pylingual:not_run:
cpython-311,data/rq3/cpython-3.11/unique_bug_pyc/cpython-311-27eb285f1285.pyc,unconfirmed,original bytecode status ok:,ok,,,"decompyle3:error:# decompyle3 version 3.9.3 # Python bytecode version base 3.11 (3495) # Decompiled from: Python 3.11.0rc1 (main, Aug 12 2022, 10:02:14) [GCC 11.2.0] # Embedded file name: data/rq3/cpython-3.11/unittest_seeds/raw/cpython_case_test_os_Win3...;pylingual:error:──────────────────────────────────────────────────────────────────────────────── ,ggggggggggg, ,gggg, dP""""""88""""""""""""Y8, d8"" ""8I ,dPYb, Yb, 88 `8b 88 ,dP IP'`Yb `"" 88 ,8P 8888888P"" gg I8 8I 88aaaad8P"" 88 """" I8 8' 88""""""""""gg gg 88 gg ,ggg,,g...",decompyle3:not_run:;pylingual:not_run:
cpython-311,data/rq3/cpython-3.11/unique_bug_pyc/cpython-311-2892d05adfc4.pyc,unconfirmed,original bytecode status ok:,ok,,,"decompyle3:error:# decompyle3 version 3.9.3 # Python bytecode version base 3.11 (3495) # Decompiled from: Python 3.11.0rc1 (main, Aug 12 2022, 10:02:14) [GCC 11.2.0] # Embedded file name: data/rq3/cpython-3.11/unittest_seeds/raw/cpython_case_test_traceba...;pylingual:error:──────────────────────────────────────────────────────────────────────────────── ,ggggggggggg, ,gggg, dP""""""88""""""""""""Y8, d8"" ""8I ,dPYb, Yb, 88 `8b 88 ,dP IP'`Yb `"" 88 ,8P 8888888P"" gg I8 8I 88aaaad8P"" 88 """" I8 8' 88""""""""""gg gg 88 gg ,ggg,,g...",decompyle3:not_run:;pylingual:not_run:
cpython-311,data/rq3/cpython-3.11/unique_bug_pyc/cpython-311-2a17edfc4954.pyc,unconfirmed,original bytecode status ok:,ok,,,"decompyle3:exit_2:/home/awen/git/PybcSEC/PycLens/data/rq2/envs/cpython-311/lib/python3.11/site-packages/click/core.py:1307: UserWarning: The parameter --version is used more than once. Remove its duplicate as parameters should be unique. parser = self.mak...;pylingual:error:──────────────────────────────────────────────────────────────────────────────── ,ggggggggggg, ,gggg, dP""""""88""""""""""""Y8, d8"" ""8I ,dPYb, Yb, 88 `8b 88 ,dP IP'`Yb `"" 88 ,8P 8888888P"" gg I8 8I 88aaaad8P"" 88 """" I8 8' 88""""""""""gg gg 88 gg ,ggg,,g...",decompyle3:not_run:;pylingual:not_run:
cpython-311,data/rq3/cpython-3.11/unique_bug_pyc/cpython-311-2a1e022b8f5b.pyc,no_source,"# decompyle3 version 3.9.3 # Python bytecode version base 3.11 (3495) # Decompiled from: Python 3.11.0rc1 (main, Aug 12 2022, 10:02:14) [GCC 11.2.0] # Embedded file name: data/rq3/cpython-3.11/unittest_seeds/raw/cpython_case_test_fractio...",exit_1,"Traceback (most recent call last): File ""/home/awen/git/PybcSEC/PycLens/data/rq4/harness.py"", line 26, in <module> exec(code, namespace, namespace) File ""data/rq3/cpython-3.11/unittest_seeds/raw/cpython_case_test_fractions_FractionTest_t...",,"decompyle3:error:# decompyle3 version 3.9.3 # Python bytecode version base 3.11 (3495) # Decompiled from: Python 3.11.0rc1 (main, Aug 12 2022, 10:02:14) [GCC 11.2.0] # Embedded file name: data/rq3/cpython-3.11/unittest_seeds/raw/cpython_case_test_fractio...;pylingual:error:──────────────────────────────────────────────────────────────────────────────── ,ggggggggggg, ,gggg, dP""""""88""""""""""""Y8, d8"" ""8I ,dPYb, Yb, 88 `8b 88 ,dP IP'`Yb `"" 88 ,8P 8888888P"" gg I8 8I 88aaaad8P"" 88 """" I8 8' 88""""""""""gg gg 88 gg ,ggg,,g...",decompyle3:not_run:;pylingual:not_run:
cpython-311,data/rq3/cpython-3.11/unique_bug_pyc/cpython-311-2bde86f7f959.pyc,unconfirmed,original bytecode status ok:,ok,,,"decompyle3:error:# decompyle3 version 3.9.3 # Python bytecode version base 3.11 (3495) # Decompiled from: Python 3.11.0rc1 (main, Aug 12 2022, 10:02:14) [GCC 11.2.0] # Embedded file name: data/rq3/cpython-3.11/unittest_seeds/raw/cpython_case_test_frame_T...;pylingual:error:──────────────────────────────────────────────────────────────────────────────── ,ggggggggggg, ,gggg, dP""""""88""""""""""""Y8, d8"" ""8I ,dPYb, Yb, 88 `8b 88 ,dP IP'`Yb `"" 88 ,8P 8888888P"" gg I8 8I 88aaaad8P"" 88 """" I8 8' 88""""""""""gg gg 88 gg ,ggg,,g...",decompyle3:not_run:;pylingual:not_run:
cpython-311,data/rq3/cpython-3.11/unique_bug_pyc/cpython-311-2de9f8a450f8.pyc,unconfirmed,original bytecode status ok:,ok,,,"decompyle3:error:# decompyle3 version 3.9.3 # Python bytecode version base 3.11 (3495) # Decompiled from: Python 3.11.0rc1 (main, Aug 12 2022, 10:02:14) [GCC 11.2.0] # Embedded file name: data/rq3/cpython-3.11/unittest_seeds/raw/cpython_case_test_set_Tes...;pylingual:error:──────────────────────────────────────────────────────────────────────────────── ,ggggggggggg, ,gggg, dP""""""88""""""""""""Y8, d8"" ""8I ,dPYb, Yb, 88 `8b 88 ,dP IP'`Yb `"" 88 ,8P 8888888P"" gg I8 8I 88aaaad8P"" 88 """" I8 8' 88""""""""""gg gg 88 gg ,ggg,,g...",decompyle3:not_run:;pylingual:not_run:
cpython-311,data/rq3/cpython-3.11/unique_bug_pyc/cpython-311-2e423e9e1359.pyc,unconfirmed,original bytecode status ok:,ok,,,"decompyle3:error:# decompyle3 version 3.9.3 # Python bytecode version base 3.11 (3495) # Decompiled from: Python 3.11.0rc1 (main, Aug 12 2022, 10:02:14) [GCC 11.2.0] # Embedded file name: data/rq3/cpython-3.11/unittest_seeds/raw/cpython_case_test_capi_Te...;pylingual:error:──────────────────────────────────────────────────────────────────────────────── ,ggggggggggg, ,gggg, dP""""""88""""""""""""Y8, d8"" ""8I ,dPYb, Yb, 88 `8b 88 ,dP IP'`Yb `"" 88 ,8P 8888888P"" gg I8 8I 88aaaad8P"" 88 """" I8 8' 88""""""""""gg gg 88 gg ,ggg,,g...",decompyle3:not_run:;pylingual:not_run:
cpython-311,data/rq3/cpython-3.11/unique_bug_pyc/cpython-311-2f5aa1bc4e0c.pyc,unconfirmed,original bytecode status ok:,ok,,,"decompyle3:error:# decompyle3 version 3.9.3 # Python bytecode version base 3.11 (3495) # Decompiled from: Python 3.11.0rc1 (main, Aug 12 2022, 10:02:14) [GCC 11.2.0] # Embedded file name: data/rq3/cpython-3.11/unittest_seeds/raw/cpython_case_test_descr_C...;pylingual:error:──────────────────────────────────────────────────────────────────────────────── ,ggggggggggg, ,gggg, dP""""""88""""""""""""Y8, d8"" ""8I ,dPYb, Yb, 88 `8b 88 ,dP IP'`Yb `"" 88 ,8P 8888888P"" gg I8 8I 88aaaad8P"" 88 """" I8 8' 88""""""""""gg gg 88 gg ,ggg,,g...",decompyle3:not_run:;pylingual:not_run:
cpython-311,data/rq3/cpython-3.11/unique_bug_pyc/cpython-311-3041ae97dcb2.pyc,no_source,"# decompyle3 version 3.9.3 # Python bytecode version base 3.11 (3495) # Decompiled from: Python 3.11.0rc1 (main, Aug 12 2022, 10:02:14) [GCC 11.2.0] # Embedded file name: data/rq3/cpython-3.11/unittest_seeds/raw/cpython_case_test_re_ReTe...",crash,signal_11:,,"decompyle3:error:# decompyle3 version 3.9.3 # Python bytecode version base 3.11 (3495) # Decompiled from: Python 3.11.0rc1 (main, Aug 12 2022, 10:02:14) [GCC 11.2.0] # Embedded file name: data/rq3/cpython-3.11/unittest_seeds/raw/cpython_case_test_re_ReTe...;pylingual:error:──────────────────────────────────────────────────────────────────────────────── ,ggggggggggg, ,gggg, dP""""""88""""""""""""Y8, d8"" ""8I ,dPYb, Yb, 88 `8b 88 ,dP IP'`Yb `"" 88 ,8P 8888888P"" gg I8 8I 88aaaad8P"" 88 """" I8 8' 88""""""""""gg gg 88 gg ,ggg,,g...",decompyle3:not_run:;pylingual:not_run:
cpython-311,data/rq3/cpython-3.11/unique_bug_pyc/cpython-311-3264726321f9.pyc,no_source,"# decompyle3 version 3.9.3 # Python bytecode version base 3.11 (3495) # Decompiled from: Python 3.11.0rc1 (main, Aug 12 2022, 10:02:14) [GCC 11.2.0] # Embedded file name: data/rq3/cpython-3.11/unittest_seeds/raw/cpython_case_test_source_...",crash,signal_11:,,"decompyle3:error:# decompyle3 version 3.9.3 # Python bytecode version base 3.11 (3495) # Decompiled from: Python 3.11.0rc1 (main, Aug 12 2022, 10:02:14) [GCC 11.2.0] # Embedded file name: data/rq3/cpython-3.11/unittest_seeds/raw/cpython_case_test_source_...;pylingual:error:──────────────────────────────────────────────────────────────────────────────── ,ggggggggggg, ,gggg, dP""""""88""""""""""""Y8, d8"" ""8I ,dPYb, Yb, 88 `8b 88 ,dP IP'`Yb `"" 88 ,8P 8888888P"" gg I8 8I 88aaaad8P"" 88 """" I8 8' 88""""""""""gg gg 88 gg ,ggg,,g...",decompyle3:not_run:;pylingual:not_run:
cpython-311,data/rq3/cpython-3.11/unique_bug_pyc/cpython-311-36b3d4d99e62.pyc,no_source,"# decompyle3 version 3.9.3 # Python bytecode version base 3.11 (3495) # Decompiled from: Python 3.11.0rc1 (main, Aug 12 2022, 10:02:14) [GCC 11.2.0] # Embedded file name: data/rq3/cpython-3.11/unittest_seeds/raw/cpython_case_test_statist...",crash,signal_11:,,"decompyle3:error:# decompyle3 version 3.9.3 # Python bytecode version base 3.11 (3495) # Decompiled from: Python 3.11.0rc1 (main, Aug 12 2022, 10:02:14) [GCC 11.2.0] # Embedded file name: data/rq3/cpython-3.11/unittest_seeds/raw/cpython_case_test_statist...;pylingual:error:──────────────────────────────────────────────────────────────────────────────── ,ggggggggggg, ,gggg, dP""""""88""""""""""""Y8, d8"" ""8I ,dPYb, Yb, 88 `8b 88 ,dP IP'`Yb `"" 88 ,8P 8888888P"" gg I8 8I 88aaaad8P"" 88 """" I8 8' 88""""""""""gg gg 88 gg ,ggg,,g...",decompyle3:not_run:;pylingual:not_run:
cpython-311,data/rq3/cpython-3.11/unique_bug_pyc/cpython-311-391d5ea40c55.pyc,unconfirmed,original bytecode status ok:,ok,,,"decompyle3:error:# decompyle3 version 3.9.3 # Python bytecode version base 3.11 (3495) # Decompiled from: Python 3.11.0rc1 (main, Aug 12 2022, 10:02:14) [GCC 11.2.0] # Embedded file name: data/rq3/cpython-3.11/unittest_seeds/raw/cpython_case_test_richcmp...;pylingual:error:──────────────────────────────────────────────────────────────────────────────── ,ggggggggggg, ,gggg, dP""""""88""""""""""""Y8, d8"" ""8I ,dPYb, Yb, 88 `8b 88 ,dP IP'`Yb `"" 88 ,8P 8888888P"" gg I8 8I 88aaaad8P"" 88 """" I8 8' 88""""""""""gg gg 88 gg ,ggg,,g...",decompyle3:not_run:;pylingual:not_run:
cpython-311,data/rq3/cpython-3.11/unique_bug_pyc/cpython-311-39a562d100eb.pyc,unconfirmed,original bytecode status ok:,ok,,,"decompyle3:error:# decompyle3 version 3.9.3 # Python bytecode version base 3.11 (3495) # Decompiled from: Python 3.11.0rc1 (main, Aug 12 2022, 10:02:14) [GCC 11.2.0] # Embedded file name: data/rq3/cpython-3.11/unittest_seeds/raw/cpython_case_test_excepti...;pylingual:error:──────────────────────────────────────────────────────────────────────────────── ,ggggggggggg, ,gggg, dP""""""88""""""""""""Y8, d8"" ""8I ,dPYb, Yb, 88 `8b 88 ,dP IP'`Yb `"" 88 ,8P 8888888P"" gg I8 8I 88aaaad8P"" 88 """" I8 8' 88""""""""""gg gg 88 gg ,ggg,,g...",decompyle3:not_run:;pylingual:not_run:
cpython-311,data/rq3/cpython-3.11/unique_bug_pyc/cpython-311-3addb7f7df89.pyc,no_source,"# decompyle3 version 3.9.3 # Python bytecode version base 3.11 (3495) # Decompiled from: Python 3.11.0rc1 (main, Aug 12 2022, 10:02:14) [GCC 11.2.0] # Embedded file name: data/rq3/cpython-3.11/un-8232548eeds/raw/cpython_case_test_raise_T...",crash,signal_11:,,"decompyle3:error:# decompyle3 version 3.9.3 # Python bytecode version base 3.11 (3495) # Decompiled from: Python 3.11.0rc1 (main, Aug 12 2022, 10:02:14) [GCC 11.2.0] # Embedded file name: data/rq3/cpython-3.11/un-8232548eeds/raw/cpython_case_test_raise_T...;pylingual:error:──────────────────────────────────────────────────────────────────────────────── ,ggggggggggg, ,gggg, dP""""""88""""""""""""Y8, d8"" ""8I ,dPYb, Yb, 88 `8b 88 ,dP IP'`Yb `"" 88 ,8P 8888888P"" gg I8 8I 88aaaad8P"" 88 """" I8 8' 88""""""""""gg gg 88 gg ,ggg,,g...",decompyle3:not_run:;pylingual:not_run:
cpython-311,data/rq3/cpython-3.11/unique_bug_pyc/cpython-311-3d91baaa2a9f.pyc,unconfirmed,original bytecode status ok:,ok,,,"decompyle3:error:# decompyle3 version 3.9.3 # Python bytecode version base 3.11 (3495) # Decompiled from: Python 3.11.0rc1 (main, Aug 12 2022, 10:02:14) [GCC 11.2.0] # Embedded file name: data/rq3/cpython-3.11/unittest_seeds/raw/cpython_case_test_compare...;pylingual:error:──────────────────────────────────────────────────────────────────────────────── ,ggggggggggg, ,gggg, dP""""""88""""""""""""Y8, d8"" ""8I ,dPYb, Yb, 88 `8b 88 ,dP IP'`Yb `"" 88 ,8P 8888888P"" gg I8 8I 88aaaad8P"" 88 """" I8 8' 88""""""""""gg gg 88 gg ,ggg,,g...",decompyle3:not_run:;pylingual:not_run:
cpython-311,data/rq3/cpython-3.11/unique_bug_pyc/cpython-311-3dea9da3226b.pyc,unconfirmed,original bytecode status ok:,ok,,,"decompyle3:error:# decompyle3 version 3.9.3 # Python bytecode version base 3.11 (3495) # Decompiled from: Python 3.11.0rc1 (main, Aug 12 2022, 10:02:14) [GCC 11.2.0] # Embedded file name: data/rq3/cpython-3.11/unittest_seeds/raw/cpython_case_test_richcmp...;pylingual:error:──────────────────────────────────────────────────────────────────────────────── ,ggggggggggg, ,gggg, dP""""""88""""""""""""Y8, d8"" ""8I ,dPYb, Yb, 88 `8b 88 ,dP IP'`Yb `"" 88 ,8P 8888888P"" gg I8 8I 88aaaad8P"" 88 """" I8 8' 88""""""""""gg gg 88 gg ,ggg,,g...",decompyle3:not_run:;pylingual:not_run:
cpython-311,data/rq3/cpython-3.11/unique_bug_pyc/cpython-311-3e8527f976f6.pyc,unconfirmed,original bytecode status ok:,ok,,,"decompyle3:error:# decompyle3 version 3.9.3 # Python bytecode version base 3.11 (3495) # Decompiled from: Python 3.11.0rc1 (main, Aug 12 2022, 10:02:14) [GCC 11.2.0] # Embedded file name: data/rq3/cpython-3.11/unittest_seeds/raw/cpython_case_test_getpath...;pylingual:error:──────────────────────────────────────────────────────────────────────────────── ,ggggggggggg, ,gggg, dP""""""88""""""""""""Y8, d8"" ""8I ,dPYb, Yb, 88 `8b 88 ,dP IP'`Yb `"" 88 ,8P 8888888P"" gg I8 8I 88aaaad8P"" 88 """" I8 8' 88""""""""""gg gg 88 gg ,ggg,,g...",decompyle3:not_run:;pylingual:not_run:
cpython-311,data/rq3/cpython-3.11/unique_bug_pyc/cpython-311-3fd06f3e7374.pyc,no_source,"# decompyle3 version 3.9.3 # Python bytecode version base 3.11 (3495) # Decompiled from: Python 3.11.0rc1 (main, Aug 12 2022, 10:02:14) [GCC 11.2.0] # Embedded file name: data/rq3/cpython-3.11/unittest_seeds/raw/cpython_case_test_struct_...",crash,signal_11:,,"decompyle3:error:# decompyle3 version 3.9.3 # Python bytecode version base 3.11 (3495) # Decompiled from: Python 3.11.0rc1 (main, Aug 12 2022, 10:02:14) [GCC 11.2.0] # Embedded file name: data/rq3/cpython-3.11/unittest_seeds/raw/cpython_case_test_struct_...;pylingual:error:──────────────────────────────────────────────────────────────────────────────── ,ggggggggggg, ,gggg, dP""""""88""""""""""""Y8, d8"" ""8I ,dPYb, Yb, 88 `8b 88 ,dP IP'`Yb `"" 88 ,8P 8888888P"" gg I8 8I 88aaaad8P"" 88 """" I8 8' 88""""""""""gg gg 88 gg ,ggg,,g...",decompyle3:not_run:;pylingual:not_run:
cpython-311,data/rq3/cpython-3.11/unique_bug_pyc/cpython-311-3fd7c2097893.pyc,no_source,"# decompyle3 version 3.9.3 # Python bytecode version base 3.11 (3495) # Decompiled from: Python 3.11.0rc1 (main, Aug 12 2022, 10:02:14) [GCC 11.2.0] # Embedded file name: data/rq3/cpython-3.11/unittest_seeds/raw/cpython_case_test_wave_Wa...",crash,signal_11:,,"decompyle3:error:# decompyle3 version 3.9.3 # Python bytecode version base 3.11 (3495) # Decompiled from: Python 3.11.0rc1 (main, Aug 12 2022, 10:02:14) [GCC 11.2.0] # Embedded file name: data/rq3/cpython-3.11/unittest_seeds/raw/cpython_case_test_wave_Wa...;pylingual:error:──────────────────────────────────────────────────────────────────────────────── ,ggggggggggg, ,gggg, dP""""""88""""""""""""Y8, d8"" ""8I ,dPYb, Yb, 88 `8b 88 ,dP IP'`Yb `"" 88 ,8P 8888888P"" gg I8 8I 88aaaad8P"" 88 """" I8 8' 88""""""""""gg gg 88 gg ,ggg,,g...",decompyle3:not_run:;pylingual:not_run:
cpython-311,data/rq3/cpython-3.11/unique_bug_pyc/cpython-311-4104352150cc.pyc,unconfirmed,original bytecode status ok:,ok,,,"decompyle3:error:# decompyle3 version 3.9.3 # Python bytecode version base 3.11 (3495) # Decompiled from: Python 3.11.0rc1 (main, Aug 12 2022, 10:02:14) [GCC 11.2.0] # Embedded file name: data/rq3/cpython-3.11/unittest_seeds/raw/cpython_case_test_numeric...;pylingual:error:──────────────────────────────────────────────────────────────────────────────── ,ggggggggggg, ,gggg, dP""""""88""""""""""""Y8, d8"" ""8I ,dPYb, Yb, 88 `8b 88 ,dP IP'`Yb `"" 88 ,8P 8888888P"" gg I8 8I 88aaaad8P"" 88 """" I8 8' 88""""""""""gg gg 88 gg ,ggg,,g...",decompyle3:not_run:;pylingual:not_run:
cpython-311,data/rq3/cpython-3.11/unique_bug_pyc/cpython-311-42ca23aebbae.pyc,no_source,"# decompyle3 version 3.9.3 # Python bytecode version base 3.11 (3495) # Decompiled from: Python 3.11.0rc1 (main, Aug 12 2022, 10:02:14) [GCC 11.2.0] # Embedded file name: data/rq3/cpython-3.11/unittest_seeds/raw/cpython_case_test_tokeniz...",crash,signal_11:,,"decompyle3:error:# decompyle3 version 3.9.3 # Python bytecode version base 3.11 (3495) # Decompiled from: Python 3.11.0rc1 (main, Aug 12 2022, 10:02:14) [GCC 11.2.0] # Embedded file name: data/rq3/cpython-3.11/unittest_seeds/raw/cpython_case_test_tokeniz...;pylingual:error:──────────────────────────────────────────────────────────────────────────────── ,ggggggggggg, ,gggg, dP""""""88""""""""""""Y8, d8"" ""8I ,dPYb, Yb, 88 `8b 88 ,dP IP'`Yb `"" 88 ,8P 8888888P"" gg I8 8I 88aaaad8P"" 88 """" I8 8' 88""""""""""gg gg 88 gg ,ggg,,g...",decompyle3:not_run:;pylingual:not_run:
cpython-311,data/rq3/cpython-3.11/unique_bug_pyc/cpython-311-4825097c6720.pyc,unconfirmed,original bytecode status ok:,ok,,,"decompyle3:error:# decompyle3 version 3.9.3 # Python bytecode version base 3.11 (3495) # Decompiled from: Python 3.11.0rc1 (main, Aug 12 2022, 10:02:14) [GCC 11.2.0] # Embedded file name: data/rq3/cpython-3.11/unittest_seeds/raw/cpython_case_test_bytes_B...;pylingual:error:──────────────────────────────────────────────────────────────────────────────── ,ggggggggggg, ,gggg, dP""""""88""""""""""""Y8, d8"" ""8I ,dPYb, Yb, 88 `8b 88 ,dP IP'`Yb `"" 88 ,8P 8888888P"" gg I8 8I 88aaaad8P"" 88 """" I8 8' 88""""""""""gg gg 88 gg ,ggg,,g...",decompyle3:not_run:;pylingual:not_run:
cpython-311,data/rq3/cpython-3.11/unique_bug_pyc/cpython-311-492ff1fe49e3.pyc,no_source,"# decompyle3 version 3.9.3 # Python bytecode version base 3.11 (3495) # Decompiled from: Python 3.11.0rc1 (main, Aug 12 2022, 10:02:14) [GCC 11.2.0] # Embedded file name: data/rq3/cpython-3.11/unittest_seeds/raw/cpython_case_test_socket_...",crash,signal_11:,,"decompyle3:error:# decompyle3 version 3.9.3 # Python bytecode version base 3.11 (3495) # Decompiled from: Python 3.11.0rc1 (main, Aug 12 2022, 10:02:14) [GCC 11.2.0] # Embedded file name: data/rq3/cpython-3.11/unittest_seeds/raw/cpython_case_test_socket_...;pylingual:error:──────────────────────────────────────────────────────────────────────────────── ,ggggggggggg, ,gggg, dP""""""88""""""""""""Y8, d8"" ""8I ,dPYb, Yb, 88 `8b 88 ,dP IP'`Yb `"" 88 ,8P 8888888P"" gg I8 8I 88aaaad8P"" 88 """" I8 8' 88""""""""""gg gg 88 gg ,ggg,,g...",decompyle3:not_run:;pylingual:not_run:
cpython-311,data/rq3/cpython-3.11/unique_bug_pyc/cpython-311-4f167c8f9636.pyc,unconfirmed,original bytecode status ok:,ok,,,"decompyle3:error:# decompyle3 version 3.9.3 # Python bytecode version base 3.11 (3495) # Decompiled from: Python 3.11.0rc1 (main, Aug 12 2022, 10:02:14) [GCC 11.2.0] # Embedded file name: data/rq3/cpython-3.11/unittest_seeds/raw/cpython_case_test_generat...;pylingual:error:──────────────────────────────────────────────────────────────────────────────── ,ggggggggggg, ,gggg, dP""""""88""""""""""""Y8, d8"" ""8I ,dPYb, Yb, 88 `8b 88 ,dP IP'`Yb `"" 88 ,8P 8888888P"" gg I8 8I 88aaaad8P"" 88 """" I8 8' 88""""""""""gg gg 88 gg ,ggg,,g...",decompyle3:not_run:;pylingual:not_run:
cpython-311,data/rq3/cpython-3.11/unique_bug_pyc/cpython-311-50ceb940552a.pyc,unconfirmed,original bytecode status ok:,ok,,,"decompyle3:error:# decompyle3 version 3.9.3 # Python bytecode version base 3.11 (3495) # Decompiled from: Python 3.11.0rc1 (main, Aug 12 2022, 10:02:14) [GCC 11.2.0] # Embedded file name: data/rq3/cpythom-3.11/unittest_seeds/raw/cpython_case_test_subproc...;pylingual:error:──────────────────────────────────────────────────────────────────────────────── ,ggggggggggg, ,gggg, dP""""""88""""""""""""Y8, d8"" ""8I ,dPYb, Yb, 88 `8b 88 ,dP IP'`Yb `"" 88 ,8P 8888888P"" gg I8 8I 88aaaad8P"" 88 """" I8 8' 88""""""""""gg gg 88 gg ,ggg,,g...",decompyle3:not_run:;pylingual:not_run:
cpython-311,data/rq3/cpython-3.11/unique_bug_pyc/cpython-311-50eef3c67ce7.pyc,unconfirmed,original bytecode status ok:,ok,,,"decompyle3:error:# decompyle3 version 3.9.3 # Python bytecode version base 3.11 (3495) # Decompiled from: Python 3.11.0rc1 (main, Aug 12 2022, 10:02:14) [GCC 11.2.0] # Embedded file name: data/rq3/cpython-3.11/unittest_seeds/raw/cpython_case_test_set_Tes...;pylingual:error:──────────────────────────────────────────────────────────────────────────────── ,ggggggggggg, ,gggg, dP""""""88""""""""""""Y8, d8"" ""8I ,dPYb, Yb, 88 `8b 88 ,dP IP'`Yb `"" 88 ,8P 8888888P"" gg I8 8I 88aaaad8P"" 88 """" I8 8' 88""""""""""gg gg 88 gg ,ggg,,g...",decompyle3:not_run:;pylingual:not_run:
cpython-311,data/rq3/cpython-3.11/unique_bug_pyc/cpython-311-51b2310537d9.pyc,unconfirmed,original bytecode status ok:,ok,,,"decompyle3:error:# decompyle3 version 3.9.3 # Python bytecode version base 3.11 (3495) # Decompiled from: Python 3.11.0rc1 (main, Aug 12 2022, 10:02:14) [GCC 11.2.0] # Embedded file name: data/rq3/cpython-3.11/unittest_seeds/raw/cpython_case_test_os_FDIn...;pylingual:error:──────────────────────────────────────────────────────────────────────────────── ,ggggggggggg, ,gggg, dP""""""88""""""""""""Y8, d8"" ""8I ,dPYb, Yb, 88 `8b 88 ,dP IP'`Yb `"" 88 ,8P 8888888P"" gg I8 8I 88aaaad8P"" 88 """" I8 8' 88""""""""""gg gg 88 gg ,ggg,,g...",decompyle3:not_run:;pylingual:not_run:
cpython-311,data/rq3/cpython-3.11/unique_bug_pyc/cpython-311-5746eeb92335.pyc,unconfirmed,original bytecode status ok:,ok,,,"decompyle3:error:# decompyle3 version 3.9.3 # Python bytecode version base 3.11 (3495) # Decompiled from: Python 3.11.0rc1 (main, Aug 12 2022, 10:02:14) [GCC 11.2.0] # Embedded file name: data/rq3/cpython-3.11/unittest_seeds/raw/cpython_case_test_dis_Ins...;pylingual:error:──────────────────────────────────────────────────────────────────────────────── ,ggggggggggg, ,gggg, dP""""""88""""""""""""Y8, d8"" ""8I ,dPYb, Yb, 88 `8b 88 ,dP IP'`Yb `"" 88 ,8P 8888888P"" gg I8 8I 88aaaad8P"" 88 """" I8 8' 88""""""""""gg gg 88 gg ,ggg,,g...",decompyle3:not_run:;pylingual:not_run:
cpython-311,data/rq3/cpython-3.11/unique_bug_pyc/cpython-311-5759b93de53b.pyc,unconfirmed,original bytecode status ok:,ok,,,"decompyle3:error:# decompyle3 version 3.9.3 # Python bytecode version base 3.11 (3495) # Decompiled from: Python 3.11.0rc1 (main, Aug 12 2022, 10:02:14) [GCC 11.2.0] # Embedded file name: data/rq3/cpython-3.11/unittest_seeds/raw/cpython_case_test_io_Text...;pylingual:error:──────────────────────────────────────────────────────────────────────────────── ,ggggggggggg, ,gggg, dP""""""88""""""""""""Y8, d8"" ""8I ,dPYb, Yb, 88 `8b 88 ,dP IP'`Yb `"" 88 ,8P 8888888P"" gg I8 8I 88aaaad8P"" 88 """" I8 8' 88""""""""""gg gg 88 gg ,ggg,,g...",decompyle3:not_run:;pylingual:not_run:
cpython-311,data/rq3/cpython-3.11/unique_bug_pyc/cpython-311-5821f496f911.pyc,no_source,"# decompyle3 version 3.9.3 # Python bytecode version base 3.11 (3495) # Decompiled from: Python 3.11.0rc1 (main, Aug 12 2022, 10:02:14) [GCC 11.2.0] # Embedded file name: data/rq3/cpython-3.11/unittest_seeds/raw/cpython_case_test_gzip_Te...",crash,signal_11:,,"decompyle3:error:# decompyle3 version 3.9.3 # Python bytecode version base 3.11 (3495) # Decompiled from: Python 3.11.0rc1 (main, Aug 12 2022, 10:02:14) [GCC 11.2.0] # Embedded file name: data/rq3/cpython-3.11/unittest_seeds/raw/cpython_case_test_gzip_Te...;pylingual:error:──────────────────────────────────────────────────────────────────────────────── ,ggggggggggg, ,gggg, dP""""""88""""""""""""Y8, d8"" ""8I ,dPYb, Yb, 88 `8b 88 ,dP IP'`Yb `"" 88 ,8P 8888888P"" gg I8 8I 88aaaad8P"" 88 """" I8 8' 88""""""""""gg gg 88 gg ,ggg,,g...",decompyle3:not_run:;pylingual:not_run:
cpython-311,data/rq3/cpython-3.11/unique_bug_pyc/cpython-311-59f5f21e80ec.pyc,no_source,"# decompyle3 version 3.9.3 # Python bytecode version base 3.11 (3495) # Decompiled from: Python 3.11.0rc1 (main, Aug 12 2022, 10:02:14) [GCC 11.2.0] # Embedded file name: data/rq3/cpython-3.11/unittest_seeds/raw/cpython_case_test_mailbox...",exit_1,"Traceback (most recent call last): File ""/home/awen/git/PybcSEC/PycLens/data/rq4/harness.py"", line 26, in <module> exec(code, namespace, namespace) File ""data/rq3/cpython-3.11/unittest_seeds/raw/cpython_case_test_mailbox_TestMailbox_test...",,"decompyle3:error:# decompyle3 version 3.9.3 # Python bytecode version base 3.11 (3495) # Decompiled from: Python 3.11.0rc1 (main, Aug 12 2022, 10:02:14) [GCC 11.2.0] # Embedded file name: data/rq3/cpython-3.11/unittest_seeds/raw/cpython_case_test_mailbox...;pylingual:error:──────────────────────────────────────────────────────────────────────────────── ,ggggggggggg, ,gggg, dP""""""88""""""""""""Y8, d8"" ""8I ,dPYb, Yb, 88 `8b 88 ,dP IP'`Yb `"" 88 ,8P 8888888P"" gg I8 8I 88aaaad8P"" 88 """" I8 8' 88""""""""""gg gg 88 gg ,ggg,,g...",decompyle3:not_run:;pylingual:not_run:
cpython-311,data/rq3/cpython-3.11/unique_bug_pyc/cpython-311-5a5088aea356.pyc,unconfirmed,original bytecode status ok:,ok,,,"decompyle3:exit_2:/home/awen/git/PybcSEC/PycLens/data/rq2/envs/cpython-311/lib/python3.11/site-packages/click/core.py:1307: UserWarning: The parameter --version is used more than once. Remove its duplicate as parameters should be unique. parser = self.mak...;pylingual:error:──────────────────────────────────────────────────────────────────────────────── ,ggggggggggg, ,gggg, dP""""""88""""""""""""Y8, d8"" ""8I ,dPYb, Yb, 88 `8b 88 ,dP IP'`Yb `"" 88 ,8P 8888888P"" gg I8 8I 88aaaad8P"" 88 """" I8 8' 88""""""""""gg gg 88 gg ,ggg,,g...",decompyle3:not_run:;pylingual:not_run:
cpython-311,data/rq3/cpython-3.11/unique_bug_pyc/cpython-311-5bdaa1635e51.pyc,no_source,"# decompyle3 version 3.9.3 # Python bytecode version base 3.11 (3495) # Decompiled from: Python 3.11.0rc1 (main, Aug 12 2022, 10:02:14) [GCC 11.2.0] # Embedded file name: data/rq3/cpython-3.11/unittest_seeds/raw/cpython_case_test_re_ReTe...",crash,signal_11:,,"decompyle3:error:# decompyle3 version 3.9.3 # Python bytecode version base 3.11 (3495) # Decompiled from: Python 3.11.0rc1 (main, Aug 12 2022, 10:02:14) [GCC 11.2.0] # Embedded file name: data/rq3/cpython-3.11/unittest_seeds/raw/cpython_case_test_re_ReTe...;pylingual:error:──────────────────────────────────────────────────────────────────────────────── ,ggggggggggg, ,gggg, dP""""""88""""""""""""Y8, d8"" ""8I ,dPYb, Yb, 88 `8b 88 ,dP IP'`Yb `"" 88 ,8P 8888888P"" gg I8 8I 88aaaad8P"" 88 """" I8 8' 88""""""""""gg gg 88 gg ,ggg,,g...",decompyle3:not_run:;pylingual:not_run:
cpython-311,data/rq3/cpython-3.11/unique_bug_pyc/cpython-311-5e17ee64a60a.pyc,no_source,"# decompyle3 version 3.9.3 # Python bytecode version base 3.11 (3495) # Decompiled from: Python 3.11.0rc1 (main, Aug 12 2022, 10:02:14) [GCC 11.2.0] # Embedded file name: data/rq3/cpython-3.11/unittest_seeds/raw/cpython_case_test_excepti...",crash,signal_11:,,"decompyle3:error:# decompyle3 version 3.9.3 # Python bytecode version base 3.11 (3495) # Decompiled from: Python 3.11.0rc1 (main, Aug 12 2022, 10:02:14) [GCC 11.2.0] # Embedded file name: data/rq3/cpython-3.11/unittest_seeds/raw/cpython_case_test_excepti...;pylingual:error:──────────────────────────────────────────────────────────────────────────────── ,ggggggggggg, ,gggg, dP""""""88""""""""""""Y8, d8"" ""8I ,dPYb, Yb, 88 `8b 88 ,dP IP'`Yb `"" 88 ,8P 8888888P"" gg I8 8I 88aaaad8P"" 88 """" I8 8' 88""""""""""gg gg 88 gg ,ggg,,g...",decompyle3:not_run:;pylingual:not_run:
cpython-311,data/rq3/cpython-3.11/unique_bug_pyc/cpython-311-5ec7fc596442.pyc,no_source,"# decompyle3 version 3.9.3 # Python bytecode version base 3.11 (3495) # Decompiled from: Python 3.11.0rc1 (main, Aug 12 2022, 10:02:14) [GCC 11.2.0] # Embedded file name: data/rq3/cpython-3.11/unittest_seeds/raw/cpython_case_test_subclas...",crash,signal_11:,,"decompyle3:error:# decompyle3 version 3.9.3 # Python bytecode version base 3.11 (3495) # Decompiled from: Python 3.11.0rc1 (main, Aug 12 2022, 10:02:14) [GCC 11.2.0] # Embedded file name: data/rq3/cpython-3.11/unittest_seeds/raw/cpython_case_test_subclas...;pylingual:error:──────────────────────────────────────────────────────────────────────────────── ,ggggggggggg, ,gggg, dP""""""88""""""""""""Y8, d8"" ""8I ,dPYb, Yb, 88 `8b 88 ,dP IP'`Yb `"" 88 ,8P 8888888P"" gg I8 8I 88aaaad8P"" 88 """" I8 8' 88""""""""""gg gg 88 gg ,ggg,,g...",decompyle3:not_run:;pylingual:not_run:
cpython-311,data/rq3/cpython-3.11/unique_bug_pyc/cpython-311-63207017d9b7.pyc,no_source,"# decompyle3 version 3.9.3 # Python bytecode version base 3.11 (3495) # Decompiled from: Python 3.11.0rc1 (main, Aug 12 2022, 10:02:14) [GCC 11.2.0] # Embedded file name: data/rq3/cpython-3.11/unittest_seeds/raw/cpython_case_test_os`Win3...",crash,signal_11:,,"decompyle3:error:# decompyle3 version 3.9.3 # Python bytecode version base 3.11 (3495) # Decompiled from: Python 3.11.0rc1 (main, Aug 12 2022, 10:02:14) [GCC 11.2.0] # Embedded file name: data/rq3/cpython-3.11/unittest_seeds/raw/cpython_case_test_os`Win3...;pylingual:error:──────────────────────────────────────────────────────────────────────────────── ,ggggggggggg, ,gggg, dP""""""88""""""""""""Y8, d8"" ""8I ,dPYb, Yb, 88 `8b 88 ,dP IP'`Yb `"" 88 ,8P 8888888P"" gg I8 8I 88aaaad8P"" 88 """" I8 8' 88""""""""""gg gg 88 gg ,ggg,,g...",decompyle3:not_run:;pylingual:not_run:
cpython-311,data/rq3/cpython-3.11/unique_bug_pyc/cpython-311-67e7fa191402.pyc,no_source,/home/awen/git/PybcSEC/PycLens/data/rq2/envs/cpython-311/lib/python3.11/site-packages/click/core.py:1307: UserWarning: The parameter --version is used more than once. Remove its duplicate as parameters should be unique. parser = self.mak...,crash,signal_11:,,"decompyle3:exit_2:/home/awen/git/PybcSEC/PycLens/data/rq2/envs/cpython-311/lib/python3.11/site-packages/click/core.py:1307: UserWarning: The parameter --version is used more than once. Remove its duplicate as parameters should be unique. parser = self.mak...;pylingual:error:──────────────────────────────────────────────────────────────────────────────── ,ggggggggggg, ,gggg, dP""""""88""""""""""""Y8, d8"" ""8I ,dPYb, Yb, 88 `8b 88 ,dP IP'`Yb `"" 88 ,8P 8888888P"" gg I8 8I 88aaaad8P"" 88 """" I8 8' 88""""""""""gg gg 88 gg ,ggg,,g...",decompyle3:not_run:;pylingual:not_run:
cpython-311,data/rq3/cpython-3.11/unique_bug_pyc/cpython-311-697fc254bc06.pyc,unconfirmed,original bytecode status ok:,ok,,,"decompyle3:error:# decompyle3 version 3.9.3 # Python bytecode version base 3.11 (3495) # Decompiled from: Python 3.11.0rc1 (main, Aug 12 2022, 10:02:14) [GCC 11.2.0] # Embedded file name: data/rq3/cpython-3.11/unittest_seeds/raw/cpython_case_test_re_ReTe...;pylingual:error:──────────────────────────────────────────────────────────────────────────────── ,ggggggggggg, ,gggg, dP""""""88""""""""""""Y8, d8"" ""8I ,dPYb, Yb, 88 `8b 88 ,dP IP'`Yb `"" 88 ,8P 8888888P"" gg I8 8I 88aaaad8P"" 88 """" I8 8' 88""""""""""gg gg 88 gg ,ggg,,g...",decompyle3:not_run:;pylingual:not_run:
cpython-311,data/rq3/cpython-3.11/unique_bug_pyc/cpython-311-6b1627b229bf.pyc,no_source,"# decompyle3 version 3.9.3 # Python bytecode version base 3.11 (3495) # Decompiled from: Python 3.11.0rc1 (main, Aug 12 2022, 10:02:14) [GCC 11.2.0] # Embedded file name: data/rq3/cpython-3.11/unittest_seeds/raw/cpython_case_test_excepti...",crash,signal_11:,,"decompyle3:error:# decompyle3 version 3.9.3 # Python bytecode version base 3.11 (3495) # Decompiled from: Python 3.11.0rc1 (main, Aug 12 2022, 10:02:14) [GCC 11.2.0] # Embedded file name: data/rq3/cpython-3.11/unittest_seeds/raw/cpython_case_test_excepti...;pylingual:error:──────────────────────────────────────────────────────────────────────────────── ,ggggggggggg, ,gggg, dP""""""88""""""""""""Y8, d8"" ""8I ,dPYb, Yb, 88 `8b 88 ,dP IP'`Yb `"" 88 ,8P 8888888P"" gg I8 8I 88aaaad8P"" 88 """" I8 8' 88""""""""""gg gg 88 gg ,ggg,,g...",decompyle3:not_run:;pylingual:not_run:
cpython-311,data/rq3/cpython-3.11/unique_bug_pyc/cpython-311-6cca9dce7108.pyc,unconfirmed,original bytecode status ok:,ok,,,"decompyle3:exit_2:/home/awen/git/PybcSEC/PycLens/data/rq2/envs/cpython-311/lib/python3.11/site-packages/click/core.py:1307: UserWarning: The parameter --version is used more than once. Remove its duplicate as parameters should be unique. parser = self.mak...;pylingual:error:──────────────────────────────────────────────────────────────────────────────── ,ggggggggggg, ,gggg, dP""""""88""""""""""""Y8, d8"" ""8I ,dPYb, Yb, 88 `8b 88 ,dP IP'`Yb `"" 88 ,8P 8888888P"" gg I8 8I 88aaaad8P"" 88 """" I8 8' 88""""""""""gg gg 88 gg ,ggg,,g...",decompyle3:not_run:;pylingual:not_run:
cpython-311,data/rq3/cpython-3.11/unique_bug_pyc/cpython-311-6cedcfc58d9d.pyc,no_source,"# decompyle3 version 3.9.3 # Python bytecode version base 3.11 (3495) # Decompiled from: Python 3.11.0rc1 (main, Aug 12 2022, 10:02:14) [GCC 11.2.0] # Embedded file name: data/rq3/cpython-3.11/unittest_seeds/raw/cpython_case_test_urllib2...",crash,signal_11:,,"decompyle3:error:# decompyle3 version 3.9.3 # Python bytecode version base 3.11 (3495) # Decompiled from: Python 3.11.0rc1 (main, Aug 12 2022, 10:02:14) [GCC 11.2.0] # Embedded file name: data/rq3/cpython-3.11/unittest_seeds/raw/cpython_case_test_urllib2...;pylingual:error:──────────────────────────────────────────────────────────────────────────────── ,ggggggggggg, ,gggg, dP""""""88""""""""""""Y8, d8"" ""8I ,dPYb, Yb, 88 `8b 88 ,dP IP'`Yb `"" 88 ,8P 8888888P"" gg I8 8I 88aaaad8P"" 88 """" I8 8' 88""""""""""gg gg 88 gg ,ggg,,g...",decompyle3:not_run:;pylingual:not_run:
cpython-311,data/rq3/cpython-3.11/unique_bug_pyc/cpython-311-6d4ced3ba815.pyc,unconfirmed,original bytecode status ok:,ok,,,"decompyle3:error:# decompyle3 version 3.9.3 # Python bytecode version base 3.11 (3495) # Decompiled from: Python 3.11.0rc1 (main, Aug 12 2022, 10:02:14) [GCC 11.2.0] # Embedded file name: data/rq3/cpython-3.11/unittest_seeds/raw/cpython_case_test_super_T...;pylingual:error:──────────────────────────────────────────────────────────────────────────────── ,ggggggggggg, ,gggg, dP""""""88""""""""""""Y8, d8"" ""8I ,dPYb, Yb, 88 `8b 88 ,dP IP'`Yb `"" 88 ,8P 8888888P"" gg I8 8I 88aaaad8P"" 88 """" I8 8' 88""""""""""gg gg 88 gg ,ggg,,g...",decompyle3:not_run:;pylingual:not_run:
cpython-311,data/rq3/cpython-3.11/unique_bug_pyc/cpython-311-6fa6691cd327.pyc,unconfirmed,original bytecode status ok:,ok,,,"decompyle3:error:# decompyle3 version 3.9.3 # Python bytecode version base 3.11 (3495) # Decompiled from: Python 3.11.0rc1 (main, Aug 12 2022, 10:02:14) [GCC 11.2.0] # Embedded file name: data/rq3/cpython-3.11/unittest_seeds/raw/cpython_case_test_types_T...;pylingual:error:──────────────────────────────────────────────────────────────────────────────── ,ggggggggggg, ,gggg, dP""""""88""""""""""""Y8, d8"" ""8I ,dPYb, Yb, 88 `8b 88 ,dP IP'`Yb `"" 88 ,8P 8888888P"" gg I8 8I 88aaaad8P"" 88 """" I8 8' 88""""""""""gg gg 88 gg ,ggg,,g...",decompyle3:not_run:;pylingual:not_run:
cpython-311,data/rq3/cpython-3.11/unique_bug_pyc/cpython-311-6ffbf440bc0e.pyc,unconfirmed,original bytecode status ok:,ok,,,"decompyle3:error:# decompyle3 version 3.9.3 # Python bytecode version base 3.11 (3495) # Decompiled from: Python 3.11.0rc1 (main, Aug 12 2022, 10:02:14) [GCC 11.2.0] # Embedded file name: data/rq3/cpython-3.11/unittest_seeds/xaw/cpython_case_test_generat...;pylingual:error:──────────────────────────────────────────────────────────────────────────────── ,ggggggggggg, ,gggg, dP""""""88""""""""""""Y8, d8"" ""8I ,dPYb, Yb, 88 `8b 88 ,dP IP'`Yb `"" 88 ,8P 8888888P"" gg I8 8I 88aaaad8P"" 88 """" I8 8' 88""""""""""gg gg 88 gg ,ggg,,g...",decompyle3:not_run:;pylingual:not_run:
cpython-311,data/rq3/cpython-3.11/unique_bug_pyc/cpython-311-7030ba6b9636.pyc,no_source,"# decompyle3 version 3.9.3 # Python bytecode version base 3.11 (3495) # Decompiled from: Python 3.11.0rc1 (main, Aug 12 2022, 10:02:14) [GCC 11.2.0] # Embedded file name: data/rq3/cpython-3.11/unittest_seeds/raw/cpython_case_test_faultha...",crash,signal_11:,,"decompyle3:error:# decompyle3 version 3.9.3 # Python bytecode version base 3.11 (3495) # Decompiled from: Python 3.11.0rc1 (main, Aug 12 2022, 10:02:14) [GCC 11.2.0] # Embedded file name: data/rq3/cpython-3.11/unittest_seeds/raw/cpython_case_test_faultha...;pylingual:error:──────────────────────────────────────────────────────────────────────────────── ,ggggggggggg, ,gggg, dP""""""88""""""""""""Y8, d8"" ""8I ,dPYb, Yb, 88 `8b 88 ,dP IP'`Yb `"" 88 ,8P 8888888P"" gg I8 8I 88aaaad8P"" 88 """" I8 8' 88""""""""""gg gg 88 gg ,ggg,,g...",decompyle3:not_run:;pylingual:not_run:
cpython-311,data/rq3/cpython-3.11/unique_bug_pyc/cpython-311-71d66c0dd918.pyc,no_source,"# decompyle3 version 3.9.3 # Python bytecode version base 3.11 (3495) # Decompiled from: Python 3.11.0rc1 (main, Aug 12 2022, 10:02:14) [GCC 11.2.0] # Embedded file name: data/rq3/cpython-3.11/unittest_seeds/raw/cpython_case_test__osx_su...",crash,signal_11:,,"decompyle3:error:# decompyle3 version 3.9.3 # Python bytecode version base 3.11 (3495) # Decompiled from: Python 3.11.0rc1 (main, Aug 12 2022, 10:02:14) [GCC 11.2.0] # Embedded file name: data/rq3/cpython-3.11/unittest_seeds/raw/cpython_case_test__osx_su...;pylingual:error:──────────────────────────────────────────────────────────────────────────────── ,ggggggggggg, ,gggg, dP""""""88""""""""""""Y8, d8"" ""8I ,dPYb, Yb, 88 `8b 88 ,dP IP'`Yb `"" 88 ,8P 8888888P"" gg I8 8I 88aaaad8P"" 88 """" I8 8' 88""""""""""gg gg 88 gg ,ggg,,g...",decompyle3:not_run:;pylingual:not_run:
cpython-311,data/rq3/cpython-3.11/unique_bug_pyc/cpython-311-720d71dace6f.pyc,no_source,"# decompyle3 version 3.9.3 # Python bytecode version base 3.11 (3495) # Decompiled from: Python 3.11.0rc1 (main, Aug 12 2022, 10:02:14) [GCC 11.2.0] # Embedded file name: data/rq3/cpython-3.11/unittest_seeds/raw/cpython_case_test_statist...",crash,signal_11:,,"decompyle3:error:# decompyle3 version 3.9.3 # Python bytecode version base 3.11 (3495) # Decompiled from: Python 3.11.0rc1 (main, Aug 12 2022, 10:02:14) [GCC 11.2.0] # Embedded file name: data/rq3/cpython-3.11/unittest_seeds/raw/cpython_case_test_statist...;pylingual:error:──────────────────────────────────────────────────────────────────────────────── ,ggggggggggg, ,gggg, dP""""""88""""""""""""Y8, d8"" ""8I ,dPYb, Yb, 88 `8b 88 ,dP IP'`Yb `"" 88 ,8P 8888888P"" gg I8 8I 88aaaad8P"" 88 """" I8 8' 88""""""""""gg gg 88 gg ,ggg,,g...",decompyle3:not_run:;pylingual:not_run:
cpython-311,data/rq3/cpython-3.11/unique_bug_pyc/cpython-311-72d076ae3d30.pyc,unconfirmed,original bytecode status ok:,ok,,,"decompyle3:error:# decompyle3 version 3.9.3 # Python bytecode version base 3.11 (3495) # Decompiled from: Python 3.11.0rc1 (main, Aug 12 2022, 10:02:14) [GCC 11.2.0] # Embedded file name: data/rq3/cpython-3.11/unittest_seeds/raw/cpython_case_test_compare...;pylingual:error:──────────────────────────────────────────────────────────────────────────────── ,ggggggggggg, ,gggg, dP""""""88""""""""""""Y8, d8"" ""8I ,dPYb, Yb, 88 `8b 88 ,dP IP'`Yb `"" 88 ,8P 8888888P"" gg I8 8I 88aaaad8P"" 88 """" I8 8' 88""""""""""gg gg 88 gg ,ggg,,g...",decompyle3:not_run:;pylingual:not_run:
cpython-311,data/rq3/cpython-3.11/unique_bug_pyc/cpython-311-73ce8e00b684.pyc,no_source,"# decompyle3 version 3.9.3 # Python bytecode version base 3.11 (3495) # Decompiled from: Python 3.11.0rc1 (main, Aug 12 2022, 10:02:14) [GCC 11.2.0] # Embedded file name: data/rq3/cpython-3.11/unittest_seeds/raw/cpython_case_test_ucn_Uni...",crash,signal_11:,,"decompyle3:error:# decompyle3 version 3.9.3 # Python bytecode version base 3.11 (3495) # Decompiled from: Python 3.11.0rc1 (main, Aug 12 2022, 10:02:14) [GCC 11.2.0] # Embedded file name: data/rq3/cpython-3.11/unittest_seeds/raw/cpython_case_test_ucn_Uni...;pylingual:error:──────────────────────────────────────────────────────────────────────────────── ,ggggggggggg, ,gggg, dP""""""88""""""""""""Y8, d8"" ""8I ,dPYb, Yb, 88 `8b 88 ,dP IP'`Yb `"" 88 ,8P 8888888P"" gg I8 8I 88aaaad8P"" 88 """" I8 8' 88""""""""""gg gg 88 gg ,ggg,,g...",decompyle3:not_run:;pylingual:not_run:
cpython-311,data/rq3/cpython-3.11/unique_bug_pyc/cpython-311-746ceac13e0e.pyc,unconfirmed,original bytecode status ok:,ok,,,"decompyle3:error:# decompyle3 version 3.9.3 # Python bytecode version base 3.11 (3495) # Decompiled from: Python 3.11.0rc1 (main, Aug 12 2022, 10:02:14) [GCC 11.2.0] # Embedded file name: data/rq3/cpython-3.11/unittest_seeds/raw/cpython_case_test_ast_Con...;pylingual:error:──────────────────────────────────────────────────────────────────────────────── ,ggggggggggg, ,gggg, dP""""""88""""""""""""Y8, d8"" ""8I ,dPYb, Yb, 88 `8b 88 ,dP IP'`Yb `"" 88 ,8P 8888888P"" gg I8 8I 88aaaad8P"" 88 """" I8 8' 88""""""""""gg gg 88 gg ,ggg,,g...",decompyle3:not_run:;pylingual:not_run:
cpython-311,data/rq3/cpython-3.11/unique_bug_pyc/cpython-311-770410f7c39e.pyc,unconfirmed,original bytecode status ok:,ok,,,"decompyle3:error:# decompyle3 version 3.9.3 # Python bytecode version base 3.11 (3495) # Decompiled from: Python 3.11.0rc1 (main, Aug 12 2022, 10:02:14) [GCC 11.2.0] # Embedded file name: data/rq3/cpython-2.11/unittest_seeds/raw/cpython_case_test_imp_Rel...;pylingual:error:──────────────────────────────────────────────────────────────────────────────── ,ggggggggggg, ,gggg, dP""""""88""""""""""""Y8, d8"" ""8I ,dPYb, Yb, 88 `8b 88 ,dP IP'`Yb `"" 88 ,8P 8888888P"" gg I8 8I 88aaaad8P"" 88 """" I8 8' 88""""""""""gg gg 88 gg ,ggg,,g...",decompyle3:not_run:;pylingual:not_run:
cpython-311,data/rq3/cpython-3.11/unique_bug_pyc/cpython-311-7750cad7cef0.pyc,unconfirmed,original bytecode status ok:,ok,,,"decompyle3:error:# decompyle3 version 3.9.3 # Python bytecode version base 3.11 (3495) # Decompiled from: Python 3.11.0rc1 (main, Aug 12 2022, 10:02:14) [GCC 11.2.0] # Embedded file name: data/rq3/cpython-3.11/unittest_seeds/raw/cpython_case_test_compare...;pylingual:error:──────────────────────────────────────────────────────────────────────────────── ,ggggggggggg, ,gggg, dP""""""88""""""""""""Y8, d8"" ""8I ,dPYb, Yb, 88 `8b 88 ,dP IP'`Yb `"" 88 ,8P 8888888P"" gg I8 8I 88aaaad8P"" 88 """" I8 8' 88""""""""""gg gg 88 gg ,ggg,,g...",decompyle3:not_run:;pylingual:not_run:
cpython-311,data/rq3/cpython-3.11/unique_bug_pyc/cpython-311-7b6ab4e3ddeb.pyc,unconfirmed,original bytecode status ok:,ok,,,"decompyle3:error:# decompyle3 version 3.9.3 # Python bytecode version base 3.11 (3495) # Decompiled from: Python 3.11.0rc1 (main, Aug 12 2022, 10:02:14) [GCC 11.2.0] # Embedded file name: data/rQ3/cpython-3.11/unittest_seeds/r[Ã/cpython_case_test_embed_E...;pylingual:error:──────────────────────────────────────────────────────────────────────────────── ,ggggggggggg, ,gggg, dP""""""88""""""""""""Y8, d8"" ""8I ,dPYb, Yb, 88 `8b 88 ,dP IP'`Yb `"" 88 ,8P 8888888P"" gg I8 8I 88aaaad8P"" 88 """" I8 8' 88""""""""""gg gg 88 gg ,ggg,,g...",decompyle3:not_run:;pylingual:not_run:
cpython-311,data/rq3/cpython-3.11/unique_bug_pyc/cpython-311-7eff7866b6bd.pyc,no_source,"# decompyle3 version 3.9.3 # Python bytecode version base 3.11 (3495) # Decompiled from: Python 3.11.0rc1 (main, Aug 12 2022, 10:02:14) [GCC 11.2.0] # Embedded file name: data/rq3/cpython-3.11/unittest_seeds/raw/cpython_case_test_embed_A...",crash,signal_11:,,"decompyle3:error:# decompyle3 version 3.9.3 # Python bytecode version base 3.11 (3495) # Decompiled from: Python 3.11.0rc1 (main, Aug 12 2022, 10:02:14) [GCC 11.2.0] # Embedded file name: data/rq3/cpython-3.11/unittest_seeds/raw/cpython_case_test_embed_A...;pylingual:error:──────────────────────────────────────────────────────────────────────────────── ,ggggggggggg, ,gggg, dP""""""88""""""""""""Y8, d8"" ""8I ,dPYb, Yb, 88 `8b 88 ,dP IP'`Yb `"" 88 ,8P 8888888P"" gg I8 8I 88aaaad8P"" 88 """" I8 8' 88""""""""""gg gg 88 gg ,ggg,,g...",decompyle3:not_run:;pylingual:not_run:
cpython-311,data/rq3/cpython-3.11/unique_bug_pyc/cpython-311-83a6d7d42ef7.pyc,no_source,"# decompyle3 version 3.9.3 # Python bytecode version base 3.11 (3495) # Decompiled from: Python 3.11.0rc1 (main, Aug 12 2022, 10:02:14) [GCC 11.2.0] # Embedded file name: data/rq3/cpython-3.11/unittest_seeds/raw/cp\\0\\0hon_cae_test_baseexc...",crash,signal_11:,,"decompyle3:error:# decompyle3 version 3.9.3 # Python bytecode version base 3.11 (3495) # Decompiled from: Python 3.11.0rc1 (main, Aug 12 2022, 10:02:14) [GCC 11.2.0] # Embedded file name: data/rq3/cpython-3.11/unittest_seeds/raw/cp\\0\\0hon_cae_test_baseexc...;pylingual:error:──────────────────────────────────────────────────────────────────────────────── ,ggggggggggg, ,gggg, dP""""""88""""""""""""Y8, d8"" ""8I ,dPYb, Yb, 88 `8b 88 ,dP IP'`Yb `"" 88 ,8P 8888888P"" gg I8 8I 88aaaad8P"" 88 """" I8 8' 88""""""""""gg gg 88 gg ,ggg,,g...",decompyle3:not_run:;pylingual:not_run:
cpython-311,data/rq3/cpython-3.11/unique_bug_pyc/cpython-311-8748dd3d40bc.pyc,unconfirmed,original bytecode status ok:,ok,,,"decompyle3:error:# decompyle3 version 3.9.3 # Python bytecode version base 3.11 (3495) # Decompiled from: Python 3.11.0rc1 (main, Aug 12 2022, 10:02:14) [GCC 11.2.0] # Embedded file name: data/rq3/cpython-3.11/unittest_seeds/raw/cpython_case_test__xxsubi...;pylingual:error:──────────────────────────────────────────────────────────────────────────────── ,ggggggggggg, ,gggg, dP""""""88""""""""""""Y8, d8"" ""8I ,dPYb, Yb, 88 `8b 88 ,dP IP'`Yb `"" 88 ,8P 8888888P"" gg I8 8I 88aaaad8P"" 88 """" I8 8' 88""""""""""gg gg 88 gg ,ggg,,g...",decompyle3:not_run:;pylingual:not_run:
cpython-311,data/rq3/cpython-3.11/unique_bug_pyc/cpython-311-888432a4eb45.pyc,unconfirmed,original bytecode status ok:,ok,,,"decompyle3:error:# decompyle3 version 3.9.3 # Python bytecode version base 3.11 (3495) # Decompiled from: Python 3.11.0rc1 (main, Aug 12 2022, 10:02:14) [GCC 11.2.0] # Embedded file name: data/rq3/cpython-3.11/unittest_seeds/raw/cpython_case_test_crypt_C...;pylingual:error:──────────────────────────────────────────────────────────────────────────────── ,ggggggggggg, ,gggg, dP""""""88""""""""""""Y8, d8"" ""8I ,dPYb, Yb, 88 `8b 88 ,dP IP'`Yb `"" 88 ,8P 8888888P"" gg I8 8I 88aaaad8P"" 88 """" I8 8' 88""""""""""gg gg 88 gg ,ggg,,g...",decompyle3:not_run:;pylingual:not_run:
cpython-311,data/rq3/cpython-3.11/unique_bug_pyc/cpython-311-8983d39ed62d.pyc,unconfirmed,original bytecode status ok:,ok,,,"decompyle3:error:# decompyle3 version 3.9.3 # Python bytecode version base 3.11 (3495) # Decompiled from: Python 3.11.0rc1 (main, Aug 12 2022, 10:02:14) [GCC 11.2.0] # Embedded file name: data/rq3/cpython-3.11/unittest_seeds/raw/cpython_case_test_sys_Sys...;pylingual:error:──────────────────────────────────────────────────────────────────────────────── ,ggggggggggg, ,gggg, dP""""""88""""""""""""Y8, d8"" ""8I ,dPYb, Yb, 88 `8b 88 ,dP IP'`Yb `"" 88 ,8P 8888888P"" gg I8 8I 88aaaad8P"" 88 """" I8 8' 88""""""""""gg gg 88 gg ,ggg,,g...",decompyle3:not_run:;pylingual:not_run:
cpython-311,data/rq3/cpython-3.11/unique_bug_pyc/cpython-311-8c3236a47c21.pyc,unconfirmed,original bytecode status ok:,ok,,,"decompyle3:error:# decompyle3 version 3.9.3 # Python bytecode version base 3.11 (3495) # Decompiled from: Python 3.11.0rc1 (main, Aug 12 2022, 10:02:14) [GCC 11.2.0] # Embedded file name: data/rq3/cpython-3.11/unittest_seeds/raw/cpython_case_test_smtplib...;pylingual:error:──────────────────────────────────────────────────────────────────────────────── ,ggggggggggg, ,gggg, dP""""""88""""""""""""Y8, d8"" ""8I ,dPYb, Yb, 88 `8b 88 ,dP IP'`Yb `"" 88 ,8P 8888888P"" gg I8 8I 88aaaad8P"" 88 """" I8 8' 88""""""""""gg gg 88 gg ,ggg,,g...",decompyle3:not_run:;pylingual:not_run:
cpython-311,data/rq3/cpython-3.11/unique_bug_pyc/cpython-311-8c801609b2b1.pyc,unconfirmed,original bytecode status ok:,ok,,,"decompyle3:error:# decompyle3 version 3.9.3 # Python bytecode version base 3.11 (3495) # Decompiled from: Python 3.11.0rc1 (main, Aug 12 2022, 10:02:14) [GCC 11.2.0] # Embedded file name: data/rq3/cpython-3.11/unittest_seeds/raw/cpython_case_test_enum_Te...;pylingual:error:──────────────────────────────────────────────────────────────────────────────── ,ggggggggggg, ,gggg, dP""""""88""""""""""""Y8, d8"" ""8I ,dPYb, Yb, 88 `8b 88 ,dP IP'`Yb `"" 88 ,8P 8888888P"" gg I8 8I 88aaaad8P"" 88 """" I8 8' 88""""""""""gg gg 88 gg ,ggg,,g...",decompyle3:not_run:;pylingual:not_run:
cpython-311,data/rq3/cpython-3.11/unique_bug_pyc/cpython-311-8cd24f311667.pyc,unconfirmed,original bytecode status ok:,ok,,,"decompyle3:error:# decompyle3 version 3.9.3 # Python bytecode version base 3.11 (3495) # Decompiled from: Python 3.11.0rc1 (main, Aug 12 2022, 10:02:14) [GCC 11.2.0] # Embedded file name: data/rq3/cpython-3.11/unittest_seeds/raw/cpython_case_test_cmd_lin...;pylingual:error:──────────────────────────────────────────────────────────────────────────────── ,ggggggggggg, ,gggg, dP""""""88""""""""""""Y8, d8"" ""8I ,dPYb, Yb, 88 `8b 88 ,dP IP'`Yb `"" 88 ,8P 8888888P"" gg I8 8I 88aaaad8P"" 88 """" I8 8' 88""""""""""gg gg 88 gg ,ggg,,g...",decompyle3:not_run:;pylingual:not_run:
cpython-311,data/rq3/cpython-3.11/unique_bug_pyc/cpython-311-8cd822f69443.pyc,no_source,"# decompyle3 version 3.9.3 # Python bytecode version base 3.11 (3495) # Decompiled from: Python 3.11.0rc1 (main, Aug 12 2022, 10:02:14) [GCC 11.2.0] # Embedded file name: data/rq3/cpython-3.11/unittest_seeds/raw/cpython_case_test__xxsubi...",crash,signal_11:,,"decompyle3:error:# decompyle3 version 3.9.3 # Python bytecode version base 3.11 (3495) # Decompiled from: Python 3.11.0rc1 (main, Aug 12 2022, 10:02:14) [GCC 11.2.0] # Embedded file name: data/rq3/cpython-3.11/unittest_seeds/raw/cpython_case_test__xxsubi...;pylingual:error:──────────────────────────────────────────────────────────────────────────────── ,ggggggggggg, ,gggg, dP""""""88""""""""""""Y8, d8"" ""8I ,dPYb, Yb, 88 `8b 88 ,dP IP'`Yb `"" 88 ,8P 8888888P"" gg I8 8I 88aaaad8P"" 88 """" I8 8' 88""""""""""gg gg 88 gg ,ggg,,g...",decompyle3:not_run:;pylingual:not_run:
cpython-311,data/rq3/cpython-3.11/unique_bug_pyc/cpython-311-8e1b0f5516d8.pyc,no_source,"# decompyle3 version 3.9.3 # Python bytecode version base 3.11 (3495) # Decompiled from: Python 3.11.0rc1 (main, Aug 12 2022, 10:02:14) [GCC 11.2.0] # Embedded file name: data/rq3/cpython-3.11/unittest_seeds/raw/cpython_case_test_strftim...",exit_1,"Traceback (most recent call last): File ""/home/awen/git/PybcSEC/PycLens/data/rq4/harness.py"", line 23, in <module> list(dis.Bytecode(code)) File ""/usr/lib/python3.11/dis.py"", line 467, in _get_instructions_bytes argval, argrepr = _get_na...",,"decompyle3:error:# decompyle3 version 3.9.3 # Python bytecode version base 3.11 (3495) # Decompiled from: Python 3.11.0rc1 (main, Aug 12 2022, 10:02:14) [GCC 11.2.0] # Embedded file name: data/rq3/cpython-3.11/unittest_seeds/raw/cpython_case_test_strftim...;pylingual:error:──────────────────────────────────────────────────────────────────────────────── ,ggggggggggg, ,gggg, dP""""""88""""""""""""Y8, d8"" ""8I ,dPYb, Yb, 88 `8b 88 ,dP IP'`Yb `"" 88 ,8P 8888888P"" gg I8 8I 88aaaad8P"" 88 """" I8 8' 88""""""""""gg gg 88 gg ,ggg,,g...",decompyle3:not_run:;pylingual:not_run:
cpython-311,data/rq3/cpython-3.11/unique_bug_pyc/cpython-311-9253c1750948.pyc,unconfirmed,original bytecode status ok:,ok,,,"decompyle3:error:# decompyle3 version 3.9.3 # Python bytecode version base 3.11 (3495) # Decompiled from: Python 3.11.0rc1 (main, Aug 12 2022, 10:02:14) [GCC 11.2.0] # Embedded file name: data/rq3/cpython-3.11/unittest_seeds/raw/cpython_case_test_array_B...;pylingual:error:──────────────────────────────────────────────────────────────────────────────── ,ggggggggggg, ,gggg, dP""""""88""""""""""""Y8, d8"" ""8I ,dPYb, Yb, 88 `8b 88 ,dP IP'`Yb `"" 88 ,8P 8888888P"" gg I8 8I 88aaaad8P"" 88 """" I8 8' 88""""""""""gg gg 88 gg ,ggg,,g...",decompyle3:not_run:;pylingual:not_run:
cpython-311,data/rq3/cpython-3.11/unique_bug_pyc/cpython-311-92d449ea9158.pyc,no_source,"# decompyle3 version 3.9.3 # Python bytecode version base 3.11 (3495) # Decompiled from: Python 3.11.0rc1 (main, Aug 12 2022, 10:02:14) [GCC 11.2.0] # Embedded file name: data/rq3/cpython-3.11/unittest_seeds/raw/cpython_case_test_struct_...",crash,signal_11:,,"decompyle3:error:# decompyle3 version 3.9.3 # Python bytecode version base 3.11 (3495) # Decompiled from: Python 3.11.0rc1 (main, Aug 12 2022, 10:02:14) [GCC 11.2.0] # Embedded file name: data/rq3/cpython-3.11/unittest_seeds/raw/cpython_case_test_struct_...;pylingual:error:──────────────────────────────────────────────────────────────────────────────── ,ggggggggggg, ,gggg, dP""""""88""""""""""""Y8, d8"" ""8I ,dPYb, Yb, 88 `8b 88 ,dP IP'`Yb `"" 88 ,8P 8888888P"" gg I8 8I 88aaaad8P"" 88 """" I8 8' 88""""""""""gg gg 88 gg ,ggg,,g...",decompyle3:not_run:;pylingual:not_run:
cpython-311,data/rq3/cpython-3.11/unique_bug_pyc/cpython-311-945645c697c9.pyc,no_source,"# decompyle3 version 3.9.3 # Python bytecode version base 3.11 (3495) # Decompiled from: Python 3.11.0rc1 (main, Aug 12 2022, 10:02:14) [GCC 11.2.0] # Embedded file name: data-rq3/cpython-3.11/unittest_seeds/raw/ pythó0\\0\\0\\0\\0d\\0\\0Z\\0edk\\0...",crash,signal_11:,,"decompyle3:error:# decompyle3 version 3.9.3 # Python bytecode version base 3.11 (3495) # Decompiled from: Python 3.11.0rc1 (main, Aug 12 2022, 10:02:14) [GCC 11.2.0] # Embedded file name: data-rq3/cpython-3.11/unittest_seeds/raw/ pythó0\\0\\0\\0\\0d\\0\\0Z\\0edk\\0...;pylingual:error:──────────────────────────────────────────────────────────────────────────────── ,ggggggggggg, ,gggg, dP""""""88""""""""""""Y8, d8"" ""8I ,dPYb, Yb, 88 `8b 88 ,dP IP'`Yb `"" 88 ,8P 8888888P"" gg I8 8I 88aaaad8P"" 88 """" I8 8' 88""""""""""gg gg 88 gg ,ggg,,g...",decompyle3:not_run:;pylingual:not_run:
cpython-311,data/rq3/cpython-3.11/unique_bug_pyc/cpython-311-950fc8a906cd.pyc,no_source,"# decompyle3 version 3.9.3 # Python bytecode version base 3.11 (3495) # Decompiled from: Python 3.11.0rc1 (main, Aug 12 2022, 10:02:14) [GCC 11.2.0] # Embedded file name: data/rq3/cpython-3.11/unittest_seeds/raw/cpython_case_test_syntax_...",crash,signal_11:,,"decompyle3:error:# decompyle3 version 3.9.3 # Python bytecode version base 3.11 (3495) # Decompiled from: Python 3.11.0rc1 (main, Aug 12 2022, 10:02:14) [GCC 11.2.0] # Embedded file name: data/rq3/cpython-3.11/unittest_seeds/raw/cpython_case_test_syntax_...;pylingual:error:──────────────────────────────────────────────────────────────────────────────── ,ggggggggggg, ,gggg, dP""""""88""""""""""""Y8, d8"" ""8I ,dPYb, Yb, 88 `8b 88 ,dP IP'`Yb `"" 88 ,8P 8888888P"" gg I8 8I 88aaaad8P"" 88 """" I8 8' 88""""""""""gg gg 88 gg ,ggg,,g...",decompyle3:not_run:;pylingual:not_run:
cpython-311,data/rq3/cpython-3.11/unique_bug_pyc/cpython-311-95f998313396.pyc,unconfirmed,original bytecode status ok:,ok,,,"decompyle3:error:# decompyle3 version 3.9.3 # Python bytecode version base 3.11 (3495) # Decompiled from: Python 3.11.0rc1 (main, Aug 12 2022, 10:02:14) [GCC 11.2.0] # Embedded file name: data/rq3/cpython-3.11/unittest_seeds/raw/cpython_case_test_curses_...;pylingual:error:──────────────────────────────────────────────────────────────────────────────── ,ggggggggggg, ,gggg, dP""""""88""""""""""""Y8, d8"" ""8I ,dPYb, Yb, 88 `8b 88 ,dP IP'`Yb `"" 88 ,8P 8888888P"" gg I8 8I 88aaaad8P"" 88 """" I8 8' 88""""""""""gg gg 88 gg ,ggg,,g...",decompyle3:not_run:;pylingual:not_run:
cpython-311,data/rq3/cpython-3.11/unique_bug_pyc/cpython-311-97e15c9a417f.pyc,unconfirmed,original bytecode status ok:,ok,,,"decompyle3:error:# decompyle3 version 3.9.3 # Python bytecode version base 3.11 (3495) # Decompiled from: Python 3.11.0rc1 (main, Aug 12 2022, 10:02:14) [GCC 11.2.0] # Embedded file name: data/rq3/cpython-3.11/unittest_seeds/raw/cpython_case_test_turtle_...;pylingual:error:──────────────────────────────────────────────────────────────────────────────── ,ggggggggggg, ,gggg, dP""""""88""""""""""""Y8, d8"" ""8I ,dPYb, Yb, 88 `8b 88 ,dP IP'`Yb `"" 88 ,8P 8888888P"" gg I8 8I 88aaaad8P"" 88 """" I8 8' 88""""""""""gg gg 88 gg ,ggg,,g...",decompyle3:not_run:;pylingual:not_run:
cpython-311,data/rq3/cpython-3.11/unique_bug_pyc/cpython-311-98a39ece8b90.pyc,unconfirmed,original bytecode status ok:,ok,,,"decompyle3:error:# decompyle3 version 3.9.3 # Python bytecode version base 3.11 (3495) # Decompiled from: Python 3.11.0rc1 (main, Aug 12 2022, 10:02:14) [GCC 11.2.0] # Embedded file name: data/rq3/cpython-3.11/unittest_seeds/raw/cpython_case_test_memoryi...;pylingual:error:──────────────────────────────────────────────────────────────────────────────── ,ggggggggggg, ,gggg, dP""""""88""""""""""""Y8, d8"" ""8I ,dPYb, Yb, 88 `8b 88 ,dP IP'`Yb `"" 88 ,8P 8888888P"" gg I8 8I 88aaaad8P"" 88 """" I8 8' 88""""""""""gg gg 88 gg ,ggg,,g...",decompyle3:not_run:;pylingual:not_run:
cpython-311,data/rq3/cpython-3.11/unique_bug_pyc/cpython-311-98ad41f53fdc.pyc,unconfirmed,original bytecode status ok:,ok,,,"decompyle3:error:# decompyle3 version 3.9.3 # Python bytecode version base 3.11 (3495) # Decompiled from: Python 3.11.0rc1 (main, Aug 12 2022, 10:02:14) [GCC 11.2.0] # Embedded file name: data/rq3/cpython-3.11/unittest_seeds/raw/cpython_case_test_compile...;pylingual:error:──────────────────────────────────────────────────────────────────────────────── ,ggggggggggg, ,gggg, dP""""""88""""""""""""Y8, d8"" ""8I ,dPYb, Yb, 88 `8b 88 ,dP IP'`Yb `"" 88 ,8P 8888888P"" gg I8 8I 88aaaad8P"" 88 """" I8 8' 88""""""""""gg gg 88 gg ,ggg,,g...",decompyle3:not_run:;pylingual:not_run:
cpython-311,data/rq3/cpython-3.11/unique_bug_pyc/cpython-311-9adac033984b.pyc,unconfirmed,original bytecode status ok:,ok,,,"decompyle3:error:# decompyle3 version 3.9.3 # Python bytecode version base 3.11 (3495) # Decompiled from: Python 3.11.0rc1 (main, Aug 12 2022, 10:02:14) [GCC 11.2.0] # Embedded file name: data/rq3/cpython-3.11/unittest_seeds/raw/cpython_case_test_statist...;pylingual:error:──────────────────────────────────────────────────────────────────────────────── ,ggggggggggg, ,gggg, dP""""""88""""""""""""Y8, d8"" ""8I ,dPYb, Yb, 88 `8b 88 ,dP IP'`Yb `"" 88 ,8P 8888888P"" gg I8 8I 88aaaad8P"" 88 """" I8 8' 88""""""""""gg gg 88 gg ,ggg,,g...",decompyle3:not_run:;pylingual:not_run:
cpython-311,data/rq3/cpython-3.11/unique_bug_pyc/cpython-311-9ba8e5be4f2f.pyc,unconfirmed,original bytecode status ok:,ok,,,"decompyle3:error:# decompyle3 version 3.9.3 # Python bytecode version base 3.11 (3495) # Decompiled from: Python 3.11.0rc1 (main, Aug 12 2022, 10:02:14) [GCC 11.2.0] # Embedded file name: data/rq3/cpython-3.11/unittest_seeds/raw/cpython_case_test_excepti...;pylingual:error:──────────────────────────────────────────────────────────────────────────────── ,ggggggggggg, ,gggg, dP""""""88""""""""""""Y8, d8"" ""8I ,dPYb, Yb, 88 `8b 88 ,dP IP'`Yb `"" 88 ,8P 8888888P"" gg I8 8I 88aaaad8P"" 88 """" I8 8' 88""""""""""gg gg 88 gg ,ggg,,g...",decompyle3:not_run:;pylingual:not_run:
cpython-311,data/rq3/cpython-3.11/unique_bug_pyc/cpython-311-9edf90c27a2c.pyc,unconfirmed,original bytecode status ok:,ok,,,"decompyle3:error:# decompyle3 version 3.9.3 # Python bytecode version base 3.11 (3495) # Decompiled from: Python 3.11.0rc1 (main, Aug 12 2022, 10:02:14) [GCC 11.2.0] # Embedded file name: data/rq3/cpython-3.11/unittest_seeds/raw/cpython_case_test_generat...;pylingual:error:──────────────────────────────────────────────────────────────────────────────── ,ggggggggggg, ,gggg, dP""""""88""""""""""""Y8, d8"" ""8I ,dPYb, Yb, 88 `8b 88 ,dP IP'`Yb `"" 88 ,8P 8888888P"" gg I8 8I 88aaaad8P"" 88 """" I8 8' 88""""""""""gg gg 88 gg ,ggg,,g...",decompyle3:not_run:;pylingual:not_run:
cpython-311,data/rq3/cpython-3.11/unique_bug_pyc/cpython-311-9f6a3f78e00c.pyc,unconfirmed,original bytecode status ok:,ok,,,"decompyle3:error:# decompyle3 version 3.9.3 # Python bytecode version base 3.11 (3495) # Decompiled from: Python 3.11.0rc1 (main, Aug 12 2022, 10:02:14) [GCC 11.2.0] # Embedded file name: data/rq3/cpython-3.11/unittest_seeds/raw/cpython_case_test_bytes_B...;pylingual:error:──────────────────────────────────────────────────────────────────────────────── ,ggggggggggg, ,gggg, dP""""""88""""""""""""Y8, d8"" ""8I ,dPYb, Yb, 88 `8b 88 ,dP IP'`Yb `"" 88 ,8P 8888888P"" gg I8 8I 88aaaad8P"" 88 """" I8 8' 88""""""""""gg gg 88 gg ,ggg,,g...",decompyle3:not_run:;pylingual:not_run:
cpython-311,data/rq3/cpython-3.11/unique_bug_pyc/cpython-311-9f970f80d058.pyc,no_source,/home/awen/git/PybcSEC/PycLens/data/rq2/envs/cpython-311/lib/python3.11/site-packages/click/core.py:1307: UserWarning: The parameter --version is used more than once. Remove its duplicate as parameters should be unique. parser = self.mak...,crash,signal_11:,,"decompyle3:exit_2:/home/awen/git/PybcSEC/PycLens/data/rq2/envs/cpython-311/lib/python3.11/site-packages/click/core.py:1307: UserWarning: The parameter --version is used more than once. Remove its duplicate as parameters should be unique. parser = self.mak...;pylingual:error:──────────────────────────────────────────────────────────────────────────────── ,ggggggggggg, ,gggg, dP""""""88""""""""""""Y8, d8"" ""8I ,dPYb, Yb, 88 `8b 88 ,dP IP'`Yb `"" 88 ,8P 8888888P"" gg I8 8I 88aaaad8P"" 88 """" I8 8' 88""""""""""gg gg 88 gg ,ggg,,g...",decompyle3:not_run:;pylingual:not_run:
cpython-311,data/rq3/cpython-3.11/unique_bug_pyc/cpython-311-a0eb21a4490f.pyc,no_source,"# decompyle3 version 3.9.3 # Python bytecode version base 3.11 (3495) # Decompiled from: Python 3.11.0rc1 (main, Aug 12 2022, 10:02:14) [GCC 11.2.0] # Embedded file name: data/rq3/cpython-3.11/unittest_seeds/r[Ã/cpython_case_test_embed_E...",crash,signal_11:,,"decompyle3:error:# decompyle3 version 3.9.3 # Python bytecode version base 3.11 (3495) # Decompiled from: Python 3.11.0rc1 (main, Aug 12 2022, 10:02:14) [GCC 11.2.0] # Embedded file name: data/rq3/cpython-3.11/unittest_seeds/r[Ã/cpython_case_test_embed_E...;pylingual:error:──────────────────────────────────────────────────────────────────────────────── ,ggggggggggg, ,gggg, dP""""""88""""""""""""Y8, d8"" ""8I ,dPYb, Yb, 88 `8b 88 ,dP IP'`Yb `"" 88 ,8P 8888888P"" gg I8 8I 88aaaad8P"" 88 """" I8 8' 88""""""""""gg gg 88 gg ,ggg,,g...",decompyle3:not_run:;pylingual:not_run:
cpython-311,data/rq3/cpython-3.11/unique_bug_pyc/cpython-311-a157b6374421.pyc,unconfirmed,original bytecode status ok:,ok,,,"decompyle3:error:# decompyle3 version 3.9.3 # Python bytecode version base 3.11 (3495) # Decompiled from: Python 3.11.0rc1 (main, Aug 12 2022, 10:02:14) [GCC 11.2.0] # Embedded file name: data/rq3/cpython-3.11/unittest_seeds/raw/cpython_case_test_http_co...;pylingual:error:──────────────────────────────────────────────────────────────────────────────── ,ggggggggggg, ,gggg, dP""""""88""""""""""""Y8, d8"" ""8I ,dPYb, Yb, 88 `8b 88 ,dP IP'`Yb `"" 88 ,8P 8888888P"" gg I8 8I 88aaaad8P"" 88 """" I8 8' 88""""""""""gg gg 88 gg ,ggg,,g...",decompyle3:not_run:;pylingual:not_run:
cpython-311,data/rq3/cpython-3.11/unique_bug_pyc/cpython-311-a26c375cfa0b.pyc,no_source,"# decompyle3 version 3.9.3 # Python bytecode version base 3.11 (3495) # Decompiled from: Python 3.11.0rc1 (main, Aug 12 2022, 10:02:14) [GCC 11.2.0] # Embedded file name: data/rq3/cpython-3.11/unittest_seeds/raw/cpython_case_test_float_F...",crash,signal_11:,,"decompyle3:error:# decompyle3 version 3.9.3 # Python bytecode version base 3.11 (3495) # Decompiled from: Python 3.11.0rc1 (main, Aug 12 2022, 10:02:14) [GCC 11.2.0] # Embedded file name: data/rq3/cpython-3.11/unittest_seeds/raw/cpython_case_test_float_F...;pylingual:error:──────────────────────────────────────────────────────────────────────────────── ,ggggggggggg, ,gggg, dP""""""88""""""""""""Y8, d8"" ""8I ,dPYb, Yb, 88 `8b 88 ,dP IP'`Yb `"" 88 ,8P 8888888P"" gg I8 8I 88aaaad8P"" 88 """" I8 8' 88""""""""""gg gg 88 gg ,ggg,,g...",decompyle3:not_run:;pylingual:not_run:
cpython-311,data/rq3/cpython-3.11/unique_bug_pyc/cpython-311-a277dbe2949d.pyc,no_source,"# decompyle3 version 3.9.3 # Python bytecode version base 3.11 (3495) # Decompiled from: Python 3.11.0rc1 (main, Aug 12 2022, 10:02:14) [GCC 11.2.0] # Embedded file name: data/rq3/cpython-3.11/unittest_seeds/raw/cpython_case_test_ssl_Thr...",crash,signal_11:,,"decompyle3:error:# decompyle3 version 3.9.3 # Python bytecode version base 3.11 (3495) # Decompiled from: Python 3.11.0rc1 (main, Aug 12 2022, 10:02:14) [GCC 11.2.0] # Embedded file name: data/rq3/cpython-3.11/unittest_seeds/raw/cpython_case_test_ssl_Thr...;pylingual:error:──────────────────────────────────────────────────────────────────────────────── ,ggggggggggg, ,gggg, dP""""""88""""""""""""Y8, d8"" ""8I ,dPYb, Yb, 88 `8b 88 ,dP IP'`Yb `"" 88 ,8P 8888888P"" gg I8 8I 88aaaad8P"" 88 """" I8 8' 88""""""""""gg gg 88 gg ,ggg,,g...",decompyle3:not_run:;pylingual:not_run:
cpython-311,data/rq3/cpython-3.11/unique_bug_pyc/cpython-311-a369e696b533.pyc,unconfirmed,original bytecode status ok:,ok,,,"decompyle3:error:# decompyle3 version 3.9.3 # Python bytecode version base 3.11 (3495) # Decompiled from: Python 3.11.0rc1 (main, Aug 12 2022, 10:02:14) [GCC 11.2.0] # Embedded file name: data/rq3/cpython-3.11/unittest_seeds/raw/cpython_case_test_io_Text...;pylingual:error:──────────────────────────────────────────────────────────────────────────────── ,ggggggggggg, ,gggg, dP""""""88""""""""""""Y8, d8"" ""8I ,dPYb, Yb, 88 `8b 88 ,dP IP'`Yb `"" 88 ,8P 8888888P"" gg I8 8I 88aaaad8P"" 88 """" I8 8' 88""""""""""gg gg 88 gg ,ggg,,g...",decompyle3:not_run:;pylingual:not_run:
cpython-311,data/rq3/cpython-3.11/unique_bug_pyc/cpython-311-a39747ed1941.pyc,unconfirmed,original bytecode status ok:,ok,,,"decompyle3:error:# decompyle3 version 3.9.3 # Python bytecode version base 3.11 (3495) # Decompiled from: Python 3.11.0rc1 (main, Aug 12 2022, 10:02:14) [GCC 11.2.0] # Embedded file name: data/rq3/cpython-3.11/unittest_seeds/raw/cpython_case_test_compare...;pylingual:error:──────────────────────────────────────────────────────────────────────────────── ,ggggggggggg, ,gggg, dP""""""88""""""""""""Y8, d8"" ""8I ,dPYb, Yb, 88 `8b 88 ,dP IP'`Yb `"" 88 ,8P 8888888P"" gg I8 8I 88aaaad8P"" 88 """" I8 8' 88""""""""""gg gg 88 gg ,ggg,,g...",decompyle3:not_run:;pylingual:not_run:
cpython-311,data/rq3/cpython-3.11/unique_bug_pyc/cpython-311-a519f5d2b8e8.pyc,no_source,"# decompyle3 version 3.9.3 # Python bytecode version base 3.11 (3495) # Decompiled from: Python 3.11.0rc1 (main, Aug 12 2022, 10:02:14) [GCC 11.2.0] # Embedded file name: data/rq3/cpython-3.11/unittest_seeds/raw/cpython_case_tþÿt_sockets...",crash,"signal_11:AttributeError: 'function' object has no attribute '__pybcsec_seed__' During handling of the above exception, another exception occurred: Traceback (most recent call last): File ""/home/awen/git/PybcSEC/PycLens/data/rq4/harness.py"", line ...",,"decompyle3:error:# decompyle3 version 3.9.3 # Python bytecode version base 3.11 (3495) # Decompiled from: Python 3.11.0rc1 (main, Aug 12 2022, 10:02:14) [GCC 11.2.0] # Embedded file name: data/rq3/cpython-3.11/unittest_seeds/raw/cpython_case_tþÿt_sockets...;pylingual:error:──────────────────────────────────────────────────────────────────────────────── ,ggggggggggg, ,gggg, dP""""""88""""""""""""Y8, d8"" ""8I ,dPYb, Yb, 88 `8b 88 ,dP IP'`Yb `"" 88 ,8P 8888888P"" gg I8 8I 88aaaad8P"" 88 """" I8 8' 88""""""""""gg gg 88 gg ,ggg,,g...",decompyle3:not_run:;pylingual:not_run:
cpython-311,data/rq3/cpython-3.11/unique_bug_pyc/cpython-311-a59d1cbdafa5.pyc,unconfirmed,original bytecode status ok:,ok,,,"decompyle3:error:# decompyle3 version 3.9.3 # Python bytecode version base 3.11 (3495) # Decompiled from: Python 3.11.0rc1 (main, Aug 12 2022, 10:02:14) [GCC 11.2.0] # Embedded file name: data/rq3/cpython-3.11/unittest_seeds/raw/cpython_case_test_code_Co...;pylingual:error:──────────────────────────────────────────────────────────────────────────────── ,ggggggggggg, ,gggg, dP""""""88""""""""""""Y8, d8"" ""8I ,dPYb, Yb, 88 `8b 88 ,dP IP'`Yb `"" 88 ,8P 8888888P"" gg I8 8I 88aaaad8P"" 88 """" I8 8' 88""""""""""gg gg 88 gg ,ggg,,g...",decompyle3:not_run:;pylingual:not_run:
cpython-311,data/rq3/cpython-3.11/unique_bug_pyc/cpython-311-a757bcc1c7ba.pyc,unconfirmed,original bytecode status ok:,ok,,,"decompyle3:error:# decompyle3 version 3.9.3 # Python bytecode version base 3.11 (3495) # Decompiled from: Python 3.11.0rc1 (main, Aug 12 2022, 10:02:14) [GCC 11.2.0] # Embedded file name: data/rq3/cpython-3.11/unittest_seeds/raw/cpython_case_test_weakref...;pylingual:error:──────────────────────────────────────────────────────────────────────────────── ,ggggggggggg, ,gggg, dP""""""88""""""""""""Y8, d8"" ""8I ,dPYb, Yb, 88 `8b 88 ,dP IP'`Yb `"" 88 ,8P 8888888P"" gg I8 8I 88aaaad8P"" 88 """" I8 8' 88""""""""""gg gg 88 gg ,ggg,,g...",decompyle3:not_run:;pylingual:not_run:
cpython-311,data/rq3/cpython-3.11/unique_bug_pyc/cpython-311-a8f5bd82a6d2.pyc,unconfirmed,original bytecode status ok:,ok,,,"decompyle3:error:# decompyle3 version 3.9.3 # Python bytecode version base 3.11 (3495) # Decompiled from: Python 3.11.0rc1 (main, Aug 12 2022, 10:02:14) [GCC 11.2.0] # Embedded file name: data/rq3/cpython-3.11/unittest_seeds/raw/cpython_case_test_dis_Tes...;pylingual:error:──────────────────────────────────────────────────────────────────────────────── ,ggggggggggg, ,gggg, dP""""""88""""""""""""Y8, d8"" ""8I ,dPYb, Yb, 88 `8b 88 ,dP IP'`Yb `"" 88 ,8P 8888888P"" gg I8 8I 88aaaad8P"" 88 """" I8 8' 88""""""""""gg gg 88 gg ,ggg,,g...",decompyle3:not_run:;pylingual:not_run:
cpython-311,data/rq3/cpython-3.11/unique_bug_pyc/cpython-311-a95758ba00a8.pyc,unconfirmed,original bytecode status ok:,ok,,,"decompyle3:error:# decompyle3 version 3.9.3 # Python bytecode version base 3.11 (3495) # Decompiled from: Python 3.11.0rc1 (main, Aug 12 2022, 10:02:14) [GCC 11.2.0] # Embedded file name: data/rq3/cpython-3.11/unittest_seeds/raw/cpython_case_test_pathlib...;pylingual:error:──────────────────────────────────────────────────────────────────────────────── ,ggggggggggg, ,gggg, dP""""""88""""""""""""Y8, d8"" ""8I ,dPYb, Yb, 88 `8b 88 ,dP IP'`Yb `"" 88 ,8P 8888888P"" gg I8 8I 88aaaad8P"" 88 """" I8 8' 88""""""""""gg gg 88 gg ,ggg,,g...",decompyle3:not_run:;pylingual:not_run:
cpython-311,data/rq3/cpython-3.11/unique_bug_pyc/cpython-311-a9ae065d4b70.pyc,no_source,"# decompyle3 version 3.9.3 # Python bytecode version base 3.11 (3495) # Decompiled from: Python 3.11.0rc1 (main, Aug 12 2022, 10:02:14) [GCC 11.2.0] # Embedded file name: data/rq3/cpython-3.11/unittest_seeds/raw/cpython_case_test_http_co...",crash,signal_11:,,"decompyle3:error:# decompyle3 version 3.9.3 # Python bytecode version base 3.11 (3495) # Decompiled from: Python 3.11.0rc1 (main, Aug 12 2022, 10:02:14) [GCC 11.2.0] # Embedded file name: data/rq3/cpython-3.11/unittest_seeds/raw/cpython_case_test_http_co...;pylingual:error:──────────────────────────────────────────────────────────────────────────────── ,ggggggggggg, ,gggg, dP""""""88""""""""""""Y8, d8"" ""8I ,dPYb, Yb, 88 `8b 88 ,dP IP'`Yb `"" 88 ,8P 8888888P"" gg I8 8I 88aaaad8P"" 88 """" I8 8' 88""""""""""gg gg 88 gg ,ggg,,g...",decompyle3:not_run:;pylingual:not_run:
cpython-311,data/rq3/cpython-3.11/unique_bug_pyc/cpython-311-aa7f787ee8f1.pyc,unconfirmed,original bytecode status ok:,ok,,,"decompyle3:error:# decompyle3 version 3.9.3 # Python bytecode version base 3.11 (3495) # Decompiled from: Python 3.11.0rc1 (main, Aug 12 2022, 10:02:14) [GCC 11.2.0] # Embedded file name: data/rq3/cpython-3.11/unittest_seeds/raw/cpython_case_test_module_...;pylingual:error:──────────────────────────────────────────────────────────────────────────────── ,ggggggggggg, ,gggg, dP""""""88""""""""""""Y8, d8"" ""8I ,dPYb, Yb, 88 `8b 88 ,dP IP'`Yb `"" 88 ,8P 8888888P"" gg I8 8I 88aaaad8P"" 88 """" I8 8' 88""""""""""gg gg 88 gg ,ggg,,g...",decompyle3:not_run:;pylingual:not_run:
cpython-311,data/rq3/cpython-3.11/unique_bug_pyc/cpython-311-ad41a465db4a.pyc,unconfirmed,original bytecode status ok:,ok,,,"decompyle3:error:# decompyle3 version 3.9.3 # Python bytecode version base 3.11 (3495) # Decompiled from: Python 3.11.0rc1 (main, Aug 12 2022, 10:02:14) [GCC 11.2.0] # Embedded file name: data/rq3/cpython-3.11/unittest_seeds/raw/cpython_case_test_source_...;pylingual:error:──────────────────────────────────────────────────────────────────────────────── ,ggggggggggg, ,gggg, dP""""""88""""""""""""Y8, d8"" ""8I ,dPYb, Yb, 88 `8b 88 ,dP IP'`Yb `"" 88 ,8P 8888888P"" gg I8 8I 88aaaad8P"" 88 """" I8 8' 88""""""""""gg gg 88 gg ,ggg,,g...",decompyle3:not_run:;pylingual:not_run:
cpython-311,data/rq3/cpython-3.11/unique_bug_pyc/cpython-311-ae7674847f4e.pyc,no_source,"# decompyle3 version 3.9.3 # Python bytecode version base 3.11 (3495) # Decompiled from: Python 3.11.0rc1 (main, Aug 12 2022, 10:02:14) [GCC 11.2.0] # Embedded file name: data/rq3/cpython-3.11/unittest_seeds/raw/cpython_case_test_dbm_ndb...",crash,signal_11:,,"decompyle3:error:# decompyle3 version 3.9.3 # Python bytecode version base 3.11 (3495) # Decompiled from: Python 3.11.0rc1 (main, Aug 12 2022, 10:02:14) [GCC 11.2.0] # Embedded file name: data/rq3/cpython-3.11/unittest_seeds/raw/cpython_case_test_dbm_ndb...;pylingual:error:──────────────────────────────────────────────────────────────────────────────── ,ggggggggggg, ,gggg, dP""""""88""""""""""""Y8, d8"" ""8I ,dPYb, Yb, 88 `8b 88 ,dP IP'`Yb `"" 88 ,8P 8888888P"" gg I8 8I 88aaaad8P"" 88 """" I8 8' 88""""""""""gg gg 88 gg ,ggg,,g...",decompyle3:not_run:;pylingual:not_run:
cpython-311,data/rq3/cpython-3.11/unique_bug_pyc/cpython-311-b2782d3da8b6.pyc,unconfirmed,original bytecode status ok:,ok,,,"decompyle3:error:# decompyle3 version 3.9.3 # Python bytecode version base 3.11 (3495) # Decompiled from: Python 3.11.0rc1 (main, Aug 12 2022, 10:02:14) [GCC 11.2.0] # Embedded file name: data/rq3/cpython-3.11/unittest_seeds/raw/cpython_case_test_yield_f...;pylingual:error:──────────────────────────────────────────────────────────────────────────────── ,ggggggggggg, ,gggg, dP""""""88""""""""""""Y8, d8"" ""8I ,dPYb, Yb, 88 `8b 88 ,dP IP'`Yb `"" 88 ,8P 8888888P"" gg I8 8I 88aaaad8P"" 88 """" I8 8' 88""""""""""gg gg 88 gg ,ggg,,g...",decompyle3:not_run:;pylingual:not_run:
cpython-311,data/rq3/cpython-3.11/unique_bug_pyc/cpython-311-b2f80d08bf72.pyc,no_source,"# decompyle3 version 3.9.3 # Python bytecode version base 3.11 (3495) # Decompiled from: Python 3.11.0rc1 (main, Aug 12 2022, 10:02:14) [GCC 11.2.0] # Embedded file name: data/rq3/cpython-3.11/unittest_seeds/raw/cpython_case_test_httplib...",crash,signal_11:,,"decompyle3:error:# decompyle3 version 3.9.3 # Python bytecode version base 3.11 (3495) # Decompiled from: Python 3.11.0rc1 (main, Aug 12 2022, 10:02:14) [GCC 11.2.0] # Embedded file name: data/rq3/cpython-3.11/unittest_seeds/raw/cpython_case_test_httplib...;pylingual:error:──────────────────────────────────────────────────────────────────────────────── ,ggggggggggg, ,gggg, dP""""""88""""""""""""Y8, d8"" ""8I ,dPYb, Yb, 88 `8b 88 ,dP IP'`Yb `"" 88 ,8P 8888888P"" gg I8 8I 88aaaad8P"" 88 """" I8 8' 88""""""""""gg gg 88 gg ,ggg,,g...",decompyle3:not_run:;pylingual:not_run:
cpython-311,data/rq3/cpython-3.11/unique_bug_pyc/cpython-311-b80c09455b38.pyc,unconfirmed,original bytecode status ok:,ok,,,"decompyle3:error:# decompyle3 version 3.9.3 # Python bytecode version base 3.11 (3495) # Decompiled from: Python 3.11.0rc1 (main, Aug 12 2022, 10:02:14) [GCC 11.2.0] # Embedded file name: data/rq3/cpython-3.11/unittest_seeds/raw/cpython_case_test_itertoo...;pylingual:error:──────────────────────────────────────────────────────────────────────────────── ,ggggggggggg, ,gggg, dP""""""88""""""""""""Y8, d8"" ""8I ,dPYb, Yb, 88 `8b 88 ,dP IP'`Yb `"" 88 ,8P 8888888P"" gg I8 8I 88aaaad8P"" 88 """" I8 8' 88""""""""""gg gg 88 gg ,ggg,,g...",decompyle3:not_run:;pylingual:not_run:
cpython-311,data/rq3/cpython-3.11/unique_bug_pyc/cpython-311-b98162f742d9.pyc,no_source,"# decompyle3 version 3.9.3 # Python bytecode version base 3.11 (3495) # Decompiled from: Python 3.11.0rc1 (main, Aug 12 2022, 10:02:14) [GCC 11.2.0] # Embedded file name: data/rq3/cpython-3.11/unittest_seeds/raw/cpython_case_test_patma_T...",crash,signal_11:,,"decompyle3:error:# decompyle3 version 3.9.3 # Python bytecode version base 3.11 (3495) # Decompiled from: Python 3.11.0rc1 (main, Aug 12 2022, 10:02:14) [GCC 11.2.0] # Embedded file name: data/rq3/cpython-3.11/unittest_seeds/raw/cpython_case_test_patma_T...;pylingual:error:──────────────────────────────────────────────────────────────────────────────── ,ggggggggggg, ,gggg, dP""""""88""""""""""""Y8, d8"" ""8I ,dPYb, Yb, 88 `8b 88 ,dP IP'`Yb `"" 88 ,8P 8888888P"" gg I8 8I 88aaaad8P"" 88 """" I8 8' 88""""""""""gg gg 88 gg ,ggg,,g...",decompyle3:not_run:;pylingual:not_run:
cpython-311,data/rq3/cpython-3.11/unique_bug_pyc/cpython-311-bb3af8bee813.pyc,no_source,"# decompyle3 version 3.9.3 # Python bytecode version base 3.11 (3495) # Decompiled from: Python 3.11.0rc1 (main, Aug 12 2022, 10:02:14) [GCC 11.2.0] # Embedded file name: data/rq3/cpython-3.11/unittest_seeds/raw/cpython_case_test_fnmatch...",crash,signal_11:,,"decompyle3:error:# decompyle3 version 3.9.3 # Python bytecode version base 3.11 (3495) # Decompiled from: Python 3.11.0rc1 (main, Aug 12 2022, 10:02:14) [GCC 11.2.0] # Embedded file name: data/rq3/cpython-3.11/unittest_seeds/raw/cpython_case_test_fnmatch...;pylingual:error:──────────────────────────────────────────────────────────────────────────────── ,ggggggggggg, ,gggg, dP""""""88""""""""""""Y8, d8"" ""8I ,dPYb, Yb, 88 `8b 88 ,dP IP'`Yb `"" 88 ,8P 8888888P"" gg I8 8I 88aaaad8P"" 88 """" I8 8' 88""""""""""gg gg 88 gg ,ggg,,g...",decompyle3:not_run:;pylingual:not_run:
cpython-311,data/rq3/cpython-3.11/unique_bug_pyc/cpython-311-bb8ef554f4f2.pyc,no_source,"# decompyle3 version 3.9.3 # Python bytecode version base 3.11 (3495) # Decompiled from: Python 3.11.0rc1 (main, Aug 12 2022, 10:02:14) [GCC 11.2.0] # Embedded file name: data/rq3/cpython-3.11/unittest_seeds/raw/cpython_case_test_isinsta...",crash,signal_11:,,"decompyle3:error:# decompyle3 version 3.9.3 # Python bytecode version base 3.11 (3495) # Decompiled from: Python 3.11.0rc1 (main, Aug 12 2022, 10:02:14) [GCC 11.2.0] # Embedded file name: data/rq3/cpython-3.11/unittest_seeds/raw/cpython_case_test_isinsta...;pylingual:error:──────────────────────────────────────────────────────────────────────────────── ,ggggggggggg, ,gggg, dP""""""88""""""""""""Y8, d8"" ""8I ,dPYb, Yb, 88 `8b 88 ,dP IP'`Yb `"" 88 ,8P 8888888P"" gg I8 8I 88aaaad8P"" 88 """" I8 8' 88""""""""""gg gg 88 gg ,ggg,,g...",decompyle3:not_run:;pylingual:not_run:
cpython-311,data/rq3/cpython-3.11/unique_bug_pyc/cpython-311-bb92f63abfa4.pyc,no_source,"# decompyle3 version 3.9.3 # Python bytecode version base 3.11 (3495) # Decompiled from: Python 3.11.0rc1 (main, Aug 12 2022, 10:02:14) [GCC 11.2.0] # Embedded file name: data/rq3/cpython-3.11/unittest_seeds/raw/cpython_case_test_pathlib...",crash,signal_6:free(): invalid pointer,,"decompyle3:error:# decompyle3 version 3.9.3 # Python bytecode version base 3.11 (3495) # Decompiled from: Python 3.11.0rc1 (main, Aug 12 2022, 10:02:14) [GCC 11.2.0] # Embedded file name: data/rq3/cpython-3.11/unittest_seeds/raw/cpython_case_test_pathlib...;pylingual:error:──────────────────────────────────────────────────────────────────────────────── ,ggggggggggg, ,gggg, dP""""""88""""""""""""Y8, d8"" ""8I ,dPYb, Yb, 88 `8b 88 ,dP IP'`Yb `"" 88 ,8P 8888888P"" gg I8 8I 88aaaad8P"" 88 """" I8 8' 88""""""""""gg gg 88 gg ,ggg,,g...",decompyle3:not_run:;pylingual:not_run:
cpython-311,data/rq3/cpython-3.11/unique_bug_pyc/cpython-311-bea3b9eb1d87.pyc,unconfirmed,original bytecode status ok:,ok,,,"decompyle3:error:# decompyle3 version 3.9.3 # Python bytecode version base 3.11 (3495) # Decompiled from: Python 3.11.0rc1 (main, Aug 12 2022, 10:02:14) [GCC 11.2.0] # Embedded file name: data/rq3/cpython-3.11/unittest_seeds/raw/cpython_case_test_yield_f...;pylingual:error:──────────────────────────────────────────────────────────────────────────────── ,ggggggggggg, ,gggg, dP""""""88""""""""""""Y8, d8"" ""8I ,dPYb, Yb, 88 `8b 88 ,dP IP'`Yb `"" 88 ,8P 8888888P"" gg I8 8I 88aaaad8P"" 88 """" I8 8' 88""""""""""gg gg 88 gg ,ggg,,g...",decompyle3:not_run:;pylingual:not_run:
cpython-311,data/rq3/cpython-3.11/unique_bug_pyc/cpython-311-c06968e4288c.pyc,no_source,"# decompyle3 version 3.9.3 # Python bytecode version base 3.11 (3495) # Decompiled from: Python 3.11.0rc1 (main, Aug 12 2022, 10:02:14) [GCC 11.2.0] # Embedded file name: data/rq3/cpython-3.11/unittest_seeds/raw/cpython_case_test__locale...",crash,signal_11:,,"decompyle3:error:# decompyle3 version 3.9.3 # Python bytecode version base 3.11 (3495) # Decompiled from: Python 3.11.0rc1 (main, Aug 12 2022, 10:02:14) [GCC 11.2.0] # Embedded file name: data/rq3/cpython-3.11/unittest_seeds/raw/cpython_case_test__locale...;pylingual:error:──────────────────────────────────────────────────────────────────────────────── ,ggggggggggg, ,gggg, dP""""""88""""""""""""Y8, d8"" ""8I ,dPYb, Yb, 88 `8b 88 ,dP IP'`Yb `"" 88 ,8P 8888888P"" gg I8 8I 88aaaad8P"" 88 """" I8 8' 88""""""""""gg gg 88 gg ,ggg,,g...",decompyle3:not_run:;pylingual:not_run:
cpython-311,data/rq3/cpython-3.11/unique_bug_pyc/cpython-311-c0890f534ec4.pyc,no_source,"# decompyle3 version 3.9.3 # Python bytecode version base 3.11 (3495) # Decompiled from: Python 3.11.0rc1 (main, Aug 12 2022, 10:02:14) [GCC 11.2.0] # Embedded file name: data/rq3/cpython-3.11/unittest_seeds/raw/cpython_case_test_reprlib...",crash,signal_11:,,"decompyle3:error:# decompyle3 version 3.9.3 # Python bytecode version base 3.11 (3495) # Decompiled from: Python 3.11.0rc1 (main, Aug 12 2022, 10:02:14) [GCC 11.2.0] # Embedded file name: data/rq3/cpython-3.11/unittest_seeds/raw/cpython_case_test_reprlib...;pylingual:error:──────────────────────────────────────────────────────────────────────────────── ,ggggggggggg, ,gggg, dP""""""88""""""""""""Y8, d8"" ""8I ,dPYb, Yb, 88 `8b 88 ,dP IP'`Yb `"" 88 ,8P 8888888P"" gg I8 8I 88aaaad8P"" 88 """" I8 8' 88""""""""""gg gg 88 gg ,ggg,,g...",decompyle3:not_run:;pylingual:not_run:
cpython-311,data/rq3/cpython-3.11/unique_bug_pyc/cpython-311-c1c88e3dce7f.pyc,no_source,"# decompyle3 version 3.9.3 # Python bytecode version base 3.11 (3495) # Decompiled from: Python 3.11.0rc1 (main, Aug 12 2022, 10:02:14) [GCC 11.2.0] # Embedded file name: data/rq3/cpython-3.11/unittest_seeds/raw/cpython_case_test_winreg_...",crash,signal_11:,,"decompyle3:error:# decompyle3 version 3.9.3 # Python bytecode version base 3.11 (3495) # Decompiled from: Python 3.11.0rc1 (main, Aug 12 2022, 10:02:14) [GCC 11.2.0] # Embedded file name: data/rq3/cpython-3.11/unittest_seeds/raw/cpython_case_test_winreg_...;pylingual:error:──────────────────────────────────────────────────────────────────────────────── ,ggggggggggg, ,gggg, dP""""""88""""""""""""Y8, d8"" ""8I ,dPYb, Yb, 88 `8b 88 ,dP IP'`Yb `"" 88 ,8P 8888888P"" gg I8 8I 88aaaad8P"" 88 """" I8 8' 88""""""""""gg gg 88 gg ,ggg,,g...",decompyle3:not_run:;pylingual:not_run:
cpython-311,data/rq3/cpython-3.11/unique_bug_pyc/cpython-311-c35c19a1424f.pyc,unconfirmed,original bytecode status ok:,ok,,,"decompyle3:error:# decompyle3 version 3.9.3 # Python bytecode version base 3.11 (3495) # Decompiled from: Python 3.11.0rc1 (main, Aug 12 2022, 10:02:14) [GCC 11.2.0] # Embedded file name: data/rq3/cpython-3.11/unittest_seeds/raw/cpython_case_test_richcmp...;pylingual:error:──────────────────────────────────────────────────────────────────────────────── ,ggggggggggg, ,gggg, dP""""""88""""""""""""Y8, d8"" ""8I ,dPYb, Yb, 88 `8b 88 ,dP IP'`Yb `"" 88 ,8P 8888888P"" gg I8 8I 88aaaad8P"" 88 """" I8 8' 88""""""""""gg gg 88 gg ,ggg,,g...",decompyle3:not_run:;pylingual:not_run:
cpython-311,data/rq3/cpython-3.11/unique_bug_pyc/cpython-311-c7e46bf7dec9.pyc,unconfirmed,original bytecode status ok:,ok,,,"decompyle3:error:# decompyle3 version 3.9.3 # Python bytecode version base 3.11 (3495) # Decompiled from: Python 3.11.0rc1 (main, Aug 12 2022, 10:02:14) [GCC 11.2.0] # Embedded file name: data/rq3/cpython-3.11/unittest_seeds/raw/cpython_case_test_functoo...;pylingual:error:──────────────────────────────────────────────────────────────────────────────── ,ggggggggggg, ,gggg, dP""""""88""""""""""""Y8, d8"" ""8I ,dPYb, Yb, 88 `8b 88 ,dP IP'`Yb `"" 88 ,8P 8888888P"" gg I8 8I 88aaaad8P"" 88 """" I8 8' 88""""""""""gg gg 88 gg ,ggg,,g...",decompyle3:not_run:;pylingual:not_run:
cpython-311,data/rq3/cpython-3.11/unique_bug_pyc/cpython-311-c8f0225022e8.pyc,no_source,"# decompyle3 version 3.9.3 # Python bytecode version base 3.11 (3495) # Decompiled from: Python 3.11.0rc1 (main, Aug 12 2022, 10:02:14) [GCC 11.2.0] # Embedded file name: data/rq3/cpython-3.11\\0\\0nittest_seeds/raw/cpython_case_test_zlib_Co...",crash,signal_11:,,"decompyle3:error:# decompyle3 version 3.9.3 # Python bytecode version base 3.11 (3495) # Decompiled from: Python 3.11.0rc1 (main, Aug 12 2022, 10:02:14) [GCC 11.2.0] # Embedded file name: data/rq3/cpython-3.11\\0\\0nittest_seeds/raw/cpython_case_test_zlib_Co...;pylingual:error:──────────────────────────────────────────────────────────────────────────────── ,ggggggggggg, ,gggg, dP""""""88""""""""""""Y8, d8"" ""8I ,dPYb, Yb, 88 `8b 88 ,dP IP'`Yb `"" 88 ,8P 8888888P"" gg I8 8I 88aaaad8P"" 88 """" I8 8' 88""""""""""gg gg 88 gg ,ggg,,g...",decompyle3:not_run:;pylingual:not_run:
cpython-311,data/rq3/cpython-3.11/unique_bug_pyc/cpython-311-cb5782851995.pyc,unconfirmed,original bytecode status ok:,ok,,,"decompyle3:error:# decompyle3 version 3.9.3 # Python bytecode version base 3.11 (3495) # Decompiled from: Python 3.11.0rc1 (main, Aug 12 2022, 10:02:14) [GCC 11.2.0] # Embedded file name: data/rq3/cpython-3.11/unittest_seeds/raw/cpython_case_test_c\\0\\0\\0\\0n...;pylingual:error:──────────────────────────────────────────────────────────────────────────────── ,ggggggggggg, ,gggg, dP""""""88""""""""""""Y8, d8"" ""8I ,dPYb, Yb, 88 `8b 88 ,dP IP'`Yb `"" 88 ,8P 8888888P"" gg I8 8I 88aaaad8P"" 88 """" I8 8' 88""""""""""gg gg 88 gg ,ggg,,g...",decompyle3:not_run:;pylingual:not_run:
cpython-311,data/rq3/cpython-3.11/unique_bug_pyc/cpython-311-d3e8f4abd503.pyc,unconfirmed,original bytecode status ok:,ok,,,"decompyle3:error:# decompyle3 version 3.9.3 # Python bytecode version base 3.11 (3495) # Decompiled from: Python 3.11.0rc1 (main, Aug 12 2022, 10:02:14) [GCC 11.2.0] # Embedded file name: data/rq3/cpython-3.11/unittest_seeds/raw/cpython_case_test_buffer_...;pylingual:error:──────────────────────────────────────────────────────────────────────────────── ,ggggggggggg, ,gggg, dP""""""88""""""""""""Y8, d8"" ""8I ,dPYb, Yb, 88 `8b 88 ,dP IP'`Yb `"" 88 ,8P 8888888P"" gg I8 8I 88aaaad8P"" 88 """" I8 8' 88""""""""""gg gg 88 gg ,ggg,,g...",decompyle3:not_run:;pylingual:not_run:
cpython-311,data/rq3/cpython-3.11/unique_bug_pyc/cpython-311-d60fc3bba62b.pyc,unconfirmed,original bytecode status ok:,ok,,,"decompyle3:error:# decompyle3 version 3.9.3 # Python bytecode version base 3.11 (3495) # Decompiled from: Python 3.11.0rc1 (main, Aug 12 2022, 10:02:14) [GCC 11.2.0] # Embedded file name: data/rq3/cpython-3.11/unittest_seeds/raw/cpython_case_test_sax_Sax...;pylingual:error:──────────────────────────────────────────────────────────────────────────────── ,ggggggggggg, ,gggg, dP""""""88""""""""""""Y8, d8"" ""8I ,dPYb, Yb, 88 `8b 88 ,dP IP'`Yb `"" 88 ,8P 8888888P"" gg I8 8I 88aaaad8P"" 88 """" I8 8' 88""""""""""gg gg 88 gg ,ggg,,g...",decompyle3:not_run:;pylingual:not_run:
cpython-311,data/rq3/cpython-3.11/unique_bug_pyc/cpython-311-d7ef0f86f491.pyc,unconfirmed,original bytecode status ok:,ok,,,"decompyle3:error:# decompyle3 version 3.9.3 # Python bytecode version base 3.11 (3495) # Decompiled from: Python 3.11.0rc1 (main, Aug 12 2022, 10:02:14) [GCC 11.2.0] # Embedded file name: data/rq3/cpthon-3.11/unittest_seeds/raw/cpython`case_test_subproc...;pylingual:error:──────────────────────────────────────────────────────────────────────────────── ,ggggggggggg, ,gggg, dP""""""88""""""""""""Y8, d8"" ""8I ,dPYb, Yb, 88 `8b 88 ,dP IP'`Yb `"" 88 ,8P 8888888P"" gg I8 8I 88aaaad8P"" 88 """" I8 8' 88""""""""""gg gg 88 gg ,ggg,,g...",decompyle3:not_run:;pylingual:not_run:
cpython-311,data/rq3/cpython-3.11/unique_bug_pyc/cpython-311-d84049333b64.pyc,no_source,"# decompyle3 version 3.9.3 # Python bytecode version base 3.11 (3495) # Decompiled from: Python 3.11.0rc1 (main, Aug 12 2022, 10:02:14) [GCC 11.2.0] # Embedded file name: data/rq3/cpython-3.11/unittest_seeds/raw/cpython_case_test_richcmp...",crash,signal_11:,,"decompyle3:error:# decompyle3 version 3.9.3 # Python bytecode version base 3.11 (3495) # Decompiled from: Python 3.11.0rc1 (main, Aug 12 2022, 10:02:14) [GCC 11.2.0] # Embedded file name: data/rq3/cpython-3.11/unittest_seeds/raw/cpython_case_test_richcmp...;pylingual:error:──────────────────────────────────────────────────────────────────────────────── ,ggggggggggg, ,gggg, dP""""""88""""""""""""Y8, d8"" ""8I ,dPYb, Yb, 88 `8b 88 ,dP IP'`Yb `"" 88 ,8P 8888888P"" gg I8 8I 88aaaad8P"" 88 """" I8 8' 88""""""""""gg gg 88 gg ,ggg,,g...",decompyle3:not_run:;pylingual:not_run:
cpython-311,data/rq3/cpython-3.11/unique_bug_pyc/cpython-311-d906218175c2.pyc,unconfirmed,original bytecode status ok:,ok,,,"decompyle3:error:# decompyle3 version 3.9.3 # Python bytecode version base 3.11 (3495) # Decompiled from: Python 3.11.0rc1 (main, Aug 12 2022, 10:02:14) [GCC 11.2.0] # Embedded file name: data/rq3/cpython-3.11/unittest_seeds/raw/cpython_case_test_ssl_Thr...;pylingual:error:──────────────────────────────────────────────────────────────────────────────── ,ggggggggggg, ,gggg, dP""""""88""""""""""""Y8, d8"" ""8I ,dPYb, Yb, 88 `8b 88 ,dP IP'`Yb `"" 88 ,8P 8888888P"" gg I8 8I 88aaaad8P"" 88 """" I8 8' 88""""""""""gg gg 88 gg ,ggg,,g...",decompyle3:not_run:;pylingual:not_run:
cpython-311,data/rq3/cpython-3.11/unique_bug_pyc/cpython-311-d998ecef0da5.pyc,unconfirmed,original bytecode status ok:,ok,,,"decompyle3:error:# decompyle3 version 3.9.3 # Python bytecode version base 3.11 (3495) # Decompiled from: Python 3.11.0rc1 (main, Aug 12 2022, 10:02:14) [GCC 11.2.0] # Embedded file name: data/rq3/cpython-3.11/unittest_seeds/raw/cpython_case_test_copy_Te...;pylingual:error:──────────────────────────────────────────────────────────────────────────────── ,ggggggggggg, ,gggg, dP""""""88""""""""""""Y8, d8"" ""8I ,dPYb, Yb, 88 `8b 88 ,dP IP'`Yb `"" 88 ,8P 8888888P"" gg I8 8I 88aaaad8P"" 88 """" I8 8' 88""""""""""gg gg 88 gg ,ggg,,g...",decompyle3:not_run:;pylingual:not_run:
cpython-311,data/rq3/cpython-3.11/unique_bug_pyc/cpython-311-d9b0ec3f5407.pyc,unconfirmed,original bytecode status ok:,ok,,,"decompyle3:error:# decompyle3 version 3.9.3 # Python bytecode version base 3.11 (3495) # Decompiled from: Python 3.11.0rc1 (main, Aug 12 2022, 10:02:14) [GCC 11.2.0] # Embedded file name: data/rq3/cpython-3.11/unittest_seeds/raw/cpython_case_test_iter_Te...;pylingual:error:──────────────────────────────────────────────────────────────────────────────── ,ggggggggggg, ,gggg, dP""""""88""""""""""""Y8, d8"" ""8I ,dPYb, Yb, 88 `8b 88 ,dP IP'`Yb `"" 88 ,8P 8888888P"" gg I8 8I 88aaaad8P"" 88 """" I8 8' 88""""""""""gg gg 88 gg ,ggg,,g...",decompyle3:not_run:;pylingual:not_run:
cpython-311,data/rq3/cpython-3.11/unique_bug_pyc/cpython-311-de13f63d4a69.pyc,unconfirmed,original bytecode status ok:,ok,,,"decompyle3:error:# decompyle3 version 3.9.3 # Python bytecode version base 3.11 (3495) # Decompiled from: Python 3.11.0rc1 (main, Aug 12 2022, 10:02:14) [GCC 11.2.0] # Embedded file name: data/rq3/cpython-3.11/unittest_seeds/raw/cpython_case_test_urlpars...;pylingual:error:──────────────────────────────────────────────────────────────────────────────── ,ggggggggggg, ,gggg, dP""""""88""""""""""""Y8, d8"" ""8I ,dPYb, Yb, 88 `8b 88 ,dP IP'`Yb `"" 88 ,8P 8888888P"" gg I8 8I 88aaaad8P"" 88 """" I8 8' 88""""""""""gg gg 88 gg ,ggg,,g...",decompyle3:not_run:;pylingual:not_run:
cpython-311,data/rq3/cpython-3.11/unique_bug_pyc/cpython-311-de146f7549ab.pyc,unconfirmed,original bytecode status ok:,ok,,,"decompyle3:error:# decompyle3 version 3.9.3 # Python bytecode version base 3.11 (3495) # Decompiled from: Python 3.11.0rc1 (main, Aug 12 2022, 10:02:14) [GCC 11.2.0] # Embedded file name: data/rq3/cpython-3.11/unittest_seeds/raw/cpython_case_test_statist...;pylingual:error:──────────────────────────────────────────────────────────────────────────────── ,ggggggggggg, ,gggg, dP""""""88""""""""""""Y8, d8"" ""8I ,dPYb, Yb, 88 `8b 88 ,dP IP'`Yb `"" 88 ,8P 8888888P"" gg I8 8I 88aaaad8P"" 88 """" I8 8' 88""""""""""gg gg 88 gg ,ggg,,g...",decompyle3:not_run:;pylingual:not_run:
cpython-311,data/rq3/cpython-3.11/unique_bug_pyc/cpython-311-e5db341b3864.pyc,no_source,"# decompyle3 version 3.9.3 # Python bytecode version base 3.11 (3495) # Decompiled from: Python 3.11.0rc1 (main, Aug 12 2022, 10:02:14) [GCC 11.2.0] # Embedded file name: data/rq3/cpython-3.11/unittest_seeds/raw/cpython_case_test_types_U...",crash,signal_11:,,"decompyle3:error:# decompyle3 version 3.9.3 # Python bytecode version base 3.11 (3495) # Decompiled from: Python 3.11.0rc1 (main, Aug 12 2022, 10:02:14) [GCC 11.2.0] # Embedded file name: data/rq3/cpython-3.11/unittest_seeds/raw/cpython_case_test_types_U...;pylingual:error:──────────────────────────────────────────────────────────────────────────────── ,ggggggggggg, ,gggg, dP""""""88""""""""""""Y8, d8"" ""8I ,dPYb, Yb, 88 `8b 88 ,dP IP'`Yb `"" 88 ,8P 8888888P"" gg I8 8I 88aaaad8P"" 88 """" I8 8' 88""""""""""gg gg 88 gg ,ggg,,g...",decompyle3:not_run:;pylingual:not_run:
cpython-311,data/rq3/cpython-3.11/unique_bug_pyc/cpython-311-e6716043d9b1.pyc,unconfirmed,original bytecode status ok:,ok,,,"decompyle3:error:# decompyle3 version 3.9.3 # Python bytecode version base 3.11 (3495) # Decompiled from: Python 3.11.0rc1 (main, Aug 12 2022, 10:02:14) [GCC 11.2.0] # Embedded file name: data/rq3/cpython-3.11/unittest_seeds/raw/cpython_case_test_patma_T...;pylingual:error:──────────────────────────────────────────────────────────────────────────────── ,ggggggggggg, ,gggg, dP""""""88""""""""""""Y8, d8"" ""8I ,dPYb, Yb, 88 `8b 88 ,dP IP'`Yb `"" 88 ,8P 8888888P"" gg I8 8I 88aaaad8P"" 88 """" I8 8' 88""""""""""gg gg 88 gg ,ggg,,g...",decompyle3:not_run:;pylingual:not_run:
cpython-311,data/rq3/cpython-3.11/unique_bug_pyc/cpython-311-e763a2c86fa7.pyc,no_source,"# decompyle3 version 3.9.3 # Python bytecode version base 3.11 (3495) # Decompiled from: Python 3.11.0rc1 (main, Aug 12 2022, 10:02:14) [GCC 11.2.0] # Embedded file name: data/rq3/cpython-3.11/unittest_seeds/raw/cpython_case_test_flufl_F...",crash,signal_11:,,"decompyle3:error:# decompyle3 version 3.9.3 # Python bytecode version base 3.11 (3495) # Decompiled from: Python 3.11.0rc1 (main, Aug 12 2022, 10:02:14) [GCC 11.2.0] # Embedded file name: data/rq3/cpython-3.11/unittest_seeds/raw/cpython_case_test_flufl_F...;pylingual:error:──────────────────────────────────────────────────────────────────────────────── ,ggggggggggg, ,gggg, dP""""""88""""""""""""Y8, d8"" ""8I ,dPYb, Yb, 88 `8b 88 ,dP IP'`Yb `"" 88 ,8P 8888888P"" gg I8 8I 88aaaad8P"" 88 """" I8 8' 88""""""""""gg gg 88 gg ,ggg,,g...",decompyle3:not_run:;pylingual:not_run:
cpython-311,data/rq3/cpython-3.11/unique_bug_pyc/cpython-311-e788feba5ef2.pyc,no_source,"# decompyle3 version 3.9.3 # Python bytecode version base 3.11 (3495) # Decompiled from: Python 3.11.0rc1 (main, Aug 12 2022, 10:02:14) [GCC 11.2.0] # Embedded file name: data/rq3/cpython-3.11/unittest_seeds/raw/cpython_case_test_audioop...",crash,signal_11:,,"decompyle3:error:# decompyle3 version 3.9.3 # Python bytecode version base 3.11 (3495) # Decompiled from: Python 3.11.0rc1 (main, Aug 12 2022, 10:02:14) [GCC 11.2.0] # Embedded file name: data/rq3/cpython-3.11/unittest_seeds/raw/cpython_case_test_audioop...;pylingual:error:──────────────────────────────────────────────────────────────────────────────── ,ggggggggggg, ,gggg, dP""""""88""""""""""""Y8, d8"" ""8I ,dPYb, Yb, 88 `8b 88 ,dP IP'`Yb `"" 88 ,8P 8888888P"" gg I8 8I 88aaaad8P"" 88 """" I8 8' 88""""""""""gg gg 88 gg ,ggg,,g...",decompyle3:not_run:;pylingual:not_run:
cpython-311,data/rq3/cpython-3.11/unique_bug_pyc/cpython-311-e8befefd0ddb.pyc,unconfirmed,original bytecode status ok:,ok,,,"decompyle3:error:# decompyle3 version 3.9.3 # Python bytecode version base 3.11 (3495) # Decompiled from: Python 3.11.0rc1 (main, Aug 12 2022, 10:02:14) [GCC 11.2.0] # Embedded file name: data/rq3/cpython-3.11/unittest_seeds/raw/cpython_case_test_patma_T...;pylingual:error:──────────────────────────────────────────────────────────────────────────────── ,ggggggggggg, ,gggg, dP""""""88""""""""""""Y8, d8"" ""8I ,dPYb, Yb, 88 `8b 88 ,dP IP'`Yb `"" 88 ,8P 8888888P"" gg I8 8I 88aaaad8P"" 88 """" I8 8' 88""""""""""gg gg 88 gg ,ggg,,g...",decompyle3:not_run:;pylingual:not_run:
cpython-311,data/rq3/cpython-3.11/unique_bug_pyc/cpython-311-eb5098221d22.pyc,unconfirmed,original bytecode status ok:,ok,,,"decompyle3:error:# decompyle3 version 3.9.3 # Python bytecode version base 3.11 (3495) # Decompiled from: Python 3.11.0rc1 (main, Aug 12 2022, 10:02:14) [GCC 11.2.0] # Embedded file name: data/rq3/cpython-3.11/unittest_seeds/raw/cpython_case_test_cmath_C...;pylingual:error:──────────────────────────────────────────────────────────────────────────────── ,ggggggggggg, ,gggg, dP""""""88""""""""""""Y8, d8"" ""8I ,dPYb, Yb, 88 `8b 88 ,dP IP'`Yb `"" 88 ,8P 8888888P"" gg I8 8I 88aaaad8P"" 88 """" I8 8' 88""""""""""gg gg 88 gg ,ggg,,g...",decompyle3:not_run:;pylingual:not_run:
cpython-311,data/rq3/cpython-3.11/unique_bug_pyc/cpython-311-ec10e80c74ee.pyc,unconfirmed,original bytecode status ok:,ok,,,"decompyle3:error:# decompyle3 version 3.9.3 # Python bytecode version base 3.11 (3495) # Decompiled from: Python 3.11.0rc1 (main, Aug 12 2022, 10:02:14) [GCC 11.2.0] # Embedded file name: data/rq3/cp\\0hon-3.11/unittest_seeds/raw/cpython_case_test_statist...;pylingual:error:──────────────────────────────────────────────────────────────────────────────── ,ggggggggggg, ,gggg, dP""""""88""""""""""""Y8, d8"" ""8I ,dPYb, Yb, 88 `8b 88 ,dP IP'`Yb `"" 88 ,8P 8888888P"" gg I8 8I 88aaaad8P"" 88 """" I8 8' 88""""""""""gg gg 88 gg ,ggg,,g...",decompyle3:not_run:;pylingual:not_run:
cpython-311,data/rq3/cpython-3.11/unique_bug_pyc/cpython-311-edf710a1cafb.pyc,unconfirmed,original bytecode status ok:,ok,,,"decompyle3:error:# decompyle3 version 3.9.3 # Python bytecode version base 3.11 (3495) # Decompiled from: Python 3.11.0rc1 (main, Aug 12 2022, 10:02:14) [GCC 11.2.0] # Embedded file name: data/rq3/cpython-3.11/unittest_seeds/raw/cpython_case_test_statist...;pylingual:error:──────────────────────────────────────────────────────────────────────────────── ,ggggggggggg, ,gggg, dP""""""88""""""""""""Y8, d8"" ""8I ,dPYb, Yb, 88 `8b 88 ,dP IP'`Yb `"" 88 ,8P 8888888P"" gg I8 8I 88aaaad8P"" 88 """" I8 8' 88""""""""""gg gg 88 gg ,ggg,,g...",decompyle3:not_run:;pylingual:not_run:
cpython-311,data/rq3/cpython-3.11/unique_bug_pyc/cpython-311-f2a6601a913d.pyc,no_source,"# decompyle3 version 3.9.3 # Python bytecode version base 3.11 (3495) # Decompiled from: Python 3.11.0rc1 (main, Aug 12 2022, 10:02:14) [GCC 11.2.0] # Embedded file name: data/rq3/cpython-3.11/unittest_seeds/raw/cpython_case_test_posix_P...",crash,signal_11:,,"decompyle3:error:# decompyle3 version 3.9.3 # Python bytecode version base 3.11 (3495) # Decompiled from: Python 3.11.0rc1 (main, Aug 12 2022, 10:02:14) [GCC 11.2.0] # Embedded file name: data/rq3/cpython-3.11/unittest_seeds/raw/cpython_case_test_posix_P...;pylingual:error:──────────────────────────────────────────────────────────────────────────────── ,ggggggggggg, ,gggg, dP""""""88""""""""""""Y8, d8"" ""8I ,dPYb, Yb, 88 `8b 88 ,dP IP'`Yb `"" 88 ,8P 8888888P"" gg I8 8I 88aaaad8P"" 88 """" I8 8' 88""""""""""gg gg 88 gg ,ggg,,g...",decompyle3:not_run:;pylingual:not_run:
cpython-311,data/rq3/cpython-3.11/unique_bug_pyc/cpython-311-f4ffcfa646c0.pyc,no_source,"# decompyle3 version 3.9.3 # Python bytecode version base 3.11 (3495) # Decompiled from: Python 3.11.0rc1 (main, Aug 12 2022, 10:02:14) [GCC 11.2.0] # Embedded file name: data/rq3/cpython-3.11/unittest_seeds/raw/cpython_case_test_descr_C...",crash,signal_11:,,"decompyle3:error:# decompyle3 version 3.9.3 # Python bytecode version base 3.11 (3495) # Decompiled from: Python 3.11.0rc1 (main, Aug 12 2022, 10:02:14) [GCC 11.2.0] # Embedded file name: data/rq3/cpython-3.11/unittest_seeds/raw/cpython_case_test_descr_C...;pylingual:error:──────────────────────────────────────────────────────────────────────────────── ,ggggggggggg, ,gggg, dP""""""88""""""""""""Y8, d8"" ""8I ,dPYb, Yb, 88 `8b 88 ,dP IP'`Yb `"" 88 ,8P 8888888P"" gg I8 8I 88aaaad8P"" 88 """" I8 8' 88""""""""""gg gg 88 gg ,ggg,,g...",decompyle3:not_run:;pylingual:not_run:
cpython-311,data/rq3/cpython-3.11/unique_bug_pyc/cpython-311-f5b1847d453a.pyc,unconfirmed,original bytecode status ok:,ok,,,"decompyle3:error:# decompyle3 version 3.9.3 # Python bytecode version base 3.11 (3495) # Decompiled from: Python 3.11.0rc1 (main, Aug 12 2022, 10:02:14) [GCC 11.2.0] # Embedded file name: data/rq3/cpython-3.11/unittest_seeds/raw/cpython_case_test_corouti...;pylingual:error:──────────────────────────────────────────────────────────────────────────────── ,ggggggggggg, ,gggg, dP""""""88""""""""""""Y8, d8"" ""8I ,dPYb, Yb, 88 `8b 88 ,dP IP'`Yb `"" 88 ,8P 8888888P"" gg I8 8I 88aaaad8P"" 88 """" I8 8' 88""""""""""gg gg 88 gg ,ggg,,g...",decompyle3:not_run:;pylingual:not_run:
cpython-311,data/rq3/cpython-3.11/unique_bug_pyc/cpython-311-f77a5d0f388f.pyc,unconfirmed,original bytecode status ok:,ok,,,"decompyle3:error:# decompyle3 version 3.9.3 # Python bytecode version base 3.11 (3495) # Decompiled from: Python 3.11.0rc1 (main, Aug 12 2022, 10:02:14) [GCC 11.2.0] # Embedded file name: data/rp3/cpython-3.11/unittest_seeds/raw/cpython_case_test_urllib2...;pylingual:error:──────────────────────────────────────────────────────────────────────────────── ,ggggggggggg, ,gggg, dP""""""88""""""""""""Y8, d8"" ""8I ,dPYb, Yb, 88 `8b 88 ,dP IP'`Yb `"" 88 ,8P 8888888P"" gg I8 8I 88aaaad8P"" 88 """" I8 8' 88""""""""""gg gg 88 gg ,ggg,,g...",decompyle3:not_run:;pylingual:not_run:
cpython-311,data/rq3/cpython-3.11/unique_bug_pyc/cpython-311-fe1f9c5aa0ba.pyc,unconfirmed,original bytecode status ok:,ok,,,"decompyle3:error:# decompyle3 version 3.9.3 # Python bytecode version base 3.11 (3495) # Decompiled from: Python 3.11.0rc1 (main, Aug 12 2022, 10:02:14) [GCC 11.2.0] # Embedded file name: data/rq3/cpython-3.11/uesolcst_seeds/raw/cpython_case_test_statist...;pylingual:error:──────────────────────────────────────────────────────────────────────────────── ,ggggggggggg, ,gggg, dP""""""88""""""""""""Y8, d8"" ""8I ,dPYb, Yb, 88 `8b 88 ,dP IP'`Yb `"" 88 ,8P 8888888P"" gg I8 8I 88aaaad8P"" 88 """" I8 8' 88""""""""""gg gg 88 gg ,ggg,,g...",decompyle3:not_run:;pylingual:not_run:
cpython-312,data/rq3/cpython-3.12/unique_bug_pyc/cpython-312-010c889c5686.pyc,no_source,"# decompyle3 version 3.9.3 # Python bytecode version base 3.12.0 (3531) # Decompiled from: Python 3.12.13 (main, Mar 4 2026, 09:23:07) [GCC 11.4.0] # Embedded file name: data/rq3/cpython-3.12/unittest_seeds/raw/cpython_case_test_string_T...",crash,signal_11:,,"decompyle3:error:# decompyle3 version 3.9.3 # Python bytecode version base 3.12.0 (3531) # Decompiled from: Python 3.12.13 (main, Mar 4 2026, 09:23:07) [GCC 11.4.0] # Embedded file name: data/rq3/cpython-3.12/unittest_seeds/raw/cpython_case_test_string_T...;pylingual:error:──────────────────────────────────────────────────────────────────────────────── ,ggggggggggg, ,gggg, dP""""""88""""""""""""Y8, d8"" ""8I ,dPYb, Yb, 88 `8b 88 ,dP IP'`Yb `"" 88 ,8P 8888888P"" gg I8 8I 88aaaad8P"" 88 """" I8 8' 88""""""""""gg gg 88 gg ,ggg,,g...",decompyle3:not_run:;pylingual:not_run:
cpython-312,data/rq3/cpython-3.12/unique_bug_pyc/cpython-312-056e0268a396.pyc,unconfirmed,original bytecode status ok:,ok,,,"decompyle3:error:# decompyle3 version 3.9.3 # Python bytecode version base 3.12.0 (3531) # Decompiled from: Python 3.12.13 (main, Mar 4 2026, 09:23:07) [GCC 11.4.0] # Embedded file name: data/rq3/cpython-3.12/unittest_seeds/raw/cpython_case_test_opcache_...;pylingual:error:──────────────────────────────────────────────────────────────────────────────── ,ggggggggggg, ,gggg, dP""""""88""""""""""""Y8, d8"" ""8I ,dPYb, Yb, 88 `8b 88 ,dP IP'`Yb `"" 88 ,8P 8888888P"" gg I8 8I 88aaaad8P"" 88 """" I8 8' 88""""""""""gg gg 88 gg ,ggg,,g...",decompyle3:not_run:;pylingual:not_run:
cpython-312,data/rq3/cpython-3.12/unique_bug_pyc/cpython-312-061e3a384fb4.pyc,unconfirmed,original bytecode status ok:,ok,,,"decompyle3:error:# decompyle3 version 3.9.3 # Python bytecode version base 3.12.0 (3531) # Decompiled from: Python 3.12.13 (main, Mar 4 2026, 09:23:07) [GCC 11.4.0] # Embedded file name: data/rq3/cpython-3.12/unittest_seeds/raw/cpython_case_test_imaplib_...;pylingual:error:──────────────────────────────────────────────────────────────────────────────── ,ggggggggggg, ,gggg, dP""""""88""""""""""""Y8, d8"" ""8I ,dPYb, Yb, 88 `8b 88 ,dP IP'`Yb `"" 88 ,8P 8888888P"" gg I8 8I 88aaaad8P"" 88 """" I8 8' 88""""""""""gg gg 88 gg ,ggg,,g...",decompyle3:not_run:;pylingual:not_run:
cpython-312,data/rq3/cpython-3.12/unique_bug_pyc/cpython-312-078fd396a487.pyc,unconfirmed,original bytecode status ok:,ok,,,"decompyle3:error:# decompyle3 version 3.9.3 # Python bytecode version base 3.12.0 (3531) # Decompiled from: Python 3.12.13 (main, Mar 4 2026, 09:23:07) [GCC 11.4.0] # Embedded file name: data/rq3/cpython-3.12/unittest_seeds/raw/cpython_case_test_py_compi...;pylingual:error:──────────────────────────────────────────────────────────────────────────────── ,ggggggggggg, ,gggg, dP""""""88""""""""""""Y8, d8"" ""8I ,dPYb, Yb, 88 `8b 88 ,dP IP'`Yb `"" 88 ,8P 8888888P"" gg I8 8I 88aaaad8P"" 88 """" I8 8' 88""""""""""gg gg 88 gg ,ggg,,g...",decompyle3:not_run:;pylingual:not_run:
cpython-312,data/rq3/cpython-3.12/unique_bug_pyc/cpython-312-090de9f253b0.pyc,no_source,"# decompyle3 version 3.9.3 # Python bytecode version base 3.12.0 (3531) # Decompiled from: Python 3.12.13 (main, Mar 4 2026, 09:23:07) [GCC 11.4.0] # Embedded file name: data/rq3/cpython-3.12/unittest_seeds/raw/cpython_case_test_timeit_T...",crash,signal_11:,,"decompyle3:error:# decompyle3 version 3.9.3 # Python bytecode version base 3.12.0 (3531) # Decompiled from: Python 3.12.13 (main, Mar 4 2026, 09:23:07) [GCC 11.4.0] # Embedded file name: data/rq3/cpython-3.12/unittest_seeds/raw/cpython_case_test_timeit_T...;pylingual:error:──────────────────────────────────────────────────────────────────────────────── ,ggggggggggg, ,gggg, dP""""""88""""""""""""Y8, d8"" ""8I ,dPYb, Yb, 88 `8b 88 ,dP IP'`Yb `"" 88 ,8P 8888888P"" gg I8 8I 88aaaad8P"" 88 """" I8 8' 88""""""""""gg gg 88 gg ,ggg,,g...",decompyle3:not_run:;pylingual:not_run:
cpython-312,data/rq3/cpython-3.12/unique_bug_pyc/cpython-312-0a687ec86931.pyc,unconfirmed,original bytecode status ok:,ok,,,"decompyle3:error:# decompyle3 version 3.9.3 # Python bytecode version base 3.12.0 (3531) # Decompiled from: Python 3.12.13 (main, Mar 4 2026, 09:23:07) [GCC 11.4.0] # Embedded file name: data/rq3/cpython-3.12/unittest_seeds/raw/cpython_case_test_winreg_L...;pylingual:error:──────────────────────────────────────────────────────────────────────────────── ,ggggggggggg, ,gggg, dP""""""88""""""""""""Y8, d8"" ""8I ,dPYb, Yb, 88 `8b 88 ,dP IP'`Yb `"" 88 ,8P 8888888P"" gg I8 8I 88aaaad8P"" 88 """" I8 8' 88""""""""""gg gg 88 gg ,ggg,,g...",decompyle3:not_run:;pylingual:not_run:
cpython-312,data/rq3/cpython-3.12/unique_bug_pyc/cpython-312-0a8e10a2d8b5.pyc,no_source,"# decompyle3 version 3.9.3 # Python bytecode version base 3.12.0 (3531) # Decompiled from: Python 3.12.13 (main, Mar 4 2026, 09:23:07) [GCC 11.4.0] # Embedded file name: data/rq3/cpython-3.12/unittest_seeds/raw/cpython_case_test_contextl...",crash,signal_11:,,"decompyle3:error:# decompyle3 version 3.9.3 # Python bytecode version base 3.12.0 (3531) # Decompiled from: Python 3.12.13 (main, Mar 4 2026, 09:23:07) [GCC 11.4.0] # Embedded file name: data/rq3/cpython-3.12/unittest_seeds/raw/cpython_case_test_contextl...;pylingual:error:──────────────────────────────────────────────────────────────────────────────── ,ggggggggggg, ,gggg, dP""""""88""""""""""""Y8, d8"" ""8I ,dPYb, Yb, 88 `8b 88 ,dP IP'`Yb `"" 88 ,8P 8888888P"" gg I8 8I 88aaaad8P"" 88 """" I8 8' 88""""""""""gg gg 88 gg ,ggg,,g...",decompyle3:not_run:;pylingual:not_run:
cpython-312,data/rq3/cpython-3.12/unique_bug_pyc/cpython-312-0c510e332b96.pyc,no_source,"# decompyle3 version 3.9.3 # Python bytecode version base 3.12.0 (3531) # Decompiled from: Python 3.12.13 (main, Mar 4 2026, 09:23:07) [GCC 11.4.0] # Embedded file name: data/rq3/cpython-3.12/unittest_seeds/raw/cpython_case_test_compile_...",crash,signal_11:,,"decompyle3:error:# decompyle3 version 3.9.3 # Python bytecode version base 3.12.0 (3531) # Decompiled from: Python 3.12.13 (main, Mar 4 2026, 09:23:07) [GCC 11.4.0] # Embedded file name: data/rq3/cpython-3.12/unittest_seeds/raw/cpython_case_test_compile_...;pylingual:error:──────────────────────────────────────────────────────────────────────────────── ,ggggggggggg, ,gggg, dP""""""88""""""""""""Y8, d8"" ""8I ,dPYb, Yb, 88 `8b 88 ,dP IP'`Yb `"" 88 ,8P 8888888P"" gg I8 8I 88aaaad8P"" 88 """" I8 8' 88""""""""""gg gg 88 gg ,ggg,,g...",decompyle3:not_run:;pylingual:not_run:
cpython-312,data/rq3/cpython-3.12/unique_bug_pyc/cpython-312-0e82a511c4a2.pyc,unconfirmed,original bytecode status ok:,ok,,,"decompyle3:error:# decompyle3 version 3.9.3 # Python bytecode version base 3.12.0 (3531) # Decompiled from: Python 3.12.13 (main, Mar 4 2026, 09:23:07) [GCC 11.4.0] # Embedded file name: data/rq3/cpython-3.12/unittest_seeds/raw/cpython_case_test_exceptio...;pylingual:error:──────────────────────────────────────────────────────────────────────────────── ,ggggggggggg, ,gggg, dP""""""88""""""""""""Y8, d8"" ""8I ,dPYb, Yb, 88 `8b 88 ,dP IP'`Yb `"" 88 ,8P 8888888P"" gg I8 8I 88aaaad8P"" 88 """" I8 8' 88""""""""""gg gg 88 gg ,ggg,,g...",decompyle3:not_run:;pylingual:not_run:
cpython-312,data/rq3/cpython-3.12/unique_bug_pyc/cpython-312-0fff0eb1f38c.pyc,unconfirmed,original bytecode status ok:,ok,,,"decompyle3:error:# decompyle3 version 3.9.3 # Python bytecode version base 3.12.0 (3531) # Decompiled from: Python 3.12.13 (main, Mar 4 2026, 09:23:07) [GCC 11.4.0] # Embedded file name: data/rq3/cpython-3.12/unittest_seeds/raw/cpython_case_test_getpath_...;pylingual:error:──────────────────────────────────────────────────────────────────────────────── ,ggggggggggg, ,gggg, dP""""""88""""""""""""Y8, d8"" ""8I ,dPYb, Yb, 88 `8b 88 ,dP IP'`Yb `"" 88 ,8P 8888888P"" gg I8 8I 88aaaad8P"" 88 """" I8 8' 88""""""""""gg gg 88 gg ,ggg,,g...",decompyle3:not_run:;pylingual:not_run:
cpython-312,data/rq3/cpython-3.12/unique_bug_pyc/cpython-312-137d84c32dfb.pyc,unconfirmed,original bytecode status ok:,ok,,,"decompyle3:error:# decompyle3 version 3.9.3 # Python bytecode version base 3.12.0 (3531) # Decompiled from: Python 3.12.13 (main, Mar 4 2026, 09:23:07) [GCC 11.4.0] # Embedded file name: data/rq3/cpython-3.12/unittest_seeds/raw/cpython_case_test_resource...;pylingual:error:──────────────────────────────────────────────────────────────────────────────── ,ggggggggggg, ,gggg, dP""""""88""""""""""""Y8, d8"" ""8I ,dPYb, Yb, 88 `8b 88 ,dP IP'`Yb `"" 88 ,8P 8888888P"" gg I8 8I 88aaaad8P"" 88 """" I8 8' 88""""""""""gg gg 88 gg ,ggg,,g...",decompyle3:not_run:;pylingual:not_run:
cpython-312,data/rq3/cpython-3.12/unique_bug_pyc/cpython-312-15fb7a185bb9.pyc,no_source,"# decompyle3 version 3.9.3 # Python bytecode version base 3.12.0 (3531) # Decompiled from: Python 3.12.13 (main, Mar 4 2026, 09:23:07) [GCC 11.4.0] # Embedded file name: data/rq3/cpython-3.12/unittest_seeds/raw/cpython_case_test_coroutin...",crash,signal_11:,,"decompyle3:error:# decompyle3 version 3.9.3 # Python bytecode version base 3.12.0 (3531) # Decompiled from: Python 3.12.13 (main, Mar 4 2026, 09:23:07) [GCC 11.4.0] # Embedded file name: data/rq3/cpython-3.12/unittest_seeds/raw/cpython_case_test_coroutin...;pylingual:error:──────────────────────────────────────────────────────────────────────────────── ,ggggggggggg, ,gggg, dP""""""88""""""""""""Y8, d8"" ""8I ,dPYb, Yb, 88 `8b 88 ,dP IP'`Yb `"" 88 ,8P 8888888P"" gg I8 8I 88aaaad8P"" 88 """" I8 8' 88""""""""""gg gg 88 gg ,ggg,,g...",decompyle3:not_run:;pylingual:not_run:
cpython-312,data/rq3/cpython-3.12/unique_bug_pyc/cpython-312-169d43653538.pyc,no_source,"# decompyle3 version 3.9.3 # Python bytecode version base 3.12.0 (3531) # Decompiled from: Python 3.12.13 (main, Mar 4 2026, 09:23:07) [GCC 11.4.0] # Embedded file name: data/rq3/cpython-3.12/unittest_seeds/raw/cpython_case_test_interpre...",crash,signal_11:,,"decompyle3:error:# decompyle3 version 3.9.3 # Python bytecode version base 3.12.0 (3531) # Decompiled from: Python 3.12.13 (main, Mar 4 2026, 09:23:07) [GCC 11.4.0] # Embedded file name: data/rq3/cpython-3.12/unittest_seeds/raw/cpython_case_test_interpre...;pylingual:error:──────────────────────────────────────────────────────────────────────────────── ,ggggggggggg, ,gggg, dP""""""88""""""""""""Y8, d8"" ""8I ,dPYb, Yb, 88 `8b 88 ,dP IP'`Yb `"" 88 ,8P 8888888P"" gg I8 8I 88aaaad8P"" 88 """" I8 8' 88""""""""""gg gg 88 gg ,ggg,,g...",decompyle3:not_run:;pylingual:not_run:
cpython-312,data/rq3/cpython-3.12/unique_bug_pyc/cpython-312-187cea9ef555.pyc,unconfirmed,original bytecode status ok:,ok,,,"decompyle3:error:# decompyle3 version 3.9.3 # Python bytecode version base 3.12.0 (3531) # Decompiled from: Python 3.12.13 (main, Mar 4 2026, 09:23:07) [GCC 11.4.0] # Embedded file name: data/rq3/cpython-3.12/unittest_seeds/raw/cpython_case_test_xml_etre...;pylingual:error:──────────────────────────────────────────────────────────────────────────────── ,ggggggggggg, ,gggg, dP""""""88""""""""""""Y8, d8"" ""8I ,dPYb, Yb, 88 `8b 88 ,dP IP'`Yb `"" 88 ,8P 8888888P"" gg I8 8I 88aaaad8P"" 88 """" I8 8' 88""""""""""gg gg 88 gg ,ggg,,g...",decompyle3:not_run:;pylingual:not_run:
cpython-312,data/rq3/cpython-3.12/unique_bug_pyc/cpython-312-191e2a349ee3.pyc,unconfirmed,original bytecode status ok:,ok,,,"decompyle3:error:# decompyle3 version 3.9.3 # Python bytecode version base 3.12.0 (3531) # Decompiled from: Python 3.12.13 (main, Mar 4 2026, 09:23:07) [GCC 11.4.0] # Embedded file name: data/rq3/cpython-3.12/unittest_seeds/raw/cpython_case_test_posix_Te...;pylingual:error:──────────────────────────────────────────────────────────────────────────────── ,ggggggggggg, ,gggg, dP""""""88""""""""""""Y8, d8"" ""8I ,dPYb, Yb, 88 `8b 88 ,dP IP'`Yb `"" 88 ,8P 8888888P"" gg I8 8I 88aaaad8P"" 88 """" I8 8' 88""""""""""gg gg 88 gg ,ggg,,g...",decompyle3:not_run:;pylingual:not_run:
cpython-312,data/rq3/cpython-3.12/unique_bug_pyc/cpython-312-1b42a384e806.pyc,no_source,"# decompyle3 version 3.9.3 # Python bytecode version base 3.12.0 (3531) # Decompiled from: Python 3.12.13 (main, Mar 4 2026, 09:23:07) [GCC 11.4.0] # Embedded file name: data/rq3/c\\0\\0\\0\\0n-3.12/unittest_seeds/raw/c%nthon_case_test_threadin...",crash,signal_11:,,"decompyle3:error:# decompyle3 version 3.9.3 # Python bytecode version base 3.12.0 (3531) # Decompiled from: Python 3.12.13 (main, Mar 4 2026, 09:23:07) [GCC 11.4.0] # Embedded file name: data/rq3/c\\0\\0\\0\\0n-3.12/unittest_seeds/raw/c%nthon_case_test_threadin...;pylingual:error:──────────────────────────────────────────────────────────────────────────────── ,ggggggggggg, ,gggg, dP""""""88""""""""""""Y8, d8"" ""8I ,dPYb, Yb, 88 `8b 88 ,dP IP'`Yb `"" 88 ,8P 8888888P"" gg I8 8I 88aaaad8P"" 88 """" I8 8' 88""""""""""gg gg 88 gg ,ggg,,g...",decompyle3:not_run:;pylingual:not_run:
cpython-312,data/rq3/cpython-3.12/unique_bug_pyc/cpython-312-1b6ffdc799dd.pyc,unconfirmed,original bytecode status ok:,ok,,,"decompyle3:error:# decompyle3 version 3.9.3 # Python bytecode version base 3.12.0 (3531) # Decompiled from: Python 3.12.13 (main, Mar 4 2026, 09:23:07) [GCC 11.4.0] # Embedded file name: data/rq3/cpython-3.12/unittest_seeds/raw/cpython_case_test_generato...;pylingual:error:──────────────────────────────────────────────────────────────────────────────── ,ggggggggggg, ,gggg, dP""""""88""""""""""""Y8, d8"" ""8I ,dPYb, Yb, 88 `8b 88 ,dP IP'`Yb `"" 88 ,8P 8888888P"" gg I8 8I 88aaaad8P"" 88 """" I8 8' 88""""""""""gg gg 88 gg ,ggg,,g...",decompyle3:not_run:;pylingual:not_run:
cpython-312,data/rq3/cpython-3.12/unique_bug_pyc/cpython-312-1d40eac1d9ad.pyc,unconfirmed,original bytecode status ok:,ok,,,"decompyle3:error:# decompyle3 version 3.9.3 # Python bytecode version base 3.12.0 (3531) # Decompiled from: Python 3.12.13 (main, Mar 4 2026, 09:23:07) [GCC 11.4.0] # Embedded file name: data/rq3/cpython-3.12/unittest_seeds/raw/cpython_case_test_decimal_...;pylingual:error:──────────────────────────────────────────────────────────────────────────────── ,ggggggggggg, ,gggg, dP""""""88""""""""""""Y8, d8"" ""8I ,dPYb, Yb, 88 `8b 88 ,dP IP'`Yb `"" 88 ,8P 8888888P"" gg I8 8I 88aaaad8P"" 88 """" I8 8' 88""""""""""gg gg 88 gg ,ggg,,g...",decompyle3:not_run:;pylingual:not_run:
cpython-312,data/rq3/cpython-3.12/unique_bug_pyc/cpython-312-1d8a3dacf8bd.pyc,unconfirmed,original bytecode status ok:,ok,,,"decompyle3:error:# decompyle3 version 3.9.3 # Python bytecode version base 3.12.0 (3531) # Decompiled from: Python 3.12.13 (main, Mar 4 2026, 09:23:07) [GCC 11.4.0] # Embedded file name: data/rq3/cpython-3.12/unittest_seeds/raw/cpython_case_test_descr_Cl...;pylingual:error:──────────────────────────────────────────────────────────────────────────────── ,ggggggggggg, ,gggg, dP""""""88""""""""""""Y8, d8"" ""8I ,dPYb, Yb, 88 `8b 88 ,dP IP'`Yb `"" 88 ,8P 8888888P"" gg I8 8I 88aaaad8P"" 88 """" I8 8' 88""""""""""gg gg 88 gg ,ggg,,g...",decompyle3:not_run:;pylingual:not_run:
cpython-312,data/rq3/cpython-3.12/unique_bug_pyc/cpython-312-21af7f8c8866.pyc,no_source,"# decompyle3 version 3.9.3 # Python bytecode version base 3.12.0 (3531) # Decompiled from: Python 3.12.13 (main, Mar 4 2026, 09:23:07) [GCC 11.4.0] # Embedded file name: data/rq3/cpython-3.12/unittest_seeds/raw/cpython_case_test_thread_T...",crash,signal_11:,,"decompyle3:error:# decompyle3 version 3.9.3 # Python bytecode version base 3.12.0 (3531) # Decompiled from: Python 3.12.13 (main, Mar 4 2026, 09:23:07) [GCC 11.4.0] # Embedded file name: data/rq3/cpython-3.12/unittest_seeds/raw/cpython_case_test_thread_T...;pylingual:error:──────────────────────────────────────────────────────────────────────────────── ,ggggggggggg, ,gggg, dP""""""88""""""""""""Y8, d8"" ""8I ,dPYb, Yb, 88 `8b 88 ,dP IP'`Yb `"" 88 ,8P 8888888P"" gg I8 8I 88aaaad8P"" 88 """" I8 8' 88""""""""""gg gg 88 gg ,ggg,,g...",decompyle3:not_run:;pylingual:not_run:
cpython-312,data/rq3/cpython-3.12/unique_bug_pyc/cpython-312-21d64628d74b.pyc,unconfirmed,original bytecode status ok:,ok,,,"decompyle3:error:# decompyle3 version 3.9.3 # Python bytecode version base 3.12.0 (3531) # Decompiled from: Python 3.12.13 (main, Mar 4 2026, 09:23:07) [GCC 11.4.0] # Embedded file name: data/rq3/cpython-3.12/unittest_seeds/raw/cpython_case_test_enum__En...;pylingual:error:──────────────────────────────────────────────────────────────────────────────── ,ggggggggggg, ,gggg, dP""""""88""""""""""""Y8, d8"" ""8I ,dPYb, Yb, 88 `8b 88 ,dP IP'`Yb `"" 88 ,8P 8888888P"" gg I8 8I 88aaaad8P"" 88 """" I8 8' 88""""""""""gg gg 88 gg ,ggg,,g...",decompyle3:not_run:;pylingual:not_run:
cpython-312,data/rq3/cpython-3.12/unique_bug_pyc/cpython-312-2334830d3a33.pyc,unconfirmed,original bytecode status ok:,ok,,,"decompyle3:error:# decompyle3 version 3.9.3 # Python bytecode version base 3.12.0 (3531) # Decompiled from: Python 3.12.13 (main, Mar 4 2026, 09:23:07) [GCC 11.4.0] # Embedded file name: data/rq3/cpython-3.12/unittest_seeds/raw/cpython_case_test_logging_...;pylingual:error:──────────────────────────────────────────────────────────────────────────────── ,ggggggggggg, ,gggg, dP""""""88""""""""""""Y8, d8"" ""8I ,dPYb, Yb, 88 `8b 88 ,dP IP'`Yb `"" 88 ,8P 8888888P"" gg I8 8I 88aaaad8P"" 88 """" I8 8' 88""""""""""gg gg 88 gg ,ggg,,g...",decompyle3:not_run:;pylingual:not_run:
cpython-312,data/rq3/cpython-3.12/unique_bug_pyc/cpython-312-287217f8ee5e.pyc,unconfirmed,original bytecode status ok:,ok,,,"decompyle3:error:# decompyle3 version 3.9.3 # Python bytecode version base 3.12.0 (3531) # Decompiled from: Python 3.12.13 (main, Mar 4 2026, 09:23:07) [GCC 11.4.0] # Embedded file name: data/rq3/cpython-3.12/unittest_seeds/raw/cpython_case_test_iter_Tes...;pylingual:error:──────────────────────────────────────────────────────────────────────────────── ,ggggggggggg, ,gggg, dP""""""88""""""""""""Y8, d8"" ""8I ,dPYb, Yb, 88 `8b 88 ,dP IP'`Yb `"" 88 ,8P 8888888P"" gg I8 8I 88aaaad8P"" 88 """" I8 8' 88""""""""""gg gg 88 gg ,ggg,,g...",decompyle3:not_run:;pylingual:not_run:
cpython-312,data/rq3/cpython-3.12/unique_bug_pyc/cpython-312-28be946ac169.pyc,unconfirmed,original bytecode status ok:,ok,,,"decompyle3:error:# decompyle3 version 3.9.3 # Python bytecode version base 3.12.0 (3531) # Decompiled from: Python 3.12.13 (main, Mar 4 2026, 09:23:07) [GCC 11.4.0] # Embedded file name: data/rq3/cpython-3.12/unittest_seeds/raw/cpython_case_t_have_,PC_MA...;pylingual:error:──────────────────────────────────────────────────────────────────────────────── ,ggggggggggg, ,gggg, dP""""""88""""""""""""Y8, d8"" ""8I ,dPYb, Yb, 88 `8b 88 ,dP IP'`Yb `"" 88 ,8P 8888888P"" gg I8 8I 88aaaad8P"" 88 """" I8 8' 88""""""""""gg gg 88 gg ,ggg,,g...",decompyle3:not_run:;pylingual:not_run:
cpython-312,data/rq3/cpython-3.12/unique_bug_pyc/cpython-312-2968a13eea15.pyc,unconfirmed,original bytecode status ok:,ok,,,"decompyle3:error:# decompyle3 version 3.9.3 # Python bytecode version base 3.12.0 (3531) # Decompiled from: Python 3.12.13 (main, Mar 4 2026, 09:23:07) [GCC 11.4.0] # Embedded file name: data/rq3/cpython-3.12/unittest_seeds/raw/cpython_case_test_compile_...;pylingual:error:──────────────────────────────────────────────────────────────────────────────── ,ggggggggggg, ,gggg, dP""""""88""""""""""""Y8, d8"" ""8I ,dPYb, Yb, 88 `8b 88 ,dP IP'`Yb `"" 88 ,8P 8888888P"" gg I8 8I 88aaaad8P"" 88 """" I8 8' 88""""""""""gg gg 88 gg ,ggg,,g...",decompyle3:not_run:;pylingual:not_run:
cpython-312,data/rq3/cpython-3.12/unique_bug_pyc/cpython-312-2a5effb1e7b9.pyc,no_source,"# decompyle3 version 3.9.3 # Python bytecode version base 3.12.0 (3531) # Decompiled from: Python 3.12.13 (main, Mar 4 2026, 09:23:07) [GCC 11.4.0] # Embedded file name: data/rq3/cpython-3.12/unittest_seeds/raw/cpython_case_test_raise_Te...",crash,signal_11:,,"decompyle3:error:# decompyle3 version 3.9.3 # Python bytecode version base 3.12.0 (3531) # Decompiled from: Python 3.12.13 (main, Mar 4 2026, 09:23:07) [GCC 11.4.0] # Embedded file name: data/rq3/cpython-3.12/unittest_seeds/raw/cpython_case_test_raise_Te...;pylingual:error:──────────────────────────────────────────────────────────────────────────────── ,ggggggggggg, ,gggg, dP""""""88""""""""""""Y8, d8"" ""8I ,dPYb, Yb, 88 `8b 88 ,dP IP'`Yb `"" 88 ,8P 8888888P"" gg I8 8I 88aaaad8P"" 88 """" I8 8' 88""""""""""gg gg 88 gg ,ggg,,g...",decompyle3:not_run:;pylingual:not_run:
cpython-312,data/rq3/cpython-3.12/unique_bug_pyc/cpython-312-2b79b5012e22.pyc,unconfirmed,original bytecode status ok:,ok,,,"decompyle3:error:# decompyle3 version 3.9.3 # Python bytecode version base 3.12.0 (3531) # Decompiled from: Python 3.12.13 (main, Mar 4 2026, 09:23:07) [GCC 11.4.0] # Embedded file name: data/rq3/cpython-3.12/unittest_seeds/raw/cpython_case_test_descr_Cl...;pylingual:error:──────────────────────────────────────────────────────────────────────────────── ,ggggggggggg, ,gggg, dP""""""88""""""""""""Y8, d8"" ""8I ,dPYb, Yb, 88 `8b 88 ,dP IP'`Yb `"" 88 ,8P 8888888P"" gg I8 8I 88aaaad8P"" 88 """" I8 8' 88""""""""""gg gg 88 gg ,ggg,,g...",decompyle3:not_run:;pylingual:not_run:
cpython-312,data/rq3/cpython-3.12/unique_bug_pyc/cpython-312-2bcc6ad1f7bb.pyc,no_source,/home/awen/git/PybcSEC/PycLens/data/rq2/envs/cpython-312/lib/python3.12/site-packages/click/core.py:1307: UserWarning: The parameter --version is used more than once. Remove its duplicate as parameters should be unique. parser = self.mak...,crash,signal_11:,,"decompyle3:exit_-11:/home/awen/git/PybcSEC/PycLens/data/rq2/envs/cpython-312/lib/python3.12/site-packages/click/core.py:1307: UserWarning: The parameter --version is used more than once. Remove its duplicate as parameters should be unique. parser = self.mak...;pylingual:exit_-11:──────────────────────────────────────────────────────────────────────────────── ,ggggggggggg, ,gggg, dP""""""88""""""""""""Y8, d8"" ""8I ,dPYb, Yb, 88 `8b 88 ,dP IP'`Yb `"" 88 ,8P 8888888P"" gg I8 8I 88aaaad8P"" 88 """" I8 8' 88""""""""""gg gg 88 gg ,ggg,,g...",decompyle3:not_run:;pylingual:not_run:
cpython-312,data/rq3/cpython-3.12/unique_bug_pyc/cpython-312-2bfbda011629.pyc,unconfirmed,original bytecode status ok:,ok,,,"decompyle3:error:# decompyle3 version 3.9.3 # Python bytecode version base 3.12.0 (3531) # Decompiled from: Python 3.12.13 (main, Mar 4 2026, 09:23:07) [GCC 11.4.0] # Embedded file name: data/rq3/cpython-3.12/unittest_seeds/raw/cpython_case_test_yield_fr...;pylingual:error:──────────────────────────────────────────────────────────────────────────────── ,ggggggggggg, ,gggg, dP""""""88""""""""""""Y8, d8"" ""8I ,dPYb, Yb, 88 `8b 88 ,dP IP'`Yb `"" 88 ,8P 8888888P"" gg I8 8I 88aaaad8P"" 88 """" I8 8' 88""""""""""gg gg 88 gg ,ggg,,g...",decompyle3:not_run:;pylingual:not_run:
cpython-312,data/rq3/cpython-3.12/unique_bug_pyc/cpython-312-2d463551f6bc.pyc,no_source,"# decompyle3 version 3.9.3 # Python bytecode version base 3.12.0 (3531) # Decompiled from: Python 3.12.13 (main, Mar 4 2026, 09:23:07) [GCC 11.4.0] # Embedded file name: data/rq3/cpython-3.12/unittest_seeds/raw/cpython_case_test_dict_Dic...",exit_1,"Traceback (most recent call last): File ""/home/awen/git/PybcSEC/PycLens/data/rq4/harness.py"", line 23, in <module> list(dis.Bytecode(code)) File ""/usr/lib/python3.12/dis.py"", line 475, in _get_instructions_bytes argval, argrepr = _get_na...",,"decompyle3:error:# decompyle3 version 3.9.3 # Python bytecode version base 3.12.0 (3531) # Decompiled from: Python 3.12.13 (main, Mar 4 2026, 09:23:07) [GCC 11.4.0] # Embedded file name: data/rq3/cpython-3.12/unittest_seeds/raw/cpython_case_test_dict_Dic...;pylingual:error:──────────────────────────────────────────────────────────────────────────────── ,ggggggggggg, ,gggg, dP""""""88""""""""""""Y8, d8"" ""8I ,dPYb, Yb, 88 `8b 88 ,dP IP'`Yb `"" 88 ,8P 8888888P"" gg I8 8I 88aaaad8P"" 88 """" I8 8' 88""""""""""gg gg 88 gg ,ggg,,g...",decompyle3:not_run:;pylingual:not_run:
cpython-312,data/rq3/cpython-3.12/unique_bug_pyc/cpython-312-2e7dbf59c38d.pyc,no_source,"# decompyle3 version 3.9.3 # Python bytecode version base 3.12.0 (3531) # Decompiled from: Python 3.12.13 (main, Mar 4 2026, 09:23:07) [GCC 11.4.0] # Embedded file name: data/rq3/cpython-3.12/unittest_seeds/raw/cpython_case_test_bytes_By...",crash,signal_11:,,"decompyle3:error:# decompyle3 version 3.9.3 # Python bytecode version base 3.12.0 (3531) # Decompiled from: Python 3.12.13 (main, Mar 4 2026, 09:23:07) [GCC 11.4.0] # Embedded file name: data/rq3/cpython-3.12/unittest_seeds/raw/cpython_case_test_bytes_By...;pylingual:error:──────────────────────────────────────────────────────────────────────────────── ,ggggggggggg, ,gggg, dP""""""88""""""""""""Y8, d8"" ""8I ,dPYb, Yb, 88 `8b 88 ,dP IP'`Yb `"" 88 ,8P 8888888P"" gg I8 8I 88aaaad8P"" 88 """" I8 8' 88""""""""""gg gg 88 gg ,ggg,,g...",decompyle3:not_run:;pylingual:not_run:
cpython-312,data/rq3/cpython-3.12/unique_bug_pyc/cpython-312-32e27ddd9191.pyc,unconfirmed,original bytecode status ok:,ok,,,"decompyle3:error:# decompyle3 version 3.9.3 # Python bytecode version base 3.12.0 (3531) # Decompiled from: Python 3.12.13 (main, Mar 4 2026, 09:23:07) [GCC 11.4.0] # Embedded file name: data/rq3/cpython-3.12/unittest_seeds/raw/cpython_case_test_rlcomple...;pylingual:error:──────────────────────────────────────────────────────────────────────────────── ,ggggggggggg, ,gggg, dP""""""88""""""""""""Y8, d8"" ""8I ,dPYb, Yb, 88 `8b 88 ,dP IP'`Yb `"" 88 ,8P 8888888P"" gg I8 8I 88aaaad8P"" 88 """" I8 8' 88""""""""""gg gg 88 gg ,ggg,,g...",decompyle3:not_run:;pylingual:not_run:
cpython-312,data/rq3/cpython-3.12/unique_bug_pyc/cpython-312-330afc90f5cd.pyc,unconfirmed,original bytecode status ok:,ok,,,"decompyle3:error:# decompyle3 version 3.9.3 # Python bytecode version base 3.12.0 (3531) # Decompiled from: Python 3.12.13 (main, Mar 4 2026, 09:23:07) [GCC 11.4.0] # Embedded file name: data/rq3/cpython-3.12/unittest_seeds/raw/cpython_case_test_buffer_T...;pylingual:error:──────────────────────────────────────────────────────────────────────────────── ,ggggggggggg, ,gggg, dP""""""88""""""""""""Y8, d8"" ""8I ,dPYb, Yb, 88 `8b 88 ,dP IP'`Yb `"" 88 ,8P 8888888P"" gg I8 8I 88aaaad8P"" 88 """" I8 8' 88""""""""""gg gg 88 gg ,ggg,,g...",decompyle3:not_run:;pylingual:not_run:
cpython-312,data/rq3/cpython-3.12/unique_bug_pyc/cpython-312-342dc3acc689.pyc,unconfirmed,original bytecode status ok:,ok,,,"decompyle3:error:# decompyle3 version 3.9.3 # Python bytecode version base 3.12.0 (3531) # Decompiled from: Python 3.12.13 (main, Mar 4 2026, 09:23:07) [GCC 11.4.0] # Embedded file name: data/rq3/cpython-3.12/unittest_seeds/raw/cpython_case_test_source_e...;pylingual:error:──────────────────────────────────────────────────────────────────────────────── ,ggggggggggg, ,gggg, dP""""""88""""""""""""Y8, d8"" ""8I ,dPYb, Yb, 88 `8b 88 ,dP IP'`Yb `"" 88 ,8P 8888888P"" gg I8 8I 88aaaad8P"" 88 """" I8 8' 88""""""""""gg gg 88 gg ,ggg,,g...",decompyle3:not_run:;pylingual:not_run:
cpython-312,data/rq3/cpython-3.12/unique_bug_pyc/cpython-312-369a4f2f436b.pyc,no_source,/home/awen/git/PybcSEC/PycLens/data/rq2/envs/cpython-312/lib/python3.12/site-packages/click/core.py:1307: UserWarning: The parameter --version is used more than once. Remove its duplicate as parameters should be unique. parser = self.mak...,crash,signal_11:,,"decompyle3:exit_1:/home/awen/git/PybcSEC/PycLens/data/rq2/envs/cpython-312/lib/python3.12/site-packages/click/core.py:1307: UserWarning: The parameter --version is used more than once. Remove its duplicate as parameters should be unique. parser = self.mak...;pylingual:error:──────────────────────────────────────────────────────────────────────────────── ,ggggggggggg, ,gggg, dP""""""88""""""""""""Y8, d8"" ""8I ,dPYb, Yb, 88 `8b 88 ,dP IP'`Yb `"" 88 ,8P 8888888P"" gg I8 8I 88aaaad8P"" 88 """" I8 8' 88""""""""""gg gg 88 gg ,ggg,,g...",decompyle3:not_run:;pylingual:not_run:
cpython-312,data/rq3/cpython-3.12/unique_bug_pyc/cpython-312-383a4dc5dae6.pyc,no_source,"# decompyle3 version 3.9.3 # Python bytecode version base 3.12.0 (3531) # Decompiled from: Python 3.12.13 (main, Mar 4 2026, 09:23:07) [GCC 11.4.0] # Embedded file name: data/rq3/c\\0\\0\\0\\0\\0\\0ã\\0\\0\\0\\0\\0\\0\\0\\0\\0\\0\\0\\0\\0\\0\\0\\0\\0\\0\\0ó$\\0\\0\\0\\0d\\0\\0Z\\0edk(\\0\\0r\\0e\\0«\\0\\0...",crash,signal_11:,,"decompyle3:error:# decompyle3 version 3.9.3 # Python bytecode version base 3.12.0 (3531) # Decompiled from: Python 3.12.13 (main, Mar 4 2026, 09:23:07) [GCC 11.4.0] # Embedded file name: data/rq3/c\\0\\0\\0\\0\\0\\0ã\\0\\0\\0\\0\\0\\0\\0\\0\\0\\0\\0\\0\\0\\0\\0\\0\\0\\0\\0ó$\\0\\0\\0\\0d\\0\\0Z\\0edk(\\0\\0r\\0e\\0«\\0\\0...;pylingual:error:──────────────────────────────────────────────────────────────────────────────── ,ggggggggggg, ,gggg, dP""""""88""""""""""""Y8, d8"" ""8I ,dPYb, Yb, 88 `8b 88 ,dP IP'`Yb `"" 88 ,8P 8888888P"" gg I8 8I 88aaaad8P"" 88 """" I8 8' 88""""""""""gg gg 88 gg ,ggg,,g...",decompyle3:not_run:;pylingual:not_run:
cpython-312,data/rq3/cpython-3.12/unique_bug_pyc/cpython-312-39f1b949468c.pyc,unconfirmed,original bytecode status ok:,ok,,,"decompyle3:error:# decompyle3 version 3.9.3 # Python bytecode version base 3.12.0 (3531) # Decompiled from: Python 3.12.13 (main, Mar 4 2026, 09:23:07) [GCC 11.4.0] # Embedded file name: data/rq3/cpython-3.12/unittest_seeds/raw/cpython_case_test_copy_Tes...;pylingual:error:──────────────────────────────────────────────────────────────────────────────── ,ggggggggggg, ,gggg, dP""""""88""""""""""""Y8, d8"" ""8I ,dPYb, Yb, 88 `8b 88 ,dP IP'`Yb `"" 88 ,8P 8888888P"" gg I8 8I 88aaaad8P"" 88 """" I8 8' 88""""""""""gg gg 88 gg ,ggg,,g...",decompyle3:not_run:;pylingual:not_run:
cpython-312,data/rq3/cpython-3.12/unique_bug_pyc/cpython-312-3a84df919de0.pyc,unconfirmed,original bytecode status ok:,ok,,,"decompyle3:error:# decompyle3 version 3.9.3 # Python bytecode version base 3.12.0 (3531) # Decompiled from: Python 3.12.13 (main, Mar 4 2026, 09:23:07) [GCC 11.4.0] # Embedded file name: data/rq3/cpython-3.12/unittest_seeds/raw/cpython_case_test_sort_Tes...;pylingual:error:──────────────────────────────────────────────────────────────────────────────── ,ggggggggggg, ,gggg, dP""""""88""""""""""""Y8, d8"" ""8I ,dPYb, Yb, 88 `8b 88 ,dP IP'`Yb `"" 88 ,8P 8888888P"" gg I8 8I 88aaaad8P"" 88 """" I8 8' 88""""""""""gg gg 88 gg ,ggg,,g...",decompyle3:not_run:;pylingual:not_run:
cpython-312,data/rq3/cpython-3.12/unique_bug_pyc/cpython-312-3c22997449a8.pyc,unconfirmed,original bytecode status ok:,ok,,,"decompyle3:error:# decompyle3 version 3.9.3 # Python bytecode version base 3.12.0 (3531) # Decompiled from: Python 3.12.13 (main, Mar 4 2026, 09:23:07) [GCC 11.4.0] # Embedded file name: data/rq3/cpython-3.12/unittest_seeds/raw/cpython_case_test_lzma_Fil...;pylingual:error:──────────────────────────────────────────────────────────────────────────────── ,ggggggggggg, ,gggg, dP""""""88""""""""""""Y8, d8"" ""8I ,dPYb, Yb, 88 `8b 88 ,dP IP'`Yb `"" 88 ,8P 8888888P"" gg I8 8I 88aaaad8P"" 88 """" I8 8' 88""""""""""gg gg 88 gg ,ggg,,g...",decompyle3:not_run:;pylingual:not_run:
cpython-312,data/rq3/cpython-3.12/unique_bug_pyc/cpython-312-3ce12ddfcd53.pyc,unconfirmed,original bytecode status ok:,ok,,,"decompyle3:error:# decompyle3 version 3.9.3 # Python bytecode version base 3.12.0 (3531) # Decompiled from: Python 3.12.13 (main, Mar 4 2026, 09:23:07) [GCC 11.4.0] # Embedded file name: data/rq3/cpython-3.12/unittest_seeds/raw/cpython_case_test_dict_Dic...;pylingual:error:──────────────────────────────────────────────────────────────────────────────── ,ggggggggggg, ,gggg, dP""""""88""""""""""""Y8, d8"" ""8I ,dPYb, Yb, 88 `8b 88 ,dP IP'`Yb `"" 88 ,8P 8888888P"" gg I8 8I 88aaaad8P"" 88 """" I8 8' 88""""""""""gg gg 88 gg ,ggg,,g...",decompyle3:not_run:;pylingual:not_run:
cpython-312,data/rq3/cpython-3.12/unique_bug_pyc/cpython-312-3e356b350c39.pyc,unconfirmed,original bytecode status ok:,ok,,,"decompyle3:error:# decompyle3 version 3.9.3 # Python bytecode version base 3.12.0 (3531) # Decompiled from: Python 3.12.13 (main, Mar 4 2026, 09:23:07) [GCC 11.4.0] # Embedded file name: data/rq3/cpython-3.12/unittest_seeds/raw/cpython_case_test_linecach...;pylingual:error:──────────────────────────────────────────────────────────────────────────────── ,ggggggggggg, ,gggg, dP""""""88""""""""""""Y8, d8"" ""8I ,dPYb, Yb, 88 `8b 88 ,dP IP'`Yb `"" 88 ,8P 8888888P"" gg I8 8I 88aaaad8P"" 88 """" I8 8' 88""""""""""gg gg 88 gg ,ggg,,g...",decompyle3:not_run:;pylingual:not_run:
cpython-312,data/rq3/cpython-3.12/unique_bug_pyc/cpython-312-413e7385bec6.pyc,no_source,"# decompyle3 version 3.9.3 # Python bytecode version base 3.12.0 (3531) # Decompiled from: Python 3.12.13 (main, Mar 4 2026, 09:23:07) [GCC 11.4.0] # Embedded file name: data/rq3/cpython-3.12/unittest_seeds/raw/cpython_case_test_patma_Te...",crash,signal_11:,,"decompyle3:error:# decompyle3 version 3.9.3 # Python bytecode version base 3.12.0 (3531) # Decompiled from: Python 3.12.13 (main, Mar 4 2026, 09:23:07) [GCC 11.4.0] # Embedded file name: data/rq3/cpython-3.12/unittest_seeds/raw/cpython_case_test_patma_Te...;pylingual:exit_-6:free(): invalid pointer",decompyle3:not_run:;pylingual:not_run:
cpython-312,data/rq3/cpython-3.12/unique_bug_pyc/cpython-312-456d4a553284.pyc,no_source,"# decompyle3 version 3.9.3 # Python bytecode version base 3.12.0 (3531) # Decompiled from: Python 3.12.13 (main, Mar 4 2026, 09:23:07) [GCC 11.4.0] # Embedded file name: data/rq3/cpython-3.12/unittest_seeds/raw/cpython_case_test_os_Exten...",crash,signal_11:,,"decompyle3:error:# decompyle3 version 3.9.3 # Python bytecode version base 3.12.0 (3531) # Decompiled from: Python 3.12.13 (main, Mar 4 2026, 09:23:07) [GCC 11.4.0] # Embedded file name: data/rq3/cpython-3.12/unittest_seeds/raw/cpython_case_test_os_Exten...;pylingual:error:──────────────────────────────────────────────────────────────────────────────── ,ggggggggggg, ,gggg, dP""""""88""""""""""""Y8, d8"" ""8I ,dPYb, Yb, 88 `8b 88 ,dP IP'`Yb `"" 88 ,8P 8888888P"" gg I8 8I 88aaaad8P"" 88 """" I8 8' 88""""""""""gg gg 88 gg ,ggg,,g...",decompyle3:not_run:;pylingual:not_run:
cpython-312,data/rq3/cpython-3.12/unique_bug_pyc/cpython-312-45933108c33c.pyc,unconfirmed,original bytecode status ok:,ok,,,"decompyle3:error:# decompyle3 version 3.9.3 # Python bytecode version base 3.12.0 (3531) # Decompiled from: Python 3.12.13 (main, Mar 4 2026, 09:23:07) [GCC 11.4.0] # Embedded file name: data/rq3/cpython-3.12/unittest_seeds/raw/cpython_case_test_unicode_...;pylingual:error:──────────────────────────────────────────────────────────────────────────────── ,ggggggggggg, ,gggg, dP""""""88""""""""""""Y8, d8"" ""8I ,dPYb, Yb, 88 `8b 88 ,dP IP'`Yb `"" 88 ,8P 8888888P"" gg I8 8I 88aaaad8P"" 88 """" I8 8' 88""""""""""gg gg 88 gg ,ggg,,g...",decompyle3:not_run:;pylingual:not_run:
cpython-312,data/rq3/cpython-3.12/unique_bug_pyc/cpython-312-495a4a41f8d8.pyc,no_source,"# decompyle3 version 3.9.3 # Python bytecode version base 3.12.0 (3531) # Decompiled from: Python 3.12.13 (main, Mar 4 2026, 09:23:07) [GCC 11.4.0] # Embedded file name: data/rq3/cpython-3.12/unittest_seeds/raw/cpython_cbse_test_compile_...",crash,signal_11:,,"decompyle3:error:# decompyle3 version 3.9.3 # Python bytecode version base 3.12.0 (3531) # Decompiled from: Python 3.12.13 (main, Mar 4 2026, 09:23:07) [GCC 11.4.0] # Embedded file name: data/rq3/cpython-3.12/unittest_seeds/raw/cpython_cbse_test_compile_...;pylingual:error:──────────────────────────────────────────────────────────────────────────────── ,ggggggggggg, ,gggg, dP""""""88""""""""""""Y8, d8"" ""8I ,dPYb, Yb, 88 `8b 88 ,dP IP'`Yb `"" 88 ,8P 8888888P"" gg I8 8I 88aaaad8P"" 88 """" I8 8' 88""""""""""gg gg 88 gg ,ggg,,g...",decompyle3:not_run:;pylingual:not_run:
cpython-312,data/rq3/cpython-3.12/unique_bug_pyc/cpython-312-4c2f7b39ed00.pyc,unconfirmed,original bytecode status ok:,ok,,,"decompyle3:error:# decompyle3 version 3.9.3 # Python bytecode version base 3.12.0 (3531) # Decompiled from: Python 3.12.13 (main, Mar 4 2026, 09:23:07) [GCC 11.4.0] # Embedded file name: data/rq3/cpython-3.12/unittest_seeds/raw/cpython_case_test_asyncgen...;pylingual:error:──────────────────────────────────────────────────────────────────────────────── ,ggggggggggg, ,gggg, dP""""""88""""""""""""Y8, d8"" ""8I ,dPYb, Yb, 88 `8b 88 ,dP IP'`Yb `"" 88 ,8P 8888888P"" gg I8 8I 88aaaad8P"" 88 """" I8 8' 88""""""""""gg gg 88 gg ,ggg,,g...",decompyle3:not_run:;pylingual:not_run:
cpython-312,data/rq3/cpython-3.12/unique_bug_pyc/cpython-312-4c766bd41a3c.pyc,no_source,"# decompyle3 version 3.9.3 # Python bytecode version base 3.12.0 (3531) # Decompiled from: Python 3.12.13 (main, Mar 4 2026, 09:23:07) [GCC 11.4.0] # Embedded file name: data/rq3/cpython-3.12/unittest_seeds/raw/cpython_case_test_argparse...",crash,signal_11:,,"decompyle3:error:# decompyle3 version 3.9.3 # Python bytecode version base 3.12.0 (3531) # Decompiled from: Python 3.12.13 (main, Mar 4 2026, 09:23:07) [GCC 11.4.0] # Embedded file name: data/rq3/cpython-3.12/unittest_seeds/raw/cpython_case_test_argparse...;pylingual:error:──────────────────────────────────────────────────────────────────────────────── ,ggggggggggg, ,gggg, dP""""""88""""""""""""Y8, d8"" ""8I ,dPYb, Yb, 88 `8b 88 ,dP IP'`Yb `"" 88 ,8P 8888888P"" gg I8 8I 88aaaad8P"" 88 """" I8 8' 88""""""""""gg gg 88 gg ,ggg,,g...",decompyle3:not_run:;pylingual:not_run:
cpython-312,data/rq3/cpython-3.12/unique_bug_pyc/cpython-312-4c8e69693fb7.pyc,unconfirmed,original bytecode status ok:,ok,,,"decompyle3:error:# decompyle3 version 3.9.3 # Python bytecode version base 3.12.0 (3531) # Decompiled from: Python 3.12.13 (main, Mar 4 2026, 09:23:07) [GCC 11.4.0] # Embedded file name: data/rq3/cpython-3.12/unittest_seeds/raw/cpython_case_test_listcomp...;pylingual:error:──────────────────────────────────────────────────────────────────────────────── ,ggggggggggg, ,gggg, dP""""""88""""""""""""Y8, d8"" ""8I ,dPYb, Yb, 88 `8b 88 ,dP IP'`Yb `"" 88 ,8P 8888888P"" gg I8 8I 88aaaad8P"" 88 """" I8 8' 88""""""""""gg gg 88 gg ,ggg,,g...",decompyle3:not_run:;pylingual:not_run:
cpython-312,data/rq3/cpython-3.12/unique_bug_pyc/cpython-312-4e261a8cfcb0.pyc,no_source,"# decompyle3 version 3.9.3 # Python bytecode version base 3.12 (3530) # Decompiled from: Python 3.12.13 (main, Mar 4 2026, 09:23:07) [GCC 11.4.0] # Embedded file name: data/rq3/cpython-3.12/unittest_seeds/raw/cpython_case_test_lzma_FileT...",crash,signal_11:,,"decompyle3:error:# decompyle3 version 3.9.3 # Python bytecode version base 3.12 (3530) # Decompiled from: Python 3.12.13 (main, Mar 4 2026, 09:23:07) [GCC 11.4.0] # Embedded file name: data/rq3/cpython-3.12/unittest_seeds/raw/cpython_case_test_lzma_FileT...;pylingual:error:──────────────────────────────────────────────────────────────────────────────── ,ggggggggggg, ,gggg, dP""""""88""""""""""""Y8, d8"" ""8I ,dPYb, Yb, 88 `8b 88 ,dP IP'`Yb `"" 88 ,8P 8888888P"" gg I8 8I 88aaaad8P"" 88 """" I8 8' 88""""""""""gg gg 88 gg ,ggg,,g...",decompyle3:not_run:;pylingual:not_run:
cpython-312,data/rq3/cpython-3.12/unique_bug_pyc/cpython-312-50c3429f26b7.pyc,unconfirmed,original bytecode status ok:,ok,,,"decompyle3:error:# decompyle3 version 3.9.3 # Python bytecode version base 3.12.0 (3531) # Decompiled from: Python 3.12.13 (main, Mar 4 2026, 09:23:07) [GCC 11.4.0] # Embedded file name: data/rq3/cpython-3.12/unittest_seeds/raw/cpython_case_test_interpre...;pylingual:error:──────────────────────────────────────────────────────────────────────────────── ,ggggggggggg, ,gggg, dP""""""88""""""""""""Y8, d8"" ""8I ,dPYb, Yb, 88 `8b 88 ,dP IP'`Yb `"" 88 ,8P 8888888P"" gg I8 8I 88aaaad8P"" 88 """" I8 8' 88""""""""""gg gg 88 gg ,ggg,,g...",decompyle3:not_run:;pylingual:not_run:
cpython-312,data/rq3/cpython-3.12/unique_bug_pyc/cpython-312-532595dfc465.pyc,no_source,"# decompyle3 version 3.9.3 # Python bytecode version base 3.12.0 (3531) # Decompiled from: Python 3.12.13 (main, Mar 4 2026, 09:23:07) [GCC 11.4.0] # Embedded file name: data/rq3/cpython-3.12/unittest_seeds/raw/cpython_case_test_nntplib_...",crash,signal_11:,,"decompyle3:error:# decompyle3 version 3.9.3 # Python bytecode version base 3.12.0 (3531) # Decompiled from: Python 3.12.13 (main, Mar 4 2026, 09:23:07) [GCC 11.4.0] # Embedded file name: data/rq3/cpython-3.12/unittest_seeds/raw/cpython_case_test_nntplib_...;pylingual:error:──────────────────────────────────────────────────────────────────────────────── ,ggggggggggg, ,gggg, dP""""""88""""""""""""Y8, d8"" ""8I ,dPYb, Yb, 88 `8b 88 ,dP IP'`Yb `"" 88 ,8P 8888888P"" gg I8 8I 88aaaad8P"" 88 """" I8 8' 88""""""""""gg gg 88 gg ,ggg,,g...",decompyle3:not_run:;pylingual:not_run:
cpython-312,data/rq3/cpython-3.12/unique_bug_pyc/cpython-312-53bfb6467e1e.pyc,unconfirmed,original bytecode status ok:,ok,,,"decompyle3:error:# decompyle3 version 3.9.3 # Python bytecode version base 3.12.0 (3531) # Decompiled from: Python 3.12.13 (main, Mar 4 2026, 09:23:07) [GCC 11.4.0] # Embedded file name: data/rq3/cpython-3.12/unittest_seeds/raw/cpython_case_test_exceptio...;pylingual:error:──────────────────────────────────────────────────────────────────────────────── ,ggggggggggg, ,gggg, dP""""""88""""""""""""Y8, d8"" ""8I ,dPYb, Yb, 88 `8b 88 ,dP IP'`Yb `"" 88 ,8P 8888888P"" gg I8 8I 88aaaad8P"" 88 """" I8 8' 88""""""""""gg gg 88 gg ,ggg,,g...",decompyle3:not_run:;pylingual:not_run:
cpython-312,data/rq3/cpython-3.12/unique_bug_pyc/cpython-312-54e8f45d1fbc.pyc,unconfirmed,original bytecode status ok:,ok,,,"decompyle3:error:# decompyle3 version 3.9.3 # Python bytecode version base 3.12.0 (3531) # Decompiled from: Python 3.12.13 (main, Mar 4 2026, 09:23:07) [GCC 11.4.0] # Embedded file name: data/rq3/cpython-3.12/uni_deprecated/raw/cpython_case_test_slice_Sl...;pylingual:error:──────────────────────────────────────────────────────────────────────────────── ,ggggggggggg, ,gggg, dP""""""88""""""""""""Y8, d8"" ""8I ,dPYb, Yb, 88 `8b 88 ,dP IP'`Yb `"" 88 ,8P 8888888P"" gg I8 8I 88aaaad8P"" 88 """" I8 8' 88""""""""""gg gg 88 gg ,ggg,,g...",decompyle3:not_run:;pylingual:not_run:
cpython-312,data/rq3/cpython-3.12/unique_bug_pyc/cpython-312-57e84b72505f.pyc,no_source,"# decompyle3 version 3.9.3 # Python bytecode version base 3.12.0 (3531) # Decompiled from: Python 3.12.13 (main, Mar 4 2026, 09:23:07) [GCC 11.4.0] # Embedded file name: data/rq3/cpython-3.12/unittest_seeds/raw/cpython_case_test_ssl_Cont...",crash,signal_11:,,"decompyle3:error:# decompyle3 version 3.9.3 # Python bytecode version base 3.12.0 (3531) # Decompiled from: Python 3.12.13 (main, Mar 4 2026, 09:23:07) [GCC 11.4.0] # Embedded file name: data/rq3/cpython-3.12/unittest_seeds/raw/cpython_case_test_ssl_Cont...;pylingual:error:──────────────────────────────────────────────────────────────────────────────── ,ggggggggggg, ,gggg, dP""""""88""""""""""""Y8, d8"" ""8I ,dPYb, Yb, 88 `8b 88 ,dP IP'`Yb `"" 88 ,8P 8888888P"" gg I8 8I 88aaaad8P"" 88 """" I8 8' 88""""""""""gg gg 88 gg ,ggg,,g...",decompyle3:not_run:;pylingual:not_run:
cpython-312,data/rq3/cpython-3.12/unique_bug_pyc/cpython-312-58e8048ac5da.pyc,no_source,/home/awen/git/PybcSEC/PycLens/data/rq2/envs/cpython-312/lib/python3.12/site-packages/click/core.py:1307: UserWarning: The parameter --version is used more than once. Remove its duplicate as parameters should be unique. parser = self.mak...,crash,signal_11:,,"decompyle3:exit_-11:/home/awen/git/PybcSEC/PycLens/data/rq2/envs/cpython-312/lib/python3.12/site-packages/click/core.py:1307: UserWarning: The parameter --version is used more than once. Remove its duplicate as parameters should be unique. parser = self.mak...;pylingual:exit_-11:──────────────────────────────────────────────────────────────────────────────── ,ggggggggggg, ,gggg, dP""""""88""""""""""""Y8, d8"" ""8I ,dPYb, Yb, 88 `8b 88 ,dP IP'`Yb `"" 88 ,8P 8888888P"" gg I8 8I 88aaaad8P"" 88 """" I8 8' 88""""""""""gg gg 88 gg ,ggg,,g...",decompyle3:not_run:;pylingual:not_run:
cpython-312,data/rq3/cpython-3.12/unique_bug_pyc/cpython-312-59a3b8282769.pyc,unconfirmed,original bytecode status ok:,ok,,,"decompyle3:error:# decompyle3 version 3.9.3 # Python bytecode version base 3.12.0 (3531) # Decompiled from: Python 3.12.13 (main, Mar 4 2026, 09:23:07) [GCC 11.4.0] # Embedded file name: data/rq3/cpython-3.12/unittest_seeds/raw/cpython_case_test_math_IsC...;pylingual:error:──────────────────────────────────────────────────────────────────────────────── ,ggggggggggg, ,gggg, dP""""""88""""""""""""Y8, d8"" ""8I ,dPYb, Yb, 88 `8b 88 ,dP IP'`Yb `"" 88 ,8P 8888888P"" gg I8 8I 88aaaad8P"" 88 """" I8 8' 88""""""""""gg gg 88 gg ,ggg,,g...",decompyle3:not_run:;pylingual:not_run:
cpython-312,data/rq3/cpython-3.12/unique_bug_pyc/cpython-312-5a1e8ed476ad.pyc,no_source,"# decompyle3 version 3.9.3 # Python bytecode version base 3.12.0 (3531) # Decompiled from: Python 3.12.13 (main, Mar 4 2026, 09:23:07) [GCC 11.4.0] # Embedded file name: data/rq3/cpython-3.12/unittest_seeds/raw/cpython_case_test_enum_Old...",crash,signal_11:,,"decompyle3:error:# decompyle3 version 3.9.3 # Python bytecode version base 3.12.0 (3531) # Decompiled from: Python 3.12.13 (main, Mar 4 2026, 09:23:07) [GCC 11.4.0] # Embedded file name: data/rq3/cpython-3.12/unittest_seeds/raw/cpython_case_test_enum_Old...;pylingual:error:──────────────────────────────────────────────────────────────────────────────── ,ggggggggggg, ,gggg, dP""""""88""""""""""""Y8, d8"" ""8I ,dPYb, Yb, 88 `8b 88 ,dP IP'`Yb `"" 88 ,8P 8888888P"" gg I8 8I 88aaaad8P"" 88 """" I8 8' 88""""""""""gg gg 88 gg ,ggg,,g...",decompyle3:not_run:;pylingual:not_run:
cpython-312,data/rq3/cpython-3.12/unique_bug_pyc/cpython-312-5e93a0ca1297.pyc,no_source,"# decompyle3 version 3.9.3 # Python bytecode version base 3.12.0 (3531) # Decompiled from: Python 3.12.13 (main, Mar 4 2026, 09:23:07) [GCC 11.4.0] # Embedded file name: data/rq3/cpython-3.12/unittest_seeds/raw/cpython_case_test_ssl_Test...",crash,signal_11:,,"decompyle3:error:# decompyle3 version 3.9.3 # Python bytecode version base 3.12.0 (3531) # Decompiled from: Python 3.12.13 (main, Mar 4 2026, 09:23:07) [GCC 11.4.0] # Embedded file name: data/rq3/cpython-3.12/unittest_seeds/raw/cpython_case_test_ssl_Test...;pylingual:error:──────────────────────────────────────────────────────────────────────────────── ,ggggggggggg, ,gggg, dP""""""88""""""""""""Y8, d8"" ""8I ,dPYb, Yb, 88 `8b 88 ,dP IP'`Yb `"" 88 ,8P 8888888P"" gg I8 8I 88aaaad8P"" 88 """" I8 8' 88""""""""""gg gg 88 gg ,ggg,,g...",decompyle3:not_run:;pylingual:not_run:
cpython-312,data/rq3/cpython-3.12/unique_bug_pyc/cpython-312-606f8a68378a.pyc,no_source,/home/awen/git/PybcSEC/PycLens/data/rq2/envs/cpython-312/lib/python3.12/site-packages/click/core.py:1307: UserWarning: The parameter --version is used more than once. Remove its duplicate as parameters should be unique. parser = self.mak...,crash,signal_11:,,"decompyle3:exit_2:/home/awen/git/PybcSEC/PycLens/data/rq2/envs/cpython-312/lib/python3.12/site-packages/click/core.py:1307: UserWarning: The parameter --version is used more than once. Remove its duplicate as parameters should be unique. parser = self.mak...;pylingual:error:──────────────────────────────────────────────────────────────────────────────── ,ggggggggggg, ,gggg, dP""""""88""""""""""""Y8, d8"" ""8I ,dPYb, Yb, 88 `8b 88 ,dP IP'`Yb `"" 88 ,8P 8888888P"" gg I8 8I 88aaaad8P"" 88 """" I8 8' 88""""""""""gg gg 88 gg ,ggg,,g...",decompyle3:not_run:;pylingual:not_run:
cpython-312,data/rq3/cpython-3.12/unique_bug_pyc/cpython-312-62d47c49b8b7.pyc,unconfirmed,original bytecode status ok:,ok,,,"decompyle3:error:# decompyle3 version 3.9.3 # Python bytecode version base 3.12.0 (3531) # Decompiled from: Python 3.12.13 (main, Mar 4 2026, 09:23:07) [GCC 11.4.0] # Embedded file name: data/rq3/cpython-3.12/unittest_seeds/raw/cpython_case_test_range_Ra...;pylingual:error:──────────────────────────────────────────────────────────────────────────────── ,ggggggggggg, ,gggg, dP""""""88""""""""""""Y8, d8"" ""8I ,dPYb, Yb, 88 `8b 88 ,dP IP'`Yb `"" 88 ,8P 8888888P"" gg I8 8I 88aaaad8P"" 88 """" I8 8' 88""""""""""gg gg 88 gg ,ggg,,g...",decompyle3:not_run:;pylingual:not_run:
cpython-312,data/rq3/cpython-3.12/unique_bug_pyc/cpython-312-65fc5a1aeec3.pyc,no_source,"# decompyle3 version 3.9.3 # Python bytecode version base 3.12.0 (3531) # Decompiled from: Python 3.12.13 (main, Mar 4 2026, 09:23:07) [GCC 11.4.0] # Embedded file name: data/rq3/cpython-3.12/unittest_seeds/raw/cpython_case_test_operator...",crash,signal_11:,,"decompyle3:error:# decompyle3 version 3.9.3 # Python bytecode version base 3.12.0 (3531) # Decompiled from: Python 3.12.13 (main, Mar 4 2026, 09:23:07) [GCC 11.4.0] # Embedded file name: data/rq3/cpython-3.12/unittest_seeds/raw/cpython_case_test_operator...;pylingual:error:──────────────────────────────────────────────────────────────────────────────── ,ggggggggggg, ,gggg, dP""""""88""""""""""""Y8, d8"" ""8I ,dPYb, Yb, 88 `8b 88 ,dP IP'`Yb `"" 88 ,8P 8888888P"" gg I8 8I 88aaaad8P"" 88 """" I8 8' 88""""""""""gg gg 88 gg ,ggg,,g...",decompyle3:not_run:;pylingual:not_run:
cpython-312,data/rq3/cpython-3.12/unique_bug_pyc/cpython-312-662aa1a047ea.pyc,unconfirmed,original bytecode status ok:,ok,,,"decompyle3:error:# decompyle3 version 3.9.3 # Python bytecode version base 3.12.0 (3531) # Decompiled from: Python 3.12.13 (main, Mar 4 2026, 09:23:07) [GCC 11.4.0] # Embedded file name: data/rq3/cpython-3.12/unittest_seeds/raw/cpython_case_test_exceptio...;pylingual:error:──────────────────────────────────────────────────────────────────────────────── ,ggggggggggg, ,gggg, dP""""""88""""""""""""Y8, d8"" ""8I ,dPYb, Yb, 88 `8b 88 ,dP IP'`Yb `"" 88 ,8P 8888888P"" gg I8 8I 88aaaad8P"" 88 """" I8 8' 88""""""""""gg gg 88 gg ,ggg,,g...",decompyle3:not_run:;pylingual:not_run:
cpython-312,data/rq3/cpython-3.12/unique_bug_pyc/cpython-312-672fb9957965.pyc,no_source,"# decompyle3 version 3.9.3 # Python bytecode version base 3.12.0 (3531) # Decompiled from: Python 3.12.13 (main, Mar 4 2026, 09:23:07) [GCC 11.4.0] # Embedded file name: data/rq3/cpython-3.12/unittest_seeds/raw/cpython_case_test_dbm_ndbm...",crash,signal_11:,,"decompyle3:error:# decompyle3 version 3.9.3 # Python bytecode version base 3.12.0 (3531) # Decompiled from: Python 3.12.13 (main, Mar 4 2026, 09:23:07) [GCC 11.4.0] # Embedded file name: data/rq3/cpython-3.12/unittest_seeds/raw/cpython_case_test_dbm_ndbm...;pylingual:error:──────────────────────────────────────────────────────────────────────────────── ,ggggggggggg, ,gggg, dP""""""88""""""""""""Y8, d8"" ""8I ,dPYb, Yb, 88 `8b 88 ,dP IP'`Yb `"" 88 ,8P 8888888P"" gg I8 8I 88aaaad8P"" 88 """" I8 8' 88""""""""""gg gg 88 gg ,ggg,,g...",decompyle3:not_run:;pylingual:not_run:
cpython-312,data/rq3/cpython-3.12/unique_bug_pyc/cpython-312-67b760c3adb2.pyc,unconfirmed,original bytecode status ok:,ok,,,"decompyle3:error:# decompyle3 version 3.9.3 # Python bytecode version base 3.12.0 (3531) # Decompiled from: Python 3.12.13 (main, Mar 4 2026, 09:23:07) [GCC 11.4.0] # Embedded file name: data/rq3/cpython-3.12/unittest_seeds/raw/cpython_care_test_asyncgen...;pylingual:error:──────────────────────────────────────────────────────────────────────────────── ,ggggggggggg, ,gggg, dP""""""88""""""""""""Y8, d8"" ""8I ,dPYb, Yb, 88 `8b 88 ,dP IP'`Yb `"" 88 ,8P 8888888P"" gg I8 8I 88aaaad8P"" 88 """" I8 8' 88""""""""""gg gg 88 gg ,ggg,,g...",decompyle3:not_run:;pylingual:not_run:
cpython-312,data/rq3/cpython-3.12/unique_bug_pyc/cpython-312-68d6e017dbb5.pyc,unconfirmed,original bytecode status ok:,ok,,,"decompyle3:error:# decompyle3 version 3.9.3 # Python bytecode version base 3.12.0 (3531) # Decompiled from: Python 3.12.13 (main, Mar 4 2026, 09:23:07) [GCC 11.4.0] # Embedded file name: data/rq3/cpython-3.12/unittest_seeds/raw/cpython_case_test_gzip_Tes...;pylingual:error:──────────────────────────────────────────────────────────────────────────────── ,ggggggggggg, ,gggg, dP""""""88""""""""""""Y8, d8"" ""8I ,dPYb, Yb, 88 `8b 88 ,dP IP'`Yb `"" 88 ,8P 8888888P"" gg I8 8I 88aaaad8P"" 88 """" I8 8' 88""""""""""gg gg 88 gg ,ggg,,g...",decompyle3:not_run:;pylingual:not_run:
cpython-312,data/rq3/cpython-3.12/unique_bug_pyc/cpython-312-69ad9f738926.pyc,unconfirmed,original bytecode status ok:,ok,,,"decompyle3:error:# decompyle3 version 3.9.3 # Python bytecode version base 3.12.0 (3531) # Decompiled from: Python 3.12.13 (main, Mar 4 2026, 09:23:07) [GCC 11.4.0] # Embedded file name: data/rq3/cpython-3.12/unittest_seeds/raw/cpython_case_test_codeccal...;pylingual:error:──────────────────────────────────────────────────────────────────────────────── ,ggggggggggg, ,gggg, dP""""""88""""""""""""Y8, d8"" ""8I ,dPYb, Yb, 88 `8b 88 ,dP IP'`Yb `"" 88 ,8P 8888888P"" gg I8 8I 88aaaad8P"" 88 """" I8 8' 88""""""""""gg gg 88 gg ,ggg,,g...",decompyle3:not_run:;pylingual:not_run:
cpython-312,data/rq3/cpython-3.12/unique_bug_pyc/cpython-312-6bdb985828c8.pyc,unconfirmed,original bytecode status ok:,ok,,,"decompyle3:error:# decompyle3 version 3.9.3 # Python bytecode version base 3.12.0 (3531) # Decompiled from: Python 3.12.13 (main, Mar 4 2026, 09:23:07) [GCC 11.4.0] # Embedded file name: data/rq3/cpython-3.12/unittest_seeds/raw/cpython_case_test_buffer_T...;pylingual:error:──────────────────────────────────────────────────────────────────────────────── ,ggggggggggg, ,gggg, dP""""""88""""""""""""Y8, d8"" ""8I ,dPYb, Yb, 88 `8b 88 ,dP IP'`Yb `"" 88 ,8P 8888888P"" gg I8 8I 88aaaad8P"" 88 """" I8 8' 88""""""""""gg gg 88 gg ,ggg,,g...",decompyle3:not_run:;pylingual:not_run:
cpython-312,data/rq3/cpython-3.12/unique_bug_pyc/cpython-312-6c0bf0fbec82.pyc,no_source,"# decompyle3 version 3.9.3 # Python bytecode version base 3.12.0 (3531) # Decompiled from: Python 3.12.13 (main, Mar 4 2026, 09:23:07) [GCC 11.4.0] # Embedded file name: data/rq3/cpython-3.12/unittest_seeds/raw/cpython_case_test_posix_Po...",exit_1,"Traceback (most recent call last): File ""/home/awen/git/PybcSEC/PycLens/data/rq4/harness.py"", line 23, in <module> list(dis.Bytecode(code)) File ""/usr/lib/python3.12/dis.py"", line 487, in _get_instructions_bytes argval, argrepr = _get_na...",,"decompyle3:error:# decompyle3 version 3.9.3 # Python bytecode version base 3.12.0 (3531) # Decompiled from: Python 3.12.13 (main, Mar 4 2026, 09:23:07) [GCC 11.4.0] # Embedded file name: data/rq3/cpython-3.12/unittest_seeds/raw/cpython_case_test_posix_Po...;pylingual:error:──────────────────────────────────────────────────────────────────────────────── ,ggggggggggg, ,gggg, dP""""""88""""""""""""Y8, d8"" ""8I ,dPYb, Yb, 88 `8b 88 ,dP IP'`Yb `"" 88 ,8P 8888888P"" gg I8 8I 88aaaad8P"" 88 """" I8 8' 88""""""""""gg gg 88 gg ,ggg,,g...",decompyle3:not_run:;pylingual:not_run:
cpython-312,data/rq3/cpython-3.12/unique_bug_pyc/cpython-312-6cb8614d3a0c.pyc,no_source,"# decompyle3 version 3.9.3 # Python bytecode version base 3.12.0 (3531) # Decompiled from: Python 3.12.13 (main, Mar 4 2026, 09:23:07) [GCC 11.4.0] # Embedded file name: data/rq3/cpython-3.12/unittest_seeds/raw/cpython_case_test_optparse...",crash,signal_11:,,"decompyle3:error:# decompyle3 version 3.9.3 # Python bytecode version base 3.12.0 (3531) # Decompiled from: Python 3.12.13 (main, Mar 4 2026, 09:23:07) [GCC 11.4.0] # Embedded file name: data/rq3/cpython-3.12/unittest_seeds/raw/cpython_case_test_optparse...;pylingual:error:──────────────────────────────────────────────────────────────────────────────── ,ggggggggggg, ,gggg, dP""""""88""""""""""""Y8, d8"" ""8I ,dPYb, Yb, 88 `8b 88 ,dP IP'`Yb `"" 88 ,8P 8888888P"" gg I8 8I 88aaaad8P"" 88 """" I8 8' 88""""""""""gg gg 88 gg ,ggg,,g...",decompyle3:not_run:;pylingual:not_run:
cpython-312,data/rq3/cpython-3.12/unique_bug_pyc/cpython-312-6e3193687da1.pyc,no_source,"# decompyle3 version 3.9.3 # Python bytecode version base 3.12.0 (3531) # Decompiled from: Python 3.12.13 (main, Mar 4 2026, 09:23:07) [GCC 11.4.0] # Embedded file name: data/rq3/cpython-3.12/unittest_seeds/raw/cpython_case_test_codeccal...",crash,signal_6:free(): invalid pointer,,"decompyle3:error:# decompyle3 version 3.9.3 # Python bytecode version base 3.12.0 (3531) # Decompiled from: Python 3.12.13 (main, Mar 4 2026, 09:23:07) [GCC 11.4.0] # Embedded file name: data/rq3/cpython-3.12/unittest_seeds/raw/cpython_case_test_codeccal...;pylingual:exit_-6:realloc(): invalid pointer",decompyle3:not_run:;pylingual:not_run:
cpython-312,data/rq3/cpython-3.12/unique_bug_pyc/cpython-312-706f719e7bfd.pyc,no_source,"# decompyle3 version 3.9.3 # Python bytecode version base 3.12.0 (3531) # Decompiled from: Python 3.12.13 (main, Mar 4 2026, 09:23:07) [GCC 11.4.0] # Embedded file name: data/rq3/cpython-3.12/unittest_seeds/raw/cpython_case_test_tarfile_...",crash,signal_11:,,"decompyle3:error:# decompyle3 version 3.9.3 # Python bytecode version base 3.12.0 (3531) # Decompiled from: Python 3.12.13 (main, Mar 4 2026, 09:23:07) [GCC 11.4.0] # Embedded file name: data/rq3/cpython-3.12/unittest_seeds/raw/cpython_case_test_tarfile_...;pylingual:error:──────────────────────────────────────────────────────────────────────────────── ,ggggggggggg, ,gggg, dP""""""88""""""""""""Y8, d8"" ""8I ,dPYb, Yb, 88 `8b 88 ,dP IP'`Yb `"" 88 ,8P 8888888P"" gg I8 8I 88aaaad8P"" 88 """" I8 8' 88""""""""""gg gg 88 gg ,ggg,,g...",decompyle3:not_run:;pylingual:not_run:
cpython-312,data/rq3/cpython-3.12/unique_bug_pyc/cpython-312-71da7692ac83.pyc,unconfirmed,original bytecode status ok:,ok,,,"decompyle3:error:# decompyle3 version 3.9.3 # Python bytecode version base 3.12.0 (3531) # Decompiled from: Python 3.12.13 (main, Mar 4 2026, 09:23:07) [GCC 11.4.0] # Embedded file name: data/rq3/cpython-3.12/unittest_seeds/raw/cpython_case_test_decorato...;pylingual:error:──────────────────────────────────────────────────────────────────────────────── ,ggggggggggg, ,gggg, dP""""""88""""""""""""Y8, d8"" ""8I ,dPYb, Yb, 88 `8b 88 ,dP IP'`Yb `"" 88 ,8P 8888888P"" gg I8 8I 88aaaad8P"" 88 """" I8 8' 88""""""""""gg gg 88 gg ,ggg,,g...",decompyle3:not_run:;pylingual:not_run:
cpython-312,data/rq3/cpython-3.12/unique_bug_pyc/cpython-312-72fddaef9dfa.pyc,unconfirmed,original bytecode status ok:,ok,,,"decompyle3:error:# decompyle3 version 3.9.3 # Python bytecode version base 3.12.0 (3531) # Decompiled from: Python 3.12.13 (main, Mar 4 2026, 09:23:07) [GCC 11.4.0] # Embedded file name: data/rq3/cpython-3.12/unittest_seeds/raw/cpthon_case_test_exceptio...;pylingual:error:──────────────────────────────────────────────────────────────────────────────── ,ggggggggggg, ,gggg, dP""""""88""""""""""""Y8, d8"" ""8I ,dPYb, Yb, 88 `8b 88 ,dP IP'`Yb `"" 88 ,8P 8888888P"" gg I8 8I 88aaaad8P"" 88 """" I8 8' 88""""""""""gg gg 88 gg ,ggg,,g...",decompyle3:not_run:;pylingual:not_run:
cpython-312,data/rq3/cpython-3.12/unique_bug_pyc/cpython-312-740a00eaaa81.pyc,no_source,"# decompyle3 version 3.9.3 # Python bytecode version base 3.12.0 (3531) # Decompiled from: Python 3.12.13 (main, Mar 4 2026, 09:23:07) [GCC 11.4.0] # Embedded file name: data/rq3/cpython-3.12/unittest_seeds/raw/cpython_case_test_largefil...",crash,signal_11:,,"decompyle3:error:# decompyle3 version 3.9.3 # Python bytecode version base 3.12.0 (3531) # Decompiled from: Python 3.12.13 (main, Mar 4 2026, 09:23:07) [GCC 11.4.0] # Embedded file name: data/rq3/cpython-3.12/unittest_seeds/raw/cpython_case_test_largefil...;pylingual:error:──────────────────────────────────────────────────────────────────────────────── ,ggggggggggg, ,gggg, dP""""""88""""""""""""Y8, d8"" ""8I ,dPYb, Yb, 88 `8b 88 ,dP IP'`Yb `"" 88 ,8P 8888888P"" gg I8 8I 88aaaad8P"" 88 """" I8 8' 88""""""""""gg gg 88 gg ,ggg,,g...",decompyle3:not_run:;pylingual:not_run:
cpython-312,data/rq3/cpython-3.12/unique_bug_pyc/cpython-312-750bc83a1dd6.pyc,unconfirmed,original bytecode status ok:,ok,,,"decompyle3:error:# decompyle3 version 3.9.3 # Python bytecode version base 3.12.0 (3531) # Decompiled from: Python 3.12.13 (main, Mar 4 2026, 09:23:07) [GCC 11.4.0] # Embedded file name: data/rq3/cpython-3.12/unittest_seeds/raw/cpython_case_test_enumerat...;pylingual:error:──────────────────────────────────────────────────────────────────────────────── ,ggggggggggg, ,gggg, dP""""""88""""""""""""Y8, d8"" ""8I ,dPYb, Yb, 88 `8b 88 ,dP IP'`Yb `"" 88 ,8P 8888888P"" gg I8 8I 88aaaad8P"" 88 """" I8 8' 88""""""""""gg gg 88 gg ,ggg,,g...",decompyle3:not_run:;pylingual:not_run:
cpython-312,data/rq3/cpython-3.12/unique_bug_pyc/cpython-312-760fae0b621e.pyc,unconfirmed,original bytecode status ok:,ok,,,"decompyle3:error:# decompyle3 version 3.9.3 # Python bytecode version base 3.12.0 (3531) # Decompiled from: Python 3.12.13 (main, Mar 4 2026, 09:23:07) [GCC 11.4.0] # Embedded file name: data/rq3/cpython-3.12/unittest_seeds/raw/cpython_case_test_generato...;pylingual:error:──────────────────────────────────────────────────────────────────────────────── ,ggggggggggg, ,gggg, dP""""""88""""""""""""Y8, d8"" ""8I ,dPYb, Yb, 88 `8b 88 ,dP IP'`Yb `"" 88 ,8P 8888888P"" gg I8 8I 88aaaad8P"" 88 """" I8 8' 88""""""""""gg gg 88 gg ,ggg,,g...",decompyle3:not_run:;pylingual:not_run:
cpython-312,data/rq3/cpython-3.12/unique_bug_pyc/cpython-312-76410a66183b.pyc,no_source,"# decompyle3 version 3.9.3 # Python bytecode version base 3.12.0 (3531) # Decompiled from: Python 3.12.13 (main, Mar 4 2026, 09:23:07) [GCC 11.4.0] # Embedded file name: data/rq3/cpython-3.12/unittest_seeds/raw/cpython_case_test_os_Posix...",crash,signal_11:,,"decompyle3:error:# decompyle3 version 3.9.3 # Python bytecode version base 3.12.0 (3531) # Decompiled from: Python 3.12.13 (main, Mar 4 2026, 09:23:07) [GCC 11.4.0] # Embedded file name: data/rq3/cpython-3.12/unittest_seeds/raw/cpython_case_test_os_Posix...;pylingual:error:──────────────────────────────────────────────────────────────────────────────── ,ggggggggggg, ,gggg, dP""""""88""""""""""""Y8, d8"" ""8I ,dPYb, Yb, 88 `8b 88 ,dP IP'`Yb `"" 88 ,8P 8888888P"" gg I8 8I 88aaaad8P"" 88 """" I8 8' 88""""""""""gg gg 88 gg ,ggg,,g...",decompyle3:not_run:;pylingual:not_run:
cpython-312,data/rq3/cpython-3.12/unique_bug_pyc/cpython-312-76e840af6d96.pyc,no_source,"# decompyle3 version 3.9.3 # Python bytecode version base 3.12.0 (3531) # Decompiled from: Python 3.12.13 (main, Mar 4 2026, 09:23:07) [GCC 11.4.0] # Embedded file name: data/rq3/cpython-3.12/unittest_seeds/raw/cpython_case_test_posix__P...",crash,signal_11:,,"decompyle3:error:# decompyle3 version 3.9.3 # Python bytecode version base 3.12.0 (3531) # Decompiled from: Python 3.12.13 (main, Mar 4 2026, 09:23:07) [GCC 11.4.0] # Embedded file name: data/rq3/cpython-3.12/unittest_seeds/raw/cpython_case_test_posix__P...;pylingual:error:──────────────────────────────────────────────────────────────────────────────── ,ggggggggggg, ,gggg, dP""""""88""""""""""""Y8, d8"" ""8I ,dPYb, Yb, 88 `8b 88 ,dP IP'`Yb `"" 88 ,8P 8888888P"" gg I8 8I 88aaaad8P"" 88 """" I8 8' 88""""""""""gg gg 88 gg ,ggg,,g...",decompyle3:not_run:;pylingual:not_run:
cpython-312,data/rq3/cpython-3.12/unique_bug_pyc/cpython-312-78ba938cd616.pyc,unconfirmed,original bytecode status ok:,ok,,,"decompyle3:error:# decompyle3 version 3.9.3 # Python bytecode version base 3.12.0 (3531) # Decompiled from: Python 3.12.13 (main, Mar 4 2026, 09:23:07) [GCC 11.4.0] # Embedded file name: data/rq3/cpython-3.12/unittest_seeds/raw/cpython_case_test_compile_...;pylingual:error:──────────────────────────────────────────────────────────────────────────────── ,ggggggggggg, ,gggg, dP""""""88""""""""""""Y8, d8"" ""8I ,dPYb, Yb, 88 `8b 88 ,dP IP'`Yb `"" 88 ,8P 8888888P"" gg I8 8I 88aaaad8P"" 88 """" I8 8' 88""""""""""gg gg 88 gg ,ggg,,g...",decompyle3:not_run:;pylingual:not_run:
cpython-312,data/rq3/cpython-3.12/unique_bug_pyc/cpython-312-78ceb2a785cc.pyc,unconfirmed,original bytecode status ok:,ok,,,"decompyle3:error:# decompyle3 version 3.9.3 # Python bytecode version base 3.12.0 (3531) # Decompiled from: Python 3.12.13 (main, Mar 4 2026, 09:23:07) [GCC 11.4.0] # Embedded file name: data/r\\0/cpython-3.12/unittest_seeds/raw/cpython_case_test_scope_Sc...;pylingual:error:──────────────────────────────────────────────────────────────────────────────── ,ggggggggggg, ,gggg, dP""""""88""""""""""""Y8, d8"" ""8I ,dPYb, Yb, 88 `8b 88 ,dP IP'`Yb `"" 88 ,8P 8888888P"" gg I8 8I 88aaaad8P"" 88 """" I8 8' 88""""""""""gg gg 88 gg ,ggg,,g...",decompyle3:not_run:;pylingual:not_run:
cpython-312,data/rq3/cpython-3.12/unique_bug_pyc/cpython-312-81a633db3a65.pyc,unconfirmed,original bytecode status ok:,ok,,,"decompyle3:error:# decompyle3 version 3.9.3 # Python bytecode version base 3.12.0 (3531) # Decompiled from: Python 3.12.13 (main, Mar 4 2026, 09:23:07) [GCC 11.4.0] # Embedded file name: data/rq3/cpython-3.12/unittest_seeds/raw/cpython_case_test_asyncgen...;pylingual:error:──────────────────────────────────────────────────────────────────────────────── ,ggggggggggg, ,gggg, dP""""""88""""""""""""Y8, d8"" ""8I ,dPYb, Yb, 88 `8b 88 ,dP IP'`Yb `"" 88 ,8P 8888888P"" gg I8 8I 88aaaad8P"" 88 """" I8 8' 88""""""""""gg gg 88 gg ,ggg,,g...",decompyle3:not_run:;pylingual:not_run:
cpython-312,data/rq3/cpython-3.12/unique_bug_pyc/cpython-312-81e5518d0380.pyc,unconfirmed,original bytecode status ok:,ok,,,"decompyle3:error:# decompyle3 version 3.9.3 # Python bytecode version base 3.12.0 (3531) # Decompiled from: Python 3.12.13 (main, Mar 4 2026, 09:23:07) [GCC 11.4.0] # Embedded file name: data/rq3/cpython-3.12/unittest_seeds/raw/cpython_case_test_subclass...;pylingual:error:──────────────────────────────────────────────────────────────────────────────── ,ggggggggggg, ,gggg, dP""""""88""""""""""""Y8, d8"" ""8I ,dPYb, Yb, 88 `8b 88 ,dP IP'`Yb `"" 88 ,8P 8888888P"" gg I8 8I 88aaaad8P"" 88 """" I8 8' 88""""""""""gg gg 88 gg ,ggg,,g...",decompyle3:not_run:;pylingual:not_run:
cpython-312,data/rq3/cpython-3.12/unique_bug_pyc/cpython-312-83cf07cbffcf.pyc,no_source,"# decompyle3 version 3.9.3 # Python bytecode version base 3.12.0 (3531) # Decompiled from: Python 3.12.13 (main, Mar 4 2026, 09:23:07) [GCC 11.4.0] # Embedded file name: data/rq3/cpython-3.12/unittest_seeds/raw/cpython_case_test_tarfile_...",crash,signal_11:,,"decompyle3:error:# decompyle3 version 3.9.3 # Python bytecode version base 3.12.0 (3531) # Decompiled from: Python 3.12.13 (main, Mar 4 2026, 09:23:07) [GCC 11.4.0] # Embedded file name: data/rq3/cpython-3.12/unittest_seeds/raw/cpython_case_test_tarfile_...;pylingual:error:──────────────────────────────────────────────────────────────────────────────── ,ggggggggggg, ,gggg, dP""""""88""""""""""""Y8, d8"" ""8I ,dPYb, Yb, 88 `8b 88 ,dP IP'`Yb `"" 88 ,8P 8888888P"" gg I8 8I 88aaaad8P"" 88 """" I8 8' 88""""""""""gg gg 88 gg ,ggg,,g...",decompyle3:not_run:;pylingual:not_run:
cpython-312,data/rq3/cpython-3.12/unique_bug_pyc/cpython-312-852060119b25.pyc,no_source,"# decompyle3 version 3.9.3 # Python bytecode version base 3.12.0 (3531) # Decompiled from: Python 3.12.13 (main, Mar 4 2026, 09:23:07) [GCC 11.4.0] # Embedded file name: data/rq3/cpython-3.12/unittesp_seeds/raw/cpython_case_test_exceptio...",crash,signal_11:,,"decompyle3:error:# decompyle3 version 3.9.3 # Python bytecode version base 3.12.0 (3531) # Decompiled from: Python 3.12.13 (main, Mar 4 2026, 09:23:07) [GCC 11.4.0] # Embedded file name: data/rq3/cpython-3.12/unittesp_seeds/raw/cpython_case_test_exceptio...;pylingual:error:──────────────────────────────────────────────────────────────────────────────── ,ggggggggggg, ,gggg, dP""""""88""""""""""""Y8, d8"" ""8I ,dPYb, Yb, 88 `8b 88 ,dP IP'`Yb `"" 88 ,8P 8888888P"" gg I8 8I 88aaaad8P"" 88 """" I8 8' 88""""""""""gg gg 88 gg ,ggg,,g...",decompyle3:not_run:;pylingual:not_run:
cpython-312,data/rq3/cpython-3.12/unique_bug_pyc/cpython-312-86021da89b2d.pyc,unconfirmed,original bytecode status ok:,ok,,,"decompyle3:error:# decompyle3 version 3.9.3 # Python bytecode version base 3.12.0 (3531) # Decompiled from: Python 3.12.13 (main, Mar 4 2026, 09:23:07) [GCC 11.4.0] # Embedded file name: data/rq3/cpython-3.12/unittest_seeds/raw/cpython_case_test_buffer_T...;pylingual:error:──────────────────────────────────────────────────────────────────────────────── ,ggggggggggg, ,gggg, dP""""""88""""""""""""Y8, d8"" ""8I ,dPYb, Yb, 88 `8b 88 ,dP IP'`Yb `"" 88 ,8P 8888888P"" gg I8 8I 88aaaad8P"" 88 """" I8 8' 88""""""""""gg gg 88 gg ,ggg,,g...",decompyle3:not_run:;pylingual:not_run:
cpython-312,data/rq3/cpython-3.12/unique_bug_pyc/cpython-312-86aa5574752e.pyc,unconfirmed,original bytecode status ok:,ok,,,"decompyle3:error:# decompyle3 version 3.9.3 # Python bytecode version base 3.12.0 (3531) # Decompiled from: Python 3.12.13 (main, Mar 4 2026, 09:23:07) [GCC 11.4.0] # Embedded file name: data/rq3/cpython-3.12/unittest_seeds/raw/cpython_case_test_xml_etre...;pylingual:error:──────────────────────────────────────────────────────────────────────────────── ,ggggggggggg, ,gggg, dP""""""88""""""""""""Y8, d8"" ""8I ,dPYb, Yb, 88 `8b 88 ,dP IP'`Yb `"" 88 ,8P 8888888P"" gg I8 8I 88aaaad8P"" 88 """" I8 8' 88""""""""""gg gg 88 gg ,ggg,,g...",decompyle3:not_run:;pylingual:not_run:
cpython-312,data/rq3/cpython-3.12/unique_bug_pyc/cpython-312-88d17e345d21.pyc,unconfirmed,original bytecode status ok:,ok,,,"decompyle3:error:# decompyle3 version 3.9.3 # Python bytecode version base 3.12.0 (3531) # Decompiled from: Python 3.12.13 (main, Mar 4 2026, 09:23:07) [GCC 11.4.0] # Embedded file name: data/rq3/cpython-3.12/unittest_seeds/raw/cpython_case_test_winconso...;pylingual:error:──────────────────────────────────────────────────────────────────────────────── ,ggggggggggg, ,gggg, dP""""""88""""""""""""Y8, d8"" ""8I ,dPYb, Yb, 88 `8b 88 ,dP IP'`Yb `"" 88 ,8P 8888888P"" gg I8 8I 88aaaad8P"" 88 """" I8 8' 88""""""""""gg gg 88 gg ,ggg,,g...",decompyle3:not_run:;pylingual:not_run:
cpython-312,data/rq3/cpython-3.12/unique_bug_pyc/cpython-312-8a5e6a12abd7.pyc,unconfirmed,original bytecode status ok:,ok,,,"decompyle3:error:# decompyle3 version 3.9.3 # Python bytecode version base 3.12.0 (3531) # Decompiled from: Python 3.12.13 (main, Mar 4 2026, 09:23:07) [GCC 11.4.0] # Embedded file name: data/rq3/cpython-3.12/unittest_seeds/raw/cpython_case_test_lzma_Fil...;pylingual:error:──────────────────────────────────────────────────────────────────────────────── ,ggggggggggg, ,gggg, dP""""""88""""""""""""Y8, d8"" ""8I ,dPYb, Yb, 88 `8b 88 ,dP IP'`Yb `"" 88 ,8P 8888888P"" gg I8 8I 88aaaad8P"" 88 """" I8 8' 88""""""""""gg gg 88 gg ,ggg,,g...",decompyle3:not_run:;pylingual:not_run:
cpython-312,data/rq3/cpython-3.12/unique_bug_pyc/cpython-312-8b76632d306f.pyc,unconfirmed,original bytecode status ok:,ok,,,"decompyle3:error:# decompyle3 version 3.9.3 # Python bytecode version base 3.12.0 (3531) # Decompiled from: Python 3.12.13 (main, Mar 4 2026, 09:23:07) [GCC 11.4.0] # Embedded file name: data/rq3/cpython-3.12/unittest_seeds/qaw/cpython_case_test_re_ReTes...;pylingual:error:──────────────────────────────────────────────────────────────────────────────── ,ggggggggggg, ,gggg, dP""""""88""""""""""""Y8, d8"" ""8I ,dPYb, Yb, 88 `8b 88 ,dP IP'`Yb `"" 88 ,8P 8888888P"" gg I8 8I 88aaaad8P"" 88 """" I8 8' 88""""""""""gg gg 88 gg ,ggg,,g...",decompyle3:not_run:;pylingual:not_run:
cpython-312,data/rq3/cpython-3.12/unique_bug_pyc/cpython-312-8ec8f31001ed.pyc,unconfirmed,original bytecode status ok:,ok,,,"decompyle3:error:# decompyle3 version 3.9.3 # Python bytecode version base 3.12.0 (3531) # Decompiled from: Python 3.12.13 (main, Mar 4 2026, 09:23:07) [GCC 11.4.0] # Embedded file name: data/rq3/cpython-3.12/unittest_seeds/raw/cpython_case_test_pprint_Q...;pylingual:error:──────────────────────────────────────────────────────────────────────────────── ,ggggggggggg, ,gggg, dP""""""88""""""""""""Y8, d8"" ""8I ,dPYb, Yb, 88 `8b 88 ,dP IP'`Yb `"" 88 ,8P 8888888P"" gg I8 8I 88aaaad8P"" 88 """" I8 8' 88""""""""""gg gg 88 gg ,ggg,,g...",decompyle3:not_run:;pylingual:not_run:
cpython-312,data/rq3/cpython-3.12/unique_bug_pyc/cpython-312-901be4fc6696.pyc,no_source,/home/awen/git/PybcSEC/PycLens/data/rq2/envs/cpython-312/lib/python3.12/site-packages/click/core.py:1307: UserWarning: The parameter --version is used more than once. Remove its duplicate as parameters should be unique. parser = self.mak...,crash,signal_11:,,"decompyle3:exit_-11:/home/awen/git/PybcSEC/PycLens/data/rq2/envs/cpython-312/lib/python3.12/site-packages/click/core.py:1307: UserWarning: The parameter --version is used more than once. Remove its duplicate as parameters should be unique. parser = self.mak...;pylingual:exit_-11:──────────────────────────────────────────────────────────────────────────────── ,ggggggggggg, ,gggg, dP""""""88""""""""""""Y8, d8"" ""8I ,dPYb, Yb, 88 `8b 88 ,dP IP'`Yb `"" 88 ,8P 8888888P"" gg I8 8I 88aaaad8P"" 88 """" I8 8' 88""""""""""gg gg 88 gg ,ggg,,g...",decompyle3:not_run:;pylingual:not_run:
cpython-312,data/rq3/cpython-3.12/unique_bug_pyc/cpython-312-9151c0213448.pyc,unconfirmed,original bytecode status ok:,ok,,,"decompyle3:error:# decompyle3 version 3.9.3 # Python bytecode version base 3.12.0 (3531) # Decompiled from: Python 3.12.13 (main, Mar 4 2026, 09:23:07) [GCC 11.4.0] # Embedded file name: data/rq3/cpython-3.12/unittest_seeds/raw/cpython_case_test_raise_Te...;pylingual:error:──────────────────────────────────────────────────────────────────────────────── ,ggggggggggg, ,gggg, dP""""""88""""""""""""Y8, d8"" ""8I ,dPYb, Yb, 88 `8b 88 ,dP IP'`Yb `"" 88 ,8P 8888888P"" gg I8 8I 88aaaad8P"" 88 """" I8 8' 88""""""""""gg gg 88 gg ,ggg,,g...",decompyle3:not_run:;pylingual:not_run:
cpython-312,data/rq3/cpython-3.12/unique_bug_pyc/cpython-312-91a4bdbf0450.pyc,no_source,"# decompyle3 version 3.9.3 # Python bytecode version base 3.12.0 (3531) # Decompiled from: Python 3.12.13 (main, Mar 4 2026, 09:23:07) [GCC 11.4.0] # Embedded file name: data/rq3/cpython-3.12/unittest_seeds/raw/cpython_case_test_csv_Test...",crash,signal_11:,,"decompyle3:error:# decompyle3 version 3.9.3 # Python bytecode version base 3.12.0 (3531) # Decompiled from: Python 3.12.13 (main, Mar 4 2026, 09:23:07) [GCC 11.4.0] # Embedded file name: data/rq3/cpython-3.12/unittest_seeds/raw/cpython_case_test_csv_Test...;pylingual:error:──────────────────────────────────────────────────────────────────────────────── ,ggggggggggg, ,gggg, dP""""""88""""""""""""Y8, d8"" ""8I ,dPYb, Yb, 88 `8b 88 ,dP IP'`Yb `"" 88 ,8P 8888888P"" gg I8 8I 88aaaad8P"" 88 """" I8 8' 88""""""""""gg gg 88 gg ,ggg,,g...",decompyle3:not_run:;pylingual:not_run:
cpython-312,data/rq3/cpython-3.12/unique_bug_pyc/cpython-312-91c5c12469ce.pyc,unconfirmed,original bytecode status ok:,ok,,,"decompyle3:error:# decompyle3 version 3.9.3 # Python bytecode version base 3.12.0 (3531) # Decompiled from: Python 3.12.13 (main, Mar 4 2026, 09:23:07) [GCC 11.4.0] # Embedded file name: data/rq3/cpython-3.12/unittest_seeds/raw/cpython_case_test_yield_fr...;pylingual:error:──────────────────────────────────────────────────────────────────────────────── ,ggggggggggg, ,gggg, dP""""""88""""""""""""Y8, d8"" ""8I ,dPYb, Yb, 88 `8b 88 ,dP IP'`Yb `"" 88 ,8P 8888888P"" gg I8 8I 88aaaad8P"" 88 """" I8 8' 88""""""""""gg gg 88 gg ,ggg,,g...",decompyle3:not_run:;pylingual:not_run:
cpython-312,data/rq3/cpython-3.12/unique_bug_pyc/cpython-312-9450f64c0a7a.pyc,no_source,"# decompyle3 version 3.9.3 # Python bytecode version base 3.12.0 (3531) # Decompiled from: Python 3.12.13 (main, Mar 4 2026, 09:23:07) [GCC 11.4.0] # Embedded file name: data/rq3/cpython-3.12/unittest_seeds/raw/cpython_case_test_asyncgen...",crash,signal_11:,,"decompyle3:error:# decompyle3 version 3.9.3 # Python bytecode version base 3.12.0 (3531) # Decompiled from: Python 3.12.13 (main, Mar 4 2026, 09:23:07) [GCC 11.4.0] # Embedded file name: data/rq3/cpython-3.12/unittest_seeds/raw/cpython_case_test_asyncgen...;pylingual:error:──────────────────────────────────────────────────────────────────────────────── ,ggggggggggg, ,gggg, dP""""""88""""""""""""Y8, d8"" ""8I ,dPYb, Yb, 88 `8b 88 ,dP IP'`Yb `"" 88 ,8P 8888888P"" gg I8 8I 88aaaad8P"" 88 """" I8 8' 88""""""""""gg gg 88 gg ,ggg,,g...",decompyle3:not_run:;pylingual:not_run:
cpython-312,data/rq3/cpython-3.12/unique_bug_pyc/cpython-312-96d3c466438f.pyc,unconfirmed,original bytecode status ok:,ok,,,"decompyle3:error:# decompyle3 version 3.9.3 # Python bytecode version base 3.12.0 (3531) # Decompiled from: Python 3.12.13 (main, Mar 4 2026, 09:23:07) [GCC 11.4.0] # Embedded file name: data/rq3/cpython-3.12/unittest_seeds/raw/cpython_case_test_subclass...;pylingual:error:──────────────────────────────────────────────────────────────────────────────── ,ggggggggggg, ,gggg, dP""""""88""""""""""""Y8, d8"" ""8I ,dPYb, Yb, 88 `8b 88 ,dP IP'`Yb `"" 88 ,8P 8888888P"" gg I8 8I 88aaaad8P"" 88 """" I8 8' 88""""""""""gg gg 88 gg ,ggg,,g...",decompyle3:not_run:;pylingual:not_run:
cpython-312,data/rq3/cpython-3.12/unique_bug_pyc/cpython-312-988e1a952dac.pyc,unconfirmed,original bytecode status ok:,ok,,,"decompyle3:error:# decompyle3 version 3.9.3 # Python bytecode version base 3.12.0 (3531) # Decompiled from: Python 3.12.13 (main, Mar 4 2026, 09:23:07) [GCC 11.4.0] # Embedded file name: data/rq3/cpython-3.12/unittest_seeds/raw/cpython_case_test_dict_Dic...;pylingual:error:──────────────────────────────────────────────────────────────────────────────── ,ggggggggggg, ,gggg, dP""""""88""""""""""""Y8, d8"" ""8I ,dPYb, Yb, 88 `8b 88 ,dP IP'`Yb `"" 88 ,8P 8888888P"" gg I8 8I 88aaaad8P"" 88 """" I8 8' 88""""""""""gg gg 88 gg ,ggg,,g...",decompyle3:not_run:;pylingual:not_run:
cpython-312,data/rq3/cpython-3.12/unique_bug_pyc/cpython-312-99f714d90531.pyc,unconfirmed,original bytecode status ok:,ok,,,"decompyle3:error:# decompyle3 version 3.9.3 # Python bytecode version base 3.12.0 (3531) # Decompiled from: Python 3.12.13 (main, Mar 4 2026, 09:23:07) [GCC 11.4.0] # Embedded file name: data/rq3/cpython-3.12/unittest_seeds/raw/cpython_case_test_decorato...;pylingual:error:──────────────────────────────────────────────────────────────────────────────── ,ggggggggggg, ,gggg, dP""""""88""""""""""""Y8, d8"" ""8I ,dPYb, Yb, 88 `8b 88 ,dP IP'`Yb `"" 88 ,8P 8888888P"" gg I8 8I 88aaaad8P"" 88 """" I8 8' 88""""""""""gg gg 88 gg ,ggg,,g...",decompyle3:not_run:;pylingual:not_run:
cpython-312,data/rq3/cpython-3.12/unique_bug_pyc/cpython-312-9a398870b353.pyc,no_source,"# decompyle3 version 3.9.3 # Python bytecode version base 3.12.0 (3531) # Decompiled from: Python 3.12.13 (main, Mar 4 2026, 09:23:07) [GCC 11.4.0] # Embedded file name: data/rq3/cpython-3.12/unittest_seeds/raw/cpython_case_test_contextl...",crash,signal_11:,,"decompyle3:error:# decompyle3 version 3.9.3 # Python bytecode version base 3.12.0 (3531) # Decompiled from: Python 3.12.13 (main, Mar 4 2026, 09:23:07) [GCC 11.4.0] # Embedded file name: data/rq3/cpython-3.12/unittest_seeds/raw/cpython_case_test_contextl...;pylingual:error:──────────────────────────────────────────────────────────────────────────────── ,ggggggggggg, ,gggg, dP""""""88""""""""""""Y8, d8"" ""8I ,dPYb, Yb, 88 `8b 88 ,dP IP'`Yb `"" 88 ,8P 8888888P"" gg I8 8I 88aaaad8P"" 88 """" I8 8' 88""""""""""gg gg 88 gg ,ggg,,g...",decompyle3:not_run:;pylingual:not_run:
cpython-312,data/rq3/cpython-3.12/unique_bug_pyc/cpython-312-9d19bd9b32f9.pyc,unconfirmed,original bytecode status ok:,ok,,,"decompyle3:error:# decompyle3 version 3.9.3 # Python bytecode version base 3.12.0 (3531) # Decompiled from: Python 3.12.13 (main, Mar 4 2026, 09:23:07) [GCC 11.4.0] # Embedded file name: data/rq3/cpython-3.12/unittest_seeds/raw/cpython_case_test_array_Ba...;pylingual:error:──────────────────────────────────────────────────────────────────────────────── ,ggggggggggg, ,gggg, dP""""""88""""""""""""Y8, d8"" ""8I ,dPYb, Yb, 88 `8b 88 ,dP IP'`Yb `"" 88 ,8P 8888888P"" gg I8 8I 88aaaad8P"" 88 """" I8 8' 88""""""""""gg gg 88 gg ,ggg,,g...",decompyle3:not_run:;pylingual:not_run:
cpython-312,data/rq3/cpython-3.12/unique_bug_pyc/cpython-312-9e522100ff2f.pyc,no_source,"# decompyle3 version 3.9.3 # Python bytecode version base 3.12.0 (3531) # Decompiled from: Python 3.12.13 (main, Mar 4 2026, 09:23:07) [GCC 11.4.0] # Embedded file name: data/rq3/cpython-3.12/unittest_seeds/raw/cpython_case_test_yield_fr...",crash,signal_11:,,"decompyle3:error:# decompyle3 version 3.9.3 # Python bytecode version base 3.12.0 (3531) # Decompiled from: Python 3.12.13 (main, Mar 4 2026, 09:23:07) [GCC 11.4.0] # Embedded file name: data/rq3/cpython-3.12/unittest_seeds/raw/cpython_case_test_yield_fr...;pylingual:error:──────────────────────────────────────────────────────────────────────────────── ,ggggggggggg, ,gggg, dP""""""88""""""""""""Y8, d8"" ""8I ,dPYb, Yb, 88 `8b 88 ,dP IP'`Yb `"" 88 ,8P 8888888P"" gg I8 8I 88aaaad8P"" 88 """" I8 8' 88""""""""""gg gg 88 gg ,ggg,,g...",decompyle3:not_run:;pylingual:not_run:
cpython-312,data/rq3/cpython-3.12/unique_bug_pyc/cpython-312-9e7eadfdb573.pyc,unconfirmed,original bytecode status ok:,ok,,,"decompyle3:error:# decompyle3 version 3.9.3 # Python bytecode version base 3.12.0 (3531) # Decompiled from: Python 3.12.13 (main, Mar 4 2026, 09:23:07) [GCC 11.4.0] # Embedded file name: data/rq3/cpython-3.12/unittest_seeds/raw/cpython_case_test_exceptio...;pylingual:error:──────────────────────────────────────────────────────────────────────────────── ,ggggggggggg, ,gggg, dP""""""88""""""""""""Y8, d8"" ""8I ,dPYb, Yb, 88 `8b 88 ,dP IP'`Yb `"" 88 ,8P 8888888P"" gg I8 8I 88aaaad8P"" 88 """" I8 8' 88""""""""""gg gg 88 gg ,ggg,,g...",decompyle3:not_run:;pylingual:not_run:
cpython-312,data/rq3/cpython-3.12/unique_bug_pyc/cpython-312-a0778f67ae49.pyc,unconfirmed,original bytecode status ok:,ok,,,"decompyle3:error:# decompyle3 version 3.9.3 # Python bytecode version base 3.12.0 (3531) # Decompiled from: Python 3.12.13 (main, Mar 4 2026, 09:23:07) [GCC 11.4.0] # Embedded file name: data/rq3/cpython-3.12/unittest_seeds/raw/cpython_case_test_generato...;pylingual:error:──────────────────────────────────────────────────────────────────────────────── ,ggggggggggg, ,gggg, dP""""""88""""""""""""Y8, d8"" ""8I ,dPYb, Yb, 88 `8b 88 ,dP IP'`Yb `"" 88 ,8P 8888888P"" gg I8 8I 88aaaad8P"" 88 """" I8 8' 88""""""""""gg gg 88 gg ,ggg,,g...",decompyle3:not_run:;pylingual:not_run:
cpython-312,data/rq3/cpython-3.12/unique_bug_pyc/cpython-312-a121b010b70b.pyc,no_source,/home/awen/git/PybcSEC/PycLens/data/rq2/envs/cpython-312/lib/python3.12/site-packages/click/core.py:1307: UserWarning: The parameter --version is used more than once. Remove its duplicate as parameters should be unique. parser = self.mak...,crash,signal_11:,,"decompyle3:exit_-11:/home/awen/git/PybcSEC/PycLens/data/rq2/envs/cpython-312/lib/python3.12/site-packages/click/core.py:1307: UserWarning: The parameter --version is used more than once. Remove its duplicate as parameters should be unique. parser = self.mak...;pylingual:exit_-11:──────────────────────────────────────────────────────────────────────────────── ,ggggggggggg, ,gggg, dP""""""88""""""""""""Y8, d8"" ""8I ,dPYb, Yb, 88 `8b 88 ,dP IP'`Yb `"" 88 ,8P 8888888P"" gg I8 8I 88aaaad8P"" 88 """" I8 8' 88""""""""""gg gg 88 gg ,ggg,,g...",decompyle3:not_run:;pylingual:not_run:
cpython-312,data/rq3/cpython-3.12/unique_bug_pyc/cpython-312-a557d123e56f.pyc,unconfirmed,original bytecode status ok:,ok,,,"decompyle3:error:# decompyle3 version 3.9.3 # Python bytecode version base 3.12.0 (3531) # Decompiled from: Python 3.12.13 (main, Mar 4 2026, 09:23:07) [GCC 11.4.0] # Embedded file name: data/rq3/cpython-3.12/unittest_seeds/raw/cpython_case_test_dis_Test...;pylingual:error:──────────────────────────────────────────────────────────────────────────────── ,ggggggggggg, ,gggg, dP""""""88""""""""""""Y8, d8"" ""8I ,dPYb, Yb, 88 `8b 88 ,dP IP'`Yb `"" 88 ,8P 8888888P"" gg I8 8I 88aaaad8P"" 88 """" I8 8' 88""""""""""gg gg 88 gg ,ggg,,g...",decompyle3:not_run:;pylingual:not_run:
cpython-312,data/rq3/cpython-3.12/unique_bug_pyc/cpython-312-a6325ff7b6d1.pyc,no_source,"# decompyle3 version 3.9.3 # Python bytecode version base 3.12.0 (3531) # Decompiled from: Python 3.12.13 (main, Mar 4 2026, 09:23:07) [GCC 11.4.0] # Embedded file name: data/rq3/cpython-3.12/unittest_seeds/raw/cpython_case_test_winconso...",crash,signal_11:,,"decompyle3:error:# decompyle3 version 3.9.3 # Python bytecode version base 3.12.0 (3531) # Decompiled from: Python 3.12.13 (main, Mar 4 2026, 09:23:07) [GCC 11.4.0] # Embedded file name: data/rq3/cpython-3.12/unittest_seeds/raw/cpython_case_test_winconso...;pylingual:error:──────────────────────────────────────────────────────────────────────────────── ,ggggggggggg, ,gggg, dP""""""88""""""""""""Y8, d8"" ""8I ,dPYb, Yb, 88 `8b 88 ,dP IP'`Yb `"" 88 ,8P 8888888P"" gg I8 8I 88aaaad8P"" 88 """" I8 8' 88""""""""""gg gg 88 gg ,ggg,,g...",decompyle3:not_run:;pylingual:not_run:
cpython-312,data/rq3/cpython-3.12/unique_bug_pyc/cpython-312-a6cb81db07a3.pyc,unconfirmed,original bytecode status ok:,ok,,,"decompyle3:error:# decompyle3 version 3.9.3 # Python bytecode version base 3.12.0 (3531) # Decompiled from: Python 3.12.13 (main, Mar 4 2026, 09:23:07) [GCC 11.4.0] # Embedded file name: data/rq3/cpython-3.12/unittest_seeds/raw/cpython_case_test_range_Ra...;pylingual:error:──────────────────────────────────────────────────────────────────────────────── ,ggggggggggg, ,gggg, dP""""""88""""""""""""Y8, d8"" ""8I ,dPYb, Yb, 88 `8b 88 ,dP IP'`Yb `"" 88 ,8P 8888888P"" gg I8 8I 88aaaad8P"" 88 """" I8 8' 88""""""""""gg gg 88 gg ,ggg,,g...",decompyle3:not_run:;pylingual:not_run:
cpython-312,data/rq3/cpython-3.12/unique_bug_pyc/cpython-312-a7ddbf14d3eb.pyc,unconfirmed,original bytecode status ok:,ok,,,"decompyle3:error:# decompyle3 version 3.9.3 # Python bytecode version base 3.12.0 (3531) # Decompiled from: Python 3.12.13 (main, Mar 4 2026, 09:23:07) [GCC 11.4.0] # Embedded file name: data/rq3/cpython-3.12/unittest_seeds/raw/cpython_case_test_yield_fr...;pylingual:error:──────────────────────────────────────────────────────────────────────────────── ,ggggggggggg, ,gggg, dP""""""88""""""""""""Y8, d8"" ""8I ,dPYb, Yb, 88 `8b 88 ,dP IP'`Yb `"" 88 ,8P 8888888P"" gg I8 8I 88aaaad8P"" 88 """" I8 8' 88""""""""""gg gg 88 gg ,ggg,,g...",decompyle3:not_run:;pylingual:not_run:
cpython-312,data/rq3/cpython-3.12/unique_bug_pyc/cpython-312-a8278b583e56.pyc,no_source,"# decompyle3 version 3.9.3 # Python bytecode version base 3.12.0 (3531) # Decompiled from: Python 3.12.13 (main, Mar 4 2026, 09:23:07) [GCC 11.4.0] # Embedded file name: data/rq3/cpython-3.12/unittest_seeds/raw/cpython_case_test_unicode_...",crash,signal_11:,,"decompyle3:error:# decompyle3 version 3.9.3 # Python bytecode version base 3.12.0 (3531) # Decompiled from: Python 3.12.13 (main, Mar 4 2026, 09:23:07) [GCC 11.4.0] # Embedded file name: data/rq3/cpython-3.12/unittest_seeds/raw/cpython_case_test_unicode_...;pylingual:error:──────────────────────────────────────────────────────────────────────────────── ,ggggggggggg, ,gggg, dP""""""88""""""""""""Y8, d8"" ""8I ,dPYb, Yb, 88 `8b 88 ,dP IP'`Yb `"" 88 ,8P 8888888P"" gg I8 8I 88aaaad8P"" 88 """" I8 8' 88""""""""""gg gg 88 gg ,ggg,,g...",decompyle3:not_run:;pylingual:not_run:
cpython-312,data/rq3/cpython-3.12/unique_bug_pyc/cpython-312-a99c81f97096.pyc,unconfirmed,original bytecode status ok:,ok,,,"decompyle3:error:# decompyle3 version 3.9.3 # Python bytecode version base 3.12.0 (3531) # Decompiled from: Python 3.12.13 (main, Mar 4 2026, 09:23:07) [GCC 11.4.0] # Embedded file name: data/rq3/cpython-3.12/unittest_seeds/raw/cpython_case_test_patma_Te...;pylingual:error:──────────────────────────────────────────────────────────────────────────────── ,ggggggggggg, ,gggg, dP""""""88""""""""""""Y8, d8"" ""8I ,dPYb, Yb, 88 `8b 88 ,dP IP'`Yb `"" 88 ,8P 8888888P"" gg I8 8I 88aaaad8P"" 88 """" I8 8' 88""""""""""gg gg 88 gg ,ggg,,g...",decompyle3:not_run:;pylingual:not_run:
cpython-312,data/rq3/cpython-3.12/unique_bug_pyc/cpython-312-ac02937fb34b.pyc,unconfirmed,original bytecode status ok:,ok,,,"decompyle3:error:# decompyle3 version 3.9.3 # Python bytecode version base 3.12.0 (3531) # Decompiled from: Python 3.12.13 (main, Mar 4 2026, 09:23:07) [GCC 11.4.0] # Embedded file name: data/rq3/cpython-3.12/unittest_seeds/raw/cpython_case_test_source_e...;pylingual:error:──────────────────────────────────────────────────────────────────────────────── ,ggggggggggg, ,gggg, dP""""""88""""""""""""Y8, d8"" ""8I ,dPYb, Yb, 88 `8b 88 ,dP IP'`Yb `"" 88 ,8P 8888888P"" gg I8 8I 88aaaad8P"" 88 """" I8 8' 88""""""""""gg gg 88 gg ,ggg,,g...",decompyle3:not_run:;pylingual:not_run:
cpython-312,data/rq3/cpython-3.12/unique_bug_pyc/cpython-312-adab23e05ec4.pyc,no_source,"# decompyle3 version 3.9.3 # Python bytecode version base 3.12.0 (3531) # Decompiled from: Python 3.12.13 (main, Mar 4 2026, 09:23:07) [GCC 11.4.0] # Embedded file name: data/rq3/cpython-3.12/unittest_seeds/raw/cpython_case_test_enum_Tes...",crash,signal_11:,,"decompyle3:error:# decompyle3 version 3.9.3 # Python bytecode version base 3.12.0 (3531) # Decompiled from: Python 3.12.13 (main, Mar 4 2026, 09:23:07) [GCC 11.4.0] # Embedded file name: data/rq3/cpython-3.12/unittest_seeds/raw/cpython_case_test_enum_Tes...;pylingual:error:──────────────────────────────────────────────────────────────────────────────── ,ggggggggggg, ,gggg, dP""""""88""""""""""""Y8, d8"" ""8I ,dPYb, Yb, 88 `8b 88 ,dP IP'`Yb `"" 88 ,8P 8888888P"" gg I8 8I 88aaaad8P"" 88 """" I8 8' 88""""""""""gg gg 88 gg ,ggg,,g...",decompyle3:not_run:;pylingual:not_run:
cpython-312,data/rq3/cpython-3.12/unique_bug_pyc/cpython-312-ae68b1edd7c9.pyc,unconfirmed,original bytecode status ok:,ok,,,"decompyle3:error:# decompyle3 version 3.9.3 # Python bytecode version base 3.12.0 (3531) # Decompiled from: Python 3.12.13 (main, Mar 4 2026, 09:23:07) [GCC 11.4.0] # Embedded file name: data/rq3/cpython-3.12/unittest_seeds/raw/cpython_case_test_iter_Tes...;pylingual:error:──────────────────────────────────────────────────────────────────────────────── ,ggggggggggg, ,gggg, dP""""""88""""""""""""Y8, d8"" ""8I ,dPYb, Yb, 88 `8b 88 ,dP IP'`Yb `"" 88 ,8P 8888888P"" gg I8 8I 88aaaad8P"" 88 """" I8 8' 88""""""""""gg gg 88 gg ,ggg,,g...",decompyle3:not_run:;pylingual:not_run:
cpython-312,data/rq3/cpython-3.12/unique_bug_pyc/cpython-312-af1ef5c3b365.pyc,unconfirmed,original bytecode status ok:,ok,,,"decompyle3:error:# decompyle3 version 3.9.3 # Python bytecode version base 3.12.0 (3531) # Decompiled from: Python 3.12.13 (main, Mar 4 2026, 09:23:07) [GCC 11.4.0] # Embedded file name: data/rq3/cpython-3.12javascript:eeds/raw/cpython_case_test_math_IsC...;pylingual:error:──────────────────────────────────────────────────────────────────────────────── ,ggggggggggg, ,gggg, dP""""""88""""""""""""Y8, d8"" ""8I ,dPYb, Yb, 88 `8b 88 ,dP IP'`Yb `"" 88 ,8P 8888888P"" gg I8 8I 88aaaad8P"" 88 """" I8 8' 88""""""""""gg gg 88 gg ,ggg,,g...",decompyle3:not_run:;pylingual:not_run:
cpython-312,data/rq3/cpython-3.12/unique_bug_pyc/cpython-312-b129617679cf.pyc,unconfirmed,original bytecode status ok:,ok,,,"decompyle3:error:# decompyle3 version 3.9.3 # Python bytecode version base 3.12.0 (3531) # Decompiled from: Python 3.12.13 (main, Mar 4 2026, 09:23:07) [GCC 11.4.0] # Embedded file name: data/rq3/cpython-3.12/unittest_seeds/raw/cpython_case_test_urllib_P...;pylingual:error:──────────────────────────────────────────────────────────────────────────────── ,ggggggggggg, ,gggg, dP""""""88""""""""""""Y8, d8"" ""8I ,dPYb, Yb, 88 `8b 88 ,dP IP'`Yb `"" 88 ,8P 8888888P"" gg I8 8I 88aaaad8P"" 88 """" I8 8' 88""""""""""gg gg 88 gg ,ggg,,g...",decompyle3:not_run:;pylingual:not_run:
cpython-312,data/rq3/cpython-3.12/unique_bug_pyc/cpython-312-b4414b8cb845.pyc,no_source,"# decompyle3 version 3.9.3 # Python bytecode version base 3.12.0 (3531) # Decompiled from: Python 3.12.13 (main, Mar 4 2026, 09:23:07) [GCC 11.4.0] # Embedded file name: data/rq3/cpython-3.12/unittest_seeds/raw/cpython_case_test_socket_G...",crash,signal_11:,,"decompyle3:error:# decompyle3 version 3.9.3 # Python bytecode version base 3.12.0 (3531) # Decompiled from: Python 3.12.13 (main, Mar 4 2026, 09:23:07) [GCC 11.4.0] # Embedded file name: data/rq3/cpython-3.12/unittest_seeds/raw/cpython_case_test_socket_G...;pylingual:error:──────────────────────────────────────────────────────────────────────────────── ,ggggggggggg, ,gggg, dP""""""88""""""""""""Y8, d8"" ""8I ,dPYb, Yb, 88 `8b 88 ,dP IP'`Yb `"" 88 ,8P 8888888P"" gg I8 8I 88aaaad8P"" 88 """" I8 8' 88""""""""""gg gg 88 gg ,ggg,,g...",decompyle3:not_run:;pylingual:not_run:
cpython-312,data/rq3/cpython-3.12/unique_bug_pyc/cpython-312-b492ea6b4852.pyc,unconfirmed,original bytecode status ok:,ok,,,"decompyle3:error:# decompyle3 version 3.9.3 # Python bytecode version base 3.12.0 (3531) # Decompiled from: Python 3.12.13 (main, Mar 4 2026, 09:23:07) [GCC 11.4.0] # Embedded file name: data/rq3/cpython-3.12/unittest_seeds/raw/cpython_case_test_generato...;pylingual:error:──────────────────────────────────────────────────────────────────────────────── ,ggggggggggg, ,gggg, dP""""""88""""""""""""Y8, d8"" ""8I ,dPYb, Yb, 88 `8b 88 ,dP IP'`Yb `"" 88 ,8P 8888888P"" gg I8 8I 88aaaad8P"" 88 """" I8 8' 88""""""""""gg gg 88 gg ,ggg,,g...",decompyle3:not_run:;pylingual:not_run:
cpython-312,data/rq3/cpython-3.12/unique_bug_pyc/cpython-312-b4f85b6cca98.pyc,unconfirmed,original bytecode status ok:,ok,,,"decompyle3:error:# decompyle3 version 3.9.3 # Python bytecode version base 3.12.0 (3531) # Decompiled from: Python 3.12.13 (main, Mar 4 2026, 09:23:07) [GCC 11.4.0] # Embedded file name: data/rq3/cpython-3.12/unittest_seeds/raw/cpython_case_test_tokenize...;pylingual:error:──────────────────────────────────────────────────────────────────────────────── ,ggggggggggg, ,gggg, dP""""""88""""""""""""Y8, d8"" ""8I ,dPYb, Yb, 88 `8b 88 ,dP IP'`Yb `"" 88 ,8P 8888888P"" gg I8 8I 88aaaad8P"" 88 """" I8 8' 88""""""""""gg gg 88 gg ,ggg,,g...",decompyle3:not_run:;pylingual:not_run:
cpython-312,data/rq3/cpython-3.12/unique_bug_pyc/cpython-312-b7b1bc256f57.pyc,unconfirmed,original bytecode status ok:,ok,,,"decompyle3:error:# decompyle3 version 3.9.3 # Python bytecode version base 3.12.0 (3531) # Decompiled from: Python 3.12.13 (main, Mar 4 2026, 09:23:07) [GCC 11.4.0] # Embedded file name: data/rq3/cpython-1.12/unittest_seeds/raw/cpython_case_test_mailcap_...;pylingual:error:──────────────────────────────────────────────────────────────────────────────── ,ggggggggggg, ,gggg, dP""""""88""""""""""""Y8, d8"" ""8I ,dPYb, Yb, 88 `8b 88 ,dP IP'`Yb `"" 88 ,8P 8888888P"" gg I8 8I 88aaaad8P"" 88 """" I8 8' 88""""""""""gg gg 88 gg ,ggg,,g...",decompyle3:not_run:;pylingual:not_run:
cpython-312,data/rq3/cpython-3.12/unique_bug_pyc/cpython-312-b7d0605ead7e.pyc,unconfirmed,original bytecode status ok:,ok,,,"decompyle3:error:# decompyle3 version 3.9.3 # Python bytecode version base 3.12.0 (3531) # Decompiled from: Python 3.12.13 (main, Mar 4 2026, 09:23:07) [GCC 11.4.0] # Embedded file name: data/rq3/cpython-3.12/unittest_seeds/raw/cpython_case_test_descr_Cl...;pylingual:error:──────────────────────────────────────────────────────────────────────────────── ,ggggggggggg, ,gggg, dP""""""88""""""""""""Y8, d8"" ""8I ,dPYb, Yb, 88 `8b 88 ,dP IP'`Yb `"" 88 ,8P 8888888P"" gg I8 8I 88aaaad8P"" 88 """" I8 8' 88""""""""""gg gg 88 gg ,ggg,,g...",decompyle3:not_run:;pylingual:not_run:
cpython-312,data/rq3/cpython-3.12/unique_bug_pyc/cpython-312-b7f7c1812641.pyc,unconfirmed,original bytecode status ok:,ok,,,"decompyle3:error:# decompyle3 version 3.9.3 # Python bytecode version base 3.12.0 (3531) # Decompiled from: Python 3.12.13 (main, Mar 4 2026, 09:23:07) [GCC 11.4.0] # Embedded file name: data/rq3/cpython-3.12/unittest_seeds/raw/cpython_case_test_clinic_C...;pylingual:error:──────────────────────────────────────────────────────────────────────────────── ,ggggggggggg, ,gggg, dP""""""88""""""""""""Y8, d8"" ""8I ,dPYb, Yb, 88 `8b 88 ,dP IP'`Yb `"" 88 ,8P 8888888P"" gg I8 8I 88aaaad8P"" 88 """" I8 8' 88""""""""""gg gg 88 gg ,ggg,,g...",decompyle3:not_run:;pylingual:not_run:
cpython-312,data/rq3/cpython-3.12/unique_bug_pyc/cpython-312-bcb85f061f85.pyc,unconfirmed,original bytecode status ok:,ok,,,"decompyle3:error:# decompyle3 version 3.9.3 # Python bytecode version base 3.12.0 (3531) # Decompiled from: Python 3.12.13 (main, Mar 4 2026, 09:23:07) [GCC 11.4.0] # Embedded file name: data/rq3/cpython-3.12/unittest_seeds/raw/cpython_case_test_named_ex...;pylingual:error:──────────────────────────────────────────────────────────────────────────────── ,ggggggggggg, ,gggg, dP""""""88""""""""""""Y8, d8"" ""8I ,dPYb, Yb, 88 `8b 88 ,dP IP'`Yb `"" 88 ,8P 8888888P"" gg I8 8I 88aaaad8P"" 88 """" I8 8' 88""""""""""gg gg 88 gg ,ggg,,g...",decompyle3:not_run:;pylingual:not_run:
cpython-312,data/rq3/cpython-3.12/unique_bug_pyc/cpython-312-c064c6508a43.pyc,unconfirmed,original bytecode status ok:,ok,,,"decompyle3:error:# decompyle3 version 3.9.3 # Python bytecode version base 3.12.0 (3531) # Decompiled from: Python 3.12.13 (main, Mar 4 2026, 09:23:07) [GCC 11.4.0] # Embedded file name: data/rq3/cpython-3.12/unittest_seeds/raw/cpython_case_test_io_Buffe...;pylingual:error:──────────────────────────────────────────────────────────────────────────────── ,ggggggggggg, ,gggg, dP""""""88""""""""""""Y8, d8"" ""8I ,dPYb, Yb, 88 `8b 88 ,dP IP'`Yb `"" 88 ,8P 8888888P"" gg I8 8I 88aaaad8P"" 88 """" I8 8' 88""""""""""gg gg 88 gg ,ggg,,g...",decompyle3:not_run:;pylingual:not_run:
cpython-312,data/rq3/cpython-3.12/unique_bug_pyc/cpython-312-c19386d341ff.pyc,no_source,"# decompyle3 version 3.9.3 # Python bytecode version base 3.12.0 (3531) # Decompiled from: Python 3.12.13 (main, Mar 4 2026, 09:23:07) [GCC 11.4.0] # Embedded file name: data/rq3/cpython-3.12/unittest_seeds/raw/cpython_case_test_os_FileT...",crash,signal_11:,,"decompyle3:error:# decompyle3 version 3.9.3 # Python bytecode version base 3.12.0 (3531) # Decompiled from: Python 3.12.13 (main, Mar 4 2026, 09:23:07) [GCC 11.4.0] # Embedded file name: data/rq3/cpython-3.12/unittest_seeds/raw/cpython_case_test_os_FileT...;pylingual:error:──────────────────────────────────────────────────────────────────────────────── ,ggggggggggg, ,gggg, dP""""""88""""""""""""Y8, d8"" ""8I ,dPYb, Yb, 88 `8b 88 ,dP IP'`Yb `"" 88 ,8P 8888888P"" gg I8 8I 88aaaad8P"" 88 """" I8 8' 88""""""""""gg gg 88 gg ,ggg,,g...",decompyle3:not_run:;pylingual:not_run:
cpython-312,data/rq3/cpython-3.12/unique_bug_pyc/cpython-312-c21999f361d5.pyc,unconfirmed,original bytecode status ok:,ok,,,"decompyle3:error:# decompyle3 version 3.9.3 # Python bytecode version base 3.12.0 (3531) # Decompiled from: Python 3.12.13 (main, Mar 4 2026, 09:23:07) [GCC 11.4.0] # Embedded file name: data/rq3/cpython-3.12/unittest_seeds/raw/cpython_case_test_socket_L...;pylingual:error:──────────────────────────────────────────────────────────────────────────────── ,ggggggggggg, ,gggg, dP""""""88""""""""""""Y8, d8"" ""8I ,dPYb, Yb, 88 `8b 88 ,dP IP'`Yb `"" 88 ,8P 8888888P"" gg I8 8I 88aaaad8P"" 88 """" I8 8' 88""""""""""gg gg 88 gg ,ggg,,g...",decompyle3:not_run:;pylingual:not_run:
cpython-312,data/rq3/cpython-3.12/unique_bug_pyc/cpython-312-c52891182612.pyc,unconfirmed,original bytecode status ok:,ok,,,"decompyle3:error:# decompyle3 version 3.9.3 # Python bytecode version base 3.12.0 (3531) # Decompiled from: Python 3.12.13 (main, Mar 4 2026, 09:23:07) [GCC 11.4.0] # Embedded file name: data/rq3/cpython-3.12/unittest_seeds/raw/cpython_case_test_configpa...;pylingual:error:──────────────────────────────────────────────────────────────────────────────── ,ggggggggggg, ,gggg, dP""""""88""""""""""""Y8, d8"" ""8I ,dPYb, Yb, 88 `8b 88 ,dP IP'`Yb `"" 88 ,8P 8888888P"" gg I8 8I 88aaaad8P"" 88 """" I8 8' 88""""""""""gg gg 88 gg ,ggg,,g...",decompyle3:not_run:;pylingual:not_run:
cpython-312,data/rq3/cpython-3.12/unique_bug_pyc/cpython-312-c5488912e489.pyc,unconfirmed,original bytecode status ok:,ok,,,"decompyle3:error:# decompyle3 version 3.9.3 # Python bytecode version base 3.12.0 (3531) # Decompiled from: Python 3.12.13 (main, Mar 4 2026, 09:23:07) [GCC 11.4.0] # Embedded file name: data/rq3/cpython-3.12/unittest_seeds/raw/cpython_case_test_tarfile_...;pylingual:error:──────────────────────────────────────────────────────────────────────────────── ,ggggggggggg, ,gggg, dP""""""88""""""""""""Y8, d8"" ""8I ,dPYb, Yb, 88 `8b 88 ,dP IP'`Yb `"" 88 ,8P 8888888P"" gg I8 8I 88aaaad8P"" 88 """" I8 8' 88""""""""""gg gg 88 gg ,ggg,,g...",decompyle3:not_run:;pylingual:not_run:
cpython-312,data/rq3/cpython-3.12/unique_bug_pyc/cpython-312-c82319e42246.pyc,unconfirmed,original bytecode status ok:,ok,,,"decompyle3:error:# decompyle3 version 3.9.3 # Python bytecode version base 3.12.0 (3531) # Decompiled from: Python 3.12.13 (main, Mar 4 2026, 09:23:07) [GCC 11.4.0] # Embedded file name: data/rq3/cpython-3.12/unittest_seeds/raw/cpython_case_test_print_Te...;pylingual:error:──────────────────────────────────────────────────────────────────────────────── ,ggggggggggg, ,gggg, dP""""""88""""""""""""Y8, d8"" ""8I ,dPYb, Yb, 88 `8b 88 ,dP IP'`Yb `"" 88 ,8P 8888888P"" gg I8 8I 88aaaad8P"" 88 """" I8 8' 88""""""""""gg gg 88 gg ,ggg,,g...",decompyle3:not_run:;pylingual:not_run:
cpython-312,data/rq3/cpython-3.12/unique_bug_pyc/cpython-312-c98520483ab2.pyc,unconfirmed,original bytecode status ok:,ok,,,"decompyle3:error:# decompyle3 version 3.9.3 # Python bytecode version base 3.12.0 (3531) # Decompiled from: Python 3.12.13 (main, Mar 4 2026, 09:23:07) [GCC 11.4.0] # Embedded file name: data^path_nothon-3.12/unittest_seeds/raw/cpython_case_test_calendar...;pylingual:error:──────────────────────────────────────────────────────────────────────────────── ,ggggggggggg, ,gggg, dP""""""88""""""""""""Y8, d8"" ""8I ,dPYb, Yb, 88 `8b 88 ,dP IP'`Yb `"" 88 ,8P 8888888P"" gg I8 8I 88aaaad8P"" 88 """" I8 8' 88""""""""""gg gg 88 gg ,ggg,,g...",decompyle3:not_run:;pylingual:not_run:
cpython-312,data/rq3/cpython-3.12/unique_bug_pyc/cpython-312-cc9967aaf3e7.pyc,unconfirmed,original bytecode status ok:,ok,,,"decompyle3:error:# decompyle3 version 3.9.3 # Python bytecode version base 3.12.0 (3531) # Decompiled from: Python 3.12.13 (main, Mar 4 2026, 09:23:07) [GCC 11.4.0] # Embedded file name: dat m3/cpython-3.12/unittest_seeds/raw/cpython_case_test_rlcomple...;pylingual:error:──────────────────────────────────────────────────────────────────────────────── ,ggggggggggg, ,gggg, dP""""""88""""""""""""Y8, d8"" ""8I ,dPYb, Yb, 88 `8b 88 ,dP IP'`Yb `"" 88 ,8P 8888888P"" gg I8 8I 88aaaad8P"" 88 """" I8 8' 88""""""""""gg gg 88 gg ,ggg,,g...",decompyle3:not_run:;pylingual:not_run:
cpython-312,data/rq3/cpython-3.12/unique_bug_pyc/cpython-312-ccbd7e9cbf4a.pyc,no_source,"# decompyle3 version 3.9.3 # Python bytecode version base 3.12.0 (3531) # Decompiled from: Python 3.12.13 (main, Mar 4 2026, 09:23:07) [GCC 11.4.0] # Embedded file name: data/rq3/cpython-3.12/unit1=1t_seeds/raw/cpython_case_test_httplib_...",crash,signal_11:,,"decompyle3:error:# decompyle3 version 3.9.3 # Python bytecode version base 3.12.0 (3531) # Decompiled from: Python 3.12.13 (main, Mar 4 2026, 09:23:07) [GCC 11.4.0] # Embedded file name: data/rq3/cpython-3.12/unit1=1t_seeds/raw/cpython_case_test_httplib_...;pylingual:error:──────────────────────────────────────────────────────────────────────────────── ,ggggggggggg, ,gggg, dP""""""88""""""""""""Y8, d8"" ""8I ,dPYb, Yb, 88 `8b 88 ,dP IP'`Yb `"" 88 ,8P 8888888P"" gg I8 8I 88aaaad8P"" 88 """" I8 8' 88""""""""""gg gg 88 gg ,ggg,,g...",decompyle3:not_run:;pylingual:not_run:
cpython-312,data/rq3/cpython-3.12/unique_bug_pyc/cpython-312-ce39765f5cd7.pyc,unconfirmed,original bytecode status ok:,ok,,,"decompyle3:error:# decompyle3 version 3.9.3 # Python bytecode version base 3.12.0 (3531) # Decompiled from: Python 3.12.13 (main, Mar 4 2026, 09:23:07) [GCC 11.4.0] # Embedded file name: data/rq3/cpython-3.12/unittest_seeds/raw/cpython_case_test_subproce...;pylingual:error:──────────────────────────────────────────────────────────────────────────────── ,ggggggggggg, ,gggg, dP""""""88""""""""""""Y8, d8"" ""8I ,dPYb, Yb, 88 `8b 88 ,dP IP'`Yb `"" 88 ,8P 8888888P"" gg I8 8I 88aaaad8P"" 88 """" I8 8' 88""""""""""gg gg 88 gg ,ggg,,g...",decompyle3:not_run:;pylingual:not_run:
cpython-312,data/rq3/cpython-3.12/unique_bug_pyc/cpython-312-cf494c96c287.pyc,no_source,"# decompyle3 version 3.9.3 # Python bytecode version base 3.12.0 (3531) # Decompiled from: Python 3.12.13 (main, Mar 4 2026, 09:23:07) [GCC 11.4.0] # Embedded file name: data/rq3/cpython-3.12/unittest_seeds/raw/cpython_case_test_bytes_Su...",crash,signal_11:,,"decompyle3:error:# decompyle3 version 3.9.3 # Python bytecode version base 3.12.0 (3531) # Decompiled from: Python 3.12.13 (main, Mar 4 2026, 09:23:07) [GCC 11.4.0] # Embedded file name: data/rq3/cpython-3.12/unittest_seeds/raw/cpython_case_test_bytes_Su...;pylingual:error:──────────────────────────────────────────────────────────────────────────────── ,ggggggggggg, ,gggg, dP""""""88""""""""""""Y8, d8"" ""8I ,dPYb, Yb, 88 `8b 88 ,dP IP'`Yb `"" 88 ,8P 8888888P"" gg I8 8I 88aaaad8P"" 88 """" I8 8' 88""""""""""gg gg 88 gg ,ggg,,g...",decompyle3:not_run:;pylingual:not_run:
cpython-312,data/rq3/cpython-3.12/unique_bug_pyc/cpython-312-d5c7b535c800.pyc,unconfirmed,original bytecode status ok:,ok,,,"decompyle3:error:# decompyle3 version 3.9.3 # Python bytecode version base 3.12.0 (3531) # Decompiled from: Python 3.12.13 (main, Mar 4 2026, 09:23:07) [GCC 11.4.0] # Embedded file name: data/rq3/cpython-3.12/unittest_seeds/raw/cpython_case_test_cmd_line...;pylingual:error:──────────────────────────────────────────────────────────────────────────────── ,ggggggggggg, ,gggg, dP""""""88""""""""""""Y8, d8"" ""8I ,dPYb, Yb, 88 `8b 88 ,dP IP'`Yb `"" 88 ,8P 8888888P"" gg I8 8I 88aaaad8P"" 88 """" I8 8' 88""""""""""gg gg 88 gg ,ggg,,g...",decompyle3:not_run:;pylingual:not_run:
cpython-312,data/rq3/cpython-3.12/unique_bug_pyc/cpython-312-d6247f46a639.pyc,unconfirmed,original bytecode status ok:,ok,,,"decompyle3:error:# decompyle3 version 3.9.3 # Python bytecode version base 3.12.0 (3531) # Decompiled from: Python 3.12.13 (main, Mar 4 2026, 09:23:07) [GCC 11.4.0] # Embedded file name: data/rq3/cpython-3.12/unittest_seeds/raw/cpython_case_test_logging_...;pylingual:error:──────────────────────────────────────────────────────────────────────────────── ,ggggggggggg, ,gggg, dP""""""88""""""""""""Y8, d8"" ""8I ,dPYb, Yb, 88 `8b 88 ,dP IP'`Yb `"" 88 ,8P 8888888P"" gg I8 8I 88aaaad8P"" 88 """" I8 8' 88""""""""""gg gg 88 gg ,ggg,,g...",decompyle3:not_run:;pylingual:not_run:
cpython-312,data/rq3/cpython-3.12/unique_bug_pyc/cpython-312-d66de4f360b9.pyc,unconfirmed,original bytecode status ok:,ok,,,"decompyle3:error:# decompyle3 version 3.9.3 # Python bytecode version base 3.12.0 (3531) # Decompiled from: Python 3.12.13 (main, Mar 4 2026, 09:23:07) [GCC 11.4.0] # Embedded file name: data/rq3/cpython-3.12/unittest_seeds/raw/cpython_case_test_yield_fr...;pylingual:error:──────────────────────────────────────────────────────────────────────────────── ,ggggggggggg, ,gggg, dP""""""88""""""""""""Y8, d8"" ""8I ,dPYb, Yb, 88 `8b 88 ,dP IP'`Yb `"" 88 ,8P 8888888P"" gg I8 8I 88aaaad8P"" 88 """" I8 8' 88""""""""""gg gg 88 gg ,ggg,,g...",decompyle3:not_run:;pylingual:not_run:
cpython-312,data/rq3/cpython-3.12/unique_bug_pyc/cpython-312-d752b5d731b7.pyc,unconfirmed,original bytecode status ok:,ok,,,"decompyle3:error:# decompyle3 version 3.9.3 # Python bytecode version base 3.12.0 (3531) # Decompiled from: Python 3.12.13 (main, Mar 4 2026, 09:23:07) [GCC 11.4.0] # Embedded file name: data/rq3/cpython-3.12/unit gst_seeds/raw/cpython_case_test_string_l...;pylingual:error:──────────────────────────────────────────────────────────────────────────────── ,ggggggggggg, ,gggg, dP""""""88""""""""""""Y8, d8"" ""8I ,dPYb, Yb, 88 `8b 88 ,dP IP'`Yb `"" 88 ,8P 8888888P"" gg I8 8I 88aaaad8P"" 88 """" I8 8' 88""""""""""gg gg 88 gg ,ggg,,g...",decompyle3:not_run:;pylingual:not_run:
cpython-312,data/rq3/cpython-3.12/unique_bug_pyc/cpython-312-d8774eaf0062.pyc,unconfirmed,original bytecode status ok:,ok,,,"decompyle3:error:# decompyle3 version 3.9.3 # Python bytecode version base 3.12.0 (3531) # Decompiled from: Python 3.12.13 (main, Mar 4 2026, 09:23:07) [GCC 11.4.0] # Embedded file name: data/rq3/cpython-3.12/unittest_seeds/raw/cpython_case_test_mailbox_...;pylingual:error:──────────────────────────────────────────────────────────────────────────────── ,ggggggggggg, ,gggg, dP""""""88""""""""""""Y8, d8"" ""8I ,dPYb, Yb, 88 `8b 88 ,dP IP'`Yb `"" 88 ,8P 8888888P"" gg I8 8I 88aaaad8P"" 88 """" I8 8' 88""""""""""gg gg 88 gg ,ggg,,g...",decompyle3:not_run:;pylingual:not_run:
cpython-312,data/rq3/cpython-3.12/unique_bug_pyc/cpython-312-dbea1374d809.pyc,no_source,"# decompyle3 version 3.9.3 # Python bytecode version base 3.12.0 (3531) # Decompiled from: Python 3.12.13 (main, Mar 4 2026, 09:23:07) [GCC 11.4.0] # Embedded file name: data/rq3/cpython-3.12/unittest_seeds/raw/cpython_case_test_ntpath_T...",crash,signal_11:,,"decompyle3:error:# decompyle3 version 3.9.3 # Python bytecode version base 3.12.0 (3531) # Decompiled from: Python 3.12.13 (main, Mar 4 2026, 09:23:07) [GCC 11.4.0] # Embedded file name: data/rq3/cpython-3.12/unittest_seeds/raw/cpython_case_test_ntpath_T...;pylingual:error:──────────────────────────────────────────────────────────────────────────────── ,ggggggggggg, ,gggg, dP""""""88""""""""""""Y8, d8"" ""8I ,dPYb, Yb, 88 `8b 88 ,dP IP'`Yb `"" 88 ,8P 8888888P"" gg I8 8I 88aaaad8P"" 88 """" I8 8' 88""""""""""gg gg 88 gg ,ggg,,g...",decompyle3:not_run:;pylingual:not_run:
cpython-312,data/rq3/cpython-3.12/unique_bug_pyc/cpython-312-dbf10d647779.pyc,unconfirmed,original bytecode status ok:,ok,,,"decompyle3:error:# decompyle3 version 3.9.3 # Python bytecode version base 3.12.0 (3531) # Decompiled from: Python 3.12.13 (main, Mar 4 2026, 09:23:07) [GCC 11.4.0] # Embedded file name: data/rq3/cpython-3.12/unittest_seeds/raw/cpython_case_test_yield_fr...;pylingual:error:──────────────────────────────────────────────────────────────────────────────── ,ggggggggggg, ,gggg, dP""""""88""""""""""""Y8, d8"" ""8I ,dPYb, Yb, 88 `8b 88 ,dP IP'`Yb `"" 88 ,8P 8888888P"" gg I8 8I 88aaaad8P"" 88 """" I8 8' 88""""""""""gg gg 88 gg ,ggg,,g...",decompyle3:not_run:;pylingual:not_run:
cpython-312,data/rq3/cpython-3.12/unique_bug_pyc/cpython-312-e2073aa608af.pyc,no_source,"# decompyle3 version 3.9.3 # Python bytecode version base 3.12.0 (3531) # Decompiled from: Python 3.12.13 (main, Mar 4 2026, 09:23:07) [GCC 11.4.0] # Embedded file name: data/rq3/cpython-3.12/unittest_seeds/raw/cpython_case_test_regrtest...",crash,signal_11:,,"decompyle3:error:# decompyle3 version 3.9.3 # Python bytecode version base 3.12.0 (3531) # Decompiled from: Python 3.12.13 (main, Mar 4 2026, 09:23:07) [GCC 11.4.0] # Embedded file name: data/rq3/cpython-3.12/unittest_seeds/raw/cpython_case_test_regrtest...;pylingual:error:──────────────────────────────────────────────────────────────────────────────── ,ggggggggggg, ,gggg, dP""""""88""""""""""""Y8, d8"" ""8I ,dPYb, Yb, 88 `8b 88 ,dP IP'`Yb `"" 88 ,8P 8888888P"" gg I8 8I 88aaaad8P"" 88 """" I8 8' 88""""""""""gg gg 88 gg ,ggg,,g...",decompyle3:not_run:;pylingual:not_run:
cpython-312,data/rq3/cpython-3.12/unique_bug_pyc/cpython-312-e43736dd9948.pyc,unconfirmed,original bytecode status ok:,ok,,,"decompyle3:error:# decompyle3 version 3.9.3 # Python bytecode version base 3.12.0 (3531) # Decompiled from: Python 3.12.13 (main, Mar 4 2026, 09:23:07) [GCC 11.4.0] # Embedded file name: data/rq3/cpython-3.12/unittest_seeds/raw/cpython_case_test_statisti...;pylingual:error:──────────────────────────────────────────────────────────────────────────────── ,ggggggggggg, ,gggg, dP""""""88""""""""""""Y8, d8"" ""8I ,dPYb, Yb, 88 `8b 88 ,dP IP'`Yb `"" 88 ,8P 8888888P"" gg I8 8I 88aaaad8P"" 88 """" I8 8' 88""""""""""gg gg 88 gg ,ggg,,g...",decompyle3:not_run:;pylingual:not_run:
cpython-312,data/rq3/cpython-3.12/unique_bug_pyc/cpython-312-e4a9f9ef474f.pyc,no_source,"# decompyle3 version 3.9.3 # Python bytecode version base 3.12.0 (3531) # Decompiled from: Python 3.12.13 (main, Mar 4 2026, 09:23:07) [GCC 11.4.0] # Embedded file name: data/rq3/cpython-3.12/unittest_seeds/raw/cpython_case_test_unicode_...",crash,signal_11:,,"decompyle3:error:# decompyle3 version 3.9.3 # Python bytecode version base 3.12.0 (3531) # Decompiled from: Python 3.12.13 (main, Mar 4 2026, 09:23:07) [GCC 11.4.0] # Embedded file name: data/rq3/cpython-3.12/unittest_seeds/raw/cpython_case_test_unicode_...;pylingual:error:──────────────────────────────────────────────────────────────────────────────── ,ggggggggggg, ,gggg, dP""""""88""""""""""""Y8, d8"" ""8I ,dPYb, Yb, 88 `8b 88 ,dP IP'`Yb `"" 88 ,8P 8888888P"" gg I8 8I 88aaaad8P"" 88 """" I8 8' 88""""""""""gg gg 88 gg ,ggg,,g...",decompyle3:not_run:;pylingual:not_run:
cpython-312,data/rq3/cpython-3.12/unique_bug_pyc/cpython-312-e97d60eb216d.pyc,no_source,"# decompyle3 version 3.9.3 # Python bytecode version base 3.12.0 (3531) # Decompiled from: Python 3.12.13 (main, Mar 4 2026, 09:23:07) [GCC 11.4.0] # Embedded file name: data/rq3/cpython-3.12/unittest_seeds/raw/cpython_case_test_r Ë\\0\\0\\0 ...",crash,signal_11:,,"decompyle3:error:# decompyle3 version 3.9.3 # Python bytecode version base 3.12.0 (3531) # Decompiled from: Python 3.12.13 (main, Mar 4 2026, 09:23:07) [GCC 11.4.0] # Embedded file name: data/rq3/cpython-3.12/unittest_seeds/raw/cpython_case_test_r Ë\\0\\0\\0 ...;pylingual:error:──────────────────────────────────────────────────────────────────────────────── ,ggggggggggg, ,gggg, dP""""""88""""""""""""Y8, d8"" ""8I ,dPYb, Yb, 88 `8b 88 ,dP IP'`Yb `"" 88 ,8P 8888888P"" gg I8 8I 88aaaad8P"" 88 """" I8 8' 88""""""""""gg gg 88 gg ,ggg,,g...",decompyle3:not_run:;pylingual:not_run:
cpython-312,data/rq3/cpython-3.12/unique_bug_pyc/cpython-312-eac274e6a508.pyc,no_source,"# decompyle3 version 3.9.3 # Python bytecode version base 3.12.0 (3531) # Decompiled from: Python 3.12.13 (main, Mar 4 2026, 09:23:07) [GCC 11.4.0] # Embedded file name: data/rq3/cpython-3.12/unittest_seeds/raw/cpython_case_test_copy_Tes...",crash,signal_11:,,"decompyle3:error:# decompyle3 version 3.9.3 # Python bytecode version base 3.12.0 (3531) # Decompiled from: Python 3.12.13 (main, Mar 4 2026, 09:23:07) [GCC 11.4.0] # Embedded file name: data/rq3/cpython-3.12/unittest_seeds/raw/cpython_case_test_copy_Tes...;pylingual:error:──────────────────────────────────────────────────────────────────────────────── ,ggggggggggg, ,gggg, dP""""""88""""""""""""Y8, d8"" ""8I ,dPYb, Yb, 88 `8b 88 ,dP IP'`Yb `"" 88 ,8P 8888888P"" gg I8 8I 88aaaad8P"" 88 """" I8 8' 88""""""""""gg gg 88 gg ,ggg,,g...",decompyle3:not_run:;pylingual:not_run:
cpython-312,data/rq3/cpython-3.12/unique_bug_pyc/cpython-312-eb465edbe9f6.pyc,unconfirmed,original bytecode status ok:,ok,,,"decompyle3:error:# decompyle3 version 3.9.3 # Python bytecode version base 3.12.0 (3531) # Decompiled from: Python 3.12.13 (main, Mar 4 2026, 09:23:07) [GCC 11.4.0] # Embedded file name: data/rq3/cpython-3.12/unittest_seeds/raw/cpython_case_test_io_IOTes...;pylingual:error:──────────────────────────────────────────────────────────────────────────────── ,ggggggggggg, ,gggg, dP""""""88""""""""""""Y8, d8"" ""8I ,dPYb, Yb, 88 `8b 88 ,dP IP'`Yb `"" 88 ,8P 8888888P"" gg I8 8I 88aaaad8P"" 88 """" I8 8' 88""""""""""gg gg 88 gg ,ggg,,g...",decompyle3:not_run:;pylingual:not_run:
cpython-312,data/rq3/cpython-3.12/unique_bug_pyc/cpython-312-eb581a73e180.pyc,no_source,/home/awen/git/PybcSEC/PycLens/data/rq2/envs/cpython-312/lib/python3.12/site-packages/click/core.py:1307: UserWarning: The parameter --version is used more than once. Remove its duplicate as parameters should be unique. parser = self.mak...,crash,signal_6:malloc(): invalid size (unsorted),,decompyle3:exit_-6:/home/awen/git/PybcSEC/PycLens/data/rq2/envs/cpython-312/lib/python3.12/site-packages/click/core.py:1307: UserWarning: The parameter --version is used more than once. Remove its duplicate as parameters should be unique. parser = self.mak...;pylingual:exit_-6:malloc(): invalid size (unsorted),decompyle3:not_run:;pylingual:not_run:
cpython-312,data/rq3/cpython-3.12/unique_bug_pyc/cpython-312-ec12a090e51e.pyc,no_source,"# decompyle3 version 3.9.3 # Python bytecode version base 3.12.0 (3531) # Decompiled from: Python 3.12.13 (main, Mar 4 2026, 09:23:07) [GCC 11.4.0] # Embedded file name: data/rq3/cpython-3.12/unittest_seeds/raw/cpython_case_test_statisti...",crash,signal_11:,,"decompyle3:error:# decompyle3 version 3.9.3 # Python bytecode version base 3.12.0 (3531) # Decompiled from: Python 3.12.13 (main, Mar 4 2026, 09:23:07) [GCC 11.4.0] # Embedded file name: data/rq3/cpython-3.12/unittest_seeds/raw/cpython_case_test_statisti...;pylingual:error:──────────────────────────────────────────────────────────────────────────────── ,ggggggggggg, ,gggg, dP""""""88""""""""""""Y8, d8"" ""8I ,dPYb, Yb, 88 `8b 88 ,dP IP'`Yb `"" 88 ,8P 8888888P"" gg I8 8I 88aaaad8P"" 88 """" I8 8' 88""""""""""gg gg 88 gg ,ggg,,g...",decompyle3:not_run:;pylingual:not_run:
cpython-312,data/rq3/cpython-3.12/unique_bug_pyc/cpython-312-edd1a7874fc7.pyc,unconfirmed,original bytecode status ok:,ok,,,"decompyle3:error:# decompyle3 version 3.9.3 # Python bytecode version base 3.12.0 (3531) # Decompiled from: Python 3.12.13 (main, Mar 4 2026, 09:23:07) [GCC 11.4.0] # Embedded file name: data/rq3/cpython-3.12/unittest_seeds/raw/cpython_case_test_asyncgen...;pylingual:error:──────────────────────────────────────────────────────────────────────────────── ,ggggggggggg, ,gggg, dP""""""88""""""""""""Y8, d8"" ""8I ,dPYb, Yb, 88 `8b 88 ,dP IP'`Yb `"" 88 ,8P 8888888P"" gg I8 8I 88aaaad8P"" 88 """" I8 8' 88""""""""""gg gg 88 gg ,ggg,,g...",decompyle3:not_run:;pylingual:not_run:
cpython-312,data/rq3/cpython-3.12/unique_bug_pyc/cpython-312-f022b97452d4.pyc,unconfirmed,original bytecode status ok:,ok,,,"decompyle3:error:# decompyle3 version 3.9.3 # Python bytecode version base 3.12.0 (3531) # Decompiled from: Python 3.12.13 (main, Mar 4 2026, 09:23:07) [GCC 11.4.0] # Embedded file name: data/rq3/cpython-3.12/unittest_seeds/raw/cpython_case_test_graphlib...;pylingual:error:──────────────────────────────────────────────────────────────────────────────── ,ggggggggggg, ,gggg, dP""""""88""""""""""""Y8, d8"" ""8I ,dPYb, Yb, 88 `8b 88 ,dP IP'`Yb `"" 88 ,8P 8888888P"" gg I8 8I 88aaaad8P"" 88 """" I8 8' 88""""""""""gg gg 88 gg ,ggg,,g...",decompyle3:not_run:;pylingual:not_run:
cpython-312,data/rq3/cpython-3.12/unique_bug_pyc/cpython-312-f07027baee13.pyc,unconfirmed,original bytecode status ok:,ok,,,"decompyle3:exit_2:/home/awen/git/PybcSEC/PycLens/data/rq2/envs/cpython-312/lib/python3.12/site-packages/click/core.py:1307: UserWarning: The parameter --version is used more than once. Remove its duplicate as parameters should be unique. parser = self.mak...;pylingual:error:──────────────────────────────────────────────────────────────────────────────── ,ggggggggggg, ,gggg, dP""""""88""""""""""""Y8, d8"" ""8I ,dPYb, Yb, 88 `8b 88 ,dP IP'`Yb `"" 88 ,8P 8888888P"" gg I8 8I 88aaaad8P"" 88 """" I8 8' 88""""""""""gg gg 88 gg ,ggg,,g...",decompyle3:not_run:;pylingual:not_run:
cpython-312,data/rq3/cpython-3.12/unique_bug_pyc/cpython-312-f19faa9c04a1.pyc,unconfirmed,original bytecode status ok:,ok,,,"decompyle3:error:# decompyle3 version 3.9.3 # Python bytecode version base 3.12.0 (3531) # Decompiled from: Python 3.12.13 (main, Mar 4 2026, 09:23:07) [GCC 11.4.0] # Embedded file name: data/rq3/cpython-3.12/unittest_seeds/raw/cpython_case_test_complex_...;pylingual:error:──────────────────────────────────────────────────────────────────────────────── ,ggggggggggg, ,gggg, dP""""""88""""""""""""Y8, d8"" ""8I ,dPYb, Yb, 88 `8b 88 ,dP IP'`Yb `"" 88 ,8P 8888888P"" gg I8 8I 88aaaad8P"" 88 """" I8 8' 88""""""""""gg gg 88 gg ,ggg,,g...",decompyle3:not_run:;pylingual:not_run:
cpython-312,data/rq3/cpython-3.12/unique_bug_pyc/cpython-312-f9b6093b8e2e.pyc,unconfirmed,original bytecode status ok:,ok,,,"decompyle3:error:# decompyle3 version 3.9.3 # Python bytecode version base 3.12.0 (3531) # Decompiled from: Python 3.12.13 (main, Mar 4 2026, 09:23:07) [GCC 11.4.0] # Embedded file name: data/rq3/cpython-3.12/unittesp_seeds/raw/cpython_case_test_exceptio...;pylingual:error:──────────────────────────────────────────────────────────────────────────────── ,ggggggggggg, ,gggg, dP""""""88""""""""""""Y8, d8"" ""8I ,dPYb, Yb, 88 `8b 88 ,dP IP'`Yb `"" 88 ,8P 8888888P"" gg I8 8I 88aaaad8P"" 88 """" I8 8' 88""""""""""gg gg 88 gg ,ggg,,g...",decompyle3:not_run:;pylingual:not_run:
cpython-312,data/rq3/cpython-3.12/unique_bug_pyc/cpython-312-fb227b2c7d93.pyc,no_source,"# decompyle3 version 3.9.3 # Python bytecode version base 3.12.0 (3531) # Decompiled from: Python 3.12.13 (main, Mar 4 2026, 09:23:07) [GCC 11.4.0] # Embedded file name: data/rq3/cpython-3.12/unittest_seeds/raw/cpython_case_test_interpre...",crash,signal_11:,,"decompyle3:error:# decompyle3 version 3.9.3 # Python bytecode version base 3.12.0 (3531) # Decompiled from: Python 3.12.13 (main, Mar 4 2026, 09:23:07) [GCC 11.4.0] # Embedded file name: data/rq3/cpython-3.12/unittest_seeds/raw/cpython_case_test_interpre...;pylingual:error:──────────────────────────────────────────────────────────────────────────────── ,ggggggggggg, ,gggg, dP""""""88""""""""""""Y8, d8"" ""8I ,dPYb, Yb, 88 `8b 88 ,dP IP'`Yb `"" 88 ,8P 8888888P"" gg I8 8I 88aaaad8P"" 88 """" I8 8' 88""""""""""gg gg 88 gg ,ggg,,g...",decompyle3:not_run:;pylingual:not_run:
cpython-312,data/rq3/cpython-3.12/unique_bug_pyc/cpython-312-fc8c85bdf3bc.pyc,unconfirmed,original bytecode status ok:,ok,,,"decompyle3:error:# decompyle3 version 3.9.3 # Python bytecode version base 3.12.0 (3531) # Decompiled from: Python 3.12.13 (main, Mar 4 2026, 09:23:07) [GCC 11.4.0] # Embedded file name: data/rq3/cpython-3.12/unittest_seeds/raw/cpython_case_test_buffer_T...;pylingual:error:──────────────────────────────────────────────────────────────────────────────── ,ggggggggggg, ,gggg, dP""""""88""""""""""""Y8, d8"" ""8I ,dPYb, Yb, 88 `8b 88 ,dP IP'`Yb `"" 88 ,8P 8888888P"" gg I8 8I 88aaaad8P"" 88 """" I8 8' 88""""""""""gg gg 88 gg ,ggg,,g...",decompyle3:not_run:;pylingual:not_run:
cpython-312,data/rq3/cpython-3.12/unique_bug_pyc/cpython-312-fc8d3aa101b8.pyc,no_source,"# decompyle3 version 3.9.3 # Python bytecode version base 3.12.0 (3531) # Decompiled from: Python 3.12.13 (main, Mar 4 2026, 09:23:07) [GCC 11.4.0] # Embedded file name: data/rq3/cpyuE¡n-3.12/unittest_seeds/raw/cpython_case_test_set_Test...",crash,signal_11:,,"decompyle3:error:# decompyle3 version 3.9.3 # Python bytecode version base 3.12.0 (3531) # Decompiled from: Python 3.12.13 (main, Mar 4 2026, 09:23:07) [GCC 11.4.0] # Embedded file name: data/rq3/cpyuE¡n-3.12/unittest_seeds/raw/cpython_case_test_set_Test...;pylingual:error:──────────────────────────────────────────────────────────────────────────────── ,ggggggggggg, ,gggg, dP""""""88""""""""""""Y8, d8"" ""8I ,dPYb, Yb, 88 `8b 88 ,dP IP'`Yb `"" 88 ,8P 8888888P"" gg I8 8I 88aaaad8P"" 88 """" I8 8' 88""""""""""gg gg 88 gg ,ggg,,g...",decompyle3:not_run:;pylingual:not_run:
cpython-313,data/rq3/cpython-3.13/unique_bug_pyc/cpython-313-0296d5540aa6.pyc,unconfirmed,original bytecode status ok:,ok,,,"decompyle3:error:# decompyle3 version 3.9.3 # Python bytecode version base 3.13.0 (3571) # Decompiled from: Python 3.13.13 (main, Jun 2 2026, 22:27:49) [Clang 22.1.3 ] # Embedded file name: data/rq3/cpython-3.13/unittest_seeds/raw/cpython_case_test_basee...;pylingual:error:──────────────────────────────────────────────────────────────────────────────── ,ggggggggggg, ,gggg, dP""""""88""""""""""""Y8, d8"" ""8I ,dPYb, Yb, 88 `8b 88 ,dP IP'`Yb `"" 88 ,8P 8888888P"" gg I8 8I 88aaaad8P"" 88 """" I8 8' 88""""""""""gg gg 88 gg ,ggg,,g...",decompyle3:not_run:;pylingual:not_run:
cpython-313,data/rq3/cpython-3.13/unique_bug_pyc/cpython-313-04fd729b9cb7.pyc,unconfirmed,original bytecode status ok:,ok,,,"decompyle3:error:# decompyle3 version 3.9.3 # Python bytecode version base 3.13.0 (3571) # Decompiled from: Python 3.13.13 (main, Jun 2 2026, 22:27:49) [Clang 22.1.3 ] # Embedded file name: data/rq3/cpython-3.13/unittest_seeds/raw/cpython_case_test_regrt...;pylingual:error:──────────────────────────────────────────────────────────────────────────────── ,ggggggggggg, ,gggg, dP""""""88""""""""""""Y8, d8"" ""8I ,dPYb, Yb, 88 `8b 88 ,dP IP'`Yb `"" 88 ,8P 8888888P"" gg I8 8I 88aaaad8P"" 88 """" I8 8' 88""""""""""gg gg 88 gg ,ggg,,g...",decompyle3:not_run:;pylingual:not_run:
cpython-313,data/rq3/cpython-3.13/unique_bug_pyc/cpython-313-064550af3ad2.pyc,unconfirmed,original bytecode status ok:,ok,,,"decompyle3:error:# decompyle3 version 3.9.3 # Python bytecode version base 3.13.0 (3571) # Decompiled from: Python 3.13.13 (main, Jun 2 2026, 22:27:49) [Clang 22.1.3 ] # Embedded file name: data/rq3/cpython-3.13/unittest_seeds/raw/cpython_case_test_yield...;pylingual:error:──────────────────────────────────────────────────────────────────────────────── ,ggggggggggg, ,gggg, dP""""""88""""""""""""Y8, d8"" ""8I ,dPYb, Yb, 88 `8b 88 ,dP IP'`Yb `"" 88 ,8P 8888888P"" gg I8 8I 88aaaad8P"" 88 """" I8 8' 88""""""""""gg gg 88 gg ,ggg,,g...",decompyle3:not_run:;pylingual:not_run:
cpython-313,data/rq3/cpython-3.13/unique_bug_pyc/cpython-313-080cabb04450.pyc,unconfirmed,original bytecode status ok:,ok,,,"decompyle3:error:# decompyle3 version 3.9.3 # Python bytecode version base 3.13.0 (3571) # Decompiled from: Python 3.13.13 (main, Jun 2 2026, 22:27:49) [Clang 22.1.3 ] # Embedded file name: data/rq3/cpython-3.13/unittest_seeds/raw/cpython_case_test_stati...;pylingual:error:──────────────────────────────────────────────────────────────────────────────── ,ggggggggggg, ,gggg, dP""""""88""""""""""""Y8, d8"" ""8I ,dPYb, Yb, 88 `8b 88 ,dP IP'`Yb `"" 88 ,8P 8888888P"" gg I8 8I 88aaaad8P"" 88 """" I8 8' 88""""""""""gg gg 88 gg ,ggg,,g...",decompyle3:not_run:;pylingual:not_run:
cpython-313,data/rq3/cpython-3.13/unique_bug_pyc/cpython-313-089a998b290e.pyc,no_source,/home/awen/git/PybcSEC/PycLens/data/rq2/envs/cpython-313/lib/python3.13/site-packages/click/core.py:1307: UserWarning: The parameter --version is used more than once. Remove its duplicate as parameters should be unique. parser = self.mak...,crash,signal_11:,,"decompyle3:exit_-11:/home/awen/git/PybcSEC/PycLens/data/rq2/envs/cpython-313/lib/python3.13/site-packages/click/core.py:1307: UserWarning: The parameter --version is used more than once. Remove its duplicate as parameters should be unique. parser = self.mak...;pylingual:error:──────────────────────────────────────────────────────────────────────────────── ,ggggggggggg, ,gggg, dP""""""88""""""""""""Y8, d8"" ""8I ,dPYb, Yb, 88 `8b 88 ,dP IP'`Yb `"" 88 ,8P 8888888P"" gg I8 8I 88aaaad8P"" 88 """" I8 8' 88""""""""""gg gg 88 gg ,ggg,,g...",decompyle3:not_run:;pylingual:not_run:
cpython-313,data/rq3/cpython-3.13/unique_bug_pyc/cpython-313-09ce446b26dd.pyc,no_source,"# decompyle3 version 3.9.3 # Python bytecode version base 3.13.0 (3571) # Decompiled from: Python 3.13.13 (main, Jun 2 2026, 22:27:49) [Clang 22.1.3 ] # Embedded file name: data/rq3/cpython-3.13/unittest_seeds/raw/cpython_case_test_multi...",crash,signal_11:,,"decompyle3:error:# decompyle3 version 3.9.3 # Python bytecode version base 3.13.0 (3571) # Decompiled from: Python 3.13.13 (main, Jun 2 2026, 22:27:49) [Clang 22.1.3 ] # Embedded file name: data/rq3/cpython-3.13/unittest_seeds/raw/cpython_case_test_multi...;pylingual:error:──────────────────────────────────────────────────────────────────────────────── ,ggggggggggg, ,gggg, dP""""""88""""""""""""Y8, d8"" ""8I ,dPYb, Yb, 88 `8b 88 ,dP IP'`Yb `"" 88 ,8P 8888888P"" gg I8 8I 88aaaad8P"" 88 """" I8 8' 88""""""""""gg gg 88 gg ,ggg,,g...",decompyle3:not_run:;pylingual:not_run:
cpython-313,data/rq3/cpython-3.13/unique_bug_pyc/cpython-313-0b677fda01d1.pyc,unconfirmed,original bytecode status ok:,ok,,,"decompyle3:error:# decompyle3 version 3.9.3 # Python bytecode version base 3.13.0 (3571) # Decompiled from: Python 3.13.13 (main, Jun 2 2026, 22:27:49) [Clang 22.1.3 ] # Embedded file name: data/rq3/cpython-3.13/unittest_seeds/raw/cpython_case_test_sax_M...;pylingual:error:──────────────────────────────────────────────────────────────────────────────── ,ggggggggggg, ,gggg, dP""""""88""""""""""""Y8, d8"" ""8I ,dPYb, Yb, 88 `8b 88 ,dP IP'`Yb `"" 88 ,8P 8888888P"" gg I8 8I 88aaaad8P"" 88 """" I8 8' 88""""""""""gg gg 88 gg ,ggg,,g...",decompyle3:not_run:;pylingual:not_run:
cpython-313,data/rq3/cpython-3.13/unique_bug_pyc/cpython-313-0b9d64aedcf2.pyc,unconfirmed,original bytecode status ok:,ok,,,"decompyle3:error:# decompyle3 version 3.9.3 # Python bytecode version base 3.13.0 (3571) # Decompiled from: Python 3.13.13 (main, Jun 2 2026, 22:27:49) [Clang 22.1.3 ] # Embedded file name: data/rq3/cpython-3.13/unittest_seeds/raw/cpython_case_test_descr...;pylingual:error:──────────────────────────────────────────────────────────────────────────────── ,ggggggggggg, ,gggg, dP""""""88""""""""""""Y8, d8"" ""8I ,dPYb, Yb, 88 `8b 88 ,dP IP'`Yb `"" 88 ,8P 8888888P"" gg I8 8I 88aaaad8P"" 88 """" I8 8' 88""""""""""gg gg 88 gg ,ggg,,g...",decompyle3:not_run:;pylingual:not_run:
cpython-313,data/rq3/cpython-3.13/unique_bug_pyc/cpython-313-0be9d440bc4b.pyc,unconfirmed,original bytecode status ok:,ok,,,"decompyle3:error:# decompyle3 version 3.9.3 # Python bytecode version base 3.13.0 (3571) # Decompiled from: Python 3.13.13 (main, Jun 2 2026, 22:27:49) [Clang 22.1.3 ] # Embedded file name: data/rq3/cpython-3.13/unittest_seeds/raw/cpython_case_test_httpl...;pylingual:error:──────────────────────────────────────────────────────────────────────────────── ,ggggggggggg, ,gggg, dP""""""88""""""""""""Y8, d8"" ""8I ,dPYb, Yb, 88 `8b 88 ,dP IP'`Yb `"" 88 ,8P 8888888P"" gg I8 8I 88aaaad8P"" 88 """" I8 8' 88""""""""""gg gg 88 gg ,ggg,,g...",decompyle3:not_run:;pylingual:not_run:
cpython-313,data/rq3/cpython-3.13/unique_bug_pyc/cpython-313-0c5604bfa3f9.pyc,no_source,"# decompyle3 version 3.9.3 # Python bytecode version base 3.13.0 (3571) # Decompiled from: Python 3.13.13 (main, Jun 2 2026, 22:27:49) [Clang 22.1.3 ] # Embedded file name: data/rq3/cpython-3.13/unittest_seeds/raw/cpython_case_test_wave_...",crash,signal_11:,,"decompyle3:error:# decompyle3 version 3.9.3 # Python bytecode version base 3.13.0 (3571) # Decompiled from: Python 3.13.13 (main, Jun 2 2026, 22:27:49) [Clang 22.1.3 ] # Embedded file name: data/rq3/cpython-3.13/unittest_seeds/raw/cpython_case_test_wave_...;pylingual:error:──────────────────────────────────────────────────────────────────────────────── ,ggggggggggg, ,gggg, dP""""""88""""""""""""Y8, d8"" ""8I ,dPYb, Yb, 88 `8b 88 ,dP IP'`Yb `"" 88 ,8P 8888888P"" gg I8 8I 88aaaad8P"" 88 """" I8 8' 88""""""""""gg gg 88 gg ,ggg,,g...",decompyle3:not_run:;pylingual:not_run:
cpython-313,data/rq3/cpython-3.13/unique_bug_pyc/cpython-313-0c8effed2f6d.pyc,unconfirmed,original bytecode status ok:,ok,,,"decompyle3:error:# decompyle3 version 3.9.3 # Python bytecode version base 3.13.0 (3571) # Decompiled from: Python 3.13.13 (main, Jun 2 2026, 22:27:49) [Clang 22.1.3 ] # Embedded file name: data/rq3/cpython-3.13/unittest_seeds/raw/cpython_case_test_compa...;pylingual:error:──────────────────────────────────────────────────────────────────────────────── ,ggggggggggg, ,gggg, dP""""""88""""""""""""Y8, d8"" ""8I ,dPYb, Yb, 88 `8b 88 ,dP IP'`Yb `"" 88 ,8P 8888888P"" gg I8 8I 88aaaad8P"" 88 """" I8 8' 88""""""""""gg gg 88 gg ,ggg,,g...",decompyle3:not_run:;pylingual:not_run:
cpython-313,data/rq3/cpython-3.13/unique_bug_pyc/cpython-313-0d4921d46dd5.pyc,no_source,"# decompyle3 version 3.9.3 # Python bytecode version base 3.13.0 (3571) # Decompiled from: Python 3.13.13 (main, Jun 2 2026, 22:27:49) [Clang 22.1.3 ] # Embedded file name: data/rq3/cpython-3.13/unittest_seeds/raw/cpython_case_test_print...",crash,signal_11:,,"decompyle3:error:# decompyle3 version 3.9.3 # Python bytecode version base 3.13.0 (3571) # Decompiled from: Python 3.13.13 (main, Jun 2 2026, 22:27:49) [Clang 22.1.3 ] # Embedded file name: data/rq3/cpython-3.13/unittest_seeds/raw/cpython_case_test_print...;pylingual:error:──────────────────────────────────────────────────────────────────────────────── ,ggggggggggg, ,gggg, dP""""""88""""""""""""Y8, d8"" ""8I ,dPYb, Yb, 88 `8b 88 ,dP IP'`Yb `"" 88 ,8P 8888888P"" gg I8 8I 88aaaad8P"" 88 """" I8 8' 88""""""""""gg gg 88 gg ,ggg,,g...",decompyle3:not_run:;pylingual:not_run:
cpython-313,data/rq3/cpython-3.13/unique_bug_pyc/cpython-313-0e46093e479d.pyc,unconfirmed,original bytecode status ok:,ok,,,"decompyle3:error:# decompyle3 version 3.9.3 # Python bytecode version base 3.13.0 (3571) # Decompiled from: Python 3.13.13 (main, Jun 2 2026, 22:27:49) [Clang 22.1.3 ] # Embedded file name: data/rq3/cpython-3.13/unittest_seeds/raw/cpython_case_test_Sourc...;pylingual:error:──────────────────────────────────────────────────────────────────────────────── ,ggggggggggg, ,gggg, dP""""""88""""""""""""Y8, d8"" ""8I ,dPYb, Yb, 88 `8b 88 ,dP IP'`Yb `"" 88 ,8P 8888888P"" gg I8 8I 88aaaad8P"" 88 """" I8 8' 88""""""""""gg gg 88 gg ,ggg,,g...",decompyle3:not_run:;pylingual:not_run:
cpython-313,data/rq3/cpython-3.13/unique_bug_pyc/cpython-313-0ef1c51abe04.pyc,unconfirmed,original bytecode status ok:,ok,,,"decompyle3:error:# decompyle3 version 3.9.3 # Python bytecode version base 3.13.0 (3571) # Decompiled from: Python 3.13.13 (main, Jun 2 2026, 22:27:49) [Clang 22.1.3 ] # Embedded file name: data/rq3/cpython-3.13/unittest_seeds/raw/cpython_case_test_argpa...;pylingual:error:──────────────────────────────────────────────────────────────────────────────── ,ggggggggggg, ,gggg, dP""""""88""""""""""""Y8, d8"" ""8I ,dPYb, Yb, 88 `8b 88 ,dP IP'`Yb `"" 88 ,8P 8888888P"" gg I8 8I 88aaaad8P"" 88 """" I8 8' 88""""""""""gg gg 88 gg ,ggg,,g...",decompyle3:not_run:;pylingual:not_run:
cpython-313,data/rq3/cpython-3.13/unique_bug_pyc/cpython-313-0f0c3b71c42c.pyc,unconfirmed,original bytecode status ok:,ok,,,"decompyle3:error:# decompyle3 version 3.9.3 # Python bytecode version base 3.13.0 (3571) # Decompiled from: Python 3.13.13 (main, Jun 2 2026, 22:27:49) [Clang 22.1.3 ] # Embedded file name: data/rq3/cpython-3.13/unittest_seeds/raw/cpython_cbse_test_math_...;pylingual:error:──────────────────────────────────────────────────────────────────────────────── ,ggggggggggg, ,gggg, dP""""""88""""""""""""Y8, d8"" ""8I ,dPYb, Yb, 88 `8b 88 ,dP IP'`Yb `"" 88 ,8P 8888888P"" gg I8 8I 88aaaad8P"" 88 """" I8 8' 88""""""""""gg gg 88 gg ,ggg,,g...",decompyle3:not_run:;pylingual:not_run:
cpython-313,data/rq3/cpython-3.13/unique_bug_pyc/cpython-313-1260b331fa8d.pyc,unconfirmed,original bytecode status ok:,ok,,,"decompyle3:error:# decompyle3 version 3.9.3 # Python bytecode version base 3.13.0 (3571) # Decompiled from: Python 3.13.13 (main, Jun 2 2026, 22:27:49) [Clang 22.1.3 ] # Embedded file name: data/rq3/cpython-3.13/unittest_seeds/raw/cpython_case_test_opcac...;pylingual:error:──────────────────────────────────────────────────────────────────────────────── ,ggggggggggg, ,gggg, dP""""""88""""""""""""Y8, d8"" ""8I ,dPYb, Yb, 88 `8b 88 ,dP IP'`Yb `"" 88 ,8P 8888888P"" gg I8 8I 88aaaad8P"" 88 """" I8 8' 88""""""""""gg gg 88 gg ,ggg,,g...",decompyle3:not_run:;pylingual:not_run:
cpython-313,data/rq3/cpython-3.13/unique_bug_pyc/cpython-313-14c186491f5a.pyc,unconfirmed,original bytecode status ok:,ok,,,"decompyle3:error:# decompyle3 version 3.9.3 # Python bytecode version base 3.13.0 (3571) # Decompiled from: Python 3.13.13 (main, Jun 2 2026, 22:27:49) [Clang 22.1.3 ] # Embedded file name: data/rq3/cpython-3.13/unittest_seeds/raw/cpython_case_test_dict_...;pylingual:error:──────────────────────────────────────────────────────────────────────────────── ,ggggggggggg, ,gggg, dP""""""88""""""""""""Y8, d8"" ""8I ,dPYb, Yb, 88 `8b 88 ,dP IP'`Yb `"" 88 ,8P 8888888P"" gg I8 8I 88aaaad8P"" 88 """" I8 8' 88""""""""""gg gg 88 gg ,ggg,,g...",decompyle3:not_run:;pylingual:not_run:
cpython-313,data/rq3/cpython-3.13/unique_bug_pyc/cpython-313-1542741758cc.pyc,unconfirmed,original bytecode status ok:,ok,,,"decompyle3:error:# decompyle3 version 3.9.3 # Python bytecode version base 3.13.0 (3571) # Decompiled from: Python 3.13.13 (main, Jun 2 2026, 22:27:49) [Clang 22.1.3 ] # Embedded file name: data/rq3/cpython-3.13/unittest_seeds/raw/cpython_case_test_syslo...;pylingual:error:──────────────────────────────────────────────────────────────────────────────── ,ggggggggggg, ,gggg, dP""""""88""""""""""""Y8, d8"" ""8I ,dPYb, Yb, 88 `8b 88 ,dP IP'`Yb `"" 88 ,8P 8888888P"" gg I8 8I 88aaaad8P"" 88 """" I8 8' 88""""""""""gg gg 88 gg ,ggg,,g...",decompyle3:not_run:;pylingual:not_run:
cpython-313,data/rq3/cpython-3.13/unique_bug_pyc/cpython-313-1585a92f8eaa.pyc,unconfirmed,original bytecode status ok:,ok,,,"decompyle3:error:# decompyle3 version 3.9.3 # Python bytecode version base 3.13.0 (3571) # Decompiled from: Python 3.13.13 (main, Jun 2 2026, 22:27:49) [Clang 22.1.3 ] # Embedded file name: data/rq3/cpython-3.13/unittest_seeds/raw/cpython_case_test_copy_...;pylingual:error:──────────────────────────────────────────────────────────────────────────────── ,ggggggggggg, ,gggg, dP""""""88""""""""""""Y8, d8"" ""8I ,dPYb, Yb, 88 `8b 88 ,dP IP'`Yb `"" 88 ,8P 8888888P"" gg I8 8I 88aaaad8P"" 88 """" I8 8' 88""""""""""gg gg 88 gg ,ggg,,g...",decompyle3:not_run:;pylingual:not_run:
cpython-313,data/rq3/cpython-3.13/unique_bug_pyc/cpython-313-16d45aed7cdd.pyc,no_source,"# decompyle3 version 3.9.3 # Python bytecode version base 3.13.0 (3571) # Decompiled from: Python 3.13.13 (main, Jun 2 2026, 22:27:49) [Clang 22.1.3 ] # Embedded file name: data/rq3/cpython-3.13/unittest_seeds/raw/cpython_case_test_sax_M...",crash,signal_11:,,"decompyle3:error:# decompyle3 version 3.9.3 # Python bytecode version base 3.13.0 (3571) # Decompiled from: Python 3.13.13 (main, Jun 2 2026, 22:27:49) [Clang 22.1.3 ] # Embedded file name: data/rq3/cpython-3.13/unittest_seeds/raw/cpython_case_test_sax_M...;pylingual:error:──────────────────────────────────────────────────────────────────────────────── ,ggggggggggg, ,gggg, dP""""""88""""""""""""Y8, d8"" ""8I ,dPYb, Yb, 88 `8b 88 ,dP IP'`Yb `"" 88 ,8P 8888888P"" gg I8 8I 88aaaad8P"" 88 """" I8 8' 88""""""""""gg gg 88 gg ,ggg,,g...",decompyle3:not_run:;pylingual:not_run:
cpython-313,data/rq3/cpython-3.13/unique_bug_pyc/cpython-313-179bd16db932.pyc,no_source,"# decompyle3 version 3.9.3 # Python bytecode version base 3.13.0 (3571) # Decompiled from: Python 3.13.13 (main, Jun 2 2026, 22:27:49) [Clang 22.1.3 ] # Embedded file name: data/rq3/cpython-3.13/unittest_seeds/raw/cpython_case_test_fract...",crash,signal_11:,,"decompyle3:error:# decompyle3 version 3.9.3 # Python bytecode version base 3.13.0 (3571) # Decompiled from: Python 3.13.13 (main, Jun 2 2026, 22:27:49) [Clang 22.1.3 ] # Embedded file name: data/rq3/cpython-3.13/unittest_seeds/raw/cpython_case_test_fract...;pylingual:error:──────────────────────────────────────────────────────────────────────────────── ,ggggggggggg, ,gggg, dP""""""88""""""""""""Y8, d8"" ""8I ,dPYb, Yb, 88 `8b 88 ,dP IP'`Yb `"" 88 ,8P 8888888P"" gg I8 8I 88aaaad8P"" 88 """" I8 8' 88""""""""""gg gg 88 gg ,ggg,,g...",decompyle3:not_run:;pylingual:not_run:
cpython-313,data/rq3/cpython-3.13/unique_bug_pyc/cpython-313-18fa0fa6b111.pyc,unconfirmed,original bytecode status ok:,ok,,,"decompyle3:error:# decompyle3 version 3.9.3 # Python bytecode version base 3.13.0 (3571) # Decompiled from: Python 3.13.13 (main, Jun 2 2026, 22:27:49) [Clang 22.1.3 ] # Embedded file name: data/rq3/cpython-3.13/unittest_seeds/raw/cpython_case_test_csv_T...;pylingual:error:──────────────────────────────────────────────────────────────────────────────── ,ggggggggggg, ,gggg, dP""""""88""""""""""""Y8, d8"" ""8I ,dPYb, Yb, 88 `8b 88 ,dP IP'`Yb `"" 88 ,8P 8888888P"" gg I8 8I 88aaaad8P"" 88 """" I8 8' 88""""""""""gg gg 88 gg ,ggg,,g...",decompyle3:not_run:;pylingual:not_run:
cpython-313,data/rq3/cpython-3.13/unique_bug_pyc/cpython-313-19b59c31258b.pyc,unconfirmed,original bytecode status ok:,ok,,,"decompyle3:error:# decompyle3 version 3.9.3 # Python bytecode version base 3.13.0 (3571) # Decompiled from: Python 3.13.13 (main, Jun 2 2026, 22:27:49) [Clang 22.1.3 ] # Embedded file name: data/rq3/cpython-3.13/unittest_seeds/raw/cpython_case_test_sys_S...;pylingual:error:──────────────────────────────────────────────────────────────────────────────── ,ggggggggggg, ,gggg, dP""""""88""""""""""""Y8, d8"" ""8I ,dPYb, Yb, 88 `8b 88 ,dP IP'`Yb `"" 88 ,8P 8888888P"" gg I8 8I 88aaaad8P"" 88 """" I8 8' 88""""""""""gg gg 88 gg ,ggg,,g...",decompyle3:not_run:;pylingual:not_run:
cpython-313,data/rq3/cpython-3.13/unique_bug_pyc/cpython-313-1bc9ccbfc6bb.pyc,no_source,/home/awen/git/PybcSEC/PycLens/data/rq2/envs/cpython-313/lib/python3.13/site-packages/click/core.py:1307: UserWarning: The parameter --version is used more than once. Remove its duplicate as parameters should be unique. parser = self.mak...,exit_1,"Traceback (most recent call last): File ""/home/awen/git/PybcSEC/PycLens/data/rq4/harness.py"", line 26, in <module> exec(code, namespace, namespace) ~~~~^^^^^^^^^^^^^^^^^^^^^^^^^^^^ File ""data/rq3/cpython-3.13/unittest_seeds/raw/cpython_c...",,"decompyle3:exit_2:/home/awen/git/PybcSEC/PycLens/data/rq2/envs/cpython-313/lib/python3.13/site-packages/click/core.py:1307: UserWarning: The parameter --version is used more than once. Remove its duplicate as parameters should be unique. parser = self.mak...;pylingual:error:──────────────────────────────────────────────────────────────────────────────── ,ggggggggggg, ,gggg, dP""""""88""""""""""""Y8, d8"" ""8I ,dPYb, Yb, 88 `8b 88 ,dP IP'`Yb `"" 88 ,8P 8888888P"" gg I8 8I 88aaaad8P"" 88 """" I8 8' 88""""""""""gg gg 88 gg ,ggg,,g...",decompyle3:not_run:;pylingual:not_run:
cpython-313,data/rq3/cpython-3.13/unique_bug_pyc/cpython-313-2293b72ed067.pyc,unconfirmed,original bytecode status ok:,ok,,,"decompyle3:error:# decompyle3 version 3.9.3 # Python bytecode version base 3.13.0 (3571) # Decompiled from: Python 3.13.13 (main, Jun 2 2026, 22:27:49) [Clang 22.1.3 ] # Embedded file name: data/rq3/cpython-3.13/unittest_seeds/raw/cpython_case_test_sax_M...;pylingual:error:──────────────────────────────────────────────────────────────────────────────── ,ggggggggggg, ,gggg, dP""""""88""""""""""""Y8, d8"" ""8I ,dPYb, Yb, 88 `8b 88 ,dP IP'`Yb `"" 88 ,8P 8888888P"" gg I8 8I 88aaaad8P"" 88 """" I8 8' 88""""""""""gg gg 88 gg ,ggg,,g...",decompyle3:not_run:;pylingual:not_run:
cpython-313,data/rq3/cpython-3.13/unique_bug_pyc/cpython-313-249356d3ff80.pyc,unconfirmed,original bytecode status ok:,ok,,,"decompyle3:error:# decompyle3 version 3.9.3 # Python bytecode version base 3.13.0 (3571) # Decompiled from: Python 3.13.13 (main, Jun 2 2026, 22:27:49) [Clang 22.1.3 ] # Embedded file name: data/rq3/cpython-3.13/unittest_seeds/raw/cpython_case_test_types...;pylingual:error:──────────────────────────────────────────────────────────────────────────────── ,ggggggggggg, ,gggg, dP""""""88""""""""""""Y8, d8"" ""8I ,dPYb, Yb, 88 `8b 88 ,dP IP'`Yb `"" 88 ,8P 8888888P"" gg I8 8I 88aaaad8P"" 88 """" I8 8' 88""""""""""gg gg 88 gg ,ggg,,g...",decompyle3:not_run:;pylingual:not_run:
cpython-313,data/rq3/cpython-3.13/unique_bug_pyc/cpython-313-24cb6d088b59.pyc,no_source,"# decompyle3 version 3.9.3 # Python bytecode version base 3.13.0 (3571) # Decompiled from: Python 3.13.13 (main, Jun 2 2026, 22:27:49) [Clang 22.1.3 ] # Embedded file name: data/rq3/cpython-3.13/unittest_seeds/raw/cpython_case_test_Sourc...",crash,signal_11:,,"decompyle3:error:# decompyle3 version 3.9.3 # Python bytecode version base 3.13.0 (3571) # Decompiled from: Python 3.13.13 (main, Jun 2 2026, 22:27:49) [Clang 22.1.3 ] # Embedded file name: data/rq3/cpython-3.13/unittest_seeds/raw/cpython_case_test_Sourc...;pylingual:error:──────────────────────────────────────────────────────────────────────────────── ,ggggggggggg, ,gggg, dP""""""88""""""""""""Y8, d8"" ""8I ,dPYb, Yb, 88 `8b 88 ,dP IP'`Yb `"" 88 ,8P 8888888P"" gg I8 8I 88aaaad8P"" 88 """" I8 8' 88""""""""""gg gg 88 gg ,ggg,,g...",decompyle3:not_run:;pylingual:not_run:
cpython-313,data/rq3/cpython-3.13/unique_bug_pyc/cpython-313-260c715a077c.pyc,unconfirmed,original bytecode status ok:,ok,,,"decompyle3:error:# decompyle3 version 3.9.3 # Python bytecode version base 3.13.0 (3571) # Decompiled from: Python 3.13.13 (main, Jun 2 2026, 22:27:49) [Clang 22.1.3 ] # Embedded file name: data/rq3/cpython-3.13/unittest_seeds/raw/cpython_case_test_fault...;pylingual:error:──────────────────────────────────────────────────────────────────────────────── ,ggggggggggg, ,gggg, dP""""""88""""""""""""Y8, d8"" ""8I ,dPYb, Yb, 88 `8b 88 ,dP IP'`Yb `"" 88 ,8P 8888888P"" gg I8 8I 88aaaad8P"" 88 """" I8 8' 88""""""""""gg gg 88 gg ,ggg,,g...",decompyle3:not_run:;pylingual:not_run:
cpython-313,data/rq3/cpython-3.13/unique_bug_pyc/cpython-313-2665762e093d.pyc,unconfirmed,original bytecode status ok:,ok,,,"decompyle3:error:# decompyle3 version 3.9.3 # Python bytecode version base 3.13.0 (3571) # Decompiled from: Python 3.13.13 (main, Jun 2 2026, 22:27:49) [Clang 22.1.3 ] # Embedded file name: data/rq3/cpython-3.13/unittest_seeds/raw/cpython_case_test_io_Te...;pylingual:error:──────────────────────────────────────────────────────────────────────────────── ,ggggggggggg, ,gggg, dP""""""88""""""""""""Y8, d8"" ""8I ,dPYb, Yb, 88 `8b 88 ,dP IP'`Yb `"" 88 ,8P 8888888P"" gg I8 8I 88aaaad8P"" 88 """" I8 8' 88""""""""""gg gg 88 gg ,ggg,,g...",decompyle3:not_run:;pylingual:not_run:
cpython-313,data/rq3/cpython-3.13/unique_bug_pyc/cpython-313-28b5d302b523.pyc,unconfirmed,original bytecode status ok:,ok,,,"decompyle3:error:# decompyle3 version 3.9.3 # Python bytecode version base 3.13.0 (3571) # Decompiled from: Python 3.13.13 (main, Jun 2 2026, 22:27:49) [Clang 22.1.3 ] # Embedded file name: data/rq3/cpython-3.13/unittest_seeds/raw/cpython_case_test_dictc...;pylingual:error:──────────────────────────────────────────────────────────────────────────────── ,ggggggggggg, ,gggg, dP""""""88""""""""""""Y8, d8"" ""8I ,dPYb, Yb, 88 `8b 88 ,dP IP'`Yb `"" 88 ,8P 8888888P"" gg I8 8I 88aaaad8P"" 88 """" I8 8' 88""""""""""gg gg 88 gg ,ggg,,g...",decompyle3:not_run:;pylingual:not_run:
cpython-313,data/rq3/cpython-3.13/unique_bug_pyc/cpython-313-295c46132455.pyc,no_source,"# decompyle3 version 3.9.3 # Python bytecode version base 3.13.0 (3571) # Decompiled from: Python 3.13.13 (main, Jun 2 2026, 22:27:49) [Clang 22.1.3 ] # Embedded file name: data/rq3/cpython-3.13/unittest_seeds/raw/cpython_case_test_yield...",crash,signal_11:,,"decompyle3:error:# decompyle3 version 3.9.3 # Python bytecode version base 3.13.0 (3571) # Decompiled from: Python 3.13.13 (main, Jun 2 2026, 22:27:49) [Clang 22.1.3 ] # Embedded file name: data/rq3/cpython-3.13/unittest_seeds/raw/cpython_case_test_yield...;pylingual:error:──────────────────────────────────────────────────────────────────────────────── ,ggggggggggg, ,gggg, dP""""""88""""""""""""Y8, d8"" ""8I ,dPYb, Yb, 88 `8b 88 ,dP IP'`Yb `"" 88 ,8P 8888888P"" gg I8 8I 88aaaad8P"" 88 """" I8 8' 88""""""""""gg gg 88 gg ,ggg,,g...",decompyle3:not_run:;pylingual:not_run:
cpython-313,data/rq3/cpython-3.13/unique_bug_pyc/cpython-313-29976b5b14f7.pyc,unconfirmed,original bytecode status ok:,ok,,,"decompyle3:error:# decompyle3 version 3.9.3 # Python bytecode version base 3.13.0 (3571) # Decompiled from: Python 3.13.13 (main, Jun 2 2026, 22:27:49) [Clang 22.1.3 ] # Embedded file name: data/rq3/cpython-3.13/unittest_seeds/raw/cpython_case_test_descr...;pylingual:error:──────────────────────────────────────────────────────────────────────────────── ,ggggggggggg, ,gggg, dP""""""88""""""""""""Y8, d8"" ""8I ,dPYb, Yb, 88 `8b 88 ,dP IP'`Yb `"" 88 ,8P 8888888P"" gg I8 8I 88aaaad8P"" 88 """" I8 8' 88""""""""""gg gg 88 gg ,ggg,,g...",decompyle3:not_run:;pylingual:not_run:
cpython-313,data/rq3/cpython-3.13/unique_bug_pyc/cpython-313-2a21bed1780c.pyc,unconfirmed,original bytecode status ok:,ok,,,"decompyle3:error:# decompyle3 version 3.9.3 # Python bytecode version base 3.13.0 (3571) # Decompiled from: Python 3.13.13 (main, Jun 2 2026, 22:27:49) [Clang 22.1.3 ] # Embedded file name: data/rq3/cpython-3.13/unittest_seeds/raw/cpython_case_test_clini...;pylingual:error:──────────────────────────────────────────────────────────────────────────────── ,ggggggggggg, ,gggg, dP""""""88""""""""""""Y8, d8"" ""8I ,dPYb, Yb, 88 `8b 88 ,dP IP'`Yb `"" 88 ,8P 8888888P"" gg I8 8I 88aaaad8P"" 88 """" I8 8' 88""""""""""gg gg 88 gg ,ggg,,g...",decompyle3:not_run:;pylingual:not_run:
cpython-313,data/rq3/cpython-3.13/unique_bug_pyc/cpython-313-2a78cb211328.pyc,unconfirmed,original bytecode status ok:,ok,,,"decompyle3:error:# decompyle3 version 3.9.3 # Python bytecode version base 3.13.0 (3571) # Decompiled from: Python 3.13.13 (main, Jun 2 2026, 22:27:49) [Clang 22.1.3 ] # Embedded file name: data/rq3/cpython-3.13/unittest_seeds/raw/cpython_case_test_basee...;pylingual:error:──────────────────────────────────────────────────────────────────────────────── ,ggggggggggg, ,gggg, dP""""""88""""""""""""Y8, d8"" ""8I ,dPYb, Yb, 88 `8b 88 ,dP IP'`Yb `"" 88 ,8P 8888888P"" gg I8 8I 88aaaad8P"" 88 """" I8 8' 88""""""""""gg gg 88 gg ,ggg,,g...",decompyle3:not_run:;pylingual:not_run:
cpython-313,data/rq3/cpython-3.13/unique_bug_pyc/cpython-313-2ad91eed828a.pyc,unconfirmed,original bytecode status ok:,ok,,,"decompyle3:error:# decompyle3 version 3.9.3 # Python bytecode version base 3.13.0 (3571) # Decompiled from: Python 3.13.13 (main, Jun 2 2026, 22:27:49) [Clang 22.1.3 ] # Embedded file name: data/rq3/cpython-3.13/unittest_seeds/raw/cpython_case_test_stati...;pylingual:error:──────────────────────────────────────────────────────────────────────────────── ,ggggggggggg, ,gggg, dP""""""88""""""""""""Y8, d8"" ""8I ,dPYb, Yb, 88 `8b 88 ,dP IP'`Yb `"" 88 ,8P 8888888P"" gg I8 8I 88aaaad8P"" 88 """" I8 8' 88""""""""""gg gg 88 gg ,ggg,,g...",decompyle3:not_run:;pylingual:not_run:
cpython-313,data/rq3/cpython-3.13/unique_bug_pyc/cpython-313-2b3844b1ad7b.pyc,unconfirmed,original bytecode status ok:,ok,,,"decompyle3:error:# decompyle3 version 3.9.3 # Python bytecode version base 3.13.0 (3571) # Decompiled from: Python 3.13.13 (main, Jun 2 2026, 22:27:49) [Clang 22.1.3 ] # Embedded file name: data/rq3/cpython-3.13/unittest_seeds/raw/cpython_case_test_yield...;pylingual:error:──────────────────────────────────────────────────────────────────────────────── ,ggggggggggg, ,gggg, dP""""""88""""""""""""Y8, d8"" ""8I ,dPYb, Yb, 88 `8b 88 ,dP IP'`Yb `"" 88 ,8P 8888888P"" gg I8 8I 88aaaad8P"" 88 """" I8 8' 88""""""""""gg gg 88 gg ,ggg,,g...",decompyle3:not_run:;pylingual:not_run:
cpython-313,data/rq3/cpython-3.13/unique_bug_pyc/cpython-313-2b9d8a68b1b6.pyc,unconfirmed,original bytecode status ok:,ok,,,"decompyle3:error:# decompyle3 version 3.9.3 # Python bytecode version base 3.13.0 (3571) # Decompiled from: Python 3.13.13 (main, Jun 2 2026, 22:27:49) [Clang 22.1.3 ] # Embedded file name: data/rq3/cpython-3.13/unittest_seeds/raw/cpython_case_test_selec...;pylingual:error:──────────────────────────────────────────────────────────────────────────────── ,ggggggggggg, ,gggg, dP""""""88""""""""""""Y8, d8"" ""8I ,dPYb, Yb, 88 `8b 88 ,dP IP'`Yb `"" 88 ,8P 8888888P"" gg I8 8I 88aaaad8P"" 88 """" I8 8' 88""""""""""gg gg 88 gg ,ggg,,g...",decompyle3:not_run:;pylingual:not_run:
cpython-313,data/rq3/cpython-3.13/unique_bug_pyc/cpython-313-2d1b8bbf49f4.pyc,unconfirmed,original bytecode status ok:,ok,,,"decompyle3:error:# decompyle3 version 3.9.3 # Python bytecode version base 3.13.0 (3571) # Decompiled from: Python 3.13.13 (main, Jun 2 2026, 22:27:49) [Clang 22.1.3 ] # Embedded file name: data/rq3/cpython-3.13/unittest_seeds/raw/cpython_case_tes\\0\\0\\0\\0\\0\\0\\0...;pylingual:error:──────────────────────────────────────────────────────────────────────────────── ,ggggggggggg, ,gggg, dP""""""88""""""""""""Y8, d8"" ""8I ,dPYb, Yb, 88 `8b 88 ,dP IP'`Yb `"" 88 ,8P 8888888P"" gg I8 8I 88aaaad8P"" 88 """" I8 8' 88""""""""""gg gg 88 gg ,ggg,,g...",decompyle3:not_run:;pylingual:not_run:
cpython-313,data/rq3/cpython-3.13/unique_bug_pyc/cpython-313-2ebfe7f3beb3.pyc,unconfirmed,original bytecode status ok:,ok,,,"decompyle3:error:# decompyle3 version 3.9.3 # Python bytecode version base 3.13.0 (3571) # Decompiled from: Python 3.13.13 (main, Jun 2 2026, 22:27:49) [Clang 22.1.3 ] # Embedded file name: data/rq3/cpython-3.13/unittest_seeds/raw/cpython_case_test_embed...;pylingual:error:──────────────────────────────────────────────────────────────────────────────── ,ggggggggggg, ,gggg, dP""""""88""""""""""""Y8, d8"" ""8I ,dPYb, Yb, 88 `8b 88 ,dP IP'`Yb `"" 88 ,8P 8888888P"" gg I8 8I 88aaaad8P"" 88 """" I8 8' 88""""""""""gg gg 88 gg ,ggg,,g...",decompyle3:not_run:;pylingual:not_run:
cpython-313,data/rq3/cpython-3.13/unique_bug_pyc/cpython-313-303ca41b2b90.pyc,unconfirmed,original bytecode status ok:,ok,,,"decompyle3:error:# decompyle3 version 3.9.3 # Python bytecode version base 3.13.0 (3571) # Decompiled from: Python 3.13.13 (main, Jun 2 2026, 22:27:49) [Clang 22.1.3 ] # Embedded file name: data/rq3/cpython-3.13/unittest_seeds/raw/cpython_ase_test_sax_M...;pylingual:error:──────────────────────────────────────────────────────────────────────────────── ,ggggggggggg, ,gggg, dP""""""88""""""""""""Y8, d8"" ""8I ,dPYb, Yb, 88 `8b 88 ,dP IP'`Yb `"" 88 ,8P 8888888P"" gg I8 8I 88aaaad8P"" 88 """" I8 8' 88""""""""""gg gg 88 gg ,ggg,,g...",decompyle3:not_run:;pylingual:not_run:
cpython-313,data/rq3/cpython-3.13/unique_bug_pyc/cpython-313-3103d789d816.pyc,unconfirmed,original bytecode status ok:,ok,,,"decompyle3:error:# decompyle3 version 3.9.3 # Python bytecode version base 3.13.0 (3571) # Decompiled from: Python 3.13.13 (main, Jun 2 2026, 22:27:49) [Clang 22.1.3 ] # Embedded file name: data/rq3/cpython-3.13/unittest_seeds/raw/cpython_case_test_argpa...;pylingual:error:──────────────────────────────────────────────────────────────────────────────── ,ggggggggggg, ,gggg, dP""""""88""""""""""""Y8, d8"" ""8I ,dPYb, Yb, 88 `8b 88 ,dP IP'`Yb `"" 88 ,8P 8888888P"" gg I8 8I 88aaaad8P"" 88 """" I8 8' 88""""""""""gg gg 88 gg ,ggg,,g...",decompyle3:not_run:;pylingual:not_run:
cpython-313,data/rq3/cpython-3.13/unique_bug_pyc/cpython-313-33e492d140df.pyc,unconfirmed,original bytecode status ok:,ok,,,"decompyle3:error:# decompyle3 version 3.9.3 # Python bytecode version base 3.13.0 (3571) # Decompiled from: Python 3.13.13 (main, Jun 2 2026, 22:27:49) [Clang 22.1.3 ] # Embedded file name: data/rq3/cpython-3.13/unittest_seeds/raw/cpython_case_test_gener...;pylingual:error:──────────────────────────────────────────────────────────────────────────────── ,ggggggggggg, ,gggg, dP""""""88""""""""""""Y8, d8"" ""8I ,dPYb, Yb, 88 `8b 88 ,dP IP'`Yb `"" 88 ,8P 8888888P"" gg I8 8I 88aaaad8P"" 88 """" I8 8' 88""""""""""gg gg 88 gg ,ggg,,g...",decompyle3:not_run:;pylingual:not_run:
cpython-313,data/rq3/cpython-3.13/unique_bug_pyc/cpython-313-35b57046cf24.pyc,no_source,"# decompyle3 version 3.9.3 # Python bytecode version base 3.13.0 (3571) # Decompiled from: Python 3.13.13 (main, Jun 2 2026, 22:27:49) [Clang 22.1.3 ] # Embedded file name: data/rq3/cpython-3.13/unittest_seeds/raw/cpython_case_test_ipadd...",crash,signal_11:,,"decompyle3:error:# decompyle3 version 3.9.3 # Python bytecode version base 3.13.0 (3571) # Decompiled from: Python 3.13.13 (main, Jun 2 2026, 22:27:49) [Clang 22.1.3 ] # Embedded file name: data/rq3/cpython-3.13/unittest_seeds/raw/cpython_case_test_ipadd...;pylingual:error:──────────────────────────────────────────────────────────────────────────────── ,ggggggggggg, ,gggg, dP""""""88""""""""""""Y8, d8"" ""8I ,dPYb, Yb, 88 `8b 88 ,dP IP'`Yb `"" 88 ,8P 8888888P"" gg I8 8I 88aaaad8P"" 88 """" I8 8' 88""""""""""gg gg 88 gg ,ggg,,g...",decompyle3:not_run:;pylingual:not_run:
cpython-313,data/rq3/cpython-3.13/unique_bug_pyc/cpython-313-38808faaf1e8.pyc,unconfirmed,original bytecode status ok:,ok,,,"decompyle3:error:# decompyle3 version 3.9.3 # Python bytecode version base 3.13.0 (3571) # Decompiled from: Python 3.13.13 (main, Jun 2 2026, 22:27:49) [Clang 22.1.3 ] # Embedded file name: data/rq#/cpython-3.13/unittest_seeds/raw/cpython_case_test_str_S...;pylingual:error:──────────────────────────────────────────────────────────────────────────────── ,ggggggggggg, ,gggg, dP""""""88""""""""""""Y8, d8"" ""8I ,dPYb, Yb, 88 `8b 88 ,dP IP'`Yb `"" 88 ,8P 8888888P"" gg I8 8I 88aaaad8P"" 88 """" I8 8' 88""""""""""gg gg 88 gg ,ggg,,g...",decompyle3:not_run:;pylingual:not_run:
cpython-313,data/rq3/cpython-3.13/unique_bug_pyc/cpython-313-390febf1b60e.pyc,unconfirmed,original bytecode status ok:,ok,,,"decompyle3:error:# decompyle3 version 3.9.3 # Python bytecode version base 3.13.0 (3571) # Decompiled from: Python 3.13.13 (main, Jun 2 2026, 22:27:49) [Clang 22.1.3 ] # Embedded file name: data/rq3/cpython-3.13/unittest_seeds/raw/cpython_case_test_rando...;pylingual:error:──────────────────────────────────────────────────────────────────────────────── ,ggggggggggg, ,gggg, dP""""""88""""""""""""Y8, d8"" ""8I ,dPYb, Yb, 88 `8b 88 ,dP IP'`Yb `"" 88 ,8P 8888888P"" gg I8 8I 88aaaad8P"" 88 """" I8 8' 88""""""""""gg gg 88 gg ,ggg,,g...",decompyle3:not_run:;pylingual:not_run:
cpython-313,data/rq3/cpython-3.13/unique_bug_pyc/cpython-313-3bd4ca61c902.pyc,no_source,"# decompyle3 version 3.9.3 # Python bytecode version base 3.13.0 (3571) # Decompiled from: Python 3.13.13 (main, Jun 2 2026, 22:27:49) [Clang 22.1.3 ] # Embedded file name: data/rq3/cpython-3.13/unittest_seeds/raw/cpython_case_test_base6...",crash,signal_11:,,"decompyle3:error:# decompyle3 version 3.9.3 # Python bytecode version base 3.13.0 (3571) # Decompiled from: Python 3.13.13 (main, Jun 2 2026, 22:27:49) [Clang 22.1.3 ] # Embedded file name: data/rq3/cpython-3.13/unittest_seeds/raw/cpython_case_test_base6...;pylingual:error:──────────────────────────────────────────────────────────────────────────────── ,ggggggggggg, ,gggg, dP""""""88""""""""""""Y8, d8"" ""8I ,dPYb, Yb, 88 `8b 88 ,dP IP'`Yb `"" 88 ,8P 8888888P"" gg I8 8I 88aaaad8P"" 88 """" I8 8' 88""""""""""gg gg 88 gg ,ggg,,g...",decompyle3:not_run:;pylingual:not_run:
cpython-313,data/rq3/cpython-3.13/unique_bug_pyc/cpython-313-3c235354ab3c.pyc,no_source,"# decompyle3 version 3.9.3 # Python bytecode version base 3.13.0 (3571) # Decompiled from: Python 3.13.13 (main, Jun 2 2026, 22:27:49) [Clang 22.1.3 ] # Embedded file name: data/rq3/cpython-3.13/unittest_seeds/raw/cpython_case_test_patma...",crash,signal_11:,,"decompyle3:error:# decompyle3 version 3.9.3 # Python bytecode version base 3.13.0 (3571) # Decompiled from: Python 3.13.13 (main, Jun 2 2026, 22:27:49) [Clang 22.1.3 ] # Embedded file name: data/rq3/cpython-3.13/unittest_seeds/raw/cpython_case_test_patma...;pylingual:error:──────────────────────────────────────────────────────────────────────────────── ,ggggggggggg, ,gggg, dP""""""88""""""""""""Y8, d8"" ""8I ,dPYb, Yb, 88 `8b 88 ,dP IP'`Yb `"" 88 ,8P 8888888P"" gg I8 8I 88aaaad8P"" 88 """" I8 8' 88""""""""""gg gg 88 gg ,ggg,,g...",decompyle3:not_run:;pylingual:not_run:
cpython-313,data/rq3/cpython-3.13/unique_bug_pyc/cpython-313-412007f7b81e.pyc,unconfirmed,original bytecode status ok:,ok,,,"decompyle3:error:# decompyle3 version 3.9.3 # Python bytecode version base 3.13.0 (3571) # Decompiled from: Python 3.13.13 (main, Jun 2 2026, 22:27:49) [Clang 22.1.3 ] # Embedded file name: data/rq3/cpython-3.13/unittest_seeds/raw/cpython_case_test_gc_GC...;pylingual:error:──────────────────────────────────────────────────────────────────────────────── ,ggggggggggg, ,gggg, dP""""""88""""""""""""Y8, d8"" ""8I ,dPYb, Yb, 88 `8b 88 ,dP IP'`Yb `"" 88 ,8P 8888888P"" gg I8 8I 88aaaad8P"" 88 """" I8 8' 88""""""""""gg gg 88 gg ,ggg,,g...",decompyle3:not_run:;pylingual:not_run:
cpython-313,data/rq3/cpython-3.13/unique_bug_pyc/cpython-313-4122cbe7ad3c.pyc,no_source,"# decompyle3 version 3.9.3 # Python bytecode version base 3.13.0 (3571) # Decompiled from: Python 3.13.13 (main, Jun 2 2026, 22:27:49) [Clang 22.1.3 ] # Embedded file name: data/rq3/cpython-3.13/unittest_seeds/raw/cpython_case_test_ipadd...",crash,"signal_6:Fatal Python error: _PyEval_EvalFrameDefault: Executing a cache. Python runtime state: initialized Current thread 0x0000712928363740 (most recent call first): File ""data/rq3/cpython-3.13/unittest_seeds/raw/cpython_case_test_ipaddress_Net...",,"decompyle3:error:# decompyle3 version 3.9.3 # Python bytecode version base 3.13.0 (3571) # Decompiled from: Python 3.13.13 (main, Jun 2 2026, 22:27:49) [Clang 22.1.3 ] # Embedded file name: data/rq3/cpython-3.13/unittest_seeds/raw/cpython_case_test_ipadd...;pylingual:error:──────────────────────────────────────────────────────────────────────────────── ,ggggggggggg, ,gggg, dP""""""88""""""""""""Y8, d8"" ""8I ,dPYb, Yb, 88 `8b 88 ,dP IP'`Yb `"" 88 ,8P 8888888P"" gg I8 8I 88aaaad8P"" 88 """" I8 8' 88""""""""""gg gg 88 gg ,ggg,,g...",decompyle3:not_run:;pylingual:not_run:
cpython-313,data/rq3/cpython-3.13/unique_bug_pyc/cpython-313-432147075391.pyc,unconfirmed,original bytecode status ok:,ok,,,"decompyle3:error:# decompyle3 version 3.9.3 # Python bytecode version base 3.13.0 (3571) # Decompiled from: Python 3.13.13 (main, Jun 2 2026, 22:27:49) [Clang 22.1.3 ] # Embedded file name: data/rq3/cpython-3.1\\0unittest_seeds/raw/cpython_case_test_copy_...;pylingual:error:──────────────────────────────────────────────────────────────────────────────── ,ggggggggggg, ,gggg, dP""""""88""""""""""""Y8, d8"" ""8I ,dPYb, Yb, 88 `8b 88 ,dP IP'`Yb `"" 88 ,8P 8888888P"" gg I8 8I 88aaaad8P"" 88 """" I8 8' 88""""""""""gg gg 88 gg ,ggg,,g...",decompyle3:not_run:;pylingual:not_run:
cpython-313,data/rq3/cpython-3.13/unique_bug_pyc/cpython-313-437dc676a244.pyc,no_source,/home/awen/git/PybcSEC/PycLens/data/rq2/envs/cpython-313/lib/python3.13/site-packages/click/core.py:1307: UserWarning: The parameter --version is used more than once. Remove its duplicate as parameters should be unique. parser = self.mak...,crash,signal_11:,,"decompyle3:exit_-11:/home/awen/git/PybcSEC/PycLens/data/rq2/envs/cpython-313/lib/python3.13/site-packages/click/core.py:1307: UserWarning: The parameter --version is used more than once. Remove its duplicate as parameters should be unique. parser = self.mak...;pylingual:error:──────────────────────────────────────────────────────────────────────────────── ,ggggggggggg, ,gggg, dP""""""88""""""""""""Y8, d8"" ""8I ,dPYb, Yb, 88 `8b 88 ,dP IP'`Yb `"" 88 ,8P 8888888P"" gg I8 8I 88aaaad8P"" 88 """" I8 8' 88""""""""""gg gg 88 gg ,ggg,,g...",decompyle3:not_run:;pylingual:not_run:
cpython-313,data/rq3/cpython-3.13/unique_bug_pyc/cpython-313-43a680720b8a.pyc,no_source,"# decompyle3 version 3.9.3 # Python bytecode version base 3.13.0 (3571) # Decompiled from: Python 3.13.13 (main, Jun 2 2026, 22:27:49) [Clang 22.1.3 ] # Embedded file name: data/rq3/cpython-3.13/unittest_seeds/raw/cpython_case_test_xmlrp...",crash,signal_11:,,"decompyle3:error:# decompyle3 version 3.9.3 # Python bytecode version base 3.13.0 (3571) # Decompiled from: Python 3.13.13 (main, Jun 2 2026, 22:27:49) [Clang 22.1.3 ] # Embedded file name: data/rq3/cpython-3.13/unittest_seeds/raw/cpython_case_test_xmlrp...;pylingual:error:──────────────────────────────────────────────────────────────────────────────── ,ggggggggggg, ,gggg, dP""""""88""""""""""""Y8, d8"" ""8I ,dPYb, Yb, 88 `8b 88 ,dP IP'`Yb `"" 88 ,8P 8888888P"" gg I8 8I 88aaaad8P"" 88 """" I8 8' 88""""""""""gg gg 88 gg ,ggg,,g...",decompyle3:not_run:;pylingual:not_run:
cpython-313,data/rq3/cpython-3.13/unique_bug_pyc/cpython-313-47ac148033bf.pyc,unconfirmed,original bytecode status ok:,ok,,,"decompyle3:error:# decompyle3 version 3.9.3 # Python bytecode version base 3.13.0 (3571) # Decompiled from: Python 3.13.13 (main, Jun 2 2026, 22:27:49) [Clang 22.1.3 ] # Embedded file name: data/rq3/cpython-3.13/unittest_seeds/raw/cpython_case_test_dict_...;pylingual:error:──────────────────────────────────────────────────────────────────────────────── ,ggggggggggg, ,gggg, dP""""""88""""""""""""Y8, d8"" ""8I ,dPYb, Yb, 88 `8b 88 ,dP IP'`Yb `"" 88 ,8P 8888888P"" gg I8 8I 88aaaad8P"" 88 """" I8 8' 88""""""""""gg gg 88 gg ,ggg,,g...",decompyle3:not_run:;pylingual:not_run:
cpython-313,data/rq3/cpython-3.13/unique_bug_pyc/cpython-313-48ef574d8eea.pyc,no_source,"# decompyle3 version 3.9.3 # Python bytecode version base 3.13.0 (3571) # Decompiled from: Python 3.13.13 (main, Jun 2 2026, 22:27:49) [Clang 22.1.3 ] # Embedded file name: data/rq3/cpython-3.13/unittest_seeds/raw/cpython_case_test_code_...",crash,signal_11:,,"decompyle3:error:# decompyle3 version 3.9.3 # Python bytecode version base 3.13.0 (3571) # Decompiled from: Python 3.13.13 (main, Jun 2 2026, 22:27:49) [Clang 22.1.3 ] # Embedded file name: data/rq3/cpython-3.13/unittest_seeds/raw/cpython_case_test_code_...;pylingual:error:──────────────────────────────────────────────────────────────────────────────── ,ggggggggggg, ,gggg, dP""""""88""""""""""""Y8, d8"" ""8I ,dPYb, Yb, 88 `8b 88 ,dP IP'`Yb `"" 88 ,8P 8888888P"" gg I8 8I 88aaaad8P"" 88 """" I8 8' 88""""""""""gg gg 88 gg ,ggg,,g...",decompyle3:not_run:;pylingual:not_run:
cpython-313,data/rq3/cpython-3.13/unique_bug_pyc/cpython-313-498bff74d1e4.pyc,no_source,"# decompyle3 version 3.9.3 # Python bytecode version base 3.13.0 (3571) # Decompiled from: Python 3.13.13 (main, Jun 2 2026, 22:27:49) [Clang 22.1.3 ] # Embedded file name: data/rq3/cpython-3.13/unittest_seeds/raw/cpython_case_test_buffe...",crash,signal_11:,,"decompyle3:error:# decompyle3 version 3.9.3 # Python bytecode version base 3.13.0 (3571) # Decompiled from: Python 3.13.13 (main, Jun 2 2026, 22:27:49) [Clang 22.1.3 ] # Embedded file name: data/rq3/cpython-3.13/unittest_seeds/raw/cpython_case_test_buffe...;pylingual:error:──────────────────────────────────────────────────────────────────────────────── ,ggggggggggg, ,gggg, dP""""""88""""""""""""Y8, d8"" ""8I ,dPYb, Yb, 88 `8b 88 ,dP IP'`Yb `"" 88 ,8P 8888888P"" gg I8 8I 88aaaad8P"" 88 """" I8 8' 88""""""""""gg gg 88 gg ,ggg,,g...",decompyle3:not_run:;pylingual:not_run:
cpython-313,data/rq3/cpython-3.13/unique_bug_pyc/cpython-313-4a0a1ea07bc5.pyc,unconfirmed,original bytecode status ok:,ok,,,"decompyle3:error:# decompyle3 version 3.9.3 # Python bytecode version base 3.13.0 (3571) # Decompiled from: Python 3.13.13 (main, Jun 2 2026, 22:27:49) [Clang 22.1.3 ] # Embedded file name: data/rq3/cpython-3.13/unittest_seeds/raw/cpython_case_test_bytes...;pylingual:error:──────────────────────────────────────────────────────────────────────────────── ,ggggggggggg, ,gggg, dP""""""88""""""""""""Y8, d8"" ""8I ,dPYb, Yb, 88 `8b 88 ,dP IP'`Yb `"" 88 ,8P 8888888P"" gg I8 8I 88aaaad8P"" 88 """" I8 8' 88""""""""""gg gg 88 gg ,ggg,,g...",decompyle3:not_run:;pylingual:not_run:
cpython-313,data/rq3/cpython-3.13/unique_bug_pyc/cpython-313-4a45bc2430b5.pyc,no_source,"# decompyle3 version 3.9.3 # Python bytecode version base 3.13.0 (3571) # Decompiled from: Python 3.13.13 (main, Jun 2 2026, 22:27:49) [Clang 22.1.3 ] # Embedded file name: data/rq3/cpython-3.13/unittest_seeds/raw/cpython_case_test_ssl_T...",crash,signal_11:,,"decompyle3:error:# decompyle3 version 3.9.3 # Python bytecode version base 3.13.0 (3571) # Decompiled from: Python 3.13.13 (main, Jun 2 2026, 22:27:49) [Clang 22.1.3 ] # Embedded file name: data/rq3/cpython-3.13/unittest_seeds/raw/cpython_case_test_ssl_T...;pylingual:error:──────────────────────────────────────────────────────────────────────────────── ,ggggggggggg, ,gggg, dP""""""88""""""""""""Y8, d8"" ""8I ,dPYb, Yb, 88 `8b 88 ,dP IP'`Yb `"" 88 ,8P 8888888P"" gg I8 8I 88aaaad8P"" 88 """" I8 8' 88""""""""""gg gg 88 gg ,ggg,,g...",decompyle3:not_run:;pylingual:not_run:
cpython-313,data/rq3/cpython-3.13/unique_bug_pyc/cpython-313-4cd156d2e15d.pyc,unconfirmed,original bytecode status ok:,ok,,,"decompyle3:error:# decompyle3 version 3.9.3 # Python bytecode version base 3.13.0 (3571) # Decompiled from: Python 3.13.13 (main, Jun 2 2026, 22:27:49) [Clang 22.1.3 ] # Embedded file name: data/rq3/cpython-3.13/unittest_seeds/raw/cpython_case_test_weakr...;pylingual:error:──────────────────────────────────────────────────────────────────────────────── ,ggggggggggg, ,gggg, dP""""""88""""""""""""Y8, d8"" ""8I ,dPYb, Yb, 88 `8b 88 ,dP IP'`Yb `"" 88 ,8P 8888888P"" gg I8 8I 88aaaad8P"" 88 """" I8 8' 88""""""""""gg gg 88 gg ,ggg,,g...",decompyle3:not_run:;pylingual:not_run:
cpython-313,data/rq3/cpython-3.13/unique_bug_pyc/cpython-313-506350080023.pyc,unconfirmed,original bytecode status ok:,ok,,,"decompyle3:error:# decompyle3 version 3.9.3 # Python bytecode version base 3.13.0 (3571) # Decompiled from: Python 3.13.13 (main, Jun 2 2026, 22:27:49) [Clang 22.1.3 ] # Embedded file name: data/rq3/cpython-3.13/unittest_seeds/raw/cpython_case_test_itert...;pylingual:error:──────────────────────────────────────────────────────────────────────────────── ,ggggggggggg, ,gggg, dP""""""88""""""""""""Y8, d8"" ""8I ,dPYb, Yb, 88 `8b 88 ,dP IP'`Yb `"" 88 ,8P 8888888P"" gg I8 8I 88aaaad8P"" 88 """" I8 8' 88""""""""""gg gg 88 gg ,ggg,,g...",decompyle3:not_run:;pylingual:not_run:
cpython-313,data/rq3/cpython-3.13/unique_bug_pyc/cpython-313-506c1086030d.pyc,no_source,"# decompyle3 version 3.9.3 # Python bytecode version base 3.13.0 (3571) # Decompiled from: Python 3.13.13 (main, Jun 2 2026, 22:27:49) [Clang 22.1.3 ] # Embedded file name: data/rq3/cpython-3.13/unittest_seeds/raw/cpython_case_test_float...",crash,signal_11:,,"decompyle3:error:# decompyle3 version 3.9.3 # Python bytecode version base 3.13.0 (3571) # Decompiled from: Python 3.13.13 (main, Jun 2 2026, 22:27:49) [Clang 22.1.3 ] # Embedded file name: data/rq3/cpython-3.13/unittest_seeds/raw/cpython_case_test_float...;pylingual:error:──────────────────────────────────────────────────────────────────────────────── ,ggggggggggg, ,gggg, dP""""""88""""""""""""Y8, d8"" ""8I ,dPYb, Yb, 88 `8b 88 ,dP IP'`Yb `"" 88 ,8P 8888888P"" gg I8 8I 88aaaad8P"" 88 """" I8 8' 88""""""""""gg gg 88 gg ,ggg,,g...",decompyle3:not_run:;pylingual:not_run:
cpython-313,data/rq3/cpython-3.13/unique_bug_pyc/cpython-313-51b630c9a48a.pyc,unconfirmed,original bytecode status ok:,ok,,,"decompyle3:error:# decompyle3 version 3.9.3 # Python bytecode version base 3.13.0 (3571) # Decompiled from: Python 3.13.13 (main, Jun 2 2026, 22:27:49) [Clang 22.1.3 ] # Embedded file name: data/rq3/cpython-3.13/unittest_seeds/raw/cpython_case_test_utf8s...;pylingual:error:──────────────────────────────────────────────────────────────────────────────── ,ggggggggggg, ,gggg, dP""""""88""""""""""""Y8, d8"" ""8I ,dPYb, Yb, 88 `8b 88 ,dP IP'`Yb `"" 88 ,8P 8888888P"" gg I8 8I 88aaaad8P"" 88 """" I8 8' 88""""""""""gg gg 88 gg ,ggg,,g...",decompyle3:not_run:;pylingual:not_run:
cpython-313,data/rq3/cpython-3.13/unique_bug_pyc/cpython-313-520d805a225c.pyc,unconfirmed,original bytecode status ok:,ok,,,"decompyle3:error:# decompyle3 version 3.9.3 # Python bytecode version base 3.13.0 (3571) # Decompiled from: Python 3.13.13 (main, Jun 2 2026, 22:27:49) [Clang 22.1.3 ] # Embedded file name: data/rq3/cpython\\0\\0\\0\\0\\0\\0\\0 ittest_seeds/raw/cpython_case_test5694nc...;pylingual:error:──────────────────────────────────────────────────────────────────────────────── ,ggggggggggg, ,gggg, dP""""""88""""""""""""Y8, d8"" ""8I ,dPYb, Yb, 88 `8b 88 ,dP IP'`Yb `"" 88 ,8P 8888888P"" gg I8 8I 88aaaad8P"" 88 """" I8 8' 88""""""""""gg gg 88 gg ,ggg,,g...",decompyle3:not_run:;pylingual:not_run:
cpython-313,data/rq3/cpython-3.13/unique_bug_pyc/cpython-313-52a30dd414f0.pyc,unconfirmed,original bytecode status ok:,ok,,,"decompyle3:error:# decompyle3 version 3.9.3 # Python bytecode version base 3.13.0 (3571) # Decompiled from: Python 3.13.13 (main, Jun 2 2026, 22:27:49) [Clang 22.1.3 ] # Embedded file name: data/rq3/cpython-3.13/unittest_seeds/raw/cpython_case_test_range...;pylingual:error:──────────────────────────────────────────────────────────────────────────────── ,ggggggggggg, ,gggg, dP""""""88""""""""""""Y8, d8"" ""8I ,dPYb, Yb, 88 `8b 88 ,dP IP'`Yb `"" 88 ,8P 8888888P"" gg I8 8I 88aaaad8P"" 88 """" I8 8' 88""""""""""gg gg 88 gg ,ggg,,g...",decompyle3:not_run:;pylingual:not_run:
cpython-313,data/rq3/cpython-3.13/unique_bug_pyc/cpython-313-535a3fe93cd6.pyc,unconfirmed,original bytecode status ok:,ok,,,"decompyle3:error:# decompyle3 version 3.9.3 # Python bytecode version base 3.13.0 (3571) # Decompiled from: Python 3.13.13 (main, Jun 2 2026, 22:27:49) [Clang 22.1.3 ] # Embedded file name: data/rq3/cpython-3.13/unittest_seeds/raw/cpython_case_test_bytes...;pylingual:error:──────────────────────────────────────────────────────────────────────────────── ,ggggggggggg, ,gggg, dP""""""88""""""""""""Y8, d8"" ""8I ,dPYb, Yb, 88 `8b 88 ,dP IP'`Yb `"" 88 ,8P 8888888P"" gg I8 8I 88aaaad8P"" 88 """" I8 8' 88""""""""""gg gg 88 gg ,ggg,,g...",decompyle3:not_run:;pylingual:not_run:
cpython-313,data/rq3/cpython-3.13/unique_bug_pyc/cpython-313-558367acafa1.pyc,no_source,"# decompyle3 version 3.9.3 # Python bytecode version base 3.13.0 (3571) # Decompiled from: Python 3.13.13 (main, Jun 2 2026, 22:27:49) [Clang 22.1.3 ] # Embedded file name: data/rq3/cpython-3.13/unittest_seeds/raw/cpython_case_test_loggi...",crash,signal_11:,,"decompyle3:error:# decompyle3 version 3.9.3 # Python bytecode version base 3.13.0 (3571) # Decompiled from: Python 3.13.13 (main, Jun 2 2026, 22:27:49) [Clang 22.1.3 ] # Embedded file name: data/rq3/cpython-3.13/unittest_seeds/raw/cpython_case_test_loggi...;pylingual:error:──────────────────────────────────────────────────────────────────────────────── ,ggggggggggg, ,gggg, dP""""""88""""""""""""Y8, d8"" ""8I ,dPYb, Yb, 88 `8b 88 ,dP IP'`Yb `"" 88 ,8P 8888888P"" gg I8 8I 88aaaad8P"" 88 """" I8 8' 88""""""""""gg gg 88 gg ,ggg,,g...",decompyle3:not_run:;pylingual:not_run:
cpython-313,data/rq3/cpython-3.13/unique_bug_pyc/cpython-313-561958c19c5f.pyc,unconfirmed,original bytecode status ok:,ok,,,"decompyle3:error:# decompyle3 version 3.9.3 # Python bytecode version base 3.13.0 (3571) # Decompiled from: Python 3.13.13 (main, Jun 2 2026, 22:27:49) [Clang 22.1.3 ] # Embedded file name: data/rq3/cpython-3.13/unittest_seeds/raw/cpython_case_test_set_T...;pylingual:error:──────────────────────────────────────────────────────────────────────────────── ,ggggggggggg, ,gggg, dP""""""88""""""""""""Y8, d8"" ""8I ,dPYb, Yb, 88 `8b 88 ,dP IP'`Yb `"" 88 ,8P 8888888P"" gg I8 8I 88aaaad8P"" 88 """" I8 8' 88""""""""""gg gg 88 gg ,ggg,,g...",decompyle3:not_run:;pylingual:not_run:
cpython-313,data/rq3/cpython-3.13/unique_bug_pyc/cpython-313-56c3cd5b95ad.pyc,unconfirmed,original bytecode status ok:,ok,,,"decompyle3:error:# decompyle3 version 3.9.3 # Python bytecode version base 3.13.0 (3571) # Decompiled from: Python 3.13.13 (main, Jun 2 2026, 22:27:49) [Clang 22.1.3 ] # Embedded file name: data/rq3/cpython-3.13/unittest_seeds/raw/cpython_case_test_dict_...;pylingual:error:──────────────────────────────────────────────────────────────────────────────── ,ggggggggggg, ,gggg, dP""""""88""""""""""""Y8, d8"" ""8I ,dPYb, Yb, 88 `8b 88 ,dP IP'`Yb `"" 88 ,8P 8888888P"" gg I8 8I 88aaaad8P"" 88 """" I8 8' 88""""""""""gg gg 88 gg ,ggg,,g...",decompyle3:not_run:;pylingual:not_run:
cpython-313,data/rq3/cpython-3.13/unique_bug_pyc/cpython-313-577dadd26a2c.pyc,unconfirmed,original bytecode status ok:,ok,,,"decompyle3:error:# decompyle3 version 3.9.3 # Python bytecode version base 3.13.0 (3571) # Decompiled from: Python 3.13.13 (main, Jun 2 2026, 22:27:49) [Clang 22.1.3 ] # Embedded file name: data/rq3/cpython-3.13/unittest_seeds/raw/cpython_case_test_cmd_l...;pylingual:error:──────────────────────────────────────────────────────────────────────────────── ,ggggggggggg, ,gggg, dP""""""88""""""""""""Y8, d8"" ""8I ,dPYb, Yb, 88 `8b 88 ,dP IP'`Yb `"" 88 ,8P 8888888P"" gg I8 8I 88aaaad8P"" 88 """" I8 8' 88""""""""""gg gg 88 gg ,ggg,,g...",decompyle3:not_run:;pylingual:not_run:
cpython-313,data/rq3/cpython-3.13/unique_bug_pyc/cpython-313-590708470a05.pyc,unconfirmed,original bytecode status ok:,ok,,,"decompyle3:error:# decompyle3 version 3.9.3 # Python bytecode version base 3.13.0 (3571) # Decompiled from: Python 3.13.13 (main, Jun 2 2026, 22:27:49) [Clang 22.1.3 ] # Embedded file name: data/rq3/cpython-3.13/unittest_seeds/raw/cpython_case_test_ipadd...;pylingual:error:──────────────────────────────────────────────────────────────────────────────── ,ggggggggggg, ,gggg, dP""""""88""""""""""""Y8, d8"" ""8I ,dPYb, Yb, 88 `8b 88 ,dP IP'`Yb `"" 88 ,8P 8888888P"" gg I8 8I 88aaaad8P"" 88 """" I8 8' 88""""""""""gg gg 88 gg ,ggg,,g...",decompyle3:not_run:;pylingual:not_run:
cpython-313,data/rq3/cpython-3.13/unique_bug_pyc/cpython-313-5ca24ef04e91.pyc,unconfirmed,original bytecode status ok:,ok,,,"decompyle3:error:# decompyle3 version 3.9.3 # Python bytecode version base 3.13.0 (3571) # Decompiled from: Python 3.13.13 (main, Jun 2 2026, 22:27:49) [Clang 22.1.3 ] # Embedded file name: data/rq3/cpython-3.13/unittest_seeds/raw/cpython_case_test_corou...;pylingual:error:──────────────────────────────────────────────────────────────────────────────── ,ggggggggggg, ,gggg, dP""""""88""""""""""""Y8, d8"" ""8I ,dPYb, Yb, 88 `8b 88 ,dP IP'`Yb `"" 88 ,8P 8888888P"" gg I8 8I 88aaaad8P"" 88 """" I8 8' 88""""""""""gg gg 88 gg ,ggg,,g...",decompyle3:not_run:;pylingual:not_run:
cpython-313,data/rq3/cpython-3.13/unique_bug_pyc/cpython-313-5e7737d50e37.pyc,unconfirmed,original bytecode status ok:,ok,,,"decompyle3:error:# decompyle3 version 3.9.3 # Python bytecode version base 3.13.0 (3571) # Decompiled from: Python 3.13.13 (main, Jun 2 2026, 22:27:49) [Clang 22.1.3 ] # Embedded file name: data9rq3/cpython-3.13/unittest_seeds/raw/cpython_case_test_httpl...;pylingual:error:──────────────────────────────────────────────────────────────────────────────── ,ggggggggggg, ,gggg, dP""""""88""""""""""""Y8, d8"" ""8I ,dPYb, Yb, 88 `8b 88 ,dP IP'`Yb `"" 88 ,8P 8888888P"" gg I8 8I 88aaaad8P"" 88 """" I8 8' 88""""""""""gg gg 88 gg ,ggg,,g...",decompyle3:not_run:;pylingual:not_run:
cpython-313,data/rq3/cpython-3.13/unique_bug_pyc/cpython-313-5ea7b9bceeb5.pyc,unconfirmed,original bytecode status ok:,ok,,,"decompyle3:error:# decompyle3 version 3.9.3 # Python bytecode version base 3.13.0 (3571) # Decompiled from: Python 3.13.13 (main, Jun 2 2026, 22:27:49) [Clang 22.1.3 ] # Embedded file name: data/rq3/cpython-3.13/unittest_seeds/raw/cpython_case_test_suppo...;pylingual:error:──────────────────────────────────────────────────────────────────────────────── ,ggggggggggg, ,gggg, dP""""""88""""""""""""Y8, d8"" ""8I ,dPYb, Yb, 88 `8b 88 ,dP IP'`Yb `"" 88 ,8P 8888888P"" gg I8 8I 88aaaad8P"" 88 """" I8 8' 88""""""""""gg gg 88 gg ,ggg,,g...",decompyle3:not_run:;pylingual:not_run:
cpython-313,data/rq3/cpython-3.13/unique_bug_pyc/cpython-313-61c6870c8510.pyc,unconfirmed,original bytecode status ok:,ok,,,"decompyle3:error:# decompyle3 version 3.9.3 # Python bytecode version base 3.13.0 (3571) # Decompiled from: Python 3.13.13 (main, Jun 2 2026, 22:27:49) [Clang 22.1.3 ] # Embedded file name: data/rq3/cpython-3.13/unittest_seeds/raw/cpython_case_test_http_...;pylingual:error:──────────────────────────────────────────────────────────────────────────────── ,ggggggggggg, ,gggg, dP""""""88""""""""""""Y8, d8"" ""8I ,dPYb, Yb, 88 `8b 88 ,dP IP'`Yb `"" 88 ,8P 8888888P"" gg I8 8I 88aaaad8P"" 88 """" I8 8' 88""""""""""gg gg 88 gg ,ggg,,g...",decompyle3:not_run:;pylingual:not_run:
cpython-313,data/rq3/cpython-3.13/unique_bug_pyc/cpython-313-632d045294ff.pyc,unconfirmed,original bytecode status ok:,ok,,,"decompyle3:error:# decompyle3 version 3.9.3 # Python bytecode version base 3.13.0 (3571) # Decompiled from: Python 3.13.13 (main, Jun 2 2026, 22:27:49) [Clang 22.1.3 ] # Embedded file name: data/rq3/cpython-3.13/unittest_seeds/raw/cpython_case_test_peeph...;pylingual:error:──────────────────────────────────────────────────────────────────────────────── ,ggggggggggg, ,gggg, dP""""""88""""""""""""Y8, d8"" ""8I ,dPYb, Yb, 88 `8b 88 ,dP IP'`Yb `"" 88 ,8P 8888888P"" gg I8 8I 88aaaad8P"" 88 """" I8 8' 88""""""""""gg gg 88 gg ,ggg,,g...",decompyle3:not_run:;pylingual:not_run:
cpython-313,data/rq3/cpython-3.13/unique_bug_pyc/cpython-313-64284420656a.pyc,no_source,"# decompyle3 version 3.9.3 # Python bytecode version base 3.13.0 (3571) # Decompiled from: Python 3.13.13 (main, Jun 2 2026, 22:27:49) [Clang 22.1.3 ] # Embedded file name: data/rq3/cpython-3.13/unittest_seeds/raw/cpython_case_test_ssl_B...",crash,signal_11:,,"decompyle3:error:# decompyle3 version 3.9.3 # Python bytecode version base 3.13.0 (3571) # Decompiled from: Python 3.13.13 (main, Jun 2 2026, 22:27:49) [Clang 22.1.3 ] # Embedded file name: data/rq3/cpython-3.13/unittest_seeds/raw/cpython_case_test_ssl_B...;pylingual:error:──────────────────────────────────────────────────────────────────────────────── ,ggggggggggg, ,gggg, dP""""""88""""""""""""Y8, d8"" ""8I ,dPYb, Yb, 88 `8b 88 ,dP IP'`Yb `"" 88 ,8P 8888888P"" gg I8 8I 88aaaad8P"" 88 """" I8 8' 88""""""""""gg gg 88 gg ,ggg,,g...",decompyle3:not_run:;pylingual:not_run:
cpython-313,data/rq3/cpython-3.13/unique_bug_pyc/cpython-313-64d37cab9c51.pyc,unconfirmed,original bytecode status ok:,ok,,,"decompyle3:error:# decompyle3 version 3.9.3 # Python bytecode version base 3.13.0 (3571) # Decompiled from: Python 3.13.13 (main, Jun 2 2026, 22:27:49) [Clang 22.1.3 ] # Embedded file name: data/rq3/cpython-3.13/unittest_seeds/raw/cpython_case_test_copy_...;pylingual:error:──────────────────────────────────────────────────────────────────────────────── ,ggggggggggg, ,gggg, dP""""""88""""""""""""Y8, d8"" ""8I ,dPYb, Yb, 88 `8b 88 ,dP IP'`Yb `"" 88 ,8P 8888888P"" gg I8 8I 88aaaad8P"" 88 """" I8 8' 88""""""""""gg gg 88 gg ,ggg,,g...",decompyle3:not_run:;pylingual:not_run:
cpython-313,data/rq3/cpython-3.13/unique_bug_pyc/cpython-313-6549274fbe2c.pyc,unconfirmed,original bytecode status ok:,ok,,,"decompyle3:error:# decompyle3 version 3.9.3 # Python bytecode version base 3.13.0 (3571) # Decompiled from: Python 3.13.13 (main, Jun 2 2026, 22:27:49) [Clang 22.1.3 ] # Embedded file name: data/rq3/cpython-3.13/unittest_seeds/raw/cpython_case_test__inte...;pylingual:error:──────────────────────────────────────────────────────────────────────────────── ,ggggggggggg, ,gggg, dP""""""88""""""""""""Y8, d8"" ""8I ,dPYb, Yb, 88 `8b 88 ,dP IP'`Yb `"" 88 ,8P 8888888P"" gg I8 8I 88aaaad8P"" 88 """" I8 8' 88""""""""""gg gg 88 gg ,ggg,,g...",decompyle3:not_run:;pylingual:not_run:
cpython-313,data/rq3/cpython-3.13/unique_bug_pyc/cpython-313-66aab05d1c1f.pyc,unconfirmed,original bytecode status ok:,ok,,,"decompyle3:error:# decompyle3 version 3.9.3 # Python bytecode version base 3.13.0 (3571) # Decompiled from: Python 3.13.13 (main, Jun 2 2026, 22:27:49) [Clang 22.1.3 ] # Embedded file name: data/rq3/cpython-3.13/unittest_seeds/raw/cpython_case_test_clini...;pylingual:error:──────────────────────────────────────────────────────────────────────────────── ,ggggggggggg, ,gggg, dP""""""88""""""""""""Y8, d8"" ""8I ,dPYb, Yb, 88 `8b 88 ,dP IP'`Yb `"" 88 ,8P 8888888P"" gg I8 8I 88aaaad8P"" 88 """" I8 8' 88""""""""""gg gg 88 gg ,ggg,,g...",decompyle3:not_run:;pylingual:not_run:
cpython-313,data/rq3/cpython-3.13/unique_bug_pyc/cpython-313-67ca27a414de.pyc,no_source,/home/awen/git/PybcSEC/PycLens/data/rq2/envs/cpython-313/lib/python3.13/site-packages/click/core.py:1307: UserWarning: The parameter --version is used more than once. Remove its duplicate as parameters should be unique. parser = self.mak...,crash,signal_11:,,"decompyle3:exit_-11:/home/awen/git/PybcSEC/PycLens/data/rq2/envs/cpython-313/lib/python3.13/site-packages/click/core.py:1307: UserWarning: The parameter --version is used more than once. Remove its duplicate as parameters should be unique. parser = self.mak...;pylingual:error:──────────────────────────────────────────────────────────────────────────────── ,ggggggggggg, ,gggg, dP""""""88""""""""""""Y8, d8"" ""8I ,dPYb, Yb, 88 `8b 88 ,dP IP'`Yb `"" 88 ,8P 8888888P"" gg I8 8I 88aaaad8P"" 88 """" I8 8' 88""""""""""gg gg 88 gg ,ggg,,g...",decompyle3:not_run:;pylingual:not_run:
cpython-313,data/rq3/cpython-3.13/unique_bug_pyc/cpython-313-6863b298c62a.pyc,no_source,"# decompyle3 version 3.9.3 # Python bytecode version base 3.13.0 (3571) # Decompiled from: Python 3.13.13 (main, Jun 2 2026, 22:27:49) [Clang 22.1.3 ] # Embedded file name: data/rq3,þûóthon-3.13/unittest_seeds/raw/cpython_case_test__inte...",crash,signal_11:,,"decompyle3:error:# decompyle3 version 3.9.3 # Python bytecode version base 3.13.0 (3571) # Decompiled from: Python 3.13.13 (main, Jun 2 2026, 22:27:49) [Clang 22.1.3 ] # Embedded file name: data/rq3,þûóthon-3.13/unittest_seeds/raw/cpython_case_test__inte...;pylingual:error:──────────────────────────────────────────────────────────────────────────────── ,ggggggggggg, ,gggg, dP""""""88""""""""""""Y8, d8"" ""8I ,dPYb, Yb, 88 `8b 88 ,dP IP'`Yb `"" 88 ,8P 8888888P"" gg I8 8I 88aaaad8P"" 88 """" I8 8' 88""""""""""gg gg 88 gg ,ggg,,g...",decompyle3:not_run:;pylingual:not_run:
cpython-313,data/rq3/cpython-3.13/unique_bug_pyc/cpython-313-693a3b5ecd6f.pyc,no_source,"# decompyle3 version 3.9.3 # Python bytecode version base 3.13.0 (3571) # Decompiled from: Python 3.13.13 (main, Jun 2 2026, 22:27:49) [Clang 22.1.3 ] # Embedded file name: data/rq3/cpython-3.13/unittest_seeds/raw/cpython_case_test_curse...",crash,signal_11:,,"decompyle3:error:# decompyle3 version 3.9.3 # Python bytecode version base 3.13.0 (3571) # Decompiled from: Python 3.13.13 (main, Jun 2 2026, 22:27:49) [Clang 22.1.3 ] # Embedded file name: data/rq3/cpython-3.13/unittest_seeds/raw/cpython_case_test_curse...;pylingual:error:──────────────────────────────────────────────────────────────────────────────── ,ggggggggggg, ,gggg, dP""""""88""""""""""""Y8, d8"" ""8I ,dPYb, Yb, 88 `8b 88 ,dP IP'`Yb `"" 88 ,8P 8888888P"" gg I8 8I 88aaaad8P"" 88 """" I8 8' 88""""""""""gg gg 88 gg ,ggg,,g...",decompyle3:not_run:;pylingual:not_run:
cpython-313,data/rq3/cpython-3.13/unique_bug_pyc/cpython-313-69c465c245c7.pyc,unconfirmed,original bytecode status ok:,ok,,,"decompyle3:error:# decompyle3 version 3.9.3 # Python bytecode version base 3.13.0 (3571) # Decompiled from: Python 3.13.13 (main, Jun 2 2026, 22:27:49) [Clang 22.1.3 ] # Embedded file name: data/rq3/cpython-3.13/unittest_seeds/raw/cpython_case_test_stati...;pylingual:error:──────────────────────────────────────────────────────────────────────────────── ,ggggggggggg, ,gggg, dP""""""88""""""""""""Y8, d8"" ""8I ,dPYb, Yb, 88 `8b 88 ,dP IP'`Yb `"" 88 ,8P 8888888P"" gg I8 8I 88aaaad8P"" 88 """" I8 8' 88""""""""""gg gg 88 gg ,ggg,,g...",decompyle3:not_run:;pylingual:not_run:
cpython-313,data/rq3/cpython-3.13/unique_bug_pyc/cpython-313-6a4767163bae.pyc,unconfirmed,original bytecode status ok:,ok,,,"decompyle3:error:# decompyle3 version 3.9.3 # Python bytecode version base 3.13.0 (3571) # Decompiled from: Python 3.13.13 (main, Jun 2 2026, 22:27:49) [Clang 22.1.3 ] # Embedded file name: data/rq3/cpython-3.13/unittest_seeds/raw/cpython_case_test_descr...;pylingual:error:──────────────────────────────────────────────────────────────────────────────── ,ggggggggggg, ,gggg, dP""""""88""""""""""""Y8, d8"" ""8I ,dPYb, Yb, 88 `8b 88 ,dP IP'`Yb `"" 88 ,8P 8888888P"" gg I8 8I 88aaaad8P"" 88 """" I8 8' 88""""""""""gg gg 88 gg ,ggg,,g...",decompyle3:not_run:;pylingual:not_run:
cpython-313,data/rq3/cpython-3.13/unique_bug_pyc/cpython-313-6ee34f1783e0.pyc,unconfirmed,original bytecode status ok:,ok,,,"decompyle3:error:# decompyle3 version 3.9.3 # Python bytecode version base 3.13.0 (3571) # Decompiled from: Python 3.13.13 (main, Jun 2 2026, 22:27:49) [Clang 22.1.3 ] # Embedded file name: data/rq3/cpython-3.13/unittest_seeds/raw/cpython_case_test_math_...;pylingual:error:──────────────────────────────────────────────────────────────────────────────── ,ggggggggggg, ,gggg, dP""""""88""""""""""""Y8, d8"" ""8I ,dPYb, Yb, 88 `8b 88 ,dP IP'`Yb `"" 88 ,8P 8888888P"" gg I8 8I 88aaaad8P"" 88 """" I8 8' 88""""""""""gg gg 88 gg ,ggg,,g...",decompyle3:not_run:;pylingual:not_run:
cpython-313,data/rq3/cpython-3.13/unique_bug_pyc/cpython-313-71a6b5d83d8c.pyc,unconfirmed,original bytecode status ok:,ok,,,"decompyle3:error:# decompyle3 version 3.9.3 # Python bytecode version base 3.13.0 (3571) # Decompiled from: Python 3.13.13 (main, Jun 2 2026, 22:27:49) [Clang 22.1.3 ] # Embedded file name: data/rq3/cpython-3.13/unittest_seeds/raw/cpython_case_test_dict_...;pylingual:error:──────────────────────────────────────────────────────────────────────────────── ,ggggggggggg, ,gggg, dP""""""88""""""""""""Y8, d8"" ""8I ,dPYb, Yb, 88 `8b 88 ,dP IP'`Yb `"" 88 ,8P 8888888P"" gg I8 8I 88aaaad8P"" 88 """" I8 8' 88""""""""""gg gg 88 gg ,ggg,,g...",decompyle3:not_run:;pylingual:not_run:
cpython-313,data/rq3/cpython-3.13/unique_bug_pyc/cpython-313-758233ecb9fa.pyc,unconfirmed,original bytecode status ok:,ok,,,"decompyle3:error:# decompyle3 version 3.9.3 # Python bytecode version base 3.13.0 (3571) # Decompiled from: Python 3.13.13 (main, Jun 2 2026, 22:27:49) [Clang 22.1.3 ] # Embedded file name: data/rq3/cpython-3.13/unittest_seeds/raw/cpython_case_test_gc_Py...;pylingual:error:──────────────────────────────────────────────────────────────────────────────── ,ggggggggggg, ,gggg, dP""""""88""""""""""""Y8, d8"" ""8I ,dPYb, Yb, 88 `8b 88 ,dP IP'`Yb `"" 88 ,8P 8888888P"" gg I8 8I 88aaaad8P"" 88 """" I8 8' 88""""""""""gg gg 88 gg ,ggg,,g...",decompyle3:not_run:;pylingual:not_run:
cpython-313,data/rq3/cpython-3.13/unique_bug_pyc/cpython-313-76dadecc7f6b.pyc,no_source,"# decompyle3 version 3.9.3 # Python bytecode version base 3.13.0 (3571) # Decompiled from: Python 3.13.13 (main, Jun 2 2026, 22:27:49) [Clang 22.1.3 ] # Embedded file name: data/rq3/cpython-3.13/unittest_seeds/raw/cpython_case_test_colle...",crash,signal_11:,,"decompyle3:error:# decompyle3 version 3.9.3 # Python bytecode version base 3.13.0 (3571) # Decompiled from: Python 3.13.13 (main, Jun 2 2026, 22:27:49) [Clang 22.1.3 ] # Embedded file name: data/rq3/cpython-3.13/unittest_seeds/raw/cpython_case_test_colle...;pylingual:error:──────────────────────────────────────────────────────────────────────────────── ,ggggggggggg, ,gggg, dP""""""88""""""""""""Y8, d8"" ""8I ,dPYb, Yb, 88 `8b 88 ,dP IP'`Yb `"" 88 ,8P 8888888P"" gg I8 8I 88aaaad8P"" 88 """" I8 8' 88""""""""""gg gg 88 gg ,ggg,,g...",decompyle3:not_run:;pylingual:not_run:
cpython-313,data/rq3/cpython-3.13/unique_bug_pyc/cpython-313-76def08b72cb.pyc,no_source,"# decompyle3 version 3.9.3 # Python bytecode version base 3.13.0 (3571) # Decompiled from: Python 3.13.13 (main, Jun 2 2026, 22:27:49) [Clang 22.1.3 ] # Embedded file name: data/rq3/cpython-3.13/unittest_seeds/raw/cpython_case_test_array...",crash,signal_6:malloc(): invalid size (unsorted),,"decompyle3:error:# decompyle3 version 3.9.3 # Python bytecode version base 3.13.0 (3571) # Decompiled from: Python 3.13.13 (main, Jun 2 2026, 22:27:49) [Clang 22.1.3 ] # Embedded file name: data/rq3/cpython-3.13/unittest_seeds/raw/cpython_case_test_array...;pylingual:error:──────────────────────────────────────────────────────────────────────────────── ,ggggggggggg, ,gggg, dP""""""88""""""""""""Y8, d8"" ""8I ,dPYb, Yb, 88 `8b 88 ,dP IP'`Yb `"" 88 ,8P 8888888P"" gg I8 8I 88aaaad8P"" 88 """" I8 8' 88""""""""""gg gg 88 gg ,ggg,,g...",decompyle3:not_run:;pylingual:not_run:
cpython-313,data/rq3/cpython-3.13/unique_bug_pyc/cpython-313-782e3be9d630.pyc,no_source,"# decompyle3 version 3.9.3 # Python bytecode version base 3.13.0 (3571) # Decompiled from: Python 3.13.13 (main, Jun 2 2026, 22:27:49) [Clang 22.1.3 ] # Embedded file name: data/rq3/cpython-3.13/unittdst_seeds/raw/cpython_case_test_httpl...",crash,signal_11:,,"decompyle3:error:# decompyle3 version 3.9.3 # Python bytecode version base 3.13.0 (3571) # Decompiled from: Python 3.13.13 (main, Jun 2 2026, 22:27:49) [Clang 22.1.3 ] # Embedded file name: data/rq3/cpython-3.13/unittdst_seeds/raw/cpython_case_test_httpl...;pylingual:error:──────────────────────────────────────────────────────────────────────────────── ,ggggggggggg, ,gggg, dP""""""88""""""""""""Y8, d8"" ""8I ,dPYb, Yb, 88 `8b 88 ,dP IP'`Yb `"" 88 ,8P 8888888P"" gg I8 8I 88aaaad8P"" 88 """" I8 8' 88""""""""""gg gg 88 gg ,ggg,,g...",decompyle3:not_run:;pylingual:not_run:
cpython-313,data/rq3/cpython-3.13/unique_bug_pyc/cpython-313-783e2ef94b77.pyc,no_source,"# decompyle3 version 3.9.3 # Python bytecode version base 3.13.0 (3571) # Decompiled from: Python 3.13.13 (main, Jun 2 2026, 22:27:49) [Clang 22.1.3 ] # Embedded file name: data/rq3/cpython-3.13/unittest_seeds/raw/cpython_case_test_compl...",crash,signal_11:,,"decompyle3:error:# decompyle3 version 3.9.3 # Python bytecode version base 3.13.0 (3571) # Decompiled from: Python 3.13.13 (main, Jun 2 2026, 22:27:49) [Clang 22.1.3 ] # Embedded file name: data/rq3/cpython-3.13/unittest_seeds/raw/cpython_case_test_compl...;pylingual:error:──────────────────────────────────────────────────────────────────────────────── ,ggggggggggg, ,gggg, dP""""""88""""""""""""Y8, d8"" ""8I ,dPYb, Yb, 88 `8b 88 ,dP IP'`Yb `"" 88 ,8P 8888888P"" gg I8 8I 88aaaad8P"" 88 """" I8 8' 88""""""""""gg gg 88 gg ,ggg,,g...",decompyle3:not_run:;pylingual:not_run:
cpython-313,data/rq3/cpython-3.13/unique_bug_pyc/cpython-313-7b08a74855a7.pyc,unconfirmed,original bytecode status ok:,ok,,,"decompyle3:error:# decompyle3 version 3.9.3 # Python bytecode version base 3.13.0 (3571) # Decompiled from: Python 3.13.13 (main, Jun 2 2026, 22:27:49) [Clang 22.1.3 ] # Embedded file name: data/rq3/cpython-3.13/unittest_seeds/raw/cpython_case_test_prope...;pylingual:error:──────────────────────────────────────────────────────────────────────────────── ,ggggggggggg, ,gggg, dP""""""88""""""""""""Y8, d8"" ""8I ,dPYb, Yb, 88 `8b 88 ,dP IP'`Yb `"" 88 ,8P 8888888P"" gg I8 8I 88aaaad8P"" 88 """" I8 8' 88""""""""""gg gg 88 gg ,ggg,,g...",decompyle3:not_run:;pylingual:not_run:
cpython-313,data/rq3/cpython-3.13/unique_bug_pyc/cpython-313-7c3c7040a8a0.pyc,no_source,/home/awen/git/PybcSEC/PycLens/data/rq2/envs/cpython-313/lib/python3.13/site-packages/click/core.py:1307: UserWarning: The parameter --version is used more than once. Remove its duplicate as parameters should be unique. parser = self.mak...,crash,signal_11:,,"decompyle3:exit_-11:/home/awen/git/PybcSEC/PycLens/data/rq2/envs/cpython-313/lib/python3.13/site-packages/click/core.py:1307: UserWarning: The parameter --version is used more than once. Remove its duplicate as parameters should be unique. parser = self.mak...;pylingual:error:──────────────────────────────────────────────────────────────────────────────── ,ggggggggggg, ,gggg, dP""""""88""""""""""""Y8, d8"" ""8I ,dPYb, Yb, 88 `8b 88 ,dP IP'`Yb `"" 88 ,8P 8888888P"" gg I8 8I 88aaaad8P"" 88 """" I8 8' 88""""""""""gg gg 88 gg ,ggg,,g...",decompyle3:not_run:;pylingual:not_run:
cpython-313,data/rq3/cpython-3.13/unique_bug_pyc/cpython-313-7d037d3edbf6.pyc,unconfirmed,original bytecode status ok:,ok,,,"decompyle3:error:# decompyle3 version 3.9.3 # Python bytecode version base 3.13.0 (3571) # Decompiled from: Python 3.13.13 (main, Jun 2 2026, 22:27:49) [Clang 22.1.3 ] # Embedded file name: data/rq3/cpython-3.13/unittest_seeds/raw/cpython_case_test_gener...;pylingual:error:──────────────────────────────────────────────────────────────────────────────── ,ggggggggggg, ,gggg, dP""""""88""""""""""""Y8, d8"" ""8I ,dPYb, Yb, 88 `8b 88 ,dP IP'`Yb `"" 88 ,8P 8888888P"" gg I8 8I 88aaaad8P"" 88 """" I8 8' 88""""""""""gg gg 88 gg ,ggg,,g...",decompyle3:not_run:;pylingual:not_run:
cpython-313,data/rq3/cpython-3.13/unique_bug_pyc/cpython-313-7d64b1eadeef.pyc,no_source,"# decompyle3 version 3.9.3 # Python bytecode version base 3.13.0 (3571) # Decompiled from: Python 3.13.13 (main, Jun 2 2026, 22:27:49) [Clang 22.1.3 ] # Embedded file name: data/rq3/cpython-3.13/unittest_seeds/raw/cpython_case_test_xmlrp...",crash,signal_11:,,"decompyle3:error:# decompyle3 version 3.9.3 # Python bytecode version base 3.13.0 (3571) # Decompiled from: Python 3.13.13 (main, Jun 2 2026, 22:27:49) [Clang 22.1.3 ] # Embedded file name: data/rq3/cpython-3.13/unittest_seeds/raw/cpython_case_test_xmlrp...;pylingual:error:──────────────────────────────────────────────────────────────────────────────── ,ggggggggggg, ,gggg, dP""""""88""""""""""""Y8, d8"" ""8I ,dPYb, Yb, 88 `8b 88 ,dP IP'`Yb `"" 88 ,8P 8888888P"" gg I8 8I 88aaaad8P"" 88 """" I8 8' 88""""""""""gg gg 88 gg ,ggg,,g...",decompyle3:not_run:;pylingual:not_run:
cpython-313,data/rq3/cpython-3.13/unique_bug_pyc/cpython-313-7db927a10894.pyc,unconfirmed,original bytecode status ok:,ok,,,"decompyle3:error:# decompyle3 version 3.9.3 # Python bytecode version base 3.13.0 (3571) # Decompiled from: Python 3.13.13 (main, Jun 2 2026, 22:27:49) [Clang 22.1.3 ] # Embedded file name: data/rq3/cpython-3.13/unittest_seeds/raw/cpython_case_test_sourc...;pylingual:error:──────────────────────────────────────────────────────────────────────────────── ,ggggggggggg, ,gggg, dP""""""88""""""""""""Y8, d8"" ""8I ,dPYb, Yb, 88 `8b 88 ,dP IP'`Yb `"" 88 ,8P 8888888P"" gg I8 8I 88aaaad8P"" 88 """" I8 8' 88""""""""""gg gg 88 gg ,ggg,,g...",decompyle3:not_run:;pylingual:not_run:
cpython-313,data/rq3/cpython-3.13/unique_bug_pyc/cpython-313-7e08bd42b83c.pyc,unconfirmed,original bytecode status ok:,ok,,,"decompyle3:error:# decompyle3 version 3.9.3 # Python bytecode version base 3.13.0 (3571) # Decompiled from: Python 3.13.13 (main, Jun 2 2026, 22:27:49) [Clang 22.1.3 ] # Embedded file name: data/rq3/cpython-3.13/unittest_seeds/raw/cpython_case_test_gzip_...;pylingual:error:──────────────────────────────────────────────────────────────────────────────── ,ggggggggggg, ,gggg, dP""""""88""""""""""""Y8, d8"" ""8I ,dPYb, Yb, 88 `8b 88 ,dP IP'`Yb `"" 88 ,8P 8888888P"" gg I8 8I 88aaaad8P"" 88 """" I8 8' 88""""""""""gg gg 88 gg ,ggg,,g...",decompyle3:not_run:;pylingual:not_run:
cpython-313,data/rq3/cpython-3.13/unique_bug_pyc/cpython-313-7ef4d2dad4e5.pyc,unconfirmed,original bytecode status ok:,ok,,,"decompyle3:error:# decompyle3 version 3.9.3 # Python bytecode version base 3.13.0 (3571) # Decompiled from: Python 3.13.13 (main, Jun 2 2026, 22:27:49) [Clang 22.1.3 ] # Embedded file name: data/rq3/cpython-3.13/unittest_seeds/raw/cpython_case_test_basee...;pylingual:error:──────────────────────────────────────────────────────────────────────────────── ,ggggggggggg, ,gggg, dP""""""88""""""""""""Y8, d8"" ""8I ,dPYb, Yb, 88 `8b 88 ,dP IP'`Yb `"" 88 ,8P 8888888P"" gg I8 8I 88aaaad8P"" 88 """" I8 8' 88""""""""""gg gg 88 gg ,ggg,,g...",decompyle3:not_run:;pylingual:not_run:
cpython-313,data/rq3/cpython-3.13/unique_bug_pyc/cpython-313-7f1d083a5c53.pyc,no_source,"# decompyle3 version 3.9.3 # Python bytecode version base 3.13.0 (3571) # Decompiled from: Python 3.13.13 (main, Jun 2 2026, 22:27:49) [Clang 22.1.3 ] # Embedded file name: data/rq3/cpython-3.13/unittest_seeds/raw/cpython_case_test_signa...",crash,signal_11:,,"decompyle3:error:# decompyle3 version 3.9.3 # Python bytecode version base 3.13.0 (3571) # Decompiled from: Python 3.13.13 (main, Jun 2 2026, 22:27:49) [Clang 22.1.3 ] # Embedded file name: data/rq3/cpython-3.13/unittest_seeds/raw/cpython_case_test_signa...;pylingual:error:──────────────────────────────────────────────────────────────────────────────── ,ggggggggggg, ,gggg, dP""""""88""""""""""""Y8, d8"" ""8I ,dPYb, Yb, 88 `8b 88 ,dP IP'`Yb `"" 88 ,8P 8888888P"" gg I8 8I 88aaaad8P"" 88 """" I8 8' 88""""""""""gg gg 88 gg ,ggg,,g...",decompyle3:not_run:;pylingual:not_run:
cpython-313,data/rq3/cpython-3.13/unique_bug_pyc/cpython-313-803a99e1484f.pyc,unconfirmed,original bytecode status ok:,ok,,,"decompyle3:error:# decompyle3 version 3.9.3 # Python bytecode version base 3.13.0 (3571) # Decompiled from: Python 3.13.13 (main, Jun 2 2026, 22:27:49) [Clang 22.1.3 ] # Embedded file name: data/rq3/cpython-3.13/unittest_seeds/raw/cpython_case_test_pow_P...;pylingual:error:──────────────────────────────────────────────────────────────────────────────── ,ggggggggggg, ,gggg, dP""""""88""""""""""""Y8, d8"" ""8I ,dPYb, Yb, 88 `8b 88 ,dP IP'`Yb `"" 88 ,8P 8888888P"" gg I8 8I 88aaaad8P"" 88 """" I8 8' 88""""""""""gg gg 88 gg ,ggg,,g...",decompyle3:not_run:;pylingual:not_run:
cpython-313,data/rq3/cpython-3.13/unique_bug_pyc/cpython-313-81dbe738e7a9.pyc,unconfirmed,original bytecode status ok:,ok,,,"decompyle3:error:# decompyle3 version 3.9.3 # Python bytecode version base 3.13.0 (3571) # Decompiled from: Python 3.13.13 (main, Jun 2 2026, 22:27:49) [Clang 22.1.3 ] # Embedded file name: data/rq3/cpython-3.13/unittest_seeds/raw/cpython_case_test_excep...;pylingual:error:──────────────────────────────────────────────────────────────────────────────── ,ggggggggggg, ,gggg, dP""""""88""""""""""""Y8, d8"" ""8I ,dPYb, Yb, 88 `8b 88 ,dP IP'`Yb `"" 88 ,8P 8888888P"" gg I8 8I 88aaaad8P"" 88 """" I8 8' 88""""""""""gg gg 88 gg ,ggg,,g...",decompyle3:not_run:;pylingual:not_run:
cpython-313,data/rq3/cpython-3.13/unique_bug_pyc/cpython-313-82438fdc039e.pyc,unconfirmed,original bytecode status ok:,ok,,,"decompyle3:error:# decompyle3 version 3.9.3 # Python bytecode version base 3.13.0 (3571) # Decompiled from: Python 3.13.13 (main, Jun 2 2026, 22:27:49) [Clang 22.1.3 ] # Embedded file name: data/rq3/cpython-3.13/unittest_seeds/raw/cpython_case_test_math_...;pylingual:error:──────────────────────────────────────────────────────────────────────────────── ,ggggggggggg, ,gggg, dP""""""88""""""""""""Y8, d8"" ""8I ,dPYb, Yb, 88 `8b 88 ,dP IP'`Yb `"" 88 ,8P 8888888P"" gg I8 8I 88aaaad8P"" 88 """" I8 8' 88""""""""""gg gg 88 gg ,ggg,,g...",decompyle3:not_run:;pylingual:not_run:
cpython-313,data/rq3/cpython-3.13/unique_bug_pyc/cpython-313-82b0d51f0414.pyc,no_source,"# decompyle3 version 3.9.3 # Python bytecode version base 3.13.0 (3571) # Decompiled from: Python 3.13.13 (main, Jun 2 2026, 22:27:49) [Clang 22.1.3 ] # Embedded file name: data/rq3/cpython-3.13/unittest_seeds/raw/cpython_case_test_utf8s...",crash,signal_11:,,"decompyle3:error:# decompyle3 version 3.9.3 # Python bytecode version base 3.13.0 (3571) # Decompiled from: Python 3.13.13 (main, Jun 2 2026, 22:27:49) [Clang 22.1.3 ] # Embedded file name: data/rq3/cpython-3.13/unittest_seeds/raw/cpython_case_test_utf8s...;pylingual:error:──────────────────────────────────────────────────────────────────────────────── ,ggggggggggg, ,gggg, dP""""""88""""""""""""Y8, d8"" ""8I ,dPYb, Yb, 88 `8b 88 ,dP IP'`Yb `"" 88 ,8P 8888888P"" gg I8 8I 88aaaad8P"" 88 """" I8 8' 88""""""""""gg gg 88 gg ,ggg,,g...",decompyle3:not_run:;pylingual:not_run:
cpython-313,data/rq3/cpython-3.13/unique_bug_pyc/cpython-313-83268c717577.pyc,no_source,"# decompyle3 version 3.9.3 # Python bytecode version base 3.13.0 (3571) # Decompiled from: Python 3.13.13 (main, Jun 2 2026, 22:27:49) [Clang 22.1.3 ] # Embedded file name: data/rq3/cpython-3.13/unittest_seeds/raw/cpython_case_test_math_...",crash,signal_11:,,"decompyle3:error:# decompyle3 version 3.9.3 # Python bytecode version base 3.13.0 (3571) # Decompiled from: Python 3.13.13 (main, Jun 2 2026, 22:27:49) [Clang 22.1.3 ] # Embedded file name: data/rq3/cpython-3.13/unittest_seeds/raw/cpython_case_test_math_...;pylingual:error:──────────────────────────────────────────────────────────────────────────────── ,ggggggggggg, ,gggg, dP""""""88""""""""""""Y8, d8"" ""8I ,dPYb, Yb, 88 `8b 88 ,dP IP'`Yb `"" 88 ,8P 8888888P"" gg I8 8I 88aaaad8P"" 88 """" I8 8' 88""""""""""gg gg 88 gg ,ggg,,g...",decompyle3:not_run:;pylingual:not_run:
cpython-313,data/rq3/cpython-3.13/unique_bug_pyc/cpython-313-83eea1ccf306.pyc,unconfirmed,original bytecode status ok:,ok,,,"decompyle3:error:# decompyle3 version 3.9.3 # Python bytecode version base 3.13.0 (3571) # Decompiled from: Python 3.13.13 (main, Jun 2 2026, 22:27:49) [Clang 22.1.3 ] # Embedded file name: data/rq3/cpython-3.13/unittest_seeds/raw/cpython_case_test_descr...;pylingual:error:──────────────────────────────────────────────────────────────────────────────── ,ggggggggggg, ,gggg, dP""""""88""""""""""""Y8, d8"" ""8I ,dPYb, Yb, 88 `8b 88 ,dP IP'`Yb `"" 88 ,8P 8888888P"" gg I8 8I 88aaaad8P"" 88 """" I8 8' 88""""""""""gg gg 88 gg ,ggg,,g...",decompyle3:not_run:;pylingual:not_run:
cpython-313,data/rq3/cpython-3.13/unique_bug_pyc/cpython-313-854d96bfd3b9.pyc,no_source,"# decompyle3 version 3.9.3 # Python bytecode version base 3.13.0 (3571) # Decompiled from: Python 3.13.13 (main, Jun 2 2026, 22:27:49) [Clang 22.1.3 ] # Embedded file name: data/rq3/cpython-3.13/unittest_seeds/raw/cpython_case_test_descr...",crash,signal_11:,,"decompyle3:error:# decompyle3 version 3.9.3 # Python bytecode version base 3.13.0 (3571) # Decompiled from: Python 3.13.13 (main, Jun 2 2026, 22:27:49) [Clang 22.1.3 ] # Embedded file name: data/rq3/cpython-3.13/unittest_seeds/raw/cpython_case_test_descr...;pylingual:error:──────────────────────────────────────────────────────────────────────────────── ,ggggggggggg, ,gggg, dP""""""88""""""""""""Y8, d8"" ""8I ,dPYb, Yb, 88 `8b 88 ,dP IP'`Yb `"" 88 ,8P 8888888P"" gg I8 8I 88aaaad8P"" 88 """" I8 8' 88""""""""""gg gg 88 gg ,ggg,,g...",decompyle3:not_run:;pylingual:not_run:
cpython-313,data/rq3/cpython-3.13/unique_bug_pyc/cpython-313-875c4e7f37f7.pyc,no_source,"# decompyle3 version 3.9.3 # Python bytecode version base 3.13.0 (3571) # Decompiled from: Python 3.13.13 (main, Jun 2 2026, 22:27:49) [Clang 22.1.3 ] # Embedded file name: data/rq3/cpython-3.13/unittest_seeds/raw/cpython_case_test_threa...",crash,signal_11:,,"decompyle3:error:# decompyle3 version 3.9.3 # Python bytecode version base 3.13.0 (3571) # Decompiled from: Python 3.13.13 (main, Jun 2 2026, 22:27:49) [Clang 22.1.3 ] # Embedded file name: data/rq3/cpython-3.13/unittest_seeds/raw/cpython_case_test_threa...;pylingual:error:──────────────────────────────────────────────────────────────────────────────── ,ggggggggggg, ,gggg, dP""""""88""""""""""""Y8, d8"" ""8I ,dPYb, Yb, 88 `8b 88 ,dP IP'`Yb `"" 88 ,8P 8888888P"" gg I8 8I 88aaaad8P"" 88 """" I8 8' 88""""""""""gg gg 88 gg ,ggg,,g...",decompyle3:not_run:;pylingual:not_run:
cpython-313,data/rq3/cpython-3.13/unique_bug_pyc/cpython-313-899320f7d86c.pyc,unconfirmed,original bytecode status ok:,ok,,,"decompyle3:error:# decompyle3 version 3.9.3 # Python bytecode version base 3.13.0 (3571) # Decompiled from: Python 3.13.13 (main, Jun 2 2026, 22:27:49) [Clang 22.1.3 ] # Embedded file name: data/rq3/cpython-3.13/unittest_seeds/raw/cpyvhon_case_test_gc_GC...;pylingual:error:──────────────────────────────────────────────────────────────────────────────── ,ggggggggggg, ,gggg, dP""""""88""""""""""""Y8, d8"" ""8I ,dPYb, Yb, 88 `8b 88 ,dP IP'`Yb `"" 88 ,8P 8888888P"" gg I8 8I 88aaaad8P"" 88 """" I8 8' 88""""""""""gg gg 88 gg ,ggg,,g...",decompyle3:not_run:;pylingual:not_run:
cpython-313,data/rq3/cpython-3.13/unique_bug_pyc/cpython-313-8aba73975828.pyc,no_source,"# decompyle3 version 3.9.3 # Python bytecode version base 3.13.0 (3571) # Decompiled from: Python 3.13.13 (main, Jun 2 2026, 22:27:49) [Clang 22.1.3 ] # Embedded file name: data/rq3/cpython-3.13/unittest_seeds/raw/cpython_case_test_excep...",crash,signal_11:,,"decompyle3:error:# decompyle3 version 3.9.3 # Python bytecode version base 3.13.0 (3571) # Decompiled from: Python 3.13.13 (main, Jun 2 2026, 22:27:49) [Clang 22.1.3 ] # Embedded file name: data/rq3/cpython-3.13/unittest_seeds/raw/cpython_case_test_excep...;pylingual:error:──────────────────────────────────────────────────────────────────────────────── ,ggggggggggg, ,gggg, dP""""""88""""""""""""Y8, d8"" ""8I ,dPYb, Yb, 88 `8b 88 ,dP IP'`Yb `"" 88 ,8P 8888888P"" gg I8 8I 88aaaad8P"" 88 """" I8 8' 88""""""""""gg gg 88 gg ,ggg,,g...",decompyle3:not_run:;pylingual:not_run:
cpython-313,data/rq3/cpython-3.13/unique_bug_pyc/cpython-313-8ac23cabb596.pyc,no_source,/home/awen/git/PybcSEC/PycLens/data/rq2/envs/cpython-313/lib/python3.13/site-packages/click/core.py:1307: UserWarning: The parameter --version is used more than once. Remove its duplicate as parameters should be unique. parser = self.mak...,crash,signal_11:,,"decompyle3:exit_-11:/home/awen/git/PybcSEC/PycLens/data/rq2/envs/cpython-313/lib/python3.13/site-packages/click/core.py:1307: UserWarning: The parameter --version is used more than once. Remove its duplicate as parameters should be unique. parser = self.mak...;pylingual:error:──────────────────────────────────────────────────────────────────────────────── ,ggggggggggg, ,gggg, dP""""""88""""""""""""Y8, d8"" ""8I ,dPYb, Yb, 88 `8b 88 ,dP IP'`Yb `"" 88 ,8P 8888888P"" gg I8 8I 88aaaad8P"" 88 """" I8 8' 88""""""""""gg gg 88 gg ,ggg,,g...",decompyle3:not_run:;pylingual:not_run:
cpython-313,data/rq3/cpython-3.13/unique_bug_pyc/cpython-313-8b259977140c.pyc,unconfirmed,original bytecode status ok:,ok,,,"decompyle3:error:# decompyle3 version 3.9.3 # Python bytecode version base 3.13.0 (3571) # Decompiled from: Python 3.13.13 (main, Jun 2 2026, 22:27:49) [Clang 22.1.3 ] # Embedded file name: data/rq3/cpython-3.13/unittest_seeds/raw/cpythohse_test_descr...;pylingual:error:──────────────────────────────────────────────────────────────────────────────── ,ggggggggggg, ,gggg, dP""""""88""""""""""""Y8, d8"" ""8I ,dPYb, Yb, 88 `8b 88 ,dP IP'`Yb `"" 88 ,8P 8888888P"" gg I8 8I 88aaaad8P"" 88 """" I8 8' 88""""""""""gg gg 88 gg ,ggg,,g...",decompyle3:not_run:;pylingual:not_run:
cpython-313,data/rq3/cpython-3.13/unique_bug_pyc/cpython-313-8bb3216b6ddf.pyc,unconfirmed,original bytecode status ok:,ok,,,"decompyle3:error:# decompyle3 version 3.9.3 # Python bytecode version base 3.13.0 (3571) # Decompiled from: Python 3.13.13 (main, Jun 2 2026, 22:27:49) [Clang 22.1.3 ] # Embedded file name: data/rq3/cpython-3.13/unittest_seeds/raw/cpython_case_test_bool_...;pylingual:error:──────────────────────────────────────────────────────────────────────────────── ,ggggggggggg, ,gggg, dP""""""88""""""""""""Y8, d8"" ""8I ,dPYb, Yb, 88 `8b 88 ,dP IP'`Yb `"" 88 ,8P 8888888P"" gg I8 8I 88aaaad8P"" 88 """" I8 8' 88""""""""""gg gg 88 gg ,ggg,,g...",decompyle3:not_run:;pylingual:not_run:
cpython-313,data/rq3/cpython-3.13/unique_bug_pyc/cpython-313-8cf84e3947d3.pyc,unconfirmed,original bytecode status ok:,ok,,,"decompyle3:error:# decompyle3 version 3.9.3 # Python bytecode version base 3.13.0 (3571) # Decompiled from: Python 3.13.13 (main, Jun 2 2026, 22:27:49) [Clang 22.1.3 ] # Embedded file name: data/rq3/cpython-3.13/unittest_seeds/raw/cpython_case_test_buffe...;pylingual:error:──────────────────────────────────────────────────────────────────────────────── ,ggggggggggg, ,gggg, dP""""""88""""""""""""Y8, d8"" ""8I ,dPYb, Yb, 88 `8b 88 ,dP IP'`Yb `"" 88 ,8P 8888888P"" gg I8 8I 88aaaad8P"" 88 """" I8 8' 88""""""""""gg gg 88 gg ,ggg,,g...",decompyle3:not_run:;pylingual:not_run:
cpython-313,data/rq3/cpython-3.13/unique_bug_pyc/cpython-313-8e26ca7de03e.pyc,unconfirmed,original bytecode status ok:,ok,,,"decompyle3:error:# decompyle3 version 3.9.3 # Python bytecode version base 3.13.0 (3571) # Decompiled from: Python 3.13.13 (main, Jun 2 2026, 22:27:49) [Clang 22.1.3 ] # Embedded file name: data/rq3/cpython-3.13/unittest_seeds/raw/cpython_case_test_optpa...;pylingual:error:──────────────────────────────────────────────────────────────────────────────── ,ggggggggggg, ,gggg, dP""""""88""""""""""""Y8, d8"" ""8I ,dPYb, Yb, 88 `8b 88 ,dP IP'`Yb `"" 88 ,8P 8888888P"" gg I8 8I 88aaaad8P"" 88 """" I8 8' 88""""""""""gg gg 88 gg ,ggg,,g...",decompyle3:not_run:;pylingual:not_run:
cpython-313,data/rq3/cpython-3.13/unique_bug_pyc/cpython-313-8e501416c7cd.pyc,unconfirmed,original bytecode status ok:,ok,,,"decompyle3:error:# decompyle3 version 3.9.3 # Python bytecode version base 3.13.0 (3571) # Decompiled from: Python 3.13.13 (main, Jun 2 2026, 22:27:49) [Clang 22.1.3 ] # Embedded file name: data/rq3/cpython-3.13/unittest_seeds/raw/cpython_case_test_descr...;pylingual:error:──────────────────────────────────────────────────────────────────────────────── ,ggggggggggg, ,gggg, dP""""""88""""""""""""Y8, d8"" ""8I ,dPYb, Yb, 88 `8b 88 ,dP IP'`Yb `"" 88 ,8P 8888888P"" gg I8 8I 88aaaad8P"" 88 """" I8 8' 88""""""""""gg gg 88 gg ,ggg,,g...",decompyle3:not_run:;pylingual:not_run:
cpython-313,data/rq3/cpython-3.13/unique_bug_pyc/cpython-313-908d05ef08b5.pyc,unconfirmed,original bytecode status ok:,ok,,,"decompyle3:error:# decompyle3 version 3.9.3 # Python bytecode version base 3.13.0 (3571) # Decompiled from: Python 3.13.13 (main, Jun 2 2026, 22:27:49) [Clang 22.1.3 ] # Embedded file name: data/rq3/cpython-3.13/u\\0\\0\\0\\0est_seeds/raw/cpython_case_test_excep...;pylingual:error:──────────────────────────────────────────────────────────────────────────────── ,ggggggggggg, ,gggg, dP""""""88""""""""""""Y8, d8"" ""8I ,dPYb, Yb, 88 `8b 88 ,dP IP'`Yb `"" 88 ,8P 8888888P"" gg I8 8I 88aaaad8P"" 88 """" I8 8' 88""""""""""gg gg 88 gg ,ggg,,g...",decompyle3:not_run:;pylingual:not_run:
cpython-313,data/rq3/cpython-3.13/unique_bug_pyc/cpython-313-91804c1269fb.pyc,no_source,"# decompyle3 version 3.9.3 # Python bytecode version base 3.13.0 (3571) # Decompiled from: Python 3.13.13 (main, Jun 2 2026, 22:27:49) [Clang 22.1.3 ] # Embedded file name: data/rq3/cpython-3.13/unittest_seeds/raw/cpython_case_test_csv_T...",crash,signal_11:,,"decompyle3:error:# decompyle3 version 3.9.3 # Python bytecode version base 3.13.0 (3571) # Decompiled from: Python 3.13.13 (main, Jun 2 2026, 22:27:49) [Clang 22.1.3 ] # Embedded file name: data/rq3/cpython-3.13/unittest_seeds/raw/cpython_case_test_csv_T...;pylingual:error:──────────────────────────────────────────────────────────────────────────────── ,ggggggggggg, ,gggg, dP""""""88""""""""""""Y8, d8"" ""8I ,dPYb, Yb, 88 `8b 88 ,dP IP'`Yb `"" 88 ,8P 8888888P"" gg I8 8I 88aaaad8P"" 88 """" I8 8' 88""""""""""gg gg 88 gg ,ggg,,g...",decompyle3:not_run:;pylingual:not_run:
cpython-313,data/rq3/cpython-3.13/unique_bug_pyc/cpython-313-93664ef27778.pyc,unconfirmed,original bytecode status ok:,ok,,,"decompyle3:error:# decompyle3 version 3.9.3 # Python bytecode version base 3.13.0 (3571) # Decompiled from: Python 3.13.13 (main, Jun 2 2026, 22:27:49) [Clang 22.1.3 ] # Embedded file name: data/rq3/cpython-3.13/unittest_seeds/raw/cpython_case_test_math_...;pylingual:error:──────────────────────────────────────────────────────────────────────────────── ,ggggggggggg, ,gggg, dP""""""88""""""""""""Y8, d8"" ""8I ,dPYb, Yb, 88 `8b 88 ,dP IP'`Yb `"" 88 ,8P 8888888P"" gg I8 8I 88aaaad8P"" 88 """" I8 8' 88""""""""""gg gg 88 gg ,ggg,,g...",decompyle3:not_run:;pylingual:not_run:
cpython-313,data/rq3/cpython-3.13/unique_bug_pyc/cpython-313-9501d32bec8d.pyc,no_source,"# decompyle3 version 3.9.3 # Python bytecode version base 3.13.0 (3571) # Decompiled from: Python 3.13.13 (main, Jun 2 2026, 22:27:49) [Clang 22.1.3 ] # Embedded file name: data/rq3/cpython-3.13/unittest_seeds/raw/cpython_case_test_tarfi...",crash,signal_11:,,"decompyle3:error:# decompyle3 version 3.9.3 # Python bytecode version base 3.13.0 (3571) # Decompiled from: Python 3.13.13 (main, Jun 2 2026, 22:27:49) [Clang 22.1.3 ] # Embedded file name: data/rq3/cpython-3.13/unittest_seeds/raw/cpython_case_test_tarfi...;pylingual:error:──────────────────────────────────────────────────────────────────────────────── ,ggggggggggg, ,gggg, dP""""""88""""""""""""Y8, d8"" ""8I ,dPYb, Yb, 88 `8b 88 ,dP IP'`Yb `"" 88 ,8P 8888888P"" gg I8 8I 88aaaad8P"" 88 """" I8 8' 88""""""""""gg gg 88 gg ,ggg,,g...",decompyle3:not_run:;pylingual:not_run:
cpython-313,data/rq3/cpython-3.13/unique_bug_pyc/cpython-313-964be44a9f95.pyc,no_source,"# decompyle3 version 3.9.3 # Python bytecode version base 3.13.0 (3571) # Decompiled from: Python 3.13.13 (main, Jun 2 2026, 22:27:49) [Clang 22.1.3 ] # Embedded file name: data/rq3/cpython-3.13/unittest_seeds/raw/cpython_case_test_csv_T...",crash,"signal_11:Traceback (most recent call last): File ""/home/awen/git/PybcSEC/PycLens/data/rq4/harness.py"", line 26, in <module> exec(code, namespace, namespace) ~~~~^^^^^^^^^^^^^^^^^^^^^^^^^^^^ File ""data/rq3/cpython-3.13/unittest_seeds/raw/cpython_c...",,"decompyle3:error:# decompyle3 version 3.9.3 # Python bytecode version base 3.13.0 (3571) # Decompiled from: Python 3.13.13 (main, Jun 2 2026, 22:27:49) [Clang 22.1.3 ] # Embedded file name: data/rq3/cpython-3.13/unittest_seeds/raw/cpython_case_test_csv_T...;pylingual:error:──────────────────────────────────────────────────────────────────────────────── ,ggggggggggg, ,gggg, dP""""""88""""""""""""Y8, d8"" ""8I ,dPYb, Yb, 88 `8b 88 ,dP IP'`Yb `"" 88 ,8P 8888888P"" gg I8 8I 88aaaad8P"" 88 """" I8 8' 88""""""""""gg gg 88 gg ,ggg,,g...",decompyle3:not_run:;pylingual:not_run:
cpython-313,data/rq3/cpython-3.13/unique_bug_pyc/cpython-313-991754bce6f7.pyc,unconfirmed,original bytecode status ok:,ok,,,"decompyle3:error:# decompyle3 version 3.9.3 # Python bytecode version base 3.13.0 (3571) # Decompiled from: Python 3.13.13 (main, Jun 2 2026, 22:27:49) [Clang 22.1.3 ] # Embedded file name: data/rq3/cpython-3.13/unittest_seeds/raw/cpython_case_test_basee...;pylingual:error:──────────────────────────────────────────────────────────────────────────────── ,ggggggggggg, ,gggg, dP""""""88""""""""""""Y8, d8"" ""8I ,dPYb, Yb, 88 `8b 88 ,dP IP'`Yb `"" 88 ,8P 8888888P"" gg I8 8I 88aaaad8P"" 88 """" I8 8' 88""""""""""gg gg 88 gg ,ggg,,g...",decompyle3:not_run:;pylingual:not_run:
cpython-313,data/rq3/cpython-3.13/unique_bug_pyc/cpython-313-9d9f2baa2bcd.pyc,unconfirmed,original bytecode status ok:,ok,,,"decompyle3:error:# decompyle3 version 3.9.3 # Python bytecode version base 3.13.0 (3571) # Decompiled from: Python 3.13.13 (main, Jun 2 2026, 22:27:49) [Clang 22.1.3 ] # Embedded file name: data/rq3/cpython-3.13/unittest_seeds/raw/cpython_case_test_http_...;pylingual:error:──────────────────────────────────────────────────────────────────────────────── ,ggggggggggg, ,gggg, dP""""""88""""""""""""Y8, d8"" ""8I ,dPYb, Yb, 88 `8b 88 ,dP IP'`Yb `"" 88 ,8P 8888888P"" gg I8 8I 88aaaad8P"" 88 """" I8 8' 88""""""""""gg gg 88 gg ,ggg,,g...",decompyle3:not_run:;pylingual:not_run:
cpython-313,data/rq3/cpython-3.13/unique_bug_pyc/cpython-313-9eb1261f0e90.pyc,no_source,"# decompyle3 version 3.9.3 # Python bytecode version base 3.13.0 (3571) # Decompiled from: Python 3.13.13 (main, Jun 2 2026, 22:27:49) [Clang 22.1.3 ] # Embedded file name: data/rq3/cpython-3.13/unittest_seeds/raw/cpython_case_test_site_...",crash,signal_11:,,"decompyle3:error:# decompyle3 version 3.9.3 # Python bytecode version base 3.13.0 (3571) # Decompiled from: Python 3.13.13 (main, Jun 2 2026, 22:27:49) [Clang 22.1.3 ] # Embedded file name: data/rq3/cpython-3.13/unittest_seeds/raw/cpython_case_test_site_...;pylingual:error:──────────────────────────────────────────────────────────────────────────────── ,ggggggggggg, ,gggg, dP""""""88""""""""""""Y8, d8"" ""8I ,dPYb, Yb, 88 `8b 88 ,dP IP'`Yb `"" 88 ,8P 8888888P"" gg I8 8I 88aaaad8P"" 88 """" I8 8' 88""""""""""gg gg 88 gg ,ggg,,g...",decompyle3:not_run:;pylingual:not_run:
cpython-313,data/rq3/cpython-3.13/unique_bug_pyc/cpython-313-9fa5077d9d01.pyc,no_source,"# decompyle3 version 3.9.3 # Python bytecode version base 3.13.0 (3571) # Decompiled from: Python 3.13.13 (main, Jun 2 2026, 22:27:49) [Clang 22.1.3 ] # Embedded file name: data/rq3/cpython-3.13/unittest_seeds/raw/cpython_case_test_strpt...",crash,signal_11:,,"decompyle3:error:# decompyle3 version 3.9.3 # Python bytecode version base 3.13.0 (3571) # Decompiled from: Python 3.13.13 (main, Jun 2 2026, 22:27:49) [Clang 22.1.3 ] # Embedded file name: data/rq3/cpython-3.13/unittest_seeds/raw/cpython_case_test_strpt...;pylingual:error:──────────────────────────────────────────────────────────────────────────────── ,ggggggggggg, ,gggg, dP""""""88""""""""""""Y8, d8"" ""8I ,dPYb, Yb, 88 `8b 88 ,dP IP'`Yb `"" 88 ,8P 8888888P"" gg I8 8I 88aaaad8P"" 88 """" I8 8' 88""""""""""gg gg 88 gg ,ggg,,g...",decompyle3:not_run:;pylingual:not_run:
cpython-313,data/rq3/cpython-3.13/unique_bug_pyc/cpython-313-a10d485bf9a1.pyc,unconfirmed,original bytecode status ok:,ok,,,"decompyle3:exit_1:/home/awen/git/PybcSEC/PycLens/data/rq2/envs/cpython-313/lib/python3.13/site-packages/click/core.py:1307: UserWarning: The parameter --version is used more than once. Remove its duplicate as parameters should be unique. parser = self.mak...;pylingual:error:──────────────────────────────────────────────────────────────────────────────── ,ggggggggggg, ,gggg, dP""""""88""""""""""""Y8, d8"" ""8I ,dPYb, Yb, 88 `8b 88 ,dP IP'`Yb `"" 88 ,8P 8888888P"" gg I8 8I 88aaaad8P"" 88 """" I8 8' 88""""""""""gg gg 88 gg ,ggg,,g...",decompyle3:not_run:;pylingual:not_run:
cpython-313,data/rq3/cpython-3.13/unique_bug_pyc/cpython-313-a1729b3d688a.pyc,unconfirmed,original bytecode status ok:,ok,,,"decompyle3:error:# decompyle3 version 3.9.3 # Python bytecode version base 3.13.0 (3571) # Decompiled from: Python 3.13.13 (main, Jun 2 2026, 22:27:49) [Clang 22.1.3 ] # Embedded file name: data/rq3/cpython-3.13/unittest_seeds/raw/cpython_case_test_sax_M...;pylingual:error:──────────────────────────────────────────────────────────────────────────────── ,ggggggggggg, ,gggg, dP""""""88""""""""""""Y8, d8"" ""8I ,dPYb, Yb, 88 `8b 88 ,dP IP'`Yb `"" 88 ,8P 8888888P"" gg I8 8I 88aaaad8P"" 88 """" I8 8' 88""""""""""gg gg 88 gg ,ggg,,g...",decompyle3:not_run:;pylingual:not_run:
cpython-313,data/rq3/cpython-3.13/unique_bug_pyc/cpython-313-a217794e6047.pyc,no_source,"# decompyle3 version 3.9.3 # Python bytecode version base 3.13.0 (3571) # Decompiled from: Python 3.13.13 (main, Jun 2 2026, 22:27:49) [Clang 22.1.3 ] # Embedded file name: data/rq3/cpython-3.13/unittest_seeds/raw/cpython_case_test_int_I...",crash,signal_11:,,"decompyle3:error:# decompyle3 version 3.9.3 # Python bytecode version base 3.13.0 (3571) # Decompiled from: Python 3.13.13 (main, Jun 2 2026, 22:27:49) [Clang 22.1.3 ] # Embedded file name: data/rq3/cpython-3.13/unittest_seeds/raw/cpython_case_test_int_I...;pylingual:error:──────────────────────────────────────────────────────────────────────────────── ,ggggggggggg, ,gggg, dP""""""88""""""""""""Y8, d8"" ""8I ,dPYb, Yb, 88 `8b 88 ,dP IP'`Yb `"" 88 ,8P 8888888P"" gg I8 8I 88aaaad8P"" 88 """" I8 8' 88""""""""""gg gg 88 gg ,ggg,,g...",decompyle3:not_run:;pylingual:not_run:
cpython-313,data/rq3/cpython-3.13/unique_bug_pyc/cpython-313-a5402b3d060a.pyc,no_source,"# decompyle3 version 3.9.3 # Python bytecode version base 3.13.0 (3571) # Decompiled from: Python 3.13.13 (main, Jun 2 2026, 22:27:49) [Clang 22.1.3 ] # Embedded file name: data/rq3/cpython-3.13/unittest_seeds/raw/cpython_case_test_filei...",crash,signal_11:,,"decompyle3:error:# decompyle3 version 3.9.3 # Python bytecode version base 3.13.0 (3571) # Decompiled from: Python 3.13.13 (main, Jun 2 2026, 22:27:49) [Clang 22.1.3 ] # Embedded file name: data/rq3/cpython-3.13/unittest_seeds/raw/cpython_case_test_filei...;pylingual:error:──────────────────────────────────────────────────────────────────────────────── ,ggggggggggg, ,gggg, dP""""""88""""""""""""Y8, d8"" ""8I ,dPYb, Yb, 88 `8b 88 ,dP IP'`Yb `"" 88 ,8P 8888888P"" gg I8 8I 88aaaad8P"" 88 """" I8 8' 88""""""""""gg gg 88 gg ,ggg,,g...",decompyle3:not_run:;pylingual:not_run:
cpython-313,data/rq3/cpython-3.13/unique_bug_pyc/cpython-313-a5c32e005e21.pyc,unconfirmed,original bytecode status ok:,ok,,,"decompyle3:error:# decompyle3 version 3.9.3 # Python bytecode version base 3.13.0 (3571) # Decompiled from: Python 3.13.13 (main, Jun 2 2026, 22:27:49) [Clang 22.1.3 ] # Embedded file name: data/rq3/cpythoo-3.13/unittest_seeds/raw/cpython_case_test_token...;pylingual:error:──────────────────────────────────────────────────────────────────────────────── ,ggggggggggg, ,gggg, dP""""""88""""""""""""Y8, d8"" ""8I ,dPYb, Yb, 88 `8b 88 ,dP IP'`Yb `"" 88 ,8P 8888888P"" gg I8 8I 88aaaad8P"" 88 """" I8 8' 88""""""""""gg gg 88 gg ,ggg,,g...",decompyle3:not_run:;pylingual:not_run:
cpython-313,data/rq3/cpython-3.13/unique_bug_pyc/cpython-313-a65adc8929c4.pyc,unconfirmed,original bytecode status ok:,ok,,,"decompyle3:error:# decompyle3 version 3.9.3 # Python bytecode version base 3.13.0 (3571) # Decompiled from: Python 3.13.13 (main, Jun 2 2026, 22:27:49) [Clang 22.1.3 ] # Embedded file name: data/rq3/cpython-3.13/unittest_seeds/raw/cpython_case_test_gener...;pylingual:error:──────────────────────────────────────────────────────────────────────────────── ,ggggggggggg, ,gggg, dP""""""88""""""""""""Y8, d8"" ""8I ,dPYb, Yb, 88 `8b 88 ,dP IP'`Yb `"" 88 ,8P 8888888P"" gg I8 8I 88aaaad8P"" 88 """" I8 8' 88""""""""""gg gg 88 gg ,ggg,,g...",decompyle3:not_run:;pylingual:not_run:
cpython-313,data/rq3/cpython-3.13/unique_bug_pyc/cpython-313-a96cd9e9fb7b.pyc,unconfirmed,original bytecode status ok:,ok,,,"decompyle3:error:# decompyle3 version 3.9.3 # Python bytecode version base 3.13.0 (3571) # Decompiled from: Python 3.13.13 (main, Jun 2 2026, 22:27:49) [Clang 22.1.3 ] # Embedded file name: data/rq3/cpython-3.13/unittest_seeds/raw/cpython_case_test_stati...;pylingual:error:──────────────────────────────────────────────────────────────────────────────── ,ggggggggggg, ,gggg, dP""""""88""""""""""""Y8, d8"" ""8I ,dPYb, Yb, 88 `8b 88 ,dP IP'`Yb `"" 88 ,8P 8888888P"" gg I8 8I 88aaaad8P"" 88 """" I8 8' 88""""""""""gg gg 88 gg ,ggg,,g...",decompyle3:not_run:;pylingual:not_run:
cpython-313,data/rq3/cpython-3.13/unique_bug_pyc/cpython-313-a97e537897e5.pyc,unconfirmed,original bytecode status ok:,ok,,,"decompyle3:error:# decompyle3 version 3.9.3 # Python bytecode version base 3.13.0 (3571) # Decompiled from: Python 3.13.13 (main, Jun 2 2026, 22:27:49) [Clang 22.1.3 ] # Embedded file name: data/rq3/cpython-3.13/unittest_seeds/raw/cpython_case_test_async...;pylingual:error:──────────────────────────────────────────────────────────────────────────────── ,ggggggggggg, ,gggg, dP""""""88""""""""""""Y8, d8"" ""8I ,dPYb, Yb, 88 `8b 88 ,dP IP'`Yb `"" 88 ,8P 8888888P"" gg I8 8I 88aaaad8P"" 88 """" I8 8' 88""""""""""gg gg 88 gg ,ggg,,g...",decompyle3:not_run:;pylingual:not_run:
cpython-313,data/rq3/cpython-3.13/unique_bug_pyc/cpython-313-a9e48d0a3405.pyc,no_source,"# decompyle3 version 3.9.3 # Python bytecode version base 3.13.0 (3571) # Decompiled from: Python 3.13.13 (main, Jun 2 2026, 22:27:49) [Clang 22.1.3 ] # Embedded file name: data/rq3/cpython-3.13/unittest_seeds/raw/cpython_case_test_ucn_U...",crash,signal_11:,,"decompyle3:error:# decompyle3 version 3.9.3 # Python bytecode version base 3.13.0 (3571) # Decompiled from: Python 3.13.13 (main, Jun 2 2026, 22:27:49) [Clang 22.1.3 ] # Embedded file name: data/rq3/cpython-3.13/unittest_seeds/raw/cpython_case_test_ucn_U...;pylingual:error:──────────────────────────────────────────────────────────────────────────────── ,ggggggggggg, ,gggg, dP""""""88""""""""""""Y8, d8"" ""8I ,dPYb, Yb, 88 `8b 88 ,dP IP'`Yb `"" 88 ,8P 8888888P"" gg I8 8I 88aaaad8P"" 88 """" I8 8' 88""""""""""gg gg 88 gg ,ggg,,g...",decompyle3:not_run:;pylingual:not_run:
cpython-313,data/rq3/cpython-3.13/unique_bug_pyc/cpython-313-aa9928d31aff.pyc,unconfirmed,original bytecode status ok:,ok,,,"decompyle3:error:# decompyle3 version 3.9.3 # Python bytecode version base 3.13.0 (3571) # Decompiled from: Python 3.13.13 (main, Jun 2 2026, 22:27:49) [Clang 22.1.3 ] # Embedded file name: data/rq3/cpython-3.13/unittest_seeds/raw/cpython_case_test_utf8s...;pylingual:error:──────────────────────────────────────────────────────────────────────────────── ,ggggggggggg, ,gggg, dP""""""88""""""""""""Y8, d8"" ""8I ,dPYb, Yb, 88 `8b 88 ,dP IP'`Yb `"" 88 ,8P 8888888P"" gg I8 8I 88aaaad8P"" 88 """" I8 8' 88""""""""""gg gg 88 gg ,ggg,,g...",decompyle3:not_run:;pylingual:not_run:
cpython-313,data/rq3/cpython-3.13/unique_bug_pyc/cpython-313-abf59634ba58.pyc,no_source,"# decompyle3 version 3.9.3 # Python bytecode version base 3.13.0 (3571) # Decompiled from: Python 3.13.13 (main, Jun 2 2026, 22:27:49) [Clang 22.1.3 ] # Embedded file name: data/rq3/cpython-3.13/\\0\\0a\\0\\0\\\\0""\\05eds/raw/cpython_case_test_corou...",crash,signal_11:,,"decompyle3:error:# decompyle3 version 3.9.3 # Python bytecode version base 3.13.0 (3571) # Decompiled from: Python 3.13.13 (main, Jun 2 2026, 22:27:49) [Clang 22.1.3 ] # Embedded file name: data/rq3/cpython-3.13/\\0\\0a\\0\\0\\\\0""\\05eds/raw/cpython_case_test_corou...;pylingual:error:──────────────────────────────────────────────────────────────────────────────── ,ggggggggggg, ,gggg, dP""""""88""""""""""""Y8, d8"" ""8I ,dPYb, Yb, 88 `8b 88 ,dP IP'`Yb `"" 88 ,8P 8888888P"" gg I8 8I 88aaaad8P"" 88 """" I8 8' 88""""""""""gg gg 88 gg ,ggg,,g...",decompyle3:not_run:;pylingual:not_run:
cpython-313,data/rq3/cpython-3.13/unique_bug_pyc/cpython-313-b000b9a2542b.pyc,unconfirmed,original bytecode status ok:,ok,,,"decompyle3:error:# decompyle3 version 3.9.3 # Python bytecode version base 3.13.0 (3571) # Decompiled from: Python 3.13.13 (main, Jun 2 2026, 22:27:49) [Clang 22.1.3 ] # Embedded file name: data/rq3/cpython-3.13/unittest_seeds/raw/cpython_case_test_dict_...;pylingual:error:──────────────────────────────────────────────────────────────────────────────── ,ggggggggggg, ,gggg, dP""""""88""""""""""""Y8, d8"" ""8I ,dPYb, Yb, 88 `8b 88 ,dP IP'`Yb `"" 88 ,8P 8888888P"" gg I8 8I 88aaaad8P"" 88 """" I8 8' 88""""""""""gg gg 88 gg ,ggg,,g...",decompyle3:not_run:;pylingual:not_run:
cpython-313,data/rq3/cpython-3.13/unique_bug_pyc/cpython-313-b2ea95eec746.pyc,no_source,"# decompyle3 version 3.9.3 # Python bytecode version base 3.13.0 (3571) # Decompiled from: Python 3.13.13 (main, Jun 2 2026, 22:27:49) [Clang 22.1.3 ] # Embedded file name: data/rq3/cpython-3.13/unittest_seedr/raw/cpython_case_test_cmath...",crash,signal_11:,,"decompyle3:error:# decompyle3 version 3.9.3 # Python bytecode version base 3.13.0 (3571) # Decompiled from: Python 3.13.13 (main, Jun 2 2026, 22:27:49) [Clang 22.1.3 ] # Embedded file name: data/rq3/cpython-3.13/unittest_seedr/raw/cpython_case_test_cmath...;pylingual:error:──────────────────────────────────────────────────────────────────────────────── ,ggggggggggg, ,gggg, dP""""""88""""""""""""Y8, d8"" ""8I ,dPYb, Yb, 88 `8b 88 ,dP IP'`Yb `"" 88 ,8P 8888888P"" gg I8 8I 88aaaad8P"" 88 """" I8 8' 88""""""""""gg gg 88 gg ,ggg,,g...",decompyle3:not_run:;pylingual:not_run:
cpython-313,data/rq3/cpython-3.13/unique_bug_pyc/cpython-313-b3821bd0cdcd.pyc,unconfirmed,original bytecode status ok:,ok,,,"decompyle3:error:# decompyle3 version 3.9.3 # Python bytecode version base 3.13.0 (3571) # Decompiled from: Python 3.13.13 (main, Jun 2 2026, 22:27:49) [Clang 22.1.3 ] # Embedded file name: data/rq3/cpython-3.13/unittest_seeds/raw/cpython_case_test_gette...;pylingual:error:──────────────────────────────────────────────────────────────────────────────── ,ggggggggggg, ,gggg, dP""""""88""""""""""""Y8, d8"" ""8I ,dPYb, Yb, 88 `8b 88 ,dP IP'`Yb `"" 88 ,8P 8888888P"" gg I8 8I 88aaaad8P"" 88 """" I8 8' 88""""""""""gg gg 88 gg ,ggg,,g...",decompyle3:not_run:;pylingual:not_run:
cpython-313,data/rq3/cpython-3.13/unique_bug_pyc/cpython-313-b7a3790126d5.pyc,no_source,"# decompyle3 version 3.9.3 # Python bytecode version base 3.13.0 (3571) # Decompiled from: Python 3.13.13 (main, Jun 2 2026, 22:27:49) [Clang 22.1.3 ] # Embedded file name: data/rq3/cpython-3.13/unittest_seeds/raw/cpython_case_test_loggi...",crash,signal_11:,,"decompyle3:error:# decompyle3 version 3.9.3 # Python bytecode version base 3.13.0 (3571) # Decompiled from: Python 3.13.13 (main, Jun 2 2026, 22:27:49) [Clang 22.1.3 ] # Embedded file name: data/rq3/cpython-3.13/unittest_seeds/raw/cpython_case_test_loggi...;pylingual:error:──────────────────────────────────────────────────────────────────────────────── ,ggggggggggg, ,gggg, dP""""""88""""""""""""Y8, d8"" ""8I ,dPYb, Yb, 88 `8b 88 ,dP IP'`Yb `"" 88 ,8P 8888888P"" gg I8 8I 88aaaad8P"" 88 """" I8 8' 88""""""""""gg gg 88 gg ,ggg,,g...",decompyle3:not_run:;pylingual:not_run:
cpython-313,data/rq3/cpython-3.13/unique_bug_pyc/cpython-313-b9e66fd17af1.pyc,unconfirmed,original bytecode status ok:,ok,,,"decompyle3:error:# decompyle3 version 3.9.3 # Python bytecode version base 3.13.0 (3571) # Decompiled from: Python 3.13.13 (main, Jun 2 2026, 22:27:49) [Clang 22.1.3 ] # Embedded file name: data/rq3/cpython-3.13/unittest_seeds/raw/cpython_case_test_dict_...;pylingual:error:──────────────────────────────────────────────────────────────────────────────── ,ggggggggggg, ,gggg, dP""""""88""""""""""""Y8, d8"" ""8I ,dPYb, Yb, 88 `8b 88 ,dP IP'`Yb `"" 88 ,8P 8888888P"" gg I8 8I 88aaaad8P"" 88 """" I8 8' 88""""""""""gg gg 88 gg ,ggg,,g...",decompyle3:not_run:;pylingual:not_run:
cpython-313,data/rq3/cpython-3.13/unique_bug_pyc/cpython-313-bb4681fea975.pyc,unconfirmed,original bytecode status ok:,ok,,,"decompyle3:error:# decompyle3 version 3.9.3 # Python bytecode version base 3.13.0 (3571) # Decompiled from: Python 3.13.13 (main, Jun 2 2026, 22:27:49) [Clang 22.1.3 ] # Embedded file name: data/rq3/cpython-3.13/unittest_seeds/raw/cpython_case_test_utf8s...;pylingual:error:──────────────────────────────────────────────────────────────────────────────── ,ggggggggggg, ,gggg, dP""""""88""""""""""""Y8, d8"" ""8I ,dPYb, Yb, 88 `8b 88 ,dP IP'`Yb `"" 88 ,8P 8888888P"" gg I8 8I 88aaaad8P"" 88 """" I8 8' 88""""""""""gg gg 88 gg ,ggg,,g...",decompyle3:not_run:;pylingual:not_run:
cpython-313,data/rq3/cpython-3.13/unique_bug_pyc/cpython-313-bb78689226ac.pyc,unconfirmed,original bytecode status ok:,ok,,,"decompyle3:error:# decompyle3 version 3.9.3 # Python bytecode version base 3.13.0 (3571) # Decompiled from: Python 3.13.13 (main, Jun 2 2026, 22:27:49) [Clang 22.1.3 ] # Embedded file name: data/rq3/cpython-3.13/unittest_seeds/raw/cpython_case^test_types...;pylingual:error:──────────────────────────────────────────────────────────────────────────────── ,ggggggggggg, ,gggg, dP""""""88""""""""""""Y8, d8"" ""8I ,dPYb, Yb, 88 `8b 88 ,dP IP'`Yb `"" 88 ,8P 8888888P"" gg I8 8I 88aaaad8P"" 88 """" I8 8' 88""""""""""gg gg 88 gg ,ggg,,g...",decompyle3:not_run:;pylingual:not_run:
cpython-313,data/rq3/cpython-3.13/unique_bug_pyc/cpython-313-bd96ca60a291.pyc,unconfirmed,original bytecode status ok:,ok,,,"decompyle3:error:# decompyle3 version 3.9.3 # Python bytecode version base 3.13.0 (3571) # Decompiled from: Python 3.13.13 (main, Jun 2 2026, 22:27:49) [Clang 22.1.3 ] # Embedded file name: data/rq3/cpython-3.13/unittest_seeds/raw/cpython_case_test_sax_X...;pylingual:error:──────────────────────────────────────────────────────────────────────────────── ,ggggggggggg, ,gggg, dP""""""88""""""""""""Y8, d8"" ""8I ,dPYb, Yb, 88 `8b 88 ,dP IP'`Yb `"" 88 ,8P 8888888P"" gg I8 8I 88aaaad8P"" 88 """" I8 8' 88""""""""""gg gg 88 gg ,ggg,,g...",decompyle3:not_run:;pylingual:not_run:
cpython-313,data/rq3/cpython-3.13/unique_bug_pyc/cpython-313-bdc371ce3bd8.pyc,no_source,"# decompyle3 version 3.9.3 # Python bytecode version base 3.13.0 (3571) # Decompiled from: Python 3.13.13 (main, Jun 2 2026, 22:27:49) [Clang 22.1.3 ] # Embedded file name: data/rq3/cpython-3.13/unittest_seeds/raw/cpython_case_test_htmlp...",crash,signal_11:,,"decompyle3:error:# decompyle3 version 3.9.3 # Python bytecode version base 3.13.0 (3571) # Decompiled from: Python 3.13.13 (main, Jun 2 2026, 22:27:49) [Clang 22.1.3 ] # Embedded file name: data/rq3/cpython-3.13/unittest_seeds/raw/cpython_case_test_htmlp...;pylingual:error:──────────────────────────────────────────────────────────────────────────────── ,ggggggggggg, ,gggg, dP""""""88""""""""""""Y8, d8"" ""8I ,dPYb, Yb, 88 `8b 88 ,dP IP'`Yb `"" 88 ,8P 8888888P"" gg I8 8I 88aaaad8P"" 88 """" I8 8' 88""""""""""gg gg 88 gg ,ggg,,g...",decompyle3:not_run:;pylingual:not_run:
cpython-313,data/rq3/cpython-3.13/unique_bug_pyc/cpython-313-be11a5b599ba.pyc,unconfirmed,original bytecode status ok:,ok,,,"decompyle3:error:# decompyle3 version 3.9.3 # Python bytecode version base 3.13.0 (3571) # Decompiled from: Python 3.13.13 (main, Jun 2 2026, 22:27:49) [Clang 22.1.3 ] # Embedded file name: data/rq3/cpython-3.13/unittest_seeds/raw/cpython_case_test_weakr...;pylingual:error:──────────────────────────────────────────────────────────────────────────────── ,ggggggggggg, ,gggg, dP""""""88""""""""""""Y8, d8"" ""8I ,dPYb, Yb, 88 `8b 88 ,dP IP'`Yb `"" 88 ,8P 8888888P"" gg I8 8I 88aaaad8P"" 88 """" I8 8' 88""""""""""gg gg 88 gg ,ggg,,g...",decompyle3:not_run:;pylingual:not_run:
cpython-313,data/rq3/cpython-3.13/unique_bug_pyc/cpython-313-c054e317548d.pyc,no_source,"# decompyle3 version 3.9.3 # Python bytecode version base 3.13.0 (3571) # Decompiled from: Python 3.13.13 (main, Jun 2 2026, 22:27:49) [Clang 22.1.3 ] # Embedded file name: data/rq3/cpython-3.13/unittest_seeds/raw/cpython_case_test_urlli...",exit_1,"Traceback (most recent call last): File ""/home/awen/git/PybcSEC/PycLens/data/rq4/harness.py"", line 23, in <module> list(dis.Bytecode(code)) ~~~~^^^^^^^^^^^^^^^^^^^^ File ""/root/.local/share/uv/python/cpython-3.13.13-linux-x86_64-gnu/lib/...",,"decompyle3:error:# decompyle3 version 3.9.3 # Python bytecode version base 3.13.0 (3571) # Decompiled from: Python 3.13.13 (main, Jun 2 2026, 22:27:49) [Clang 22.1.3 ] # Embedded file name: data/rq3/cpython-3.13/unittest_seeds/raw/cpython_case_test_urlli...;pylingual:error:──────────────────────────────────────────────────────────────────────────────── ,ggggggggggg, ,gggg, dP""""""88""""""""""""Y8, d8"" ""8I ,dPYb, Yb, 88 `8b 88 ,dP IP'`Yb `"" 88 ,8P 8888888P"" gg I8 8I 88aaaad8P"" 88 """" I8 8' 88""""""""""gg gg 88 gg ,ggg,,g...",decompyle3:not_run:;pylingual:not_run:
cpython-313,data/rq3/cpython-3.13/unique_bug_pyc/cpython-313-c07b62f7ccbe.pyc,no_source,"# decompyle3 version 3.9.3 # Python bytecode version base 3.13.0 (3571) # Decompiled from: Python 3.13.13 (main, Jun 2 2026, 22:27:49) [Clang 22.1.3 ] # Embedded file name: data/rq3/cpython-3.13/unittest_seeds/raw/cpython_case_test_shuti...",crash,signal_11:,,"decompyle3:error:# decompyle3 version 3.9.3 # Python bytecode version base 3.13.0 (3571) # Decompiled from: Python 3.13.13 (main, Jun 2 2026, 22:27:49) [Clang 22.1.3 ] # Embedded file name: data/rq3/cpython-3.13/unittest_seeds/raw/cpython_case_test_shuti...;pylingual:error:──────────────────────────────────────────────────────────────────────────────── ,ggggggggggg, ,gggg, dP""""""88""""""""""""Y8, d8"" ""8I ,dPYb, Yb, 88 `8b 88 ,dP IP'`Yb `"" 88 ,8P 8888888P"" gg I8 8I 88aaaad8P"" 88 """" I8 8' 88""""""""""gg gg 88 gg ,ggg,,g...",decompyle3:not_run:;pylingual:not_run:
cpython-313,data/rq3/cpython-3.13/unique_bug_pyc/cpython-313-c2c459aa362f.pyc,no_source,"# decompyle3 version 3.9.3 # Python bytecode version base 3.13.0 (3571) # Decompiled from: Python 3.13.13 (main, Jun 2 2026, 22:27:49) [Clang 22.1.3 ] # Embedded file name: data/rq3/cpython-3.13/unittest_seeds/raw/cpython_case_test_pprin...",crash,signal_11:,,"decompyle3:error:# decompyle3 version 3.9.3 # Python bytecode version base 3.13.0 (3571) # Decompiled from: Python 3.13.13 (main, Jun 2 2026, 22:27:49) [Clang 22.1.3 ] # Embedded file name: data/rq3/cpython-3.13/unittest_seeds/raw/cpython_case_test_pprin...;pylingual:error:──────────────────────────────────────────────────────────────────────────────── ,ggggggggggg, ,gggg, dP""""""88""""""""""""Y8, d8"" ""8I ,dPYb, Yb, 88 `8b 88 ,dP IP'`Yb `"" 88 ,8P 8888888P"" gg I8 8I 88aaaad8P"" 88 """" I8 8' 88""""""""""gg gg 88 gg ,ggg,,g...",decompyle3:not_run:;pylingual:not_run:
cpython-313,data/rq3/cpython-3.13/unique_bug_pyc/cpython-313-c3a99da4d0ff.pyc,unconfirmed,original bytecode status ok:,ok,,,"decompyle3:error:# decompyle3 version 3.9.3 # Python bytecode version base 3.13.0 (3571) # Decompiled from: Python 3.13.13 (main, Jun 2 2026, 22:27:49) [Clang 22.1.3 ] # Embedded file name: data/rq3/cpython-3.13/unittest_seeds/raw/cpython_case_test_http_...;pylingual:error:──────────────────────────────────────────────────────────────────────────────── ,ggggggggggg, ,gggg, dP""""""88""""""""""""Y8, d8"" ""8I ,dPYb, Yb, 88 `8b 88 ,dP IP'`Yb `"" 88 ,8P 8888888P"" gg I8 8I 88aaaad8P"" 88 """" I8 8' 88""""""""""gg gg 88 gg ,ggg,,g...",decompyle3:not_run:;pylingual:not_run:
cpython-313,data/rq3/cpython-3.13/unique_bug_pyc/cpython-313-c5b3638cade2.pyc,no_source,"# decompyle3 version 3.9.3 # Python bytecode version base 3.13.0 (3571) # Decompiled from: Python 3.13.13 (main, Jun 2 2026, 22:27:49) [Clang 22.1.3 ] # Embedded file name: data/rq3/cpython-3.13/unittest_seeds/raw/cpython_case_test_int_I...",crash,signal_11:,,"decompyle3:error:# decompyle3 version 3.9.3 # Python bytecode version base 3.13.0 (3571) # Decompiled from: Python 3.13.13 (main, Jun 2 2026, 22:27:49) [Clang 22.1.3 ] # Embedded file name: data/rq3/cpython-3.13/unittest_seeds/raw/cpython_case_test_int_I...;pylingual:error:──────────────────────────────────────────────────────────────────────────────── ,ggggggggggg, ,gggg, dP""""""88""""""""""""Y8, d8"" ""8I ,dPYb, Yb, 88 `8b 88 ,dP IP'`Yb `"" 88 ,8P 8888888P"" gg I8 8I 88aaaad8P"" 88 """" I8 8' 88""""""""""gg gg 88 gg ,ggg,,g...",decompyle3:not_run:;pylingual:not_run:
cpython-313,data/rq3/cpython-3.13/unique_bug_pyc/cpython-313-ca945a82af9c.pyc,no_source,"# decompyle3 version 3.9.3 # Python bytecode version base 3.13.0 (3571) # Decompiled from: Python 3.13.13 (main, Jun 2 2026, 22:27:49) [Clang 22.1.3 ] # Embedded file name: data/rq3/cpython-3.13/unittest_seeds/raw/cpython_case_test_bigme...",crash,signal_11:,,"decompyle3:error:# decompyle3 version 3.9.3 # Python bytecode version base 3.13.0 (3571) # Decompiled from: Python 3.13.13 (main, Jun 2 2026, 22:27:49) [Clang 22.1.3 ] # Embedded file name: data/rq3/cpython-3.13/unittest_seeds/raw/cpython_case_test_bigme...;pylingual:error:──────────────────────────────────────────────────────────────────────────────── ,ggggggggggg, ,gggg, dP""""""88""""""""""""Y8, d8"" ""8I ,dPYb, Yb, 88 `8b 88 ,dP IP'`Yb `"" 88 ,8P 8888888P"" gg I8 8I 88aaaad8P"" 88 """" I8 8' 88""""""""""gg gg 88 gg ,ggg,,g...",decompyle3:not_run:;pylingual:not_run:
cpython-313,data/rq3/cpython-3.13/unique_bug_pyc/cpython-313-cc0e867d3137.pyc,no_source,"# decompyle3 version 3.9.3 # Python bytecode version base 3.13.0 (3571) # Decompiled from: Python 3.13.13 (main, Jun 2 2026, 22:27:49) [Clang 22.1.3 ] # Embedded file name: data/rq3/cpython-3.13/unittest_seeds/raw/cpython_case_test_itert...",crash,signal_11:,,"decompyle3:error:# decompyle3 version 3.9.3 # Python bytecode version base 3.13.0 (3571) # Decompiled from: Python 3.13.13 (main, Jun 2 2026, 22:27:49) [Clang 22.1.3 ] # Embedded file name: data/rq3/cpython-3.13/unittest_seeds/raw/cpython_case_test_itert...;pylingual:error:──────────────────────────────────────────────────────────────────────────────── ,ggggggggggg, ,gggg, dP""""""88""""""""""""Y8, d8"" ""8I ,dPYb, Yb, 88 `8b 88 ,dP IP'`Yb `"" 88 ,8P 8888888P"" gg I8 8I 88aaaad8P"" 88 """" I8 8' 88""""""""""gg gg 88 gg ,ggg,,g...",decompyle3:not_run:;pylingual:not_run:
cpython-313,data/rq3/cpython-3.13/unique_bug_pyc/cpython-313-cc32f2de601c.pyc,unconfirmed,original bytecode status ok:,ok,,,"decompyle3:error:# decompyle3 version 3.9.3 # Python bytecode version base 3.13.0 (3571) # Decompiled from: Python 3.13.13 (main, Jun 2 2026, 22:27:49) [Clang 22.1.3 ] # Embedded file name: data/rq3/cpython-3.13/unittest_seeds/raw/cpython_case_test_compi...;pylingual:error:──────────────────────────────────────────────────────────────────────────────── ,ggggggggggg, ,gggg, dP""""""88""""""""""""Y8, d8"" ""8I ,dPYb, Yb, 88 `8b 88 ,dP IP'`Yb `"" 88 ,8P 8888888P"" gg I8 8I 88aaaad8P"" 88 """" I8 8' 88""""""""""gg gg 88 gg ,ggg,,g...",decompyle3:not_run:;pylingual:not_run:
cpython-313,data/rq3/cpython-3.13/unique_bug_pyc/cpython-313-cd465dd51d07.pyc,no_source,"# decompyle3 version 3.9.3 # Python bytecode version base 3.13.0 (3571) # Decompiled from: Python 3.13.13 (main, Jun 2 2026, 22:27:49) [Clang 22.1.3 ] # Embedded file name: data/rq3/cpython-3.13/unittest_seeds/raw/cpython_case_test_httpl...",exit_1,"Traceback (most recent call last): File ""/home/awen/git/PybcSEC/PycLens/data/rq4/harness.py"", line 26, in <module> exec(code, namespace, namespace) ~~~~^^^^^^^^^^^^^^^^^^^^^^^^^^^^ File ""data/rq3/cpython-3.13/unittest_seeds/raw/cpython_c...",,"decompyle3:error:# decompyle3 version 3.9.3 # Python bytecode version base 3.13.0 (3571) # Decompiled from: Python 3.13.13 (main, Jun 2 2026, 22:27:49) [Clang 22.1.3 ] # Embedded file name: data/rq3/cpython-3.13/unittest_seeds/raw/cpython_case_test_httpl...;pylingual:error:──────────────────────────────────────────────────────────────────────────────── ,ggggggggggg, ,gggg, dP""""""88""""""""""""Y8, d8"" ""8I ,dPYb, Yb, 88 `8b 88 ,dP IP'`Yb `"" 88 ,8P 8888888P"" gg I8 8I 88aaaad8P"" 88 """" I8 8' 88""""""""""gg gg 88 gg ,ggg,,g...",decompyle3:not_run:;pylingual:not_run:
cpython-313,data/rq3/cpython-3.13/unique_bug_pyc/cpython-313-cea915b9c20b.pyc,unconfirmed,original bytecode status ok:,ok,,,"decompyle3:error:# decompyle3 version 3.9.3 # Python bytecode version base 3.13.0 (3571) # Decompiled from: Python 3.13.13 (main, Jun 2 2026, 22:27:49) [Clang 22.1.3 ] # Embedded file name: data/rq3/cpython-3.13/unittest_seeds/raw/cpython_case_test_apple...;pylingual:error:──────────────────────────────────────────────────────────────────────────────── ,ggggggggggg, ,gggg, dP""""""88""""""""""""Y8, d8"" ""8I ,dPYb, Yb, 88 `8b 88 ,dP IP'`Yb `"" 88 ,8P 8888888P"" gg I8 8I 88aaaad8P"" 88 """" I8 8' 88""""""""""gg gg 88 gg ,ggg,,g...",decompyle3:not_run:;pylingual:not_run:
cpython-313,data/rq3/cpython-3.13/unique_bug_pyc/cpython-313-cefb3da10e42.pyc,unconfirmed,original bytecode status ok:,ok,,,"decompyle3:error:# decompyle3 version 3.9.3 # Python bytecode version base 3.13.0 (3571) # Decompiled from: Python 3.13.13 (main, Jun 2 2026, 22:27:49) [Clang 22.1.3 ] # Embedded file name: data/rq3/cpython-3.13/unittest_seeds/raw/cpython_case_test_compi...;pylingual:error:──────────────────────────────────────────────────────────────────────────────── ,ggggggggggg, ,gggg, dP""""""88""""""""""""Y8, d8"" ""8I ,dPYb, Yb, 88 `8b 88 ,dP IP'`Yb `"" 88 ,8P 8888888P"" gg I8 8I 88aaaad8P"" 88 """" I8 8' 88""""""""""gg gg 88 gg ,ggg,,g...",decompyle3:not_run:;pylingual:not_run:
cpython-313,data/rq3/cpython-3.13/unique_bug_pyc/cpython-313-d284963a08f0.pyc,no_source,"# decompyle3 version 3.9.3 # Python bytecode version base 3.13.0 (3571) # Decompiled from: Python 3.13.13 (main, Jun 2 2026, 22:27:49) [Clang 22.1.3 ] # Embedded file name: data/rq3/cpython-3.13/unittest_seeds/raw/cpython_case_test_popen...",crash,signal_11:,,"decompyle3:error:# decompyle3 version 3.9.3 # Python bytecode version base 3.13.0 (3571) # Decompiled from: Python 3.13.13 (main, Jun 2 2026, 22:27:49) [Clang 22.1.3 ] # Embedded file name: data/rq3/cpython-3.13/unittest_seeds/raw/cpython_case_test_popen...;pylingual:error:──────────────────────────────────────────────────────────────────────────────── ,ggggggggggg, ,gggg, dP""""""88""""""""""""Y8, d8"" ""8I ,dPYb, Yb, 88 `8b 88 ,dP IP'`Yb `"" 88 ,8P 8888888P"" gg I8 8I 88aaaad8P"" 88 """" I8 8' 88""""""""""gg gg 88 gg ,ggg,,g...",decompyle3:not_run:;pylingual:not_run:
cpython-313,data/rq3/cpython-3.13/unique_bug_pyc/cpython-313-d5e0e2676581.pyc,unconfirmed,original bytecode status ok:,ok,,,"decompyle3:error:# decompyle3 version 3.9.3 # Python bytecode version base 3.13.0 (3571) # Decompiled from: Python 3.13.13 (main, Jun 2 2026, 22:27:49) [Clang 22.1.3 ] # Embedded file name: data/rq3/cpython-3.13/unittest_seeds/raw/cpython_case_test_subpr...;pylingual:error:──────────────────────────────────────────────────────────────────────────────── ,ggggggggggg, ,gggg, dP""""""88""""""""""""Y8, d8"" ""8I ,dPYb, Yb, 88 `8b 88 ,dP IP'`Yb `"" 88 ,8P 8888888P"" gg I8 8I 88aaaad8P"" 88 """" I8 8' 88""""""""""gg gg 88 gg ,ggg,,g...",decompyle3:not_run:;pylingual:not_run:
cpython-313,data/rq3/cpython-3.13/unique_bug_pyc/cpython-313-d75a0ae6b86a.pyc,no_source,"# decompyle3 version 3.9.3 # Python bytecode version base 3.13.0 (3571) # Decompiled from: Python 3.13.13 (main, Jun 2 2026, 22:27:49) [Clang 22.1.3 ] # Embedded file name: data/rq3/cpython-3.13/unittert_seeds/raw/cpython_case_test_gzip_...",crash,signal_11:,,"decompyle3:error:# decompyle3 version 3.9.3 # Python bytecode version base 3.13.0 (3571) # Decompiled from: Python 3.13.13 (main, Jun 2 2026, 22:27:49) [Clang 22.1.3 ] # Embedded file name: data/rq3/cpython-3.13/unittert_seeds/raw/cpython_case_test_gzip_...;pylingual:error:──────────────────────────────────────────────────────────────────────────────── ,ggggggggggg, ,gggg, dP""""""88""""""""""""Y8, d8"" ""8I ,dPYb, Yb, 88 `8b 88 ,dP IP'`Yb `"" 88 ,8P 8888888P"" gg I8 8I 88aaaad8P"" 88 """" I8 8' 88""""""""""gg gg 88 gg ,ggg,,g...",decompyle3:not_run:;pylingual:not_run:
cpython-313,data/rq3/cpython-3.13/unique_bug_pyc/cpython-313-d93917b869eb.pyc,no_source,"# decompyle3 version 3.9.3 # Python bytecode version base 3.13.0 (3571) # Decompiled from: Python 3.13.13 (main, Jun 2 2026, 22:27:49) [Clang 22.1.3 ] # Embedded file name: data/rq3/cpython-3.13/unittest_seeds/raw/cpython_case_test_set_T...",crash,"signal_6:Fatal Python error: _PyEval_EvalFrameDefault: Executing a cache. Python runtime state: initialized Current thread 0x00007f3b76e84740 (most recent call first): File ""data/rq3/cpython-3.13/unittest_seeds/raw/cpython_case_test_set_TestBinar...",,"decompyle3:error:# decompyle3 version 3.9.3 # Python bytecode version base 3.13.0 (3571) # Decompiled from: Python 3.13.13 (main, Jun 2 2026, 22:27:49) [Clang 22.1.3 ] # Embedded file name: data/rq3/cpython-3.13/unittest_seeds/raw/cpython_case_test_set_T...;pylingual:error:──────────────────────────────────────────────────────────────────────────────── ,ggggggggggg, ,gggg, dP""""""88""""""""""""Y8, d8"" ""8I ,dPYb, Yb, 88 `8b 88 ,dP IP'`Yb `"" 88 ,8P 8888888P"" gg I8 8I 88aaaad8P"" 88 """" I8 8' 88""""""""""gg gg 88 gg ,ggg,,g...",decompyle3:not_run:;pylingual:not_run:
cpython-313,data/rq3/cpython-3.13/unique_bug_pyc/cpython-313-d9718803c19d.pyc,unconfirmed,original bytecode status ok:,ok,,,"decompyle3:error:# decompyle3 version 3.9.3 # Python bytecode version base 3.13.0 (3571) # Decompiled from: Python 3.13.13 (main, Jun 2 2026, 22:27:49) [Clang 22.1.3 ] # Embedded file name: data/rq3/cpython-3.13/unittest_seeds/raw/cpython_case_test_descr...;pylingual:error:──────────────────────────────────────────────────────────────────────────────── ,ggggggggggg, ,gggg, dP""""""88""""""""""""Y8, d8"" ""8I ,dPYb, Yb, 88 `8b 88 ,dP IP'`Yb `"" 88 ,8P 8888888P"" gg I8 8I 88aaaad8P"" 88 """" I8 8' 88""""""""""gg gg 88 gg ,ggg,,g...",decompyle3:not_run:;pylingual:not_run:
cpython-313,data/rq3/cpython-3.13/unique_bug_pyc/cpython-313-d9a066d477f8.pyc,no_source,"# decompyle3 version 3.9.3 # Python bytecode version base 3.13.0 (3571) # Decompiled from: Python 3.13.13 (main, Jun 2 2026, 22:27:49) [Clang 22.1.3 ] # Embedded file name: data/rq3/cpython-3.13/unittesÿÿÿeds/raw/cpython_case_test_subpr...",crash,"signal_6:Fatal Python error: _PyEval_EvalFrameDefault: Executing a cache. Python runtime state: initialized Current thread 0x000078774b04e740 (most recent call first): File ""data/rq3/cpython-3.13/unittes\\xff\\xff\\xff\\x7feds/raw/cpython_case_test_s...",,"decompyle3:error:# decompyle3 version 3.9.3 # Python bytecode version base 3.13.0 (3571) # Decompiled from: Python 3.13.13 (main, Jun 2 2026, 22:27:49) [Clang 22.1.3 ] # Embedded file name: data/rq3/cpython-3.13/unittesÿÿÿeds/raw/cpython_case_test_subpr...;pylingual:error:──────────────────────────────────────────────────────────────────────────────── ,ggggggggggg, ,gggg, dP""""""88""""""""""""Y8, d8"" ""8I ,dPYb, Yb, 88 `8b 88 ,dP IP'`Yb `"" 88 ,8P 8888888P"" gg I8 8I 88aaaad8P"" 88 """" I8 8' 88""""""""""gg gg 88 gg ,ggg,,g...",decompyle3:not_run:;pylingual:not_run:
cpython-313,data/rq3/cpython-3.13/unique_bug_pyc/cpython-313-dc3b32b1a302.pyc,unconfirmed,original bytecode status ok:,ok,,,"decompyle3:error:# decompyle3 version 3.9.3 # Python bytecode version base 3.13.0 (3571) # Decompiled from: Python 3.13.13 (main, Jun 2 2026, 22:27:49) [Clang 22.1.3 ] # Embedded file name: data/rq3/cpython-3.13/unittest_seeds/raw/cpython_case_test__osx_...;pylingual:error:──────────────────────────────────────────────────────────────────────────────── ,ggggggggggg, ,gggg, dP""""""88""""""""""""Y8, d8"" ""8I ,dPYb, Yb, 88 `8b 88 ,dP IP'`Yb `"" 88 ,8P 8888888P"" gg I8 8I 88aaaad8P"" 88 """" I8 8' 88""""""""""gg gg 88 gg ,ggg,,g...",decompyle3:not_run:;pylingual:not_run:
cpython-313,data/rq3/cpython-3.13/unique_bug_pyc/cpython-313-dc4f85502591.pyc,unconfirmed,original bytecode status ok:,ok,,,"decompyle3:error:# decompyle3 version 3.9.3 # Python bytecode version base 3.13.0 (3571) # Decompiled from: Python 3.13.13 (main, Jun 2 2026, 22:27:49) [Clang 22.1.3 ] # Embedded file name: data/rq3/cpython-3.13/unittest_seeds/raw/cpython_case_test_memor...;pylingual:error:──────────────────────────────────────────────────────────────────────────────── ,ggggggggggg, ,gggg, dP""""""88""""""""""""Y8, d8"" ""8I ,dPYb, Yb, 88 `8b 88 ,dP IP'`Yb `"" 88 ,8P 8888888P"" gg I8 8I 88aaaad8P"" 88 """" I8 8' 88""""""""""gg gg 88 gg ,ggg,,g...",decompyle3:not_run:;pylingual:not_run:
cpython-313,data/rq3/cpython-3.13/unique_bug_pyc/cpython-313-dc8f177debc5.pyc,no_source,"# decompyle3 version 3.9.3 # Python bytecode version base 3.13.0 (3571) # Decompiled from: Python 3.13.13 (main, Jun 2 2026, 22:27:49) [Clang 22.1.3 ] # Embedded file name: data/rq3/cpython-3.13/unittest_seeds/raw/cpython_case_test_ssl_C...",exit_1,"Traceback (most recent call last): File ""/home/awen/git/PybcSEC/PycLens/data/rq4/harness.py"", line 26, in <module> exec(code, namespace, namespace) File ""data/rq3/cpython-3.13/unittest_seeds/raw/cpython_case_test_ssl_ContextTests_test_ge...",,"decompyle3:error:# decompyle3 version 3.9.3 # Python bytecode version base 3.13.0 (3571) # Decompiled from: Python 3.13.13 (main, Jun 2 2026, 22:27:49) [Clang 22.1.3 ] # Embedded file name: data/rq3/cpython-3.13/unittest_seeds/raw/cpython_case_test_ssl_C...;pylingual:error:──────────────────────────────────────────────────────────────────────────────── ,ggggggggggg, ,gggg, dP""""""88""""""""""""Y8, d8"" ""8I ,dPYb, Yb, 88 `8b 88 ,dP IP'`Yb `"" 88 ,8P 8888888P"" gg I8 8I 88aaaad8P"" 88 """" I8 8' 88""""""""""gg gg 88 gg ,ggg,,g...",decompyle3:not_run:;pylingual:not_run:
cpython-313,data/rq3/cpython-3.13/unique_bug_pyc/cpython-313-dcf5358ac8c4.pyc,unconfirmed,original bytecode status ok:,ok,,,"decompyle3:error:# decompyle3 version 3.9.3 # Python bytecode version base 3.13.0 (3571) # Decompiled from: Python 3.13.13 (main, Jun 2 2026, 22:27:49) [Clang 22.1.3 ] # Embedded file name: data/rq3/cpython-3.13/unittest_seeds/raw/cpython_case_test_range...;pylingual:error:──────────────────────────────────────────────────────────────────────────────── ,ggggggggggg, ,gggg, dP""""""88""""""""""""Y8, d8"" ""8I ,dPYb, Yb, 88 `8b 88 ,dP IP'`Yb `"" 88 ,8P 8888888P"" gg I8 8I 88aaaad8P"" 88 """" I8 8' 88""""""""""gg gg 88 gg ,ggg,,g...",decompyle3:not_run:;pylingual:not_run:
cpython-313,data/rq3/cpython-3.13/unique_bug_pyc/cpython-313-de45c0ef55a1.pyc,no_source,"# decompyle3 version 3.9.3 # Python bytecode version base 3.13.0 (3571) # Decompiled from: Python 3.13.13 (main, Jun 2 2026, 22:27:49) [Clang 22.1.3 ] # Embedded file name: data/rq3/cpython-3.13/unittest_seeds/raw/cpython_case_test_httpl...",crash,signal_11:,,"decompyle3:error:# decompyle3 version 3.9.3 # Python bytecode version base 3.13.0 (3571) # Decompiled from: Python 3.13.13 (main, Jun 2 2026, 22:27:49) [Clang 22.1.3 ] # Embedded file name: data/rq3/cpython-3.13/unittest_seeds/raw/cpython_case_test_httpl...;pylingual:error:──────────────────────────────────────────────────────────────────────────────── ,ggggggggggg, ,gggg, dP""""""88""""""""""""Y8, d8"" ""8I ,dPYb, Yb, 88 `8b 88 ,dP IP'`Yb `"" 88 ,8P 8888888P"" gg I8 8I 88aaaad8P"" 88 """" I8 8' 88""""""""""gg gg 88 gg ,ggg,,g...",decompyle3:not_run:;pylingual:not_run:
cpython-313,data/rq3/cpython-3.13/unique_bug_pyc/cpython-313-dea31034d95f.pyc,no_source,"# decompyle3 version 3.9.3 # Python bytecode version base 3.13.0 (3571) # Decompiled from: Python 3.13.13 (main, Jun 2 2026, 22:27:49) [Clang 22.1.3 ] # Embedded file name: data/rq3/cpython-3.13/unittest_seeds/raw/cpython_case_test_dis_C...",crash,signal_11:,,"decompyle3:error:# decompyle3 version 3.9.3 # Python bytecode version base 3.13.0 (3571) # Decompiled from: Python 3.13.13 (main, Jun 2 2026, 22:27:49) [Clang 22.1.3 ] # Embedded file name: data/rq3/cpython-3.13/unittest_seeds/raw/cpython_case_test_dis_C...;pylingual:error:──────────────────────────────────────────────────────────────────────────────── ,ggggggggggg, ,gggg, dP""""""88""""""""""""Y8, d8"" ""8I ,dPYb, Yb, 88 `8b 88 ,dP IP'`Yb `"" 88 ,8P 8888888P"" gg I8 8I 88aaaad8P"" 88 """" I8 8' 88""""""""""gg gg 88 gg ,ggg,,g...",decompyle3:not_run:;pylingual:not_run:
cpython-313,data/rq3/cpython-3.13/unique_bug_pyc/cpython-313-dec8fe9c2f66.pyc,unconfirmed,original bytecode status ok:,ok,,,"decompyle3:error:# decompyle3 version 3.9.3 # Python bytecode version base 3.13.0 (3571) # Decompiled from: Python 3.13.13 (main, Jun 2 2026, 22:27:49) [Clang 22.1.3 ] # Embedded file name: data/rq3/cpython-3.13/unittest_seeds/raw/cpython_case_test^xml_e...;pylingual:error:──────────────────────────────────────────────────────────────────────────────── ,ggggggggggg, ,gggg, dP""""""88""""""""""""Y8, d8"" ""8I ,dPYb, Yb, 88 `8b 88 ,dP IP'`Yb `"" 88 ,8P 8888888P"" gg I8 8I 88aaaad8P"" 88 """" I8 8' 88""""""""""gg gg 88 gg ,ggg,,g...",decompyle3:not_run:;pylingual:not_run:
cpython-313,data/rq3/cpython-3.13/unique_bug_pyc/cpython-313-e00883e864c5.pyc,unconfirmed,original bytecode status ok:,ok,,,"decompyle3:error:# decompyle3 version 3.9.3 # Python bytecode version base 3.13.0 (3571) # Decompiled from: Python 3.13.13 (main, Jun 2 2026, 22:27:49) [Clang 22.1.3 ] # Embedded file name: data/rq3/cpython-3.13/unittest_seeds/raw/cpython_case_test_token...;pylingual:error:──────────────────────────────────────────────────────────────────────────────── ,ggggggggggg, ,gggg, dP""""""88""""""""""""Y8, d8"" ""8I ,dPYb, Yb, 88 `8b 88 ,dP IP'`Yb `"" 88 ,8P 8888888P"" gg I8 8I 88aaaad8P"" 88 """" I8 8' 88""""""""""gg gg 88 gg ,ggg,,g...",decompyle3:not_run:;pylingual:not_run:
cpython-313,data/rq3/cpython-3.13/unique_bug_pyc/cpython-313-e0efdad962a5.pyc,unconfirmed,original bytecode status ok:,ok,,,"decompyle3:error:# decompyle3 version 3.9.3 # Python bytecode version base 3.13.0 (3571) # Decompiled from: Python 3.13.13 (main, Jun 2 2026, 22:27:49) [Clang 22.1.3 ] # Embedded file name: data/rq3/cpython-3.13/unittest_seeds/raw/cpython_case_test_winap...;pylingual:error:──────────────────────────────────────────────────────────────────────────────── ,ggggggggggg, ,gggg, dP""""""88""""""""""""Y8, d8"" ""8I ,dPYb, Yb, 88 `8b 88 ,dP IP'`Yb `"" 88 ,8P 8888888P"" gg I8 8I 88aaaad8P"" 88 """" I8 8' 88""""""""""gg gg 88 gg ,ggg,,g...",decompyle3:not_run:;pylingual:not_run:
cpython-313,data/rq3/cpython-3.13/unique_bug_pyc/cpython-313-e1160566c937.pyc,no_source,/home/awen/git/PybcSEC/PycLens/data/rq2/envs/cpython-313/lib/python3.13/site-packages/click/core.py:1307: UserWarning: The parameter --version is used more than once. Remove its duplicate as parameters should be unique. parser = self.mak...,crash,signal_11:,,"decompyle3:exit_-11:/home/awen/git/PybcSEC/PycLens/data/rq2/envs/cpython-313/lib/python3.13/site-packages/click/core.py:1307: UserWarning: The parameter --version is used more than once. Remove its duplicate as parameters should be unique. parser = self.mak...;pylingual:error:──────────────────────────────────────────────────────────────────────────────── ,ggggggggggg, ,gggg, dP""""""88""""""""""""Y8, d8"" ""8I ,dPYb, Yb, 88 `8b 88 ,dP IP'`Yb `"" 88 ,8P 8888888P"" gg I8 8I 88aaaad8P"" 88 """" I8 8' 88""""""""""gg gg 88 gg ,ggg,,g...",decompyle3:not_run:;pylingual:not_run:
cpython-313,data/rq3/cpython-3.13/unique_bug_pyc/cpython-313-e179d2d586c9.pyc,unconfirmed,original bytecode status ok:,ok,,,"decompyle3:error:# decompyle3 version 3.9.3 # Python bytecode version base 3.13.0 (3571) # Decompiled from: Python 3.13.13 (main, Jun 2 2026, 22:27:49) [Clang 22.1.3 ] # Embedded file name: data/rq3/cpython-3.13/unittest_seeds/raw/cpython_case_test_itert...;pylingual:error:──────────────────────────────────────────────────────────────────────────────── ,ggggggggggg, ,gggg, dP""""""88""""""""""""Y8, d8"" ""8I ,dPYb, Yb, 88 `8b 88 ,dP IP'`Yb `"" 88 ,8P 8888888P"" gg I8 8I 88aaaad8P"" 88 """" I8 8' 88""""""""""gg gg 88 gg ,ggg,,g...",decompyle3:not_run:;pylingual:not_run:
cpython-313,data/rq3/cpython-3.13/unique_bug_pyc/cpython-313-e20359943625.pyc,no_source,"# decompyle3 version 3.9.3 # Python bytecode version base 3.13.0 (3571) # Decompiled from: Python 3.13.13 (main, Jun 2 2026, 22:27:49) [Clang 22.1.3 ] # Embedded file name: data/rq3/cpython-3.13/unittest_seeds/raw/cpython_case_test_set_T...",crash,"signal_11:Traceback (most recent call last): File ""/home/awen/git/PybcSEC/PycLens/data/rq4/harness.py"", line 26, in <module> exec(code, namespace, namespace) ~~~~^^^^^^^^^^^^^^^^^^^^^^^^^^^^ File ""data/rq3/cpython-3.13/unittest_seeds/raw/cpython_c...",,"decompyle3:error:# decompyle3 version 3.9.3 # Python bytecode version base 3.13.0 (3571) # Decompiled from: Python 3.13.13 (main, Jun 2 2026, 22:27:49) [Clang 22.1.3 ] # Embedded file name: data/rq3/cpython-3.13/unittest_seeds/raw/cpython_case_test_set_T...;pylingual:error:──────────────────────────────────────────────────────────────────────────────── ,ggggggggggg, ,gggg, dP""""""88""""""""""""Y8, d8"" ""8I ,dPYb, Yb, 88 `8b 88 ,dP IP'`Yb `"" 88 ,8P 8888888P"" gg I8 8I 88aaaad8P"" 88 """" I8 8' 88""""""""""gg gg 88 gg ,ggg,,g...",decompyle3:not_run:;pylingual:not_run:
cpython-313,data/rq3/cpython-3.13/unique_bug_pyc/cpython-313-e232326b90a6.pyc,unconfirmed,original bytecode status ok:,ok,,,"decompyle3:error:# decompyle3 version 3.9.3 # Python bytecode version base 3.13.0 (3571) # Decompiled from: Python 3.13.13 (main, Jun 2 2026, 22:27:49) [Clang 22.1.3 ] # Embedded file name: data/rq3/cpython-3.13/unittest_seeds/raw/cpithon_case_test_iter_...;pylingual:error:──────────────────────────────────────────────────────────────────────────────── ,ggggggggggg, ,gggg, dP""""""88""""""""""""Y8, d8"" ""8I ,dPYb, Yb, 88 `8b 88 ,dP IP'`Yb `"" 88 ,8P 8888888P"" gg I8 8I 88aaaad8P"" 88 """" I8 8' 88""""""""""gg gg 88 gg ,ggg,,g...",decompyle3:not_run:;pylingual:not_run:
cpython-313,data/rq3/cpython-3.13/unique_bug_pyc/cpython-313-e354e216505e.pyc,no_source,"# decompyle3 version 3.9.3 # Python bytecode version base 3.13.0 (3571) # Decompiled from: Python 3.13.13 (main, Jun 2 2026, 22:27:49) [Clang 22.1.3 ] # Embedded file name: data/rq3/cpython-3.13/unittest_seeds/raw/cpython_case_test_unico...",crash,signal_11:,,"decompyle3:error:# decompyle3 version 3.9.3 # Python bytecode version base 3.13.0 (3571) # Decompiled from: Python 3.13.13 (main, Jun 2 2026, 22:27:49) [Clang 22.1.3 ] # Embedded file name: data/rq3/cpython-3.13/unittest_seeds/raw/cpython_case_test_unico...;pylingual:error:──────────────────────────────────────────────────────────────────────────────── ,ggggggggggg, ,gggg, dP""""""88""""""""""""Y8, d8"" ""8I ,dPYb, Yb, 88 `8b 88 ,dP IP'`Yb `"" 88 ,8P 8888888P"" gg I8 8I 88aaaad8P"" 88 """" I8 8' 88""""""""""gg gg 88 gg ,ggg,,g...",decompyle3:not_run:;pylingual:not_run:
cpython-313,data/rq3/cpython-3.13/unique_bug_pyc/cpython-313-e3ab86eba907.pyc,unconfirmed,original bytecode status ok:,ok,,,"decompyle3:error:# decompyle3 version 3.9.3 # Python bytecode version base 3.13.0 (3571) # Decompiled from: Python 3.13.13 (main, Jun 2 2026, 22:27:49) [Clang 22.1.3 ] # Embedded file name: data/rq3/cpython-3.13/unittest_seeds/raw/cpython_case_test_pprin...;pylingual:error:──────────────────────────────────────────────────────────────────────────────── ,ggggggggggg, ,gggg, dP""""""88""""""""""""Y8, d8"" ""8I ,dPYb, Yb, 88 `8b 88 ,dP IP'`Yb `"" 88 ,8P 8888888P"" gg I8 8I 88aaaad8P"" 88 """" I8 8' 88""""""""""gg gg 88 gg ,ggg,,g...",decompyle3:not_run:;pylingual:not_run:
cpython-313,data/rq3/cpython-3.13/unique_bug_pyc/cpython-313-e415d286c5fe.pyc,unconfirmed,original bytecode status ok:,ok,,,"decompyle3:error:# decompyle3 version 3.9.3 # Python bytecode version base 3.13.0 (3571) # Decompiled from: Python 3.13.13 (main, Jun 2 2026, 22:27:49) [Clang 22.1.3 ] # Embedded file name: data/rq3/cpython-3.13/unittest_seeds/raw/cpython_case_test_bisec...;pylingual:error:──────────────────────────────────────────────────────────────────────────────── ,ggggggggggg, ,gggg, dP""""""88""""""""""""Y8, d8"" ""8I ,dPYb, Yb, 88 `8b 88 ,dP IP'`Yb `"" 88 ,8P 8888888P"" gg I8 8I 88aaaad8P"" 88 """" I8 8' 88""""""""""gg gg 88 gg ,ggg,,g...",decompyle3:not_run:;pylingual:not_run:
cpython-313,data/rq3/cpython-3.13/unique_bug_pyc/cpython-313-e4261a6c6a43.pyc,unconfirmed,original bytecode status ok:,ok,,,"decompyle3:error:# decompyle3 version 3.9.3 # Python bytecode version base 3.13.0 (3571) # Decompiled from: Python 3.13.13 (main, Jun 2 2026, 22:27:49) [Clang 22.1.3 ] # Embedded file name: data/rq3/cpython-3.13/unittest_seeds/raw/cpython_case_test_yield...;pylingual:error:──────────────────────────────────────────────────────────────────────────────── ,ggggggggggg, ,gggg, dP""""""88""""""""""""Y8, d8"" ""8I ,dPYb, Yb, 88 `8b 88 ,dP IP'`Yb `"" 88 ,8P 8888888P"" gg I8 8I 88aaaad8P"" 88 """" I8 8' 88""""""""""gg gg 88 gg ,ggg,,g...",decompyle3:not_run:;pylingual:not_run:
cpython-313,data/rq3/cpython-3.13/unique_bug_pyc/cpython-313-e443acdd062c.pyc,no_source,/home/awen/git/PybcSEC/PycLens/data/rq2/envs/cpython-313/lib/python3.13/site-packages/click/core.py:1307: UserWarning: The parameter --version is used more than once. Remove its duplicate as parameters should be unique. parser = self.mak...,crash,signal_11:,,"decompyle3:exit_2:/home/awen/git/PybcSEC/PycLens/data/rq2/envs/cpython-313/lib/python3.13/site-packages/click/core.py:1307: UserWarning: The parameter --version is used more than once. Remove its duplicate as parameters should be unique. parser = self.mak...;pylingual:error:──────────────────────────────────────────────────────────────────────────────── ,ggggggggggg, ,gggg, dP""""""88""""""""""""Y8, d8"" ""8I ,dPYb, Yb, 88 `8b 88 ,dP IP'`Yb `"" 88 ,8P 8888888P"" gg I8 8I 88aaaad8P"" 88 """" I8 8' 88""""""""""gg gg 88 gg ,ggg,,g...",decompyle3:not_run:;pylingual:not_run:
cpython-313,data/rq3/cpython-3.13/unique_bug_pyc/cpython-313-e9db7550cccd.pyc,unconfirmed,original bytecode status ok:,ok,,,"decompyle3:error:# decompyle3 version 3.9.3 # Python bytecode version base 3.13.0 (3571) # Decompiled from: Python 3.13.13 (main, Jun 2 2026, 22:27:49) [Clang 22.1.3 ] # Embedded file name: data/rq3/cpython-3.13/unittest_seeds/raw/cpython_case_test_itert...;pylingual:error:──────────────────────────────────────────────────────────────────────────────── ,ggggggggggg, ,gggg, dP""""""88""""""""""""Y8, d8"" ""8I ,dPYb, Yb, 88 `8b 88 ,dP IP'`Yb `"" 88 ,8P 8888888P"" gg I8 8I 88aaaad8P"" 88 """" I8 8' 88""""""""""gg gg 88 gg ,ggg,,g...",decompyle3:not_run:;pylingual:not_run:
cpython-313,data/rq3/cpython-3.13/unique_bug_pyc/cpython-313-eb9e88278d09.pyc,unconfirmed,original bytecode status ok:,ok,,,"decompyle3:error:# decompyle3 version 3.9.3 # Python bytecode version base 3.13.0 (3571) # Decompiled from: Python 3.13.13 (main, Jun 2 2026, 22:27:49) [Clang 22.1.3 ] # Embedded file name: data/rq3/cpython-3.13/unittest_seeds/raw/cpython_case_test_excep...;pylingual:error:──────────────────────────────────────────────────────────────────────────────── ,ggggggggggg, ,gggg, dP""""""88""""""""""""Y8, d8"" ""8I ,dPYb, Yb, 88 `8b 88 ,dP IP'`Yb `"" 88 ,8P 8888888P"" gg I8 8I 88aaaad8P"" 88 """" I8 8' 88""""""""""gg gg 88 gg ,ggg,,g...",decompyle3:not_run:;pylingual:not_run:
cpython-313,data/rq3/cpython-3.13/unique_bug_pyc/cpython-313-ebb025dc2f18.pyc,no_source,"# decompyle3 version 3.9.3 # Python bytecode version base 3.13.0 (3571) # Decompiled from: Python 3.13.13 (main, Jun 2 2026, 22:27:49) [Clang 22.1.3 ] # Embedded file name: data/rq3/cpython-3.13/unittest_seeds/raw/cpython_case_test_selec...",crash,signal_11:,,"decompyle3:error:# decompyle3 version 3.9.3 # Python bytecode version base 3.13.0 (3571) # Decompiled from: Python 3.13.13 (main, Jun 2 2026, 22:27:49) [Clang 22.1.3 ] # Embedded file name: data/rq3/cpython-3.13/unittest_seeds/raw/cpython_case_test_selec...;pylingual:error:──────────────────────────────────────────────────────────────────────────────── ,ggggggggggg, ,gggg, dP""""""88""""""""""""Y8, d8"" ""8I ,dPYb, Yb, 88 `8b 88 ,dP IP'`Yb `"" 88 ,8P 8888888P"" gg I8 8I 88aaaad8P"" 88 """" I8 8' 88""""""""""gg gg 88 gg ,ggg,,g...",decompyle3:not_run:;pylingual:not_run:
cpython-313,data/rq3/cpython-3.13/unique_bug_pyc/cpython-313-ee3a539d0b9b.pyc,unconfirmed,original bytecode status ok:,ok,,,"decompyle3:error:# decompyle3 version 3.9.3 # Python bytecode version base 3.13.0 (3571) # Decompiled from: Python 3.13.13 (main, Jun 2 2026, 22:27:49) [Clang 22.1.3 ] # Embedded file name: data/rq3/cpython-3.13/unittest_seeds/raw/cpython_case_test_yield...;pylingual:error:──────────────────────────────────────────────────────────────────────────────── ,ggggggggggg, ,gggg, dP""""""88""""""""""""Y8, d8"" ""8I ,dPYb, Yb, 88 `8b 88 ,dP IP'`Yb `"" 88 ,8P 8888888P"" gg I8 8I 88aaaad8P"" 88 """" I8 8' 88""""""""""gg gg 88 gg ,ggg,,g...",decompyle3:not_run:;pylingual:not_run:
cpython-313,data/rq3/cpython-3.13/unique_bug_pyc/cpython-313-f0f8c3963da7.pyc,unconfirmed,original bytecode status ok:,ok,,,"decompyle3:error:# decompyle3 version 3.9.3 # Python bytecode version base 3.13.0 (3571) # Decompiled from: Python 3.13.13 (main, Jun 2 2026, 22:27:49) [Clang 22.1.3 ] # Embedded file name: data/rq3/cpython-3.13/unittest_seeds/raw/cpython_case_test_set_T...;pylingual:error:──────────────────────────────────────────────────────────────────────────────── ,ggggggggggg, ,gggg, dP""""""88""""""""""""Y8, d8"" ""8I ,dPYb, Yb, 88 `8b 88 ,dP IP'`Yb `"" 88 ,8P 8888888P"" gg I8 8I 88aaaad8P"" 88 """" I8 8' 88""""""""""gg gg 88 gg ,ggg,,g...",decompyle3:not_run:;pylingual:not_run:
cpython-313,data/rq3/cpython-3.13/unique_bug_pyc/cpython-313-f244c003d6fd.pyc,no_source,"# decompyle3 version 3.9.3 # Python bytecode version base 3.13.0 (3571) # Decompiled from: Python 3.13.13 (main, Jun 2 2026, 22:27:49) [Clang 22.1.3 ] # Embedded file name: data/rq3/cpython-3.13/unittest_seeds/raw/cpython_case_test_copy_...",crash,"signal_6:Fatal Python error: _PyEval_EvalFrameDefault: Executing a cache. Python runtime state: initialized Current thread 0x000077706a524740 (most recent call first): File ""data/rq3/cpython-3.13/unittest_seeds/raw/cpython_case_test_copy_TestCopy...",,"decompyle3:error:# decompyle3 version 3.9.3 # Python bytecode version base 3.13.0 (3571) # Decompiled from: Python 3.13.13 (main, Jun 2 2026, 22:27:49) [Clang 22.1.3 ] # Embedded file name: data/rq3/cpython-3.13/unittest_seeds/raw/cpython_case_test_copy_...;pylingual:error:──────────────────────────────────────────────────────────────────────────────── ,ggggggggggg, ,gggg, dP""""""88""""""""""""Y8, d8"" ""8I ,dPYb, Yb, 88 `8b 88 ,dP IP'`Yb `"" 88 ,8P 8888888P"" gg I8 8I 88aaaad8P"" 88 """" I8 8' 88""""""""""gg gg 88 gg ,ggg,,g...",decompyle3:not_run:;pylingual:not_run:
cpython-313,data/rq3/cpython-3.13/unique_bug_pyc/cpython-313-f25e891b89ea.pyc,no_source,"# decompyle3 version 3.9.3 # Python bytecode version base 3.13.0 (3571) # Decompiled from: Python 3.13.13 (main, Jun 2 2026, 22:27:49) [Clang 22.1.3 ] # Embedded file name: data/rq3/cpython-3.13/unittest_seeds/raw/cpython_case_test_patma...",crash,signal_11:,,"decompyle3:error:# decompyle3 version 3.9.3 # Python bytecode version base 3.13.0 (3571) # Decompiled from: Python 3.13.13 (main, Jun 2 2026, 22:27:49) [Clang 22.1.3 ] # Embedded file name: data/rq3/cpython-3.13/unittest_seeds/raw/cpython_case_test_patma...;pylingual:error:──────────────────────────────────────────────────────────────────────────────── ,ggggggggggg, ,gggg, dP""""""88""""""""""""Y8, d8"" ""8I ,dPYb, Yb, 88 `8b 88 ,dP IP'`Yb `"" 88 ,8P 8888888P"" gg I8 8I 88aaaad8P"" 88 """" I8 8' 88""""""""""gg gg 88 gg ,ggg,,g...",decompyle3:not_run:;pylingual:not_run:
cpython-313,data/rq3/cpython-3.13/unique_bug_pyc/cpython-313-f28de420cae1.pyc,unconfirmed,original bytecode status ok:,ok,,,"decompyle3:error:# decompyle3 version 3.9.3 # Python bytecode version base 3.13.0 (3571) # Decompiled from: Python 3.13.13 (main, Jun 2 2026, 22:27:49) [Clang 22.1.3 ] # Embedded file name: data/rq3/cpython-3.13/unittest_seeds/raw/cpython_case_test_sys_S...;pylingual:error:──────────────────────────────────────────────────────────────────────────────── ,ggggggggggg, ,gggg, dP""""""88""""""""""""Y8, d8"" ""8I ,dPYb, Yb, 88 `8b 88 ,dP IP'`Yb `"" 88 ,8P 8888888P"" gg I8 8I 88aaaad8P"" 88 """" I8 8' 88""""""""""gg gg 88 gg ,ggg,,g...",decompyle3:not_run:;pylingual:not_run:
cpython-313,data/rq3/cpython-3.13/unique_bug_pyc/cpython-313-f34514bf58a9.pyc,no_source,"# decompyle3 version 3.9.3 # Python bytecode version base 3.13.0 (3571) # Decompiled from: Python 3.13.13 (main, Jun 2 2026, 22:27:49) [Clang 22.1.3 ] # Embedded file name: data/rq3/cpython-3.13/unittest_se__imatmul__,covarianttest_str_S...",crash,signal_11:,,"decompyle3:error:# decompyle3 version 3.9.3 # Python bytecode version base 3.13.0 (3571) # Decompiled from: Python 3.13.13 (main, Jun 2 2026, 22:27:49) [Clang 22.1.3 ] # Embedded file name: data/rq3/cpython-3.13/unittest_se__imatmul__,covarianttest_str_S...;pylingual:error:──────────────────────────────────────────────────────────────────────────────── ,ggggggggggg, ,gggg, dP""""""88""""""""""""Y8, d8"" ""8I ,dPYb, Yb, 88 `8b 88 ,dP IP'`Yb `"" 88 ,8P 8888888P"" gg I8 8I 88aaaad8P"" 88 """" I8 8' 88""""""""""gg gg 88 gg ,ggg,,g...",decompyle3:not_run:;pylingual:not_run:
cpython-313,data/rq3/cpython-3.13/unique_bug_pyc/cpython-313-f55a0c30230f.pyc,unconfirmed,original bytecode status ok:,ok,,,"decompyle3:error:# decompyle3 version 3.9.3 # Python bytecode version base 3.13.0 (3571) # Decompiled from: Python 3.13.13 (main, Jun 2 2026, 22:27:49) [Clang 22.1.3 ] # Embedded file name: data/rq3/cpython-3.13/unittest_seeds/raw/cpython_case_test_descr...;pylingual:error:──────────────────────────────────────────────────────────────────────────────── ,ggggggggggg, ,gggg, dP""""""88""""""""""""Y8, d8"" ""8I ,dPYb, Yb, 88 `8b 88 ,dP IP'`Yb `"" 88 ,8P 8888888P"" gg I8 8I 88aaaad8P"" 88 """" I8 8' 88""""""""""gg gg 88 gg ,ggg,,g...",decompyle3:not_run:;pylingual:not_run:
cpython-313,data/rq3/cpython-3.13/unique_bug_pyc/cpython-313-f61352fc1791.pyc,no_source,"# decompyle3 version 3.9.3 # Python bytecode version base 3.13.0 (3571) # Decompiled from: Python 3.13.13 (main, Jun 2 2026, 22:27:49) [Clang 22.1.3 ] # Embedded file name: data.rq3/cpython-3.13/unittest_seeds/raw/cpython_case_test_subpr...",crash,"signal_6:Fatal Python error: _PyEval_EvalFrameDefault: Executing a cache. Python runtime state: initialized Current thread 0x0000727bcb249740 (most recent call first): File ""data.rq3/cpython-3.13/unittest_seeds/raw/cpython_case_test_subprocess_Pr...",,"decompyle3:error:# decompyle3 version 3.9.3 # Python bytecode version base 3.13.0 (3571) # Decompiled from: Python 3.13.13 (main, Jun 2 2026, 22:27:49) [Clang 22.1.3 ] # Embedded file name: data.rq3/cpython-3.13/unittest_seeds/raw/cpython_case_test_subpr...;pylingual:error:──────────────────────────────────────────────────────────────────────────────── ,ggggggggggg, ,gggg, dP""""""88""""""""""""Y8, d8"" ""8I ,dPYb, Yb, 88 `8b 88 ,dP IP'`Yb `"" 88 ,8P 8888888P"" gg I8 8I 88aaaad8P"" 88 """" I8 8' 88""""""""""gg gg 88 gg ,ggg,,g...",decompyle3:not_run:;pylingual:not_run:
cpython-313,data/rq3/cpython-3.13/unique_bug_pyc/cpython-313-f6cd2a182872.pyc,unconfirmed,original bytecode status ok:,ok,,,"decompyle3:error:# decompyle3 version 3.9.3 # Python bytecode version base 3.13.0 (3571) # Decompiled from: Python 3.13.13 (main, Jun 2 2026, 22:27:49) [Clang 22.1.3 ] # Embedded file name: data/rq3/cpython-3.13/unittest_seeds/raw/cpython_case_test_gener...;pylingual:error:──────────────────────────────────────────────────────────────────────────────── ,ggggggggggg, ,gggg, dP""""""88""""""""""""Y8, d8"" ""8I ,dPYb, Yb, 88 `8b 88 ,dP IP'`Yb `"" 88 ,8P 8888888P"" gg I8 8I 88aaaad8P"" 88 """" I8 8' 88""""""""""gg gg 88 gg ,ggg,,g...",decompyle3:not_run:;pylingual:not_run:
cpython-313,data/rq3/cpython-3.13/unique_bug_pyc/cpython-313-f77aac3aaf4a.pyc,no_source,"# decompyle3 version 3.9.3 # Python bytecode version base 3.13.0 (3571) # Decompiled from: Python 3.13.13 (main, Jun 2 2026, 22:27:49) [Clang 22.1.3 ] # Embedded file name: data/rq3/cpython-3.13/unittest_seeds/raw/cpython_case_test__inte...",crash,signal_11:,,"decompyle3:error:# decompyle3 version 3.9.3 # Python bytecode version base 3.13.0 (3571) # Decompiled from: Python 3.13.13 (main, Jun 2 2026, 22:27:49) [Clang 22.1.3 ] # Embedded file name: data/rq3/cpython-3.13/unittest_seeds/raw/cpython_case_test__inte...;pylingual:error:──────────────────────────────────────────────────────────────────────────────── ,ggggggggggg, ,gggg, dP""""""88""""""""""""Y8, d8"" ""8I ,dPYb, Yb, 88 `8b 88 ,dP IP'`Yb `"" 88 ,8P 8888888P"" gg I8 8I 88aaaad8P"" 88 """" I8 8' 88""""""""""gg gg 88 gg ,ggg,,g...",decompyle3:not_run:;pylingual:not_run:
cpython-313,data/rq3/cpython-3.13/unique_bug_pyc/cpython-313-f9b688bca289.pyc,unconfirmed,original bytecode status ok:,ok,,,"decompyle3:error:# decompyle3 version 3.9.3 # Python bytecode version base 3.13.0 (3571) # Decompiled from: Python 3.13.13 (main, Jun 2 2026, 22:27:49) [Clang 22.1.3 ] # Embedded file name: data/rq3/cpython-3.13/unittest_seeds/raw/cpython_case_test_type_...;pylingual:error:──────────────────────────────────────────────────────────────────────────────── ,ggggggggggg, ,gggg, dP""""""88""""""""""""Y8, d8"" ""8I ,dPYb, Yb, 88 `8b 88 ,dP IP'`Yb `"" 88 ,8P 8888888P"" gg I8 8I 88aaaad8P"" 88 """" I8 8' 88""""""""""gg gg 88 gg ,ggg,,g...",decompyle3:not_run:;pylingual:not_run:
cpython-313,data/rq3/cpython-3.13/unique_bug_pyc/cpython-313-fd371fac9441.pyc,unconfirmed,original bytecode status ok:,ok,,,"decompyle3:error:# decompyle3 version 3.9.3 # Python bytecode version base 3.13.0 (3571) # Decompiled from: Python 3.13.13 (main, Jun 2 2026, 22:27:49) [Clang 22.1.3 ] # Embedded file name: data/rq3/cpython-3.13/unittest_seeds/raw/cpython_case_test_itert...;pylingual:error:──────────────────────────────────────────────────────────────────────────────── ,ggggggggggg, ,gggg, dP""""""88""""""""""""Y8, d8"" ""8I ,dPYb, Yb, 88 `8b 88 ,dP IP'`Yb `"" 88 ,8P 8888888P"" gg I8 8I 88aaaad8P"" 88 """" I8 8' 88""""""""""gg gg 88 gg ,ggg,,g...",decompyle3:not_run:;pylingual:not_run:
cpython-313,data/rq3/cpython-3.13/unique_bug_pyc/cpython-313-fd83d3057265.pyc,no_source,"# decompyle3 version 3.9.3 # Python bytecode version base 3.13.0 (3571) # Decompiled from: Python 3.13.13 (main, Jun 2 2026, 22:27:49) [Clang 22.1.3 ] # Embedded file name: data/rq3/cpython-3.13/unittest_seeds/raw/cpython_case_test_named...",crash,signal_11:,,"decompyle3:error:# decompyle3 version 3.9.3 # Python bytecode version base 3.13.0 (3571) # Decompiled from: Python 3.13.13 (main, Jun 2 2026, 22:27:49) [Clang 22.1.3 ] # Embedded file name: data/rq3/cpython-3.13/unittest_seeds/raw/cpython_case_test_named...;pylingual:error:──────────────────────────────────────────────────────────────────────────────── ,ggggggggggg, ,gggg, dP""""""88""""""""""""Y8, d8"" ""8I ,dPYb, Yb, 88 `8b 88 ,dP IP'`Yb `"" 88 ,8P 8888888P"" gg I8 8I 88aaaad8P"" 88 """" I8 8' 88""""""""""gg gg 88 gg ,ggg,,g...",decompyle3:not_run:;pylingual:not_run:
cpython-313,data/rq3/cpython-3.13/unique_bug_pyc/cpython-313-fea3ac5def63.pyc,no_source,"# decompyle3 version 3.9.3 # Python bytecode version base 3.13.0 (3571) # Decompiled from: Python 3.13.13 (main, Jun 2 2026, 22:27:49) [Clang 22.1.3 ] # Embedded file name: data/rq3/cpython-3.13/unittest_seeds/raw/cpython_case_test_patma...",exit_1,"Traceback (most recent call last): File ""/home/awen/git/PybcSEC/PycLens/data/rq4/harness.py"", line 23, in <module> list(dis.Bytecode(code)) ~~~~^^^^^^^^^^^^^^^^^^^^ File ""/root/.local/share/uv/python/cpython-3.13.13-linux-x86_64-gnu/lib/...",,"decompyle3:error:# decompyle3 version 3.9.3 # Python bytecode version base 3.13.0 (3571) # Decompiled from: Python 3.13.13 (main, Jun 2 2026, 22:27:49) [Clang 22.1.3 ] # Embedded file name: data/rq3/cpython-3.13/unittest_seeds/raw/cpython_case_test_patma...;pylingual:error:──────────────────────────────────────────────────────────────────────────────── ,ggggggggggg, ,gggg, dP""""""88""""""""""""Y8, d8"" ""8I ,dPYb, Yb, 88 `8b 88 ,dP IP'`Yb `"" 88 ,8P 8888888P"" gg I8 8I 88aaaad8P"" 88 """" I8 8' 88""""""""""gg gg 88 gg ,ggg,,g...",decompyle3:not_run:;pylingual:not_run:
cpython-313,data/rq3/cpython-3.13/unique_bug_pyc/cpython-313-ff3f31b3b4ff.pyc,no_source,"# decompyle3 version 3.9.3 # Python bytecode version base 3.13.0 (3571) # Decompiled from: Python 3.13.13 (main, Jun 2 2026, 22:27:49) [Clang 22.1.3 ] # Embedded file name: data/rq3/cpython-3.13/unittest_seeds/raw/cpython_case_test_sax_M...",crash,signal_11:,,"decompyle3:error:# decompyle3 version 3.9.3 # Python bytecode version base 3.13.0 (3571) # Decompiled from: Python 3.13.13 (main, Jun 2 2026, 22:27:49) [Clang 22.1.3 ] # Embedded file name: data/rq3/cpython-3.13/unittest_seeds/raw/cpython_case_test_sax_M...;pylingual:error:──────────────────────────────────────────────────────────────────────────────── ,ggggggggggg, ,gggg, dP""""""88""""""""""""Y8, d8"" ""8I ,dPYb, Yb, 88 `8b 88 ,dP IP'`Yb `"" 88 ,8P 8888888P"" gg I8 8I 88aaaad8P"" 88 """" I8 8' 88""""""""""gg gg 88 gg ,ggg,,g...",decompyle3:not_run:;pylingual:not_run:
cpython-313,data/rq3/cpython-3.13/unique_bug_pyc/cpython-313-ffa2dff1bba9.pyc,unconfirmed,original bytecode status ok:,ok,,,"decompyle3:error:# decompyle3 version 3.9.3 # Python bytecode version base 3.13.0 (3571) # Decompiled from: Python 3.13.13 (main, Jun 2 2026, 22:27:49) [Clang 22.1.3 ] # Embedded file name: data/rq3/cpython-3.13/unittest_seeds/raw/cpython_case_test_descr...;pylingual:error:──────────────────────────────────────────────────────────────────────────────── ,ggggggggggg, ,gggg, dP""""""88""""""""""""Y8, d8"" ""8I ,dPYb, Yb, 88 `8b 88 ,dP IP'`Yb `"" 88 ,8P 8888888P"" gg I8 8I 88aaaad8P"" 88 """" I8 8' 88""""""""""gg gg 88 gg ,ggg,,g...",decompyle3:not_run:;pylingual:not_run:
cpython-314,data/rq3/cpython-3.14/unique_bug_pyc/cpython-314-00ac0664c4bf.pyc,no_source,"# decompyle3 version 3.9.3 # Python bytecode version base 3.14 (3627) # Decompiled from: Python 3.14.5 (main, Jun 2 2026, 22:25:17) [Clang 22.1.3 ] # Embedded file name: data/rq3/cpython-3.14/unittest_seeds/raw/cpyInfinitye_test_patma_Te...",crash,signal_11:,,"decompyle3:error:# decompyle3 version 3.9.3 # Python bytecode version base 3.14 (3627) # Decompiled from: Python 3.14.5 (main, Jun 2 2026, 22:25:17) [Clang 22.1.3 ] # Embedded file name: data/rq3/cpython-3.14/unittest_seeds/raw/cpyInfinitye_test_patma_Te...;pylingual:error:──────────────────────────────────────────────────────────────────────────────── ,ggggggggggg, ,gggg, dP""""""88""""""""""""Y8, d8"" ""8I ,dPYb, Yb, 88 `8b 88 ,dP IP'`Yb `"" 88 ,8P 8888888P"" gg I8 8I 88aaaad8P"" 88 """" I8 8' 88""""""""""gg gg 88 gg ,ggg,,g...",decompyle3:not_run:;pylingual:not_run:
cpython-314,data/rq3/cpython-3.14/unique_bug_pyc/cpython-314-02287c7c72ac.pyc,unconfirmed,original bytecode status ok:,ok,,,"decompyle3:error:# decompyle3 version 3.9.3 # Python bytecode version base 3.14 (3627) # Decompiled from: Python 3.14.5 (main, Jun 2 2026, 22:25:17) [Clang 22.1.3 ] # Embedded file name: data/rq3/cpython-3.14/unittest_seeds/raw/cpython_case_test_types_Ty...;pylingual:error:──────────────────────────────────────────────────────────────────────────────── ,ggggggggggg, ,gggg, dP""""""88""""""""""""Y8, d8"" ""8I ,dPYb, Yb, 88 `8b 88 ,dP IP'`Yb `"" 88 ,8P 8888888P"" gg I8 8I 88aaaad8P"" 88 """" I8 8' 88""""""""""gg gg 88 gg ,ggg,,g...",decompyle3:not_run:;pylingual:not_run:
cpython-314,data/rq3/cpython-3.14/unique_bug_pyc/cpython-314-02afc6315bd3.pyc,unconfirmed,original bytecode status ok:,ok,,,"decompyle3:error:# decompyle3 version 3.9.3 # Python bytecode version base 3.14 (3627) # Decompiled from: Python 3.14.5 (main, Jun 2 2026, 22:25:17) [Clang 22.1.3 ] # Embedded file name: data/rq3/cpython-3.14/unittest_seeds/raw/cpython_case_test_asyncgen...;pylingual:error:──────────────────────────────────────────────────────────────────────────────── ,ggggggggggg, ,gggg, dP""""""88""""""""""""Y8, d8"" ""8I ,dPYb, Yb, 88 `8b 88 ,dP IP'`Yb `"" 88 ,8P 8888888P"" gg I8 8I 88aaaad8P"" 88 """" I8 8' 88""""""""""gg gg 88 gg ,ggg,,g...",decompyle3:not_run:;pylingual:not_run:
cpython-314,data/rq3/cpython-3.14/unique_bug_pyc/cpython-314-083687ef1f51.pyc,unconfirmed,original bytecode status ok:,ok,,,"decompyle3:exit_2:/home/awen/git/PybcSEC/PycLens/data/rq2/envs/cpython-314/lib/python3.14/site-packages/click/core.py:1307: UserWarning: The parameter --version is used more than once. Remove its duplicate as parameters should be unique. parser = self.mak...;pylingual:error:──────────────────────────────────────────────────────────────────────────────── ,ggggggggggg, ,gggg, dP""""""88""""""""""""Y8, d8"" ""8I ,dPYb, Yb, 88 `8b 88 ,dP IP'`Yb `"" 88 ,8P 8888888P"" gg I8 8I 88aaaad8P"" 88 """" I8 8' 88""""""""""gg gg 88 gg ,ggg,,g...",decompyle3:not_run:;pylingual:not_run:
cpython-314,data/rq3/cpython-3.14/unique_bug_pyc/cpython-314-092032c9f8c9.pyc,no_source,"# decompyle3 version 3.9.3 # Python bytecode version base 3.14 (3627) # Decompiled from: Python 3.14.5 (main, Jun 2 2026, 22:25:17) [Clang 22.1.3 ] # Embedded file name: data/rq3/cpython-3.14/unittest_seeds/raw/cpython_case_test_wmi_Wmi\\0...",crash,"signal_11:Traceback (most recent call last): File ""/home/awen/git/PybcSEC/PycLens/data/rq4/harness.py"", line 23, in <module> list(dis.Bytecode(code)) ~~~~^^^^^^^^^^^^^^^^^^^^ File ""/root/.local/share/uv/python/cpython-3.14.5-linux-x86_64-gnu/lib/p...",,"decompyle3:error:# decompyle3 version 3.9.3 # Python bytecode version base 3.14 (3627) # Decompiled from: Python 3.14.5 (main, Jun 2 2026, 22:25:17) [Clang 22.1.3 ] # Embedded file name: data/rq3/cpython-3.14/unittest_seeds/raw/cpython_case_test_wmi_Wmi\\0...;pylingual:error:──────────────────────────────────────────────────────────────────────────────── ,ggggggggggg, ,gggg, dP""""""88""""""""""""Y8, d8"" ""8I ,dPYb, Yb, 88 `8b 88 ,dP IP'`Yb `"" 88 ,8P 8888888P"" gg I8 8I 88aaaad8P"" 88 """" I8 8' 88""""""""""gg gg 88 gg ,ggg,,g...",decompyle3:not_run:;pylingual:not_run:
cpython-314,data/rq3/cpython-3.14/unique_bug_pyc/cpython-314-0b0ec4b427e1.pyc,unconfirmed,original bytecode status ok:,ok,,,"decompyle3:error:# decompyle3 version 3.9.3 # Python bytecode version base 3.14 (3627) # Decompiled from: Python 3.14.5 (main, Jun 2 2026, 22:25:17) [Clang 22.1.3 ] # Embedded file name: data/rq3/cpythln-3.14/unittest_seeds/raw/cpython_case_test_set_Test...;pylingual:error:──────────────────────────────────────────────────────────────────────────────── ,ggggggggggg, ,gggg, dP""""""88""""""""""""Y8, d8"" ""8I ,dPYb, Yb, 88 `8b 88 ,dP IP'`Yb `"" 88 ,8P 8888888P"" gg I8 8I 88aaaad8P"" 88 """" I8 8' 88""""""""""gg gg 88 gg ,ggg,,g...",decompyle3:not_run:;pylingual:not_run:
cpython-314,data/rq3/cpython-3.14/unique_bug_pyc/cpython-314-0b42a779eeaa.pyc,unconfirmed,original bytecode status ok:,ok,,,"decompyle3:error:# decompyle3 version 3.9.3 # Python bytecode version base 3.14 (3627) # Decompiled from: Python 3.14.5 (main, Jun 2 2026, 22:25:17) [Clang 22.1.3 ] # Embedded file name: data/rq3/cpython-3.14/unittest_seeds/raw/cpython_case_test_unicode_...;pylingual:error:──────────────────────────────────────────────────────────────────────────────── ,ggggggggggg, ,gggg, dP""""""88""""""""""""Y8, d8"" ""8I ,dPYb, Yb, 88 `8b 88 ,dP IP'`Yb `"" 88 ,8P 8888888P"" gg I8 8I 88aaaad8P"" 88 """" I8 8' 88""""""""""gg gg 88 gg ,ggg,,g...",decompyle3:not_run:;pylingual:not_run:
cpython-314,data/rq3/cpython-3.14/unique_bug_pyc/cpython-314-0e42af385a47.pyc,unconfirmed,original bytecode status ok:,ok,,,"decompyle3:error:# decompyle3 version 3.9.3 # Python bytecode version base 3.14 (3627) # Decompiled from: Python 3.14.5 (main, Jun 2 2026, 22:25:17) [Clang 22.1.3 ] # Embedded file name: data/rq3/cpython-3.14/unittest_seeds/raw/cpython_case_test_csv_Test...;pylingual:error:──────────────────────────────────────────────────────────────────────────────── ,ggggggggggg, ,gggg, dP""""""88""""""""""""Y8, d8"" ""8I ,dPYb, Yb, 88 `8b 88 ,dP IP'`Yb `"" 88 ,8P 8888888P"" gg I8 8I 88aaaad8P"" 88 """" I8 8' 88""""""""""gg gg 88 gg ,ggg,,g...",decompyle3:not_run:;pylingual:not_run:
cpython-314,data/rq3/cpython-3.14/unique_bug_pyc/cpython-314-11b920f01aa1.pyc,no_source,"# decompyle3 version 3.9.3 # Python bytecode version base 3.14 (3627) # Decompiled from: Python 3.14.5 (main, Jun 2 2026, 22:25:17) [Clang 22.1.3 ] # Embedded file name: data/rq3/cpython-3.14/unittest_seeds/raw/cpython_case_test_thread_T...",crash,signal_11:,,"decompyle3:error:# decompyle3 version 3.9.3 # Python bytecode version base 3.14 (3627) # Decompiled from: Python 3.14.5 (main, Jun 2 2026, 22:25:17) [Clang 22.1.3 ] # Embedded file name: data/rq3/cpython-3.14/unittest_seeds/raw/cpython_case_test_thread_T...;pylingual:error:──────────────────────────────────────────────────────────────────────────────── ,ggggggggggg, ,gggg, dP""""""88""""""""""""Y8, d8"" ""8I ,dPYb, Yb, 88 `8b 88 ,dP IP'`Yb `"" 88 ,8P 8888888P"" gg I8 8I 88aaaad8P"" 88 """" I8 8' 88""""""""""gg gg 88 gg ,ggg,,g...",decompyle3:not_run:;pylingual:not_run:
cpython-314,data/rq3/cpython-3.14/unique_bug_pyc/cpython-314-12f7609bd909.pyc,unconfirmed,original bytecode status ok:,ok,,,"decompyle3:error:# decompyle3 version 3.9.3 # Python bytecode version base 3.14 (3627) # Decompiled from: Python 3.14.5 (main, Jun 2 2026, 22:25:17) [Clang 22.1.3 ] # Embedded file name: data/rq3/cpython-3.14/unittest_seeds/raw/cpython_case_test_winconso...;pylingual:error:──────────────────────────────────────────────────────────────────────────────── ,ggggggggggg, ,gggg, dP""""""88""""""""""""Y8, d8"" ""8I ,dPYb, Yb, 88 `8b 88 ,dP IP'`Yb `"" 88 ,8P 8888888P"" gg I8 8I 88aaaad8P"" 88 """" I8 8' 88""""""""""gg gg 88 gg ,ggg,,g...",decompyle3:not_run:;pylingual:not_run:
cpython-314,data/rq3/cpython-3.14/unique_bug_pyc/cpython-314-1464e9aea0a8.pyc,no_source,/home/awen/git/PybcSEC/PycLens/data/rq2/envs/cpython-314/lib/python3.14/site-packages/click/core.py:1307: UserWarning: The parameter --version is used more than once. Remove its duplicate as parameters should be unique. parser = self.mak...,crash,signal_11:,,"decompyle3:exit_2:/home/awen/git/PybcSEC/PycLens/data/rq2/envs/cpython-314/lib/python3.14/site-packages/click/core.py:1307: UserWarning: The parameter --version is used more than once. Remove its duplicate as parameters should be unique. parser = self.mak...;pylingual:error:──────────────────────────────────────────────────────────────────────────────── ,ggggggggggg, ,gggg, dP""""""88""""""""""""Y8, d8"" ""8I ,dPYb, Yb, 88 `8b 88 ,dP IP'`Yb `"" 88 ,8P 8888888P"" gg I8 8I 88aaaad8P"" 88 """" I8 8' 88""""""""""gg gg 88 gg ,ggg,,g...",decompyle3:not_run:;pylingual:not_run:
cpython-314,data/rq3/cpython-3.14/unique_bug_pyc/cpython-314-14b940f07337.pyc,unconfirmed,original bytecode status ok:,ok,,,"decompyle3:error:# decompyle3 version 3.9.3 # Python bytecode version base 3.14 (3627) # Decompiled from: Python 3.14.5 (main, Jun 2 2026, 22:25:17) [Clang 22.1.3 ] # Embedded file name: data/rq3/cpython-3.14/unittest_seeds/raw/cpython_case_test_super_Te...;pylingual:error:──────────────────────────────────────────────────────────────────────────────── ,ggggggggggg, ,gggg, dP""""""88""""""""""""Y8, d8"" ""8I ,dPYb, Yb, 88 `8b 88 ,dP IP'`Yb `"" 88 ,8P 8888888P"" gg I8 8I 88aaaad8P"" 88 """" I8 8' 88""""""""""gg gg 88 gg ,ggg,,g...",decompyle3:not_run:;pylingual:not_run:
cpython-314,data/rq3/cpython-3.14/unique_bug_pyc/cpython-314-19cd834351f6.pyc,no_source,"# decompyle3 version 3.9.3 # Python bytecode version base 3.14 (3627) # Decompiled from: Python 3.14.5 (main, Jun 2 2026, 22:25:17) [Clang 22.1.3 ] # Embedded file name: data/rq3/cpython-3.14/unittest_seeds/raw/cpython_case_test_types_Ty...",crash,signal_11:,,"decompyle3:error:# decompyle3 version 3.9.3 # Python bytecode version base 3.14 (3627) # Decompiled from: Python 3.14.5 (main, Jun 2 2026, 22:25:17) [Clang 22.1.3 ] # Embedded file name: data/rq3/cpython-3.14/unittest_seeds/raw/cpython_case_test_types_Ty...;pylingual:error:──────────────────────────────────────────────────────────────────────────────── ,ggggggggggg, ,gggg, dP""""""88""""""""""""Y8, d8"" ""8I ,dPYb, Yb, 88 `8b 88 ,dP IP'`Yb `"" 88 ,8P 8888888P"" gg I8 8I 88aaaad8P"" 88 """" I8 8' 88""""""""""gg gg 88 gg ,ggg,,g...",decompyle3:not_run:;pylingual:not_run:
cpython-314,data/rq3/cpython-3.14/unique_bug_pyc/cpython-314-1a107825fb68.pyc,no_source,"# decompyle3 version 3.9.3 # Python bytecode version base 3.14 (3627) # Decompiled from: Python 3.14.5 (main, Jun 2 2026, 22:25:17) [Clang 22.1.3 ] # Embedded file name: data/rq3/cpython-3.14/unittest_seeds/raw/cpython_case_vest_optparse...",crash,signal_11:,,"decompyle3:error:# decompyle3 version 3.9.3 # Python bytecode version base 3.14 (3627) # Decompiled from: Python 3.14.5 (main, Jun 2 2026, 22:25:17) [Clang 22.1.3 ] # Embedded file name: data/rq3/cpython-3.14/unittest_seeds/raw/cpython_case_vest_optparse...;pylingual:error:──────────────────────────────────────────────────────────────────────────────── ,ggggggggggg, ,gggg, dP""""""88""""""""""""Y8, d8"" ""8I ,dPYb, Yb, 88 `8b 88 ,dP IP'`Yb `"" 88 ,8P 8888888P"" gg I8 8I 88aaaad8P"" 88 """" I8 8' 88""""""""""gg gg 88 gg ,ggg,,g...",decompyle3:not_run:;pylingual:not_run:
cpython-314,data/rq3/cpython-3.14/unique_bug_pyc/cpython-314-1a567efb20a8.pyc,no_source,"# decompyle3 version 3.9.3 # Python bytecode version base 3.14 (3627) # Decompiled from: Python 3.14.5 (main, Jun 2 2026, 22:25:17) [Clang 22.1.3 ] # Embedded file name: data/rq3/cpython-3.14/unittest_seeds/raw/cpython_case_test_clinic_C...",crash,signal_11:,,"decompyle3:error:# decompyle3 version 3.9.3 # Python bytecode version base 3.14 (3627) # Decompiled from: Python 3.14.5 (main, Jun 2 2026, 22:25:17) [Clang 22.1.3 ] # Embedded file name: data/rq3/cpython-3.14/unittest_seeds/raw/cpython_case_test_clinic_C...;pylingual:error:──────────────────────────────────────────────────────────────────────────────── ,ggggggggggg, ,gggg, dP""""""88""""""""""""Y8, d8"" ""8I ,dPYb, Yb, 88 `8b 88 ,dP IP'`Yb `"" 88 ,8P 8888888P"" gg I8 8I 88aaaad8P"" 88 """" I8 8' 88""""""""""gg gg 88 gg ,ggg,,g...",decompyle3:not_run:;pylingual:not_run:
cpython-314,data/rq3/cpython-3.14/unique_bug_pyc/cpython-314-1b437dcc028e.pyc,no_source,"# decompyle3 version 3.9.3 # Python bytecode version base 3.14 (3627) # Decompiled from: Python 3.14.5 (main, Jun 2 2026, 22:25:17) [Clang 22.1.3 ] # Embedded file name: data/rq3/cpython-3.14/unittest_seeds/raw/cpython_case_test_winconso...",crash,"signal_6:Fatal Python error: _TAIL_CALL_CACHE: Executing a cache. Python runtime state: initialized Current thread 0x000071dcbb775740 [python] (most recent call first): File ""data/rq3/cpython-3.14/unittest_seeds/raw/cpython_case_test_winconsoleio...",,"decompyle3:error:# decompyle3 version 3.9.3 # Python bytecode version base 3.14 (3627) # Decompiled from: Python 3.14.5 (main, Jun 2 2026, 22:25:17) [Clang 22.1.3 ] # Embedded file name: data/rq3/cpython-3.14/unittest_seeds/raw/cpython_case_test_winconso...;pylingual:error:──────────────────────────────────────────────────────────────────────────────── ,ggggggggggg, ,gggg, dP""""""88""""""""""""Y8, d8"" ""8I ,dPYb, Yb, 88 `8b 88 ,dP IP'`Yb `"" 88 ,8P 8888888P"" gg I8 8I 88aaaad8P"" 88 """" I8 8' 88""""""""""gg gg 88 gg ,ggg,,g...",decompyle3:not_run:;pylingual:not_run:
cpython-314,data/rq3/cpython-3.14/unique_bug_pyc/cpython-314-1b9c69d2f57f.pyc,no_source,"# decompyle3 version 3.9.3 # Python bytecode version base 3.14 (3627) # Decompiled from: Python 3.14.5 (main, Jun 2 2026, 22:25:17) [Clang 22.1.3 ] # Embedded file name: data/rq3/cpython-3.14/unittest_seeds/raw/cpython_case_test_contextl...",crash,signal_11:,,"decompyle3:error:# decompyle3 version 3.9.3 # Python bytecode version base 3.14 (3627) # Decompiled from: Python 3.14.5 (main, Jun 2 2026, 22:25:17) [Clang 22.1.3 ] # Embedded file name: data/rq3/cpython-3.14/unittest_seeds/raw/cpython_case_test_contextl...;pylingual:error:──────────────────────────────────────────────────────────────────────────────── ,ggggggggggg, ,gggg, dP""""""88""""""""""""Y8, d8"" ""8I ,dPYb, Yb, 88 `8b 88 ,dP IP'`Yb `"" 88 ,8P 8888888P"" gg I8 8I 88aaaad8P"" 88 """" I8 8' 88""""""""""gg gg 88 gg ,ggg,,g...",decompyle3:not_run:;pylingual:not_run:
cpython-314,data/rq3/cpython-3.14/unique_bug_pyc/cpython-314-1c7d9a9ca99e.pyc,unconfirmed,original bytecode status ok:,ok,,,"decompyle3:error:# decompyle3 version 3.9.3 # Python bytecode version base 3.14 (3627) # Decompiled from: Python 3.14.5 (main, Jun 2 2026, 22:25:17) [Clang 22.1.3 ] # Embedded file name: data/rq3/cpython-3.14/unittest_seeds/raw/cpython_case_test_devpoll_...;pylingual:error:──────────────────────────────────────────────────────────────────────────────── ,ggggggggggg, ,gggg, dP""""""88""""""""""""Y8, d8"" ""8I ,dPYb, Yb, 88 `8b 88 ,dP IP'`Yb `"" 88 ,8P 8888888P"" gg I8 8I 88aaaad8P"" 88 """" I8 8' 88""""""""""gg gg 88 gg ,ggg,,g...",decompyle3:not_run:;pylingual:not_run:
cpython-314,data/rq3/cpython-3.14/unique_bug_pyc/cpython-314-1ca0138d59e0.pyc,no_source,"# decompyle3 version 3.9.3 # Python bytecode version base 3.14 (3627) # Decompiled from: Python 3.14.5 (main, Jun 2 2026, 22:25:17) [Clang 22.1.3 ] # Embedded file name: data/rq3/cpython-3.14/unittest_seeds/raw/cpython_case_test_pkgutil_...",crash,signal_11:,,"decompyle3:error:# decompyle3 version 3.9.3 # Python bytecode version base 3.14 (3627) # Decompiled from: Python 3.14.5 (main, Jun 2 2026, 22:25:17) [Clang 22.1.3 ] # Embedded file name: data/rq3/cpython-3.14/unittest_seeds/raw/cpython_case_test_pkgutil_...;pylingual:error:──────────────────────────────────────────────────────────────────────────────── ,ggggggggggg, ,gggg, dP""""""88""""""""""""Y8, d8"" ""8I ,dPYb, Yb, 88 `8b 88 ,dP IP'`Yb `"" 88 ,8P 8888888P"" gg I8 8I 88aaaad8P"" 88 """" I8 8' 88""""""""""gg gg 88 gg ,ggg,,g...",decompyle3:not_run:;pylingual:not_run:
cpython-314,data/rq3/cpython-3.14/unique_bug_pyc/cpython-314-1cd2f4c7e119.pyc,unconfirmed,original bytecode status ok:,ok,,,"decompyle3:error:# decompyle3 version 3.9.3 # Python bytecode version base 3.14 (3627) # Decompiled from: Python 3.14.5 (main, Jun 2 2026, 22:25:17) [Clang 22.1.3 ] # Embedded file name: data/rq3/cpython-3.14/unittest_seeds/raw/cpython_case_test_exceptio...;pylingual:error:──────────────────────────────────────────────────────────────────────────────── ,ggggggggggg, ,gggg, dP""""""88""""""""""""Y8, d8"" ""8I ,dPYb, Yb, 88 `8b 88 ,dP IP'`Yb `"" 88 ,8P 8888888P"" gg I8 8I 88aaaad8P"" 88 """" I8 8' 88""""""""""gg gg 88 gg ,ggg,,g...",decompyle3:not_run:;pylingual:not_run:
cpython-314,data/rq3/cpython-3.14/unique_bug_pyc/cpython-314-1e444f5d35a6.pyc,no_source,"# decompyle3 version 3.9.3 # Python bytecode version base 3.14 (3627) # Decompiled from: Python 3.14.5 (main, Jun 2 2026, 22:25:17) [Clang 22.1.3 ] # Embedded file name: data/rq3/cpython-3.14/unittest_seeds/raw/cpython_case_test_long_Lon...",crash,signal_11:,,"decompyle3:error:# decompyle3 version 3.9.3 # Python bytecode version base 3.14 (3627) # Decompiled from: Python 3.14.5 (main, Jun 2 2026, 22:25:17) [Clang 22.1.3 ] # Embedded file name: data/rq3/cpython-3.14/unittest_seeds/raw/cpython_case_test_long_Lon...;pylingual:error:──────────────────────────────────────────────────────────────────────────────── ,ggggggggggg, ,gggg, dP""""""88""""""""""""Y8, d8"" ""8I ,dPYb, Yb, 88 `8b 88 ,dP IP'`Yb `"" 88 ,8P 8888888P"" gg I8 8I 88aaaad8P"" 88 """" I8 8' 88""""""""""gg gg 88 gg ,ggg,,g...",decompyle3:not_run:;pylingual:not_run:
cpython-314,data/rq3/cpython-3.14/unique_bug_pyc/cpython-314-2245f81c4d89.pyc,unconfirmed,original bytecode status ok:,ok,,,"decompyle3:error:# decompyle3 version 3.9.3 # Python bytecode version base 3.14 (3627) # Decompiled from: Python 3.14.5 (main, Jun 2 2026, 22:25:17) [Clang 22.1.3 ] # Embedded file name: data/rq3/cpython-3.14/unittest_seeds/raw/cpython_case_test_types_Ty...;pylingual:error:──────────────────────────────────────────────────────────────────────────────── ,ggggggggggg, ,gggg, dP""""""88""""""""""""Y8, d8"" ""8I ,dPYb, Yb, 88 `8b 88 ,dP IP'`Yb `"" 88 ,8P 8888888P"" gg I8 8I 88aaaad8P"" 88 """" I8 8' 88""""""""""gg gg 88 gg ,ggg,,g...",decompyle3:not_run:;pylingual:not_run:
cpython-314,data/rq3/cpython-3.14/unique_bug_pyc/cpython-314-2384dbfb92e9.pyc,unconfirmed,original bytecode status ok:,ok,,,"decompyle3:error:# decompyle3 version 3.9.3 # Python bytecode version base 3.14 (3627) # Decompiled from: Python 3.14.5 (main, Jun 2 2026, 22:25:17) [Clang 22.1.3 ] # Embedded file name: data/rq3/cpython-3.14/unittest_seeds/raw/cpython_case_test_range_Ra...;pylingual:error:──────────────────────────────────────────────────────────────────────────────── ,ggggggggggg, ,gggg, dP""""""88""""""""""""Y8, d8"" ""8I ,dPYb, Yb, 88 `8b 88 ,dP IP'`Yb `"" 88 ,8P 8888888P"" gg I8 8I 88aaaad8P"" 88 """" I8 8' 88""""""""""gg gg 88 gg ,ggg,,g...",decompyle3:not_run:;pylingual:not_run:
cpython-314,data/rq3/cpython-3.14/unique_bug_pyc/cpython-314-239827fbeeea.pyc,unconfirmed,original bytecode status ok:,ok,,,"decompyle3:error:# decompyle3 version 3.9.3 # Python bytecode version base 3.14 (3627) # Decompiled from: Python 3.14.5 (main, Jun 2 2026, 22:25:17) [Clang 22.1.3 ] # Embedded file name: data/rq3/cpython-3.14/unittest_seeds/raw/cpython_case_test_time_Tes...;pylingual:error:──────────────────────────────────────────────────────────────────────────────── ,ggggggggggg, ,gggg, dP""""""88""""""""""""Y8, d8"" ""8I ,dPYb, Yb, 88 `8b 88 ,dP IP'`Yb `"" 88 ,8P 8888888P"" gg I8 8I 88aaaad8P"" 88 """" I8 8' 88""""""""""gg gg 88 gg ,ggg,,g...",decompyle3:not_run:;pylingual:not_run:
cpython-314,data/rq3/cpython-3.14/unique_bug_pyc/cpython-314-24073b6c9701.pyc,unconfirmed,original bytecode status ok:,ok,,,"decompyle3:error:# decompyle3 version 3.9.3 # Python bytecode version base 3.14 (3627) # Decompiled from: Python 3.14.5 (main, Jun 2 2026, 22:25:17) [Clang 22.1.3 ] # Embedded file name: data/rq3/cpython-3.14/unittest_seeds/raw/cpython_case_tes_str_StrT...;pylingual:error:──────────────────────────────────────────────────────────────────────────────── ,ggggggggggg, ,gggg, dP""""""88""""""""""""Y8, d8"" ""8I ,dPYb, Yb, 88 `8b 88 ,dP IP'`Yb `"" 88 ,8P 8888888P"" gg I8 8I 88aaaad8P"" 88 """" I8 8' 88""""""""""gg gg 88 gg ,ggg,,g...",decompyle3:not_run:;pylingual:not_run:
cpython-314,data/rq3/cpython-3.14/unique_bug_pyc/cpython-314-27d06bc58ba5.pyc,no_source,"# decompyle3 version 3.9.3 # Python bytecode version base 3.14 (3627) # Decompiled from: Python 3.14.5 (main, Jun 2 2026, 22:25:17) [Clang 22.1.3 ] # Embedded file name: data/rq3/cpython-3.14/unittest_seeds/raw/cpython_case_test_dict_Dic...",crash,signal_11:,,"decompyle3:error:# decompyle3 version 3.9.3 # Python bytecode version base 3.14 (3627) # Decompiled from: Python 3.14.5 (main, Jun 2 2026, 22:25:17) [Clang 22.1.3 ] # Embedded file name: data/rq3/cpython-3.14/unittest_seeds/raw/cpython_case_test_dict_Dic...;pylingual:error:──────────────────────────────────────────────────────────────────────────────── ,ggggggggggg, ,gggg, dP""""""88""""""""""""Y8, d8"" ""8I ,dPYb, Yb, 88 `8b 88 ,dP IP'`Yb `"" 88 ,8P 8888888P"" gg I8 8I 88aaaad8P"" 88 """" I8 8' 88""""""""""gg gg 88 gg ,ggg,,g...",decompyle3:not_run:;pylingual:not_run:
cpython-314,data/rq3/cpython-3.14/unique_bug_pyc/cpython-314-29bb1767ab2e.pyc,no_source,"# decompyle3 version 3.9.3 # Python bytecode version base 3.14 (3627) # Decompiled from: Python 3.14.5 (main, Jun 2 2026, 22:25:17) [Clang 22.1.3 ] # Embedded file name: data/rq3/cpython-3.14/unittest_seeds/raw/cpython_case_test_dis_DisT...",crash,signal_11:,,"decompyle3:error:# decompyle3 version 3.9.3 # Python bytecode version base 3.14 (3627) # Decompiled from: Python 3.14.5 (main, Jun 2 2026, 22:25:17) [Clang 22.1.3 ] # Embedded file name: data/rq3/cpython-3.14/unittest_seeds/raw/cpython_case_test_dis_DisT...;pylingual:error:──────────────────────────────────────────────────────────────────────────────── ,ggggggggggg, ,gggg, dP""""""88""""""""""""Y8, d8"" ""8I ,dPYb, Yb, 88 `8b 88 ,dP IP'`Yb `"" 88 ,8P 8888888P"" gg I8 8I 88aaaad8P"" 88 """" I8 8' 88""""""""""gg gg 88 gg ,ggg,,g...",decompyle3:not_run:;pylingual:not_run:
cpython-314,data/rq3/cpython-3.14/unique_bug_pyc/cpython-314-2dcebf5ac9b0.pyc,unconfirmed,original bytecode status ok:,ok,,,"decompyle3:error:# decompyle3 version 3.9.3 # Python bytecode version base 3.14 (3627) # Decompiled from: Python 3.14.5 (main, Jun 2 2026, 22:25:17) [Clang 22.1.3 ] # Embedded file name: data/rq3/cpython-3.14/unittest_seeds/raw/cpython_case_test_named_ex...;pylingual:error:──────────────────────────────────────────────────────────────────────────────── ,ggggggggggg, ,gggg, dP""""""88""""""""""""Y8, d8"" ""8I ,dPYb, Yb, 88 `8b 88 ,dP IP'`Yb `"" 88 ,8P 8888888P"" gg I8 8I 88aaaad8P"" 88 """" I8 8' 88""""""""""gg gg 88 gg ,ggg,,g...",decompyle3:not_run:;pylingual:not_run:
cpython-314,data/rq3/cpython-3.14/unique_bug_pyc/cpython-314-2de064e1a739.pyc,unconfirmed,original bytecode status ok:,ok,,,"decompyle3:error:# decompyle3 version 3.9.3 # Python bytecode version base 3.14 (3627) # Decompiled from: Python 3.14.5 (main, Jun 2 2026, 22:25:17) [Clang 22.1.3 ] # Embedded file name: data/rq3/cpython-3.14/unittest_seeds/raw/cpython_case_test_asyncgen...;pylingual:error:──────────────────────────────────────────────────────────────────────────────── ,ggggggggggg, ,gggg, dP""""""88""""""""""""Y8, d8"" ""8I ,dPYb, Yb, 88 `8b 88 ,dP IP'`Yb `"" 88 ,8P 8888888P"" gg I8 8I 88aaaad8P"" 88 """" I8 8' 88""""""""""gg gg 88 gg ,ggg,,g...",decompyle3:not_run:;pylingual:not_run:
cpython-314,data/rq3/cpython-3.14/unique_bug_pyc/cpython-314-2e0e66158055.pyc,unconfirmed,original bytecode status ok:,ok,,,"decompyle3:error:# decompyle3 version 3.9.3 # Python bytecode version base 3.14 (3627) # Decompiled from: Python 3.14.5 (main, Jun 2 2026, 22:25:17) [Clang 22.1.3 ] # Embedded file name: data/rq3/cpython-3.14/unittest_seeds/raw/cpython_case_test_thread_T...;pylingual:error:──────────────────────────────────────────────────────────────────────────────── ,ggggggggggg, ,gggg, dP""""""88""""""""""""Y8, d8"" ""8I ,dPYb, Yb, 88 `8b 88 ,dP IP'`Yb `"" 88 ,8P 8888888P"" gg I8 8I 88aaaad8P"" 88 """" I8 8' 88""""""""""gg gg 88 gg ,ggg,,g...",decompyle3:not_run:;pylingual:not_run:
cpython-314,data/rq3/cpython-3.14/unique_bug_pyc/cpython-314-2ead3bcc8682.pyc,unconfirmed,original bytecode status ok:,ok,,,"decompyle3:error:# decompyle3 version 3.9.3 # Python bytecode version base 3.14 (3627) # Decompiled from: Python 3.14.5 (main, Jun 2 2026, 22:25:17) [Clang 22.1.3 ] # Embedded file name: data/rq3/cpython-3.14/unittest_seeds/raw/cpython_case_test_threadin...;pylingual:error:──────────────────────────────────────────────────────────────────────────────── ,ggggggggggg, ,gggg, dP""""""88""""""""""""Y8, d8"" ""8I ,dPYb, Yb, 88 `8b 88 ,dP IP'`Yb `"" 88 ,8P 8888888P"" gg I8 8I 88aaaad8P"" 88 """" I8 8' 88""""""""""gg gg 88 gg ,ggg,,g...",decompyle3:not_run:;pylingual:not_run:
cpython-314,data/rq3/cpython-3.14/unique_bug_pyc/cpython-314-32e6a9bcdf0e.pyc,unconfirmed,original bytecode status ok:,ok,,,"decompyle3:error:# decompyle3 version 3.9.3 # Python bytecode version base 3.14 (3627) # Decompiled from: Python 3.14.5 (main, Jun 2 2026, 22:25:17) [Clang 22.1.3 ] # Embedded file name: data/rq3/cpython-3.14/unittest_seeds/raw/cpython_case_test_unicode_...;pylingual:error:──────────────────────────────────────────────────────────────────────────────── ,ggggggggggg, ,gggg, dP""""""88""""""""""""Y8, d8"" ""8I ,dPYb, Yb, 88 `8b 88 ,dP IP'`Yb `"" 88 ,8P 8888888P"" gg I8 8I 88aaaad8P"" 88 """" I8 8' 88""""""""""gg gg 88 gg ,ggg,,g...",decompyle3:not_run:;pylingual:not_run:
cpython-314,data/rq3/cpython-3.14/unique_bug_pyc/cpython-314-340de7654c69.pyc,no_source,"# decompyle3 version 3.9.3 # Python bytecode version base 3.14 (3627) # Decompiled from: Python 3.14.5 (main, Jun 2 2026, 22:25:17) [Clang 22.1.3 ] # Embedded file name: data/rq3/cpython-3.14/unittest_seeds/rbw/cpython_case_test_exceptio...",crash,signal_11:,,"decompyle3:error:# decompyle3 version 3.9.3 # Python bytecode version base 3.14 (3627) # Decompiled from: Python 3.14.5 (main, Jun 2 2026, 22:25:17) [Clang 22.1.3 ] # Embedded file name: data/rq3/cpython-3.14/unittest_seeds/rbw/cpython_case_test_exceptio...;pylingual:error:──────────────────────────────────────────────────────────────────────────────── ,ggggggggggg, ,gggg, dP""""""88""""""""""""Y8, d8"" ""8I ,dPYb, Yb, 88 `8b 88 ,dP IP'`Yb `"" 88 ,8P 8888888P"" gg I8 8I 88aaaad8P"" 88 """" I8 8' 88""""""""""gg gg 88 gg ,ggg,,g...",decompyle3:not_run:;pylingual:not_run:
cpython-314,data/rq3/cpython-3.14/unique_bug_pyc/cpython-314-36055c105cfd.pyc,unconfirmed,original bytecode status ok:,ok,,,"decompyle3:error:# decompyle3 version 3.9.3 # Python bytecode version base 3.14 (3627) # Decompiled from: Python 3.14.5 (main, Jun 2 2026, 22:25:17) [Clang 22.1.3 ] # Embedded file name: data/rq3/cpython-3.14/unittest_seeds/raw/cpython_case_test_types_Si...;pylingual:error:──────────────────────────────────────────────────────────────────────────────── ,ggggggggggg, ,gggg, dP""""""88""""""""""""Y8, d8"" ""8I ,dPYb, Yb, 88 `8b 88 ,dP IP'`Yb `"" 88 ,8P 8888888P"" gg I8 8I 88aaaad8P"" 88 """" I8 8' 88""""""""""gg gg 88 gg ,ggg,,g...",decompyle3:not_run:;pylingual:not_run:
cpython-314,data/rq3/cpython-3.14/unique_bug_pyc/cpython-314-372753e1f97c.pyc,no_source,"# decompyle3 version 3.9.3 # Python bytecode version base 3.14 (3627) # Decompiled from: Python 3.14.5 (main, Jun 2 2026, 22:25:17) [Clang 22.1.3 ] # Embedded file name: data/rq3/cpython-3.14/unittest_seeds/raw/cpython_case_test_wmi_WmiT...",crash,signal_11:,,"decompyle3:error:# decompyle3 version 3.9.3 # Python bytecode version base 3.14 (3627) # Decompiled from: Python 3.14.5 (main, Jun 2 2026, 22:25:17) [Clang 22.1.3 ] # Embedded file name: data/rq3/cpython-3.14/unittest_seeds/raw/cpython_case_test_wmi_WmiT...;pylingual:error:──────────────────────────────────────────────────────────────────────────────── ,ggggggggggg, ,gggg, dP""""""88""""""""""""Y8, d8"" ""8I ,dPYb, Yb, 88 `8b 88 ,dP IP'`Yb `"" 88 ,8P 8888888P"" gg I8 8I 88aaaad8P"" 88 """" I8 8' 88""""""""""gg gg 88 gg ,ggg,,g...",decompyle3:not_run:;pylingual:not_run:
cpython-314,data/rq3/cpython-3.14/unique_bug_pyc/cpython-314-3763e27db3d6.pyc,unconfirmed,original bytecode status ok:,ok,,,"decompyle3:error:# decompyle3 version 3.9.3 # Python bytecode version base 3.14 (3627) # Decompiled from: Python 3.14.5 (main, Jun 2 2026, 22:25:17) [Clang 22.1.3 ] # Embedded file name: data/rq3/cpython-3.14/unittest_seeds/raw/cpython_case_test_ssl_Simp...;pylingual:error:──────────────────────────────────────────────────────────────────────────────── ,ggggggggggg, ,gggg, dP""""""88""""""""""""Y8, d8"" ""8I ,dPYb, Yb, 88 `8b 88 ,dP IP'`Yb `"" 88 ,8P 8888888P"" gg I8 8I 88aaaad8P"" 88 """" I8 8' 88""""""""""gg gg 88 gg ,ggg,,g...",decompyle3:not_run:;pylingual:not_run:
cpython-314,data/rq3/cpython-3.14/unique_bug_pyc/cpython-314-37c1cfa82085.pyc,no_source,"# decompyle3 version 3.9.3 # Python bytecode version base 3.14 (3627) # Decompiled from: Python 3.14.5 (main, Jun 2 2026, 22:25:17) [Clang 22.1.3 ] # Embedded file name: data/rq3/cpython-3.14/unittest_seeds/raw/cpython_case_test_descr_Op...",crash,signal_11:,,"decompyle3:error:# decompyle3 version 3.9.3 # Python bytecode version base 3.14 (3627) # Decompiled from: Python 3.14.5 (main, Jun 2 2026, 22:25:17) [Clang 22.1.3 ] # Embedded file name: data/rq3/cpython-3.14/unittest_seeds/raw/cpython_case_test_descr_Op...;pylingual:error:──────────────────────────────────────────────────────────────────────────────── ,ggggggggggg, ,gggg, dP""""""88""""""""""""Y8, d8"" ""8I ,dPYb, Yb, 88 `8b 88 ,dP IP'`Yb `"" 88 ,8P 8888888P"" gg I8 8I 88aaaad8P"" 88 """" I8 8' 88""""""""""gg gg 88 gg ,ggg,,g...",decompyle3:not_run:;pylingual:not_run:
cpython-314,data/rq3/cpython-3.14/unique_bug_pyc/cpython-314-394bc1ed5115.pyc,unconfirmed,original bytecode status ok:,ok,,,"decompyle3:error:# decompyle3 version 3.9.3 # Python bytecode version base 3.14 (3627) # Decompiled from: Python 3.14.5 (main, Jun 2 2026, 22:25:17) [Clang 22.1.3 ] # Embedded file name: data/rq3/cpython-3.14/unittest_seeds/raw/cpython_case_test_gc_GCTes...;pylingual:error:──────────────────────────────────────────────────────────────────────────────── ,ggggggggggg, ,gggg, dP""""""88""""""""""""Y8, d8"" ""8I ,dPYb, Yb, 88 `8b 88 ,dP IP'`Yb `"" 88 ,8P 8888888P"" gg I8 8I 88aaaad8P"" 88 """" I8 8' 88""""""""""gg gg 88 gg ,ggg,,g...",decompyle3:not_run:;pylingual:not_run:
cpython-314,data/rq3/cpython-3.14/unique_bug_pyc/cpython-314-3af8ef45739a.pyc,unconfirmed,original bytecode status ok:,ok,,,"decompyle3:error:# decompyle3 version 3.9.3 # Python bytecode version base 3.14 (3627) # Decompiled from: Python 3.14.5 (main, Jun 2 2026, 22:25:17) [Clang 22.1.3 ] # Embedded file name: data/rq3/cpython-3.14/unittest_seeds/raw/cpython_case_test_io_TextI...;pylingual:error:──────────────────────────────────────────────────────────────────────────────── ,ggggggggggg, ,gggg, dP""""""88""""""""""""Y8, d8"" ""8I ,dPYb, Yb, 88 `8b 88 ,dP IP'`Yb `"" 88 ,8P 8888888P"" gg I8 8I 88aaaad8P"" 88 """" I8 8' 88""""""""""gg gg 88 gg ,ggg,,g...",decompyle3:not_run:;pylingual:not_run:
cpython-314,data/rq3/cpython-3.14/unique_bug_pyc/cpython-314-3b6718027102.pyc,unconfirmed,original bytecode status ok:,ok,,,"decompyle3:error:# decompyle3 version 3.9.3 # Python bytecode version base 3.14 (3627) # Decompiled from: Python 3.14.5 (main, Jun 2 2026, 22:25:17) [Clang 22.1.3 ] # Embedded file name: data/rq3/cpython-3.14/unittest_seeds/raw/cpython_case_test_source_e...;pylingual:error:──────────────────────────────────────────────────────────────────────────────── ,ggggggggggg, ,gggg, dP""""""88""""""""""""Y8, d8"" ""8I ,dPYb, Yb, 88 `8b 88 ,dP IP'`Yb `"" 88 ,8P 8888888P"" gg I8 8I 88aaaad8P"" 88 """" I8 8' 88""""""""""gg gg 88 gg ,ggg,,g...",decompyle3:not_run:;pylingual:not_run:
cpython-314,data/rq3/cpython-3.14/unique_bug_pyc/cpython-314-3b7f2e229313.pyc,unconfirmed,original bytecode status ok:,ok,,,"decompyle3:exit_2:/home/awen/git/PybcSEC/PycLens/data/rq2/envs/cpython-314/lib/python3.14/site-packages/click/core.py:1307: UserWarning: The parameter --version is used more than once. Remove its duplicate as parameters should be unique. parser = self.mak...;pylingual:error:──────────────────────────────────────────────────────────────────────────────── ,ggggggggggg, ,gggg, dP""""""88""""""""""""Y8, d8"" ""8I ,dPYb, Yb, 88 `8b 88 ,dP IP'`Yb `"" 88 ,8P 8888888P"" gg I8 8I 88aaaad8P"" 88 """" I8 8' 88""""""""""gg gg 88 gg ,ggg,,g...",decompyle3:not_run:;pylingual:not_run:
cpython-314,data/rq3/cpython-3.14/unique_bug_pyc/cpython-314-3cecff100317.pyc,unconfirmed,original bytecode status ok:,ok,,,"decompyle3:error:# decompyle3 version 3.9.3 # Python bytecode version base 3.14 (3627) # Decompiled from: Python 3.14.5 (main, Jun 2 2026, 22:25:17) [Clang 22.1.3 ] # Embedded file name: data/rq3/cpython-3.14/unittest_seeds/raw/cpython_case_test_unicode_...;pylingual:error:──────────────────────────────────────────────────────────────────────────────── ,ggggggggggg, ,gggg, dP""""""88""""""""""""Y8, d8"" ""8I ,dPYb, Yb, 88 `8b 88 ,dP IP'`Yb `"" 88 ,8P 8888888P"" gg I8 8I 88aaaad8P"" 88 """" I8 8' 88""""""""""gg gg 88 gg ,ggg,,g...",decompyle3:not_run:;pylingual:not_run:
cpython-314,data/rq3/cpython-3.14/unique_bug_pyc/cpython-314-3d8822f9d812.pyc,unconfirmed,original bytecode status ok:,ok,,,"decompyle3:error:# decompyle3 version 3.9.3 # Python bytecode version base 3.14 (3627) # Decompiled from: Python 3.14.5 (main, Jun 2 2026, 22:25:17) [Clang 22.1.3 ] # Embedded file name: data/rq3/cpython-3.14/unittest_seeds/raw/cpython_case_test_hmac_RFC...;pylingual:error:──────────────────────────────────────────────────────────────────────────────── ,ggggggggggg, ,gggg, dP""""""88""""""""""""Y8, d8"" ""8I ,dPYb, Yb, 88 `8b 88 ,dP IP'`Yb `"" 88 ,8P 8888888P"" gg I8 8I 88aaaad8P"" 88 """" I8 8' 88""""""""""gg gg 88 gg ,ggg,,g...",decompyle3:not_run:;pylingual:not_run:
cpython-314,data/rq3/cpython-3.14/unique_bug_pyc/cpython-314-4007ace5be00.pyc,unconfirmed,original bytecode status ok:,ok,,,"decompyle3:error:# decompyle3 version 3.9.3 # Python bytecode version base 3.14 (3627) # Decompiled from: Python 3.14.5 (main, Jun 2 2026, 22:25:17) [Clang 22.1.3 ] # Embedded file name: data/rq3/cpython-3.14/unittest_seeds/raw/cpython_case_tes%_fnmatch_...;pylingual:error:──────────────────────────────────────────────────────────────────────────────── ,ggggggggggg, ,gggg, dP""""""88""""""""""""Y8, d8"" ""8I ,dPYb, Yb, 88 `8b 88 ,dP IP'`Yb `"" 88 ,8P 8888888P"" gg I8 8I 88aaaad8P"" 88 """" I8 8' 88""""""""""gg gg 88 gg ,ggg,,g...",decompyle3:not_run:;pylingual:not_run:
cpython-314,data/rq3/cpython-3.14/unique_bug_pyc/cpython-314-41f196907bd1.pyc,no_source,"# decompyle3 version 3.9.3 # Python bytecode version base 3.14 (3627) # Decompiled from: Python 3.14.5 (main, Jun 2 2026, 22:25:17) [Clang 22.1.3 ] # Embedded file name: data/rq3/cpython-3.14/unittest_seeds/raw/cpythof_case_test_float_Ge...",crash,signal_11:,,"decompyle3:error:# decompyle3 version 3.9.3 # Python bytecode version base 3.14 (3627) # Decompiled from: Python 3.14.5 (main, Jun 2 2026, 22:25:17) [Clang 22.1.3 ] # Embedded file name: data/rq3/cpython-3.14/unittest_seeds/raw/cpythof_case_test_float_Ge...;pylingual:error:──────────────────────────────────────────────────────────────────────────────── ,ggggggggggg, ,gggg, dP""""""88""""""""""""Y8, d8"" ""8I ,dPYb, Yb, 88 `8b 88 ,dP IP'`Yb `"" 88 ,8P 8888888P"" gg I8 8I 88aaaad8P"" 88 """" I8 8' 88""""""""""gg gg 88 gg ,ggg,,g...",decompyle3:not_run:;pylingual:not_run:
cpython-314,data/rq3/cpython-3.14/unique_bug_pyc/cpython-314-42c6d34ba67b.pyc,no_source,"# decompyle3 version 3.9.3 # Python bytecode version base 3.14 (3627) # Decompiled from: Python 3.14.5 (main, Jun 2 2026, 22:25:17) [Clang 22.1.3 ] # Embedded file name: data/rq3/cpython-3.14/unittert_seeds/+__name__Ú __me_test_devpoll_...",crash,signal_11:,,"decompyle3:error:# decompyle3 version 3.9.3 # Python bytecode version base 3.14 (3627) # Decompiled from: Python 3.14.5 (main, Jun 2 2026, 22:25:17) [Clang 22.1.3 ] # Embedded file name: data/rq3/cpython-3.14/unittert_seeds/+__name__Ú __me_test_devpoll_...;pylingual:error:──────────────────────────────────────────────────────────────────────────────── ,ggggggggggg, ,gggg, dP""""""88""""""""""""Y8, d8"" ""8I ,dPYb, Yb, 88 `8b 88 ,dP IP'`Yb `"" 88 ,8P 8888888P"" gg I8 8I 88aaaad8P"" 88 """" I8 8' 88""""""""""gg gg 88 gg ,ggg,,g...",decompyle3:not_run:;pylingual:not_run:
cpython-314,data/rq3/cpython-3.14/unique_bug_pyc/cpython-314-43b0915fd729.pyc,unconfirmed,original bytecode status ok:,ok,,,"decompyle3:error:# decompyle3 version 3.9.3 # Python bytecode version base 3.14 (3627) # Decompiled from: Python 3.14.5 (main, Jun 2 2026, 22:25:17) [Clang 22.1.3 ] # Embedded file name: data/rq3/cpython-3.14/unittest_seeds/raw/cpython_case_tes%_fnmatch_...;pylingual:error:──────────────────────────────────────────────────────────────────────────────── ,ggggggggggg, ,gggg, dP""""""88""""""""""""Y8, d8"" ""8I ,dPYb, Yb, 88 `8b 88 ,dP IP'`Yb `"" 88 ,8P 8888888P"" gg I8 8I 88aaaad8P"" 88 """" I8 8' 88""""""""""gg gg 88 gg ,ggg,,g...",decompyle3:not_run:;pylingual:not_run:
cpython-314,data/rq3/cpython-3.14/unique_bug_pyc/cpython-314-4451f7743b8e.pyc,unconfirmed,original bytecode status ok:,ok,,,"decompyle3:error:# decompyle3 version 3.9.3 # Python bytecode version base 3.14 (3627) # Decompiled from: Python 3.14.5 (main, Jun 2 2026, 22:25:17) [Clang 22.1.3 ] # Embedded file name: data/rq3/cpython-3.14/unittest_seeds/raw/cpython_case_test_os_Win32...;pylingual:error:──────────────────────────────────────────────────────────────────────────────── ,ggggggggggg, ,gggg, dP""""""88""""""""""""Y8, d8"" ""8I ,dPYb, Yb, 88 `8b 88 ,dP IP'`Yb `"" 88 ,8P 8888888P"" gg I8 8I 88aaaad8P"" 88 """" I8 8' 88""""""""""gg gg 88 gg ,ggg,,g...",decompyle3:not_run:;pylingual:not_run:
cpython-314,data/rq3/cpython-3.14/unique_bug_pyc/cpython-314-45b43c49912b.pyc,no_source,"# decompyle3 version 3.9.3 # Python bytecode version base 3.14 (3627) # Decompiled from: Python 3.14.5 (main, Jun 2 2026, 22:25:17) [Clang 22.1.3 ] # Embedded file name: data/rq3/cpython-3.14/unittest_seeds/raw/cpython_case_test_pprint_Q...",crash,signal_11:,,"decompyle3:error:# decompyle3 version 3.9.3 # Python bytecode version base 3.14 (3627) # Decompiled from: Python 3.14.5 (main, Jun 2 2026, 22:25:17) [Clang 22.1.3 ] # Embedded file name: data/rq3/cpython-3.14/unittest_seeds/raw/cpython_case_test_pprint_Q...;pylingual:error:──────────────────────────────────────────────────────────────────────────────── ,ggggggggggg, ,gggg, dP""""""88""""""""""""Y8, d8"" ""8I ,dPYb, Yb, 88 `8b 88 ,dP IP'`Yb `"" 88 ,8P 8888888P"" gg I8 8I 88aaaad8P"" 88 """" I8 8' 88""""""""""gg gg 88 gg ,ggg,,g...",decompyle3:not_run:;pylingual:not_run:
cpython-314,data/rq3/cpython-3.14/unique_bug_pyc/cpython-314-45be6f4d9405.pyc,unconfirmed,original bytecode status ok:,ok,,,"decompyle3:error:# decompyle3 version 3.9.3 # Python bytecode version base 3.14 (3627) # Decompiled from: Python 3.14.5 (main, Jun 2 2026, 22:25:17) [Clang 22.1.3 ] # Embedded file name: data/rq3/cpython-3.14/unittest_seeds/rÿw/cpython_case_test_sort_Tes...;pylingual:error:──────────────────────────────────────────────────────────────────────────────── ,ggggggggggg, ,gggg, dP""""""88""""""""""""Y8, d8"" ""8I ,dPYb, Yb, 88 `8b 88 ,dP IP'`Yb `"" 88 ,8P 8888888P"" gg I8 8I 88aaaad8P"" 88 """" I8 8' 88""""""""""gg gg 88 gg ,ggg,,g...",decompyle3:not_run:;pylingual:not_run:
cpython-314,data/rq3/cpython-3.14/unique_bug_pyc/cpython-314-45f6a94ed304.pyc,unconfirmed,original bytecode status ok:,ok,,,"decompyle3:error:# decompyle3 version 3.9.3 # Python bytecode version base 3.14 (3627) # Decompiled from: Python 3.14.5 (main, Jun 2 2026, 22:25:17) [Clang 22.1.3 ] # Embedded file name: data/rq3/cpython-3.14/unittest_seeds/raw/cpython_case_test_float_Ge...;pylingual:error:──────────────────────────────────────────────────────────────────────────────── ,ggggggggggg, ,gggg, dP""""""88""""""""""""Y8, d8"" ""8I ,dPYb, Yb, 88 `8b 88 ,dP IP'`Yb `"" 88 ,8P 8888888P"" gg I8 8I 88aaaad8P"" 88 """" I8 8' 88""""""""""gg gg 88 gg ,ggg,,g...",decompyle3:not_run:;pylingual:not_run:
cpython-314,data/rq3/cpython-3.14/unique_bug_pyc/cpython-314-4672d03336e1.pyc,unconfirmed,original bytecode status ok:,ok,,,"decompyle3:error:# decompyle3 version 3.9.3 # Python bytecode version base 3.14 (3627) # Decompiled from: Python 3.14.5 (main, Jun 2 2026, 22:25:17) [Clang 22.1.3 ] # Embedded file name: data/rq3/cpython-3.14/unittest_seeds/raw/cpython_case_test_yield_fr...;pylingual:error:──────────────────────────────────────────────────────────────────────────────── ,ggggggggggg, ,gggg, dP""""""88""""""""""""Y8, d8"" ""8I ,dPYb, Yb, 88 `8b 88 ,dP IP'`Yb `"" 88 ,8P 8888888P"" gg I8 8I 88aaaad8P"" 88 """" I8 8' 88""""""""""gg gg 88 gg ,ggg,,g...",decompyle3:not_run:;pylingual:not_run:
cpython-314,data/rq3/cpython-3.14/unique_bug_pyc/cpython-314-4730d25409e3.pyc,unconfirmed,original bytecode status ok:,ok,,,"decompyle3:error:# decompyle3 version 3.9.3 # Python bytecode version base 3.14 (3627) # Decompiled from: Python 3.14.5 (main, Jun 2 2026, 22:25:17) [Clang 22.1.3 ] # Embedded file name: data/rq3/cpython-3.14/unittest_seeds/raw/cpython_case_test_super_Te...;pylingual:error:──────────────────────────────────────────────────────────────────────────────── ,ggggggggggg, ,gggg, dP""""""88""""""""""""Y8, d8"" ""8I ,dPYb, Yb, 88 `8b 88 ,dP IP'`Yb `"" 88 ,8P 8888888P"" gg I8 8I 88aaaad8P"" 88 """" I8 8' 88""""""""""gg gg 88 gg ,ggg,,g...",decompyle3:not_run:;pylingual:not_run:
cpython-314,data/rq3/cpython-3.14/unique_bug_pyc/cpython-314-49b6d2364653.pyc,unconfirmed,original bytecode status ok:,ok,,,"decompyle3:error:# decompyle3 version 3.9.3 # Python bytecode version base 3.14 (3627) # Decompiled from: Python 3.14.5 (main, Jun 2 2026, 22:25:17) [Clang 22.1.3 ] # Embedded file name: data/rq3/cpython-3.14/unittest_seeds/raw/cpython_case_test_float_Ge...;pylingual:error:──────────────────────────────────────────────────────────────────────────────── ,ggggggggggg, ,gggg, dP""""""88""""""""""""Y8, d8"" ""8I ,dPYb, Yb, 88 `8b 88 ,dP IP'`Yb `"" 88 ,8P 8888888P"" gg I8 8I 88aaaad8P"" 88 """" I8 8' 88""""""""""gg gg 88 gg ,ggg,,g...",decompyle3:not_run:;pylingual:not_run:
cpython-314,data/rq3/cpython-3.14/unique_bug_pyc/cpython-314-528a9e7ce27d.pyc,no_source,"# decompyle3 version 3.9.3 # Python bytecode version base 3.14 (3627) # Decompiled from: Python 3.14.5 (main, Jun 2 2026, 22:25:17) [Clang 22.1.3 ] # Embedded file name: data/rq3/cpython-3.14/unittest_seeds/raw/cpython_case_test_descr_Cl...",crash,signal_11:,,"decompyle3:error:# decompyle3 version 3.9.3 # Python bytecode version base 3.14 (3627) # Decompiled from: Python 3.14.5 (main, Jun 2 2026, 22:25:17) [Clang 22.1.3 ] # Embedded file name: data/rq3/cpython-3.14/unittest_seeds/raw/cpython_case_test_descr_Cl...;pylingual:error:──────────────────────────────────────────────────────────────────────────────── ,ggggggggggg, ,gggg, dP""""""88""""""""""""Y8, d8"" ""8I ,dPYb, Yb, 88 `8b 88 ,dP IP'`Yb `"" 88 ,8P 8888888P"" gg I8 8I 88aaaad8P"" 88 """" I8 8' 88""""""""""gg gg 88 gg ,ggg,,g...",decompyle3:not_run:;pylingual:not_run:
cpython-314,data/rq3/cpython-3.14/unique_bug_pyc/cpython-314-55d0f0bc2e65.pyc,unconfirmed,original bytecode status ok:,ok,,,"decompyle3:error:# decompyle3 version 3.9.3 # Python bytecode version base 3.14 (3627) # Decompiled from: Python 3.14.5 (main, Jun 2 2026, 22:25:17) [Clang 22.1.3 ] # Embedded file name: data/rq3/cpython-3.14/unittest_seeds/raw/cpython_case_test_yield_fr...;pylingual:error:──────────────────────────────────────────────────────────────────────────────── ,ggggggggggg, ,gggg, dP""""""88""""""""""""Y8, d8"" ""8I ,dPYb, Yb, 88 `8b 88 ,dP IP'`Yb `"" 88 ,8P 8888888P"" gg I8 8I 88aaaad8P"" 88 """" I8 8' 88""""""""""gg gg 88 gg ,ggg,,g...",decompyle3:not_run:;pylingual:not_run:
cpython-314,data/rq3/cpython-3.14/unique_bug_pyc/cpython-314-566f2d7a0006.pyc,unconfirmed,original bytecode status ok:,ok,,,"decompyle3:error:# decompyle3 version 3.9.3 # Python bytecode version base 3.14 (3627) # Decompiled from: Python 3.14.5 (main, Jun 2 2026, 22:25:17) [Clang 22.1.3 ] # Embedded file name: data-rq3/cpython-3.14/unittest_seeds/raw/cpython_case_test_source_e...;pylingual:error:──────────────────────────────────────────────────────────────────────────────── ,ggggggggggg, ,gggg, dP""""""88""""""""""""Y8, d8"" ""8I ,dPYb, Yb, 88 `8b 88 ,dP IP'`Yb `"" 88 ,8P 8888888P"" gg I8 8I 88aaaad8P"" 88 """" I8 8' 88""""""""""gg gg 88 gg ,ggg,,g...",decompyle3:not_run:;pylingual:not_run:
cpython-314,data/rq3/cpython-3.14/unique_bug_pyc/cpython-314-57ec8cbdbfdc.pyc,unconfirmed,original bytecode status ok:,ok,,,"decompyle3:error:# decompyle3 version 3.9.3 # Python bytecode version base 3.14 (3627) # Decompiled from: Python 3.14.5 (main, Jun 2 2026, 22:25:17) [Clang 22.1.3 ] # Embedded file name: data/rq3/cpython-3.14/unittest_seeds/raw/cpython_case_test_venv_Bas...;pylingual:error:──────────────────────────────────────────────────────────────────────────────── ,ggggggggggg, ,gggg, dP""""""88""""""""""""Y8, d8"" ""8I ,dPYb, Yb, 88 `8b 88 ,dP IP'`Yb `"" 88 ,8P 8888888P"" gg I8 8I 88aaaad8P"" 88 """" I8 8' 88""""""""""gg gg 88 gg ,ggg,,g...",decompyle3:not_run:;pylingual:not_run:
cpython-314,data/rq3/cpython-3.14/unique_bug_pyc/cpython-314-58a01e278deb.pyc,unconfirmed,original bytecode status ok:,ok,,,"decompyle3:error:# decompyle3 version 3.9.3 # Python bytecode version base 3.14 (3627) # Decompiled from: Python 3.14.5 (main, Jun 2 2026, 22:25:17) [Clang 22.1.3 ] # Embedded file name: data/rq3/cpython-3.14/unittest_seeds/raw/cpython_case_test_descr_Cl...;pylingual:error:──────────────────────────────────────────────────────────────────────────────── ,ggggggggggg, ,gggg, dP""""""88""""""""""""Y8, d8"" ""8I ,dPYb, Yb, 88 `8b 88 ,dP IP'`Yb `"" 88 ,8P 8888888P"" gg I8 8I 88aaaad8P"" 88 """" I8 8' 88""""""""""gg gg 88 gg ,ggg,,g...",decompyle3:not_run:;pylingual:not_run:
cpython-314,data/rq3/cpython-3.14/unique_bug_pyc/cpython-314-5ba1c64cb0c6.pyc,unconfirmed,original bytecode status ok:,ok,,,"decompyle3:error:# decompyle3 version 3.9.3 # Python bytecode version base 3.14 (3627) # Decompiled from: Python 3.14.5 (main, Jun 2 2026, 22:25:17) [Clang 22.1.3 ] # Embedded file name: data/rq3/cpython-3.14/unittest_seeds/raw/cpython_case_test_exceptio...;pylingual:error:──────────────────────────────────────────────────────────────────────────────── ,ggggggggggg, ,gggg, dP""""""88""""""""""""Y8, d8"" ""8I ,dPYb, Yb, 88 `8b 88 ,dP IP'`Yb `"" 88 ,8P 8888888P"" gg I8 8I 88aaaad8P"" 88 """" I8 8' 88""""""""""gg gg 88 gg ,ggg,,g...",decompyle3:not_run:;pylingual:not_run:
cpython-314,data/rq3/cpython-3.14/unique_bug_pyc/cpython-314-5dc3bba5650a.pyc,no_source,"# decompyle3 version 3.9.3 # Python bytecode version base 3.14 (3627) # Decompiled from: Python 3.14.5 (main, Jun 2 2026, 22:25:17) [Clang 22.1.3 ] # Embedded file name: data/rq3/cpython-3.14/unittest_seeds/raw/cpython_case_test_source_e...",crash,signal_11:,,"decompyle3:error:# decompyle3 version 3.9.3 # Python bytecode version base 3.14 (3627) # Decompiled from: Python 3.14.5 (main, Jun 2 2026, 22:25:17) [Clang 22.1.3 ] # Embedded file name: data/rq3/cpython-3.14/unittest_seeds/raw/cpython_case_test_source_e...;pylingual:error:──────────────────────────────────────────────────────────────────────────────── ,ggggggggggg, ,gggg, dP""""""88""""""""""""Y8, d8"" ""8I ,dPYb, Yb, 88 `8b 88 ,dP IP'`Yb `"" 88 ,8P 8888888P"" gg I8 8I 88aaaad8P"" 88 """" I8 8' 88""""""""""gg gg 88 gg ,ggg,,g...",decompyle3:not_run:;pylingual:not_run:
cpython-314,data/rq3/cpython-3.14/unique_bug_pyc/cpython-314-5e18894b0b71.pyc,no_source,"# decompyle3 version 3.9.3 # Python bytecode version base 3.14 (3627) # Decompiled from: Python 3.14.5 (main, Jun 2 2026, 22:25:17) [Clang 22.1.3 ] # Embedded file name: data/rq3/cpython-3.14/unittest_seeds/raw/cpython_case_test\\0\\0\\0\\0\\0\\0\\0\\0_...",crash,signal_11:,,"decompyle3:error:# decompyle3 version 3.9.3 # Python bytecode version base 3.14 (3627) # Decompiled from: Python 3.14.5 (main, Jun 2 2026, 22:25:17) [Clang 22.1.3 ] # Embedded file name: data/rq3/cpython-3.14/unittest_seeds/raw/cpython_case_test\\0\\0\\0\\0\\0\\0\\0\\0_...;pylingual:error:──────────────────────────────────────────────────────────────────────────────── ,ggggggggggg, ,gggg, dP""""""88""""""""""""Y8, d8"" ""8I ,dPYb, Yb, 88 `8b 88 ,dP IP'`Yb `"" 88 ,8P 8888888P"" gg I8 8I 88aaaad8P"" 88 """" I8 8' 88""""""""""gg gg 88 gg ,ggg,,g...",decompyle3:not_run:;pylingual:not_run:
cpython-314,data/rq3/cpython-3.14/unique_bug_pyc/cpython-314-5f36f6197104.pyc,no_source,"# decompyle3 version 3.9.3 # Python bytecode version base 3.14 (3627) # Decompiled from: Python 3.14.5 (main, Jun 2 2026, 22:25:17) [Clang 22.1.3 ] # Embedded file name: data/rq3/cpython-3.1../nittest_seeds/raw/cpython_case_test_set_Test...",crash,signal_11:,,"decompyle3:error:# decompyle3 version 3.9.3 # Python bytecode version base 3.14 (3627) # Decompiled from: Python 3.14.5 (main, Jun 2 2026, 22:25:17) [Clang 22.1.3 ] # Embedded file name: data/rq3/cpython-3.1../nittest_seeds/raw/cpython_case_test_set_Test...;pylingual:error:──────────────────────────────────────────────────────────────────────────────── ,ggggggggggg, ,gggg, dP""""""88""""""""""""Y8, d8"" ""8I ,dPYb, Yb, 88 `8b 88 ,dP IP'`Yb `"" 88 ,8P 8888888P"" gg I8 8I 88aaaad8P"" 88 """" I8 8' 88""""""""""gg gg 88 gg ,ggg,,g...",decompyle3:not_run:;pylingual:not_run:
cpython-314,data/rq3/cpython-3.14/unique_bug_pyc/cpython-314-60a068ec2e9b.pyc,unconfirmed,original bytecode status ok:,ok,,,"decompyle3:error:# decompyle3 version 3.9.3 # Python bytecode version base 3.14 (3627) # Decompiled from: Python 3.14.5 (main, Jun 2 2026, 22:25:17) [Clang 22.1.3 ] # Embedded file name: data/rq3/cpython-3.14/unittest_seeds/raw/cpython_case_test_tarfile_...;pylingual:error:──────────────────────────────────────────────────────────────────────────────── ,ggggggggggg, ,gggg, dP""""""88""""""""""""Y8, d8"" ""8I ,dPYb, Yb, 88 `8b 88 ,dP IP'`Yb `"" 88 ,8P 8888888P"" gg I8 8I 88aaaad8P"" 88 """" I8 8' 88""""""""""gg gg 88 gg ,ggg,,g...",decompyle3:not_run:;pylingual:not_run:
cpython-314,data/rq3/cpython-3.14/unique_bug_pyc/cpython-314-6656c213349e.pyc,no_source,"# decompyle3 version 3.9.3 # Python bytecode version base 3.14 (3627) # Decompiled from: Python 3.14.5 (main, Jun 2 2026, 22:25:17) [Clang 22.1.3 ] # Embedded file name: data/rq3/cpython-3.14/unittest_seeds/raw/cpython_case_test_types_Ty...",crash,"signal_11:Traceback (most recent call last): File ""/home/awen/git/PybcSEC/PycLens/data/rq4/harness.py"", line 23, in <module> list(dis.Bytecode(code)) ~~~~^^^^^^^^^^^^^^^^^^^^ File ""/root/.local/share/uv/python/cpython-3.14.5-linux-x86_64-gnu/lib/p...",,"decompyle3:error:# decompyle3 version 3.9.3 # Python bytecode version base 3.14 (3627) # Decompiled from: Python 3.14.5 (main, Jun 2 2026, 22:25:17) [Clang 22.1.3 ] # Embedded file name: data/rq3/cpython-3.14/unittest_seeds/raw/cpython_case_test_types_Ty...;pylingual:error:──────────────────────────────────────────────────────────────────────────────── ,ggggggggggg, ,gggg, dP""""""88""""""""""""Y8, d8"" ""8I ,dPYb, Yb, 88 `8b 88 ,dP IP'`Yb `"" 88 ,8P 8888888P"" gg I8 8I 88aaaad8P"" 88 """" I8 8' 88""""""""""gg gg 88 gg ,ggg,,g...",decompyle3:not_run:;pylingual:not_run:
cpython-314,data/rq3/cpython-3.14/unique_bug_pyc/cpython-314-6960e4378938.pyc,unconfirmed,original bytecode status ok:,ok,,,"decompyle3:error:# decompyle3 version 3.9.3 # Python bytecode version base 3.14 (3627) # Decompiled from: Python 3.14.5 (main, Jun 2 2026, 22:25:17) [Clang 22.1.3 ] # Embedded file name: data/rq3/cpython-3.14/unittest_seeds/raw/cpython_case_test_pow_PowT...;pylingual:error:──────────────────────────────────────────────────────────────────────────────── ,ggggggggggg, ,gggg, dP""""""88""""""""""""Y8, d8"" ""8I ,dPYb, Yb, 88 `8b 88 ,dP IP'`Yb `"" 88 ,8P 8888888P"" gg I8 8I 88aaaad8P"" 88 """" I8 8' 88""""""""""gg gg 88 gg ,ggg,,g...",decompyle3:not_run:;pylingual:not_run:
cpython-314,data/rq3/cpython-3.14/unique_bug_pyc/cpython-314-6989597e4a59.pyc,no_source,"# decompyle3 version 3.9.3 # Python bytecode version base 3.14 (3627) # Decompiled from: Python 3.14.5 (main, Jun 2 2026, 22:25:17) [Clang 22.1.3 ] # Embedded file name: data/rq3/cpython-3.14/unittest_seeds/raw/cpython_case_test_enum_Tes...",crash,"signal_6:Fatal Python error: _TAIL_CALL_CACHE: Executing a cache. Python runtime state: initialized Current thread 0x00007336978b2740 [python] (most recent call first): File ""data/rq3/cpython-3.14/unittest_seeds/raw/cpython_case_test_enum_TestSpe...",,"decompyle3:error:# decompyle3 version 3.9.3 # Python bytecode version base 3.14 (3627) # Decompiled from: Python 3.14.5 (main, Jun 2 2026, 22:25:17) [Clang 22.1.3 ] # Embedded file name: data/rq3/cpython-3.14/unittest_seeds/raw/cpython_case_test_enum_Tes...;pylingual:error:──────────────────────────────────────────────────────────────────────────────── ,ggggggggggg, ,gggg, dP""""""88""""""""""""Y8, d8"" ""8I ,dPYb, Yb, 88 `8b 88 ,dP IP'`Yb `"" 88 ,8P 8888888P"" gg I8 8I 88aaaad8P"" 88 """" I8 8' 88""""""""""gg gg 88 gg ,ggg,,g...",decompyle3:not_run:;pylingual:not_run:
cpython-314,data/rq3/cpython-3.14/unique_bug_pyc/cpython-314-6a00dd534696.pyc,no_source,"# decompyle3 version 3.9.3 # Python bytecode version base 3.14 (3627) # Decompiled from: Python 3.14.5 (main, Jun 2 2026, 22:25:17) [Clang 22.1.3 ] # Embedded file name: data/rq3/cpython-3.14/unittest_seeds/raw/cpython_case_test_patma_Te...",crash,signal_11:,,"decompyle3:error:# decompyle3 version 3.9.3 # Python bytecode version base 3.14 (3627) # Decompiled from: Python 3.14.5 (main, Jun 2 2026, 22:25:17) [Clang 22.1.3 ] # Embedded file name: data/rq3/cpython-3.14/unittest_seeds/raw/cpython_case_test_patma_Te...;pylingual:error:──────────────────────────────────────────────────────────────────────────────── ,ggggggggggg, ,gggg, dP""""""88""""""""""""Y8, d8"" ""8I ,dPYb, Yb, 88 `8b 88 ,dP IP'`Yb `"" 88 ,8P 8888888P"" gg I8 8I 88aaaad8P"" 88 """" I8 8' 88""""""""""gg gg 88 gg ,ggg,,g...",decompyle3:not_run:;pylingual:not_run:
cpython-314,data/rq3/cpython-3.14/unique_bug_pyc/cpython-314-6a6c8f0a6c53.pyc,unconfirmed,original bytecode status ok:,ok,,,"decompyle3:error:# decompyle3 version 3.9.3 # Python bytecode version base 3.14 (3627) # Decompiled from: Python 3.14.5 (main, Jun 2 2026, 22:25:17) [Clang 22.1.3 ] # Embedded file name: data/rq3/cpython-3.14/unittest_seeds/raw/cpython_case_test_raise_Te...;pylingual:error:──────────────────────────────────────────────────────────────────────────────── ,ggggggggggg, ,gggg, dP""""""88""""""""""""Y8, d8"" ""8I ,dPYb, Yb, 88 `8b 88 ,dP IP'`Yb `"" 88 ,8P 8888888P"" gg I8 8I 88aaaad8P"" 88 """" I8 8' 88""""""""""gg gg 88 gg ,ggg,,g...",decompyle3:not_run:;pylingual:not_run:
cpython-314,data/rq3/cpython-3.14/unique_bug_pyc/cpython-314-6e124de3e719.pyc,no_source,"# decompyle3 version 3.9.3 # Python bytecode version base 3.14 (3627) # Decompiled from: Python 3.14.5 (main, Jun 2 2026, 22:25:17) [Clang 22.1.3 ] # Embedded file name: data/rq3/cpython-3.14/unittest_seeds/raw/cpython_case_test_opcache_...",crash,signal_11:,,"decompyle3:error:# decompyle3 version 3.9.3 # Python bytecode version base 3.14 (3627) # Decompiled from: Python 3.14.5 (main, Jun 2 2026, 22:25:17) [Clang 22.1.3 ] # Embedded file name: data/rq3/cpython-3.14/unittest_seeds/raw/cpython_case_test_opcache_...;pylingual:error:──────────────────────────────────────────────────────────────────────────────── ,ggggggggggg, ,gggg, dP""""""88""""""""""""Y8, d8"" ""8I ,dPYb, Yb, 88 `8b 88 ,dP IP'`Yb `"" 88 ,8P 8888888P"" gg I8 8I 88aaaad8P"" 88 """" I8 8' 88""""""""""gg gg 88 gg ,ggg,,g...",decompyle3:not_run:;pylingual:not_run:
cpython-314,data/rq3/cpython-3.14/unique_bug_pyc/cpython-314-6f6560ae3e00.pyc,unconfirmed,original bytecode status ok:,ok,,,"decompyle3:error:# decompyle3 version 3.9.3 # Python bytecode version base 3.14 (3627) # Decompiled from: Python 3.14.5 (main, Jun 2 2026, 22:25:17) [Clang 22.1.3 ] # Embedded file name: data/rq3/cpython-3.14/unittest_seeds/raw/cpython_case_test_compiler...;pylingual:error:──────────────────────────────────────────────────────────────────────────────── ,ggggggggggg, ,gggg, dP""""""88""""""""""""Y8, d8"" ""8I ,dPYb, Yb, 88 `8b 88 ,dP IP'`Yb `"" 88 ,8P 8888888P"" gg I8 8I 88aaaad8P"" 88 """" I8 8' 88""""""""""gg gg 88 gg ,ggg,,g...",decompyle3:not_run:;pylingual:not_run:
cpython-314,data/rq3/cpython-3.14/unique_bug_pyc/cpython-314-6f676d5713c8.pyc,unconfirmed,original bytecode status ok:,ok,,,"decompyle3:error:# decompyle3 version 3.9.3 # Python bytecode version base 3.14 (3627) # Decompiled from: Python 3.14.5 (main, Jun 2 2026, 22:25:17) [Clang 22.1.3 ] # Embedded file name: data/rq3/cpython-3.14/unittest_seeds/raw/cpython_case_test_yield_fr...;pylingual:error:──────────────────────────────────────────────────────────────────────────────── ,ggggggggggg, ,gggg, dP""""""88""""""""""""Y8, d8"" ""8I ,dPYb, Yb, 88 `8b 88 ,dP IP'`Yb `"" 88 ,8P 8888888P"" gg I8 8I 88aaaad8P"" 88 """" I8 8' 88""""""""""gg gg 88 gg ,ggg,,g...",decompyle3:not_run:;pylingual:not_run:
cpython-314,data/rq3/cpython-3.14/unique_bug_pyc/cpython-314-721f4c39495d.pyc,no_source,"# decompyle3 version 3.9.3 # Python bytecode version base 3.14 (3627) # Decompiled from: Python 3.14.5 (main, Jun 2 2026, 22:25:17) [Clang 22.1.3 ] # Embedded file name: data/rq3/cpython-3.14/unittest_seeds/raw/cpython_case_test_tarfile_...",crash,signal_11:,,"decompyle3:error:# decompyle3 version 3.9.3 # Python bytecode version base 3.14 (3627) # Decompiled from: Python 3.14.5 (main, Jun 2 2026, 22:25:17) [Clang 22.1.3 ] # Embedded file name: data/rq3/cpython-3.14/unittest_seeds/raw/cpython_case_test_tarfile_...;pylingual:error:──────────────────────────────────────────────────────────────────────────────── ,ggggggggggg, ,gggg, dP""""""88""""""""""""Y8, d8"" ""8I ,dPYb, Yb, 88 `8b 88 ,dP IP'`Yb `"" 88 ,8P 8888888P"" gg I8 8I 88aaaad8P"" 88 """" I8 8' 88""""""""""gg gg 88 gg ,ggg,,g...",decompyle3:not_run:;pylingual:not_run:
cpython-314,data/rq3/cpython-3.14/unique_bug_pyc/cpython-314-72c705318ba7.pyc,unconfirmed,original bytecode status ok:,ok,,,"decompyle3:error:# decompyle3 version 3.9.3 # Python bytecode version base 3.14 (3627) # Decompiled from: Python 3.14.5 (main, Jun 2 2026, 22:25:17) [Clang 22.1.3 ] # Embedded file name: data/rq3/cpython-3.14/unittest_seeds/raw/cpython_case_test_urllib_u...;pylingual:error:──────────────────────────────────────────────────────────────────────────────── ,ggggggggggg, ,gggg, dP""""""88""""""""""""Y8, d8"" ""8I ,dPYb, Yb, 88 `8b 88 ,dP IP'`Yb `"" 88 ,8P 8888888P"" gg I8 8I 88aaaad8P"" 88 """" I8 8' 88""""""""""gg gg 88 gg ,ggg,,g...",decompyle3:not_run:;pylingual:not_run:
cpython-314,data/rq3/cpython-3.14/unique_bug_pyc/cpython-314-7631ed736457.pyc,unconfirmed,original bytecode status ok:,ok,,,"decompyle3:error:# decompyle3 version 3.9.3 # Python bytecode version base 3.14 (3627) # Decompiled from: Python 3.14.5 (main, Jun 2 2026, 22:25:17) [Clang 22.1.3 ] # Embedded file name: data/rq3/cpython-3.14/unittest_seeds/ra¬¼ðython_case_test_colorsys...;pylingual:error:──────────────────────────────────────────────────────────────────────────────── ,ggggggggggg, ,gggg, dP""""""88""""""""""""Y8, d8"" ""8I ,dPYb, Yb, 88 `8b 88 ,dP IP'`Yb `"" 88 ,8P 8888888P"" gg I8 8I 88aaaad8P"" 88 """" I8 8' 88""""""""""gg gg 88 gg ,ggg,,g...",decompyle3:not_run:;pylingual:not_run:
cpython-314,data/rq3/cpython-3.14/unique_bug_pyc/cpython-314-77d93e6b2d51.pyc,no_source,"# decompyle3 version 3.9.3 # Python bytecode version base 3.14 (3627) # Decompiled from: Python 3.14.5 (main, Jun 2 2026, 22:25:17) [Clang 22.1.3 ] # Embedded file name: data/rq3/cpython-3.14/unittest_seeds/raw/cpython_case_test_unparse_...",crash,signal_11:,,"decompyle3:error:# decompyle3 version 3.9.3 # Python bytecode version base 3.14 (3627) # Decompiled from: Python 3.14.5 (main, Jun 2 2026, 22:25:17) [Clang 22.1.3 ] # Embedded file name: data/rq3/cpython-3.14/unittest_seeds/raw/cpython_case_test_unparse_...;pylingual:error:──────────────────────────────────────────────────────────────────────────────── ,ggggggggggg, ,gggg, dP""""""88""""""""""""Y8, d8"" ""8I ,dPYb, Yb, 88 `8b 88 ,dP IP'`Yb `"" 88 ,8P 8888888P"" gg I8 8I 88aaaad8P"" 88 """" I8 8' 88""""""""""gg gg 88 gg ,ggg,,g...",decompyle3:not_run:;pylingual:not_run:
cpython-314,data/rq3/cpython-3.14/unique_bug_pyc/cpython-314-7a6c21b1ab20.pyc,unconfirmed,original bytecode status ok:,ok,,,"decompyle3:error:# decompyle3 version 3.9.3 # Python bytecode version base 3.14 (3627) # Decompiled from: Python 3.14.5 (main, Jun 2 2026, 22:25:17) [Clang 22.1.3 ] # Embedded file name: data/rq3/cpython-3.14/unittest_seeds/raw/cpython_case_test_dict_Dic...;pylingual:error:──────────────────────────────────────────────────────────────────────────────── ,ggggggggggg, ,gggg, dP""""""88""""""""""""Y8, d8"" ""8I ,dPYb, Yb, 88 `8b 88 ,dP IP'`Yb `"" 88 ,8P 8888888P"" gg I8 8I 88aaaad8P"" 88 """" I8 8' 88""""""""""gg gg 88 gg ,ggg,,g...",decompyle3:not_run:;pylingual:not_run:
cpython-314,data/rq3/cpython-3.14/unique_bug_pyc/cpython-314-7c13f82af3e8.pyc,no_source,"# decompyle3 version 3.9.3 # Python bytecode version base 3.14 (3627) # Decompiled from: Python 3.14.5 (main, Jun 2 2026, 22:25:17) [Clang 22.1.3 ] # Embedded file name: data/rq3/cpython-3.14/unittest_seeds/raw/cpython_case_test_posixpat...",crash,signal_11:,,"decompyle3:error:# decompyle3 version 3.9.3 # Python bytecode version base 3.14 (3627) # Decompiled from: Python 3.14.5 (main, Jun 2 2026, 22:25:17) [Clang 22.1.3 ] # Embedded file name: data/rq3/cpython-3.14/unittest_seeds/raw/cpython_case_test_posixpat...;pylingual:error:──────────────────────────────────────────────────────────────────────────────── ,ggggggggggg, ,gggg, dP""""""88""""""""""""Y8, d8"" ""8I ,dPYb, Yb, 88 `8b 88 ,dP IP'`Yb `"" 88 ,8P 8888888P"" gg I8 8I 88aaaad8P"" 88 """" I8 8' 88""""""""""gg gg 88 gg ,ggg,,g...",decompyle3:not_run:;pylingual:not_run:
cpython-314,data/rq3/cpython-3.14/unique_bug_pyc/cpython-314-81c2d2f52663.pyc,unconfirmed,original bytecode status ok:,ok,,,"decompyle3:error:# decompyle3 version 3.9.3 # Python bytecode version base 3.14 (3627) # Decompiled from: Python 3.14.5 (main, Jun 2 2026, 22:25:17) [Clang 22.1.3 ] # Embedded file name: data/rq3/cpython-3.14/unittest_seeds/raw/cpython_case_test_asyncgen...;pylingual:error:──────────────────────────────────────────────────────────────────────────────── ,ggggggggggg, ,gggg, dP""""""88""""""""""""Y8, d8"" ""8I ,dPYb, Yb, 88 `8b 88 ,dP IP'`Yb `"" 88 ,8P 8888888P"" gg I8 8I 88aaaad8P"" 88 """" I8 8' 88""""""""""gg gg 88 gg ,ggg,,g...",decompyle3:not_run:;pylingual:not_run:
cpython-314,data/rq3/cpython-3.14/unique_bug_pyc/cpython-314-84cd65d4d68a.pyc,unconfirmed,original bytecode status ok:,ok,,,"decompyle3:error:# decompyle3 version 3.9.3 # Python bytecode version base 3.14 (3627) # Decompiled from: Python 3.14.5 (main, Jun 2 2026, 22:25:17) [Clang 22.1.3 ] # Embedded file name: data/rq3/cpython-3.14/unittest_seeds/raw/cpython_case_test_set_Test...;pylingual:error:──────────────────────────────────────────────────────────────────────────────── ,ggggggggggg, ,gggg, dP""""""88""""""""""""Y8, d8"" ""8I ,dPYb, Yb, 88 `8b 88 ,dP IP'`Yb `"" 88 ,8P 8888888P"" gg I8 8I 88aaaad8P"" 88 """" I8 8' 88""""""""""gg gg 88 gg ,ggg,,g...",decompyle3:not_run:;pylingual:not_run:
cpython-314,data/rq3/cpython-3.14/unique_bug_pyc/cpython-314-84f9f5f13c48.pyc,no_source,"# decompyle3 version 3.9.3 # Python bytecode version base 3.14 (3627) # Decompiled from: Python 3.14.5 (main, Jun 2 2026, 22:25:17) [Clang 22.1.3 ] # Embedded file name: data/rq3/cpython-3.14/unittest_seeds/rbw/cpython_case_test_exceptio...",crash,signal_11:,,"decompyle3:error:# decompyle3 version 3.9.3 # Python bytecode version base 3.14 (3627) # Decompiled from: Python 3.14.5 (main, Jun 2 2026, 22:25:17) [Clang 22.1.3 ] # Embedded file name: data/rq3/cpython-3.14/unittest_seeds/rbw/cpython_case_test_exceptio...;pylingual:error:──────────────────────────────────────────────────────────────────────────────── ,ggggggggggg, ,gggg, dP""""""88""""""""""""Y8, d8"" ""8I ,dPYb, Yb, 88 `8b 88 ,dP IP'`Yb `"" 88 ,8P 8888888P"" gg I8 8I 88aaaad8P"" 88 """" I8 8' 88""""""""""gg gg 88 gg ,ggg,,g...",decompyle3:not_run:;pylingual:not_run:
cpython-314,data/rq3/cpython-3.14/unique_bug_pyc/cpython-314-85f31b2909d5.pyc,unconfirmed,original bytecode status ok:,ok,,,"decompyle3:error:# decompyle3 version 3.9.3 # Python bytecode version base 3.14 (3627) # Decompiled from: Python 3.14.5 (main, Jun 2 2026, 22:25:17) [Clang 22.1.3 ] # Embedded file name: data/rq3/cpython-3.14/unittest_seeds/raw/cpython_case_test_picklebu...;pylingual:error:──────────────────────────────────────────────────────────────────────────────── ,ggggggggggg, ,gggg, dP""""""88""""""""""""Y8, d8"" ""8I ,dPYb, Yb, 88 `8b 88 ,dP IP'`Yb `"" 88 ,8P 8888888P"" gg I8 8I 88aaaad8P"" 88 """" I8 8' 88""""""""""gg gg 88 gg ,ggg,,g...",decompyle3:not_run:;pylingual:not_run:
cpython-314,data/rq3/cpython-3.14/unique_bug_pyc/cpython-314-88347ca21998.pyc,no_source,"# decompyle3 version 3.9.3 # Python bytecode version base 3.14 (3627) # Decompiled from: Python 3.14.5 (main, Jun 2 2026, 22:25:17) [Clang 22.1.3 ] # Embedded file name: data/rq3/cpython-3.14/unittest_seeds/raw/cpython_case_test_hashlib_...",crash,signal_11:,,"decompyle3:error:# decompyle3 version 3.9.3 # Python bytecode version base 3.14 (3627) # Decompiled from: Python 3.14.5 (main, Jun 2 2026, 22:25:17) [Clang 22.1.3 ] # Embedded file name: data/rq3/cpython-3.14/unittest_seeds/raw/cpython_case_test_hashlib_...;pylingual:error:──────────────────────────────────────────────────────────────────────────────── ,ggggggggggg, ,gggg, dP""""""88""""""""""""Y8, d8"" ""8I ,dPYb, Yb, 88 `8b 88 ,dP IP'`Yb `"" 88 ,8P 8888888P"" gg I8 8I 88aaaad8P"" 88 """" I8 8' 88""""""""""gg gg 88 gg ,ggg,,g...",decompyle3:not_run:;pylingual:not_run:
cpython-314,data/rq3/cpython-3.14/unique_bug_pyc/cpython-314-89a398fea635.pyc,unconfirmed,original bytecode status ok:,ok,,,"decompyle3:error:# decompyle3 version 3.9.3 # Python bytecode version base 3.14 (3627) # Decompiled from: Python 3.14.5 (main, Jun 2 2026, 22:25:17) [Clang 22.1.3 ] # Embedded file name: data/rq3/cpython-3.14/unittest_seeds/raw/cpython_case_test_set_Test...;pylingual:error:──────────────────────────────────────────────────────────────────────────────── ,ggggggggggg, ,gggg, dP""""""88""""""""""""Y8, d8"" ""8I ,dPYb, Yb, 88 `8b 88 ,dP IP'`Yb `"" 88 ,8P 8888888P"" gg I8 8I 88aaaad8P"" 88 """" I8 8' 88""""""""""gg gg 88 gg ,ggg,,g...",decompyle3:not_run:;pylingual:not_run:
cpython-314,data/rq3/cpython-3.14/unique_bug_pyc/cpython-314-8b8b47fe3052.pyc,unconfirmed,original bytecode status ok:,ok,,,"decompyle3:error:# decompyle3 version 3.9.3 # Python bytecode version base 3.14 (3627) # Decompiled from: Python 3.14.5 (main, Jun 2 2026, 22:25:17) [Clang 22.1.3 ] # Embedded file name: data/rq3/cpython-3.14/unittest_seeds/raw/cpython_case_test_gc_GCTes...;pylingual:error:──────────────────────────────────────────────────────────────────────────────── ,ggggggggggg, ,gggg, dP""""""88""""""""""""Y8, d8"" ""8I ,dPYb, Yb, 88 `8b 88 ,dP IP'`Yb `"" 88 ,8P 8888888P"" gg I8 8I 88aaaad8P"" 88 """" I8 8' 88""""""""""gg gg 88 gg ,ggg,,g...",decompyle3:not_run:;pylingual:not_run:
cpython-314,data/rq3/cpython-3.14/unique_bug_pyc/cpython-314-8c80b6523cbf.pyc,no_source,"# decompyle3 version 3.9.3 # Python bytecode version base 3.14 (3627) # Decompiled from: Python 3.14.5 (main, Jun 2 2026, 22:25:17) [Clang 22.1.3 ] # Embedded file name: data/rq3/cpython-3.14/unittest_seeds/raw/cpython_case_test_xmlrpc_D...",crash,signal_11:,,"decompyle3:error:# decompyle3 version 3.9.3 # Python bytecode version base 3.14 (3627) # Decompiled from: Python 3.14.5 (main, Jun 2 2026, 22:25:17) [Clang 22.1.3 ] # Embedded file name: data/rq3/cpython-3.14/unittest_seeds/raw/cpython_case_test_xmlrpc_D...;pylingual:error:──────────────────────────────────────────────────────────────────────────────── ,ggggggggggg, ,gggg, dP""""""88""""""""""""Y8, d8"" ""8I ,dPYb, Yb, 88 `8b 88 ,dP IP'`Yb `"" 88 ,8P 8888888P"" gg I8 8I 88aaaad8P"" 88 """" I8 8' 88""""""""""gg gg 88 gg ,ggg,,g...",decompyle3:not_run:;pylingual:not_run:
cpython-314,data/rq3/cpython-3.14/unique_bug_pyc/cpython-314-8dd38acbef98.pyc,no_source,"# decompyle3 version 3.9.3 # Python bytecode version base 3.14 (3627) # Decompiled from: Python 3.14.5 (main, Jun 2 2026, 22:25:17) [Clang 22.1.3 ] # Embedded file name: data/rq3/cpython-3.14/unittest_seeds/raw/cpython_case_test_decimal_...",crash,signal_11:,,"decompyle3:error:# decompyle3 version 3.9.3 # Python bytecode version base 3.14 (3627) # Decompiled from: Python 3.14.5 (main, Jun 2 2026, 22:25:17) [Clang 22.1.3 ] # Embedded file name: data/rq3/cpython-3.14/unittest_seeds/raw/cpython_case_test_decimal_...;pylingual:error:──────────────────────────────────────────────────────────────────────────────── ,ggggggggggg, ,gggg, dP""""""88""""""""""""Y8, d8"" ""8I ,dPYb, Yb, 88 `8b 88 ,dP IP'`Yb `"" 88 ,8P 8888888P"" gg I8 8I 88aaaad8P"" 88 """" I8 8' 88""""""""""gg gg 88 gg ,ggg,,g...",decompyle3:not_run:;pylingual:not_run:
cpython-314,data/rq3/cpython-3.14/unique_bug_pyc/cpython-314-8eedf87ba074.pyc,unconfirmed,original bytecode status ok:,ok,,,"decompyle3:exit_2:/home/awen/git/PybcSEC/PycLens/data/rq2/envs/cpython-314/lib/python3.14/site-packages/click/core.py:1307: UserWarning: The parameter --version is used more than once. Remove its duplicate as parameters should be unique. parser = self.mak...;pylingual:error:──────────────────────────────────────────────────────────────────────────────── ,ggggggggggg, ,gggg, dP""""""88""""""""""""Y8, d8"" ""8I ,dPYb, Yb, 88 `8b 88 ,dP IP'`Yb `"" 88 ,8P 8888888P"" gg I8 8I 88aaaad8P"" 88 """" I8 8' 88""""""""""gg gg 88 gg ,ggg,,g...",decompyle3:not_run:;pylingual:not_run:
cpython-314,data/rq3/cpython-3.14/unique_bug_pyc/cpython-314-8f2c998ac5d7.pyc,unconfirmed,original bytecode status ok:,ok,,,"decompyle3:error:# decompyle3 version 3.9.3 # Python bytecode version base 3.14 (3627) # Decompiled from: Python 3.14.5 (main, Jun 2 2026, 22:25:17) [Clang 22.1.3 ] # Embedded file name: data/rq3/cpython-3.14/unittest_seeds/raw/cpython_case_test_types_Ty...;pylingual:error:──────────────────────────────────────────────────────────────────────────────── ,ggggggggggg, ,gggg, dP""""""88""""""""""""Y8, d8"" ""8I ,dPYb, Yb, 88 `8b 88 ,dP IP'`Yb `"" 88 ,8P 8888888P"" gg I8 8I 88aaaad8P"" 88 """" I8 8' 88""""""""""gg gg 88 gg ,ggg,,g...",decompyle3:not_run:;pylingual:not_run:
cpython-314,data/rq3/cpython-3.14/unique_bug_pyc/cpython-314-921c50665222.pyc,no_source,"# decompyle3 version 3.9.3 # Python bytecode version base 3.14 (3627) # Decompiled from: Python 3.14.5 (main, Jun 2 2026, 22:25:17) [Clang 22.1.3 ] # Embedded file name: data/rq3/cpython-3.14/unittest_seeds/raw/cpython_case_test_logging_...",crash,signal_11:,,"decompyle3:error:# decompyle3 version 3.9.3 # Python bytecode version base 3.14 (3627) # Decompiled from: Python 3.14.5 (main, Jun 2 2026, 22:25:17) [Clang 22.1.3 ] # Embedded file name: data/rq3/cpython-3.14/unittest_seeds/raw/cpython_case_test_logging_...;pylingual:error:──────────────────────────────────────────────────────────────────────────────── ,ggggggggggg, ,gggg, dP""""""88""""""""""""Y8, d8"" ""8I ,dPYb, Yb, 88 `8b 88 ,dP IP'`Yb `"" 88 ,8P 8888888P"" gg I8 8I 88aaaad8P"" 88 """" I8 8' 88""""""""""gg gg 88 gg ,ggg,,g...",decompyle3:not_run:;pylingual:not_run:
cpython-314,data/rq3/cpython-3.14/unique_bug_pyc/cpython-314-93a43115c07d.pyc,no_source,"# decompyle3 version 3.9.3 # Python bytecode version base 3.14 (3627) # Decompiled from: Python 3.14.5 (main, Jun 2 2026, 22:25:17) [Clang 22.1.3 ] # Embedded file name: data/rq3/cpython-3.14/unittest_seeds/raw/cpython_case_test_abc_test...",crash,signal_11:,,"decompyle3:error:# decompyle3 version 3.9.3 # Python bytecode version base 3.14 (3627) # Decompiled from: Python 3.14.5 (main, Jun 2 2026, 22:25:17) [Clang 22.1.3 ] # Embedded file name: data/rq3/cpython-3.14/unittest_seeds/raw/cpython_case_test_abc_test...;pylingual:error:──────────────────────────────────────────────────────────────────────────────── ,ggggggggggg, ,gggg, dP""""""88""""""""""""Y8, d8"" ""8I ,dPYb, Yb, 88 `8b 88 ,dP IP'`Yb `"" 88 ,8P 8888888P"" gg I8 8I 88aaaad8P"" 88 """" I8 8' 88""""""""""gg gg 88 gg ,ggg,,g...",decompyle3:not_run:;pylingual:not_run:
cpython-314,data/rq3/cpython-3.14/unique_bug_pyc/cpython-314-958163a0f55b.pyc,unconfirmed,original bytecode status ok:,ok,,,"decompyle3:error:# decompyle3 version 3.9.3 # Python bytecode version base 3.14 (3627) # Decompiled from: Python 3.14.5 (main, Jun 2 2026, 22:25:17) [Clang 22.1.3 ] # Embedded file name: data/rq3/cpython-3.14/unittest_seeds/raw/cpython_case_test_range_Ra...;pylingual:error:──────────────────────────────────────────────────────────────────────────────── ,ggggggggggg, ,gggg, dP""""""88""""""""""""Y8, d8"" ""8I ,dPYb, Yb, 88 `8b 88 ,dP IP'`Yb `"" 88 ,8P 8888888P"" gg I8 8I 88aaaad8P"" 88 """" I8 8' 88""""""""""gg gg 88 gg ,ggg,,g...",decompyle3:not_run:;pylingual:not_run:
cpython-314,data/rq3/cpython-3.14/unique_bug_pyc/cpython-314-963caa8cb959.pyc,unconfirmed,original bytecode status ok:,ok,,,"decompyle3:error:# decompyle3 version 3.9.3 # Python bytecode version base 3.14 (3627) # Decompiled from: Python 3.14.5 (main, Jun 2 2026, 22:25:17) [Clang 22.1.3 ] # Embedded file name: data/rq3/cpython-3.14/unittest_seeds/raw/cpython_case_test_yield_fr...;pylingual:error:──────────────────────────────────────────────────────────────────────────────── ,ggggggggggg, ,gggg, dP""""""88""""""""""""Y8, d8"" ""8I ,dPYb, Yb, 88 `8b 88 ,dP IP'`Yb `"" 88 ,8P 8888888P"" gg I8 8I 88aaaad8P"" 88 """" I8 8' 88""""""""""gg gg 88 gg ,ggg,,g...",decompyle3:not_run:;pylingual:not_run:
cpython-314,data/rq3/cpython-3.14/unique_bug_pyc/cpython-314-9717c7b0223f.pyc,no_source,"# decompyle3 version 3.9.3 # Python bytecode version base 3.14 (3627) # Decompiled from: Python 3.14.5 (main, Jun 2 2026, 22:25:17) [Clang 22.1.3 ] # Embedded file name: data/rq3/cpython-3.14/unittest_seeds/raw/cpython_case_test_remote_p...",crash,signal_11:,,"decompyle3:error:# decompyle3 version 3.9.3 # Python bytecode version base 3.14 (3627) # Decompiled from: Python 3.14.5 (main, Jun 2 2026, 22:25:17) [Clang 22.1.3 ] # Embedded file name: data/rq3/cpython-3.14/unittest_seeds/raw/cpython_case_test_remote_p...;pylingual:error:──────────────────────────────────────────────────────────────────────────────── ,ggggggggggg, ,gggg, dP""""""88""""""""""""Y8, d8"" ""8I ,dPYb, Yb, 88 `8b 88 ,dP IP'`Yb `"" 88 ,8P 8888888P"" gg I8 8I 88aaaad8P"" 88 """" I8 8' 88""""""""""gg gg 88 gg ,ggg,,g...",decompyle3:not_run:;pylingual:not_run:
cpython-314,data/rq3/cpython-3.14/unique_bug_pyc/cpython-314-971defb42615.pyc,no_source,"# decompyle3 version 3.9.3 # Python bytecode version base 3.14 (3627) # Decompiled from: Python 3.14.5 (main, Jun 2 2026, 22:25:17) [Clang 22.1.3 ] # Embedded file name: data/rq3/cpython-3.14/unittest_seeds/raw/cpython_case_test_types_Ty...",crash,signal_11:,,"decompyle3:error:# decompyle3 version 3.9.3 # Python bytecode version base 3.14 (3627) # Decompiled from: Python 3.14.5 (main, Jun 2 2026, 22:25:17) [Clang 22.1.3 ] # Embedded file name: data/rq3/cpython-3.14/unittest_seeds/raw/cpython_case_test_types_Ty...;pylingual:error:──────────────────────────────────────────────────────────────────────────────── ,ggggggggggg, ,gggg, dP""""""88""""""""""""Y8, d8"" ""8I ,dPYb, Yb, 88 `8b 88 ,dP IP'`Yb `"" 88 ,8P 8888888P"" gg I8 8I 88aaaad8P"" 88 """" I8 8' 88""""""""""gg gg 88 gg ,ggg,,g...",decompyle3:not_run:;pylingual:not_run:
cpython-314,data/rq3/cpython-3.14/unique_bug_pyc/cpython-314-99d0f371ddda.pyc,unconfirmed,original bytecode status ok:,ok,,,"decompyle3:error:# decompyle3 version 3.9.3 # Python bytecode version base 3.14 (3627) # Decompiled from: Python 3.14.5 (main, Jun 2 2026, 22:25:17) [Clang 22.1.3 ] # Embedded file name: data/rq3/cpython-3.14/unittest_seeds/raw/cpython_case_test_xml_etre...;pylingual:error:──────────────────────────────────────────────────────────────────────────────── ,ggggggggggg, ,gggg, dP""""""88""""""""""""Y8, d8"" ""8I ,dPYb, Yb, 88 `8b 88 ,dP IP'`Yb `"" 88 ,8P 8888888P"" gg I8 8I 88aaaad8P"" 88 """" I8 8' 88""""""""""gg gg 88 gg ,ggg,,g...",decompyle3:not_run:;pylingual:not_run:
cpython-314,data/rq3/cpython-3.14/unique_bug_pyc/cpython-314-9b5a84390886.pyc,unconfirmed,original bytecode status ok:,ok,,,"decompyle3:error:# decompyle3 version 3.9.3 # Python bytecode version base 3.14 (3627) # Decompiled from: Python 3.14.5 (main, Jun 2 2026, 22:25:17) [Clang 22.1.3 ] # Embedded file name: data/rq3/cpython-3.14/unittest_seeds/raw/cpython_case_test__interpr...;pylingual:error:──────────────────────────────────────────────────────────────────────────────── ,ggggggggggg, ,gggg, dP""""""88""""""""""""Y8, d8"" ""8I ,dPYb, Yb, 88 `8b 88 ,dP IP'`Yb `"" 88 ,8P 8888888P"" gg I8 8I 88aaaad8P"" 88 """" I8 8' 88""""""""""gg gg 88 gg ,ggg,,g...",decompyle3:not_run:;pylingual:not_run:
cpython-314,data/rq3/cpython-3.14/unique_bug_pyc/cpython-314-9b8b8a5cb85e.pyc,no_source,/home/awen/git/PybcSEC/PycLens/data/rq2/envs/cpython-314/lib/python3.14/site-packages/click/core.py:1307: UserWarning: The parameter --version is used more than once. Remove its duplicate as parameters should be unique. parser = self.mak...,crash,"signal_6:Fatal Python error: _TAIL_CALL_CACHE: Executing a cache. Python runtime state: initialized Current thread 0x00007b7a25d01740 [python] (most recent call first): File ""data/rq3/cpython-3.14/unittest_seeds/raw/cpython_case_test_buffer_TestB...",,"decompyle3:exit_2:/home/awen/git/PybcSEC/PycLens/data/rq2/envs/cpython-314/lib/python3.14/site-packages/click/core.py:1307: UserWarning: The parameter --version is used more than once. Remove its duplicate as parameters should be unique. parser = self.mak...;pylingual:error:──────────────────────────────────────────────────────────────────────────────── ,ggggggggggg, ,gggg, dP""""""88""""""""""""Y8, d8"" ""8I ,dPYb, Yb, 88 `8b 88 ,dP IP'`Yb `"" 88 ,8P 8888888P"" gg I8 8I 88aaaad8P"" 88 """" I8 8' 88""""""""""gg gg 88 gg ,ggg,,g...",decompyle3:not_run:;pylingual:not_run:
cpython-314,data/rq3/cpython-3.14/unique_bug_pyc/cpython-314-9ed8e5b39c0d.pyc,unconfirmed,original bytecode status ok:,ok,,,"decompyle3:error:# decompyle3 version 3.9.3 # Python bytecode version base 3.14 (3627) # Decompiled from: Python 3.14.5 (main, Jun 2 2026, 22:25:17) [Clang 22.1.3 ] # Embedded file name: data/rq3/cpython-3.14/unittest_seeds/raw/cpython_case_test_enum__En...;pylingual:error:──────────────────────────────────────────────────────────────────────────────── ,ggggggggggg, ,gggg, dP""""""88""""""""""""Y8, d8"" ""8I ,dPYb, Yb, 88 `8b 88 ,dP IP'`Yb `"" 88 ,8P 8888888P"" gg I8 8I 88aaaad8P"" 88 """" I8 8' 88""""""""""gg gg 88 gg ,ggg,,g...",decompyle3:not_run:;pylingual:not_run:
cpython-314,data/rq3/cpython-3.14/unique_bug_pyc/cpython-314-9eed9ce8cf89.pyc,unconfirmed,original bytecode status ok:,ok,,,"decompyle3:error:# decompyle3 version 3.9.3 # Python bytecode version base 3.14 (3627) # Decompiled from: Python 3.14.5 (main, Jun 2 2026, 22:25:17) [Clang 22.1.3 ] # Embedded file name: data/rq3/cpython-3.14/unittest_seeds/raw/cpython_case_test_descr_Cl...;pylingual:error:──────────────────────────────────────────────────────────────────────────────── ,ggggggggggg, ,gggg, dP""""""88""""""""""""Y8, d8"" ""8I ,dPYb, Yb, 88 `8b 88 ,dP IP'`Yb `"" 88 ,8P 8888888P"" gg I8 8I 88aaaad8P"" 88 """" I8 8' 88""""""""""gg gg 88 gg ,ggg,,g...",decompyle3:not_run:;pylingual:not_run:
cpython-314,data/rq3/cpython-3.14/unique_bug_pyc/cpython-314-9ff90fa61c20.pyc,no_source,"# decompyle3 version 3.9.3 # Python bytecode version base 3.14 (3627) # Decompiled from: Python 3.14.5 (main, Jun 2 2026, 22:25:17) [Clang 22.1.3 ] # Embedded file name: data/rq3/cpython-3.14/unittest_seeds/raw/cpython_case_test_subproce...",crash,signal_11:,,"decompyle3:error:# decompyle3 version 3.9.3 # Python bytecode version base 3.14 (3627) # Decompiled from: Python 3.14.5 (main, Jun 2 2026, 22:25:17) [Clang 22.1.3 ] # Embedded file name: data/rq3/cpython-3.14/unittest_seeds/raw/cpython_case_test_subproce...;pylingual:error:──────────────────────────────────────────────────────────────────────────────── ,ggggggggggg, ,gggg, dP""""""88""""""""""""Y8, d8"" ""8I ,dPYb, Yb, 88 `8b 88 ,dP IP'`Yb `"" 88 ,8P 8888888P"" gg I8 8I 88aaaad8P"" 88 """" I8 8' 88""""""""""gg gg 88 gg ,ggg,,g...",decompyle3:not_run:;pylingual:not_run:
cpython-314,data/rq3/cpython-3.14/unique_bug_pyc/cpython-314-a25467872f80.pyc,unconfirmed,original bytecode status ok:,ok,,,"decompyle3:error:# decompyle3 version 3.9.3 # Python bytecode version base 3.14 (3627) # Decompiled from: Python 3.14.5 (main, Jun 2 2026, 22:25:17) [Clang 22.1.3 ] # Embedded file name: data/rq3/cpython-3.14/unittest_seeds/raw/cpython_case_test_bytes_By...;pylingual:error:──────────────────────────────────────────────────────────────────────────────── ,ggggggggggg, ,gggg, dP""""""88""""""""""""Y8, d8"" ""8I ,dPYb, Yb, 88 `8b 88 ,dP IP'`Yb `"" 88 ,8P 8888888P"" gg I8 8I 88aaaad8P"" 88 """" I8 8' 88""""""""""gg gg 88 gg ,ggg,,g...",decompyle3:not_run:;pylingual:not_run:
cpython-314,data/rq3/cpython-3.14/unique_bug_pyc/cpython-314-a39d85a8a874.pyc,no_source,"# decompyle3 version 3.9.3 # Python bytecode version base 3.14 (3627) # Decompiled from: Python 3.14.5 (main, Jun 2 2026, 22:25:17) [Clang 22.1.3 ] # Embedded file name: data/rq3/cpython-3.14/unittest_seeds/raw/cpython_case_test_os_Spawn...",crash,signal_11:,,"decompyle3:error:# decompyle3 version 3.9.3 # Python bytecode version base 3.14 (3627) # Decompiled from: Python 3.14.5 (main, Jun 2 2026, 22:25:17) [Clang 22.1.3 ] # Embedded file name: data/rq3/cpython-3.14/unittest_seeds/raw/cpython_case_test_os_Spawn...;pylingual:error:──────────────────────────────────────────────────────────────────────────────── ,ggggggggggg, ,gggg, dP""""""88""""""""""""Y8, d8"" ""8I ,dPYb, Yb, 88 `8b 88 ,dP IP'`Yb `"" 88 ,8P 8888888P"" gg I8 8I 88aaaad8P"" 88 """" I8 8' 88""""""""""gg gg 88 gg ,ggg,,g...",decompyle3:not_run:;pylingual:not_run:
cpython-314,data/rq3/cpython-3.14/unique_bug_pyc/cpython-314-a4da24606206.pyc,no_source,"# decompyle3 version 3.9.3 # Python bytecode version base 3.14 (3627) # Decompiled from: Python 3.14.5 (main, Jun 2 2026, 22:25:17) [Clang 22.1.3 ] # Embedded file name: data/rq3/cpython-3.14/unittest_seeds/raw/cpython_case_test_statisti...",crash,signal_11:,,"decompyle3:error:# decompyle3 version 3.9.3 # Python bytecode version base 3.14 (3627) # Decompiled from: Python 3.14.5 (main, Jun 2 2026, 22:25:17) [Clang 22.1.3 ] # Embedded file name: data/rq3/cpython-3.14/unittest_seeds/raw/cpython_case_test_statisti...;pylingual:error:──────────────────────────────────────────────────────────────────────────────── ,ggggggggggg, ,gggg, dP""""""88""""""""""""Y8, d8"" ""8I ,dPYb, Yb, 88 `8b 88 ,dP IP'`Yb `"" 88 ,8P 8888888P"" gg I8 8I 88aaaad8P"" 88 """" I8 8' 88""""""""""gg gg 88 gg ,ggg,,g...",decompyle3:not_run:;pylingual:not_run:
cpython-314,data/rq3/cpython-3.14/unique_bug_pyc/cpython-314-a5054adec2db.pyc,unconfirmed,original bytecode status ok:,ok,,,"decompyle3:error:# decompyle3 version 3.9.3 # Python bytecode version base 3.14 (3627) # Decompiled from: Python 3.14.5 (main, Jun 2 2026, 22:25:17) [Clang 22.1.3 ] # Embedded file name: datb/rq3/cpython-3.14/unittestaw/cpython_case_test_iter_Tes...;pylingual:error:──────────────────────────────────────────────────────────────────────────────── ,ggggggggggg, ,gggg, dP""""""88""""""""""""Y8, d8"" ""8I ,dPYb, Yb, 88 `8b 88 ,dP IP'`Yb `"" 88 ,8P 8888888P"" gg I8 8I 88aaaad8P"" 88 """" I8 8' 88""""""""""gg gg 88 gg ,ggg,,g...",decompyle3:not_run:;pylingual:not_run:
cpython-314,data/rq3/cpython-3.14/unique_bug_pyc/cpython-314-a50cc29da930.pyc,no_source,"# decompyle3 version 3.9.3 # Python bytecode version base 3.14 (3627) # Decompiled from: Python 3.14.5 (main, Jun 2 2026, 22:25:17) [Clang 22.1.3 ] # Embedded file name: data/rq3/cpython-3.14/unittest_seeds/raw/cpython_case_test_shutil_T...",crash,signal_11:,,"decompyle3:error:# decompyle3 version 3.9.3 # Python bytecode version base 3.14 (3627) # Decompiled from: Python 3.14.5 (main, Jun 2 2026, 22:25:17) [Clang 22.1.3 ] # Embedded file name: data/rq3/cpython-3.14/unittest_seeds/raw/cpython_case_test_shutil_T...;pylingual:error:──────────────────────────────────────────────────────────────────────────────── ,ggggggggggg, ,gggg, dP""""""88""""""""""""Y8, d8"" ""8I ,dPYb, Yb, 88 `8b 88 ,dP IP'`Yb `"" 88 ,8P 8888888P"" gg I8 8I 88aaaad8P"" 88 """" I8 8' 88""""""""""gg gg 88 gg ,ggg,,g...",decompyle3:not_run:;pylingual:not_run:
cpython-314,data/rq3/cpython-3.14/unique_bug_pyc/cpython-314-a98379fe6f8a.pyc,unconfirmed,original bytecode status ok:,ok,,,"decompyle3:error:# decompyle3 version 3.9.3 # Python bytecode version base 3.14 (3627) # Decompiled from: Python 3.14.5 (main, Jun 2 2026, 22:25:17) [Clang 22.1.3 ] # Embedded file name: data/rq3/cpython-3.14/unittest_seeds/raw/cpython_case_test_math_Mat...;pylingual:error:──────────────────────────────────────────────────────────────────────────────── ,ggggggggggg, ,gggg, dP""""""88""""""""""""Y8, d8"" ""8I ,dPYb, Yb, 88 `8b 88 ,dP IP'`Yb `"" 88 ,8P 8888888P"" gg I8 8I 88aaaad8P"" 88 """" I8 8' 88""""""""""gg gg 88 gg ,ggg,,g...",decompyle3:not_run:;pylingual:not_run:
cpython-314,data/rq3/cpython-3.14/unique_bug_pyc/cpython-314-af8e04998ff7.pyc,no_source,"# decompyle3 version 3.9.3 # Python bytecode version base 3.14 (3627) # Decompiled from: Python 3.14.5 (main, Jun 2 2026, 22:25:17) [Clang 22.1.3 ] # Embedded file name: data/rq3/cpython-3.14/unittest_seeds/raw/cpython_case_test_wmi_WmiT...",crash,signal_11:,,"decompyle3:error:# decompyle3 version 3.9.3 # Python bytecode version base 3.14 (3627) # Decompiled from: Python 3.14.5 (main, Jun 2 2026, 22:25:17) [Clang 22.1.3 ] # Embedded file name: data/rq3/cpython-3.14/unittest_seeds/raw/cpython_case_test_wmi_WmiT...;pylingual:error:──────────────────────────────────────────────────────────────────────────────── ,ggggggggggg, ,gggg, dP""""""88""""""""""""Y8, d8"" ""8I ,dPYb, Yb, 88 `8b 88 ,dP IP'`Yb `"" 88 ,8P 8888888P"" gg I8 8I 88aaaad8P"" 88 """" I8 8' 88""""""""""gg gg 88 gg ,ggg,,g...",decompyle3:not_run:;pylingual:not_run:
cpython-314,data/rq3/cpython-3.14/unique_bug_pyc/cpython-314-afab230f5062.pyc,unconfirmed,original bytecode status ok:,ok,,,"decompyle3:error:# decompyle3 version 3.9.3 # Python bytecode version base 3.14 (3627) # Decompiled from: Python 3.14.5 (main, Jun 2 2026, 22:25:17) [Clang 22.1.3 ] # Embedded file name: data/rq3/cpython-3.14/unittest_seeds/raw/cpython_casemappingict_Dic...;pylingual:error:──────────────────────────────────────────────────────────────────────────────── ,ggggggggggg, ,gggg, dP""""""88""""""""""""Y8, d8"" ""8I ,dPYb, Yb, 88 `8b 88 ,dP IP'`Yb `"" 88 ,8P 8888888P"" gg I8 8I 88aaaad8P"" 88 """" I8 8' 88""""""""""gg gg 88 gg ,ggg,,g...",decompyle3:not_run:;pylingual:not_run:
cpython-314,data/rq3/cpython-3.14/unique_bug_pyc/cpython-314-b2a9cb42a41e.pyc,unconfirmed,original bytecode status ok:,ok,,,"decompyle3:error:# decompyle3 version 3.9.3 # Python bytecode version base 3.14 (3627) # Decompiled from: Python 3.14.5 (main, Jun 2 2026, 22:25:17) [Clang 22.1.3 ] # Embedded file name: data/rq3/cpython-3.14/unittest_seeds/raw/cpython_case_test_asyncgen...;pylingual:error:──────────────────────────────────────────────────────────────────────────────── ,ggggggggggg, ,gggg, dP""""""88""""""""""""Y8, d8"" ""8I ,dPYb, Yb, 88 `8b 88 ,dP IP'`Yb `"" 88 ,8P 8888888P"" gg I8 8I 88aaaad8P"" 88 """" I8 8' 88""""""""""gg gg 88 gg ,ggg,,g...",decompyle3:not_run:;pylingual:not_run:
cpython-314,data/rq3/cpython-3.14/unique_bug_pyc/cpython-314-b2ba4816da1b.pyc,unconfirmed,original bytecode status ok:,ok,,,"decompyle3:error:# decompyle3 version 3.9.3 # Python bytecode version base 3.14 (3627) # Decompiled from: Python 3.14.5 (main, Jun 2 2026, 22:25:17) [Clang 22.1.3 ] # Embedded file name: data/rq3/cpython-3.14/unittest_seeds/raw/cpython_case_test_patma_Te...;pylingual:error:──────────────────────────────────────────────────────────────────────────────── ,ggggggggggg, ,gggg, dP""""""88""""""""""""Y8, d8"" ""8I ,dPYb, Yb, 88 `8b 88 ,dP IP'`Yb `"" 88 ,8P 8888888P"" gg I8 8I 88aaaad8P"" 88 """" I8 8' 88""""""""""gg gg 88 gg ,ggg,,g...",decompyle3:not_run:;pylingual:not_run:
cpython-314,data/rq3/cpython-3.14/unique_bug_pyc/cpython-314-b3997c218d20.pyc,unconfirmed,original bytecode status ok:,ok,,,"decompyle3:error:# decompyle3 version 3.9.3 # Python bytecode version base 3.14 (3627) # Decompiled from: Python 3.14.5 (main, Jun 2 2026, 22:25:17) [Clang 22.1.3 ] # Embedded file name: data/rq3/cpython-3.14/unittest_seeds/raw/cpython_case_test_sort_Tes...;pylingual:error:──────────────────────────────────────────────────────────────────────────────── ,ggggggggggg, ,gggg, dP""""""88""""""""""""Y8, d8"" ""8I ,dPYb, Yb, 88 `8b 88 ,dP IP'`Yb `"" 88 ,8P 8888888P"" gg I8 8I 88aaaad8P"" 88 """" I8 8' 88""""""""""gg gg 88 gg ,ggg,,g...",decompyle3:not_run:;pylingual:not_run:
cpython-314,data/rq3/cpython-3.14/unique_bug_pyc/cpython-314-b4bc94e03f55.pyc,no_source,"# decompyle3 version 3.9.3 # Python bytecode version base 3.14 (3627) # Decompiled from: Python 3.14.5 (main, Jun 2 2026, 22:25:17) [Clang 22.1.3 ] # Embedded file name: data/rq3/cpython-3.14/unittest_seeds/raw/cpython_case_tes%_fnmatch_...",crash,signal_11:,,"decompyle3:error:# decompyle3 version 3.9.3 # Python bytecode version base 3.14 (3627) # Decompiled from: Python 3.14.5 (main, Jun 2 2026, 22:25:17) [Clang 22.1.3 ] # Embedded file name: data/rq3/cpython-3.14/unittest_seeds/raw/cpython_case_tes%_fnmatch_...;pylingual:error:──────────────────────────────────────────────────────────────────────────────── ,ggggggggggg, ,gggg, dP""""""88""""""""""""Y8, d8"" ""8I ,dPYb, Yb, 88 `8b 88 ,dP IP'`Yb `"" 88 ,8P 8888888P"" gg I8 8I 88aaaad8P"" 88 """" I8 8' 88""""""""""gg gg 88 gg ,ggg,,g...",decompyle3:not_run:;pylingual:not_run:
cpython-314,data/rq3/cpython-3.14/unique_bug_pyc/cpython-314-b5313e2bfde8.pyc,unconfirmed,original bytecode status ok:,ok,,,"decompyle3:error:# decompyle3 version 3.9.3 # Python bytecode version base 3.14 (3627) # Decompiled from: Python 3.14.5 (main, Jun 2 2026, 22:25:17) [Clang 22.1.3 ] # Embedded file name: data/rq3/cpython-3.14/unittest_seeds/raw/cpython_case_test_contextl...;pylingual:error:──────────────────────────────────────────────────────────────────────────────── ,ggggggggggg, ,gggg, dP""""""88""""""""""""Y8, d8"" ""8I ,dPYb, Yb, 88 `8b 88 ,dP IP'`Yb `"" 88 ,8P 8888888P"" gg I8 8I 88aaaad8P"" 88 """" I8 8' 88""""""""""gg gg 88 gg ,ggg,,g...",decompyle3:not_run:;pylingual:not_run:
cpython-314,data/rq3/cpython-3.14/unique_bug_pyc/cpython-314-b66161d39d74.pyc,unconfirmed,original bytecode status ok:,ok,,,"decompyle3:error:# decompyle3 version 3.9.3 # Python bytecode version base 3.14 (3627) # Decompiled from: Python 3.14.5 (main, Jun 2 2026, 22:25:17) [Clang 22.1.3 ] # Embedded file name: data/rq3/cpython-3.14/unittest_seeds/raw/cpython_case_test_argparse...;pylingual:error:──────────────────────────────────────────────────────────────────────────────── ,ggggggggggg, ,gggg, dP""""""88""""""""""""Y8, d8"" ""8I ,dPYb, Yb, 88 `8b 88 ,dP IP'`Yb `"" 88 ,8P 8888888P"" gg I8 8I 88aaaad8P"" 88 """" I8 8' 88""""""""""gg gg 88 gg ,ggg,,g...",decompyle3:not_run:;pylingual:not_run:
cpython-314,data/rq3/cpython-3.14/unique_bug_pyc/cpython-314-b77174ccf994.pyc,no_source,"# decompyle3 version 3.9.3 # Python bytecode version base 3.14 (3627) # Decompiled from: Python 3.14.5 (main, Jun 2 2026, 22:25:17) [Clang 22.1.3 ] # Embedded file name: data/rq3/cpython-3.14/unittest_seeds/raw/cpython_case_test_gzip_Tes...",crash,signal_11:,,"decompyle3:error:# decompyle3 version 3.9.3 # Python bytecode version base 3.14 (3627) # Decompiled from: Python 3.14.5 (main, Jun 2 2026, 22:25:17) [Clang 22.1.3 ] # Embedded file name: data/rq3/cpython-3.14/unittest_seeds/raw/cpython_case_test_gzip_Tes...;pylingual:error:──────────────────────────────────────────────────────────────────────────────── ,ggggggggggg, ,gggg, dP""""""88""""""""""""Y8, d8"" ""8I ,dPYb, Yb, 88 `8b 88 ,dP IP'`Yb `"" 88 ,8P 8888888P"" gg I8 8I 88aaaad8P"" 88 """" I8 8' 88""""""""""gg gg 88 gg ,ggg,,g...",decompyle3:not_run:;pylingual:not_run:
cpython-314,data/rq3/cpython-3.14/unique_bug_pyc/cpython-314-b7c89ad6c93d.pyc,unconfirmed,original bytecode status ok:,ok,,,"decompyle3:error:# decompyle3 version 3.9.3 # Python bytecode version base 3.14 (3627) # Decompiled from: Python 3.14.5 (main, Jun 2 2026, 22:25:17) [Clang 22.1.3 ] # Embedded file name: data/rq3/cpython-3.14/unittest_seeds/raw/cpython_case_tes%_fnmatch_...;pylingual:error:──────────────────────────────────────────────────────────────────────────────── ,ggggggggggg, ,gggg, dP""""""88""""""""""""Y8, d8"" ""8I ,dPYb, Yb, 88 `8b 88 ,dP IP'`Yb `"" 88 ,8P 8888888P"" gg I8 8I 88aaaad8P"" 88 """" I8 8' 88""""""""""gg gg 88 gg ,ggg,,g...",decompyle3:not_run:;pylingual:not_run:
cpython-314,data/rq3/cpython-3.14/unique_bug_pyc/cpython-314-bb0b8b0a4a2c.pyc,unconfirmed,original bytecode status ok:,ok,,,"decompyle3:error:# decompyle3 version 3.9.3 # Python bytecode version base 3.14 (3627) # Decompiled from: Python 3.14.5 (main, Jun 2 2026, 22:25:17) [Clang 22.1.3 ] # Embedded file name: data/rq3/cpython-3.14/unittest_seeds/raw/cpython_case_test_yield_fr...;pylingual:error:──────────────────────────────────────────────────────────────────────────────── ,ggggggggggg, ,gggg, dP""""""88""""""""""""Y8, d8"" ""8I ,dPYb, Yb, 88 `8b 88 ,dP IP'`Yb `"" 88 ,8P 8888888P"" gg I8 8I 88aaaad8P"" 88 """" I8 8' 88""""""""""gg gg 88 gg ,ggg,,g...",decompyle3:not_run:;pylingual:not_run:
cpython-314,data/rq3/cpython-3.14/unique_bug_pyc/cpython-314-bc8c7f4ade99.pyc,unconfirmed,original bytecode status ok:,ok,,,"decompyle3:error:# decompyle3 version 3.9.3 # Python bytecode version base 3.14 (3627) # Decompiled from: Python 3.14.5 (main, Jun 2 2026, 22:25:17) [Clang 22.1.3 ] # Embedded file name: data/rq3/cpython-3.14/unittest_seeds/raw/cpython_case_test_termios_...;pylingual:error:──────────────────────────────────────────────────────────────────────────────── ,ggggggggggg, ,gggg, dP""""""88""""""""""""Y8, d8"" ""8I ,dPYb, Yb, 88 `8b 88 ,dP IP'`Yb `"" 88 ,8P 8888888P"" gg I8 8I 88aaaad8P"" 88 """" I8 8' 88""""""""""gg gg 88 gg ,ggg,,g...",decompyle3:not_run:;pylingual:not_run:
cpython-314,data/rq3/cpython-3.14/unique_bug_pyc/cpython-314-bcb8e4fa1ea3.pyc,unconfirmed,original bytecode status ok:,ok,,,"decompyle3:error:# decompyle3 version 3.9.3 # Python bytecode version base 3.14 (3627) # Decompiled from: Python 3.14.5 (main, Jun 2 2026, 22:25:17) [Clang 22.1.3 ] # Embedded file name: data/rq3/cpython-3.14/unittest_seeds/raw/cpython_case_test_httplib_...;pylingual:error:──────────────────────────────────────────────────────────────────────────────── ,ggggggggggg, ,gggg, dP""""""88""""""""""""Y8, d8"" ""8I ,dPYb, Yb, 88 `8b 88 ,dP IP'`Yb `"" 88 ,8P 8888888P"" gg I8 8I 88aaaad8P"" 88 """" I8 8' 88""""""""""gg gg 88 gg ,ggg,,g...",decompyle3:not_run:;pylingual:not_run:
cpython-314,data/rq3/cpython-3.14/unique_bug_pyc/cpython-314-bce326a89d02.pyc,unconfirmed,original bytecode status ok:,ok,,,"decompyle3:error:# decompyle3 version 3.9.3 # Python bytecode version base 3.14 (3627) # Decompiled from: Python 3.14.5 (main, Jun 2 2026, 22:25:17) [Clang 22.1.3 ] # Embedded file name: data/rq3/cpython-3.14/unittest_seeds/raw/cpython_case_test_compile_...;pylingual:error:──────────────────────────────────────────────────────────────────────────────── ,ggggggggggg, ,gggg, dP""""""88""""""""""""Y8, d8"" ""8I ,dPYb, Yb, 88 `8b 88 ,dP IP'`Yb `"" 88 ,8P 8888888P"" gg I8 8I 88aaaad8P"" 88 """" I8 8' 88""""""""""gg gg 88 gg ,ggg,,g...",decompyle3:not_run:;pylingual:not_run:
cpython-314,data/rq3/cpython-3.14/unique_bug_pyc/cpython-314-bd0dadf3e034.pyc,unconfirmed,original bytecode status ok:,ok,,,"decompyle3:error:# decompyle3 version 3.9.3 # Python bytecode version base 3.14 (3627) # Decompiled from: Python 3.14.5 (main, Jun 2 2026, 22:25:17) [Clang 22.1.3 ] # Embedded file name: data/rq3/cpython-3.14/unittest_seeds/raw/cpython_case_test_set_Test...;pylingual:error:──────────────────────────────────────────────────────────────────────────────── ,ggggggggggg, ,gggg, dP""""""88""""""""""""Y8, d8"" ""8I ,dPYb, Yb, 88 `8b 88 ,dP IP'`Yb `"" 88 ,8P 8888888P"" gg I8 8I 88aaaad8P"" 88 """" I8 8' 88""""""""""gg gg 88 gg ,ggg,,g...",decompyle3:not_run:;pylingual:not_run:
cpython-314,data/rq3/cpython-3.14/unique_bug_pyc/cpython-314-c25f63bdefb5.pyc,unconfirmed,original bytecode status ok:,ok,,,"decompyle3:error:# decompyle3 version 3.9.3 # Python bytecode version base 3.14 (3627) # Decompiled from: Python 3.14.5 (main, Jun 2 2026, 22:25:17) [Clang 22.1.3 ] # Embedded file name: data/rq3/cpython-3.14/unittest_seeds/raw/cpython_case_test_str_StrT...;pylingual:error:──────────────────────────────────────────────────────────────────────────────── ,ggggggggggg, ,gggg, dP""""""88""""""""""""Y8, d8"" ""8I ,dPYb, Yb, 88 `8b 88 ,dP IP'`Yb `"" 88 ,8P 8888888P"" gg I8 8I 88aaaad8P"" 88 """" I8 8' 88""""""""""gg gg 88 gg ,ggg,,g...",decompyle3:not_run:;pylingual:not_run:
cpython-314,data/rq3/cpython-3.14/unique_bug_pyc/cpython-314-c2f84713031f.pyc,unconfirmed,original bytecode status ok:,ok,,,"decompyle3:error:# decompyle3 version 3.9.3 # Python bytecode version base 3.14 (3627) # Decompiled from: Python 3.14.5 (main, Jun 2 2026, 22:25:17) [Clang 22.1.3 ] # Embedded file name: data/rq3/cpython-3.14/unittest_seeds/raw/cpython_case_test_dict_Dic...;pylingual:error:──────────────────────────────────────────────────────────────────────────────── ,ggggggggggg, ,gggg, dP""""""88""""""""""""Y8, d8"" ""8I ,dPYb, Yb, 88 `8b 88 ,dP IP'`Yb `"" 88 ,8P 8888888P"" gg I8 8I 88aaaad8P"" 88 """" I8 8' 88""""""""""gg gg 88 gg ,ggg,,g...",decompyle3:not_run:;pylingual:not_run:
cpython-314,data/rq3/cpython-3.14/unique_bug_pyc/cpython-314-c3af53ce4a7d.pyc,no_source,"# decompyle3 version 3.9.3 # Python bytecode version base 3.14 (3627) # Decompiled from: Python 3.14.5 (main, Jun 2 2026, 22:25:17) [Clang 22.1.3 ] # Embedded file name: data/rq3/cpython-3.14/unittest_seeds/raw/cpython_case_test_dict_Dic...",crash,signal_11:,,"decompyle3:error:# decompyle3 version 3.9.3 # Python bytecode version base 3.14 (3627) # Decompiled from: Python 3.14.5 (main, Jun 2 2026, 22:25:17) [Clang 22.1.3 ] # Embedded file name: data/rq3/cpython-3.14/unittest_seeds/raw/cpython_case_test_dict_Dic...;pylingual:error:──────────────────────────────────────────────────────────────────────────────── ,ggggggggggg, ,gggg, dP""""""88""""""""""""Y8, d8"" ""8I ,dPYb, Yb, 88 `8b 88 ,dP IP'`Yb `"" 88 ,8P 8888888P"" gg I8 8I 88aaaad8P"" 88 """" I8 8' 88""""""""""gg gg 88 gg ,ggg,,g...",decompyle3:not_run:;pylingual:not_run:
cpython-314,data/rq3/cpython-3.14/unique_bug_pyc/cpython-314-c3f0ef717ef5.pyc,no_source,"# decompyle3 version 3.9.3 # Python bytecode version base 3.14 (3627) # Decompiled from: Python 3.14.5 (main, Jun 2 2026, 22:25:17) [Clang 22.1.3 ] # Embedded file name: data/rq3/cpython-3.14/unittest_seeds/raw/cpython_case_test_bisect_T...",crash,signal_11:,,"decompyle3:error:# decompyle3 version 3.9.3 # Python bytecode version base 3.14 (3627) # Decompiled from: Python 3.14.5 (main, Jun 2 2026, 22:25:17) [Clang 22.1.3 ] # Embedded file name: data/rq3/cpython-3.14/unittest_seeds/raw/cpython_case_test_bisect_T...;pylingual:error:──────────────────────────────────────────────────────────────────────────────── ,ggggggggggg, ,gggg, dP""""""88""""""""""""Y8, d8"" ""8I ,dPYb, Yb, 88 `8b 88 ,dP IP'`Yb `"" 88 ,8P 8888888P"" gg I8 8I 88aaaad8P"" 88 """" I8 8' 88""""""""""gg gg 88 gg ,ggg,,g...",decompyle3:not_run:;pylingual:not_run:
cpython-314,data/rq3/cpython-3.14/unique_bug_pyc/cpython-314-c4c7adc3aa5c.pyc,unconfirmed,original bytecode status ok:,ok,,,"decompyle3:error:# decompyle3 version 3.9.3 # Python bytecode version base 3.14 (3627) # Decompiled from: Python 3.14.5 (main, Jun 2 2026, 22:25:17) [Clang 22.1.3 ] # Embedded file name: data/rq3/cpython-3.14/unittest_seeds/raw/cpython_case_test_yield_fr...;pylingual:error:──────────────────────────────────────────────────────────────────────────────── ,ggggggggggg, ,gggg, dP""""""88""""""""""""Y8, d8"" ""8I ,dPYb, Yb, 88 `8b 88 ,dP IP'`Yb `"" 88 ,8P 8888888P"" gg I8 8I 88aaaad8P"" 88 """" I8 8' 88""""""""""gg gg 88 gg ,ggg,,g...",decompyle3:not_run:;pylingual:not_run:
cpython-314,data/rq3/cpython-3.14/unique_bug_pyc/cpython-314-c4ccfcbcb633.pyc,no_source,"# decompyle3 version 3.9.3 # Python bytecode version base 3.14 (3627) # Decompiled from: Python 3.14.5 (main, Jun 2 2026, 22:25:17) [Clang 22.1.3 ] # Embedded file name: data/rq3/cpython-3.14/unittest_seeds/raw/cpython_case_test_argparse...",crash,signal_11:,,"decompyle3:error:# decompyle3 version 3.9.3 # Python bytecode version base 3.14 (3627) # Decompiled from: Python 3.14.5 (main, Jun 2 2026, 22:25:17) [Clang 22.1.3 ] # Embedded file name: data/rq3/cpython-3.14/unittest_seeds/raw/cpython_case_test_argparse...;pylingual:error:──────────────────────────────────────────────────────────────────────────────── ,ggggggggggg, ,gggg, dP""""""88""""""""""""Y8, d8"" ""8I ,dPYb, Yb, 88 `8b 88 ,dP IP'`Yb `"" 88 ,8P 8888888P"" gg I8 8I 88aaaad8P"" 88 """" I8 8' 88""""""""""gg gg 88 gg ,ggg,,g...",decompyle3:not_run:;pylingual:not_run:
cpython-314,data/rq3/cpython-3.14/unique_bug_pyc/cpython-314-c4f171621deb.pyc,unconfirmed,original bytecode status ok:,ok,,,"decompyle3:error:# decompyle3 version 3.9.3 # Python bytecode version base 3.14 (3627) # Decompiled from: Python 3.14.5 (main, Jun 2 2026, 22:25:17) [Clang 22.1.3 ] # Embedded file name: data/rq3/cpython-3.14/unittest_seeds/raw/cpython_case_test_asyncgen...;pylingual:error:──────────────────────────────────────────────────────────────────────────────── ,ggggggggggg, ,gggg, dP""""""88""""""""""""Y8, d8"" ""8I ,dPYb, Yb, 88 `8b 88 ,dP IP'`Yb `"" 88 ,8P 8888888P"" gg I8 8I 88aaaad8P"" 88 """" I8 8' 88""""""""""gg gg 88 gg ,ggg,,g...",decompyle3:not_run:;pylingual:not_run:
cpython-314,data/rq3/cpython-3.14/unique_bug_pyc/cpython-314-c6a8a83046c4.pyc,unconfirmed,original bytecode status ok:,ok,,,"decompyle3:error:# decompyle3 version 3.9.3 # Python bytecode version base 3.14 (3627) # Decompiled from: Python 3.14.5 (main, Jun 2 2026, 22:25:17) [Clang 22.1.3 ] # Embedded file name: data/rq3/cpython-3.14/unittest_seeds/raw/cpython_case_test_yield_fr...;pylingual:error:──────────────────────────────────────────────────────────────────────────────── ,ggggggggggg, ,gggg, dP""""""88""""""""""""Y8, d8"" ""8I ,dPYb, Yb, 88 `8b 88 ,dP IP'`Yb `"" 88 ,8P 8888888P"" gg I8 8I 88aaaad8P"" 88 """" I8 8' 88""""""""""gg gg 88 gg ,ggg,,g...",decompyle3:not_run:;pylingual:not_run:
cpython-314,data/rq3/cpython-3.14/unique_bug_pyc/cpython-314-c705b9a6ef29.pyc,unconfirmed,original bytecode status ok:,ok,,,"decompyle3:error:# decompyle3 version 3.9.3 # Python bytecode version base 3.14 (3627) # Decompiled from: Python 3.14.5 (main, Jun 2 2026, 22:25:17) [Clang 22.1.3 ] # Embedded file name: data/rq3/cpython-3.14/unittest_seeds/raw/cpython_case_test_int_PyLo...;pylingual:error:──────────────────────────────────────────────────────────────────────────────── ,ggggggggggg, ,gggg, dP""""""88""""""""""""Y8, d8"" ""8I ,dPYb, Yb, 88 `8b 88 ,dP IP'`Yb `"" 88 ,8P 8888888P"" gg I8 8I 88aaaad8P"" 88 """" I8 8' 88""""""""""gg gg 88 gg ,ggg,,g...",decompyle3:not_run:;pylingual:not_run:
cpython-314,data/rq3/cpython-3.14/unique_bug_pyc/cpython-314-ca6f34500562.pyc,no_source,"# decompyle3 version 3.9.3 # Python bytecode version base 3.14 (3627) # Decompiled from: Python 3.14.5 (main, Jun 2 2026, 22:25:17) [Clang 22.1.3 ] # Embedded file name: data/rq3/cpython-3.14/unittest_seeds/raw/cpython_case_test_ìinecach...",crash,signal_11:,,"decompyle3:error:# decompyle3 version 3.9.3 # Python bytecode version base 3.14 (3627) # Decompiled from: Python 3.14.5 (main, Jun 2 2026, 22:25:17) [Clang 22.1.3 ] # Embedded file name: data/rq3/cpython-3.14/unittest_seeds/raw/cpython_case_test_ìinecach...;pylingual:error:──────────────────────────────────────────────────────────────────────────────── ,ggggggggggg, ,gggg, dP""""""88""""""""""""Y8, d8"" ""8I ,dPYb, Yb, 88 `8b 88 ,dP IP'`Yb `"" 88 ,8P 8888888P"" gg I8 8I 88aaaad8P"" 88 """" I8 8' 88""""""""""gg gg 88 gg ,ggg,,g...",decompyle3:not_run:;pylingual:not_run:
cpython-314,data/rq3/cpython-3.14/unique_bug_pyc/cpython-314-caa330050033.pyc,no_source,"# decompyle3 version 3.9.3 # Python bytecode version base 3.14 (3627) # Decompiled from: Python 3.14.5 (main, Jun 2 2026, 22:25:17) [Clang 22.1.3 ] # Embedded file name: data/rq3/cpython-3.14/unittest_seeds/raw/cpython_case_test_math_Mat...",crash,signal_11:,,"decompyle3:error:# decompyle3 version 3.9.3 # Python bytecode version base 3.14 (3627) # Decompiled from: Python 3.14.5 (main, Jun 2 2026, 22:25:17) [Clang 22.1.3 ] # Embedded file name: data/rq3/cpython-3.14/unittest_seeds/raw/cpython_case_test_math_Mat...;pylingual:error:──────────────────────────────────────────────────────────────────────────────── ,ggggggggggg, ,gggg, dP""""""88""""""""""""Y8, d8"" ""8I ,dPYb, Yb, 88 `8b 88 ,dP IP'`Yb `"" 88 ,8P 8888888P"" gg I8 8I 88aaaad8P"" 88 """" I8 8' 88""""""""""gg gg 88 gg ,ggg,,g...",decompyle3:not_run:;pylingual:not_run:
cpython-314,data/rq3/cpython-3.14/unique_bug_pyc/cpython-314-cab91e43dace.pyc,no_source,"# decompyle3 version 3.9.3 # Python bytecode version base 3.14 (3627) # Decompiled from: Python 3.14.5 (main, Jun 2 2026, 22:25:17) [Clang 22.1.3 ] # Embedded file name: data/rq3/cpython-3.14/unittest_seeds/raw/cpython_case_test_frame_Te...",crash,signal_11:,,"decompyle3:error:# decompyle3 version 3.9.3 # Python bytecode version base 3.14 (3627) # Decompiled from: Python 3.14.5 (main, Jun 2 2026, 22:25:17) [Clang 22.1.3 ] # Embedded file name: data/rq3/cpython-3.14/unittest_seeds/raw/cpython_case_test_frame_Te...;pylingual:error:──────────────────────────────────────────────────────────────────────────────── ,ggggggggggg, ,gggg, dP""""""88""""""""""""Y8, d8"" ""8I ,dPYb, Yb, 88 `8b 88 ,dP IP'`Yb `"" 88 ,8P 8888888P"" gg I8 8I 88aaaad8P"" 88 """" I8 8' 88""""""""""gg gg 88 gg ,ggg,,g...",decompyle3:not_run:;pylingual:not_run:
cpython-314,data/rq3/cpython-3.14/unique_bug_pyc/cpython-314-cbbfc8160fd6.pyc,no_source,"# decompyle3 version 3.9.3 # Python bytecode version base 3.14 (3627) # Decompiled from: Python 3.14.5 (main, Jun 2 2026, 22:25:17) [Clang 22.1.3 ] # Embedded file name: data/rq3/cpython-3.14/unittest_seeds/raw/cpython_case_test_statisti...",crash,signal_11:,,"decompyle3:error:# decompyle3 version 3.9.3 # Python bytecode version base 3.14 (3627) # Decompiled from: Python 3.14.5 (main, Jun 2 2026, 22:25:17) [Clang 22.1.3 ] # Embedded file name: data/rq3/cpython-3.14/unittest_seeds/raw/cpython_case_test_statisti...;pylingual:error:──────────────────────────────────────────────────────────────────────────────── ,ggggggggggg, ,gggg, dP""""""88""""""""""""Y8, d8"" ""8I ,dPYb, Yb, 88 `8b 88 ,dP IP'`Yb `"" 88 ,8P 8888888P"" gg I8 8I 88aaaad8P"" 88 """" I8 8' 88""""""""""gg gg 88 gg ,ggg,,g...",decompyle3:not_run:;pylingual:not_run:
cpython-314,data/rq3/cpython-3.14/unique_bug_pyc/cpython-314-cc4192d85f8d.pyc,no_source,"# decompyle3 version 3.9.3 # Python bytecode version base 3.14 (3627) # Decompiled from: Python 3.14.5 (main, Jun 2 2026, 22:25:17) [Clang 22.1.3 ] # Embedded file name: data/rq3/cpython-3.14/unittest_seeds/raw/cpython_case_test_dict_Dic...",crash,signal_11:,,"decompyle3:error:# decompyle3 version 3.9.3 # Python bytecode version base 3.14 (3627) # Decompiled from: Python 3.14.5 (main, Jun 2 2026, 22:25:17) [Clang 22.1.3 ] # Embedded file name: data/rq3/cpython-3.14/unittest_seeds/raw/cpython_case_test_dict_Dic...;pylingual:error:──────────────────────────────────────────────────────────────────────────────── ,ggggggggggg, ,gggg, dP""""""88""""""""""""Y8, d8"" ""8I ,dPYb, Yb, 88 `8b 88 ,dP IP'`Yb `"" 88 ,8P 8888888P"" gg I8 8I 88aaaad8P"" 88 """" I8 8' 88""""""""""gg gg 88 gg ,ggg,,g...",decompyle3:not_run:;pylingual:not_run:
cpython-314,data/rq3/cpython-3.14/unique_bug_pyc/cpython-314-cefb7db9ff11.pyc,no_source,"# decompyle3 version 3.9.3 # Python bytecode version base 3.14 (3627) # Decompiled from: Python 3.14.5 (main, Jun 2 2026, 22:25:17) [Clang 22.1.3 ] # Embedded file name: data/rq3/cpython-3.14/unittest_seeds/raw/cpython_case_test_xml_etre...",crash,signal_11:,,"decompyle3:error:# decompyle3 version 3.9.3 # Python bytecode version base 3.14 (3627) # Decompiled from: Python 3.14.5 (main, Jun 2 2026, 22:25:17) [Clang 22.1.3 ] # Embedded file name: data/rq3/cpython-3.14/unittest_seeds/raw/cpython_case_test_xml_etre...;pylingual:error:──────────────────────────────────────────────────────────────────────────────── ,ggggggggggg, ,gggg, dP""""""88""""""""""""Y8, d8"" ""8I ,dPYb, Yb, 88 `8b 88 ,dP IP'`Yb `"" 88 ,8P 8888888P"" gg I8 8I 88aaaad8P"" 88 """" I8 8' 88""""""""""gg gg 88 gg ,ggg,,g...",decompyle3:not_run:;pylingual:not_run:
cpython-314,data/rq3/cpython-3.14/unique_bug_pyc/cpython-314-d25679df4413.pyc,unconfirmed,original bytecode status ok:,ok,,,"decompyle3:error:# decompyle3 version 3.9.3 # Python bytecode version base 3.14 (3627) # Decompiled from: Python 3.14.5 (main, Jun 2 2026, 22:25:17) [Clang 22.1.3 ] # Embedded file name: data/rq3/cpython-3.14/unittest_seeds/raw/cpython_case_test_class_Cl...;pylingual:error:──────────────────────────────────────────────────────────────────────────────── ,ggggggggggg, ,gggg, dP""""""88""""""""""""Y8, d8"" ""8I ,dPYb, Yb, 88 `8b 88 ,dP IP'`Yb `"" 88 ,8P 8888888P"" gg I8 8I 88aaaad8P"" 88 """" I8 8' 88""""""""""gg gg 88 gg ,ggg,,g...",decompyle3:not_run:;pylingual:not_run:
cpython-314,data/rq3/cpython-3.14/unique_bug_pyc/cpython-314-d61f84e1f075.pyc,unconfirmed,original bytecode status ok:,ok,,,"decompyle3:error:# decompyle3 version 3.9.3 # Python bytecode version base 3.14 (3627) # Decompiled from: Python 3.14.5 (main, Jun 2 2026, 22:25:17) [Clang 22.1.3 ] # Embedded file name: data/rq3/cpython-3.14/unittest_seeds/raw/cpython_case_test_asyncgen...;pylingual:error:──────────────────────────────────────────────────────────────────────────────── ,ggggggggggg, ,gggg, dP""""""88""""""""""""Y8, d8"" ""8I ,dPYb, Yb, 88 `8b 88 ,dP IP'`Yb `"" 88 ,8P 8888888P"" gg I8 8I 88aaaad8P"" 88 """" I8 8' 88""""""""""gg gg 88 gg ,ggg,,g...",decompyle3:not_run:;pylingual:not_run:
cpython-314,data/rq3/cpython-3.14/unique_bug_pyc/cpython-314-d6637caea8f3.pyc,no_source,"# decompyle3 version 3.9.3 # Python bytecode version base 3.14 (3627) # Decompiled from: Python 3.14.5 (main, Jun 2 2026, 22:25:17) [Clang 22.1.3 ] # Embedded file name: data/rq3/cpython-3.14/unittest_seeds/raw/cpython_case_test_statisti...",crash,signal_11:,,"decompyle3:error:# decompyle3 version 3.9.3 # Python bytecode version base 3.14 (3627) # Decompiled from: Python 3.14.5 (main, Jun 2 2026, 22:25:17) [Clang 22.1.3 ] # Embedded file name: data/rq3/cpython-3.14/unittest_seeds/raw/cpython_case_test_statisti...;pylingual:error:──────────────────────────────────────────────────────────────────────────────── ,ggggggggggg, ,gggg, dP""""""88""""""""""""Y8, d8"" ""8I ,dPYb, Yb, 88 `8b 88 ,dP IP'`Yb `"" 88 ,8P 8888888P"" gg I8 8I 88aaaad8P"" 88 """" I8 8' 88""""""""""gg gg 88 gg ,ggg,,g...",decompyle3:not_run:;pylingual:not_run:
cpython-314,data/rq3/cpython-3.14/unique_bug_pyc/cpython-314-d8bb7e1cbf04.pyc,no_source,"# decompyle3 version 3.9.3 # Python bytecode version base 3.14 (3627) # Decompiled from: Python 3.14.5 (main, Jun 2 2026, 22:25:17) [Clang 22.1.3 ] # Embedded file name: data/rq3/cpython-3.14/unittest_seeds/raw/cpython_case_test_yield_fr...",crash,signal_11:,,"decompyle3:error:# decompyle3 version 3.9.3 # Python bytecode version base 3.14 (3627) # Decompiled from: Python 3.14.5 (main, Jun 2 2026, 22:25:17) [Clang 22.1.3 ] # Embedded file name: data/rq3/cpython-3.14/unittest_seeds/raw/cpython_case_test_yield_fr...;pylingual:error:──────────────────────────────────────────────────────────────────────────────── ,ggggggggggg, ,gggg, dP""""""88""""""""""""Y8, d8"" ""8I ,dPYb, Yb, 88 `8b 88 ,dP IP'`Yb `"" 88 ,8P 8888888P"" gg I8 8I 88aaaad8P"" 88 """" I8 8' 88""""""""""gg gg 88 gg ,ggg,,g...",decompyle3:not_run:;pylingual:not_run:
cpython-314,data/rq3/cpython-3.14/unique_bug_pyc/cpython-314-dae309de59f7.pyc,unconfirmed,original bytecode status ok:,ok,,,"decompyle3:error:# decompyle3 version 3.9.3 # Python bytecode version base 3.14 (3627) # Decompiled from: Python 3.14.5 (main, Jun 2 2026, 22:25:17) [Clang 22.1.3 ] # Embedded file name: data/rq3/cpython-3.14/unittest_seeds/raw/cpython_case_test_super_Te...;pylingual:error:──────────────────────────────────────────────────────────────────────────────── ,ggggggggggg, ,gggg, dP""""""88""""""""""""Y8, d8"" ""8I ,dPYb, Yb, 88 `8b 88 ,dP IP'`Yb `"" 88 ,8P 8888888P"" gg I8 8I 88aaaad8P"" 88 """" I8 8' 88""""""""""gg gg 88 gg ,ggg,,g...",decompyle3:not_run:;pylingual:not_run:
cpython-314,data/rq3/cpython-3.14/unique_bug_pyc/cpython-314-dbbc92b81578.pyc,unconfirmed,original bytecode status ok:,ok,,,"decompyle3:error:# decompyle3 version 3.9.3 # Python bytecode version base 3.14 (3627) # Decompiled from: Python 3.14.5 (main, Jun 2 2026, 22:25:17) [Clang 22.1.3 ] # Embedded file name: dat`/rq3/cpython-3.14/unittest_seeds/raw/cpython_case_test_csv_Test...;pylingual:error:──────────────────────────────────────────────────────────────────────────────── ,ggggggggggg, ,gggg, dP""""""88""""""""""""Y8, d8"" ""8I ,dPYb, Yb, 88 `8b 88 ,dP IP'`Yb `"" 88 ,8P 8888888P"" gg I8 8I 88aaaad8P"" 88 """" I8 8' 88""""""""""gg gg 88 gg ,ggg,,g...",decompyle3:not_run:;pylingual:not_run:
cpython-314,data/rq3/cpython-3.14/unique_bug_pyc/cpython-314-dd587e35c843.pyc,unconfirmed,original bytecode status ok:,ok,,,"decompyle3:error:# decompyle3 version 3.9.3 # Python bytecode version base 3.14 (3627) # Decompiled from: Python 3.14.5 (main, Jun 2 2026, 22:25:17) [Clang 22.1.3 ] # Embedded file name: data/rq3/cpython-3.14/unittest_seeds/raw/cpython_case_test_set_Test...;pylingual:error:──────────────────────────────────────────────────────────────────────────────── ,ggggggggggg, ,gggg, dP""""""88""""""""""""Y8, d8"" ""8I ,dPYb, Yb, 88 `8b 88 ,dP IP'`Yb `"" 88 ,8P 8888888P"" gg I8 8I 88aaaad8P"" 88 """" I8 8' 88""""""""""gg gg 88 gg ,ggg,,g...",decompyle3:not_run:;pylingual:not_run:
cpython-314,data/rq3/cpython-3.14/unique_bug_pyc/cpython-314-ddba89fc4e35.pyc,no_source,"# decompyle3 version 3.9.3 # Python bytecode version base 3.14 (3627) # Decompiled from: Python 3.14.5 (main, Jun 2 2026, 22:25:17) [Clang 22.1.3 ] # Embedded file name: data/rq3/cpython-3.14/unittest_seeds/raw/cpython_case_test_ipaddres...",crash,signal_11:,,"decompyle3:error:# decompyle3 version 3.9.3 # Python bytecode version base 3.14 (3627) # Decompiled from: Python 3.14.5 (main, Jun 2 2026, 22:25:17) [Clang 22.1.3 ] # Embedded file name: data/rq3/cpython-3.14/unittest_seeds/raw/cpython_case_test_ipaddres...;pylingual:error:──────────────────────────────────────────────────────────────────────────────── ,ggggggggggg, ,gggg, dP""""""88""""""""""""Y8, d8"" ""8I ,dPYb, Yb, 88 `8b 88 ,dP IP'`Yb `"" 88 ,8P 8888888P"" gg I8 8I 88aaaad8P"" 88 """" I8 8' 88""""""""""gg gg 88 gg ,ggg,,g...",decompyle3:not_run:;pylingual:not_run:
cpython-314,data/rq3/cpython-3.14/unique_bug_pyc/cpython-314-deabe1530e13.pyc,unconfirmed,original bytecode status ok:,ok,,,"decompyle3:error:# decompyle3 version 3.9.3 # Python bytecode version base 3.14 (3627) # Decompiled from: Python 3.14.5 (main, Jun 2 2026, 22:25:17) [Clang 22.1.3 ] # Embedded file name: data/rq3/cpython-3.14/unittest_seeds/raw/cpython_case_test_call_Fun...;pylingual:error:──────────────────────────────────────────────────────────────────────────────── ,ggggggggggg, ,gggg, dP""""""88""""""""""""Y8, d8"" ""8I ,dPYb, Yb, 88 `8b 88 ,dP IP'`Yb `"" 88 ,8P 8888888P"" gg I8 8I 88aaaad8P"" 88 """" I8 8' 88""""""""""gg gg 88 gg ,ggg,,g...",decompyle3:not_run:;pylingual:not_run:
cpython-314,data/rq3/cpython-3.14/unique_bug_pyc/cpython-314-e00529dd6c74.pyc,unconfirmed,original bytecode status ok:,ok,,,"decompyle3:error:# decompyle3 version 3.9.3 # Python bytecode version base 3.14 (3627) # Decompiled from: Python 3.14.5 (main, Jun 2 2026, 22:25:17) [Clang 22.1.3 ] # Embedded file name: data/rq3/cpython-3.14/unittest_seeds/raw/cpython_case_test_mash_FMA...;pylingual:error:──────────────────────────────────────────────────────────────────────────────── ,ggggggggggg, ,gggg, dP""""""88""""""""""""Y8, d8"" ""8I ,dPYb, Yb, 88 `8b 88 ,dP IP'`Yb `"" 88 ,8P 8888888P"" gg I8 8I 88aaaad8P"" 88 """" I8 8' 88""""""""""gg gg 88 gg ,ggg,,g...",decompyle3:not_run:;pylingual:not_run:
cpython-314,data/rq3/cpython-3.14/unique_bug_pyc/cpython-314-e0a4eb230da4.pyc,unconfirmed,original bytecode status ok:,ok,,,"decompyle3:error:# decompyle3 version 3.9.3 # Python bytecode version base 3.14 (3627) # Decompiled from: Python 3.14.5 (main, Jun 2 2026, 22:25:17) [Clang 22.1.3 ] # Embedded file name: data/rq3/cpython-3.14/unittest_seeds/raw/cpython_case_test_compile_...;pylingual:error:──────────────────────────────────────────────────────────────────────────────── ,ggggggggggg, ,gggg, dP""""""88""""""""""""Y8, d8"" ""8I ,dPYb, Yb, 88 `8b 88 ,dP IP'`Yb `"" 88 ,8P 8888888P"" gg I8 8I 88aaaad8P"" 88 """" I8 8' 88""""""""""gg gg 88 gg ,ggg,,g...",decompyle3:not_run:;pylingual:not_run:
cpython-314,data/rq3/cpython-3.14/unique_bug_pyc/cpython-314-e10e81fe8db0.pyc,unconfirmed,original bytecode status ok:,ok,,,"decompyle3:error:# decompyle3 version 3.9.3 # Python bytecode version base 3.14 (3627) # Decompiled from: Python 3.14.5 (main, Jun 2 2026, 22:25:17) [Clang 22.1.3 ] # Embedded file name: data/rq3/cpython-3.14/unittest_seeds/raw/cpython_case_test_fnmatch_...;pylingual:error:──────────────────────────────────────────────────────────────────────────────── ,ggggggggggg, ,gggg, dP""""""88""""""""""""Y8, d8"" ""8I ,dPYb, Yb, 88 `8b 88 ,dP IP'`Yb `"" 88 ,8P 8888888P"" gg I8 8I 88aaaad8P"" 88 """" I8 8' 88""""""""""gg gg 88 gg ,ggg,,g...",decompyle3:not_run:;pylingual:not_run:
cpython-314,data/rq3/cpython-3.14/unique_bug_pyc/cpython-314-e277c1ba137f.pyc,unconfirmed,original bytecode status ok:,ok,,,"decompyle3:error:# decompyle3 version 3.9.3 # Python bytecode version base 3.14 (3627) # Decompiled from: Python 3.14.5 (main, Jun 2 2026, 22:25:17) [Clang 22.1.3 ] # Embedded file name: data/rq3/cpython-3.14/unittest_seeds/raw/cpython_case_test_listcomp...;pylingual:error:──────────────────────────────────────────────────────────────────────────────── ,ggggggggggg, ,gggg, dP""""""88""""""""""""Y8, d8"" ""8I ,dPYb, Yb, 88 `8b 88 ,dP IP'`Yb `"" 88 ,8P 8888888P"" gg I8 8I 88aaaad8P"" 88 """" I8 8' 88""""""""""gg gg 88 gg ,ggg,,g...",decompyle3:not_run:;pylingual:not_run:
cpython-314,data/rq3/cpython-3.14/unique_bug_pyc/cpython-314-e5ac43c8e32c.pyc,unconfirmed,original bytecode status ok:,ok,,,"decompyle3:error:# decompyle3 version 3.9.3 # Python bytecode version base 3.14 (3627) # Decompiled from: Python 3.14.5 (main, Jun 2 2026, 22:25:17) [Clang 22.1.3 ] # Embedded file name: data/rq3/cpython-3.14/unittest_seeds/raw/cpython_case_test_statisti...;pylingual:error:──────────────────────────────────────────────────────────────────────────────── ,ggggggggggg, ,gggg, dP""""""88""""""""""""Y8, d8"" ""8I ,dPYb, Yb, 88 `8b 88 ,dP IP'`Yb `"" 88 ,8P 8888888P"" gg I8 8I 88aaaad8P"" 88 """" I8 8' 88""""""""""gg gg 88 gg ,ggg,,g...",decompyle3:not_run:;pylingual:not_run:
cpython-314,data/rq3/cpython-3.14/unique_bug_pyc/cpython-314-e5f4fd12aa75.pyc,unconfirmed,original bytecode status ok:,ok,,,"decompyle3:error:# decompyle3 version 3.9.3 # Python bytecode version base 3.14 (3627) # Decompiled from: Python 3.14.5 (main, Jun 2 2026, 22:25:17) [Clang 22.1.3 ] # Embedded file name: data/rq3/cpython-3.14/unittest_seeds/raw/cpython_case_test_fnmatch_...;pylingual:error:──────────────────────────────────────────────────────────────────────────────── ,ggggggggggg, ,gggg, dP""""""88""""""""""""Y8, d8"" ""8I ,dPYb, Yb, 88 `8b 88 ,dP IP'`Yb `"" 88 ,8P 8888888P"" gg I8 8I 88aaaad8P"" 88 """" I8 8' 88""""""""""gg gg 88 gg ,ggg,,g...",decompyle3:not_run:;pylingual:not_run:
cpython-314,data/rq3/cpython-3.14/unique_bug_pyc/cpython-314-e5fb94f61f4e.pyc,no_source,"# decompyle3 version 3.9.3 # Python bytecode version base 3.14 (3627) # Decompiled from: Python 3.14.5 (main, Jun 2 2026, 22:25:17) [Clang 22.1.3 ] # Embedded file name: data/rq3/cpython-3.14/unittest_seeds/raw/cpython_case_test_csv_Test...",crash,signal_11:,,"decompyle3:error:# decompyle3 version 3.9.3 # Python bytecode version base 3.14 (3627) # Decompiled from: Python 3.14.5 (main, Jun 2 2026, 22:25:17) [Clang 22.1.3 ] # Embedded file name: data/rq3/cpython-3.14/unittest_seeds/raw/cpython_case_test_csv_Test...;pylingual:error:──────────────────────────────────────────────────────────────────────────────── ,ggggggggggg, ,gggg, dP""""""88""""""""""""Y8, d8"" ""8I ,dPYb, Yb, 88 `8b 88 ,dP IP'`Yb `"" 88 ,8P 8888888P"" gg I8 8I 88aaaad8P"" 88 """" I8 8' 88""""""""""gg gg 88 gg ,ggg,,g...",decompyle3:not_run:;pylingual:not_run:
cpython-314,data/rq3/cpython-3.14/unique_bug_pyc/cpython-314-e97aa6dc1048.pyc,unconfirmed,original bytecode status ok:,ok,,,"decompyle3:error:# decompyle3 version 3.9.3 # Python bytecode version base 3.14 (3627) # Decompiled from: Python 3.14.5 (main, Jun 2 2026, 22:25:17) [Clang 22.1.3 ] # Embedded file name: data/rq3/cpython-3.14/unittest_seeds/raw/cpython_case_test_super_Te...;pylingual:error:──────────────────────────────────────────────────────────────────────────────── ,ggggggggggg, ,gggg, dP""""""88""""""""""""Y8, d8"" ""8I ,dPYb, Yb, 88 `8b 88 ,dP IP'`Yb `"" 88 ,8P 8888888P"" gg I8 8I 88aaaad8P"" 88 """" I8 8' 88""""""""""gg gg 88 gg ,ggg,,g...",decompyle3:not_run:;pylingual:not_run:
cpython-314,data/rq3/cpython-3.14/unique_bug_pyc/cpython-314-ec3d95b3d4c3.pyc,unconfirmed,original bytecode status ok:,ok,,,"decompyle3:error:# decompyle3 version 3.9.3 # Python bytecode version base 3.14 (3627) # Decompiled from: Python 3.14.5 (main, Jun 2 2026, 22:25:17) [Clang 22.1.3 ] # Embedded file name: data/rq3/cpython-3.14/unittest_seeds/raw/cpython_case_test_yield_fr...;pylingual:error:──────────────────────────────────────────────────────────────────────────────── ,ggggggggggg, ,gggg, dP""""""88""""""""""""Y8, d8"" ""8I ,dPYb, Yb, 88 `8b 88 ,dP IP'`Yb `"" 88 ,8P 8888888P"" gg I8 8I 88aaaad8P"" 88 """" I8 8' 88""""""""""gg gg 88 gg ,ggg,,g...",decompyle3:not_run:;pylingual:not_run:
cpython-314,data/rq3/cpython-3.14/unique_bug_pyc/cpython-314-f1c8e49dddf7.pyc,unconfirmed,original bytecode status ok:,ok,,,"decompyle3:error:# decompyle3 version 3.9.3 # Python bytecode version base 3.14 (3627) # Decompiled from: Python 3.14.5 (main, Jun 2 2026, 22:25:17) [Clang 22.1.3 ] # Embedded file name: data/rq3/cpython-3.14/unittest_seeds/raw/cpython_case_test_contextl...;pylingual:error:──────────────────────────────────────────────────────────────────────────────── ,ggggggggggg, ,gggg, dP""""""88""""""""""""Y8, d8"" ""8I ,dPYb, Yb, 88 `8b 88 ,dP IP'`Yb `"" 88 ,8P 8888888P"" gg I8 8I 88aaaad8P"" 88 """" I8 8' 88""""""""""gg gg 88 gg ,ggg,,g...",decompyle3:not_run:;pylingual:not_run:
cpython-314,data/rq3/cpython-3.14/unique_bug_pyc/cpython-314-f200976d9042.pyc,unconfirmed,original bytecode status ok:,ok,,,"decompyle3:exit_2:/home/awen/git/PybcSEC/PycLens/data/rq2/envs/cpython-314/lib/python3.14/site-packages/click/core.py:1307: UserWarning: The parameter --version is used more than once. Remove its duplicate as parameters should be unique. parser = self.mak...;pylingual:error:──────────────────────────────────────────────────────────────────────────────── ,ggggggggggg, ,gggg, dP""""""88""""""""""""Y8, d8"" ""8I ,dPYb, Yb, 88 `8b 88 ,dP IP'`Yb `"" 88 ,8P 8888888P"" gg I8 8I 88aaaad8P"" 88 """" I8 8' 88""""""""""gg gg 88 gg ,ggg,,g...",decompyle3:not_run:;pylingual:not_run:
cpython-314,data/rq3/cpython-3.14/unique_bug_pyc/cpython-314-f2f244994ac7.pyc,unconfirmed,original bytecode status ok:,ok,,,"decompyle3:error:# decompyle3 version 3.9.3 # Python bytecode version base 3.14 (3627) # Decompiled from: Python 3.14.5 (main, Jun 2 2026, 22:25:17) [Clang 22.1.3 ] # Embedded file name: data/rq3/cpython-3.14/unittest_seeds/raw/cpython_case_test_poplib_T...;pylingual:error:──────────────────────────────────────────────────────────────────────────────── ,ggggggggggg, ,gggg, dP""""""88""""""""""""Y8, d8"" ""8I ,dPYb, Yb, 88 `8b 88 ,dP IP'`Yb `"" 88 ,8P 8888888P"" gg I8 8I 88aaaad8P"" 88 """" I8 8' 88""""""""""gg gg 88 gg ,ggg,,g...",decompyle3:not_run:;pylingual:not_run:
cpython-314,data/rq3/cpython-3.14/unique_bug_pyc/cpython-314-faec1a90026d.pyc,no_source,"# decompyle3 version 3.9.3 # Python bytecode version base 3.14 (3627) # Decompiled from: Python 3.14.5 (main, Jun 2 2026, 22:25:17) [Clang 22.1.3 ] # Embedded file name: data/rq3/cpython-3.14/unittest_seeds/raw/cpython_case_tes%_fnmatch_...",crash,signal_11:,,"decompyle3:error:# decompyle3 version 3.9.3 # Python bytecode version base 3.14 (3627) # Decompiled from: Python 3.14.5 (main, Jun 2 2026, 22:25:17) [Clang 22.1.3 ] # Embedded file name: data/rq3/cpython-3.14/unittest_seeds/raw/cpython_case_tes%_fnmatch_...;pylingual:error:──────────────────────────────────────────────────────────────────────────────── ,ggggggggggg, ,gggg, dP""""""88""""""""""""Y8, d8"" ""8I ,dPYb, Yb, 88 `8b 88 ,dP IP'`Yb `"" 88 ,8P 8888888P"" gg I8 8I 88aaaad8P"" 88 """" I8 8' 88""""""""""gg gg 88 gg ,ggg,,g...",decompyle3:not_run:;pylingual:not_run:
cpython-314,data/rq3/cpython-3.14/unique_bug_pyc/cpython-314-fd3f53dc4bd4.pyc,no_source,"# decompyle3 version 3.9.3 # Python bytecode version base 3.14 (3627) # Decompiled from: Python 3.14.5 (main, Jun 2 2026, 22:25:17) [Clang 22.1.3 ] # Embedded file name: data/rq3/cpython-3.14/unittest_seeds/raw/cpython_case_test_generato...",crash,signal_11:,,"decompyle3:error:# decompyle3 version 3.9.3 # Python bytecode version base 3.14 (3627) # Decompiled from: Python 3.14.5 (main, Jun 2 2026, 22:25:17) [Clang 22.1.3 ] # Embedded file name: data/rq3/cpython-3.14/unittest_seeds/raw/cpython_case_test_generato...;pylingual:error:──────────────────────────────────────────────────────────────────────────────── ,ggggggggggg, ,gggg, dP""""""88""""""""""""Y8, d8"" ""8I ,dPYb, Yb, 88 `8b 88 ,dP IP'`Yb `"" 88 ,8P 8888888P"" gg I8 8I 88aaaad8P"" 88 """" I8 8' 88""""""""""gg gg 88 gg ,ggg,,g...",decompyle3:not_run:;pylingual:not_run:
cpython-314,data/rq3/cpython-3.14/unique_bug_pyc/cpython-314-fdb81fc0ec9d.pyc,unconfirmed,original bytecode status ok:,ok,,,"decompyle3:error:# decompyle3 version 3.9.3 # Python bytecode version base 3.14 (3627) # Decompiled from: Python 3.14.5 (main, Jun 2 2026, 22:25:17) [Clang 22.1.3 ] # Embedded file name: data/rq3/cpython-3.14/unittest_seeds/raw/cpython_case_test_statisti...;pylingual:error:──────────────────────────────────────────────────────────────────────────────── ,ggggggggggg, ,gggg, dP""""""88""""""""""""Y8, d8"" ""8I ,dPYb, Yb, 88 `8b 88 ,dP IP'`Yb `"" 88 ,8P 8888888P"" gg I8 8I 88aaaad8P"" 88 """" I8 8' 88""""""""""gg gg 88 gg ,ggg,,g...",decompyle3:not_run:;pylingual:not_run:
cpython-314,data/rq3/cpython-3.14/unique_bug_pyc/cpython-314-ff2e19ab702e.pyc,no_source,"# decompyle3 version 3.9.3 # Python bytecode version base 3.14 (3627) # Decompiled from: Python 3.14.5 (main, Jun 2 2026, 22:25:17) [Clang 22.1.3 ] # Embedded file name: data/rq3/cpython-3.14/unittest_seeds/raw/cpython_case_test_hashlib_...",crash,signal_11:,,"decompyle3:error:# decompyle3 version 3.9.3 # Python bytecode version base 3.14 (3627) # Decompiled from: Python 3.14.5 (main, Jun 2 2026, 22:25:17) [Clang 22.1.3 ] # Embedded file name: data/rq3/cpython-3.14/unittest_seeds/raw/cpython_case_test_hashlib_...;pylingual:error:──────────────────────────────────────────────────────────────────────────────── ,ggggggggggg, ,gggg, dP""""""88""""""""""""Y8, d8"" ""8I ,dPYb, Yb, 88 `8b 88 ,dP IP'`Yb `"" 88 ,8P 8888888P"" gg I8 8I 88aaaad8P"" 88 """" I8 8' 88""""""""""gg gg 88 gg ,ggg,,g...",decompyle3:not_run:;pylingual:not_run:
cpython-314,data/rq3/cpython-3.14/unique_bug_pyc/cpython-314-ff92b733b4c2.pyc,unconfirmed,original bytecode status ok:,ok,,,"decompyle3:error:# decompyle3 version 3.9.3 # Python bytecode version base 3.14 (3627) # Decompiled from: Python 3.14.5 (main, Jun 2 2026, 22:25:17) [Clang 22.1.3 ] # Embedded file name: data/rq3/cpython-3.14/unittest_seeds/raw/cpython_case_test_frame_Te...;pylingual:error:──────────────────────────────────────────────────────────────────────────────── ,ggggggggggg, ,gggg, dP""""""88""""""""""""Y8, d8"" ""8I ,dPYb, Yb, 88 `8b 88 ,dP IP'`Yb `"" 88 ,8P 8888888P"" gg I8 8I 88aaaad8P"" 88 """" I8 8' 88""""""""""gg gg 88 gg ,ggg,,g...",decompyle3:not_run:;pylingual:not_run:
cpython-38,data/rq3/cpython-3.8/unique_bug_pyc/cpython-38-05df3261717a.pyc,unconfirmed,original bytecode status ok:,ok,,,"decompyle3:exit_1:Traceback (most recent call last): File ""data/rq2/envs/cpython-38/bin/decompyle3"", line 8, in <module> sys.exit(main_bin()) File ""/home/awen/git/PybcSEC/PycLens/data/rq2/envs/cpython-38/lib/python3.8/site-packages/click/core.py"", line 11...;pylingual:error:──────────────────────────────────────────────────────────────────────────────── ,ggggggggggg, ,gggg, dP""""""88""""""""""""Y8, d8"" ""8I ,dPYb, Yb, 88 `8b 88 ,dP IP'`Yb `"" 88 ,8P 8888888P"" gg I8 8I 88aaaad8P"" 88 """" I8 8' 88""""""""""gg gg 88 gg ,ggg,,g...",decompyle3:not_run:;pylingual:not_run:
cpython-38,data/rq3/cpython-3.8/unique_bug_pyc/cpython-38-066caaa07121.pyc,compile_failure,"Traceback (most recent call last): File ""<string>"", line 10, in <module> File ""data/rq4/source_candidates/cpython-38/cpython-38-066caaa07121/decompyle3.py"", line 6 expr ::= LOAD_CODE (1) ^ IndentationError: unexpected indent",crash,signal_11:,,"decompyle3:ok:;pylingual:error:──────────────────────────────────────────────────────────────────────────────── ,ggggggggggg, ,gggg, dP""""""88""""""""""""Y8, d8"" ""8I ,dPYb, Yb, 88 `8b 88 ,dP IP'`Yb `"" 88 ,8P 8888888P"" gg I8 8I 88aaaad8P"" 88 """" I8 8' 88""""""""""gg gg 88 gg ,ggg,,g...","decompyle3:exit_1:Traceback (most recent call last): File ""<string>"", line 10, in <module> File ""data/rq4/source_candidates/cpython-38/cpython-38-066caaa07121/decompyle3.py"", line 6 expr ::= LOAD_CODE (1) ^ IndentationError: unexpected indent;pylingual:not_run:"
cpython-38,data/rq3/cpython-3.8/unique_bug_pyc/cpython-38-0854bfe32a3d.pyc,unconfirmed,original bytecode status ok:,ok,,,"decompyle3:ok:;pylingual:error:──────────────────────────────────────────────────────────────────────────────── ,ggggggggggg, ,gggg, dP""""""88""""""""""""Y8, d8"" ""8I ,dPYb, Yb, 88 `8b 88 ,dP IP'`Yb `"" 88 ,8P 8888888P"" gg I8 8I 88aaaad8P"" 88 """" I8 8' 88""""""""""gg gg 88 gg ,ggg,,g...","decompyle3:exit_1:Traceback (most recent call last): File ""<string>"", line 10, in <module> ValueError: source code string cannot contain null bytes;pylingual:not_run:"
cpython-38,data/rq3/cpython-3.8/unique_bug_pyc/cpython-38-090d20812f42.pyc,compile_failure,"Traceback (most recent call last): File ""<string>"", line 10, in <module> File ""data/rq4/source_candidates/cpython-38/cpython-38-090d20812f42/decompyle3.py"", line 6 expr ::= LOAD_STR (1) ^ IndentationError: unexpected indent",crash,signal_11:,,"decompyle3:ok:;pylingual:error:──────────────────────────────────────────────────────────────────────────────── ,ggggggggggg, ,gggg, dP""""""88""""""""""""Y8, d8"" ""8I ,dPYb, Yb, 88 `8b 88 ,dP IP'`Yb `"" 88 ,8P 8888888P"" gg I8 8I 88aaaad8P"" 88 """" I8 8' 88""""""""""gg gg 88 gg ,ggg,,g...","decompyle3:exit_1:Traceback (most recent call last): File ""<string>"", line 10, in <module> File ""data/rq4/source_candidates/cpython-38/cpython-38-090d20812f42/decompyle3.py"", line 6 expr ::= LOAD_STR (1) ^ IndentationError: unexpected indent;pylingual:not_run:"
cpython-38,data/rq3/cpython-3.8/unique_bug_pyc/cpython-38-09cf932ac7c9.pyc,no_source,"Unknown type 64 (hex 40) @ Unknown type 0 (hex 0) \\0 Unknown type 0 (hex 0) \\0 Unknown type 0 (hex 0) \\0 Traceback (most recent call last): File ""/home/awen/git/PybcSEC/PycLens/data/rq2/envs/cpython-38/lib/python3.8/site-packages/xdis/load....",crash,signal_11:,,"decompyle3:exit_2:Unknown type 64 (hex 40) @ Unknown type 0 (hex 0) \\0 Unknown type 0 (hex 0) \\0 Unknown type 0 (hex 0) \\0 Traceback (most recent call last): File ""/home/awen/git/PybcSEC/PycLens/data/rq2/envs/cpython-38/lib/python3.8/site-packages/xdis/load....;pylingual:error:──────────────────────────────────────────────────────────────────────────────── ,ggggggggggg, ,gggg, dP""""""88""""""""""""Y8, d8"" ""8I ,dPYb, Yb, 88 `8b 88 ,dP IP'`Yb `"" 88 ,8P 8888888P"" gg I8 8I 88aaaad8P"" 88 """" I8 8' 88""""""""""gg gg 88 gg ,ggg,,g...",decompyle3:not_run:;pylingual:not_run:
cpython-38,data/rq3/cpython-3.8/unique_bug_pyc/cpython-38-0d8d30d8e4ff.pyc,unconfirmed,original bytecode status ok:,ok,,,"decompyle3:ok:;pylingual:error:──────────────────────────────────────────────────────────────────────────────── ,ggggggggggg, ,gggg, dP""""""88""""""""""""Y8, d8"" ""8I ,dPYb, Yb, 88 `8b 88 ,dP IP'`Yb `"" 88 ,8P 8888888P"" gg I8 8I 88aaaad8P"" 88 """" I8 8' 88""""""""""gg gg 88 gg ,ggg,,g...","decompyle3:exit_1:Traceback (most recent call last): File ""<string>"", line 10, in <module> File ""data/rq4/source_candidates/cpython-38/cpython-38-0d8d30d8e4ff/decompyle3.py"", line 6 expr ::= LOAD_CODE (1) ^ IndentationError: unexpected indent;pylingual:not_run:"
cpython-38,data/rq3/cpython-3.8/unique_bug_pyc/cpython-38-0e6ea9f74fdd.pyc,unconfirmed,original bytecode status ok:,ok,,,"decompyle3:exit_1:Traceback (most recent call last): File ""data/rq2/envs/cpython-38/bin/decompyle3"", line 8, in <module> sys.exit(main_bin()) File ""/home/awen/git/PybcSEC/PycLens/data/rq2/envs/cpython-38/lib/python3.8/site-packages/click/core.py"", line 11...;pylingual:error:──────────────────────────────────────────────────────────────────────────────── ,ggggggggggg, ,gggg, dP""""""88""""""""""""Y8, d8"" ""8I ,dPYb, Yb, 88 `8b 88 ,dP IP'`Yb `"" 88 ,8P 8888888P"" gg I8 8I 88aaaad8P"" 88 """" I8 8' 88""""""""""gg gg 88 gg ,ggg,,g...",decompyle3:not_run:;pylingual:not_run:
cpython-38,data/rq3/cpython-3.8/unique_bug_pyc/cpython-38-1023437964e6.pyc,unconfirmed,original bytecode status ok:,ok,,,"decompyle3:exit_1:Traceback (most recent call last): File ""data/rq2/envs/cpython-38/bin/decompyle3"", line 8, in <module> sys.exit(main_bin()) File ""/home/awen/git/PybcSEC/PycLens/data/rq2/envs/cpython-38/lib/python3.8/site-packages/click/core.py"", line 11...;pylingual:error:──────────────────────────────────────────────────────────────────────────────── ,ggggggggggg, ,gggg, dP""""""88""""""""""""Y8, d8"" ""8I ,dPYb, Yb, 88 `8b 88 ,dP IP'`Yb `"" 88 ,8P 8888888P"" gg I8 8I 88aaaad8P"" 88 """" I8 8' 88""""""""""gg gg 88 gg ,ggg,,g...",decompyle3:not_run:;pylingual:not_run:
cpython-38,data/rq3/cpython-3.8/unique_bug_pyc/cpython-38-172b46bc6f63.pyc,unconfirmed,original bytecode status ok:,ok,,,"decompyle3:exit_1:Traceback (most recent call last): File ""data/rq2/envs/cpython-38/bin/decompyle3"", line 8, in <module> sys.exit(main_bin()) File ""/home/awen/git/PybcSEC/PycLens/data/rq2/envs/cpython-38/lib/python3.8/site-packages/click/core.py"", line 11...;pylingual:error:──────────────────────────────────────────────────────────────────────────────── ,ggggggggggg, ,gggg, dP""""""88""""""""""""Y8, d8"" ""8I ,dPYb, Yb, 88 `8b 88 ,dP IP'`Yb `"" 88 ,8P 8888888P"" gg I8 8I 88aaaad8P"" 88 """" I8 8' 88""""""""""gg gg 88 gg ,ggg,,g...",decompyle3:not_run:;pylingual:not_run:
cpython-38,data/rq3/cpython-3.8/unique_bug_pyc/cpython-38-19240d2dd11b.pyc,unconfirmed,original bytecode status ok:,ok,,,"decompyle3:ok:;pylingual:error:──────────────────────────────────────────────────────────────────────────────── ,ggggggggggg, ,gggg, dP""""""88""""""""""""Y8, d8"" ""8I ,dPYb, Yb, 88 `8b 88 ,dP IP'`Yb `"" 88 ,8P 8888888P"" gg I8 8I 88aaaad8P"" 88 """" I8 8' 88""""""""""gg gg 88 gg ,ggg,,g...","decompyle3:exit_1:Traceback (most recent call last): File ""<string>"", line 10, in <module> File ""data/rq4/source_candidates/cpython-38/cpython-38-19240d2dd11b/decompyle3.py"", line 6 expr ::= LOAD_CODE (1) ^ IndentationError: unexpected indent;pylingual:not_run:"
cpython-38,data/rq3/cpython-3.8/unique_bug_pyc/cpython-38-1f2a015a29bd.pyc,unconfirmed,original bytecode status ok:,ok,,,"decompyle3:ok:;pylingual:error:──────────────────────────────────────────────────────────────────────────────── ,ggggggggggg, ,gggg, dP""""""88""""""""""""Y8, d8"" ""8I ,dPYb, Yb, 88 `8b 88 ,dP IP'`Yb `"" 88 ,8P 8888888P"" gg I8 8I 88aaaad8P"" 88 """" I8 8' 88""""""""""gg gg 88 gg ,ggg,,g...","decompyle3:exit_1:Traceback (most recent call last): File ""<string>"", line 10, in <module> File ""data/rq4/source_candidates/cpython-38/cpython-38-1f2a015a29bd/decompyle3.py"", line 6 expr ::= LOAD_CODE (1) ^ IndentationError: unexpected indent;pylingual:not_run:"
cpython-38,data/rq3/cpython-3.8/unique_bug_pyc/cpython-38-20708f610337.pyc,compile_failure,"Traceback (most recent call last): File ""<string>"", line 10, in <module> File ""data/rq4/source_candidates/cpython-38/cpython-38-20708f610337/decompyle3.py"", line 6 expr ::= LOAD_CODE (1) ^ IndentationError: unexpected indent",crash,"signal_11:XXX lineno: 5, opcode: 0 Traceback (most recent call last): File ""data/rq4/harness.py"", line 26, in <module> exec(code, namespace, namespace) File ""data/rq3/cpython-3.8/unittest_seds/raw/cpython_case_test_io_BufferedWriterTest_test_slow...",,"decompyle3:ok:;pylingual:error:──────────────────────────────────────────────────────────────────────────────── ,ggggggggggg, ,gggg, dP""""""88""""""""""""Y8, d8"" ""8I ,dPYb, Yb, 88 `8b 88 ,dP IP'`Yb `"" 88 ,8P 8888888P"" gg I8 8I 88aaaad8P"" 88 """" I8 8' 88""""""""""gg gg 88 gg ,ggg,,g...","decompyle3:exit_1:Traceback (most recent call last): File ""<string>"", line 10, in <module> File ""data/rq4/source_candidates/cpython-38/cpython-38-20708f610337/decompyle3.py"", line 6 expr ::= LOAD_CODE (1) ^ IndentationError: unexpected indent;pylingual:not_run:"
cpython-38,data/rq3/cpython-3.8/unique_bug_pyc/cpython-38-249214d51726.pyc,compile_failure,"Traceback (most recent call last): File ""<string>"", line 10, in <module> File ""data/rq4/source_candidates/cpython-38/cpython-38-249214d51726/decompyle3.py"", line 7 -- Stacks of completed symbols: ^ SyntaxError: invalid syntax",crash,signal_11:,,"decompyle3:ok:;pylingual:error:──────────────────────────────────────────────────────────────────────────────── ,ggggggggggg, ,gggg, dP""""""88""""""""""""Y8, d8"" ""8I ,dPYb, Yb, 88 `8b 88 ,dP IP'`Yb `"" 88 ,8P 8888888P"" gg I8 8I 88aaaad8P"" 88 """" I8 8' 88""""""""""gg gg 88 gg ,ggg,,g...","decompyle3:exit_1:Traceback (most recent call last): File ""<string>"", line 10, in <module> File ""data/rq4/source_candidates/cpython-38/cpython-38-249214d51726/decompyle3.py"", line 7 -- Stacks of completed symbols: ^ SyntaxError: invalid syntax;pylingual:not_run:"
cpython-38,data/rq3/cpython-3.8/unique_bug_pyc/cpython-38-24c19c696e1b.pyc,unconfirmed,original bytecode status ok:,ok,,,"decompyle3:ok:;pylingual:error:──────────────────────────────────────────────────────────────────────────────── ,ggggggggggg, ,gggg, dP""""""88""""""""""""Y8, d8"" ""8I ,dPYb, Yb, 88 `8b 88 ,dP IP'`Yb `"" 88 ,8P 8888888P"" gg I8 8I 88aaaad8P"" 88 """" I8 8' 88""""""""""gg gg 88 gg ,ggg,,g...","decompyle3:exit_1:Traceback (most recent call last): File ""<string>"", line 10, in <module> File ""data/rq4/source_candidates/cpython-38/cpython-38-24c19c696e1b/decompyle3.py"", line 6 expr ::= LOAD_CODE (1) ^ IndentationError: unexpected indent;pylingual:not_run:"
cpython-38,data/rq3/cpython-3.8/unique_bug_pyc/cpython-38-2b1955af2c5d.pyc,compile_failure,"Traceback (most recent call last): File ""<string>"", line 10, in <module> File ""data/rq4/source_candidates/cpython-38/cpython-38-2b1955af2c5d/decompyle3.py"", line 7 -- Stacks of completed symbols: ^ SyntaxError: invalid syntax",crash,signal_11:,,"decompyle3:ok:;pylingual:error:──────────────────────────────────────────────────────────────────────────────── ,ggggggggggg, ,gggg, dP""""""88""""""""""""Y8, d8"" ""8I ,dPYb, Yb, 88 `8b 88 ,dP IP'`Yb `"" 88 ,8P 8888888P"" gg I8 8I 88aaaad8P"" 88 """" I8 8' 88""""""""""gg gg 88 gg ,ggg,,g...","decompyle3:exit_1:Traceback (most recent call last): File ""<string>"", line 10, in <module> File ""data/rq4/source_candidates/cpython-38/cpython-38-2b1955af2c5d/decompyle3.py"", line 7 -- Stacks of completed symbols: ^ SyntaxError: invalid syntax;pylingual:not_run:"
cpython-38,data/rq3/cpython-3.8/unique_bug_pyc/cpython-38-2e8fd71ffa83.pyc,compile_failure,"Traceback (most recent call last): File ""<string>"", line 10, in <module> File ""data/rq4/source_candidates/cpython-38/cpython-38-2e8fd71ffa83/decompyle3.py"", line 6 expr ::= LOAD_CODE (1) ^ IndentationError: unexpected indent",crash,signal_11:,,"decompyle3:ok:;pylingual:error:──────────────────────────────────────────────────────────────────────────────── ,ggggggggggg, ,gggg, dP""""""88""""""""""""Y8, d8"" ""8I ,dPYb, Yb, 88 `8b 88 ,dP IP'`Yb `"" 88 ,8P 8888888P"" gg I8 8I 88aaaad8P"" 88 """" I8 8' 88""""""""""gg gg 88 gg ,ggg,,g...","decompyle3:exit_1:Traceback (most recent call last): File ""<string>"", line 10, in <module> File ""data/rq4/source_candidates/cpython-38/cpython-38-2e8fd71ffa83/decompyle3.py"", line 6 expr ::= LOAD_CODE (1) ^ IndentationError: unexpected indent;pylingual:not_run:"
cpython-38,data/rq3/cpython-3.8/unique_bug_pyc/cpython-38-303ca82731f8.pyc,unconfirmed,original bytecode status ok:,ok,,,"decompyle3:ok:;pylingual:error:──────────────────────────────────────────────────────────────────────────────── ,ggggggggggg, ,gggg, dP""""""88""""""""""""Y8, d8"" ""8I ,dPYb, Yb, 88 `8b 88 ,dP IP'`Yb `"" 88 ,8P 8888888P"" gg I8 8I 88aaaad8P"" 88 """" I8 8' 88""""""""""gg gg 88 gg ,ggg,,g...","decompyle3:exit_1:Traceback (most recent call last): File ""<string>"", line 10, in <module> File ""data/rq4/source_candidates/cpython-38/cpython-38-303ca82731f8/decompyle3.py"", line 6 expr ::= LOAD_CODE (1) ^ IndentationError: unexpected indent;pylingual:not_run:"
cpython-38,data/rq3/cpython-3.8/unique_bug_pyc/cpython-38-3161b78f9aee.pyc,compile_failure,"Traceback (most recent call last): File ""<string>"", line 10, in <module> File ""data/rq4/source_candidates/cpython-38/cpython-38-3161b78f9aee/decompyle3.py"", line 6 expr ::= LOAD_CODE (1) ^ IndentationError: unexpected indent",crash,signal_11:,,"decompyle3:ok:;pylingual:error:──────────────────────────────────────────────────────────────────────────────── ,ggggggggggg, ,gggg, dP""""""88""""""""""""Y8, d8"" ""8I ,dPYb, Yb, 88 `8b 88 ,dP IP'`Yb `"" 88 ,8P 8888888P"" gg I8 8I 88aaaad8P"" 88 """" I8 8' 88""""""""""gg gg 88 gg ,ggg,,g...","decompyle3:exit_1:Traceback (most recent call last): File ""<string>"", line 10, in <module> File ""data/rq4/source_candidates/cpython-38/cpython-38-3161b78f9aee/decompyle3.py"", line 6 expr ::= LOAD_CODE (1) ^ IndentationError: unexpected indent;pylingual:not_run:"
cpython-38,data/rq3/cpython-3.8/unique_bug_pyc/cpython-38-3243125a336d.pyc,no_source,Unknown magic number 9557 in data/rq3/cpython-3.8/unique_bug_pyc/cpython-38-3243125a336d.pyc,exit_1,"XXX lineno: 16, opcode: 0 Traceback (most recent call last): File ""data/rq4/harness.py"", line 26, in <module> exec(code, namespace, namespace) File ""data/rq3/cpython-3.8/unittest_seeds/raw/cpython_case_test_tarfile_WriteTestBase_test_eof...",,"decompyle3:exit_2:Unknown magic number 9557 in data/rq3/cpython-3.8/unique_bug_pyc/cpython-38-3243125a336d.pyc;pylingual:error:──────────────────────────────────────────────────────────────────────────────── ,ggggggggggg, ,gggg, dP""""""88""""""""""""Y8, d8"" ""8I ,dPYb, Yb, 88 `8b 88 ,dP IP'`Yb `"" 88 ,8P 8888888P"" gg I8 8I 88aaaad8P"" 88 """" I8 8' 88""""""""""gg gg 88 gg ,ggg,,g...",decompyle3:not_run:;pylingual:not_run:
cpython-38,data/rq3/cpython-3.8/unique_bug_pyc/cpython-38-3a9ae46839a6.pyc,compile_failure,"Traceback (most recent call last): File ""<string>"", line 10, in <module> File ""data/rq4/source_candidates/cpython-38/cpython-38-3a9ae46839a6/decompyle3.py"", line 6 expr ::= LOAD_CODE (1) ^ IndentationError: unexpected indent",exit_1,"XXX lineno: 11, opcode: 0 Traceback (most recent call last): File ""data/rq4/harness.py"", line 26, in <module> exec(code, namespace, namespace) File ""data/rq3/cpython-3.8/unittest_seeds/raw/cpython_case_test_optparse_TestExtendAddActions_...",,"decompyle3:ok:;pylingual:error:──────────────────────────────────────────────────────────────────────────────── ,ggggggggggg, ,gggg, dP""""""88""""""""""""Y8, d8"" ""8I ,dPYb, Yb, 88 `8b 88 ,dP IP'`Yb `"" 88 ,8P 8888888P"" gg I8 8I 88aaaad8P"" 88 """" I8 8' 88""""""""""gg gg 88 gg ,ggg,,g...","decompyle3:exit_1:Traceback (most recent call last): File ""<string>"", line 10, in <module> File ""data/rq4/source_candidates/cpython-38/cpython-38-3a9ae46839a6/decompyle3.py"", line 6 expr ::= LOAD_CODE (1) ^ IndentationError: unexpected indent;pylingual:not_run:"
cpython-38,data/rq3/cpython-3.8/unique_bug_pyc/cpython-38-3aadd7663e56.pyc,unconfirmed,original bytecode status ok:,ok,,,"decompyle3:ok:;pylingual:error:──────────────────────────────────────────────────────────────────────────────── ,ggggggggggg, ,gggg, dP""""""88""""""""""""Y8, d8"" ""8I ,dPYb, Yb, 88 `8b 88 ,dP IP'`Yb `"" 88 ,8P 8888888P"" gg I8 8I 88aaaad8P"" 88 """" I8 8' 88""""""""""gg gg 88 gg ,ggg,,g...","decompyle3:exit_1:Traceback (most recent call last): File ""<string>"", line 10, in <module> File ""data/rq4/source_candidates/cpython-38/cpython-38-3aadd7663e56/decompyle3.py"", line 6 expr ::= LOAD_CODE (1) ^ IndentationError: unexpected indent;pylingual:not_run:"
cpython-38,data/rq3/cpython-3.8/unique_bug_pyc/cpython-38-3ab86658b6dc.pyc,compile_failure,"Traceback (most recent call last): File ""<string>"", line 10, in <module> File ""data/rq4/source_candidates/cpython-38/cpython-38-3ab86658b6dc/decompyle3.py"", line 6 expr ::= LOAD_CODE (1) ^ IndentationError: unexpected indent",crash,signal_11:,,"decompyle3:ok:;pylingual:error:──────────────────────────────────────────────────────────────────────────────── ,ggggggggggg, ,gggg, dP""""""88""""""""""""Y8, d8"" ""8I ,dPYb, Yb, 88 `8b 88 ,dP IP'`Yb `"" 88 ,8P 8888888P"" gg I8 8I 88aaaad8P"" 88 """" I8 8' 88""""""""""gg gg 88 gg ,ggg,,g...","decompyle3:exit_1:Traceback (most recent call last): File ""<string>"", line 10, in <module> File ""data/rq4/source_candidates/cpython-38/cpython-38-3ab86658b6dc/decompyle3.py"", line 6 expr ::= LOAD_CODE (1) ^ IndentationError: unexpected indent;pylingual:not_run:"
cpython-38,data/rq3/cpython-3.8/unique_bug_pyc/cpython-38-3cebf488677b.pyc,unconfirmed,original bytecode status ok:,ok,,,"decompyle3:exit_1:Traceback (most recent call last): File ""data/rq2/envs/cpython-38/bin/decompyle3"", line 8, in <module> sys.exit(main_bin()) File ""/home/awen/git/PybcSEC/PycLens/data/rq2/envs/cpython-38/lib/python3.8/site-packages/click/core.py"", line 11...;pylingual:error:──────────────────────────────────────────────────────────────────────────────── ,ggggggggggg, ,gggg, dP""""""88""""""""""""Y8, d8"" ""8I ,dPYb, Yb, 88 `8b 88 ,dP IP'`Yb `"" 88 ,8P 8888888P"" gg I8 8I 88aaaad8P"" 88 """" I8 8' 88""""""""""gg gg 88 gg ,ggg,,g...",decompyle3:not_run:;pylingual:not_run:
cpython-38,data/rq3/cpython-3.8/unique_bug_pyc/cpython-38-3e047c1c71a3.pyc,unconfirmed,original bytecode status ok:,ok,,,"decompyle3:ok:;pylingual:error:──────────────────────────────────────────────────────────────────────────────── ,ggggggggggg, ,gggg, dP""""""88""""""""""""Y8, d8"" ""8I ,dPYb, Yb, 88 `8b 88 ,dP IP'`Yb `"" 88 ,8P 8888888P"" gg I8 8I 88aaaad8P"" 88 """" I8 8' 88""""""""""gg gg 88 gg ,ggg,,g...","decompyle3:exit_1:Traceback (most recent call last): File ""<string>"", line 10, in <module> File ""data/rq4/source_candidates/cpython-38/cpython-38-3e047c1c71a3/decompyle3.py"", line 6 expr ::= LOAD_CODE (1) ^ IndentationError: unexpected indent;pylingual:not_run:"
cpython-38,data/rq3/cpython-3.8/unique_bug_pyc/cpython-38-3f61d8bdc16f.pyc,compile_failure,"Traceback (most recent call last): File ""<string>"", line 10, in <module> File ""data/rq4/source_candidates/cpython-38/cpython-38-3f61d8bdc16f/decompyle3.py"", line 6 expr ::= LOAD_CODE (1) ^ IndentationError: unexpected indent",crash,signal_11:,,"decompyle3:ok:;pylingual:error:──────────────────────────────────────────────────────────────────────────────── ,ggggggggggg, ,gggg, dP""""""88""""""""""""Y8, d8"" ""8I ,dPYb, Yb, 88 `8b 88 ,dP IP'`Yb `"" 88 ,8P 8888888P"" gg I8 8I 88aaaad8P"" 88 """" I8 8' 88""""""""""gg gg 88 gg ,ggg,,g...","decompyle3:exit_1:Traceback (most recent call last): File ""<string>"", line 10, in <module> File ""data/rq4/source_candidates/cpython-38/cpython-38-3f61d8bdc16f/decompyle3.py"", line 6 expr ::= LOAD_CODE (1) ^ IndentationError: unexpected indent;pylingual:not_run:"
cpython-38,data/rq3/cpython-3.8/unique_bug_pyc/cpython-38-428375de16b7.pyc,unconfirmed,original bytecode status ok:,ok,,,"decompyle3:exit_1:Traceback (most recent call last): File ""data/rq2/envs/cpython-38/bin/decompyle3"", line 8, in <module> sys.exit(main_bin()) File ""/home/awen/git/PybcSEC/PycLens/data/rq2/envs/cpython-38/lib/python3.8/site-packages/click/core.py"", line 11...;pylingual:error:──────────────────────────────────────────────────────────────────────────────── ,ggggggggggg, ,gggg, dP""""""88""""""""""""Y8, d8"" ""8I ,dPYb, Yb, 88 `8b 88 ,dP IP'`Yb `"" 88 ,8P 8888888P"" gg I8 8I 88aaaad8P"" 88 """" I8 8' 88""""""""""gg gg 88 gg ,ggg,,g...",decompyle3:not_run:;pylingual:not_run:
cpython-38,data/rq3/cpython-3.8/unique_bug_pyc/cpython-38-44ba254511c5.pyc,unconfirmed,original bytecode status ok:,ok,,,"decompyle3:ok:;pylingual:error:──────────────────────────────────────────────────────────────────────────────── ,ggggggggggg, ,gggg, dP""""""88""""""""""""Y8, d8"" ""8I ,dPYb, Yb, 88 `8b 88 ,dP IP'`Yb `"" 88 ,8P 8888888P"" gg I8 8I 88aaaad8P"" 88 """" I8 8' 88""""""""""gg gg 88 gg ,ggg,,g...","decompyle3:exit_1:Traceback (most recent call last): File ""<string>"", line 10, in <module> ValueError: source code string cannot contain null bytes;pylingual:not_run:"
cpython-38,data/rq3/cpython-3.8/unique_bug_pyc/cpython-38-44ebdca69235.pyc,compile_failure,"Traceback (most recent call last): File ""<string>"", line 10, in <module> File ""data/rq4/source_candidates/cpython-38/cpython-38-44ebdca69235/decompyle3.py"", line 6 expr ::= LOAD_CODE (1) ^ IndentationError: unexpected indent",crash,signal_11:,,"decompyle3:ok:;pylingual:error:──────────────────────────────────────────────────────────────────────────────── ,ggggggggggg, ,gggg, dP""""""88""""""""""""Y8, d8"" ""8I ,dPYb, Yb, 88 `8b 88 ,dP IP'`Yb `"" 88 ,8P 8888888P"" gg I8 8I 88aaaad8P"" 88 """" I8 8' 88""""""""""gg gg 88 gg ,ggg,,g...","decompyle3:exit_1:Traceback (most recent call last): File ""<string>"", line 10, in <module> File ""data/rq4/source_candidates/cpython-38/cpython-38-44ebdca69235/decompyle3.py"", line 6 expr ::= LOAD_CODE (1) ^ IndentationError: unexpected indent;pylingual:not_run:"
cpython-38,data/rq3/cpython-3.8/unique_bug_pyc/cpython-38-454c478e6d71.pyc,compile_failure,"Traceback (most recent call last): File ""<string>"", line 10, in <module> File ""data/rq4/source_candidates/cpython-38/cpython-38-454c478e6d71/decompyle3.py"", line 6 expr ::= LOAD_CODE (1) ^ IndentationError: unexpected indent",crash,signal_11:,,"decompyle3:ok:;pylingual:error:──────────────────────────────────────────────────────────────────────────────── ,ggggggggggg, ,gggg, dP""""""88""""""""""""Y8, d8"" ""8I ,dPYb, Yb, 88 `8b 88 ,dP IP'`Yb `"" 88 ,8P 8888888P"" gg I8 8I 88aaaad8P"" 88 """" I8 8' 88""""""""""gg gg 88 gg ,ggg,,g...","decompyle3:exit_1:Traceback (most recent call last): File ""<string>"", line 10, in <module> File ""data/rq4/source_candidates/cpython-38/cpython-38-454c478e6d71/decompyle3.py"", line 6 expr ::= LOAD_CODE (1) ^ IndentationError: unexpected indent;pylingual:not_run:"
cpython-38,data/rq3/cpython-3.8/unique_bug_pyc/cpython-38-46a59a1a86c9.pyc,unconfirmed,original bytecode status ok:,ok,,,"decompyle3:exit_1:Traceback (most recent call last): File ""data/rq2/envs/cpython-38/bin/decompyle3"", line 8, in <module> sys.exit(main_bin()) File ""/home/awen/git/PybcSEC/PycLens/data/rq2/envs/cpython-38/lib/python3.8/site-packages/click/core.py"", line 11...;pylingual:error:──────────────────────────────────────────────────────────────────────────────── ,ggggggggggg, ,gggg, dP""""""88""""""""""""Y8, d8"" ""8I ,dPYb, Yb, 88 `8b 88 ,dP IP'`Yb `"" 88 ,8P 8888888P"" gg I8 8I 88aaaad8P"" 88 """" I8 8' 88""""""""""gg gg 88 gg ,ggg,,g...",decompyle3:not_run:;pylingual:not_run:
cpython-38,data/rq3/cpython-3.8/unique_bug_pyc/cpython-38-4938b2ed0078.pyc,compile_failure,"Traceback (most recent call last): File ""<string>"", line 10, in <module> File ""data/rq4/source_candidates/cpython-38/cpython-38-4938b2ed0078/decompyle3.py"", line 7 -- Stacks of completed symbols: ^ SyntaxError: invalid syntax",crash,signal_11:,,"decompyle3:ok:;pylingual:error:──────────────────────────────────────────────────────────────────────────────── ,ggggggggggg, ,gggg, dP""""""88""""""""""""Y8, d8"" ""8I ,dPYb, Yb, 88 `8b 88 ,dP IP'`Yb `"" 88 ,8P 8888888P"" gg I8 8I 88aaaad8P"" 88 """" I8 8' 88""""""""""gg gg 88 gg ,ggg,,g...","decompyle3:exit_1:Traceback (most recent call last): File ""<string>"", line 10, in <module> File ""data/rq4/source_candidates/cpython-38/cpython-38-4938b2ed0078/decompyle3.py"", line 7 -- Stacks of completed symbols: ^ SyntaxError: invalid syntax;pylingual:not_run:"
cpython-38,data/rq3/cpython-3.8/unique_bug_pyc/cpython-38-4c86157e7344.pyc,compile_failure,"Traceback (most recent call last): File ""<string>"", line 10, in <module> File ""data/rq4/source_candidates/cpython-38/cpython-38-4c86157e7344/decompyle3.py"", line 6 expr ::= LOAD_CODE (1) ^ IndentationError: unexpected indent",crash,signal_7:,,"decompyle3:ok:;pylingual:error:──────────────────────────────────────────────────────────────────────────────── ,ggggggggggg, ,gggg, dP""""""88""""""""""""Y8, d8"" ""8I ,dPYb, Yb, 88 `8b 88 ,dP IP'`Yb `"" 88 ,8P 8888888P"" gg I8 8I 88aaaad8P"" 88 """" I8 8' 88""""""""""gg gg 88 gg ,ggg,,g...","decompyle3:exit_1:Traceback (most recent call last): File ""<string>"", line 10, in <module> File ""data/rq4/source_candidates/cpython-38/cpython-38-4c86157e7344/decompyle3.py"", line 6 expr ::= LOAD_CODE (1) ^ IndentationError: unexpected indent;pylingual:not_run:"
cpython-38,data/rq3/cpython-3.8/unique_bug_pyc/cpython-38-53f6a7b34475.pyc,compile_failure,"Traceback (most recent call last): File ""<string>"", line 10, in <module> File ""data/rq4/source_candidates/cpython-38/cpython-38-53f6a7b34475/decompyle3.py"", line 6 expr ::= LOAD_CODE (1) ^ IndentationError: unexpected indent",crash,"signal_6:Fatal Python error: XXX block stack underflow Python runtime state: initialized Current thread 0x00007c4c6bd17000 (most recent call first): File ""data/rq3/cpython-3.8/unittest_seeds/raw/cpython_case_test_inspect_TestRetrievingSourceCode_...",,"decompyle3:ok:;pylingual:error:──────────────────────────────────────────────────────────────────────────────── ,ggggggggggg, ,gggg, dP""""""88""""""""""""Y8, d8"" ""8I ,dPYb, Yb, 88 `8b 88 ,dP IP'`Yb `"" 88 ,8P 8888888P"" gg I8 8I 88aaaad8P"" 88 """" I8 8' 88""""""""""gg gg 88 gg ,ggg,,g...","decompyle3:exit_1:Traceback (most recent call last): File ""<string>"", line 10, in <module> File ""data/rq4/source_candidates/cpython-38/cpython-38-53f6a7b34475/decompyle3.py"", line 6 expr ::= LOAD_CODE (1) ^ IndentationError: unexpected indent;pylingual:not_run:"
cpython-38,data/rq3/cpython-3.8/unique_bug_pyc/cpython-38-55547475b2b6.pyc,compile_failure,"Traceback (most recent call last): File ""<string>"", line 10, in <module> File ""data/rq4/source_candidates/cpython-38/cpython-38-55547475b2b6/decompyle3.py"", line 6 expr ::= LOAD_CODE (1) ^ IndentationError: unexpected indent",crash,signal_11:,,"decompyle3:ok:;pylingual:error:──────────────────────────────────────────────────────────────────────────────── ,ggggggggggg, ,gggg, dP""""""88""""""""""""Y8, d8"" ""8I ,dPYb, Yb, 88 `8b 88 ,dP IP'`Yb `"" 88 ,8P 8888888P"" gg I8 8I 88aaaad8P"" 88 """" I8 8' 88""""""""""gg gg 88 gg ,ggg,,g...","decompyle3:exit_1:Traceback (most recent call last): File ""<string>"", line 10, in <module> File ""data/rq4/source_candidates/cpython-38/cpython-38-55547475b2b6/decompyle3.py"", line 6 expr ::= LOAD_CODE (1) ^ IndentationError: unexpected indent;pylingual:not_run:"
cpython-38,data/rq3/cpython-3.8/unique_bug_pyc/cpython-38-5ae2b60981c2.pyc,unconfirmed,original bytecode status ok:,ok,,,"decompyle3:ok:;pylingual:error:──────────────────────────────────────────────────────────────────────────────── ,ggggggggggg, ,gggg, dP""""""88""""""""""""Y8, d8"" ""8I ,dPYb, Yb, 88 `8b 88 ,dP IP'`Yb `"" 88 ,8P 8888888P"" gg I8 8I 88aaaad8P"" 88 """" I8 8' 88""""""""""gg gg 88 gg ,ggg,,g...","decompyle3:exit_1:Traceback (most recent call last): File ""<string>"", line 10, in <module> File ""data/rq4/source_candidates/cpython-38/cpython-38-5ae2b60981c2/decompyle3.py"", line 6 expr ::= LOAD_CODE (1) ^ IndentationError: unexpected indent;pylingual:not_run:"
cpython-38,data/rq3/cpython-3.8/unique_bug_pyc/cpython-38-5e5346c1cf8a.pyc,unconfirmed,original bytecode status ok:,ok,,,"decompyle3:exit_1:Traceback (most recent call last): File ""data/rq2/envs/cpython-38/bin/decompyle3"", line 8, in <module> sys.exit(main_bin()) File ""/home/awen/git/PybcSEC/PycLens/data/rq2/envs/cpython-38/lib/python3.8/site-packages/click/core.py"", line 11...;pylingual:error:──────────────────────────────────────────────────────────────────────────────── ,ggggggggggg, ,gggg, dP""""""88""""""""""""Y8, d8"" ""8I ,dPYb, Yb, 88 `8b 88 ,dP IP'`Yb `"" 88 ,8P 8888888P"" gg I8 8I 88aaaad8P"" 88 """" I8 8' 88""""""""""gg gg 88 gg ,ggg,,g...",decompyle3:not_run:;pylingual:not_run:
cpython-38,data/rq3/cpython-3.8/unique_bug_pyc/cpython-38-5fed7e6d958a.pyc,unconfirmed,original bytecode status ok:,ok,,,"decompyle3:ok:;pylingual:error:──────────────────────────────────────────────────────────────────────────────── ,ggggggggggg, ,gggg, dP""""""88""""""""""""Y8, d8"" ""8I ,dPYb, Yb, 88 `8b 88 ,dP IP'`Yb `"" 88 ,8P 8888888P"" gg I8 8I 88aaaad8P"" 88 """" I8 8' 88""""""""""gg gg 88 gg ,ggg,,g...","decompyle3:exit_1:Traceback (most recent call last): File ""<string>"", line 10, in <module> File ""data/rq4/source_candidates/cpython-38/cpython-38-5fed7e6d958a/decompyle3.py"", line 6 expr ::= LOAD_CODE (1) ^ IndentationError: unexpected indent;pylingual:not_run:"
cpython-38,data/rq3/cpython-3.8/unique_bug_pyc/cpython-38-6273a738710f.pyc,unconfirmed,original bytecode status ok:,ok,,,"decompyle3:exit_1:Traceback (most recent call last): File ""data/rq2/envs/cpython-38/bin/decompyle3"", line 8, in <module> sys.exit(main_bin()) File ""/home/awen/git/PybcSEC/PycLens/data/rq2/envs/cpython-38/lib/python3.8/site-packages/click/core.py"", line 11...;pylingual:error:──────────────────────────────────────────────────────────────────────────────── ,ggggggggggg, ,gggg, dP""""""88""""""""""""Y8, d8"" ""8I ,dPYb, Yb, 88 `8b 88 ,dP IP'`Yb `"" 88 ,8P 8888888P"" gg I8 8I 88aaaad8P"" 88 """" I8 8' 88""""""""""gg gg 88 gg ,ggg,,g...",decompyle3:not_run:;pylingual:not_run:
cpython-38,data/rq3/cpython-3.8/unique_bug_pyc/cpython-38-6551fb46f713.pyc,compile_failure,"Traceback (most recent call last): File ""<string>"", line 10, in <module> File ""data/rq4/source_candidates/cpython-38/cpython-38-6551fb46f713/decompyle3.py"", line 6 expr ::= LOAD_CODE (1) ^ IndentationError: unexpected indent",crash,signal_11:,,"decompyle3:ok:;pylingual:error:──────────────────────────────────────────────────────────────────────────────── ,ggggggggggg, ,gggg, dP""""""88""""""""""""Y8, d8"" ""8I ,dPYb, Yb, 88 `8b 88 ,dP IP'`Yb `"" 88 ,8P 8888888P"" gg I8 8I 88aaaad8P"" 88 """" I8 8' 88""""""""""gg gg 88 gg ,ggg,,g...","decompyle3:exit_1:Traceback (most recent call last): File ""<string>"", line 10, in <module> File ""data/rq4/source_candidates/cpython-38/cpython-38-6551fb46f713/decompyle3.py"", line 6 expr ::= LOAD_CODE (1) ^ IndentationError: unexpected indent;pylingual:not_run:"
cpython-38,data/rq3/cpython-3.8/unique_bug_pyc/cpython-38-66f0f4fe0b84.pyc,unconfirmed,original bytecode status ok:,ok,,,"decompyle3:ok:;pylingual:error:──────────────────────────────────────────────────────────────────────────────── ,ggggggggggg, ,gggg, dP""""""88""""""""""""Y8, d8"" ""8I ,dPYb, Yb, 88 `8b 88 ,dP IP'`Yb `"" 88 ,8P 8888888P"" gg I8 8I 88aaaad8P"" 88 """" I8 8' 88""""""""""gg gg 88 gg ,ggg,,g...","decompyle3:exit_1:Traceback (most recent call last): File ""<string>"", line 10, in <module> File ""data/rq4/source_candidates/cpython-38/cpython-38-66f0f4fe0b84/decompyle3.py"", line 6 expr ::= LOAD_CODE (1) ^ IndentationError: unexpected indent;pylingual:not_run:"
cpython-38,data/rq3/cpython-3.8/unique_bug_pyc/cpython-38-6b5e51e4cff1.pyc,unconfirmed,original bytecode status ok:,ok,,,"decompyle3:ok:;pylingual:error:──────────────────────────────────────────────────────────────────────────────── ,ggggggggggg, ,gggg, dP""""""88""""""""""""Y8, d8"" ""8I ,dPYb, Yb, 88 `8b 88 ,dP IP'`Yb `"" 88 ,8P 8888888P"" gg I8 8I 88aaaad8P"" 88 """" I8 8' 88""""""""""gg gg 88 gg ,ggg,,g...","decompyle3:exit_1:Traceback (most recent call last): File ""<string>"", line 10, in <module> File ""data/rq4/source_candidates/cpython-38/cpython-38-6b5e51e4cff1/decompyle3.py"", line 6 expr ::= LOAD_CODE (1) ^ IndentationError: unexpected indent;pylingual:not_run:"
cpython-38,data/rq3/cpython-3.8/unique_bug_pyc/cpython-38-6c06f9a11e31.pyc,unconfirmed,original bytecode status ok:,ok,,,"decompyle3:ok:;pylingual:error:──────────────────────────────────────────────────────────────────────────────── ,ggggggggggg, ,gggg, dP""""""88""""""""""""Y8, d8"" ""8I ,dPYb, Yb, 88 `8b 88 ,dP IP'`Yb `"" 88 ,8P 8888888P"" gg I8 8I 88aaaad8P"" 88 """" I8 8' 88""""""""""gg gg 88 gg ,ggg,,g...","decompyle3:exit_1:Traceback (most recent call last): File ""<string>"", line 10, in <module> File ""data/rq4/source_candidates/cpython-38/cpython-38-6c06f9a11e31/decompyle3.py"", line 6 expr ::= LOAD_CODE (1) ^ IndentationError: unexpected indent;pylingual:not_run:"
cpython-38,data/rq3/cpython-3.8/unique_bug_pyc/cpython-38-6de77a88335e.pyc,unconfirmed,original bytecode status ok:,ok,,,"decompyle3:ok:;pylingual:error:──────────────────────────────────────────────────────────────────────────────── ,ggggggggggg, ,gggg, dP""""""88""""""""""""Y8, d8"" ""8I ,dPYb, Yb, 88 `8b 88 ,dP IP'`Yb `"" 88 ,8P 8888888P"" gg I8 8I 88aaaad8P"" 88 """" I8 8' 88""""""""""gg gg 88 gg ,ggg,,g...","decompyle3:exit_1:Traceback (most recent call last): File ""<string>"", line 10, in <module> File ""data/rq4/source_candidates/cpython-38/cpython-38-6de77a88335e/decompyle3.py"", line 6 expr ::= LOAD_CODE (1) ^ IndentationError: unexpected indent;pylingual:not_run:"
cpython-38,data/rq3/cpython-3.8/unique_bug_pyc/cpython-38-6fb3d8ce888e.pyc,compile_failure,"Traceback (most recent call last): File ""<string>"", line 10, in <module> File ""data/rq4/source_candidates/cpython-38/cpython-38-6fb3d8ce888e/decompyle3.py"", line 6 expr ::= LOAD_CODE (1) ^ IndentationError: unexpected indent",crash,signal_11:,,"decompyle3:ok:;pylingual:error:──────────────────────────────────────────────────────────────────────────────── ,ggggggggggg, ,gggg, dP""""""88""""""""""""Y8, d8"" ""8I ,dPYb, Yb, 88 `8b 88 ,dP IP'`Yb `"" 88 ,8P 8888888P"" gg I8 8I 88aaaad8P"" 88 """" I8 8' 88""""""""""gg gg 88 gg ,ggg,,g...","decompyle3:exit_1:Traceback (most recent call last): File ""<string>"", line 10, in <module> File ""data/rq4/source_candidates/cpython-38/cpython-38-6fb3d8ce888e/decompyle3.py"", line 6 expr ::= LOAD_CODE (1) ^ IndentationError: unexpected indent;pylingual:not_run:"
cpython-38,data/rq3/cpython-3.8/unique_bug_pyc/cpython-38-6fc7c4e73992.pyc,no_source,"Traceback (most recent call last): File ""data/rq2/envs/cpython-38/bin/decompyle3"", line 8, in <module> sys.exit(main_bin()) File ""/home/awen/git/PybcSEC/PycLens/data/rq2/envs/cpython-38/lib/python3.8/site-packages/click/core.py"", line 11...",exit_1,"XXX lineno: 11, opcode: 0 Traceback (most recent call last): File ""data/rq4/harness.py"", line 26, in <module> exec(code, namespace, namespace) File ""data/rq3/cpython-3.8/unittest_seeds/raw/cpython_case_test_argparse_TestAddArgumentMetava...",,"decompyle3:exit_1:Traceback (most recent call last): File ""data/rq2/envs/cpython-38/bin/decompyle3"", line 8, in <module> sys.exit(main_bin()) File ""/home/awen/git/PybcSEC/PycLens/data/rq2/envs/cpython-38/lib/python3.8/site-packages/click/core.py"", line 11...;pylingual:error:──────────────────────────────────────────────────────────────────────────────── ,ggggggggggg, ,gggg, dP""""""88""""""""""""Y8, d8"" ""8I ,dPYb, Yb, 88 `8b 88 ,dP IP'`Yb `"" 88 ,8P 8888888P"" gg I8 8I 88aaaad8P"" 88 """" I8 8' 88""""""""""gg gg 88 gg ,ggg,,g...",decompyle3:not_run:;pylingual:not_run:
cpython-38,data/rq3/cpython-3.8/unique_bug_pyc/cpython-38-717ef7a927e1.pyc,unconfirmed,original bytecode status ok:,ok,,,"decompyle3:exit_1:Traceback (most recent call last): File ""data/rq2/envs/cpython-38/bin/decompyle3"", line 8, in <module> sys.exit(main_bin()) File ""/home/awen/git/PybcSEC/PycLens/data/rq2/envs/cpython-38/lib/python3.8/site-packages/click/core.py"", line 11...;pylingual:error:──────────────────────────────────────────────────────────────────────────────── ,ggggggggggg, ,gggg, dP""""""88""""""""""""Y8, d8"" ""8I ,dPYb, Yb, 88 `8b 88 ,dP IP'`Yb `"" 88 ,8P 8888888P"" gg I8 8I 88aaaad8P"" 88 """" I8 8' 88""""""""""gg gg 88 gg ,ggg,,g...",decompyle3:not_run:;pylingual:not_run:
cpython-38,data/rq3/cpython-3.8/unique_bug_pyc/cpython-38-7335358966d6.pyc,compile_failure,"Traceback (most recent call last): File ""<string>"", line 10, in <module> File ""data/rq4/source_candidates/cpython-38/cpython-38-7335358966d6/decompyle3.py"", line 6 expr ::= LOAD_CODE (1) ^ IndentationError: unexpected indent",crash,signal_11:,,"decompyle3:ok:;pylingual:error:──────────────────────────────────────────────────────────────────────────────── ,ggggggggggg, ,gggg, dP""""""88""""""""""""Y8, d8"" ""8I ,dPYb, Yb, 88 `8b 88 ,dP IP'`Yb `"" 88 ,8P 8888888P"" gg I8 8I 88aaaad8P"" 88 """" I8 8' 88""""""""""gg gg 88 gg ,ggg,,g...","decompyle3:exit_1:Traceback (most recent call last): File ""<string>"", line 10, in <module> File ""data/rq4/source_candidates/cpython-38/cpython-38-7335358966d6/decompyle3.py"", line 6 expr ::= LOAD_CODE (1) ^ IndentationError: unexpected indent;pylingual:not_run:"
cpython-38,data/rq3/cpython-3.8/unique_bug_pyc/cpython-38-73580b33c58d.pyc,compile_failure,"Traceback (most recent call last): File ""<string>"", line 10, in <module> File ""data/rq4/source_candidates/cpython-38/cpython-38-73580b33c58d/decompyle3.py"", line 6 expr ::= LOAD_CODE (1) ^ IndentationError: unexpected indent",crash,signal_11:,,"decompyle3:ok:;pylingual:error:──────────────────────────────────────────────────────────────────────────────── ,ggggggggggg, ,gggg, dP""""""88""""""""""""Y8, d8"" ""8I ,dPYb, Yb, 88 `8b 88 ,dP IP'`Yb `"" 88 ,8P 8888888P"" gg I8 8I 88aaaad8P"" 88 """" I8 8' 88""""""""""gg gg 88 gg ,ggg,,g...","decompyle3:exit_1:Traceback (most recent call last): File ""<string>"", line 10, in <module> File ""data/rq4/source_candidates/cpython-38/cpython-38-73580b33c58d/decompyle3.py"", line 6 expr ::= LOAD_CODE (1) ^ IndentationError: unexpected indent;pylingual:not_run:"
cpython-38,data/rq3/cpython-3.8/unique_bug_pyc/cpython-38-74d96dc3cf62.pyc,unconfirmed,original bytecode status ok:,ok,,,"decompyle3:timeout:timeout_after_600s;pylingual:error:──────────────────────────────────────────────────────────────────────────────── ,ggggggggggg, ,gggg, dP""""""88""""""""""""Y8, d8"" ""8I ,dPYb, Yb, 88 `8b 88 ,dP IP'`Yb `"" 88 ,8P 8888888P"" gg I8 8I 88aaaad8P"" 88 """" I8 8' 88""""""""""gg gg 88 gg ,ggg,,g...",decompyle3:not_run:;pylingual:not_run:
cpython-38,data/rq3/cpython-3.8/unique_bug_pyc/cpython-38-7566662ffbf6.pyc,unconfirmed,original bytecode status ok:,ok,,,"decompyle3:ok:;pylingual:error:──────────────────────────────────────────────────────────────────────────────── ,ggggggggggg, ,gggg, dP""""""88""""""""""""Y8, d8"" ""8I ,dPYb, Yb, 88 `8b 88 ,dP IP'`Yb `"" 88 ,8P 8888888P"" gg I8 8I 88aaaad8P"" 88 """" I8 8' 88""""""""""gg gg 88 gg ,ggg,,g...","decompyle3:exit_1:Traceback (most recent call last): File ""<string>"", line 10, in <module> File ""data/rq4/source_candidates/cpython-38/cpython-38-7566662ffbf6/decompyle3.py"", line 6 expr ::= LOAD_CODE (1) ^ IndentationError: unexpected indent;pylingual:not_run:"
cpython-38,data/rq3/cpython-3.8/unique_bug_pyc/cpython-38-770a9e21632b.pyc,no_source,"Fatal Python error: non-string found in code slot Python runtime state: initialized Current thread 0x00007ffb36138000 (most recent call first): File ""/home/awen/git/PybcSEC/PycLens/data/rq2/envs/cpython-38/lib/python3.8/site-packages/xdi...",crash,"signal_6:Fatal Python error: non-string found in code slot Python runtime state: initialized Current thread 0x0000756652cd9000 (most recent call first): File ""<frozen importlib._bootstrap_external>"", line 640 in _compile_bytecode File ""<frozen im...",,"decompyle3:exit_-6:Fatal Python error: non-string found in code slot Python runtime state: initialized Current thread 0x00007ffb36138000 (most recent call first): File ""/home/awen/git/PybcSEC/PycLens/data/rq2/envs/cpython-38/lib/python3.8/site-packages/xdi...;pylingual:error:──────────────────────────────────────────────────────────────────────────────── ,ggggggggggg, ,gggg, dP""""""88""""""""""""Y8, d8"" ""8I ,dPYb, Yb, 88 `8b 88 ,dP IP'`Yb `"" 88 ,8P 8888888P"" gg I8 8I 88aaaad8P"" 88 """" I8 8' 88""""""""""gg gg 88 gg ,ggg,,g...",decompyle3:not_run:;pylingual:not_run:
cpython-38,data/rq3/cpython-3.8/unique_bug_pyc/cpython-38-78d6803724f3.pyc,unconfirmed,original bytecode status ok:,ok,,,"decompyle3:ok:;pylingual:error:──────────────────────────────────────────────────────────────────────────────── ,ggggggggggg, ,gggg, dP""""""88""""""""""""Y8, d8"" ""8I ,dPYb, Yb, 88 `8b 88 ,dP IP'`Yb `"" 88 ,8P 8888888P"" gg I8 8I 88aaaad8P"" 88 """" I8 8' 88""""""""""gg gg 88 gg ,ggg,,g...","decompyle3:exit_1:Traceback (most recent call last): File ""<string>"", line 10, in <module> File ""data/rq4/source_candidates/cpython-38/cpython-38-78d6803724f3/decompyle3.py"", line 6 expr ::= LOAD_CODE (1) ^ IndentationError: unexpected indent;pylingual:not_run:"
cpython-38,data/rq3/cpython-3.8/unique_bug_pyc/cpython-38-793547593aaa.pyc,compile_failure,"Traceback (most recent call last): File ""<string>"", line 10, in <module> File ""data/rq4/source_candidates/cpython-38/cpython-38-793547593aaa/decompyle3.py"", line 7 -- Stacks of completed symbols: ^ SyntaxError: invalid syntax",crash,signal_11:,,"decompyle3:ok:;pylingual:error:──────────────────────────────────────────────────────────────────────────────── ,ggggggggggg, ,gggg, dP""""""88""""""""""""Y8, d8"" ""8I ,dPYb, Yb, 88 `8b 88 ,dP IP'`Yb `"" 88 ,8P 8888888P"" gg I8 8I 88aaaad8P"" 88 """" I8 8' 88""""""""""gg gg 88 gg ,ggg,,g...","decompyle3:exit_1:Traceback (most recent call last): File ""<string>"", line 10, in <module> File ""data/rq4/source_candidates/cpython-38/cpython-38-793547593aaa/decompyle3.py"", line 7 -- Stacks of completed symbols: ^ SyntaxError: invalid syntax;pylingual:not_run:"
cpython-38,data/rq3/cpython-3.8/unique_bug_pyc/cpython-38-7996683b49eb.pyc,unconfirmed,original bytecode status ok:,ok,,,"decompyle3:ok:;pylingual:error:──────────────────────────────────────────────────────────────────────────────── ,ggggggggggg, ,gggg, dP""""""88""""""""""""Y8, d8"" ""8I ,dPYb, Yb, 88 `8b 88 ,dP IP'`Yb `"" 88 ,8P 8888888P"" gg I8 8I 88aaaad8P"" 88 """" I8 8' 88""""""""""gg gg 88 gg ,ggg,,g...","decompyle3:exit_1:Traceback (most recent call last): File ""<string>"", line 10, in <module> File ""data/rq4/source_candidates/cpython-38/cpython-38-7996683b49eb/decompyle3.py"", line 6 expr ::= LOAD_CODE (1) ^ IndentationError: unexpected indent;pylingual:not_run:"
cpython-38,data/rq3/cpython-3.8/unique_bug_pyc/cpython-38-7b90ad31f7e8.pyc,unconfirmed,original bytecode status ok:,ok,,,"decompyle3:exit_1:Traceback (most recent call last): File ""data/rq2/envs/cpython-38/bin/decompyle3"", line 8, in <module> sys.exit(main_bin()) File ""/home/awen/git/PybcSEC/PycLens/data/rq2/envs/cpython-38/lib/python3.8/site-packages/click/core.py"", line 11...;pylingual:error:──────────────────────────────────────────────────────────────────────────────── ,ggggggggggg, ,gggg, dP""""""88""""""""""""Y8, d8"" ""8I ,dPYb, Yb, 88 `8b 88 ,dP IP'`Yb `"" 88 ,8P 8888888P"" gg I8 8I 88aaaad8P"" 88 """" I8 8' 88""""""""""gg gg 88 gg ,ggg,,g...",decompyle3:not_run:;pylingual:not_run:
cpython-38,data/rq3/cpython-3.8/unique_bug_pyc/cpython-38-7da5aa3e5f8d.pyc,compile_failure,"Traceback (most recent call last): File ""<string>"", line 10, in <module> File ""data/rq4/source_candidates/cpython-38/cpython-38-7da5aa3e5f8d/decompyle3.py"", line 6 expr ::= LOAD_CODE (1) ^ IndentationError: unexpected indent",crash,signal_11:,,"decompyle3:ok:;pylingual:error:──────────────────────────────────────────────────────────────────────────────── ,ggggggggggg, ,gggg, dP""""""88""""""""""""Y8, d8"" ""8I ,dPYb, Yb, 88 `8b 88 ,dP IP'`Yb `"" 88 ,8P 8888888P"" gg I8 8I 88aaaad8P"" 88 """" I8 8' 88""""""""""gg gg 88 gg ,ggg,,g...","decompyle3:exit_1:Traceback (most recent call last): File ""<string>"", line 10, in <module> File ""data/rq4/source_candidates/cpython-38/cpython-38-7da5aa3e5f8d/decompyle3.py"", line 6 expr ::= LOAD_CODE (1) ^ IndentationError: unexpected indent;pylingual:not_run:"
cpython-38,data/rq3/cpython-3.8/unique_bug_pyc/cpython-38-80372b990fd5.pyc,unconfirmed,original bytecode status ok:,ok,,,decompyle3:ok:;pylingual:timeout:timeout_after_600s,"decompyle3:exit_1:Traceback (most recent call last): File ""<string>"", line 10, in <module> File ""data/rq4/source_candidates/cpython-38/cpython-38-80372b990fd5/decompyle3.py"", line 6 expr ::= LOAD_CODE (1) ^ IndentationError: unexpected indent;pylingual:not_run:"
cpython-38,data/rq3/cpython-3.8/unique_bug_pyc/cpython-38-815e82a62d43.pyc,unconfirmed,original bytecode status ok:,ok,,,"decompyle3:ok:;pylingual:error:──────────────────────────────────────────────────────────────────────────────── ,ggggggggggg, ,gggg, dP""""""88""""""""""""Y8, d8"" ""8I ,dPYb, Yb, 88 `8b 88 ,dP IP'`Yb `"" 88 ,8P 8888888P"" gg I8 8I 88aaaad8P"" 88 """" I8 8' 88""""""""""gg gg 88 gg ,ggg,,g...","decompyle3:exit_1:Traceback (most recent call last): File ""<string>"", line 10, in <module> File ""data/rq4/source_candidates/cpython-38/cpython-38-815e82a62d43/decompyle3.py"", line 6 expr ::= LOAD_CODE (1) ^ IndentationError: unexpected indent;pylingual:not_run:"
cpython-38,data/rq3/cpython-3.8/unique_bug_pyc/cpython-38-81bcfd26a9f9.pyc,unconfirmed,original bytecode status ok:,ok,,,"decompyle3:exit_2:Unknown magic number 11605 in data/rq3/cpython-3.8/unique_bug_pyc/cpython-38-81bcfd26a9f9.pyc;pylingual:error:──────────────────────────────────────────────────────────────────────────────── ,ggggggggggg, ,gggg, dP""""""88""""""""""""Y8, d8"" ""8I ,dPYb, Yb, 88 `8b 88 ,dP IP'`Yb `"" 88 ,8P 8888888P"" gg I8 8I 88aaaad8P"" 88 """" I8 8' 88""""""""""gg gg 88 gg ,ggg,,g...",decompyle3:not_run:;pylingual:not_run:
cpython-38,data/rq3/cpython-3.8/unique_bug_pyc/cpython-38-8300d10ad497.pyc,compile_failure,"Traceback (most recent call last): File ""<string>"", line 10, in <module> File ""data/rq4/source_candidates/cpython-38/cpython-38-8300d10ad497/decompyle3.py"", line 6 expr ::= LOAD_CODE (1) ^ IndentationError: unexpected indent",crash,signal_11:,,"decompyle3:ok:;pylingual:error:──────────────────────────────────────────────────────────────────────────────── ,ggggggggggg, ,gggg, dP""""""88""""""""""""Y8, d8"" ""8I ,dPYb, Yb, 88 `8b 88 ,dP IP'`Yb `"" 88 ,8P 8888888P"" gg I8 8I 88aaaad8P"" 88 """" I8 8' 88""""""""""gg gg 88 gg ,ggg,,g...","decompyle3:exit_1:Traceback (most recent call last): File ""<string>"", line 10, in <module> File ""data/rq4/source_candidates/cpython-38/cpython-38-8300d10ad497/decompyle3.py"", line 6 expr ::= LOAD_CODE (1) ^ IndentationError: unexpected indent;pylingual:not_run:"
cpython-38,data/rq3/cpython-3.8/unique_bug_pyc/cpython-38-841855c41b4b.pyc,unconfirmed,original bytecode status ok:,ok,,,"decompyle3:ok:;pylingual:error:──────────────────────────────────────────────────────────────────────────────── ,ggggggggggg, ,gggg, dP""""""88""""""""""""Y8, d8"" ""8I ,dPYb, Yb, 88 `8b 88 ,dP IP'`Yb `"" 88 ,8P 8888888P"" gg I8 8I 88aaaad8P"" 88 """" I8 8' 88""""""""""gg gg 88 gg ,ggg,,g...","decompyle3:exit_1:Traceback (most recent call last): File ""<string>"", line 10, in <module> File ""data/rq4/source_candidates/cpython-38/cpython-38-841855c41b4b/decompyle3.py"", line 6 expr ::= LOAD_CODE (1) ^ IndentationError: unexpected indent;pylingual:not_run:"
cpython-38,data/rq3/cpython-3.8/unique_bug_pyc/cpython-38-84fc1dfbcb1d.pyc,unconfirmed,original bytecode status ok:,ok,,,"decompyle3:ok:;pylingual:error:──────────────────────────────────────────────────────────────────────────────── ,ggggggggggg, ,gggg, dP""""""88""""""""""""Y8, d8"" ""8I ,dPYb, Yb, 88 `8b 88 ,dP IP'`Yb `"" 88 ,8P 8888888P"" gg I8 8I 88aaaad8P"" 88 """" I8 8' 88""""""""""gg gg 88 gg ,ggg,,g...","decompyle3:exit_1:Traceback (most recent call last): File ""<string>"", line 10, in <module> File ""data/rq4/source_candidates/cpython-38/cpython-38-84fc1dfbcb1d/decompyle3.py"", line 6 expr ::= LOAD_CODE (1) ^ IndentationError: unexpected indent;pylingual:not_run:"
cpython-38,data/rq3/cpython-3.8/unique_bug_pyc/cpython-38-8757a6d804b7.pyc,unconfirmed,original bytecode status ok:,ok,,,decompyle3:ok:;pylingual:timeout:timeout_after_600s,"decompyle3:exit_1:Traceback (most recent call last): File ""<string>"", line 10, in <module> File ""data/rq4/source_candidates/cpython-38/cpython-38-8757a6d804b7/decompyle3.py"", line 6 expr ::= LOAD_CODE (1) ^ IndentationError: unexpected indent;pylingual:not_run:"
cpython-38,data/rq3/cpython-3.8/unique_bug_pyc/cpython-38-886323b36fb5.pyc,unconfirmed,original bytecode status ok:,ok,,,"decompyle3:ok:;pylingual:error:──────────────────────────────────────────────────────────────────────────────── ,ggggggggggg, ,gggg, dP""""""88""""""""""""Y8, d8"" ""8I ,dPYb, Yb, 88 `8b 88 ,dP IP'`Yb `"" 88 ,8P 8888888P"" gg I8 8I 88aaaad8P"" 88 """" I8 8' 88""""""""""gg gg 88 gg ,ggg,,g...","decompyle3:exit_1:Traceback (most recent call last): File ""<string>"", line 10, in <module> File ""data/rq4/source_candidates/cpython-38/cpython-38-886323b36fb5/decompyle3.py"", line 6 expr ::= LOAD_CODE (1) ^ IndentationError: unexpected indent;pylingual:not_run:"
cpython-38,data/rq3/cpython-3.8/unique_bug_pyc/cpython-38-893af7e18376.pyc,compile_failure,"Traceback (most recent call last): File ""<string>"", line 10, in <module> File ""data/rq4/source_candidates/cpython-38/cpython-38-893af7e18376/decompyle3.py"", line 6 expr ::= LOAD_CODE (1) ^ IndentationError: unexpected indent",crash,signal_11:,,"decompyle3:ok:;pylingual:error:──────────────────────────────────────────────────────────────────────────────── ,ggggggggggg, ,gggg, dP""""""88""""""""""""Y8, d8"" ""8I ,dPYb, Yb, 88 `8b 88 ,dP IP'`Yb `"" 88 ,8P 8888888P"" gg I8 8I 88aaaad8P"" 88 """" I8 8' 88""""""""""gg gg 88 gg ,ggg,,g...","decompyle3:exit_1:Traceback (most recent call last): File ""<string>"", line 10, in <module> File ""data/rq4/source_candidates/cpython-38/cpython-38-893af7e18376/decompyle3.py"", line 6 expr ::= LOAD_CODE (1) ^ IndentationError: unexpected indent;pylingual:not_run:"
cpython-38,data/rq3/cpython-3.8/unique_bug_pyc/cpython-38-8c725bdab8e8.pyc,unconfirmed,original bytecode status ok:,ok,,,"decompyle3:ok:;pylingual:error:──────────────────────────────────────────────────────────────────────────────── ,ggggggggggg, ,gggg, dP""""""88""""""""""""Y8, d8"" ""8I ,dPYb, Yb, 88 `8b 88 ,dP IP'`Yb `"" 88 ,8P 8888888P"" gg I8 8I 88aaaad8P"" 88 """" I8 8' 88""""""""""gg gg 88 gg ,ggg,,g...","decompyle3:exit_1:Traceback (most recent call last): File ""<string>"", line 10, in <module> File ""data/rq4/source_candidates/cpython-38/cpython-38-8c725bdab8e8/decompyle3.py"", line 6 expr ::= LOAD_CODE (1) ^ IndentationError: unexpected indent;pylingual:not_run:"
cpython-38,data/rq3/cpython-3.8/unique_bug_pyc/cpython-38-900ad152fb75.pyc,behavior_divergence,source-derived bytecode behavior diverged: ok,crash,signal_11:,,"decompyle3:ok:;pylingual:error:──────────────────────────────────────────────────────────────────────────────── ,ggggggggggg, ,gggg, dP""""""88""""""""""""Y8, d8"" ""8I ,dPYb, Yb, 88 `8b 88 ,dP IP'`Yb `"" 88 ,8P 8888888P"" gg I8 8I 88aaaad8P"" 88 """" I8 8' 88""""""""""gg gg 88 gg ,ggg,,g...",decompyle3:ok:;pylingual:not_run:
cpython-38,data/rq3/cpython-3.8/unique_bug_pyc/cpython-38-938f003d8af4.pyc,unconfirmed,original bytecode status ok:,ok,,,"decompyle3:ok:;pylingual:error:──────────────────────────────────────────────────────────────────────────────── ,ggggggggggg, ,gggg, dP""""""88""""""""""""Y8, d8"" ""8I ,dPYb, Yb, 88 `8b 88 ,dP IP'`Yb `"" 88 ,8P 8888888P"" gg I8 8I 88aaaad8P"" 88 """" I8 8' 88""""""""""gg gg 88 gg ,ggg,,g...","decompyle3:exit_1:Traceback (most recent call last): File ""<string>"", line 10, in <module> File ""data/rq4/source_candidates/cpython-38/cpython-38-938f003d8af4/decompyle3.py"", line 6 expr ::= LOAD_CODE (1) ^ IndentationError: unexpected indent;pylingual:not_run:"
cpython-38,data/rq3/cpython-3.8/unique_bug_pyc/cpython-38-9556344e34d4.pyc,unconfirmed,original bytecode status ok:,ok,,,"decompyle3:ok:;pylingual:error:──────────────────────────────────────────────────────────────────────────────── ,ggggggggggg, ,gggg, dP""""""88""""""""""""Y8, d8"" ""8I ,dPYb, Yb, 88 `8b 88 ,dP IP'`Yb `"" 88 ,8P 8888888P"" gg I8 8I 88aaaad8P"" 88 """" I8 8' 88""""""""""gg gg 88 gg ,ggg,,g...","decompyle3:exit_1:Traceback (most recent call last): File ""<string>"", line 10, in <module> File ""data/rq4/source_candidates/cpython-38/cpython-38-9556344e34d4/decompyle3.py"", line 6 expr ::= LOAD_CODE (1) ^ IndentationError: unexpected indent;pylingual:not_run:"
cpython-38,data/rq3/cpython-3.8/unique_bug_pyc/cpython-38-97ab55a08403.pyc,compile_failure,"Traceback (most recent call last): File ""<string>"", line 10, in <module> File ""data/rq4/source_candidates/cpython-38/cpython-38-97ab55a08403/decompyle3.py"", line 6 expr ::= LOAD_CODE (1) ^ IndentationError: unexpected indent",crash,signal_11:,,"decompyle3:ok:;pylingual:error:──────────────────────────────────────────────────────────────────────────────── ,ggggggggggg, ,gggg, dP""""""88""""""""""""Y8, d8"" ""8I ,dPYb, Yb, 88 `8b 88 ,dP IP'`Yb `"" 88 ,8P 8888888P"" gg I8 8I 88aaaad8P"" 88 """" I8 8' 88""""""""""gg gg 88 gg ,ggg,,g...","decompyle3:exit_1:Traceback (most recent call last): File ""<string>"", line 10, in <module> File ""data/rq4/source_candidates/cpython-38/cpython-38-97ab55a08403/decompyle3.py"", line 6 expr ::= LOAD_CODE (1) ^ IndentationError: unexpected indent;pylingual:not_run:"
cpython-38,data/rq3/cpython-3.8/unique_bug_pyc/cpython-38-9a9fb65de558.pyc,unconfirmed,original bytecode status ok:,ok,,,"decompyle3:exit_1:Traceback (most recent call last): File ""data/rq2/envs/cpython-38/bin/decompyle3"", line 8, in <module> sys.exit(main_bin()) File ""/home/awen/git/PybcSEC/PycLens/data/rq2/envs/cpython-38/lib/python3.8/site-packages/click/core.py"", line 11...;pylingual:error:──────────────────────────────────────────────────────────────────────────────── ,ggggggggggg, ,gggg, dP""""""88""""""""""""Y8, d8"" ""8I ,dPYb, Yb, 88 `8b 88 ,dP IP'`Yb `"" 88 ,8P 8888888P"" gg I8 8I 88aaaad8P"" 88 """" I8 8' 88""""""""""gg gg 88 gg ,ggg,,g...",decompyle3:not_run:;pylingual:not_run:
cpython-38,data/rq3/cpython-3.8/unique_bug_pyc/cpython-38-9f3469545052.pyc,compile_failure,"Traceback (most recent call last): File ""<string>"", line 10, in <module> File ""data/rq4/source_candidates/cpython-38/cpython-38-9f3469545052/decompyle3.py"", line 6 expr ::= LOAD_CODE (1) ^ IndentationError: unexpected indent",crash,signal_11:,,"decompyle3:ok:;pylingual:error:──────────────────────────────────────────────────────────────────────────────── ,ggggggggggg, ,gggg, dP""""""88""""""""""""Y8, d8"" ""8I ,dPYb, Yb, 88 `8b 88 ,dP IP'`Yb `"" 88 ,8P 8888888P"" gg I8 8I 88aaaad8P"" 88 """" I8 8' 88""""""""""gg gg 88 gg ,ggg,,g...","decompyle3:exit_1:Traceback (most recent call last): File ""<string>"", line 10, in <module> File ""data/rq4/source_candidates/cpython-38/cpython-38-9f3469545052/decompyle3.py"", line 6 expr ::= LOAD_CODE (1) ^ IndentationError: unexpected indent;pylingual:not_run:"
cpython-38,data/rq3/cpython-3.8/unique_bug_pyc/cpython-38-a3f6eddbacd6.pyc,unconfirmed,original bytecode status ok:,ok,,,"decompyle3:ok:;pylingual:error:──────────────────────────────────────────────────────────────────────────────── ,ggggggggggg, ,gggg, dP""""""88""""""""""""Y8, d8"" ""8I ,dPYb, Yb, 88 `8b 88 ,dP IP'`Yb `"" 88 ,8P 8888888P"" gg I8 8I 88aaaad8P"" 88 """" I8 8' 88""""""""""gg gg 88 gg ,ggg,,g...","decompyle3:exit_1:Traceback (most recent call last): File ""<string>"", line 10, in <module> File ""data/rq4/source_candidates/cpython-38/cpython-38-a3f6eddbacd6/decompyle3.py"", line 6 expr ::= LOAD_CODE (1) ^ IndentationError: unexpected indent;pylingual:not_run:"
cpython-38,data/rq3/cpython-3.8/unique_bug_pyc/cpython-38-a4c49563c42f.pyc,unconfirmed,original bytecode status ok:,ok,,,"decompyle3:ok:;pylingual:error:──────────────────────────────────────────────────────────────────────────────── ,ggggggggggg, ,gggg, dP""""""88""""""""""""Y8, d8"" ""8I ,dPYb, Yb, 88 `8b 88 ,dP IP'`Yb `"" 88 ,8P 8888888P"" gg I8 8I 88aaaad8P"" 88 """" I8 8' 88""""""""""gg gg 88 gg ,ggg,,g...","decompyle3:exit_1:Traceback (most recent call last): File ""<string>"", line 10, in <module> File ""data/rq4/source_candidates/cpython-38/cpython-38-a4c49563c42f/decompyle3.py"", line 6 expr ::= LOAD_CODE (1) ^ IndentationError: unexpected indent;pylingual:not_run:"
cpython-38,data/rq3/cpython-3.8/unique_bug_pyc/cpython-38-a6ca3295e09c.pyc,unconfirmed,original bytecode status ok:,ok,,,"decompyle3:ok:;pylingual:error:──────────────────────────────────────────────────────────────────────────────── ,ggggggggggg, ,gggg, dP""""""88""""""""""""Y8, d8"" ""8I ,dPYb, Yb, 88 `8b 88 ,dP IP'`Yb `"" 88 ,8P 8888888P"" gg I8 8I 88aaaad8P"" 88 """" I8 8' 88""""""""""gg gg 88 gg ,ggg,,g...","decompyle3:exit_1:Traceback (most recent call last): File ""<string>"", line 10, in <module> File ""data/rq4/source_candidates/cpython-38/cpython-38-a6ca3295e09c/decompyle3.py"", line 6 expr ::= LOAD_CODE (1) ^ IndentationError: unexpected indent;pylingual:not_run:"
cpython-38,data/rq3/cpython-3.8/unique_bug_pyc/cpython-38-ab31090f1182.pyc,unconfirmed,original bytecode status ok:,ok,,,"decompyle3:ok:;pylingual:error:──────────────────────────────────────────────────────────────────────────────── ,ggggggggggg, ,gggg, dP""""""88""""""""""""Y8, d8"" ""8I ,dPYb, Yb, 88 `8b 88 ,dP IP'`Yb `"" 88 ,8P 8888888P"" gg I8 8I 88aaaad8P"" 88 """" I8 8' 88""""""""""gg gg 88 gg ,ggg,,g...","decompyle3:exit_1:Traceback (most recent call last): File ""<string>"", line 10, in <module> File ""data/rq4/source_candidates/cpython-38/cpython-38-ab31090f1182/decompyle3.py"", line 6 expr ::= LOAD_CODE (1) ^ IndentationError: unexpected indent;pylingual:not_run:"
cpython-38,data/rq3/cpython-3.8/unique_bug_pyc/cpython-38-ad04dd028214.pyc,compile_failure,"Traceback (most recent call last): File ""<string>"", line 10, in <module> File ""data/rq4/source_candidates/cpython-38/cpython-38-ad04dd028214/decompyle3.py"", line 6 expr ::= LOAD_CODE (1) ^ IndentationError: unexpected indent",exit_1,"XXX lineno: 13, opcode: 0 Traceback (most recent call last): File ""data/rq4/harness.py"", line 26, in <module> exec(code, namespace, namespace) File ""data/rq3/cpython-3.8/unittest_seeds/raw/cpython_case_test_time_TestOldPyTime_test_object...",,"decompyle3:ok:;pylingual:error:──────────────────────────────────────────────────────────────────────────────── ,ggggggggggg, ,gggg, dP""""""88""""""""""""Y8, d8"" ""8I ,dPYb, Yb, 88 `8b 88 ,dP IP'`Yb `"" 88 ,8P 8888888P"" gg I8 8I 88aaaad8P"" 88 """" I8 8' 88""""""""""gg gg 88 gg ,ggg,,g...","decompyle3:exit_1:Traceback (most recent call last): File ""<string>"", line 10, in <module> File ""data/rq4/source_candidates/cpython-38/cpython-38-ad04dd028214/decompyle3.py"", line 6 expr ::= LOAD_CODE (1) ^ IndentationError: unexpected indent;pylingual:not_run:"
cpython-38,data/rq3/cpython-3.8/unique_bug_pyc/cpython-38-ad4d26a34a5f.pyc,compile_failure,"Traceback (most recent call last): File ""<string>"", line 10, in <module> File ""data/rq4/source_candidates/cpython-38/cpython-38-ad4d26a34a5f/decompyle3.py"", line 6 expr ::= LOAD_CODE (1) ^ IndentationError: unexpected indent",crash,signal_11:,,"decompyle3:ok:;pylingual:error:──────────────────────────────────────────────────────────────────────────────── ,ggggggggggg, ,gggg, dP""""""88""""""""""""Y8, d8"" ""8I ,dPYb, Yb, 88 `8b 88 ,dP IP'`Yb `"" 88 ,8P 8888888P"" gg I8 8I 88aaaad8P"" 88 """" I8 8' 88""""""""""gg gg 88 gg ,ggg,,g...","decompyle3:exit_1:Traceback (most recent call last): File ""<string>"", line 10, in <module> File ""data/rq4/source_candidates/cpython-38/cpython-38-ad4d26a34a5f/decompyle3.py"", line 6 expr ::= LOAD_CODE (1) ^ IndentationError: unexpected indent;pylingual:not_run:"
cpython-38,data/rq3/cpython-3.8/unique_bug_pyc/cpython-38-ad5da279dcbc.pyc,unconfirmed,original bytecode status ok:,ok,,,"decompyle3:ok:;pylingual:error:──────────────────────────────────────────────────────────────────────────────── ,ggggggggggg, ,gggg, dP""""""88""""""""""""Y8, d8"" ""8I ,dPYb, Yb, 88 `8b 88 ,dP IP'`Yb `"" 88 ,8P 8888888P"" gg I8 8I 88aaaad8P"" 88 """" I8 8' 88""""""""""gg gg 88 gg ,ggg,,g...","decompyle3:exit_1:Traceback (most recent call last): File ""<string>"", line 10, in <module> File ""data/rq4/source_candidates/cpython-38/cpython-38-ad5da279dcbc/decompyle3.py"", line 6 expr ::= LOAD_CODE (1) ^ IndentationError: unexpected indent;pylingual:not_run:"
cpython-38,data/rq3/cpython-3.8/unique_bug_pyc/cpython-38-b09b661e70f3.pyc,unconfirmed,original bytecode status ok:,ok,,,"decompyle3:ok:;pylingual:error:──────────────────────────────────────────────────────────────────────────────── ,ggggggggggg, ,gggg, dP""""""88""""""""""""Y8, d8"" ""8I ,dPYb, Yb, 88 `8b 88 ,dP IP'`Yb `"" 88 ,8P 8888888P"" gg I8 8I 88aaaad8P"" 88 """" I8 8' 88""""""""""gg gg 88 gg ,ggg,,g...","decompyle3:exit_1:Traceback (most recent call last): File ""<string>"", line 10, in <module> File ""data/rq4/source_candidates/cpython-38/cpython-38-b09b661e70f3/decompyle3.py"", line 6 expr ::= LOAD_CODE (1) ^ IndentationError: unexpected indent;pylingual:not_run:"
cpython-38,data/rq3/cpython-3.8/unique_bug_pyc/cpython-38-b0c2992e0f7d.pyc,unconfirmed,original bytecode status ok:,ok,,,"decompyle3:exit_1:Traceback (most recent call last): File ""data/rq2/envs/cpython-38/bin/decompyle3"", line 8, in <module> sys.exit(main_bin()) File ""/home/awen/git/PybcSEC/PycLens/data/rq2/envs/cpython-38/lib/python3.8/site-packages/click/core.py"", line 11...;pylingual:error:──────────────────────────────────────────────────────────────────────────────── ,ggggggggggg, ,gggg, dP""""""88""""""""""""Y8, d8"" ""8I ,dPYb, Yb, 88 `8b 88 ,dP IP'`Yb `"" 88 ,8P 8888888P"" gg I8 8I 88aaaad8P"" 88 """" I8 8' 88""""""""""gg gg 88 gg ,ggg,,g...",decompyle3:not_run:;pylingual:not_run:
cpython-38,data/rq3/cpython-3.8/unique_bug_pyc/cpython-38-b2e0276d86d8.pyc,unconfirmed,original bytecode status ok:,ok,,,"decompyle3:ok:;pylingual:error:──────────────────────────────────────────────────────────────────────────────── ,ggggggggggg, ,gggg, dP""""""88""""""""""""Y8, d8"" ""8I ,dPYb, Yb, 88 `8b 88 ,dP IP'`Yb `"" 88 ,8P 8888888P"" gg I8 8I 88aaaad8P"" 88 """" I8 8' 88""""""""""gg gg 88 gg ,ggg,,g...","decompyle3:exit_1:Traceback (most recent call last): File ""<string>"", line 10, in <module> File ""data/rq4/source_candidates/cpython-38/cpython-38-b2e0276d86d8/decompyle3.py"", line 6 expr ::= LOAD_CODE (1) ^ IndentationError: unexpected indent;pylingual:not_run:"
cpython-38,data/rq3/cpython-3.8/unique_bug_pyc/cpython-38-b7bd807aa2e6.pyc,unconfirmed,original bytecode status ok:,ok,,,"decompyle3:exit_2:Unknown magic number 0 in data/rq3/cpython-3.8/unique_bug_pyc/cpython-38-b7bd807aa2e6.pyc;pylingual:error:──────────────────────────────────────────────────────────────────────────────── ,ggggggggggg, ,gggg, dP""""""88""""""""""""Y8, d8"" ""8I ,dPYb, Yb, 88 `8b 88 ,dP IP'`Yb `"" 88 ,8P 8888888P"" gg I8 8I 88aaaad8P"" 88 """" I8 8' 88""""""""""gg gg 88 gg ,ggg,,g...",decompyle3:not_run:;pylingual:not_run:
cpython-38,data/rq3/cpython-3.8/unique_bug_pyc/cpython-38-b7dde4e5920e.pyc,unconfirmed,original bytecode status ok:,ok,,,"decompyle3:ok:;pylingual:error:──────────────────────────────────────────────────────────────────────────────── ,ggggggggggg, ,gggg, dP""""""88""""""""""""Y8, d8"" ""8I ,dPYb, Yb, 88 `8b 88 ,dP IP'`Yb `"" 88 ,8P 8888888P"" gg I8 8I 88aaaad8P"" 88 """" I8 8' 88""""""""""gg gg 88 gg ,ggg,,g...","decompyle3:exit_1:Traceback (most recent call last): File ""<string>"", line 10, in <module> File ""data/rq4/source_candidates/cpython-38/cpython-38-b7dde4e5920e/decompyle3.py"", line 6 expr ::= LOAD_CODE (1) ^ IndentationError: unexpected indent;pylingual:not_run:"
cpython-38,data/rq3/cpython-3.8/unique_bug_pyc/cpython-38-ba15f27986b7.pyc,compile_failure,"Traceback (most recent call last): File ""<string>"", line 10, in <module> File ""data/rq4/source_candidates/cpython-38/cpython-38-ba15f27986b7/decompyle3.py"", line 7 -- Stacks of completed symbols: ^ SyntaxError: invalid syntax",crash,signal_11:,,decompyle3:ok:;pylingual:timeout:timeout_after_600s,"decompyle3:exit_1:Traceback (most recent call last): File ""<string>"", line 10, in <module> File ""data/rq4/source_candidates/cpython-38/cpython-38-ba15f27986b7/decompyle3.py"", line 7 -- Stacks of completed symbols: ^ SyntaxError: invalid syntax;pylingual:not_run:"
cpython-38,data/rq3/cpython-3.8/unique_bug_pyc/cpython-38-bdad017e586b.pyc,unconfirmed,original bytecode status ok:,ok,,,"decompyle3:ok:;pylingual:error:──────────────────────────────────────────────────────────────────────────────── ,ggggggggggg, ,gggg, dP""""""88""""""""""""Y8, d8"" ""8I ,dPYb, Yb, 88 `8b 88 ,dP IP'`Yb `"" 88 ,8P 8888888P"" gg I8 8I 88aaaad8P"" 88 """" I8 8' 88""""""""""gg gg 88 gg ,ggg,,g...","decompyle3:exit_1:Traceback (most recent call last): File ""<string>"", line 10, in <module> File ""data/rq4/source_candidates/cpython-38/cpython-38-bdad017e586b/decompyle3.py"", line 6 expr ::= LOAD_CODE (1) ^ IndentationError: unexpected indent;pylingual:not_run:"
cpython-38,data/rq3/cpython-3.8/unique_bug_pyc/cpython-38-c18f3ce00206.pyc,unconfirmed,original bytecode status ok:,ok,,,"decompyle3:exit_1:Traceback (most recent call last): File ""data/rq2/envs/cpython-38/bin/decompyle3"", line 8, in <module> sys.exit(main_bin()) File ""/home/awen/git/PybcSEC/PycLens/data/rq2/envs/cpython-38/lib/python3.8/site-packages/click/core.py"", line 11...;pylingual:error:──────────────────────────────────────────────────────────────────────────────── ,ggggggggggg, ,gggg, dP""""""88""""""""""""Y8, d8"" ""8I ,dPYb, Yb, 88 `8b 88 ,dP IP'`Yb `"" 88 ,8P 8888888P"" gg I8 8I 88aaaad8P"" 88 """" I8 8' 88""""""""""gg gg 88 gg ,ggg,,g...",decompyle3:not_run:;pylingual:not_run:
cpython-38,data/rq3/cpython-3.8/unique_bug_pyc/cpython-38-c2fa264aa16f.pyc,unconfirmed,original bytecode status ok:,ok,,,"decompyle3:exit_1:Traceback (most recent call last): File ""data/rq2/envs/cpython-38/bin/decompyle3"", line 8, in <module> sys.exit(main_bin()) File ""/home/awen/git/PybcSEC/PycLens/data/rq2/envs/cpython-38/lib/python3.8/site-packages/click/core.py"", line 11...;pylingual:error:──────────────────────────────────────────────────────────────────────────────── ,ggggggggggg, ,gggg, dP""""""88""""""""""""Y8, d8"" ""8I ,dPYb, Yb, 88 `8b 88 ,dP IP'`Yb `"" 88 ,8P 8888888P"" gg I8 8I 88aaaad8P"" 88 """" I8 8' 88""""""""""gg gg 88 gg ,ggg,,g...",decompyle3:not_run:;pylingual:not_run:
cpython-38,data/rq3/cpython-3.8/unique_bug_pyc/cpython-38-c3f33ace70df.pyc,unconfirmed,original bytecode status ok:,ok,,,"decompyle3:ok:;pylingual:error:──────────────────────────────────────────────────────────────────────────────── ,ggggggggggg, ,gggg, dP""""""88""""""""""""Y8, d8"" ""8I ,dPYb, Yb, 88 `8b 88 ,dP IP'`Yb `"" 88 ,8P 8888888P"" gg I8 8I 88aaaad8P"" 88 """" I8 8' 88""""""""""gg gg 88 gg ,ggg,,g...","decompyle3:exit_1:Traceback (most recent call last): File ""<string>"", line 10, in <module> File ""data/rq4/source_candidates/cpython-38/cpython-38-c3f33ace70df/decompyle3.py"", line 6 expr ::= LOAD_CODE (1) ^ IndentationError: unexpected indent;pylingual:not_run:"
cpython-38,data/rq3/cpython-3.8/unique_bug_pyc/cpython-38-c465064c83d7.pyc,unconfirmed,original bytecode status ok:,ok,,,"decompyle3:ok:;pylingual:error:──────────────────────────────────────────────────────────────────────────────── ,ggggggggggg, ,gggg, dP""""""88""""""""""""Y8, d8"" ""8I ,dPYb, Yb, 88 `8b 88 ,dP IP'`Yb `"" 88 ,8P 8888888P"" gg I8 8I 88aaaad8P"" 88 """" I8 8' 88""""""""""gg gg 88 gg ,ggg,,g...","decompyle3:exit_1:Traceback (most recent call last): File ""<string>"", line 10, in <module> ValueError: source code string cannot contain null bytes;pylingual:not_run:"
cpython-38,data/rq3/cpython-3.8/unique_bug_pyc/cpython-38-c8d67b905643.pyc,unconfirmed,original bytecode status ok:,ok,,,"decompyle3:ok:;pylingual:error:──────────────────────────────────────────────────────────────────────────────── ,ggggggggggg, ,gggg, dP""""""88""""""""""""Y8, d8"" ""8I ,dPYb, Yb, 88 `8b 88 ,dP IP'`Yb `"" 88 ,8P 8888888P"" gg I8 8I 88aaaad8P"" 88 """" I8 8' 88""""""""""gg gg 88 gg ,ggg,,g...","decompyle3:exit_1:Traceback (most recent call last): File ""<string>"", line 10, in <module> File ""data/rq4/source_candidates/cpython-38/cpython-38-c8d67b905643/decompyle3.py"", line 6 expr ::= LOAD_CODE (1) ^ IndentationError: unexpected indent;pylingual:not_run:"
cpython-38,data/rq3/cpython-3.8/unique_bug_pyc/cpython-38-c9a051e86287.pyc,unconfirmed,original bytecode status ok:,ok,,,"decompyle3:ok:;pylingual:error:──────────────────────────────────────────────────────────────────────────────── ,ggggggggggg, ,gggg, dP""""""88""""""""""""Y8, d8"" ""8I ,dPYb, Yb, 88 `8b 88 ,dP IP'`Yb `"" 88 ,8P 8888888P"" gg I8 8I 88aaaad8P"" 88 """" I8 8' 88""""""""""gg gg 88 gg ,ggg,,g...","decompyle3:exit_1:Traceback (most recent call last): File ""<string>"", line 10, in <module> File ""data/rq4/source_candidates/cpython-38/cpython-38-c9a051e86287/decompyle3.py"", line 6 expr ::= LOAD_CODE (1) ^ IndentationError: unexpected indent;pylingual:not_run:"
cpython-38,data/rq3/cpython-3.8/unique_bug_pyc/cpython-38-c9f3a1b04eb9.pyc,compile_failure,"Traceback (most recent call last): File ""<string>"", line 10, in <module> File ""data/rq4/source_candidates/cpython-38/cpython-38-c9f3a1b04eb9/decompyle3.py"", line 6 expr ::= LOAD_CODE (1) ^ IndentationError: unexpected indent",exit_1,"Traceback (most recent call last): File ""data/rq3/cpython-3.8/unittest_seeds/raw/cpython_case_test_tarfile_MemberReadTest_test_find_regtype.py"", line 11, in <module> NameError: name '__na-e__' is not defined During handling of the above ...",,"decompyle3:ok:;pylingual:error:──────────────────────────────────────────────────────────────────────────────── ,ggggggggggg, ,gggg, dP""""""88""""""""""""Y8, d8"" ""8I ,dPYb, Yb, 88 `8b 88 ,dP IP'`Yb `"" 88 ,8P 8888888P"" gg I8 8I 88aaaad8P"" 88 """" I8 8' 88""""""""""gg gg 88 gg ,ggg,,g...","decompyle3:exit_1:Traceback (most recent call last): File ""<string>"", line 10, in <module> File ""data/rq4/source_candidates/cpython-38/cpython-38-c9f3a1b04eb9/decompyle3.py"", line 6 expr ::= LOAD_CODE (1) ^ IndentationError: unexpected indent;pylingual:not_run:"
cpython-38,data/rq3/cpython-3.8/unique_bug_pyc/cpython-38-ca2cdad59026.pyc,unconfirmed,original bytecode status ok:,ok,,,"decompyle3:ok:;pylingual:error:──────────────────────────────────────────────────────────────────────────────── ,ggggggggggg, ,gggg, dP""""""88""""""""""""Y8, d8"" ""8I ,dPYb, Yb, 88 `8b 88 ,dP IP'`Yb `"" 88 ,8P 8888888P"" gg I8 8I 88aaaad8P"" 88 """" I8 8' 88""""""""""gg gg 88 gg ,ggg,,g...","decompyle3:exit_1:Traceback (most recent call last): File ""<string>"", line 10, in <module> File ""data/rq4/source_candidates/cpython-38/cpython-38-ca2cdad59026/decompyle3.py"", line 6 expr ::= LOAD_CODE (1) ^ IndentationError: unexpected indent;pylingual:not_run:"
cpython-38,data/rq3/cpython-3.8/unique_bug_pyc/cpython-38-cb140c504241.pyc,compile_failure,"Traceback (most recent call last): File ""<string>"", line 10, in <module> File ""data/rq4/source_candidates/cpython-38/cpython-38-cb140c504241/decompyle3.py"", line 6 expr ::= LOAD_CODE (1) ^ IndentationError: unexpected indent",crash,signal_11:,,"decompyle3:ok:;pylingual:error:──────────────────────────────────────────────────────────────────────────────── ,ggggggggggg, ,gggg, dP""""""88""""""""""""Y8, d8"" ""8I ,dPYb, Yb, 88 `8b 88 ,dP IP'`Yb `"" 88 ,8P 8888888P"" gg I8 8I 88aaaad8P"" 88 """" I8 8' 88""""""""""gg gg 88 gg ,ggg,,g...","decompyle3:exit_1:Traceback (most recent call last): File ""<string>"", line 10, in <module> File ""data/rq4/source_candidates/cpython-38/cpython-38-cb140c504241/decompyle3.py"", line 6 expr ::= LOAD_CODE (1) ^ IndentationError: unexpected indent;pylingual:not_run:"
cpython-38,data/rq3/cpython-3.8/unique_bug_pyc/cpython-38-cd20523d07c1.pyc,compile_failure,"Traceback (most recent call last): File ""<string>"", line 10, in <module> File ""data/rq4/source_candidates/cpython-38/cpython-38-cd20523d07c1/decompyle3.py"", line 7 -- Stacks of completed symbols: ^ SyntaxError: invalid syntax",crash,signal_11:,,"decompyle3:ok:;pylingual:error:──────────────────────────────────────────────────────────────────────────────── ,ggggggggggg, ,gggg, dP""""""88""""""""""""Y8, d8"" ""8I ,dPYb, Yb, 88 `8b 88 ,dP IP'`Yb `"" 88 ,8P 8888888P"" gg I8 8I 88aaaad8P"" 88 """" I8 8' 88""""""""""gg gg 88 gg ,ggg,,g...","decompyle3:exit_1:Traceback (most recent call last): File ""<string>"", line 10, in <module> File ""data/rq4/source_candidates/cpython-38/cpython-38-cd20523d07c1/decompyle3.py"", line 7 -- Stacks of completed symbols: ^ SyntaxError: invalid syntax;pylingual:not_run:"
cpython-38,data/rq3/cpython-3.8/unique_bug_pyc/cpython-38-d56ce6968a5c.pyc,compile_failure,"Traceback (most recent call last): File ""<string>"", line 10, in <module> File ""data/rq4/source_candidates/cpython-38/cpython-38-d56ce6968a5c/decompyle3.py"", line 6 expr ::= LOAD_CODE (1) ^ IndentationError: unexpected indent",crash,signal_11:,,"decompyle3:ok:;pylingual:error:──────────────────────────────────────────────────────────────────────────────── ,ggggggggggg, ,gggg, dP""""""88""""""""""""Y8, d8"" ""8I ,dPYb, Yb, 88 `8b 88 ,dP IP'`Yb `"" 88 ,8P 8888888P"" gg I8 8I 88aaaad8P"" 88 """" I8 8' 88""""""""""gg gg 88 gg ,ggg,,g...","decompyle3:exit_1:Traceback (most recent call last): File ""<string>"", line 10, in <module> File ""data/rq4/source_candidates/cpython-38/cpython-38-d56ce6968a5c/decompyle3.py"", line 6 expr ::= LOAD_CODE (1) ^ IndentationError: unexpected indent;pylingual:not_run:"
cpython-38,data/rq3/cpython-3.8/unique_bug_pyc/cpython-38-d7941a493f28.pyc,unconfirmed,original bytecode status ok:,ok,,,"decompyle3:ok:;pylingual:error:──────────────────────────────────────────────────────────────────────────────── ,ggggggggggg, ,gggg, dP""""""88""""""""""""Y8, d8"" ""8I ,dPYb, Yb, 88 `8b 88 ,dP IP'`Yb `"" 88 ,8P 8888888P"" gg I8 8I 88aaaad8P"" 88 """" I8 8' 88""""""""""gg gg 88 gg ,ggg,,g...","decompyle3:exit_1:Traceback (most recent call last): File ""<string>"", line 10, in <module> File ""data/rq4/source_candidates/cpython-38/cpython-38-d7941a493f28/decompyle3.py"", line 6 expr ::= LOAD_CODE (1) ^ IndentationError: unexpected indent;pylingual:not_run:"
cpython-38,data/rq3/cpython-3.8/unique_bug_pyc/cpython-38-d9663bd0a74c.pyc,unconfirmed,original bytecode status ok:,ok,,,"decompyle3:ok:;pylingual:error:──────────────────────────────────────────────────────────────────────────────── ,ggggggggggg, ,gggg, dP""""""88""""""""""""Y8, d8"" ""8I ,dPYb, Yb, 88 `8b 88 ,dP IP'`Yb `"" 88 ,8P 8888888P"" gg I8 8I 88aaaad8P"" 88 """" I8 8' 88""""""""""gg gg 88 gg ,ggg,,g...","decompyle3:exit_1:Traceback (most recent call last): File ""<string>"", line 10, in <module> File ""data/rq4/source_candidates/cpython-38/cpython-38-d9663bd0a74c/decompyle3.py"", line 6 expr ::= LOAD_CODE (1) ^ IndentationError: unexpected indent;pylingual:not_run:"
cpython-38,data/rq3/cpython-3.8/unique_bug_pyc/cpython-38-d9c4a89dd230.pyc,compile_failure,"Traceback (most recent call last): File ""<string>"", line 10, in <module> File ""data/rq4/source_candidates/cpython-38/cpython-38-d9c4a89dd230/decompyle3.py"", line 7 -- Stacks of completed symbols: ^ SyntaxError: invalid syntax",crash,signal_11:,,"decompyle3:ok:;pylingual:error:──────────────────────────────────────────────────────────────────────────────── ,ggggggggggg, ,gggg, dP""""""88""""""""""""Y8, d8"" ""8I ,dPYb, Yb, 88 `8b 88 ,dP IP'`Yb `"" 88 ,8P 8888888P"" gg I8 8I 88aaaad8P"" 88 """" I8 8' 88""""""""""gg gg 88 gg ,ggg,,g...","decompyle3:exit_1:Traceback (most recent call last): File ""<string>"", line 10, in <module> File ""data/rq4/source_candidates/cpython-38/cpython-38-d9c4a89dd230/decompyle3.py"", line 7 -- Stacks of completed symbols: ^ SyntaxError: invalid syntax;pylingual:not_run:"
cpython-38,data/rq3/cpython-3.8/unique_bug_pyc/cpython-38-d9e88510d3f6.pyc,no_source,"Traceback (most recent call last): File ""data/rq2/envs/cpython-38/bin/decompyle3"", line 8, in <module> sys.exit(main_bin()) File ""/home/awen/git/PybcSEC/PycLens/data/rq2/envs/cpython-38/lib/python3.8/site-packages/click/core.py"", line 11...",crash,signal_11:,,"decompyle3:exit_1:Traceback (most recent call last): File ""data/rq2/envs/cpython-38/bin/decompyle3"", line 8, in <module> sys.exit(main_bin()) File ""/home/awen/git/PybcSEC/PycLens/data/rq2/envs/cpython-38/lib/python3.8/site-packages/click/core.py"", line 11...;pylingual:error:──────────────────────────────────────────────────────────────────────────────── ,ggggggggggg, ,gggg, dP""""""88""""""""""""Y8, d8"" ""8I ,dPYb, Yb, 88 `8b 88 ,dP IP'`Yb `"" 88 ,8P 8888888P"" gg I8 8I 88aaaad8P"" 88 """" I8 8' 88""""""""""gg gg 88 gg ,ggg,,g...",decompyle3:not_run:;pylingual:not_run:
cpython-38,data/rq3/cpython-3.8/unique_bug_pyc/cpython-38-db7c5002a77c.pyc,unconfirmed,original bytecode status ok:,ok,,,"decompyle3:exit_1:Traceback (most recent call last): File ""data/rq2/envs/cpython-38/bin/decompyle3"", line 8, in <module> sys.exit(main_bin()) File ""/home/awen/git/PybcSEC/PycLens/data/rq2/envs/cpython-38/lib/python3.8/site-packages/click/core.py"", line 11...;pylingual:error:──────────────────────────────────────────────────────────────────────────────── ,ggggggggggg, ,gggg, dP""""""88""""""""""""Y8, d8"" ""8I ,dPYb, Yb, 88 `8b 88 ,dP IP'`Yb `"" 88 ,8P 8888888P"" gg I8 8I 88aaaad8P"" 88 """" I8 8' 88""""""""""gg gg 88 gg ,ggg,,g...",decompyle3:not_run:;pylingual:not_run:
cpython-38,data/rq3/cpython-3.8/unique_bug_pyc/cpython-38-dc7186b132f7.pyc,unconfirmed,original bytecode status ok:,ok,,,"decompyle3:exit_1:Traceback (most recent call last): File ""data/rq2/envs/cpython-38/bin/decompyle3"", line 8, in <module> sys.exit(main_bin()) File ""/home/awen/git/PybcSEC/PycLens/data/rq2/envs/cpython-38/lib/python3.8/site-packages/click/core.py"", line 11...;pylingual:error:──────────────────────────────────────────────────────────────────────────────── ,ggggggggggg, ,gggg, dP""""""88""""""""""""Y8, d8"" ""8I ,dPYb, Yb, 88 `8b 88 ,dP IP'`Yb `"" 88 ,8P 8888888P"" gg I8 8I 88aaaad8P"" 88 """" I8 8' 88""""""""""gg gg 88 gg ,ggg,,g...",decompyle3:not_run:;pylingual:not_run:
cpython-38,data/rq3/cpython-3.8/unique_bug_pyc/cpython-38-e36fb497365a.pyc,unconfirmed,original bytecode status ok:,ok,,,"decompyle3:ok:;pylingual:error:──────────────────────────────────────────────────────────────────────────────── ,ggggggggggg, ,gggg, dP""""""88""""""""""""Y8, d8"" ""8I ,dPYb, Yb, 88 `8b 88 ,dP IP'`Yb `"" 88 ,8P 8888888P"" gg I8 8I 88aaaad8P"" 88 """" I8 8' 88""""""""""gg gg 88 gg ,ggg,,g...","decompyle3:exit_1:Traceback (most recent call last): File ""<string>"", line 10, in <module> File ""data/rq4/source_candidates/cpython-38/cpython-38-e36fb497365a/decompyle3.py"", line 6 expr ::= LOAD_CODE (1) ^ IndentationError: unexpected indent;pylingual:not_run:"
cpython-38,data/rq3/cpython-3.8/unique_bug_pyc/cpython-38-ee3258669fff.pyc,unconfirmed,original bytecode status ok:,ok,,,"decompyle3:ok:;pylingual:exit_-4:──────────────────────────────────────────────────────────────────────────────── ,ggggggggggg, ,gggg, dP""""""88""""""""""""Y8, d8"" ""8I ,dPYb, Yb, 88 `8b 88 ,dP IP'`Yb `"" 88 ,8P 8888888P"" gg I8 8I 88aaaad8P"" 88 """" I8 8' 88""""""""""gg gg 88 gg ,ggg,,g...","decompyle3:exit_1:Traceback (most recent call last): File ""<string>"", line 10, in <module> File ""data/rq4/source_candidates/cpython-38/cpython-38-ee3258669fff/decompyle3.py"", line 6 expr ::= LOAD_CODE (1) ^ IndentationError: unexpected indent;pylingual:not_run:"
cpython-38,data/rq3/cpython-3.8/unique_bug_pyc/cpython-38-f0ab58015d3f.pyc,compile_failure,"Traceback (most recent call last): File ""<string>"", line 10, in <module> File ""data/rq4/source_candidates/cpython-38/cpython-38-f0ab58015d3f/decompyle3.py"", line 6 expr ::= LOAD_CODE (1) ^ IndentationError: unexpected indent",crash,"signal_11:XXX lineno: 19, opcode: 13",,"decompyle3:ok:;pylingual:error:──────────────────────────────────────────────────────────────────────────────── ,ggggggggggg, ,gggg, dP""""""88""""""""""""Y8, d8"" ""8I ,dPYb, Yb, 88 `8b 88 ,dP IP'`Yb `"" 88 ,8P 8888888P"" gg I8 8I 88aaaad8P"" 88 """" I8 8' 88""""""""""gg gg 88 gg ,ggg,,g...","decompyle3:exit_1:Traceback (most recent call last): File ""<string>"", line 10, in <module> File ""data/rq4/source_candidates/cpython-38/cpython-38-f0ab58015d3f/decompyle3.py"", line 6 expr ::= LOAD_CODE (1) ^ IndentationError: unexpected indent;pylingual:not_run:"
cpython-38,data/rq3/cpython-3.8/unique_bug_pyc/cpython-38-f21d09828e9a.pyc,compile_failure,"Traceback (most recent call last): File ""<string>"", line 10, in <module> File ""data/rq4/source_candidates/cpython-38/cpython-38-f21d09828e9a/decompyle3.py"", line 6 expr ::= LOAD_CODE (1) ^ IndentationError: unexpected indent",crash,signal_11:,,"decompyle3:ok:;pylingual:error:──────────────────────────────────────────────────────────────────────────────── ,ggggggggggg, ,gggg, dP""""""88""""""""""""Y8, d8"" ""8I ,dPYb, Yb, 88 `8b 88 ,dP IP'`Yb `"" 88 ,8P 8888888P"" gg I8 8I 88aaaad8P"" 88 """" I8 8' 88""""""""""gg gg 88 gg ,ggg,,g...","decompyle3:exit_1:Traceback (most recent call last): File ""<string>"", line 10, in <module> File ""data/rq4/source_candidates/cpython-38/cpython-38-f21d09828e9a/decompyle3.py"", line 6 expr ::= LOAD_CODE (1) ^ IndentationError: unexpected indent;pylingual:not_run:"
cpython-38,data/rq3/cpython-3.8/unique_bug_pyc/cpython-38-f51fd04233d4.pyc,unconfirmed,original bytecode status ok:,ok,,,"decompyle3:ok:;pylingual:error:──────────────────────────────────────────────────────────────────────────────── ,ggggggggggg, ,gggg, dP""""""88""""""""""""Y8, d8"" ""8I ,dPYb, Yb, 88 `8b 88 ,dP IP'`Yb `"" 88 ,8P 8888888P"" gg I8 8I 88aaaad8P"" 88 """" I8 8' 88""""""""""gg gg 88 gg ,ggg,,g...","decompyle3:exit_1:Traceback (most recent call last): File ""<string>"", line 10, in <module> File ""data/rq4/source_candidates/cpython-38/cpython-38-f51fd04233d4/decompyle3.py"", line 6 expr ::= LOAD_CODE (1) ^ IndentationError: unexpected indent;pylingual:not_run:"
cpython-38,data/rq3/cpython-3.8/unique_bug_pyc/cpython-38-f59ebda0e043.pyc,unconfirmed,original bytecode status ok:,ok,,,"decompyle3:ok:;pylingual:error:──────────────────────────────────────────────────────────────────────────────── ,ggggggggggg, ,gggg, dP""""""88""""""""""""Y8, d8"" ""8I ,dPYb, Yb, 88 `8b 88 ,dP IP'`Yb `"" 88 ,8P 8888888P"" gg I8 8I 88aaaad8P"" 88 """" I8 8' 88""""""""""gg gg 88 gg ,ggg,,g...","decompyle3:exit_1:Traceback (most recent call last): File ""<string>"", line 10, in <module> File ""data/rq4/source_candidates/cpython-38/cpython-38-f59ebda0e043/decompyle3.py"", line 6 expr ::= LOAD_CODE (1) ^ IndentationError: unexpected indent;pylingual:not_run:"
cpython-38,data/rq3/cpython-3.8/unique_bug_pyc/cpython-38-fd66ae236b22.pyc,compile_failure,"Traceback (most recent call last): File ""<string>"", line 10, in <module> File ""data/rq4/source_candidates/cpython-38/cpython-38-fd66ae236b22/decompyle3.py"", line 6 expr ::= LOAD_CODE (1) ^ IndentationError: unexpected indent",crash,signal_11:,,"decompyle3:ok:;pylingual:error:──────────────────────────────────────────────────────────────────────────────── ,ggggggggggg, ,gggg, dP""""""88""""""""""""Y8, d8"" ""8I ,dPYb, Yb, 88 `8b 88 ,dP IP'`Yb `"" 88 ,8P 8888888P"" gg I8 8I 88aaaad8P"" 88 """" I8 8' 88""""""""""gg gg 88 gg ,ggg,,g...","decompyle3:exit_1:Traceback (most recent call last): File ""<string>"", line 10, in <module> File ""data/rq4/source_candidates/cpython-38/cpython-38-fd66ae236b22/decompyle3.py"", line 6 expr ::= LOAD_CODE (1) ^ IndentationError: unexpected indent;pylingual:not_run:"
cpython-38,data/rq3/cpython-3.8/unique_bug_pyc/cpython-38-fdc053fadd3e.pyc,unconfirmed,original bytecode status ok:,ok,,,"decompyle3:ok:;pylingual:error:──────────────────────────────────────────────────────────────────────────────── ,ggggggggggg, ,gggg, dP""""""88""""""""""""Y8, d8"" ""8I ,dPYb, Yb, 88 `8b 88 ,dP IP'`Yb `"" 88 ,8P 8888888P"" gg I8 8I 88aaaad8P"" 88 """" I8 8' 88""""""""""gg gg 88 gg ,ggg,,g...","decompyle3:exit_1:Traceback (most recent call last): File ""<string>"", line 10, in <module> File ""data/rq4/source_candidates/cpython-38/cpython-38-fdc053fadd3e/decompyle3.py"", line 6 expr ::= LOAD_CODE (1) ^ IndentationError: unexpected indent;pylingual:not_run:"
cpython-38,data/rq3/cpython-3.8/unique_bug_pyc/cpython-38-ff2ecbcde1ad.pyc,unconfirmed,original bytecode status ok:,ok,,,"decompyle3:ok:;pylingual:error:──────────────────────────────────────────────────────────────────────────────── ,ggggggggggg, ,gggg, dP""""""88""""""""""""Y8, d8"" ""8I ,dPYb, Yb, 88 `8b 88 ,dP IP'`Yb `"" 88 ,8P 8888888P"" gg I8 8I 88aaaad8P"" 88 """" I8 8' 88""""""""""gg gg 88 gg ,ggg,,g...","decompyle3:exit_1:Traceback (most recent call last): File ""<string>"", line 10, in <module> File ""data/rq4/source_candidates/cpython-38/cpython-38-ff2ecbcde1ad/decompyle3.py"", line 6 expr ::= LOAD_CODE (1) ^ IndentationError: unexpected indent;pylingual:not_run:"
cpython-39,data/rq3/cpython-3.9/unique_bug_pyc/cpython-39-02bda83cf25f.pyc,unconfirmed,original bytecode status ok:,ok,,,"decompyle3:error:# decompyle3 version 3.9.3 # Python bytecode version base 3.9.0 (3425) # Decompiled from: Python 3.9.25 (main, Nov 7 2025, 18:07:57) # [GCC 11.4.0] # Embedded file name: data/rq3/cpython-3.9/unittest_seeds/raw/cpython_case_test_decimal_C...;pylingual:timeout:timeout_after_600s",decompyle3:not_run:;pylingual:not_run:
cpython-39,data/rq3/cpython-3.9/unique_bug_pyc/cpython-39-0326ee579318.pyc,unconfirmed,original bytecode status ok:,ok,,,"decompyle3:error:# decompyle3 version 3.9.3 # Python bytecode version base 3.9.0 (3425) # Decompiled from: Python 3.9.25 (main, Nov 7 2025, 18:07:57) # [GCC 11.4.0] # Embedded file name: data/rq3/cpython-3.9/unittest_seeds/raw/cpython_case_test_complex_C...;pylingual:error:──────────────────────────────────────────────────────────────────────────────── ,ggggggggggg, ,gggg, dP""""""88""""""""""""Y8, d8"" ""8I ,dPYb, Yb, 88 `8b 88 ,dP IP'`Yb `"" 88 ,8P 8888888P"" gg I8 8I 88aaaad8P"" 88 """" I8 8' 88""""""""""gg gg 88 gg ,ggg,,g...",decompyle3:not_run:;pylingual:not_run:
cpython-39,data/rq3/cpython-3.9/unique_bug_pyc/cpython-39-05c7afdebcba.pyc,unconfirmed,original bytecode status ok:,ok,,,"decompyle3:error:# decompyle3 version 3.9.3 # Python bytecode version base 3.9.0 (3425) # Decompiled from: Python 3.9.25 (main, Nov 7 2025, 18:07:57) # [GCC 11.4.0] # Embedded file name: data/rq3/cpython-3.9/unittest_seeds/raw/cpython_case_test_contextli...;pylingual:error:──────────────────────────────────────────────────────────────────────────────── ,ggggggggggg, ,gggg, dP""""""88""""""""""""Y8, d8"" ""8I ,dPYb, Yb, 88 `8b 88 ,dP IP'`Yb `"" 88 ,8P 8888888P"" gg I8 8I 88aaaad8P"" 88 """" I8 8' 88""""""""""gg gg 88 gg ,ggg,,g...",decompyle3:not_run:;pylingual:not_run:
cpython-39,data/rq3/cpython-3.9/unique_bug_pyc/cpython-39-08779213b0c6.pyc,unconfirmed,original bytecode status ok:,ok,,,"decompyle3:error:# decompyle3 version 3.9.3 # Python bytecode version base 3.9.0 (3425) # Decompiled from: Python 3.9.25 (main, Nov 7 2025, 18:07:57) # [GCC 11.4.0] # Embedded file name: data/rq3/cpython-3.9/unittest_seeds/raw/cpython_case_test_pathlib__...;pylingual:error:──────────────────────────────────────────────────────────────────────────────── ,ggggggggggg, ,gggg, dP""""""88""""""""""""Y8, d8"" ""8I ,dPYb, Yb, 88 `8b 88 ,dP IP'`Yb `"" 88 ,8P 8888888P"" gg I8 8I 88aaaad8P"" 88 """" I8 8' 88""""""""""gg gg 88 gg ,ggg,,g...",decompyle3:not_run:;pylingual:not_run:
cpython-39,data/rq3/cpython-3.9/unique_bug_pyc/cpython-39-09311b114b96.pyc,unconfirmed,original bytecode status ok:,ok,,,"decompyle3:error:# decompyle3 version 3.9.3 # Python bytecode version base 3.9.0 (3425) # Decompiled from: Python 3.9.25 (main, Nov 7 2025, 18:07:57) # [GCC 11.4.0] # Embedded file name: data/rq3/cpython-3.9/unittest_seeds/raw/cpython_case_test_uni](,e_U...;pylingual:error:──────────────────────────────────────────────────────────────────────────────── ,ggggggggggg, ,gggg, dP""""""88""""""""""""Y8, d8"" ""8I ,dPYb, Yb, 88 `8b 88 ,dP IP'`Yb `"" 88 ,8P 8888888P"" gg I8 8I 88aaaad8P"" 88 """" I8 8' 88""""""""""gg gg 88 gg ,ggg,,g...",decompyle3:not_run:;pylingual:not_run:
cpython-39,data/rq3/cpython-3.9/unique_bug_pyc/cpython-39-0a48e1f41e2b.pyc,unconfirmed,original bytecode status ok:,ok,,,"decompyle3:error:# decompyle3 version 3.9.3 # Python bytecode version base 3.9.0 (3425) # Decompiled from: Python 3.9.25 (main, Nov 7 2025, 18:07:57) # [GCC 11.4.0] # Embedded file name: data/rq3/cpython-3.9/unittest_seeds/raw/cpython_case_test_httplib_H...;pylingual:error:──────────────────────────────────────────────────────────────────────────────── ,ggggggggggg, ,gggg, dP""""""88""""""""""""Y8, d8"" ""8I ,dPYb, Yb, 88 `8b 88 ,dP IP'`Yb `"" 88 ,8P 8888888P"" gg I8 8I 88aaaad8P"" 88 """" I8 8' 88""""""""""gg gg 88 gg ,ggg,,g...",decompyle3:not_run:;pylingual:not_run:
cpython-39,data/rq3/cpython-3.9/unique_bug_pyc/cpython-39-0aaf079d8c74.pyc,unconfirmed,original bytecode status ok:,ok,,,"decompyle3:error:# decompyle3 version 3.9.3 # Python bytecode version base 3.9.0 (3425) # Decompiled from: Python 3.9.25 (main, Nov 7 2025, 18:07:57) # [GCC 11.4.0] # Embedded file name: data/rq3/cpython-3®9/unittest_seeds/raw/cpython_case_test_timeit_Te...;pylingual:error:──────────────────────────────────────────────────────────────────────────────── ,ggggggggggg, ,gggg, dP""""""88""""""""""""Y8, d8"" ""8I ,dPYb, Yb, 88 `8b 88 ,dP IP'`Yb `"" 88 ,8P 8888888P"" gg I8 8I 88aaaad8P"" 88 """" I8 8' 88""""""""""gg gg 88 gg ,ggg,,g...",decompyle3:not_run:;pylingual:not_run:
cpython-39,data/rq3/cpython-3.9/unique_bug_pyc/cpython-39-0eee7d454c31.pyc,unconfirmed,original bytecode status ok:,ok,,,"decompyle3:error:# decompyle3 version 3.9.3 # Python bytecode version base 3.9.0 (3425) # Decompiled from: Python 3.9.25 (main, Nov 7 2025, 18:07:57) # [GCC 11.4.0] # Embedded file name: data/rq3/cpython-3.9/unittest_seeds/raw/cpython_case_test_iter_Test...;pylingual:error:──────────────────────────────────────────────────────────────────────────────── ,ggggggggggg, ,gggg, dP""""""88""""""""""""Y8, d8"" ""8I ,dPYb, Yb, 88 `8b 88 ,dP IP'`Yb `"" 88 ,8P 8888888P"" gg I8 8I 88aaaad8P"" 88 """" I8 8' 88""""""""""gg gg 88 gg ,ggg,,g...",decompyle3:not_run:;pylingual:not_run:
cpython-39,data/rq3/cpython-3.9/unique_bug_pyc/cpython-39-0f2df79d3ae3.pyc,unconfirmed,original bytecode status ok:,ok,,,"decompyle3:error:# decompyle3 version 3.9.3 # Python bytecode version base 3.9.0 (3425) # Decompiled from: Python 3.9.25 (main, Nov 7 2025, 18:07:57) # [GCC 11.4.0] # Embedded file name: data/rq3/cpython-3.9/unittest_seeds/raw/cpython_case_test_itertooLP...;pylingual:error:──────────────────────────────────────────────────────────────────────────────── ,ggggggggggg, ,gggg, dP""""""88""""""""""""Y8, d8"" ""8I ,dPYb, Yb, 88 `8b 88 ,dP IP'`Yb `"" 88 ,8P 8888888P"" gg I8 8I 88aaaad8P"" 88 """" I8 8' 88""""""""""gg gg 88 gg ,ggg,,g...",decompyle3:not_run:;pylingual:not_run:
cpython-39,data/rq3/cpython-3.9/unique_bug_pyc/cpython-39-110bb5c58bff.pyc,no_source,"# decompyle3 version 3.9.3 # Python bytecode version base 3.9.0 (3425) # Decompiled from: Python 3.9.25 (main, Nov 7 2025, 18:07:57) # [GCC 11.4.0] # Embedded file name: data/rq3/cpothon-3.9/unitte.abi3.so&DBL_EPSILON -- Difference betwe...",crash,signal_11:,,"decompyle3:error:# decompyle3 version 3.9.3 # Python bytecode version base 3.9.0 (3425) # Decompiled from: Python 3.9.25 (main, Nov 7 2025, 18:07:57) # [GCC 11.4.0] # Embedded file name: data/rq3/cpothon-3.9/unitte.abi3.so&DBL_EPSILON -- Difference betwe...;pylingual:error:──────────────────────────────────────────────────────────────────────────────── ,ggggggggggg, ,gggg, dP""""""88""""""""""""Y8, d8"" ""8I ,dPYb, Yb, 88 `8b 88 ,dP IP'`Yb `"" 88 ,8P 8888888P"" gg I8 8I 88aaaad8P"" 88 """" I8 8' 88""""""""""gg gg 88 gg ,ggg,,g...",decompyle3:not_run:;pylingual:not_run:
cpython-39,data/rq3/cpython-3.9/unique_bug_pyc/cpython-39-112794a0322b.pyc,no_source,"# decompyle3 version 3.9.3 # Python bytecode version base 3.9.0 (3425) # Decompiled from: Python 3.9.25 (main, Nov 7 2025, 18:07:57) # [GCC 11.4.0] # Embedded file name: data/rq3/cpython-3.9/unittest_sedds/raw/cpython_case_test_code_Code...",crash,signal_11:,,"decompyle3:error:# decompyle3 version 3.9.3 # Python bytecode version base 3.9.0 (3425) # Decompiled from: Python 3.9.25 (main, Nov 7 2025, 18:07:57) # [GCC 11.4.0] # Embedded file name: data/rq3/cpython-3.9/unittest_sedds/raw/cpython_case_test_code_Code...;pylingual:error:──────────────────────────────────────────────────────────────────────────────── ,ggggggggggg, ,gggg, dP""""""88""""""""""""Y8, d8"" ""8I ,dPYb, Yb, 88 `8b 88 ,dP IP'`Yb `"" 88 ,8P 8888888P"" gg I8 8I 88aaaad8P"" 88 """" I8 8' 88""""""""""gg gg 88 gg ,ggg,,g...",decompyle3:not_run:;pylingual:not_run:
cpython-39,data/rq3/cpython-3.9/unique_bug_pyc/cpython-39-17e1cea0fd00.pyc,unconfirmed,original bytecode status ok:,ok,,,"decompyle3:error:# decompyle3 version 3.9.3 # Python bytecode version base 3.9.0 (3425) # Decompiled from: Python 3.9.25 (main, Nov 7 2025, 18:07:57) # [GCC 11.4.0] # Embedded file name: data/rq3/cpython-3.9/unittest_seeds/raw/cpython_case_test_dict_Dict...;pylingual:error:──────────────────────────────────────────────────────────────────────────────── ,ggggggggggg, ,gggg, dP""""""88""""""""""""Y8, d8"" ""8I ,dPYb, Yb, 88 `8b 88 ,dP IP'`Yb `"" 88 ,8P 8888888P"" gg I8 8I 88aaaad8P"" 88 """" I8 8' 88""""""""""gg gg 88 gg ,ggg,,g...",decompyle3:not_run:;pylingual:not_run:
cpython-39,data/rq3/cpython-3.9/unique_bug_pyc/cpython-39-1a0bae95e9a6.pyc,unconfirmed,original bytecode status ok:,ok,,,"decompyle3:error:# decompyle3 version 3.9.3 # Python bytecode version base 3.9.0 (3425) # Decompiled from: Python 3.9.25 (main, Nov 7 2025, 18:07:57) # [GCC 11.4.0] # Embedded file name: data/rq3/cpython-3.9/unittest_seeds/raw/cpython_case_test_zipfile_O...;pylingual:error:──────────────────────────────────────────────────────────────────────────────── ,ggggggggggg, ,gggg, dP""""""88""""""""""""Y8, d8"" ""8I ,dPYb, Yb, 88 `8b 88 ,dP IP'`Yb `"" 88 ,8P 8888888P"" gg I8 8I 88aaaad8P"" 88 """" I8 8' 88""""""""""gg gg 88 gg ,ggg,,g...",decompyle3:not_run:;pylingual:not_run:
cpython-39,data/rq3/cpython-3.9/unique_bug_pyc/cpython-39-1ba99127988c.pyc,unconfirmed,original bytecode status ok:,ok,,,"decompyle3:error:# decompyle3 version 3.9.3 # Python bytecode version base 3.9.0 (3425) # Decompiled from: Python 3.9.25 (main, Nov 7 2025, 18:07:57) # [GCC 11.4.0] # Embedded file name: data/rq3/cpython-3.9/unittest_seeds/raw/cpython_case_test_complex_C...;pylingual:error:──────────────────────────────────────────────────────────────────────────────── ,ggggggggggg, ,gggg, dP""""""88""""""""""""Y8, d8"" ""8I ,dPYb, Yb, 88 `8b 88 ,dP IP'`Yb `"" 88 ,8P 8888888P"" gg I8 8I 88aaaad8P"" 88 """" I8 8' 88""""""""""gg gg 88 gg ,ggg,,g...",decompyle3:not_run:;pylingual:not_run:
cpython-39,data/rq3/cpython-3.9/unique_bug_pyc/cpython-39-20ab2d79aa16.pyc,unconfirmed,original bytecode status ok:,ok,,,"decompyle3:error:# decompyle3 version 3.9.3 # Python bytecode version base 3.9.0 (3425) # Decompiled from: Python 3.9.25 (main, Nov 7 2025, 18:07:57) # [GCC 11.4.0] # Embedded file name: data/rq3/cpython-3.9/unittest_seeds/raw/cpytion_case_test_threading...;pylingual:error:──────────────────────────────────────────────────────────────────────────────── ,ggggggggggg, ,gggg, dP""""""88""""""""""""Y8, d8"" ""8I ,dPYb, Yb, 88 `8b 88 ,dP IP'`Yb `"" 88 ,8P 8888888P"" gg I8 8I 88aaaad8P"" 88 """" I8 8' 88""""""""""gg gg 88 gg ,ggg,,g...",decompyle3:not_run:;pylingual:not_run:
cpython-39,data/rq3/cpython-3.9/unique_bug_pyc/cpython-39-29d81f994c31.pyc,no_source,"# decompyle3 version 3.9.3 # Python bytecode version base 3.9.0 (3425) # Decompiled from: Python 3.9.25 (main, Nov 7 2025, 18:07:57) # [GCC 11.4.0] # Embedded file name: data/rq3/cpython-3.9/unittest_seeds/raw/cpython_case_test_urlparse_...",crash,signal_11:,,"decompyle3:error:# decompyle3 version 3.9.3 # Python bytecode version base 3.9.0 (3425) # Decompiled from: Python 3.9.25 (main, Nov 7 2025, 18:07:57) # [GCC 11.4.0] # Embedded file name: data/rq3/cpython-3.9/unittest_seeds/raw/cpython_case_test_urlparse_...;pylingual:error:──────────────────────────────────────────────────────────────────────────────── ,ggggggggggg, ,gggg, dP""""""88""""""""""""Y8, d8"" ""8I ,dPYb, Yb, 88 `8b 88 ,dP IP'`Yb `"" 88 ,8P 8888888P"" gg I8 8I 88aaaad8P"" 88 """" I8 8' 88""""""""""gg gg 88 gg ,ggg,,g...",decompyle3:not_run:;pylingual:not_run:
cpython-39,data/rq3/cpython-3.9/unique_bug_pyc/cpython-39-2ecd9f682aa5.pyc,unconfirmed,original bytecode status ok:,ok,,,"decompyle3:error:# decompyle3 version 3.9.3 # Python bytecode version base 3.9.0 (3425) # Decompiled from: Python 3.9.25 (main, Nov 7 2025, 18:07:57) # [GCC 11.4.0] # Embedded file name: data/rq3/cpython-3.9/unittest_seeds/raa ython_case_test_itertooLPAR...;pylingual:error:──────────────────────────────────────────────────────────────────────────────── ,ggggggggggg, ,gggg, dP""""""88""""""""""""Y8, d8"" ""8I ,dPYb, Yb, 88 `8b 88 ,dP IP'`Yb `"" 88 ,8P 8888888P"" gg I8 8I 88aaaad8P"" 88 """" I8 8' 88""""""""""gg gg 88 gg ,ggg,,g...",decompyle3:not_run:;pylingual:not_run:
cpython-39,data/rq3/cpython-3.9/unique_bug_pyc/cpython-39-312b3a032f9f.pyc,unconfirmed,original bytecode status ok:,ok,,,"decompyle3:error:# decompyle3 version 3.9.3 # Python bytecode version base 3.9.0 (3425) # Decompiled from: Python 3.9.25 (main, Nov 7 2025, 18:07:57) # [GCC 11.4.0] # Embedded file name: data/rq3/cpython-3.9/unittest_seeds/raw/cpython_case_test_urlparse_...;pylingual:error:──────────────────────────────────────────────────────────────────────────────── ,ggggggggggg, ,gggg, dP""""""88""""""""""""Y8, d8"" ""8I ,dPYb, Yb, 88 `8b 88 ,dP IP'`Yb `"" 88 ,8P 8888888P"" gg I8 8I 88aaaad8P"" 88 """" I8 8' 88""""""""""gg gg 88 gg ,ggg,,g...",decompyle3:not_run:;pylingual:not_run:
cpython-39,data/rq3/cpython-3.9/unique_bug_pyc/cpython-39-318b13d971e3.pyc,no_source,"# decompyle3 version 3.9.3 # Python bytecode version base 3.9.0 (3425) # Decompiled from: Python 3.9.25 (main, Nov 7 2025, 18:07:57) # [GCC 11.4.0] # Embedded file name: data/rq3/cpython-3.9/unittest_seeds/raw/cpython_case_test_time_Test...",crash,signal_11:,,"decompyle3:error:# decompyle3 version 3.9.3 # Python bytecode version base 3.9.0 (3425) # Decompiled from: Python 3.9.25 (main, Nov 7 2025, 18:07:57) # [GCC 11.4.0] # Embedded file name: data/rq3/cpython-3.9/unittest_seeds/raw/cpython_case_test_time_Test...;pylingual:error:──────────────────────────────────────────────────────────────────────────────── ,ggggggggggg, ,gggg, dP""""""88""""""""""""Y8, d8"" ""8I ,dPYb, Yb, 88 `8b 88 ,dP IP'`Yb `"" 88 ,8P 8888888P"" gg I8 8I 88aaaad8P"" 88 """" I8 8' 88""""""""""gg gg 88 gg ,ggg,,g...",decompyle3:not_run:;pylingual:not_run:
cpython-39,data/rq3/cpython-3.9/unique_bug_pyc/cpython-39-371bf23df286.pyc,unconfirmed,original bytecode status ok:,ok,,,"decompyle3:error:# decompyle3 version 3.9.3 # Python bytecode version base 3.9.0 (3425) # Decompiled from: Python 3.9.25 (main, Nov 7 2025, 18:07:57) # [GCC 11.4.0] # Embedded file name: data/rq3/cpytho.includeittest_seeds/raw/cpython_case_test_logging_S...;pylingual:error:──────────────────────────────────────────────────────────────────────────────── ,ggggggggggg, ,gggg, dP""""""88""""""""""""Y8, d8"" ""8I ,dPYb, Yb, 88 `8b 88 ,dP IP'`Yb `"" 88 ,8P 8888888P"" gg I8 8I 88aaaad8P"" 88 """" I8 8' 88""""""""""gg gg 88 gg ,ggg,,g...",decompyle3:not_run:;pylingual:not_run:
cpython-39,data/rq3/cpython-3.9/unique_bug_pyc/cpython-39-384ba7ab6953.pyc,no_source,"# decompyle3 version 3.9.3 # Python bytecode version base 3.9.0 (3425) # Decompiled from: Python 3.9.25 (main, Nov 7 2025, 18:07:57) # [GCC 11.4.0] # Embedded file name: data/rq3/cpython-3.9/unittest_sdeds/raw/cpython_case_test_codecs_UT...",crash,signal_11:,,"decompyle3:error:# decompyle3 version 3.9.3 # Python bytecode version base 3.9.0 (3425) # Decompiled from: Python 3.9.25 (main, Nov 7 2025, 18:07:57) # [GCC 11.4.0] # Embedded file name: data/rq3/cpython-3.9/unittest_sdeds/raw/cpython_case_test_codecs_UT...;pylingual:error:──────────────────────────────────────────────────────────────────────────────── ,ggggggggggg, ,gggg, dP""""""88""""""""""""Y8, d8"" ""8I ,dPYb, Yb, 88 `8b 88 ,dP IP'`Yb `"" 88 ,8P 8888888P"" gg I8 8I 88aaaad8P"" 88 """" I8 8' 88""""""""""gg gg 88 gg ,ggg,,g...",decompyle3:not_run:;pylingual:not_run:
cpython-39,data/rq3/cpython-3.9/unique_bug_pyc/cpython-39-39437486597c.pyc,unconfirmed,original bytecode status ok:,ok,,,"decompyle3:error:# decompyle3 version 3.9.3 # Python bytecode version base 3.9.0 (3425) # Decompiled from: Python 3.9.25 (main, Nov 7 2025, 18:07:57) # [GCC 11.4.0] # Embedded file name: data/rq3/cpython-3.9/unittest_seeds/raw/cpython_case_test_site_Impo...;pylingual:error:──────────────────────────────────────────────────────────────────────────────── ,ggggggggggg, ,gggg, dP""""""88""""""""""""Y8, d8"" ""8I ,dPYb, Yb, 88 `8b 88 ,dP IP'`Yb `"" 88 ,8P 8888888P"" gg I8 8I 88aaaad8P"" 88 """" I8 8' 88""""""""""gg gg 88 gg ,ggg,,g...",decompyle3:not_run:;pylingual:not_run:
cpython-39,data/rq3/cpython-3.9/unique_bug_pyc/cpython-39-413aa6d690ed.pyc,unconfirmed,original bytecode status ok:,ok,,,"decompyle3:error:# decompyle3 version 3.9.3 # Python bytecode version base 3.9.0 (3425) # Decompiled from: Python 3.9.25 (main, Nov 7 2025, 18:07:57) # [GCC 11.4.0] # Embedded file name: data/rq3/cpython-3.9/unittest_seeds/raw/cpython_case_test_unicod!Z...;pylingual:error:──────────────────────────────────────────────────────────────────────────────── ,ggggggggggg, ,gggg, dP""""""88""""""""""""Y8, d8"" ""8I ,dPYb, Yb, 88 `8b 88 ,dP IP'`Yb `"" 88 ,8P 8888888P"" gg I8 8I 88aaaad8P"" 88 """" I8 8' 88""""""""""gg gg 88 gg ,ggg,,g...",decompyle3:not_run:;pylingual:not_run:
cpython-39,data/rq3/cpython-3.9/unique_bug_pyc/cpython-39-426d0ae6fb17.pyc,no_source,"# decompyle3 version 3.9.3 # Python bytecode version base 3.9.0 (3425) # Decompiled from: Python 3.9.25 (main, Nov 7 2025, 18:07:57) # [GCC 11.4.0] # Embedded file name: data/rq3/cpython-3.9/unittest_seeds/raw/cpython_case_posonlyargswse...",crash,signal_11:,,"decompyle3:error:# decompyle3 version 3.9.3 # Python bytecode version base 3.9.0 (3425) # Decompiled from: Python 3.9.25 (main, Nov 7 2025, 18:07:57) # [GCC 11.4.0] # Embedded file name: data/rq3/cpython-3.9/unittest_seeds/raw/cpython_case_posonlyargswse...;pylingual:error:──────────────────────────────────────────────────────────────────────────────── ,ggggggggggg, ,gggg, dP""""""88""""""""""""Y8, d8"" ""8I ,dPYb, Yb, 88 `8b 88 ,dP IP'`Yb `"" 88 ,8P 8888888P"" gg I8 8I 88aaaad8P"" 88 """" I8 8' 88""""""""""gg gg 88 gg ,ggg,,g...",decompyle3:not_run:;pylingual:not_run:
cpython-39,data/rq3/cpython-3.9/unique_bug_pyc/cpython-39-42a67c6da8b3.pyc,unconfirmed,original bytecode status ok:,ok,,,"decompyle3:error:# decompyle3 version 3.9.3 # Python bytecode version base 3.9.0 (3425) # Decompiled from: Python 3.9.25 (main, Nov 7 2025, 18:07:57) # [GCC 11.4.0] # Embedded file name: data/rq3/cpython-3.9/unittest_seeds/raw/cpython_case_test_generator...;pylingual:error:──────────────────────────────────────────────────────────────────────────────── ,ggggggggggg, ,gggg, dP""""""88""""""""""""Y8, d8"" ""8I ,dPYb, Yb, 88 `8b 88 ,dP IP'`Yb `"" 88 ,8P 8888888P"" gg I8 8I 88aaaad8P"" 88 """" I8 8' 88""""""""""gg gg 88 gg ,ggg,,g...",decompyle3:not_run:;pylingual:not_run:
cpython-39,data/rq3/cpython-3.9/unique_bug_pyc/cpython-39-437b363806c8.pyc,unconfirmed,original bytecode status ok:,ok,,,"decompyle3:error:# decompyle3 version 3.9.3 # Python bytecode version base 3.9.0 (3425) # Decompiled from: Python 3.9.25 (main, Nov 7 2025, 18:07:57) # [GCC 11.4.0] # Embedded file name: data/rq3/cpython-3.9/unittest_seeds/raw/cpython_case_test_types_Cla...;pylingual:error:──────────────────────────────────────────────────────────────────────────────── ,ggggggggggg, ,gggg, dP""""""88""""""""""""Y8, d8"" ""8I ,dPYb, Yb, 88 `8b 88 ,dP IP'`Yb `"" 88 ,8P 8888888P"" gg I8 8I 88aaaad8P"" 88 """" I8 8' 88""""""""""gg gg 88 gg ,ggg,,g...",decompyle3:not_run:;pylingual:not_run:
cpython-39,data/rq3/cpython-3.9/unique_bug_pyc/cpython-39-442115e65596.pyc,unconfirmed,original bytecode status ok:,ok,,,"decompyle3:error:# decompyle3 version 3.9.3 # Python bytecode version base 3.9.0 (3425) # Decompiled from: Python 3.9.25 (main, Nov 7 2025, 18:07:57) # [GCC 11.4.0] # Embedded file name: data/rq3/cpython-3.9/unittest_seeds/raw/cpython_case_test_dict_Dict...;pylingual:error:──────────────────────────────────────────────────────────────────────────────── ,ggggggggggg, ,gggg, dP""""""88""""""""""""Y8, d8"" ""8I ,dPYb, Yb, 88 `8b 88 ,dP IP'`Yb `"" 88 ,8P 8888888P"" gg I8 8I 88aaaad8P"" 88 """" I8 8' 88""""""""""gg gg 88 gg ,ggg,,g...",decompyle3:not_run:;pylingual:not_run:
cpython-39,data/rq3/cpython-3.9/unique_bug_pyc/cpython-39-455cead0d77b.pyc,unconfirmed,original bytecode status ok:,ok,,,"decompyle3:error:# decompyle3 version 3.9.3 # Python bytecode version base 3.9.0 (3425) # Decompiled from: Python 3.9.25 (main, Nov 7 2025, 18:07:57) # [GCC 11.4.0] # Embedded file name: data/rq3/cpython-3.9/unittest_seeds/raw/cpython_case_test_descr_Cl\\0...;pylingual:error:──────────────────────────────────────────────────────────────────────────────── ,ggggggggggg, ,gggg, dP""""""88""""""""""""Y8, d8"" ""8I ,dPYb, Yb, 88 `8b 88 ,dP IP'`Yb `"" 88 ,8P 8888888P"" gg I8 8I 88aaaad8P"" 88 """" I8 8' 88""""""""""gg gg 88 gg ,ggg,,g...",decompyle3:not_run:;pylingual:not_run:
cpython-39,data/rq3/cpython-3.9/unique_bug_pyc/cpython-39-4a2f92816061.pyc,unconfirmed,original bytecode status ok:,ok,,,"decompyle3:error:# decompyle3 version 3.9.3 # Python bytecode version base 3.9.0 (3425) # Decompiled from: Python 3.9.25 (main, Nov 7 2025, 18:07:57) # [GCC 11.4.0] # Embedded file name: data/rq3/cpython-3.9/unittest_seeds/raw/cpython_case_test_traceback...;pylingual:error:──────────────────────────────────────────────────────────────────────────────── ,ggggggggggg, ,gggg, dP""""""88""""""""""""Y8, d8"" ""8I ,dPYb, Yb, 88 `8b 88 ,dP IP'`Yb `"" 88 ,8P 8888888P"" gg I8 8I 88aaaad8P"" 88 """" I8 8' 88""""""""""gg gg 88 gg ,ggg,,g...",decompyle3:not_run:;pylingual:not_run:
cpython-39,data/rq3/cpython-3.9/unique_bug_pyc/cpython-39-4d83918b962b.pyc,unconfirmed,original bytecode status ok:,ok,,,"decompyle3:error:# decompyle3 version 3.9.3 # Python bytecode version base 3.9.0 (3425) # Decompiled from: Python 3.9.25 (main, Nov 7 2025, 18:07:57) # [GCC 11.4.0] # Embedded file name: data/rq3/cpython-3.9/unittest_seeds/raw/cpython_case_test_subproces...;pylingual:error:──────────────────────────────────────────────────────────────────────────────── ,ggggggggggg, ,gggg, dP""""""88""""""""""""Y8, d8"" ""8I ,dPYb, Yb, 88 `8b 88 ,dP IP'`Yb `"" 88 ,8P 8888888P"" gg I8 8I 88aaaad8P"" 88 """" I8 8' 88""""""""""gg gg 88 gg ,ggg,,g...",decompyle3:not_run:;pylingual:not_run:
cpython-39,data/rq3/cpython-3.9/unique_bug_pyc/cpython-39-4f323e0bf53a.pyc,no_source,"# decompyle3 version 3.9.3 # Python bytecode version base 3.9.0 (3425) # Decompiled from: Python 3.9.25 (main, Nov 7 2025, 18:07:57) # [GCC 11.4.0] # Embedded file name: data/rq3/cpython-3.9/unittest_seeds/raw/cpython_case_test_threading...",crash,signal_11:,,"decompyle3:error:# decompyle3 version 3.9.3 # Python bytecode version base 3.9.0 (3425) # Decompiled from: Python 3.9.25 (main, Nov 7 2025, 18:07:57) # [GCC 11.4.0] # Embedded file name: data/rq3/cpython-3.9/unittest_seeds/raw/cpython_case_test_threading...;pylingual:error:──────────────────────────────────────────────────────────────────────────────── ,ggggggggggg, ,gggg, dP""""""88""""""""""""Y8, d8"" ""8I ,dPYb, Yb, 88 `8b 88 ,dP IP'`Yb `"" 88 ,8P 8888888P"" gg I8 8I 88aaaad8P"" 88 """" I8 8' 88""""""""""gg gg 88 gg ,ggg,,g...",decompyle3:not_run:;pylingual:not_run:
cpython-39,data/rq3/cpython-3.9/unique_bug_pyc/cpython-39-4f9b8f16a219.pyc,unconfirmed,original bytecode status ok:,ok,,,"decompyle3:error:# decompyle3 version 3.9.3 # Python bytecode version base 3.9.0 (3425) # Decompiled from: Python 3.9.25 (main, Nov 7 2025, 18:07:57) # [GCC 11.4.0] # Embedded file name: data/rq3/cpython-3.9/unittest_seeds/raw/cpython_case_test_yield_fro...;pylingual:error:──────────────────────────────────────────────────────────────────────────────── ,ggggggggggg, ,gggg, dP""""""88""""""""""""Y8, d8"" ""8I ,dPYb, Yb, 88 `8b 88 ,dP IP'`Yb `"" 88 ,8P 8888888P"" gg I8 8I 88aaaad8P"" 88 """" I8 8' 88""""""""""gg gg 88 gg ,ggg,,g...",decompyle3:not_run:;pylingual:not_run:
cpython-39,data/rq3/cpython-3.9/unique_bug_pyc/cpython-39-50214cd9332a.pyc,unconfirmed,original bytecode status ok:,ok,,,"decompyle3:error:# decompyle3 version 3.9.3 # Python bytecode version base 3.9.0 (3425) # Decompiled from: Python 3.9.25 (main, Nov 7 2025, 18:07:57) # [GCC 11.4.0] # Embedded file name: data/rq3/cpython-3.9/unittest_seeds/raw/cpython_case_test_audioop_T...;pylingual:error:──────────────────────────────────────────────────────────────────────────────── ,ggggggggggg, ,gggg, dP""""""88""""""""""""Y8, d8"" ""8I ,dPYb, Yb, 88 `8b 88 ,dP IP'`Yb `"" 88 ,8P 8888888P"" gg I8 8I 88aaaad8P"" 88 """" I8 8' 88""""""""""gg gg 88 gg ,ggg,,g...",decompyle3:not_run:;pylingual:not_run:
cpython-39,data/rq3/cpython-3.9/unique_bug_pyc/cpython-39-521905e07c28.pyc,unconfirmed,original bytecode status ok:,ok,,,"decompyle3:error:# decompyle3 version 3.9.3 # Python bytecode version base 3.9.0 (3425) # Decompiled from: Python 3.9.25 (main, Nov 7 2025, 18:07:57) # [GCC 11.4.0] # Embedded file name: data/rq3/cpython-3.9/unittest_seeds/raw/cpython_case_test_time_Test...;pylingual:error:──────────────────────────────────────────────────────────────────────────────── ,ggggggggggg, ,gggg, dP""""""88""""""""""""Y8, d8"" ""8I ,dPYb, Yb, 88 `8b 88 ,dP IP'`Yb `"" 88 ,8P 8888888P"" gg I8 8I 88aaaad8P"" 88 """" I8 8' 88""""""""""gg gg 88 gg ,ggg,,g...",decompyle3:not_run:;pylingual:not_run:
cpython-39,data/rq3/cpython-3.9/unique_bug_pyc/cpython-39-53658a9c528a.pyc,no_source,"# decompyle3 version 3.9.3 # Python bytecode version base 3.9.0 (3425) # Decompiled from: Python 3.9.25 (main, Nov 7 2025, 18:07:57) # [GCC 11.4.0] # Embedded file name: data/rq3/cpython-3.9/unittest_seeds/raw/cpython_case_test_inspect_T...",crash,signal_11:,,"decompyle3:error:# decompyle3 version 3.9.3 # Python bytecode version base 3.9.0 (3425) # Decompiled from: Python 3.9.25 (main, Nov 7 2025, 18:07:57) # [GCC 11.4.0] # Embedded file name: data/rq3/cpython-3.9/unittest_seeds/raw/cpython_case_test_inspect_T...;pylingual:error:──────────────────────────────────────────────────────────────────────────────── ,ggggggggggg, ,gggg, dP""""""88""""""""""""Y8, d8"" ""8I ,dPYb, Yb, 88 `8b 88 ,dP IP'`Yb `"" 88 ,8P 8888888P"" gg I8 8I 88aaaad8P"" 88 """" I8 8' 88""""""""""gg gg 88 gg ,ggg,,g...",decompyle3:not_run:;pylingual:not_run:
cpython-39,data/rq3/cpython-3.9/unique_bug_pyc/cpython-39-5908e7763464.pyc,unconfirmed,original bytecode status ok:,ok,,,"decompyle3:error:# decompyle3 version 3.9.3 # Python bytecode version base 3.9.0 (3425) # Decompiled from: Python 3.9.25 (main, Nov 7 2025, 18:07:57) # [GCC 11.4.0] # Embedded file name: data/rq3/cpython-3.9/unittest_seeds/raw/cpython_case_test_curses_Te...;pylingual:error:──────────────────────────────────────────────────────────────────────────────── ,ggggggggggg, ,gggg, dP""""""88""""""""""""Y8, d8"" ""8I ,dPYb, Yb, 88 `8b 88 ,dP IP'`Yb `"" 88 ,8P 8888888P"" gg I8 8I 88aaaad8P"" 88 """" I8 8' 88""""""""""gg gg 88 gg ,ggg,,g...",decompyle3:not_run:;pylingual:not_run:
cpython-39,data/rq3/cpython-3.9/unique_bug_pyc/cpython-39-5a03ff036c73.pyc,unconfirmed,original bytecode status ok:,ok,,,"decompyle3:error:# decompyle3 version 3.9.3 # Python bytecode version base 3.9.0 (3425) # Decompiled from: Python 3.9.25 (main, Nov 7 2025, 18:07:57) # [GCC 11.4.0] # Embedded file name: data/rq3/cpython-3.9/unittest_seeds/raw/cpython_case_test_ast_AST_T...;pylingual:error:──────────────────────────────────────────────────────────────────────────────── ,ggggggggggg, ,gggg, dP""""""88""""""""""""Y8, d8"" ""8I ,dPYb, Yb, 88 `8b 88 ,dP IP'`Yb `"" 88 ,8P 8888888P"" gg I8 8I 88aaaad8P"" 88 """" I8 8' 88""""""""""gg gg 88 gg ,ggg,,g...",decompyle3:not_run:;pylingual:not_run:
cpython-39,data/rq3/cpython-3.9/unique_bug_pyc/cpython-39-5d20b55912d6.pyc,no_source,"# decompyle3 version 3.9.3 # Python bytecode version base 3.9.0 (3425) # Decompiled from: Python 3.9.25 (main, Nov 7 2025, 18:07:57) # [GCC 11.4.0] # Embedded file name: data/rq3/cpython-3.9/unittest_seeds/raw/cpython_case_test_ast_ASTHe...",crash,signal_11:,,"decompyle3:error:# decompyle3 version 3.9.3 # Python bytecode version base 3.9.0 (3425) # Decompiled from: Python 3.9.25 (main, Nov 7 2025, 18:07:57) # [GCC 11.4.0] # Embedded file name: data/rq3/cpython-3.9/unittest_seeds/raw/cpython_case_test_ast_ASTHe...;pylingual:error:──────────────────────────────────────────────────────────────────────────────── ,ggggggggggg, ,gggg, dP""""""88""""""""""""Y8, d8"" ""8I ,dPYb, Yb, 88 `8b 88 ,dP IP'`Yb `"" 88 ,8P 8888888P"" gg I8 8I 88aaaad8P"" 88 """" I8 8' 88""""""""""gg gg 88 gg ,ggg,,g...",decompyle3:not_run:;pylingual:not_run:
cpython-39,data/rq3/cpython-3.9/unique_bug_pyc/cpython-39-60cd86388cec.pyc,unconfirmed,original bytecode status ok:,ok,,,"decompyle3:error:# decompyle3 version 3.9.3 # Python bytecode version base 3.9.0 (3425) # Decompiled from: Python 3.9.25 (main, Nov 7 2025, 18:07:57) # [GCC 11.4.0] # Embedded file name: data/rq3/cpython-3.9/vnittest_seeds/raw/cpython_case_test_time_Test...;pylingual:error:──────────────────────────────────────────────────────────────────────────────── ,ggggggggggg, ,gggg, dP""""""88""""""""""""Y8, d8"" ""8I ,dPYb, Yb, 88 `8b 88 ,dP IP'`Yb `"" 88 ,8P 8888888P"" gg I8 8I 88aaaad8P"" 88 """" I8 8' 88""""""""""gg gg 88 gg ,ggg,,g...",decompyle3:not_run:;pylingual:not_run:
cpython-39,data/rq3/cpython-3.9/unique_bug_pyc/cpython-39-66083150055e.pyc,unconfirmed,original bytecode status ok:,ok,,,"decompyle3:error:# decompyle3 version 3.9.3 # Python bytecode version base 3.9.0 (3425) # Decompiled from: Python 3.9.25 (main, Nov 7 2025, 18:07:57) # [GCC 11.4.0] # Embedded file name: data/rq3/cpython-3.9/unittest_seeds/raw/cpython_case_test_named_exp...;pylingual:error:──────────────────────────────────────────────────────────────────────────────── ,ggggggggggg, ,gggg, dP""""""88""""""""""""Y8, d8"" ""8I ,dPYb, Yb, 88 `8b 88 ,dP IP'`Yb `"" 88 ,8P 8888888P"" gg I8 8I 88aaaad8P"" 88 """" I8 8' 88""""""""""gg gg 88 gg ,ggg,,g...",decompyle3:not_run:;pylingual:not_run:
cpython-39,data/rq3/cpython-3.9/unique_bug_pyc/cpython-39-68835a05e586.pyc,unconfirmed,original bytecode status ok:,ok,,,"decompyle3:error:# decompyle3 version 3.9.3 # Python bytecode version base 3.9.0 (3425) # Decompiled from: Python 3.9.25 (main, Nov 7 2025, 18:07:57) # [GCC 11.4.0] # Embedded file name: data/rq3/cpython-3.9/unittest_seeds/raw/cpython_case_test_named_exp...;pylingual:error:──────────────────────────────────────────────────────────────────────────────── ,ggggggggggg, ,gggg, dP""""""88""""""""""""Y8, d8"" ""8I ,dPYb, Yb, 88 `8b 88 ,dP IP'`Yb `"" 88 ,8P 8888888P"" gg I8 8I 88aaaad8P"" 88 """" I8 8' 88""""""""""gg gg 88 gg ,ggg,,g...",decompyle3:not_run:;pylingual:not_run:
cpython-39,data/rq3/cpython-3.9/unique_bug_pyc/cpython-39-7359c6e0ae19.pyc,unconfirmed,original bytecode status ok:,ok,,,"decompyle3:error:# decompyle3 version 3.9.3 # Python bytecode version base 3.9.0 (3425) # Decompiled from: Python 3.9.25 (main, Nov 7 2025, 18:07:57) # [GCC 11.4.0] # Embedded file name: data/rq3/cpython-3.9/unittest_seeds/raw/cpython_case_test_positiona...;pylingual:error:──────────────────────────────────────────────────────────────────────────────── ,ggggggggggg, ,gggg, dP""""""88""""""""""""Y8, d8"" ""8I ,dPYb, Yb, 88 `8b 88 ,dP IP'`Yb `"" 88 ,8P 8888888P"" gg I8 8I 88aaaad8P"" 88 """" I8 8' 88""""""""""gg gg 88 gg ,ggg,,g...",decompyle3:not_run:;pylingual:not_run:
cpython-39,data/rq3/cpython-3.9/unique_bug_pyc/cpython-39-79337e83b0da.pyc,no_source,"# decompyle3 version 3.9.3 # Python bytecode version base 3.9.0 (3425) # Decompiled from: Python 3.9.25 (main, Nov 7 2025, 18:07:57) # [GCC 11.4.0] # Embedded file name: data/rq3/cpython-3.9/unittest_seeds/raw/cpythom_case_test_math_test...",crash,signal_11:,,"decompyle3:error:# decompyle3 version 3.9.3 # Python bytecode version base 3.9.0 (3425) # Decompiled from: Python 3.9.25 (main, Nov 7 2025, 18:07:57) # [GCC 11.4.0] # Embedded file name: data/rq3/cpython-3.9/unittest_seeds/raw/cpythom_case_test_math_test...;pylingual:error:──────────────────────────────────────────────────────────────────────────────── ,ggggggggggg, ,gggg, dP""""""88""""""""""""Y8, d8"" ""8I ,dPYb, Yb, 88 `8b 88 ,dP IP'`Yb `"" 88 ,8P 8888888P"" gg I8 8I 88aaaad8P"" 88 """" I8 8' 88""""""""""gg gg 88 gg ,ggg,,g...",decompyle3:not_run:;pylingual:not_run:
cpython-39,data/rq3/cpython-3.9/unique_bug_pyc/cpython-39-7a1c13a5abb9.pyc,no_source,"# decompyle3 version 3.9.3 # Python bytecode version base 3.9.0 (3425) # Decompiled from: Python 3.9.25 (main, Nov 7 2025, 18:07:57) # [GCC 11.4.0] # Embedded file name: data/rq3/cpython-3.9/unittest_seeds/raw/cpython_case_test_xmlrpc_Si...",crash,signal_11:,,"decompyle3:error:# decompyle3 version 3.9.3 # Python bytecode version base 3.9.0 (3425) # Decompiled from: Python 3.9.25 (main, Nov 7 2025, 18:07:57) # [GCC 11.4.0] # Embedded file name: data/rq3/cpython-3.9/unittest_seeds/raw/cpython_case_test_xmlrpc_Si...;pylingual:error:──────────────────────────────────────────────────────────────────────────────── ,ggggggggggg, ,gggg, dP""""""88""""""""""""Y8, d8"" ""8I ,dPYb, Yb, 88 `8b 88 ,dP IP'`Yb `"" 88 ,8P 8888888P"" gg I8 8I 88aaaad8P"" 88 """" I8 8' 88""""""""""gg gg 88 gg ,ggg,,g...",decompyle3:not_run:;pylingual:not_run:
cpython-39,data/rq3/cpython-3.9/unique_bug_pyc/cpython-39-7ccc68a16ddf.pyc,no_source,"# decompyle3 version 3.9.3 # Python bytecode version base 3.9.0 (3425) # Decompiled from: Python 3.9.25 (main, Nov 7 2025, 18:07:57) # [GCC 11.4.0] # Embedded file name: data/rq3/cpython-3.9/unittest_seeds/raw/cpython_case_test_fstring_T...",exit_1,"Traceback (most recent call last): File ""/home/awen/git/PybcSEC/PycLens/data/rq4/harness.py"", line 26, in <module> exec(code, namespace, namespace) MemoryError",,"decompyle3:error:# decompyle3 version 3.9.3 # Python bytecode version base 3.9.0 (3425) # Decompiled from: Python 3.9.25 (main, Nov 7 2025, 18:07:57) # [GCC 11.4.0] # Embedded file name: data/rq3/cpython-3.9/unittest_seeds/raw/cpython_case_test_fstring_T...;pylingual:error:──────────────────────────────────────────────────────────────────────────────── ,ggggggggggg, ,gggg, dP""""""88""""""""""""Y8, d8"" ""8I ,dPYb, Yb, 88 `8b 88 ,dP IP'`Yb `"" 88 ,8P 8888888P"" gg I8 8I 88aaaad8P"" 88 """" I8 8' 88""""""""""gg gg 88 gg ,ggg,,g...",decompyle3:not_run:;pylingual:not_run:
cpython-39,data/rq3/cpython-3.9/unique_bug_pyc/cpython-39-812ddfe33f24.pyc,unconfirmed,original bytecode status ok:,ok,,,"decompyle3:error:# decompyle3 version 3.9.3 # Python bytecode version base 3.9.0 (3425) # Decompiled from: Python 3.9.25 (main, Nov 7 2025, 18:07:57) # [GCC 11.4.0] # Embedded file name: data/rq3/cpython-3.9/unittest_seeds/raw/cpython_case_test_code_Code...;pylingual:error:──────────────────────────────────────────────────────────────────────────────── ,ggggggggggg, ,gggg, dP""""""88""""""""""""Y8, d8"" ""8I ,dPYb, Yb, 88 `8b 88 ,dP IP'`Yb `"" 88 ,8P 8888888P"" gg I8 8I 88aaaad8P"" 88 """" I8 8' 88""""""""""gg gg 88 gg ,ggg,,g...",decompyle3:not_run:;pylingual:not_run:
cpython-39,data/rq3/cpython-3.9/unique_bug_pyc/cpython-39-8422dc56e687.pyc,unconfirmed,original bytecode status ok:,ok,,,"decompyle3:error:# decompyle3 version 3.9.3 # Python bytecode version base 3.9.0 (3425) # Decompiled from: Python 3.9.25 (main, Nov 7 2025, 18:07:57) # [GCC 11.4.0] # Embedded file name: data/rq3/cpython-3.9/unittest_seeds/raw/cpython_case_test_collectio...;pylingual:error:──────────────────────────────────────────────────────────────────────────────── ,ggggggggggg, ,gggg, dP""""""88""""""""""""Y8, d8"" ""8I ,dPYb, Yb, 88 `8b 88 ,dP IP'`Yb `"" 88 ,8P 8888888P"" gg I8 8I 88aaaad8P"" 88 """" I8 8' 88""""""""""gg gg 88 gg ,ggg,,g...",decompyle3:not_run:;pylingual:not_run:
cpython-39,data/rq3/cpython-3.9/unique_bug_pyc/cpython-39-84da89f2a29a.pyc,unconfirmed,original bytecode status ok:,ok,,,"decompyle3:error:# decompyle3 version 3.9.3 # Python bytecode version base 3.9.0 (3425) # Decompiled from: Python 3.9.25 (main, Nov 7 2025, 18:07:57) # [GCC 11.4.0] # Embedded file name: data/bq3/cpython-3.9/unittest_seeds/raw/cpython_case_test_bool_Bool...;pylingual:error:──────────────────────────────────────────────────────────────────────────────── ,ggggggggggg, ,gggg, dP""""""88""""""""""""Y8, d8"" ""8I ,dPYb, Yb, 88 `8b 88 ,dP IP'`Yb `"" 88 ,8P 8888888P"" gg I8 8I 88aaaad8P"" 88 """" I8 8' 88""""""""""gg gg 88 gg ,ggg,,g...",decompyle3:not_run:;pylingual:not_run:
cpython-39,data/rq3/cpython-3.9/unique_bug_pyc/cpython-39-856c401abf78.pyc,unconfirmed,original bytecode status ok:,ok,,,"decompyle3:error:# decompyle3 version 3.9.3 # Python bytecode version base 3.9.0 (3425) # Decompiled from: Python 3.9.25 (main, Nov 7 2025, 18:07:57) # [GCC 11.4.0] # Embedded file name: data/rq3/cpython-3.9/unittest_seeds/raw/cpython_case_test_set_TestW...;pylingual:error:──────────────────────────────────────────────────────────────────────────────── ,ggggggggggg, ,gggg, dP""""""88""""""""""""Y8, d8"" ""8I ,dPYb, Yb, 88 `8b 88 ,dP IP'`Yb `"" 88 ,8P 8888888P"" gg I8 8I 88aaaad8P"" 88 """" I8 8' 88""""""""""gg gg 88 gg ,ggg,,g...",decompyle3:not_run:;pylingual:not_run:
cpython-39,data/rq3/cpython-3.9/unique_bug_pyc/cpython-39-88287aed8f89.pyc,unconfirmed,original bytecode status ok:,ok,,,"decompyle3:error:# decompyle3 version 3.9.3 # Python bytecode version base 3.9.0 (3425) # Decompiled from: Python 3.9.25 (main, Nov 7 2025, 18:07:57) # [GCC 11.4.0] # Embedded file name: data/rq3/cpython-3.9/unittest_seeds/raw/cpython_case_test_cocecs_Na...;pylingual:error:──────────────────────────────────────────────────────────────────────────────── ,ggggggggggg, ,gggg, dP""""""88""""""""""""Y8, d8"" ""8I ,dPYb, Yb, 88 `8b 88 ,dP IP'`Yb `"" 88 ,8P 8888888P"" gg I8 8I 88aaaad8P"" 88 """" I8 8' 88""""""""""gg gg 88 gg ,ggg,,g...",decompyle3:not_run:;pylingual:not_run:
cpython-39,data/rq3/cpython-3.9/unique_bug_pyc/cpython-39-905b88578fe4.pyc,unconfirmed,original bytecode status ok:,ok,,,"decompyle3:error:# decompyle3 version 3.9.3 # Python bytecode version base 3.9.0 (3425) # Decompiled from: Python 3.9.25 (main, Nov 7 2025, 18:07:57) # [GCC 11.4.0] # Embedded file name: data/rq3/cpython-3.9/unittest_seeds/raw/cpython_case_test_unpack_ex...;pylingual:error:──────────────────────────────────────────────────────────────────────────────── ,ggggggggggg, ,gggg, dP""""""88""""""""""""Y8, d8"" ""8I ,dPYb, Yb, 88 `8b 88 ,dP IP'`Yb `"" 88 ,8P 8888888P"" gg I8 8I 88aaaad8P"" 88 """" I8 8' 88""""""""""gg gg 88 gg ,ggg,,g...",decompyle3:not_run:;pylingual:not_run:
cpython-39,data/rq3/cpython-3.9/unique_bug_pyc/cpython-39-943d5f2d82e9.pyc,unconfirmed,original bytecode status ok:,ok,,,"decompyle3:error:# decompyle3 version 3.9.3 # Python bytecode version base 3.9.0 (3425) # Decompiled from: Python 3.9.25 (main, Nov 7 2025, 18:07:57) # [GCC 11.4.0] # Embedded file name: data/rq3/cpython-3.9/unittest_seeds/raw/cpython_case_test_descr_Cla...;pylingual:error:──────────────────────────────────────────────────────────────────────────────── ,ggggggggggg, ,gggg, dP""""""88""""""""""""Y8, d8"" ""8I ,dPYb, Yb, 88 `8b 88 ,dP IP'`Yb `"" 88 ,8P 8888888P"" gg I8 8I 88aaaad8P"" 88 """" I8 8' 88""""""""""gg gg 88 gg ,ggg,,g...",decompyle3:not_run:;pylingual:not_run:
cpython-39,data/rq3/cpython-3.9/unique_bug_pyc/cpython-39-973760320161.pyc,no_source,"# decompyle3 version 3.9.3 # Python bytecode version base 3.9.0 (3425) # Decompiled from: Python 3.9.25 (main, Nov 7 2025, 18:07:57) # [GCC 11.4.0] # Embedded file name: data/rq3/cpython-3.9/unittest_seeds/raw/cpython_case_test_traceback...",crash,signal_11:,,"decompyle3:error:# decompyle3 version 3.9.3 # Python bytecode version base 3.9.0 (3425) # Decompiled from: Python 3.9.25 (main, Nov 7 2025, 18:07:57) # [GCC 11.4.0] # Embedded file name: data/rq3/cpython-3.9/unittest_seeds/raw/cpython_case_test_traceback...;pylingual:error:──────────────────────────────────────────────────────────────────────────────── ,ggggggggggg, ,gggg, dP""""""88""""""""""""Y8, d8"" ""8I ,dPYb, Yb, 88 `8b 88 ,dP IP'`Yb `"" 88 ,8P 8888888P"" gg I8 8I 88aaaad8P"" 88 """" I8 8' 88""""""""""gg gg 88 gg ,ggg,,g...",decompyle3:not_run:;pylingual:not_run:
cpython-39,data/rq3/cpython-3.9/unique_bug_pyc/cpython-39-99cfb2543f80.pyc,unconfirmed,original bytecode status ok:,ok,,,"decompyle3:error:# decompyle3 version 3.9.3 # Python bytecode version base 3.9.0 (3425) # Decompiled from: Python 3.9.25 (main, Nov 7 2025, 18:07:57) # [GCC 11.4.0] # Embedded file name: data/rq3/cpython-3.9/unittest_seeds/raw/cpython_case_test_sax_Ma\\0\\0\\0...;pylingual:error:──────────────────────────────────────────────────────────────────────────────── ,ggggggggggg, ,gggg, dP""""""88""""""""""""Y8, d8"" ""8I ,dPYb, Yb, 88 `8b 88 ,dP IP'`Yb `"" 88 ,8P 8888888P"" gg I8 8I 88aaaad8P"" 88 """" I8 8' 88""""""""""gg gg 88 gg ,ggg,,g...",decompyle3:not_run:;pylingual:not_run:
cpython-39,data/rq3/cpython-3.9/unique_bug_pyc/cpython-39-9d522917c083.pyc,unconfirmed,original bytecode status ok:,ok,,,"decompyle3:error:# decompyle3 version 3.9.3 # Python bytecode version base 3.9.0 (3425) # Decompiled from: Python 3.9.25 (main, Nov 7 2025, 18:07:57) # [GCC 11.4.0] # Embedded file name: data/rq3/cpython-3.9/unittest_\\0\\0\\0\\0\\0\\0\\0\\0\\0\\0\\0python_case_tesI5öotp_cook...;pylingual:error:──────────────────────────────────────────────────────────────────────────────── ,ggggggggggg, ,gggg, dP""""""88""""""""""""Y8, d8"" ""8I ,dPYb, Yb, 88 `8b 88 ,dP IP'`Yb `"" 88 ,8P 8888888P"" gg I8 8I 88aaaad8P"" 88 """" I8 8' 88""""""""""gg gg 88 gg ,ggg,,g...",decompyle3:not_run:;pylingual:not_run:
cpython-39,data/rq3/cpython-3.9/unique_bug_pyc/cpython-39-9e5c1d516490.pyc,unconfirmed,original bytecode status ok:,ok,,,"decompyle3:error:# decompyle3 version 3.9.3 # Python bytecode version base 3.9.0 (3425) # Decompiled from: Python 3.9.25 (main, Nov 7 2025, 18:07:57) # [GCC 11.4.0] # Embedded file name: data/rq3/cpython-3.9/unittest_seeds/raw/cpython_case_test_unicode_U...;pylingual:error:──────────────────────────────────────────────────────────────────────────────── ,ggggggggggg, ,gggg, dP""""""88""""""""""""Y8, d8"" ""8I ,dPYb, Yb, 88 `8b 88 ,dP IP'`Yb `"" 88 ,8P 8888888P"" gg I8 8I 88aaaad8P"" 88 """" I8 8' 88""""""""""gg gg 88 gg ,ggg,,g...",decompyle3:not_run:;pylingual:not_run:
cpython-39,data/rq3/cpython-3.9/unique_bug_pyc/cpython-39-9eed0eefc0f5.pyc,unconfirmed,original bytecode status ok:,ok,,,"decompyle3:error:# decompyle3 version 3.9.3 # Python bytecode version base 3.9.0 (3425) # Decompiled from: Python 3.9.25 (main, Nov 7 2025, 18:07:57) # [GCC 11.4.0] # Embedded file name: data/rq3/cpython-3.9/unittest_seeds/raw/cpython_case_test_range_Ran...;pylingual:error:──────────────────────────────────────────────────────────────────────────────── ,ggggggggggg, ,gggg, dP""""""88""""""""""""Y8, d8"" ""8I ,dPYb, Yb, 88 `8b 88 ,dP IP'`Yb `"" 88 ,8P 8888888P"" gg I8 8I 88aaaad8P"" 88 """" I8 8' 88""""""""""gg gg 88 gg ,ggg,,g...",decompyle3:not_run:;pylingual:not_run:
cpython-39,data/rq3/cpython-3.9/unique_bug_pyc/cpython-39-a027ad26496c.pyc,unconfirmed,original bytecode status ok:,ok,,,"decompyle3:error:# decompyle3 version 3.9.3 # Python bytecode version base 3.9.0 (3425) # Decompiled from: Python 3.9.25 (main, Nov 7 2025, 18:07:57) # [GCC 11.4.0] # Embedded file name: data/rq3/cpython-3.9/unittest_seeds/raw/cpython_case_test_memoryio_...;pylingual:error:──────────────────────────────────────────────────────────────────────────────── ,ggggggggggg, ,gggg, dP""""""88""""""""""""Y8, d8"" ""8I ,dPYb, Yb, 88 `8b 88 ,dP IP'`Yb `"" 88 ,8P 8888888P"" gg I8 8I 88aaaad8P"" 88 """" I8 8' 88""""""""""gg gg 88 gg ,ggg,,g...",decompyle3:not_run:;pylingual:not_run:
cpython-39,data/rq3/cpython-3.9/unique_bug_pyc/cpython-39-a19362c1eab5.pyc,no_source,"# decompyle3 version 3.9.3 # Python bytecode version base 3.9.0 (3425) # Decompiled from: Python 3.9.25 (main, Nov 7 2025, 18:07:57) # [GCC 11.4.0] # Embedded file name: data/rq3/cpython-3.9/unittest_seeds/raw/cpython_case_test_configpar...",exit_1,"Traceback (most recent call last): File ""/home/awen/git/PybcSEC/PycLens/data/rq4/harness.py"", line 26, in <module> exec(code, namespace, namespace) MemoryError",,"decompyle3:error:# decompyle3 version 3.9.3 # Python bytecode version base 3.9.0 (3425) # Decompiled from: Python 3.9.25 (main, Nov 7 2025, 18:07:57) # [GCC 11.4.0] # Embedded file name: data/rq3/cpython-3.9/unittest_seeds/raw/cpython_case_test_configpar...;pylingual:error:──────────────────────────────────────────────────────────────────────────────── ,ggggggggggg, ,gggg, dP""""""88""""""""""""Y8, d8"" ""8I ,dPYb, Yb, 88 `8b 88 ,dP IP'`Yb `"" 88 ,8P 8888888P"" gg I8 8I 88aaaad8P"" 88 """" I8 8' 88""""""""""gg gg 88 gg ,ggg,,g...",decompyle3:not_run:;pylingual:not_run:
cpython-39,data/rq3/cpython-3.9/unique_bug_pyc/cpython-39-a2a855b1ac45.pyc,unconfirmed,original bytecode status ok:,ok,,,"decompyle3:error:# decompyle3 version 3.9.3 # Python bytecode version base 3.9.0 (3425) # Decompiled from: Python 3.9.25 (main, Nov 7 2025, 18:07:57) # [GCC 11.4.0] # Embedded file name: data/rq3/cpython-3.9/unittest_seeds/raw/cpython_case_test_posixpath...;pylingual:error:──────────────────────────────────────────────────────────────────────────────── ,ggggggggggg, ,gggg, dP""""""88""""""""""""Y8, d8"" ""8I ,dPYb, Yb, 88 `8b 88 ,dP IP'`Yb `"" 88 ,8P 8888888P"" gg I8 8I 88aaaad8P"" 88 """" I8 8' 88""""""""""gg gg 88 gg ,ggg,,g...",decompyle3:not_run:;pylingual:not_run:
cpython-39,data/rq3/cpython-3.9/unique_bug_pyc/cpython-39-a3dcbdeb1781.pyc,unconfirmed,original bytecode status ok:,ok,,,"decompyle3:error:# decompyle3 version 3.9.3 # Python bytecode version base 3.9.0 (3425) # Decompiled from: Python 3.9.25 (main, Nov 7 2025, 18:07:57) # [GCC 11.4.0] # Embedded file name: data/rq3/cpython-3.9/unittest_seeds/raw/cpython_case_test_syslog_Te...;pylingual:error:──────────────────────────────────────────────────────────────────────────────── ,ggggggggggg, ,gggg, dP""""""88""""""""""""Y8, d8"" ""8I ,dPYb, Yb, 88 `8b 88 ,dP IP'`Yb `"" 88 ,8P 8888888P"" gg I8 8I 88aaaad8P"" 88 """" I8 8' 88""""""""""gg gg 88 gg ,ggg,,g...",decompyle3:not_run:;pylingual:not_run:
cpython-39,data/rq3/cpython-3.9/unique_bug_pyc/cpython-39-a82c9fa0e39b.pyc,no_source,"# decompyle3 version 3.9.3 # Python bytecode version base 3.9.0 (3425) # Decompiled from: Python 3.9.25 (main, Nov 7 2025, 18:07:57) # [GCC 11.4.0] # Embedded file name: data/rq3/cpython-3.9/unittest_seeds/raw/cpython_case_test_decorator...",crash,signal_11:,,"decompyle3:error:# decompyle3 version 3.9.3 # Python bytecode version base 3.9.0 (3425) # Decompiled from: Python 3.9.25 (main, Nov 7 2025, 18:07:57) # [GCC 11.4.0] # Embedded file name: data/rq3/cpython-3.9/unittest_seeds/raw/cpython_case_test_decorator...;pylingual:error:──────────────────────────────────────────────────────────────────────────────── ,ggggggggggg, ,gggg, dP""""""88""""""""""""Y8, d8"" ""8I ,dPYb, Yb, 88 `8b 88 ,dP IP'`Yb `"" 88 ,8P 8888888P"" gg I8 8I 88aaaad8P"" 88 """" I8 8' 88""""""""""gg gg 88 gg ,ggg,,g...",decompyle3:not_run:;pylingual:not_run:
cpython-39,data/rq3/cpython-3.9/unique_bug_pyc/cpython-39-a9739778815e.pyc,unconfirmed,original bytecode status ok:,ok,,,"decompyle3:error:# decompyle3 version 3.9.3 # Python bytecode version base 3.9.0 (3425) # Decompiled from: Python 3.9.25 (main, Nov 7 2025, 18:07:57) # [GCC 11.4.0] # Embedded file name: data/rq3/cpython-3.9/unittest_seeds/raw/cpython__*?._test_complex_C...;pylingual:error:──────────────────────────────────────────────────────────────────────────────── ,ggggggggggg, ,gggg, dP""""""88""""""""""""Y8, d8"" ""8I ,dPYb, Yb, 88 `8b 88 ,dP IP'`Yb `"" 88 ,8P 8888888P"" gg I8 8I 88aaaad8P"" 88 """" I8 8' 88""""""""""gg gg 88 gg ,ggg,,g...",decompyle3:not_run:;pylingual:not_run:
cpython-39,data/rq3/cpython-3.9/unique_bug_pyc/cpython-39-aa9ebacb52b4.pyc,unconfirmed,original bytecode status ok:,ok,,,"decompyle3:error:# decompyle3 version 3.9.3 # Python bytecode version base 3.9.0 (3425) # Decompiled from: Python 3.9.25 (main, Nov 7 2025, 18:07:57) # [GCC 11.4.0] # Embedded file name: data/rq3/cpython-3.9/unittest_seeds/raw/cpython_case_test__xxsubint...;pylingual:error:──────────────────────────────────────────────────────────────────────────────── ,ggggggggggg, ,gggg, dP""""""88""""""""""""Y8, d8"" ""8I ,dPYb, Yb, 88 `8b 88 ,dP IP'`Yb `"" 88 ,8P 8888888P"" gg I8 8I 88aaaad8P"" 88 """" I8 8' 88""""""""""gg gg 88 gg ,ggg,,g...",decompyle3:not_run:;pylingual:not_run:
cpython-39,data/rq3/cpython-3.9/unique_bug_pyc/cpython-39-b39cb6552ed4.pyc,no_source,"# decompyle3 version 3.9.3 # Python bytecode version base 3.9.0 (3425) # Decompiled from: Python 3.9.25 (main, Nov 7 2025, 18:07:57) # [GCC 11.4.0] # Embedded file name: data/rq3/cpython-3.9/unittest_seeds/raw/cpython_case_test_concurren...",crash,signal_11:,,"decompyle3:error:# decompyle3 version 3.9.3 # Python bytecode version base 3.9.0 (3425) # Decompiled from: Python 3.9.25 (main, Nov 7 2025, 18:07:57) # [GCC 11.4.0] # Embedded file name: data/rq3/cpython-3.9/unittest_seeds/raw/cpython_case_test_concurren...;pylingual:error:──────────────────────────────────────────────────────────────────────────────── ,ggggggggggg, ,gggg, dP""""""88""""""""""""Y8, d8"" ""8I ,dPYb, Yb, 88 `8b 88 ,dP IP'`Yb `"" 88 ,8P 8888888P"" gg I8 8I 88aaaad8P"" 88 """" I8 8' 88""""""""""gg gg 88 gg ,ggg,,g...",decompyle3:not_run:;pylingual:not_run:
cpython-39,data/rq3/cpython-3.9/unique_bug_pyc/cpython-39-b5241a7d2fde.pyc,unconfirmed,original bytecode status ok:,ok,,,"decompyle3:error:# decompyle3 version 3.9.3 # Python bytecode version base 3.9.0 (3425) # Decompiled from: Python 3.9.25 (main, Nov 7 2025, 18:07:57) # [GCC 11.4.0] # Embedded file name: data/rq3/cpython-3.9/unittest_seeds/raw/cpython_case_test_yield_fro...;pylingual:error:──────────────────────────────────────────────────────────────────────────────── ,ggggggggggg, ,gggg, dP""""""88""""""""""""Y8, d8"" ""8I ,dPYb, Yb, 88 `8b 88 ,dP IP'`Yb `"" 88 ,8P 8888888P"" gg I8 8I 88aaaad8P"" 88 """" I8 8' 88""""""""""gg gg 88 gg ,ggg,,g...",decompyle3:not_run:;pylingual:not_run:
cpython-39,data/rq3/cpython-3.9/unique_bug_pyc/cpython-39-b58d73c1c87c.pyc,unconfirmed,original bytecode status ok:,ok,,,"decompyle3:error:# decompyle3 version 3.9.3 # Python bytecode version base 3.9.0 (3425) # Decompiled from: Python 3.9.25 (main, Nov 7 2025, 18:07:57) # [GCC 11.4.0] # Embedded file name: data/rq3/cpython-3.9/unittest_seeds/raw/cpython_case_test_descr_Cla...;pylingual:error:──────────────────────────────────────────────────────────────────────────────── ,ggggggggggg, ,gggg, dP""""""88""""""""""""Y8, d8"" ""8I ,dPYb, Yb, 88 `8b 88 ,dP IP'`Yb `"" 88 ,8P 8888888P"" gg I8 8I 88aaaad8P"" 88 """" I8 8' 88""""""""""gg gg 88 gg ,ggg,,g...",decompyle3:not_run:;pylingual:not_run:
cpython-39,data/rq3/cpython-3.9/unique_bug_pyc/cpython-39-b94810d8bb05.pyc,unconfirmed,original bytecode status ok:,ok,,,"decompyle3:error:# decompyle3 version 3.9.3 # Python bytecode version base 3.9.0 (3425) # Decompiled from: Python 3.9.25 (main, Nov 7 2025, 18:07:57) # [GCC 11.4.0] # Embedded file name: data/rq3/cpython-3.9/unittest_seeds/raw/cpython_case_test_csv_TestA...;pylingual:error:──────────────────────────────────────────────────────────────────────────────── ,ggggggggggg, ,gggg, dP""""""88""""""""""""Y8, d8"" ""8I ,dPYb, Yb, 88 `8b 88 ,dP IP'`Yb `"" 88 ,8P 8888888P"" gg I8 8I 88aaaad8P"" 88 """" I8 8' 88""""""""""gg gg 88 gg ,ggg,,g...",decompyle3:not_run:;pylingual:not_run:
cpython-39,data/rq3/cpython-3.9/unique_bug_pyc/cpython-39-bb407f5c178e.pyc,unconfirmed,original bytecode status ok:,ok,,,"decompyle3:error:# decompyle3 version 3.9.3 # Python bytecode version base 3.9.0 (3425) # Decompiled from: Python 3.9.25 (main, Nov 7 2025, 18:07:57) # [GCC 11.4.0] # Embedded file name: data/rq3/cpython-3.9/unittest_seeds/raw/cpython_case_test_range_Ran...;pylingual:error:──────────────────────────────────────────────────────────────────────────────── ,ggggggggggg, ,gggg, dP""""""88""""""""""""Y8, d8"" ""8I ,dPYb, Yb, 88 `8b 88 ,dP IP'`Yb `"" 88 ,8P 8888888P"" gg I8 8I 88aaaad8P"" 88 """" I8 8' 88""""""""""gg gg 88 gg ,ggg,,g...",decompyle3:not_run:;pylingual:not_run:
cpython-39,data/rq3/cpython-3.9/unique_bug_pyc/cpython-39-bcea9b89668c.pyc,no_source,"# decompyle3 version 3.9.3 # Python bytecode version base 3.9.0 (3425) # Decompiled from: Python 3.9.25 (main, Nov 7 2025, 18:07:57) # [GCC 11.4.0] # Embedded file name: data/rq3/cpython-3.9/unittest_seeds/raw/cpython_case_test_re_ReTest...",crash,signal_11:,,"decompyle3:error:# decompyle3 version 3.9.3 # Python bytecode version base 3.9.0 (3425) # Decompiled from: Python 3.9.25 (main, Nov 7 2025, 18:07:57) # [GCC 11.4.0] # Embedded file name: data/rq3/cpython-3.9/unittest_seeds/raw/cpython_case_test_re_ReTest...;pylingual:error:──────────────────────────────────────────────────────────────────────────────── ,ggggggggggg, ,gggg, dP""""""88""""""""""""Y8, d8"" ""8I ,dPYb, Yb, 88 `8b 88 ,dP IP'`Yb `"" 88 ,8P 8888888P"" gg I8 8I 88aaaad8P"" 88 """" I8 8' 88""""""""""gg gg 88 gg ,ggg,,g...",decompyle3:not_run:;pylingual:not_run:
cpython-39,data/rq3/cpython-3.9/unique_bug_pyc/cpython-39-bd85795677c1.pyc,unconfirmed,original bytecode status ok:,ok,,,"decompyle3:error:# decompyle3 version 3.9.3 # Python bytecode version base 3.9.0 (3425) # Decompiled from: Python 3.9.25 (main, Nov 7 2025, 18:07:57) # [GCC 11.4.0] # Embedded file name: data/rq3/cpython-3.9/unittest_seeds/raw/cpython_case_test_xml_etree...;pylingual:error:──────────────────────────────────────────────────────────────────────────────── ,ggggggggggg, ,gggg, dP""""""88""""""""""""Y8, d8"" ""8I ,dPYb, Yb, 88 `8b 88 ,dP IP'`Yb `"" 88 ,8P 8888888P"" gg I8 8I 88aaaad8P"" 88 """" I8 8' 88""""""""""gg gg 88 gg ,ggg,,g...",decompyle3:not_run:;pylingual:not_run:
cpython-39,data/rq3/cpython-3.9/unique_bug_pyc/cpython-39-bd93905f8b9f.pyc,no_source,"# decompyle3 version 3.9.3 # Python bytecode version base 3.9.0 (3425) # Decompiled from: Python 3.9.25 (main, Nov 7 2025, 18:07:57) # [GCC 11.4.0] # Embedded file name: data/rq3/cpython-3.9/unittest_seeds/raw/cpython_case_test_http_cook...",exit_1,"Traceback (most recent call last): File ""/home/awen/git/PybcSEC/PycLens/data/rq4/harness.py"", line 26, in <module> exec(code, namespace, namespace) MemoryError",,"decompyle3:error:# decompyle3 version 3.9.3 # Python bytecode version base 3.9.0 (3425) # Decompiled from: Python 3.9.25 (main, Nov 7 2025, 18:07:57) # [GCC 11.4.0] # Embedded file name: data/rq3/cpython-3.9/unittest_seeds/raw/cpython_case_test_http_cook...;pylingual:error:──────────────────────────────────────────────────────────────────────────────── ,ggggggggggg, ,gggg, dP""""""88""""""""""""Y8, d8"" ""8I ,dPYb, Yb, 88 `8b 88 ,dP IP'`Yb `"" 88 ,8P 8888888P"" gg I8 8I 88aaaad8P"" 88 """" I8 8' 88""""""""""gg gg 88 gg ,ggg,,g...",decompyle3:not_run:;pylingual:not_run:
cpython-39,data/rq3/cpython-3.9/unique_bug_pyc/cpython-39-bdc4f23e6268.pyc,no_source,"# decompyle3 version 3.9.3 # Python bytecode version base 3.9.0 (3425) # Decompiled from: Python 3.9.25 (main, Nov 7 2025, 18:07:57) # [GCC 11.4.0] # Embedded file name: data/rq3/cpython-3.9/unittest_seeds/raw/cpython_case_test_fnmatch_F...",crash,signal_11:,,"decompyle3:error:# decompyle3 version 3.9.3 # Python bytecode version base 3.9.0 (3425) # Decompiled from: Python 3.9.25 (main, Nov 7 2025, 18:07:57) # [GCC 11.4.0] # Embedded file name: data/rq3/cpython-3.9/unittest_seeds/raw/cpython_case_test_fnmatch_F...;pylingual:error:──────────────────────────────────────────────────────────────────────────────── ,ggggggggggg, ,gggg, dP""""""88""""""""""""Y8, d8"" ""8I ,dPYb, Yb, 88 `8b 88 ,dP IP'`Yb `"" 88 ,8P 8888888P"" gg I8 8I 88aaaad8P"" 88 """" I8 8' 88""""""""""gg gg 88 gg ,ggg,,g...",decompyle3:not_run:;pylingual:not_run:
cpython-39,data/rq3/cpython-3.9/unique_bug_pyc/cpython-39-c0bb879c0360.pyc,no_source,"# decompyle3 version 3.9.3 # Python bytecode version base 3.9.0 (3425) # Decompiled from: Python 3.9.25 (main, Nov 7 2025, 18:07:57) # [GCC 11.4.0] # Embedded file name: data/rq3/cpython-3.9/unittest_seeds/raw/cpython_case_test_htmlparse...",exit_1,"XXX lineno: 11, opcode: 228 Traceback (most recent call last): File ""/home/awen/git/PybcSEC/PycLens/data/rq4/harness.py"", line 26, in <module> exec(code, namespace, namespace) File ""data/rq3/cpython-3.9/unittest_seeds/raw/cpython_case_te...",,"decompyle3:error:# decompyle3 version 3.9.3 # Python bytecode version base 3.9.0 (3425) # Decompiled from: Python 3.9.25 (main, Nov 7 2025, 18:07:57) # [GCC 11.4.0] # Embedded file name: data/rq3/cpython-3.9/unittest_seeds/raw/cpython_case_test_htmlparse...;pylingual:error:──────────────────────────────────────────────────────────────────────────────── ,ggggggggggg, ,gggg, dP""""""88""""""""""""Y8, d8"" ""8I ,dPYb, Yb, 88 `8b 88 ,dP IP'`Yb `"" 88 ,8P 8888888P"" gg I8 8I 88aaaad8P"" 88 """" I8 8' 88""""""""""gg gg 88 gg ,ggg,,g...",decompyle3:not_run:;pylingual:not_run:
cpython-39,data/rq3/cpython-3.9/unique_bug_pyc/cpython-39-c205bb9643ea.pyc,unconfirmed,original bytecode status ok:,ok,,,"decompyle3:error:# decompyle3 version 3.9.3 # Python bytecode version base 3.9.0 (3425) # Decompiled from: Python 3.9.25 (main, Nov 7 2025, 18:07:57) # [GCC 11.4.0] # Embedded file name: data/rq3/cpython-3.9/unittest_seeds/raw/cpython_case_test_zipfile_S...;pylingual:error:──────────────────────────────────────────────────────────────────────────────── ,ggggggggggg, ,gggg, dP""""""88""""""""""""Y8, d8"" ""8I ,dPYb, Yb, 88 `8b 88 ,dP IP'`Yb `"" 88 ,8P 8888888P"" gg I8 8I 88aaaad8P"" 88 """" I8 8' 88""""""""""gg gg 88 gg ,ggg,,g...",decompyle3:not_run:;pylingual:not_run:
cpython-39,data/rq3/cpython-3.9/unique_bug_pyc/cpython-39-c36b0f8e082c.pyc,unconfirmed,original bytecode status ok:,ok,,,"decompyle3:error:# decompyle3 version 3.9.3 # Python bytecode version base 3.9.0 (3425) # Decompiled from: Python 3.9.25 (main, Nov 7 2025, 18:07:57) # [GCC 11.4.0] # Embedded file name: data/rq3/cpython-3.9/unittest_¬Ógs/raw/cpython_case_test_code_Code...;pylingual:error:──────────────────────────────────────────────────────────────────────────────── ,ggggggggggg, ,gggg, dP""""""88""""""""""""Y8, d8"" ""8I ,dPYb, Yb, 88 `8b 88 ,dP IP'`Yb `"" 88 ,8P 8888888P"" gg I8 8I 88aaaad8P"" 88 """" I8 8' 88""""""""""gg gg 88 gg ,ggg,,g...",decompyle3:not_run:;pylingual:not_run:
cpython-39,data/rq3/cpython-3.9/unique_bug_pyc/cpython-39-c5125ee40522.pyc,unconfirmed,original bytecode status ok:,ok,,,"decompyle3:error:# decompyle3 version 3.9.3 # Python bytecode version base 3.9.0 (3425) # Decompiled from: Python 3.9.25 (main, Nov 7 2025, 18:07:57) # [GCC 11.4.0] # Embedded file name: data/rq3/cpython-3.9/unittest_seeds/raw/cpython_case_test_itertools...;pylingual:error:──────────────────────────────────────────────────────────────────────────────── ,ggggggggggg, ,gggg, dP""""""88""""""""""""Y8, d8"" ""8I ,dPYb, Yb, 88 `8b 88 ,dP IP'`Yb `"" 88 ,8P 8888888P"" gg I8 8I 88aaaad8P"" 88 """" I8 8' 88""""""""""gg gg 88 gg ,ggg,,g...",decompyle3:not_run:;pylingual:not_run:
cpython-39,data/rq3/cpython-3.9/unique_bug_pyc/cpython-39-c9fa6057bcb0.pyc,unconfirmed,original bytecode status ok:,ok,,,"decompyle3:error:# decompyle3 version 3.9.3 # Python bytecode version base 3.9.0 (3425) # Decompiled from: Python 3.9.25 (main, Nov 7 2025, 18:07:57) # [GCC 11.4.0] # Embedded file name: data/rq3/cpython-3.9/unittest_seeds/raw/cpython_case_test_copy_Test...;pylingual:error:──────────────────────────────────────────────────────────────────────────────── ,ggggggggggg, ,gggg, dP""""""88""""""""""""Y8, d8"" ""8I ,dPYb, Yb, 88 `8b 88 ,dP IP'`Yb `"" 88 ,8P 8888888P"" gg I8 8I 88aaaad8P"" 88 """" I8 8' 88""""""""""gg gg 88 gg ,ggg,,g...",decompyle3:not_run:;pylingual:not_run:
cpython-39,data/rq3/cpython-3.9/unique_bug_pyc/cpython-39-cadb328725c6.pyc,no_source,Unknown magic number 25441 in data/rq3/cpython-3.9/unique_bug_pyc/cpython-39-cadb328725c6.pyc,crash,signal_11:,,"decompyle3:exit_2:Unknown magic number 25441 in data/rq3/cpython-3.9/unique_bug_pyc/cpython-39-cadb328725c6.pyc;pylingual:error:──────────────────────────────────────────────────────────────────────────────── ,ggggggggggg, ,gggg, dP""""""88""""""""""""Y8, d8"" ""8I ,dPYb, Yb, 88 `8b 88 ,dP IP'`Yb `"" 88 ,8P 8888888P"" gg I8 8I 88aaaad8P"" 88 """" I8 8' 88""""""""""gg gg 88 gg ,ggg,,g...",decompyle3:not_run:;pylingual:not_run:
cpython-39,data/rq3/cpython-3.9/unique_bug_pyc/cpython-39-ccda63e4c86c.pyc,no_source,"# decompyle3 version 3.9.3 # Python bytecode version base 3.9.0 (3425) # Decompiled from: Python 3.9.25 (main, Nov 7 2025, 18:07:57) # [GCC 11.4.0] # Embedded file name: data/rq3/cpython-3.9/unittest_seeds/raw/cpython_case_test_coroutine...",crash,signal_11:,,"decompyle3:error:# decompyle3 version 3.9.3 # Python bytecode version base 3.9.0 (3425) # Decompiled from: Python 3.9.25 (main, Nov 7 2025, 18:07:57) # [GCC 11.4.0] # Embedded file name: data/rq3/cpython-3.9/unittest_seeds/raw/cpython_case_test_coroutine...;pylingual:exit_-4:──────────────────────────────────────────────────────────────────────────────── ,ggggggggggg, ,gggg, dP""""""88""""""""""""Y8, d8"" ""8I ,dPYb, Yb, 88 `8b 88 ,dP IP'`Yb `"" 88 ,8P 8888888P"" gg I8 8I 88aaaad8P"" 88 """" I8 8' 88""""""""""gg gg 88 gg ,ggg,,g...",decompyle3:not_run:;pylingual:not_run:
cpython-39,data/rq3/cpython-3.9/unique_bug_pyc/cpython-39-ccfa2db55ee1.pyc,unconfirmed,original bytecode status ok:,ok,,,"decompyle3:error:# decompyle3 version 3.9.3 # Python bytecode version base 3.9.0 (3425) # Decompiled from: Python 3.9.25 (main, Nov 7 2025, 18:07:57) # [GCC 11.4.0] # Embedded file name: data/rq3/cpython-3.9/unittest_seeds/raw/cpython_case_test_urllib2_H...;pylingual:timeout:timeout_after_600s",decompyle3:not_run:;pylingual:not_run:
cpython-39,data/rq3/cpython-3.9/unique_bug_pyc/cpython-39-cd3f22b82b0b.pyc,unconfirmed,original bytecode status ok:,ok,,,"decompyle3:error:# decompyle3 version 3.9.3 # Python bytecode version base 3.9.0 (3425) # Decompiled from: Python 3.9.25 (main, Nov 7 2025, 18:07:57) # [GCC 11.4.0] # Embedded file name: data/rq3/cpython-3.9/unittest_seeds/raw/cpython_case_test_unicode_U...;pylingual:error:──────────────────────────────────────────────────────────────────────────────── ,ggggggggggg, ,gggg, dP""""""88""""""""""""Y8, d8"" ""8I ,dPYb, Yb, 88 `8b 88 ,dP IP'`Yb `"" 88 ,8P 8888888P"" gg I8 8I 88aaaad8P"" 88 """" I8 8' 88""""""""""gg gg 88 gg ,ggg,,g...",decompyle3:not_run:;pylingual:not_run:
cpython-39,data/rq3/cpython-3.9/unique_bug_pyc/cpython-39-cf25a6bf1d3e.pyc,unconfirmed,original bytecode status ok:,ok,,,"decompyle3:error:# decompyle3 version 3.9.3 # Python bytecode version base 3.9.0 (3425) # Decompiled from: Python 3.9.25 (main, Nov 7 2025, 18:07:57) # [GCC 11.4.0] # Embedded file name: data/rq3/cpython-3.9/unittest_seeds/raw/cpython_case_test_set_TestE...;pylingual:error:──────────────────────────────────────────────────────────────────────────────── ,ggggggggggg, ,gggg, dP""""""88""""""""""""Y8, d8"" ""8I ,dPYb, Yb, 88 `8b 88 ,dP IP'`Yb `"" 88 ,8P 8888888P"" gg I8 8I 88aaaad8P"" 88 """" I8 8' 88""""""""""gg gg 88 gg ,ggg,,g...",decompyle3:not_run:;pylingual:not_run:
cpython-39,data/rq3/cpython-3.9/unique_bug_pyc/cpython-39-d4d522a23a35.pyc,unconfirmed,original bytecode status ok:,ok,,,"decompyle3:error:# decompyle3 version 3.9.3 # Python bytecode version base 3.9.0 (3425) # Decompiled from: Python 3.9.25 (main, Nov 7 2025, 18:07:57) # [GCC 11.4.0] # Embedded file name: data/rq3/cpython-3.9/unittest_seeds/raw/cpython_case_test_int_IntTe...;pylingual:error:──────────────────────────────────────────────────────────────────────────────── ,ggggggggggg, ,gggg, dP""""""88""""""""""""Y8, d8"" ""8I ,dPYb, Yb, 88 `8b 88 ,dP IP'`Yb `"" 88 ,8P 8888888P"" gg I8 8I 88aaaad8P"" 88 """" I8 8' 88""""""""""gg gg 88 gg ,ggg,,g...",decompyle3:not_run:;pylingual:not_run:
cpython-39,data/rq3/cpython-3.9/unique_bug_pyc/cpython-39-d6b46c332b97.pyc,unconfirmed,original bytecode status ok:,ok,,,"decompyle3:error:# decompyle3 version 3.9.3 # Python bytecode version base 3.9.0 (3425) # Decompiled from: Python 3.9.25 (main, Nov 7 2025, 18:07:57) # [GCC 11.4.0] # Embedded file name: data/rq3/cpython-3.9/unittest_seeds/raw/cpython_case_test_time_Test...;pylingual:error:──────────────────────────────────────────────────────────────────────────────── ,ggggggggggg, ,gggg, dP""""""88""""""""""""Y8, d8"" ""8I ,dPYb, Yb, 88 `8b 88 ,dP IP'`Yb `"" 88 ,8P 8888888P"" gg I8 8I 88aaaad8P"" 88 """" I8 8' 88""""""""""gg gg 88 gg ,ggg,,g...",decompyle3:not_run:;pylingual:not_run:
cpython-39,data/rq3/cpython-3.9/unique_bug_pyc/cpython-39-d6e24fa7ea2c.pyc,unconfirmed,original bytecode status ok:,ok,,,"decompyle3:error:# decompyle3 version 3.9.3 # Python bytecode version base 3.9.0 (3425) # Decompiled from: Python 3.9.25 (main, Nov 7 2025, 18:07:57) # [GCC 11.4.0] # Embedded file name: data/rq3/cpython-3.9/unittest_seeds/raw/cpython_case_test_exception...;pylingual:exit_-4:──────────────────────────────────────────────────────────────────────────────── ,ggggggggggg, ,gggg, dP""""""88""""""""""""Y8, d8"" ""8I ,dPYb, Yb, 88 `8b 88 ,dP IP'`Yb `"" 88 ,8P 8888888P"" gg I8 8I 88aaaad8P"" 88 """" I8 8' 88""""""""""gg gg 88 gg ,ggg,,g...",decompyle3:not_run:;pylingual:not_run:
cpython-39,data/rq3/cpython-3.9/unique_bug_pyc/cpython-39-d76cb106424b.pyc,unconfirmed,original bytecode status ok:,ok,,,"decompyle3:error:# decompyle3 version 3.9.3 # Python bytecode version base 3.9.0 (3425) # Decompiled from: Python 3.9.25 (main, Nov 7 2025, 18:07:57) # [GCC 11.4.0] # Embedded file name: data/rq3/cpython-3.9/unittest_seeds/raw/cpython_case_test_sys_SysMo...;pylingual:error:──────────────────────────────────────────────────────────────────────────────── ,ggggggggggg, ,gggg, dP""""""88""""""""""""Y8, d8"" ""8I ,dPYb, Yb, 88 `8b 88 ,dP IP'`Yb `"" 88 ,8P 8888888P"" gg I8 8I 88aaaad8P"" 88 """" I8 8' 88""""""""""gg gg 88 gg ,ggg,,g...",decompyle3:not_run:;pylingual:not_run:
cpython-39,data/rq3/cpython-3.9/unique_bug_pyc/cpython-39-d7d7e9594d9a.pyc,unconfirmed,original bytecode status ok:,ok,,,"decompyle3:error:# decompyle3 version 3.9.3 # Python bytecode version base 3.9.0 (3425) # Decompiled from: Python 3.9.25 (main, Nov 7 2025, 18:07:57) # [GCC 11.4.0] # Embedded file name: data/rq3/cpython-3.9/unittest_seeds/raw/cpython_case_test_descr_Cla...;pylingual:error:──────────────────────────────────────────────────────────────────────────────── ,ggggggggggg, ,gggg, dP""""""88""""""""""""Y8, d8"" ""8I ,dPYb, Yb, 88 `8b 88 ,dP IP'`Yb `"" 88 ,8P 8888888P"" gg I8 8I 88aaaad8P"" 88 """" I8 8' 88""""""""""gg gg 88 gg ,ggg,,g...",decompyle3:not_run:;pylingual:not_run:
cpython-39,data/rq3/cpython-3.9/unique_bug_pyc/cpython-39-dab78b60314d.pyc,unconfirmed,original bytecode status ok:,ok,,,"decompyle3:error:# decompyle3 version 3.9.3 # Python bytecode version base 3.9.0 (3425) # Decompiled from: Python 3.9.25 (main, Nov 7 2025, 18:07:57) # [GCC 11.4.0] # Embedded file name: data/rq3/cpython-3.9/unittest_seeds/raw/cpython_case_test_getargs2_...;pylingual:error:──────────────────────────────────────────────────────────────────────────────── ,ggggggggggg, ,gggg, dP""""""88""""""""""""Y8, d8"" ""8I ,dPYb, Yb, 88 `8b 88 ,dP IP'`Yb `"" 88 ,8P 8888888P"" gg I8 8I 88aaaad8P"" 88 """" I8 8' 88""""""""""gg gg 88 gg ,ggg,,g...",decompyle3:not_run:;pylingual:not_run:
cpython-39,data/rq3/cpython-3.9/unique_bug_pyc/cpython-39-dd847a508a5a.pyc,no_source,"# decompyle3 version 3.9.3 # Python bytecode version base 3.9.0 (3425) # Decompiled from: Python 3.9.25 (main, Nov 7 2025, 18:07:57) # [GCC 11.4.0] # Embedded file name: data/rq3/cpython-3.9/unittest_seeds/raw/cpython_case_test_csv_TestS...",crash,"signal_6:Fatal Python error: PyFrame_BlockPop: block stack underflow Python runtime state: initialized Current thread 0x000072524f31a000 (most recent call first): File ""data/rq3/cpython-3.9/unittest_seeds/raw/cpython_case_test_csv_TestSniffer_tes...",,"decompyle3:error:# decompyle3 version 3.9.3 # Python bytecode version base 3.9.0 (3425) # Decompiled from: Python 3.9.25 (main, Nov 7 2025, 18:07:57) # [GCC 11.4.0] # Embedded file name: data/rq3/cpython-3.9/unittest_seeds/raw/cpython_case_test_csv_TestS...;pylingual:error:──────────────────────────────────────────────────────────────────────────────── ,ggggggggggg, ,gggg, dP""""""88""""""""""""Y8, d8"" ""8I ,dPYb, Yb, 88 `8b 88 ,dP IP'`Yb `"" 88 ,8P 8888888P"" gg I8 8I 88aaaad8P"" 88 """" I8 8' 88""""""""""gg gg 88 gg ,ggg,,g...",decompyle3:not_run:;pylingual:not_run:
cpython-39,data/rq3/cpython-3.9/unique_bug_pyc/cpython-39-de281c1ccc49.pyc,unconfirmed,original bytecode status ok:,ok,,,"decompyle3:error:# decompyle3 version 3.9.3 # Python bytecode version base 3.9.0 (3425) # Decompiled from: Python 3.9.25 (main, Nov 7 2025, 18:07:57) # [GCC 11.4.0] # Embedded file name: data/rq3/cpython-3.9/unittest_seeds/raw/cpython_case_test_inspect_T...;pylingual:error:──────────────────────────────────────────────────────────────────────────────── ,ggggggggggg, ,gggg, dP""""""88""""""""""""Y8, d8"" ""8I ,dPYb, Yb, 88 `8b 88 ,dP IP'`Yb `"" 88 ,8P 8888888P"" gg I8 8I 88aaaad8P"" 88 """" I8 8' 88""""""""""gg gg 88 gg ,ggg,,g...",decompyle3:not_run:;pylingual:not_run:
cpython-39,data/rq3/cpython-3.9/unique_bug_pyc/cpython-39-e64549910a29.pyc,no_source,"# decompyle3 version 3.9.3 # Python bytecode version base 3.9.0 (3425) # Decompiled from: Python 3.9.25 (main, Nov 7 2025, 18:07:57) # [GCC 11.4.0] # Embedded file name: data/rq3/cpython-3.9/unittest_seeds/raw/cpython_case_test_future_Fu...",crash,signal_11:,,"decompyle3:error:# decompyle3 version 3.9.3 # Python bytecode version base 3.9.0 (3425) # Decompiled from: Python 3.9.25 (main, Nov 7 2025, 18:07:57) # [GCC 11.4.0] # Embedded file name: data/rq3/cpython-3.9/unittest_seeds/raw/cpython_case_test_future_Fu...;pylingual:error:──────────────────────────────────────────────────────────────────────────────── ,ggggggggggg, ,gggg, dP""""""88""""""""""""Y8, d8"" ""8I ,dPYb, Yb, 88 `8b 88 ,dP IP'`Yb `"" 88 ,8P 8888888P"" gg I8 8I 88aaaad8P"" 88 """" I8 8' 88""""""""""gg gg 88 gg ,ggg,,g...",decompyle3:not_run:;pylingual:not_run:
cpython-39,data/rq3/cpython-3.9/unique_bug_pyc/cpython-39-e9f0bc0debb5.pyc,unconfirmed,original bytecode status ok:,ok,,,"decompyle3:error:# decompyle3 version 3.9.3 # Python bytecode version base 3.9.0 (3425) # Decompiled from: Python 3.9.25 (main, Nov 7 2025, 18:07:57) # [GCC 11.4.0] # Embedded file name: data/rq3/cpython-3.9/unittest_seeds/raw/cpython_case_test_itertools...;pylingual:error:──────────────────────────────────────────────────────────────────────────────── ,ggggggggggg, ,gggg, dP""""""88""""""""""""Y8, d8"" ""8I ,dPYb, Yb, 88 `8b 88 ,dP IP'`Yb `"" 88 ,8P 8888888P"" gg I8 8I 88aaaad8P"" 88 """" I8 8' 88""""""""""gg gg 88 gg ,ggg,,g...",decompyle3:not_run:;pylingual:not_run:
cpython-39,data/rq3/cpython-3.9/unique_bug_pyc/cpython-39-ead5589870e7.pyc,no_source,"# decompyle3 version 3.9.3 # Python bytecode version base 3.9.0 (3425) # Decompiled from: Python 3.9.25 (main, Nov 7 2025, 18:07:57) # [GCC 11.4.0] # Embedded file name: data/rq3/cpython-3.9/unittest_seeds/raw/cpython_case_test_statistic...",crash,signal_11:,,"decompyle3:error:# decompyle3 version 3.9.3 # Python bytecode version base 3.9.0 (3425) # Decompiled from: Python 3.9.25 (main, Nov 7 2025, 18:07:57) # [GCC 11.4.0] # Embedded file name: data/rq3/cpython-3.9/unittest_seeds/raw/cpython_case_test_statistic...;pylingual:error:──────────────────────────────────────────────────────────────────────────────── ,ggggggggggg, ,gggg, dP""""""88""""""""""""Y8, d8"" ""8I ,dPYb, Yb, 88 `8b 88 ,dP IP'`Yb `"" 88 ,8P 8888888P"" gg I8 8I 88aaaad8P"" 88 """" I8 8' 88""""""""""gg gg 88 gg ,ggg,,g...",decompyle3:not_run:;pylingual:not_run:
cpython-39,data/rq3/cpython-3.9/unique_bug_pyc/cpython-39-eb3ce8a45ad3.pyc,unconfirmed,original bytecode status ok:,ok,,,"decompyle3:error:# decompyle3 version 3.9.3 # Python bytecode version base 3.9.0 (3425) # Decompiled from: Python 3.9.25 (main, Nov 7 2025, 18:07:57) # [GCC 11.4.0] # Embedded file name: data/rq3/cpython-3.9/unittest_seeds/raw/cpython_case_test_unicode_U...;pylingual:error:──────────────────────────────────────────────────────────────────────────────── ,ggggggggggg, ,gggg, dP""""""88""""""""""""Y8, d8"" ""8I ,dPYb, Yb, 88 `8b 88 ,dP IP'`Yb `"" 88 ,8P 8888888P"" gg I8 8I 88aaaad8P"" 88 """" I8 8' 88""""""""""gg gg 88 gg ,ggg,,g...",decompyle3:not_run:;pylingual:not_run:
cpython-39,data/rq3/cpython-3.9/unique_bug_pyc/cpython-39-ee5bedfe10dc.pyc,no_source,"# decompyle3 version 3.9.3 # Python bytecode version base 3.9.0 (3425) # Decompiled from: Python 3.9.25 (main, Nov 7 2025, 18:07:57) # [GCC 11.4.0] # Embedded file name: data/rq3/cpython-3.9/unittest_seeds/raw/cpython_case_test_embed_Ini...",crash,signal_11:,,"decompyle3:error:# decompyle3 version 3.9.3 # Python bytecode version base 3.9.0 (3425) # Decompiled from: Python 3.9.25 (main, Nov 7 2025, 18:07:57) # [GCC 11.4.0] # Embedded file name: data/rq3/cpython-3.9/unittest_seeds/raw/cpython_case_test_embed_Ini...;pylingual:error:──────────────────────────────────────────────────────────────────────────────── ,ggggggggggg, ,gggg, dP""""""88""""""""""""Y8, d8"" ""8I ,dPYb, Yb, 88 `8b 88 ,dP IP'`Yb `"" 88 ,8P 8888888P"" gg I8 8I 88aaaad8P"" 88 """" I8 8' 88""""""""""gg gg 88 gg ,ggg,,g...",decompyle3:not_run:;pylingual:not_run:
cpython-39,data/rq3/cpython-3.9/unique_bug_pyc/cpython-39-ef2fcc89c33d.pyc,unconfirmed,original bytecode status ok:,ok,,,"decompyle3:exit_2:Unknown magic number 97 in data/rq3/cpython-3.9/unique_bug_pyc/cpython-39-ef2fcc89c33d.pyc;pylingual:error:──────────────────────────────────────────────────────────────────────────────── ,ggggggggggg, ,gggg, dP""""""88""""""""""""Y8, d8"" ""8I ,dPYb, Yb, 88 `8b 88 ,dP IP'`Yb `"" 88 ,8P 8888888P"" gg I8 8I 88aaaad8P"" 88 """" I8 8' 88""""""""""gg gg 88 gg ,ggg,,g...",decompyle3:not_run:;pylingual:not_run:
cpython-39,data/rq3/cpython-3.9/unique_bug_pyc/cpython-39-ef483ba7b3aa.pyc,unconfirmed,original bytecode status ok:,ok,,,"decompyle3:error:# decompyle3 version 3.9.3 # Python bytecode version base 3.9.0 (3425) # Decompiled from: Python 3.9.25 (main, Nov 7 2025, 18:07:57) # [GCC 11.4.0] # Embedded file name: data/rq3/cpython-3.9/unittest_seeds/raw/cpython_case_test_subproces...;pylingual:error:──────────────────────────────────────────────────────────────────────────────── ,ggggggggggg, ,gggg, dP""""""88""""""""""""Y8, d8"" ""8I ,dPYb, Yb, 88 `8b 88 ,dP IP'`Yb `"" 88 ,8P 8888888P"" gg I8 8I 88aaaad8P"" 88 """" I8 8' 88""""""""""gg gg 88 gg ,ggg,,g...",decompyle3:not_run:;pylingual:not_run:
cpython-39,data/rq3/cpython-3.9/unique_bug_pyc/cpython-39-f1f8a85067ad.pyc,unconfirmed,original bytecode status ok:,ok,,,"decompyle3:exit_2:Unknown magic number 10849 in data/rq3/cpython-3.9/unique_bug_pyc/cpython-39-f1f8a85067ad.pyc;pylingual:error:──────────────────────────────────────────────────────────────────────────────── ,ggggggggggg, ,gggg, dP""""""88""""""""""""Y8, d8"" ""8I ,dPYb, Yb, 88 `8b 88 ,dP IP'`Yb `"" 88 ,8P 8888888P"" gg I8 8I 88aaaad8P"" 88 """" I8 8' 88""""""""""gg gg 88 gg ,ggg,,g...",decompyle3:not_run:;pylingual:not_run:
cpython-39,data/rq3/cpython-3.9/unique_bug_pyc/cpython-39-f2e05283a104.pyc,unconfirmed,original bytecode status ok:,ok,,,"decompyle3:error:# decompyle3 version 3.9.3 # Python bytecode version base 3.9.0 (3425) # Decompiled from: Python 3.9.25 (main, Nov 7 2025, 18:07:57) # [GCC 11.4.0] # Embedded file name: data/rq3/cpython-3.9/unittest_s\\0\\0\\0\\0\\0\\0\\0/cpython_case_test_long_Long...;pylingual:error:──────────────────────────────────────────────────────────────────────────────── ,ggggggggggg, ,gggg, dP""""""88""""""""""""Y8, d8"" ""8I ,dPYb, Yb, 88 `8b 88 ,dP IP'`Yb `"" 88 ,8P 8888888P"" gg I8 8I 88aaaad8P"" 88 """" I8 8' 88""""""""""gg gg 88 gg ,ggg,,g...",decompyle3:not_run:;pylingual:not_run:
cpython-39,data/rq3/cpython-3.9/unique_bug_pyc/cpython-39-f3469736ce78.pyc,unconfirmed,original bytecode status ok:,ok,,,"decompyle3:error:# decompyle3 version 3.9.3 # Python bytecode version base 3.9.0 (3425) # Decompiled from: Python 3.9.25 (main, Nov 7 2025, 18:07:57) # [GCC 11.4.0] # Embedded file name: data/rq3/cpython-3.9/unittest_seeds/raw/cpython_case_test_memoryio_...;pylingual:error:──────────────────────────────────────────────────────────────────────────────── ,ggggggggggg, ,gggg, dP""""""88""""""""""""Y8, d8"" ""8I ,dPYb, Yb, 88 `8b 88 ,dP IP'`Yb `"" 88 ,8P 8888888P"" gg I8 8I 88aaaad8P"" 88 """" I8 8' 88""""""""""gg gg 88 gg ,ggg,,g...",decompyle3:not_run:;pylingual:not_run:
cpython-39,data/rq3/cpython-3.9/unique_bug_pyc/cpython-39-f4f7d7efc515.pyc,unconfirmed,original bytecode status ok:,ok,,,"decompyle3:error:# decompyle3 version 3.9.3 # Python bytecode version base 3.9.0 (3425) # Decompiled from: Python 3.9.25 (main, Nov 7 2025, 18:07:57) # [GCC 11.4.0] # Embedded file name: data/r*\\$:python-3.9/unittest_seeds/raw/cpython_case_test_xmlrpc_Us...;pylingual:error:──────────────────────────────────────────────────────────────────────────────── ,ggggggggggg, ,gggg, dP""""""88""""""""""""Y8, d8"" ""8I ,dPYb, Yb, 88 `8b 88 ,dP IP'`Yb `"" 88 ,8P 8888888P"" gg I8 8I 88aaaad8P"" 88 """" I8 8' 88""""""""""gg gg 88 gg ,ggg,,g...",decompyle3:not_run:;pylingual:not_run:
cpython-39,data/rq3/cpython-3.9/unique_bug_pyc/cpython-39-fb6bc97e847e.pyc,unconfirmed,original bytecode status ok:,ok,,,"decompyle3:error:# decompyle3 version 3.9.3 # Python bytecode version base 3.9.0 (3425) # Decompiled from: Python 3.9.25 (main, Nov 7 2025, 18:07:57) # [GCC 11.4.0] # Embedded file name: data/rq3/cpython-3.9/unittest_seeds/raw/cpython_case_test_copy_\\0\\0st...;pylingual:error:──────────────────────────────────────────────────────────────────────────────── ,ggggggggggg, ,gggg, dP""""""88""""""""""""Y8, d8"" ""8I ,dPYb, Yb, 88 `8b 88 ,dP IP'`Yb `"" 88 ,8P 8888888P"" gg I8 8I 88aaaad8P"" 88 """" I8 8' 88""""""""""gg gg 88 gg ,ggg,,g...",decompyle3:not_run:;pylingual:not_run:
cpython-39,data/rq3/cpython-3.9/unique_bug_pyc/cpython-39-fbba571ffe5c.pyc,no_source,"# decompyle3 version 3.9.3 # Python bytecode version base 3.9.0 (3425) # Decompiled from: Python 3.9.25 (main, Nov 7 2025, 18:07:57) # [GCC 11.4.0] # Embedded file name: data/rq3/cpython-3.9/unittest_seeds/raw/cpython_case_test_typing_Li...",crash,signal_11:,,"decompyle3:error:# decompyle3 version 3.9.3 # Python bytecode version base 3.9.0 (3425) # Decompiled from: Python 3.9.25 (main, Nov 7 2025, 18:07:57) # [GCC 11.4.0] # Embedded file name: data/rq3/cpython-3.9/unittest_seeds/raw/cpython_case_test_typing_Li...;pylingual:error:──────────────────────────────────────────────────────────────────────────────── ,ggggggggggg, ,gggg, dP""""""88""""""""""""Y8, d8"" ""8I ,dPYb, Yb, 88 `8b 88 ,dP IP'`Yb `"" 88 ,8P 8888888P"" gg I8 8I 88aaaad8P"" 88 """" I8 8' 88""""""""""gg gg 88 gg ,ggg,,g...",decompyle3:not_run:;pylingual:not_run:
cpython-39,data/rq3/cpython-3.9/unique_bug_pyc/cpython-39-fc236960fe05.pyc,no_source,"# decompyle3 version 3.9.3 # Python bytecode version base 3.9.0 (3425) # Decompiled from: Python 3.9.25 (main, Nov 7 2025, 18:07:57) # [GCC 11.4.0] # Embedded file name: data/rq3/cpython-3.9/unittest_seeds/raw/cpython_case_test_contextli...",crash,signal_11:,,"decompyle3:error:# decompyle3 version 3.9.3 # Python bytecode version base 3.9.0 (3425) # Decompiled from: Python 3.9.25 (main, Nov 7 2025, 18:07:57) # [GCC 11.4.0] # Embedded file name: data/rq3/cpython-3.9/unittest_seeds/raw/cpython_case_test_contextli...;pylingual:error:──────────────────────────────────────────────────────────────────────────────── ,ggggggggggg, ,gggg, dP""""""88""""""""""""Y8, d8"" ""8I ,dPYb, Yb, 88 `8b 88 ,dP IP'`Yb `"" 88 ,8P 8888888P"" gg I8 8I 88aaaad8P"" 88 """" I8 8' 88""""""""""gg gg 88 gg ,ggg,,g...",decompyle3:not_run:;pylingual:not_run:
cpython-39,data/rq3/cpython-3.9/unique_bug_pyc/cpython-39-fe019be7d6a1.pyc,unconfirmed,original bytecode status ok:,ok,,,"decompyle3:error:# decompyle3 version 3.9.3 # Python bytecode version base 3.9.0 (3425) # Decompiled from: Python 3.9.25 (main, Nov 7 2025, 18:07:57) # [GCC 11.4.0] # Embedded file name: data/rq3/cpython-3.9/unittest_seeds/raw/cpython_case_test_complex_C...;pylingual:error:──────────────────────────────────────────────────────────────────────────────── ,ggggggggggg, ,gggg, dP""""""88""""""""""""Y8, d8"" ""8I ,dPYb, Yb, 88 `8b 88 ,dP IP'`Yb `"" 88 ,8P 8888888P"" gg I8 8I 88aaaad8P"" 88 """" I8 8' 88""""""""""gg gg 88 gg ,ggg,,g...",decompyle3:not_run:;pylingual:not_run:
cpython-39,data/rq3/cpython-3.9/unique_bug_pyc/cpython-39-ff2195dc0e1c.pyc,no_source,"# decompyle3 version 3.9.3 # Python bytecode version base 3.9.0 (3425) # Decompiled from: Python 3.9.25 (main, Nov 7 2025, 18:07:57) # [GCC 11.4.0] # Embedded file name: data/rq3/cpython-3.9/unittest_seeds/raw/cpython_case_test_ftplib_Te...",crash,signal_11:,,"decompyle3:error:# decompyle3 version 3.9.3 # Python bytecode version base 3.9.0 (3425) # Decompiled from: Python 3.9.25 (main, Nov 7 2025, 18:07:57) # [GCC 11.4.0] # Embedded file name: data/rq3/cpython-3.9/unittest_seeds/raw/cpython_case_test_ftplib_Te...;pylingual:error:──────────────────────────────────────────────────────────────────────────────── ,ggggggggggg, ,gggg, dP""""""88""""""""""""Y8, d8"" ""8I ,dPYb, Yb, 88 `8b 88 ,dP IP'`Yb `"" 88 ,8P 8888888P"" gg I8 8I 88aaaad8P"" 88 """" I8 8' 88""""""""""gg gg 88 gg ,ggg,,g...",decompyle3:not_run:;pylingual:not_run:
cpython-39,data/rq3/cpython-3.9/unique_bug_pyc/cpython-39-ff3d4634991a.pyc,no_source,"# decompyle3 version 3.9.3 # Python bytecode version base 3.9.0 (3425) # Decompiled from: Python 3.9.25 (main, Nov 7 2025, 18:07:57) # [GCC 11.4.0] # Embedded file name: data/rq3/cpython-3.9/unittest_seeds/raw/cpython_case_test_capi_CAPI...",crash,signal_11:,,"decompyle3:error:# decompyle3 version 3.9.3 # Python bytecode version base 3.9.0 (3425) # Decompiled from: Python 3.9.25 (main, Nov 7 2025, 18:07:57) # [GCC 11.4.0] # Embedded file name: data/rq3/cpython-3.9/unittest_seeds/raw/cpython_case_test_capi_CAPI...;pylingual:error:──────────────────────────────────────────────────────────────────────────────── ,ggggggggggg, ,gggg, dP""""""88""""""""""""Y8, d8"" ""8I ,dPYb, Yb, 88 `8b 88 ,dP IP'`Yb `"" 88 ,8P 8888888P"" gg I8 8I 88aaaad8P"" 88 """" I8 8' 88""""""""""gg gg 88 gg ,ggg,,g...",decompyle3:not_run:;pylingual:not_run:
cpython-39,data/rq3/cpython-3.9/unique_bug_pyc/cpython-39-ffe4604e43fb.pyc,unconfirmed,original bytecode status ok:,ok,,,"decompyle3:error:# decompyle3 version 3.9.3 # Python bytecode version base 3.9.0 (3425) # Decompiled from: Python 3.9.25 (main, Nov 7 2025, 18:07:57) # [GCC 11.4.0] # Embedded file name: data/rq3/cpython-3.9/unittest_seeds/raw/cpython_case_test_locale_No...;pylingual:error:──────────────────────────────────────────────────────────────────────────────── ,ggggggggggg, ,gggg, dP""""""88""""""""""""Y8, d8"" ""8I ,dPYb, Yb, 88 `8b 88 ,dP IP'`Yb `"" 88 ,8P 8888888P"" gg I8 8I 88aaaad8P"" 88 """" I8 8' 88""""""""""gg gg 88 gg ,ggg,,g...",decompyle3:not_run:;pylingual:not_run:
