case_id,tool,status,reason,package,version,artifact,artifact_type,pyc_path,copied_pyc,python_tag,magic_number,source_present,overall_level,overall_label,original_failed_tools,original_statuses,original_reason_categories,original_reasons,command_file,stdout_file,stderr_file
d55dfcba697a,decompylepp,exit_1,PycBuffer::getByte(): Unexpected end of stream,aimmocore,0.1.15,aimmocore-0.1.15-py3-none-any.whl,wheel,aimmocore/core/__pycache__/storages.cpython-38.pyc,aimmocore-0.1.15-cpython-38-d55dfcba697a.pyc,cpython-38,3413,True,4,pylingual_decompilable,decompyle3,exit_1,tool_exit,"decompyle3:exit_1:Traceback (most recent call last): File ""data/rq2/envs/cpython-38/bin/decompyle3"", line 8, in <module> sys.exit(main_bin()) File ""/root/PyBC-Sec/pybcSEC/data/rq2/envs/cpython-38/lib/python3.8/site-packages/click/core.py"", line 1161, in _...",PycLens/data/rq2/failed_cases_decompylepp_traces/d55dfcba697a-decompylepp.command.txt,PycLens/data/rq2/failed_cases_decompylepp_traces/d55dfcba697a-decompylepp.stdout.txt,PycLens/data/rq2/failed_cases_decompylepp_traces/d55dfcba697a-decompylepp.stderr.txt
925f60668dba,decompylepp,exit_1,PycBuffer::getByte(): Unexpected end of stream,aimmocore,0.1.15,aimmocore-0.1.15.tar.gz,tar,aimmocore-0.1.15/aimmocore/core/__pycache__/storages.cpython-38.pyc,aimmocore-0.1.15-cpython-38-925f60668dba.pyc,cpython-38,3413,True,4,pylingual_decompilable,decompyle3,exit_1,tool_exit,"decompyle3:exit_1:Traceback (most recent call last): File ""data/rq2/envs/cpython-38/bin/decompyle3"", line 8, in <module> sys.exit(main_bin()) File ""/root/PyBC-Sec/pybcSEC/data/rq2/envs/cpython-38/lib/python3.8/site-packages/click/core.py"", line 1161, in _...",PycLens/data/rq2/failed_cases_decompylepp_traces/925f60668dba-decompylepp.command.txt,PycLens/data/rq2/failed_cases_decompylepp_traces/925f60668dba-decompylepp.stdout.txt,PycLens/data/rq2/failed_cases_decompylepp_traces/925f60668dba-decompylepp.stderr.txt
704c99d27ff4,decompylepp,exit_1,Unsupported Node type: 28 Unsupported Node type: 28 Error decompyling PycLens/data/rq2/failed_cases/aioinstagrapi-1.1.21-cpython-38-704c99d27ff4.pyc: std::bad_cast,aioinstagrapi,1.1.21,aioinstagrapi-1.1.21-py3-none-any.whl,wheel,aioinstagrapi/mixins/__pycache__/hashtag.cpython-38.pyc,aioinstagrapi-1.1.21-cpython-38-704c99d27ff4.pyc,cpython-38,3413,True,4,pylingual_decompilable,decompyle3,exit_1,tool_exit,"decompyle3:exit_1:Traceback (most recent call last): File ""data/rq2/envs/cpython-38/bin/decompyle3"", line 8, in <module> sys.exit(main_bin()) File ""/root/PyBC-Sec/pybcSEC/data/rq2/envs/cpython-38/lib/python3.8/site-packages/click/core.py"", line 1161, in _...",PycLens/data/rq2/failed_cases_decompylepp_traces/704c99d27ff4-decompylepp.command.txt,PycLens/data/rq2/failed_cases_decompylepp_traces/704c99d27ff4-decompylepp.stdout.txt,PycLens/data/rq2/failed_cases_decompylepp_traces/704c99d27ff4-decompylepp.stderr.txt
4b50f1a66772,decompylepp,exit_1,Unsupported Node type: 28 Unsupported Node type: 28 Error decompyling PycLens/data/rq2/failed_cases/aioinstagrapi-1.1.21-cpython-38-4b50f1a66772.pyc: std::bad_cast,aioinstagrapi,1.1.21,aioinstagrapi-1.1.21.tar.gz,tar,aioinstagrapi-1.1.21/aioinstagrapi/mixins/__pycache__/hashtag.cpython-38.pyc,aioinstagrapi-1.1.21-cpython-38-4b50f1a66772.pyc,cpython-38,3413,True,4,pylingual_decompilable,decompyle3,exit_1,tool_exit,"decompyle3:exit_1:Traceback (most recent call last): File ""data/rq2/envs/cpython-38/bin/decompyle3"", line 8, in <module> sys.exit(main_bin()) File ""/root/PyBC-Sec/pybcSEC/data/rq2/envs/cpython-38/lib/python3.8/site-packages/click/core.py"", line 1161, in _...",PycLens/data/rq2/failed_cases_decompylepp_traces/4b50f1a66772-decompylepp.command.txt,PycLens/data/rq2/failed_cases_decompylepp_traces/4b50f1a66772-decompylepp.stdout.txt,PycLens/data/rq2/failed_cases_decompylepp_traces/4b50f1a66772-decompylepp.stderr.txt
37fc32062894,decompylepp,exit_1,Bad MAGIC! Could not load file PycLens/data/rq2/failed_cases/apoplast-3.0.7-cpython-311-37fc32062894.pyc,apoplast,3.0.7,apoplast-3.0.7.tar.gz,tar,apoplast-3.0.7/venues/stages/apoplast/clouds/supp_NIH/nature/form/serving_size/amount/__pycache__/__init__.cpython-311.pyc,apoplast-3.0.7-cpython-311-37fc32062894.pyc,cpython-311,42946,True,4,pylingual_decompilable,decompyle3;marshal,error;exit_2,marshal_parse_failure;tool_exit,marshal:error:marshal_failed: || decompyle3:exit_2:/root/PyBC-Sec/pybcSEC/data/rq2/envs/cpython-311/lib/python3.11/site-packages/click/core.py:1262: UserWarning: The parameter --version is used more than once. Remove its duplicate as parameters should be unique. parser = self.make_parser...,PycLens/data/rq2/failed_cases_decompylepp_traces/37fc32062894-decompylepp.command.txt,PycLens/data/rq2/failed_cases_decompylepp_traces/37fc32062894-decompylepp.stdout.txt,PycLens/data/rq2/failed_cases_decompylepp_traces/37fc32062894-decompylepp.stderr.txt
a4f677675652,decompylepp,exit_1,Bad MAGIC! Could not load file PycLens/data/rq2/failed_cases/apoplast-3.0.7-cpython-311-a4f677675652.pyc,apoplast,3.0.7,apoplast-3.0.7.tar.gz,tar,apoplast-3.0.7/venues/stages/apoplast/clouds/supp_NIH/nature/form/unit/__pycache__/__init__.cpython-311.pyc,apoplast-3.0.7-cpython-311-a4f677675652.pyc,cpython-311,42946,True,4,pylingual_decompilable,decompyle3;marshal,error;exit_2,marshal_parse_failure;tool_exit,marshal:error:marshal_failed: || decompyle3:exit_2:/root/PyBC-Sec/pybcSEC/data/rq2/envs/cpython-311/lib/python3.11/site-packages/click/core.py:1262: UserWarning: The parameter --version is used more than once. Remove its duplicate as parameters should be unique. parser = self.make_parser...,PycLens/data/rq2/failed_cases_decompylepp_traces/a4f677675652-decompylepp.command.txt,PycLens/data/rq2/failed_cases_decompylepp_traces/a4f677675652-decompylepp.stdout.txt,PycLens/data/rq2/failed_cases_decompylepp_traces/a4f677675652-decompylepp.stderr.txt
b0873c19374b,decompylepp,exit_1,Bad MAGIC! Could not load file PycLens/data/rq2/failed_cases/apoplast-3.0.7-cpython-311-b0873c19374b.pyc,apoplast,3.0.7,apoplast-3.0.7.tar.gz,tar,apoplast-3.0.7/venues/stages/apoplast/mixes/insure/__pycache__/equalities.cpython-311.pyc,apoplast-3.0.7-cpython-311-b0873c19374b.pyc,cpython-311,42946,True,4,pylingual_decompilable,decompyle3;marshal,error;exit_2,marshal_parse_failure;tool_exit,marshal:error:marshal_failed: || decompyle3:exit_2:/root/PyBC-Sec/pybcSEC/data/rq2/envs/cpython-311/lib/python3.11/site-packages/click/core.py:1262: UserWarning: The parameter --version is used more than once. Remove its duplicate as parameters should be unique. parser = self.make_parser...,PycLens/data/rq2/failed_cases_decompylepp_traces/b0873c19374b-decompylepp.command.txt,PycLens/data/rq2/failed_cases_decompylepp_traces/b0873c19374b-decompylepp.stdout.txt,PycLens/data/rq2/failed_cases_decompylepp_traces/b0873c19374b-decompylepp.stderr.txt
845eb96db5db,decompylepp,exit_1,Bad MAGIC! Could not load file PycLens/data/rq2/failed_cases/apoplast-3.0.7-cpython-311-845eb96db5db.pyc,apoplast,3.0.7,apoplast-3.0.7.tar.gz,tar,apoplast-3.0.7/venues/stages/apoplast/mixes/insure/__pycache__/equality.cpython-311.pyc,apoplast-3.0.7-cpython-311-845eb96db5db.pyc,cpython-311,42946,True,4,pylingual_decompilable,decompyle3;marshal,error;exit_2,marshal_parse_failure;tool_exit,marshal:error:marshal_failed: || decompyle3:exit_2:/root/PyBC-Sec/pybcSEC/data/rq2/envs/cpython-311/lib/python3.11/site-packages/click/core.py:1262: UserWarning: The parameter --version is used more than once. Remove its duplicate as parameters should be unique. parser = self.make_parser...,PycLens/data/rq2/failed_cases_decompylepp_traces/845eb96db5db-decompylepp.command.txt,PycLens/data/rq2/failed_cases_decompylepp_traces/845eb96db5db-decompylepp.stdout.txt,PycLens/data/rq2/failed_cases_decompylepp_traces/845eb96db5db-decompylepp.stderr.txt
21d031c95241,decompylepp,exit_1,Bad MAGIC! Could not load file PycLens/data/rq2/failed_cases/apoplast-3.0.7-cpython-311-21d031c95241.pyc,apoplast,3.0.7,apoplast-3.0.7.tar.gz,tar,apoplast-3.0.7/venues/stages/apoplast/mixes/insure/__pycache__/override_print.cpython-311.pyc,apoplast-3.0.7-cpython-311-21d031c95241.pyc,cpython-311,42946,True,4,pylingual_decompilable,decompyle3;marshal,error;exit_2,marshal_parse_failure;tool_exit,marshal:error:marshal_failed: || decompyle3:exit_2:/root/PyBC-Sec/pybcSEC/data/rq2/envs/cpython-311/lib/python3.11/site-packages/click/core.py:1262: UserWarning: The parameter --version is used more than once. Remove its duplicate as parameters should be unique. parser = self.make_parser...,PycLens/data/rq2/failed_cases_decompylepp_traces/21d031c95241-decompylepp.command.txt,PycLens/data/rq2/failed_cases_decompylepp_traces/21d031c95241-decompylepp.stdout.txt,PycLens/data/rq2/failed_cases_decompylepp_traces/21d031c95241-decompylepp.stderr.txt
6c3a28494a6e,decompylepp,ok,,assignment-autograder,3.7.6,assignment-autograder-3.7.6.tar.gz,tar,assignment-autograder-3.7.6/autograder/testcase_utils/__pycache__/shell.cpython-38.pyc,assignment-autograder-3.7.6-cpython-38-6c3a28494a6e.pyc,cpython-38,3413,True,4,pylingual_decompilable,decompyle3,exit_1,tool_exit,"decompyle3:exit_1:Traceback (most recent call last): File ""data/rq2/envs/cpython-38/bin/decompyle3"", line 8, in <module> sys.exit(main_bin()) File ""/root/PyBC-Sec/pybcSEC/data/rq2/envs/cpython-38/lib/python3.8/site-packages/click/core.py"", line 1161, in _...",,,
1a9217268814,decompylepp,exit_1,Error decompyling PycLens/data/rq2/failed_cases/astromorphlib-1.0.13-cpython-38-1a9217268814.pyc: std::bad_cast,astromorphlib,1.0.13,astromorphlib-1.0.13-py3-none-any.whl,wheel,stat_lib/__pycache__/__init__.cpython-38.pyc,astromorphlib-1.0.13-cpython-38-1a9217268814.pyc,cpython-38,3413,True,4,pylingual_decompilable,decompyle3,timeout,timeout,decompyle3:timeout:timeout_after_600s,PycLens/data/rq2/failed_cases_decompylepp_traces/1a9217268814-decompylepp.command.txt,PycLens/data/rq2/failed_cases_decompylepp_traces/1a9217268814-decompylepp.stdout.txt,PycLens/data/rq2/failed_cases_decompylepp_traces/1a9217268814-decompylepp.stderr.txt
fde07d994591,decompylepp,exit_1,Error decompyling PycLens/data/rq2/failed_cases/astromorphlib-1.0.13-cpython-38-fde07d994591.pyc: std::bad_cast,astromorphlib,1.0.13,astromorphlib-1.0.13.tar.gz,tar,astromorphlib-1.0.13/stat_lib/__pycache__/__init__.cpython-38.pyc,astromorphlib-1.0.13-cpython-38-fde07d994591.pyc,cpython-38,3413,True,4,pylingual_decompilable,decompyle3,timeout,timeout,decompyle3:timeout:timeout_after_600s,PycLens/data/rq2/failed_cases_decompylepp_traces/fde07d994591-decompylepp.command.txt,PycLens/data/rq2/failed_cases_decompylepp_traces/fde07d994591-decompylepp.stdout.txt,PycLens/data/rq2/failed_cases_decompylepp_traces/fde07d994591-decompylepp.stderr.txt
431d4b666e96,decompylepp,ok,,autograder,3.7.7,autograder-3.7.7.tar.gz,tar,autograder-3.7.7/autograder/testcase_utils/__pycache__/shell.cpython-38.pyc,autograder-3.7.7-cpython-38-431d4b666e96.pyc,cpython-38,3413,True,4,pylingual_decompilable,decompyle3,exit_1,tool_exit,"decompyle3:exit_1:Traceback (most recent call last): File ""data/rq2/envs/cpython-38/bin/decompyle3"", line 8, in <module> sys.exit(main_bin()) File ""/root/PyBC-Sec/pybcSEC/data/rq2/envs/cpython-38/lib/python3.8/site-packages/click/core.py"", line 1161, in _...",,,
38b39ff46fa4,decompylepp,ok,,bestfit,0.3,bestFit-0.3.tar.gz,tar,bestFit-0.3/venv/lib/python3.8/site-packages/babel/messages/__pycache__/mofile.cpython-38.pyc,bestfit-0.3-cpython-38-38b39ff46fa4.pyc,cpython-38,3413,False,4,pylingual_decompilable,decompyle3,exit_1,tool_exit,"decompyle3:exit_1:Traceback (most recent call last): File ""data/rq2/envs/cpython-38/bin/decompyle3"", line 8, in <module> sys.exit(main_bin()) File ""/root/PyBC-Sec/pybcSEC/data/rq2/envs/cpython-38/lib/python3.8/site-packages/click/core.py"", line 1161, in _...",,,
ac9951918345,decompylepp,exit_1,Error decompyling PycLens/data/rq2/failed_cases/bestfit-0.3-cpython-38-ac9951918345.pyc: std::bad_cast,bestfit,0.3,bestFit-0.3.tar.gz,tar,bestFit-0.3/venv/lib/python3.8/site-packages/dateutil/__pycache__/rrule.cpython-38.pyc,bestfit-0.3-cpython-38-ac9951918345.pyc,cpython-38,3413,False,4,pylingual_decompilable,decompyle3,timeout,timeout,decompyle3:timeout:timeout_after_600s,PycLens/data/rq2/failed_cases_decompylepp_traces/ac9951918345-decompylepp.command.txt,PycLens/data/rq2/failed_cases_decompylepp_traces/ac9951918345-decompylepp.stdout.txt,PycLens/data/rq2/failed_cases_decompylepp_traces/ac9951918345-decompylepp.stderr.txt
1a7f74664829,decompylepp,exit_1,Unsupported Node type: 0 Warning: Stack history is not empty! Warning: block stack is not empty! PycBuffer::getByte(): Unexpected end of stream,bestfit,0.3,bestFit-0.3.tar.gz,tar,bestFit-0.3/venv/lib/python3.8/site-packages/matplotlib/axes/__pycache__/_base.cpython-38.pyc,bestfit-0.3-cpython-38-1a7f74664829.pyc,cpython-38,3413,False,4,pylingual_decompilable,decompyle3,exit_1,tool_exit,"decompyle3:exit_1:Traceback (most recent call last): File ""data/rq2/envs/cpython-38/bin/decompyle3"", line 8, in <module> sys.exit(main_bin()) File ""/root/PyBC-Sec/pybcSEC/data/rq2/envs/cpython-38/lib/python3.8/site-packages/click/core.py"", line 1161, in _...",PycLens/data/rq2/failed_cases_decompylepp_traces/1a7f74664829-decompylepp.command.txt,PycLens/data/rq2/failed_cases_decompylepp_traces/1a7f74664829-decompylepp.stdout.txt,PycLens/data/rq2/failed_cases_decompylepp_traces/1a7f74664829-decompylepp.stderr.txt
565c83a0e688,decompylepp,ok,,bestfit,0.3,bestFit-0.3.tar.gz,tar,bestFit-0.3/venv/lib/python3.8/site-packages/numpy/typing/tests/data/pass/__pycache__/random.cpython-38.pyc,bestfit-0.3-cpython-38-565c83a0e688.pyc,cpython-38,3413,False,4,pylingual_decompilable,decompyle3,timeout,timeout,decompyle3:timeout:timeout_after_600s,,,
45d31ed4da2a,decompylepp,exit_1,PycBuffer::getByte(): Unexpected end of stream,bestfit,0.3,bestFit-0.3.tar.gz,tar,bestFit-0.3/venv/lib/python3.8/site-packages/poetry/core/_vendor/lark/__pycache__/reconstruct.cpython-38.pyc,bestfit-0.3-cpython-38-45d31ed4da2a.pyc,cpython-38,3413,False,4,pylingual_decompilable,decompyle3,exit_1,tool_exit,"decompyle3:exit_1:Traceback (most recent call last): File ""data/rq2/envs/cpython-38/bin/decompyle3"", line 8, in <module> sys.exit(main_bin()) File ""/root/PyBC-Sec/pybcSEC/data/rq2/envs/cpython-38/lib/python3.8/site-packages/click/core.py"", line 1161, in _...",PycLens/data/rq2/failed_cases_decompylepp_traces/45d31ed4da2a-decompylepp.command.txt,PycLens/data/rq2/failed_cases_decompylepp_traces/45d31ed4da2a-decompylepp.stdout.txt,PycLens/data/rq2/failed_cases_decompylepp_traces/45d31ed4da2a-decompylepp.stderr.txt
6a58169ea369,decompylepp,exit_1,PycBuffer::getByte(): Unexpected end of stream,bestfit,0.3,bestFit-0.3.tar.gz,tar,bestFit-0.3/venv/lib/python3.8/site-packages/poetry/core/_vendor/lark/__pycache__/reconstruct2.cpython-38.pyc,bestfit-0.3-cpython-38-6a58169ea369.pyc,cpython-38,3413,False,4,pylingual_decompilable,decompyle3,exit_1,tool_exit,"decompyle3:exit_1:Traceback (most recent call last): File ""data/rq2/envs/cpython-38/bin/decompyle3"", line 8, in <module> sys.exit(main_bin()) File ""/root/PyBC-Sec/pybcSEC/data/rq2/envs/cpython-38/lib/python3.8/site-packages/click/core.py"", line 1161, in _...",PycLens/data/rq2/failed_cases_decompylepp_traces/6a58169ea369-decompylepp.command.txt,PycLens/data/rq2/failed_cases_decompylepp_traces/6a58169ea369-decompylepp.stdout.txt,PycLens/data/rq2/failed_cases_decompylepp_traces/6a58169ea369-decompylepp.stderr.txt
9c3171eb00eb,decompylepp,ok,,bestfit,0.3,bestFit-0.3.tar.gz,tar,bestFit-0.3/venv/lib/python3.8/site-packages/snowballstemmer/__pycache__/serbian_stemmer.cpython-38.pyc,bestfit-0.3-cpython-38-9c3171eb00eb.pyc,cpython-38,3413,False,4,pylingual_decompilable,decompyle3,timeout,timeout,decompyle3:timeout:timeout_after_600s,,,
4a9615370a77,decompylepp,exit_1,PycBuffer::getByte(): Unexpected end of stream,bestfit,0.3,bestFit-0.3.tar.gz,tar,bestFit-0.3/venv/lib/python3.8/site-packages/yapf/yapflib/__pycache__/format_decision_state.cpython-38.pyc,bestfit-0.3-cpython-38-4a9615370a77.pyc,cpython-38,3413,False,4,pylingual_decompilable,decompyle3,timeout,timeout,decompyle3:timeout:timeout_after_600s,PycLens/data/rq2/failed_cases_decompylepp_traces/4a9615370a77-decompylepp.command.txt,PycLens/data/rq2/failed_cases_decompylepp_traces/4a9615370a77-decompylepp.stdout.txt,PycLens/data/rq2/failed_cases_decompylepp_traces/4a9615370a77-decompylepp.stderr.txt
3a9ba5b97610,decompylepp,exit_1,PycBuffer::getByte(): Unexpected end of stream,bestfit,0.3,bestFit-0.3.tar.gz,tar,bestFit-0.3/venv/lib/python3.8/site-packages/yapf/yapflib/__pycache__/unwrapped_line.cpython-38.pyc,bestfit-0.3-cpython-38-3a9ba5b97610.pyc,cpython-38,3413,False,4,pylingual_decompilable,decompyle3,timeout,timeout,decompyle3:timeout:timeout_after_600s,PycLens/data/rq2/failed_cases_decompylepp_traces/3a9ba5b97610-decompylepp.command.txt,PycLens/data/rq2/failed_cases_decompylepp_traces/3a9ba5b97610-decompylepp.stdout.txt,PycLens/data/rq2/failed_cases_decompylepp_traces/3a9ba5b97610-decompylepp.stderr.txt
1e7c5344514d,decompylepp,exit_1,PycFile::getByte(): Unexpected end of stream,biotech,1.1.10,biotech-1.1.10.tar.gz,tar,biotech-1.1.10/venues/stages/biotech/procedures/aggregator_procedure/process/keg/spaces/__pycache__/done_with_path.cpython-310.pyc,biotech-1.1.10-cpython-310-1e7c5344514d.pyc,cpython-310,3439,False,4,pylingual_decompilable,decompyle3;marshal,error;exit_2,marshal_parse_failure;tool_exit,marshal:error:marshal_failed: || decompyle3:exit_2:/root/PyBC-Sec/pybcSEC/data/rq2/envs/cpython-310/lib/python3.10/site-packages/click/core.py:1262: UserWarning: The parameter --version is used more than once. Remove its duplicate as parameters should be unique. parser = self.make_parser...,PycLens/data/rq2/failed_cases_decompylepp_traces/1e7c5344514d-decompylepp.command.txt,PycLens/data/rq2/failed_cases_decompylepp_traces/1e7c5344514d-decompylepp.stdout.txt,PycLens/data/rq2/failed_cases_decompylepp_traces/1e7c5344514d-decompylepp.stderr.txt
5b5567cb1b43,decompylepp,exit_1,Bad MAGIC! Could not load file PycLens/data/rq2/failed_cases/causal-test-again-0.1.67-cpython-38-5b5567cb1b43.pyc,causal-test-again,0.1.67,causal_test_again-0.1.67.tar.gz,tar,causal_test_again-0.1.67/causal_test_again/tests/unit/models/analyser_model/__pycache__/test_analyser.cpython-38-pytest-6.0.1.pyc,causal-test-again-0.1.67-cpython-38-5b5567cb1b43.pyc,cpython-38,8738,True,4,pylingual_decompilable,decompyle3;marshal,error;exit_2,marshal_parse_failure;tool_exit,"marshal:error:marshal_failed:offset16:ValueError:bad marshal data (unknown type code),offset12:not_code,offset8:ValueError:bad marshal data (unknown type code) || decompyle3:exit_2:Unknown magic number 8738 in /tmp/pybcsec-rq2-y1xzynox/sample.pyc",PycLens/data/rq2/failed_cases_decompylepp_traces/5b5567cb1b43-decompylepp.command.txt,PycLens/data/rq2/failed_cases_decompylepp_traces/5b5567cb1b43-decompylepp.stdout.txt,PycLens/data/rq2/failed_cases_decompylepp_traces/5b5567cb1b43-decompylepp.stderr.txt
f25f473fe0ad,decompylepp,exit_1,Bad MAGIC! Could not load file PycLens/data/rq2/failed_cases/causal-test-again-0.1.67-cpython-38-f25f473fe0ad.pyc,causal-test-again,0.1.67,causal_test_again-0.1.67.tar.gz,tar,causal_test_again-0.1.67/causal_test_again/tests/unit/models/analyser_model/__pycache__/test_data.cpython-38-pytest-6.0.1.pyc,causal-test-again-0.1.67-cpython-38-f25f473fe0ad.pyc,cpython-38,8738,True,4,pylingual_decompilable,decompyle3;marshal,error;exit_2,marshal_parse_failure;tool_exit,"marshal:error:marshal_failed:offset16:ValueError:bad marshal data (unknown type code),offset12:not_code,offset8:ValueError:bad marshal data (unknown type code) || decompyle3:exit_2:Unknown magic number 8738 in /tmp/pybcsec-rq2-z2zp0u8v/sample.pyc",PycLens/data/rq2/failed_cases_decompylepp_traces/f25f473fe0ad-decompylepp.command.txt,PycLens/data/rq2/failed_cases_decompylepp_traces/f25f473fe0ad-decompylepp.stdout.txt,PycLens/data/rq2/failed_cases_decompylepp_traces/f25f473fe0ad-decompylepp.stderr.txt
f9f41a15b793,decompylepp,exit_1,Bad MAGIC! Could not load file PycLens/data/rq2/failed_cases/causal-test-again-0.1.67-cpython-38-f9f41a15b793.pyc,causal-test-again,0.1.67,causal_test_again-0.1.67.tar.gz,tar,causal_test_again-0.1.67/causal_test_again/tests/unit/models/analyser_model/__pycache__/test_fitter.cpython-38-pytest-6.0.1.pyc,causal-test-again-0.1.67-cpython-38-f9f41a15b793.pyc,cpython-38,8738,True,4,pylingual_decompilable,decompyle3;marshal,error;exit_2,marshal_parse_failure;tool_exit,"marshal:error:marshal_failed:offset16:ValueError:bad marshal data (unknown type code),offset12:not_code,offset8:ValueError:bad marshal data (unknown type code) || decompyle3:exit_2:Unknown magic number 8738 in /tmp/pybcsec-rq2-4w3ysdnp/sample.pyc",PycLens/data/rq2/failed_cases_decompylepp_traces/f9f41a15b793-decompylepp.command.txt,PycLens/data/rq2/failed_cases_decompylepp_traces/f9f41a15b793-decompylepp.stdout.txt,PycLens/data/rq2/failed_cases_decompylepp_traces/f9f41a15b793-decompylepp.stderr.txt
9e99931aa703,decompylepp,exit_1,Bad MAGIC! Could not load file PycLens/data/rq2/failed_cases/causal-test-again-0.1.67-cpython-38-9e99931aa703.pyc,causal-test-again,0.1.67,causal_test_again-0.1.67.tar.gz,tar,causal_test_again-0.1.67/causal_test_again/tests/unit/models/configuration_model/__pycache__/test_base_objects.cpython-38-pytest-6.0.1.pyc,causal-test-again-0.1.67-cpython-38-9e99931aa703.pyc,cpython-38,8738,True,4,pylingual_decompilable,decompyle3;marshal,error;exit_2,marshal_parse_failure;tool_exit,"marshal:error:marshal_failed:offset16:ValueError:bad marshal data (unknown type code),offset12:not_code,offset8:ValueError:bad marshal data (unknown type code) || decompyle3:exit_2:Unknown magic number 8738 in /tmp/pybcsec-rq2-ub6rm24d/sample.pyc",PycLens/data/rq2/failed_cases_decompylepp_traces/9e99931aa703-decompylepp.command.txt,PycLens/data/rq2/failed_cases_decompylepp_traces/9e99931aa703-decompylepp.stdout.txt,PycLens/data/rq2/failed_cases_decompylepp_traces/9e99931aa703-decompylepp.stderr.txt
74b9fa0c9512,decompylepp,exit_1,Bad MAGIC! Could not load file PycLens/data/rq2/failed_cases/causal-test-again-0.1.67-cpython-38-74b9fa0c9512.pyc,causal-test-again,0.1.67,causal_test_again-0.1.67.tar.gz,tar,causal_test_again-0.1.67/causal_test_again/tests/unit/models/configuration_model/__pycache__/test_configuration.cpython-38-pytest-6.0.1.pyc,causal-test-again-0.1.67-cpython-38-74b9fa0c9512.pyc,cpython-38,8738,True,4,pylingual_decompilable,decompyle3;marshal,error;exit_2,marshal_parse_failure;tool_exit,"marshal:error:marshal_failed:offset16:ValueError:bad marshal data (unknown type code),offset12:not_code,offset8:ValueError:bad marshal data (unknown type code) || decompyle3:exit_2:Unknown magic number 8738 in /tmp/pybcsec-rq2-kbgpxzli/sample.pyc",PycLens/data/rq2/failed_cases_decompylepp_traces/74b9fa0c9512-decompylepp.command.txt,PycLens/data/rq2/failed_cases_decompylepp_traces/74b9fa0c9512-decompylepp.stdout.txt,PycLens/data/rq2/failed_cases_decompylepp_traces/74b9fa0c9512-decompylepp.stderr.txt
f666d9a7ded0,decompylepp,exit_1,Bad MAGIC! Could not load file PycLens/data/rq2/failed_cases/causal-test-again-0.1.67-cpython-38-f666d9a7ded0.pyc,causal-test-again,0.1.67,causal_test_again-0.1.67.tar.gz,tar,causal_test_again-0.1.67/causal_test_again/tests/unit/models/message/__pycache__/test_message.cpython-38-pytest-6.0.1.pyc,causal-test-again-0.1.67-cpython-38-f666d9a7ded0.pyc,cpython-38,8738,True,4,pylingual_decompilable,decompyle3;marshal,error;exit_2,marshal_parse_failure;tool_exit,"marshal:error:marshal_failed:offset16:ValueError:bad marshal data (unknown type code),offset12:not_code,offset8:ValueError:bad marshal data (unknown type code) || decompyle3:exit_2:Unknown magic number 8738 in /tmp/pybcsec-rq2-vkp_r_wu/sample.pyc",PycLens/data/rq2/failed_cases_decompylepp_traces/f666d9a7ded0-decompylepp.command.txt,PycLens/data/rq2/failed_cases_decompylepp_traces/f666d9a7ded0-decompylepp.stdout.txt,PycLens/data/rq2/failed_cases_decompylepp_traces/f666d9a7ded0-decompylepp.stderr.txt
7d2008c25df8,decompylepp,exit_1,Bad MAGIC! Could not load file PycLens/data/rq2/failed_cases/causal-test-again-0.1.67-cpython-38-7d2008c25df8.pyc,causal-test-again,0.1.67,causal_test_again-0.1.67.tar.gz,tar,causal_test_again-0.1.67/causal_test_again/tests/unit/models/result_model/__pycache__/test_result.cpython-38-pytest-6.0.1.pyc,causal-test-again-0.1.67-cpython-38-7d2008c25df8.pyc,cpython-38,8738,True,4,pylingual_decompilable,decompyle3;marshal,error;exit_2,marshal_parse_failure;tool_exit,"marshal:error:marshal_failed:offset16:ValueError:bad marshal data (unknown type code),offset12:not_code,offset8:ValueError:bad marshal data (unknown type code) || decompyle3:exit_2:Unknown magic number 8738 in /tmp/pybcsec-rq2-_lcy7k9e/sample.pyc",PycLens/data/rq2/failed_cases_decompylepp_traces/7d2008c25df8-decompylepp.command.txt,PycLens/data/rq2/failed_cases_decompylepp_traces/7d2008c25df8-decompylepp.stdout.txt,PycLens/data/rq2/failed_cases_decompylepp_traces/7d2008c25df8-decompylepp.stderr.txt
a6c4e05523ec,decompylepp,exit_1,Bad MAGIC! Could not load file PycLens/data/rq2/failed_cases/causal-test-again-0.1.67-cpython-38-a6c4e05523ec.pyc,causal-test-again,0.1.67,causal_test_again-0.1.67.tar.gz,tar,causal_test_again-0.1.67/causal_test_again/tests/unit/pipeline/__pycache__/test_pipeline.cpython-38-pytest-6.0.1.pyc,causal-test-again-0.1.67-cpython-38-a6c4e05523ec.pyc,cpython-38,8738,True,4,pylingual_decompilable,decompyle3;marshal,error;exit_2,marshal_parse_failure;tool_exit,"marshal:error:marshal_failed:offset16:ValueError:bad marshal data (unknown type code),offset12:not_code,offset8:ValueError:bad marshal data (unknown type code) || decompyle3:exit_2:Unknown magic number 8738 in /tmp/pybcsec-rq2-zfh_ypcr/sample.pyc",PycLens/data/rq2/failed_cases_decompylepp_traces/a6c4e05523ec-decompylepp.command.txt,PycLens/data/rq2/failed_cases_decompylepp_traces/a6c4e05523ec-decompylepp.stdout.txt,PycLens/data/rq2/failed_cases_decompylepp_traces/a6c4e05523ec-decompylepp.stderr.txt
a9eb801929d9,decompylepp,exit_1,Bad MAGIC! Could not load file PycLens/data/rq2/failed_cases/causal-test-again-0.1.67-cpython-38-a9eb801929d9.pyc,causal-test-again,0.1.67,causal_test_again-0.1.67.tar.gz,tar,causal_test_again-0.1.67/causal_test_again/tests/unit/pipeline/__pycache__/test_power_calculators.cpython-38-pytest-6.0.1.pyc,causal-test-again-0.1.67-cpython-38-a9eb801929d9.pyc,cpython-38,8738,True,4,pylingual_decompilable,decompyle3;marshal,error;exit_2,marshal_parse_failure;tool_exit,"marshal:error:marshal_failed:offset16:ValueError:bad marshal data (unknown type code),offset12:not_code,offset8:ValueError:bad marshal data (unknown type code) || decompyle3:exit_2:Unknown magic number 8738 in /tmp/pybcsec-rq2-6uvcqvm2/sample.pyc",PycLens/data/rq2/failed_cases_decompylepp_traces/a9eb801929d9-decompylepp.command.txt,PycLens/data/rq2/failed_cases_decompylepp_traces/a9eb801929d9-decompylepp.stdout.txt,PycLens/data/rq2/failed_cases_decompylepp_traces/a9eb801929d9-decompylepp.stderr.txt
de8c5f827edc,decompylepp,exit_1,Bad MAGIC! Could not load file PycLens/data/rq2/failed_cases/causal-test-again-0.1.67-cpython-38-de8c5f827edc.pyc,causal-test-again,0.1.67,causal_test_again-0.1.67.tar.gz,tar,causal_test_again-0.1.67/causal_test_again/tests/unit/utils/__pycache__/test_ab_preprocess_method.cpython-38-pytest-6.0.1.pyc,causal-test-again-0.1.67-cpython-38-de8c5f827edc.pyc,cpython-38,8738,True,4,pylingual_decompilable,decompyle3;marshal,error;exit_2,marshal_parse_failure;tool_exit,"marshal:error:marshal_failed:offset16:ValueError:bad marshal data (unknown type code),offset12:not_code,offset8:ValueError:bad marshal data (unknown type code) || decompyle3:exit_2:Unknown magic number 8738 in /tmp/pybcsec-rq2-aafgd9de/sample.pyc",PycLens/data/rq2/failed_cases_decompylepp_traces/de8c5f827edc-decompylepp.command.txt,PycLens/data/rq2/failed_cases_decompylepp_traces/de8c5f827edc-decompylepp.stdout.txt,PycLens/data/rq2/failed_cases_decompylepp_traces/de8c5f827edc-decompylepp.stderr.txt
1094c7a007ab,decompylepp,exit_1,Bad MAGIC! Could not load file PycLens/data/rq2/failed_cases/causal-test-again-0.1.67-cpython-38-1094c7a007ab.pyc,causal-test-again,0.1.67,causal_test_again-0.1.67.tar.gz,tar,causal_test_again-0.1.67/causal_test_again/tests/unit/utils/__pycache__/test_common_utils.cpython-38-pytest-6.0.1.pyc,causal-test-again-0.1.67-cpython-38-1094c7a007ab.pyc,cpython-38,8738,True,4,pylingual_decompilable,decompyle3;marshal,error;exit_2,marshal_parse_failure;tool_exit,"marshal:error:marshal_failed:offset16:ValueError:bad marshal data (unknown type code),offset12:not_code,offset8:ValueError:bad marshal data (unknown type code) || decompyle3:exit_2:Unknown magic number 8738 in /tmp/pybcsec-rq2-7pg4ydnp/sample.pyc",PycLens/data/rq2/failed_cases_decompylepp_traces/1094c7a007ab-decompylepp.command.txt,PycLens/data/rq2/failed_cases_decompylepp_traces/1094c7a007ab-decompylepp.stdout.txt,PycLens/data/rq2/failed_cases_decompylepp_traces/1094c7a007ab-decompylepp.stderr.txt
0122d6d0373a,decompylepp,exit_1,Bad MAGIC! Could not load file PycLens/data/rq2/failed_cases/causal-test-again-0.1.67-cpython-38-0122d6d0373a.pyc,causal-test-again,0.1.67,causal_test_again-0.1.67.tar.gz,tar,causal_test_again-0.1.67/causal_test_again/tests/unit/utils/__pycache__/test_config_utils.cpython-38-pytest-6.0.1.pyc,causal-test-again-0.1.67-cpython-38-0122d6d0373a.pyc,cpython-38,8738,True,4,pylingual_decompilable,decompyle3;marshal,error;exit_2,marshal_parse_failure;tool_exit,"marshal:error:marshal_failed:offset16:ValueError:bad marshal data (unknown type code),offset12:not_code,offset8:ValueError:bad marshal data (unknown type code) || decompyle3:exit_2:Unknown magic number 8738 in /tmp/pybcsec-rq2-2erd2map/sample.pyc",PycLens/data/rq2/failed_cases_decompylepp_traces/0122d6d0373a-decompylepp.command.txt,PycLens/data/rq2/failed_cases_decompylepp_traces/0122d6d0373a-decompylepp.stdout.txt,PycLens/data/rq2/failed_cases_decompylepp_traces/0122d6d0373a-decompylepp.stderr.txt
ea2f0a29138a,decompylepp,exit_1,Bad MAGIC! Could not load file PycLens/data/rq2/failed_cases/causal-test-again-0.1.67-cpython-38-ea2f0a29138a.pyc,causal-test-again,0.1.67,causal_test_again-0.1.67.tar.gz,tar,causal_test_again-0.1.67/causal_test_again/tests/unit/utils/__pycache__/test_constants.cpython-38-pytest-6.0.1.pyc,causal-test-again-0.1.67-cpython-38-ea2f0a29138a.pyc,cpython-38,8738,True,4,pylingual_decompilable,decompyle3;marshal,error;exit_2,marshal_parse_failure;tool_exit,"marshal:error:marshal_failed:offset16:ValueError:bad marshal data (unknown type code),offset12:not_code,offset8:ValueError:bad marshal data (unknown type code) || decompyle3:exit_2:Unknown magic number 8738 in /tmp/pybcsec-rq2-l215p8bw/sample.pyc",PycLens/data/rq2/failed_cases_decompylepp_traces/ea2f0a29138a-decompylepp.command.txt,PycLens/data/rq2/failed_cases_decompylepp_traces/ea2f0a29138a-decompylepp.stdout.txt,PycLens/data/rq2/failed_cases_decompylepp_traces/ea2f0a29138a-decompylepp.stderr.txt
2dfb85613aee,decompylepp,exit_1,Bad MAGIC! Could not load file PycLens/data/rq2/failed_cases/causal-test-again-0.1.67-cpython-38-2dfb85613aee.pyc,causal-test-again,0.1.67,causal_test_again-0.1.67.tar.gz,tar,causal_test_again-0.1.67/causal_test_again/tests/unit/utils/__pycache__/test_delta_method.cpython-38-pytest-6.0.1.pyc,causal-test-again-0.1.67-cpython-38-2dfb85613aee.pyc,cpython-38,8738,True,4,pylingual_decompilable,decompyle3;marshal,error;exit_2,marshal_parse_failure;tool_exit,"marshal:error:marshal_failed:offset16:ValueError:bad marshal data (unknown type code),offset12:not_code,offset8:ValueError:bad marshal data (unknown type code) || decompyle3:exit_2:Unknown magic number 8738 in /tmp/pybcsec-rq2-oyx8dxlj/sample.pyc",PycLens/data/rq2/failed_cases_decompylepp_traces/2dfb85613aee-decompylepp.command.txt,PycLens/data/rq2/failed_cases_decompylepp_traces/2dfb85613aee-decompylepp.stdout.txt,PycLens/data/rq2/failed_cases_decompylepp_traces/2dfb85613aee-decompylepp.stderr.txt
7a85fb4d4424,decompylepp,exit_1,Bad MAGIC! Could not load file PycLens/data/rq2/failed_cases/causal-test-again-0.1.67-cpython-38-7a85fb4d4424.pyc,causal-test-again,0.1.67,causal_test_again-0.1.67.tar.gz,tar,causal_test_again-0.1.67/causal_test_again/tests/unit/utils/__pycache__/test_diff_in_diff_utils.cpython-38-pytest-6.0.1.pyc,causal-test-again-0.1.67-cpython-38-7a85fb4d4424.pyc,cpython-38,8738,True,4,pylingual_decompilable,decompyle3;marshal,error;exit_2,marshal_parse_failure;tool_exit,"marshal:error:marshal_failed:offset16:ValueError:bad marshal data (unknown type code),offset12:not_code,offset8:ValueError:bad marshal data (unknown type code) || decompyle3:exit_2:Unknown magic number 8738 in /tmp/pybcsec-rq2-09__px5a/sample.pyc",PycLens/data/rq2/failed_cases_decompylepp_traces/7a85fb4d4424-decompylepp.command.txt,PycLens/data/rq2/failed_cases_decompylepp_traces/7a85fb4d4424-decompylepp.stdout.txt,PycLens/data/rq2/failed_cases_decompylepp_traces/7a85fb4d4424-decompylepp.stderr.txt
1c7ea01e73b1,decompylepp,exit_1,Bad MAGIC! Could not load file PycLens/data/rq2/failed_cases/causal-test-again-0.1.67-cpython-38-1c7ea01e73b1.pyc,causal-test-again,0.1.67,causal_test_again-0.1.67.tar.gz,tar,causal_test_again-0.1.67/causal_test_again/tests/unit/utils/__pycache__/test_moments_data_process.cpython-38-pytest-6.0.1.pyc,causal-test-again-0.1.67-cpython-38-1c7ea01e73b1.pyc,cpython-38,8738,False,4,pylingual_decompilable,decompyle3;marshal,error;exit_2,marshal_parse_failure;tool_exit,"marshal:error:marshal_failed:offset16:ValueError:bad marshal data (unknown type code),offset12:not_code,offset8:ValueError:bad marshal data (unknown type code) || decompyle3:exit_2:Unknown magic number 8738 in /tmp/pybcsec-rq2-phaaajqd/sample.pyc",PycLens/data/rq2/failed_cases_decompylepp_traces/1c7ea01e73b1-decompylepp.command.txt,PycLens/data/rq2/failed_cases_decompylepp_traces/1c7ea01e73b1-decompylepp.stdout.txt,PycLens/data/rq2/failed_cases_decompylepp_traces/1c7ea01e73b1-decompylepp.stderr.txt
ebf3ef57d861,decompylepp,exit_1,Bad MAGIC! Could not load file PycLens/data/rq2/failed_cases/causal-test-again-0.1.67-cpython-38-ebf3ef57d861.pyc,causal-test-again,0.1.67,causal_test_again-0.1.67.tar.gz,tar,causal_test_again-0.1.67/causal_test_again/tests/unit/utils/__pycache__/test_moments_delta_method.cpython-38-pytest-6.0.1.pyc,causal-test-again-0.1.67-cpython-38-ebf3ef57d861.pyc,cpython-38,8738,False,4,pylingual_decompilable,decompyle3;marshal,error;exit_2,marshal_parse_failure;tool_exit,"marshal:error:marshal_failed:offset16:ValueError:bad marshal data (unknown type code),offset12:not_code,offset8:ValueError:bad marshal data (unknown type code) || decompyle3:exit_2:Unknown magic number 8738 in /tmp/pybcsec-rq2-9vfg44qi/sample.pyc",PycLens/data/rq2/failed_cases_decompylepp_traces/ebf3ef57d861-decompylepp.command.txt,PycLens/data/rq2/failed_cases_decompylepp_traces/ebf3ef57d861-decompylepp.stdout.txt,PycLens/data/rq2/failed_cases_decompylepp_traces/ebf3ef57d861-decompylepp.stderr.txt
444c3e4ad1e7,decompylepp,exit_1,Bad MAGIC! Could not load file PycLens/data/rq2/failed_cases/causal-test-again-0.1.67-cpython-38-444c3e4ad1e7.pyc,causal-test-again,0.1.67,causal_test_again-0.1.67.tar.gz,tar,causal_test_again-0.1.67/causal_test_again/tests/unit/utils/__pycache__/test_simulation_utils.cpython-38-pytest-6.0.1.pyc,causal-test-again-0.1.67-cpython-38-444c3e4ad1e7.pyc,cpython-38,8738,False,4,pylingual_decompilable,decompyle3;marshal,error;exit_2,marshal_parse_failure;tool_exit,"marshal:error:marshal_failed:offset16:ValueError:bad marshal data (unknown type code),offset12:not_code,offset8:ValueError:bad marshal data (unknown type code) || decompyle3:exit_2:Unknown magic number 8738 in /tmp/pybcsec-rq2-13z3i5h4/sample.pyc",PycLens/data/rq2/failed_cases_decompylepp_traces/444c3e4ad1e7-decompylepp.command.txt,PycLens/data/rq2/failed_cases_decompylepp_traces/444c3e4ad1e7-decompylepp.stdout.txt,PycLens/data/rq2/failed_cases_decompylepp_traces/444c3e4ad1e7-decompylepp.stderr.txt
376b3046f824,decompylepp,exit_1,Bad MAGIC! Could not load file PycLens/data/rq2/failed_cases/causal-test-again-0.1.67-cpython-38-376b3046f824.pyc,causal-test-again,0.1.67,causal_test_again-0.1.67.tar.gz,tar,causal_test_again-0.1.67/causal_test_again/tests/unit/utils/__pycache__/test_srm_check.cpython-38-pytest-6.0.1.pyc,causal-test-again-0.1.67-cpython-38-376b3046f824.pyc,cpython-38,8738,False,4,pylingual_decompilable,decompyle3;marshal,error;exit_2,marshal_parse_failure;tool_exit,"marshal:error:marshal_failed:offset16:ValueError:bad marshal data (unknown type code),offset12:not_code,offset8:ValueError:bad marshal data (unknown type code) || decompyle3:exit_2:Unknown magic number 8738 in /tmp/pybcsec-rq2-ahmz_dgw/sample.pyc",PycLens/data/rq2/failed_cases_decompylepp_traces/376b3046f824-decompylepp.command.txt,PycLens/data/rq2/failed_cases_decompylepp_traces/376b3046f824-decompylepp.stdout.txt,PycLens/data/rq2/failed_cases_decompylepp_traces/376b3046f824-decompylepp.stderr.txt
9d1743fa7452,decompylepp,exit_1,Bad MAGIC! Could not load file PycLens/data/rq2/failed_cases/causal-test-again-0.1.67-cpython-38-9d1743fa7452.pyc,causal-test-again,0.1.67,causal_test_again-0.1.67.tar.gz,tar,causal_test_again-0.1.67/causal_test_again/tests/unit/utils/__pycache__/test_validation_utils.cpython-38-pytest-6.0.1.pyc,causal-test-again-0.1.67-cpython-38-9d1743fa7452.pyc,cpython-38,8738,True,4,pylingual_decompilable,decompyle3;marshal,error;exit_2,marshal_parse_failure;tool_exit,"marshal:error:marshal_failed:offset16:ValueError:bad marshal data (unknown type code),offset12:not_code,offset8:ValueError:bad marshal data (unknown type code) || decompyle3:exit_2:Unknown magic number 8738 in /tmp/pybcsec-rq2-gjosd3p5/sample.pyc",PycLens/data/rq2/failed_cases_decompylepp_traces/9d1743fa7452-decompylepp.command.txt,PycLens/data/rq2/failed_cases_decompylepp_traces/9d1743fa7452-decompylepp.stdout.txt,PycLens/data/rq2/failed_cases_decompylepp_traces/9d1743fa7452-decompylepp.stderr.txt
eed112f5250d,decompylepp,exit_1,Bad MAGIC! Could not load file PycLens/data/rq2/failed_cases/causal-test-again-0.1.67-cpython-38-eed112f5250d.pyc,causal-test-again,0.1.67,causal_test_again-0.1.67.tar.gz,tar,causal_test_again-0.1.67/causal_test_again/tests/unit/utils/experiment/__pycache__/test_bootstrap.cpython-38-pytest-6.0.1.pyc,causal-test-again-0.1.67-cpython-38-eed112f5250d.pyc,cpython-38,8738,True,4,pylingual_decompilable,decompyle3;marshal,error;exit_2,marshal_parse_failure;tool_exit,"marshal:error:marshal_failed:offset16:ValueError:bad marshal data (unknown type code),offset12:not_code,offset8:ValueError:bad marshal data (unknown type code) || decompyle3:exit_2:Unknown magic number 8738 in /tmp/pybcsec-rq2-odnv905a/sample.pyc",PycLens/data/rq2/failed_cases_decompylepp_traces/eed112f5250d-decompylepp.command.txt,PycLens/data/rq2/failed_cases_decompylepp_traces/eed112f5250d-decompylepp.stdout.txt,PycLens/data/rq2/failed_cases_decompylepp_traces/eed112f5250d-decompylepp.stderr.txt
0c82284a0b23,decompylepp,exit_1,Bad MAGIC! Could not load file PycLens/data/rq2/failed_cases/causal-test-again-0.1.67-cpython-38-0c82284a0b23.pyc,causal-test-again,0.1.67,causal_test_again-0.1.67.tar.gz,tar,causal_test_again-0.1.67/causal_test_again/tests/unit/utils/experiment/__pycache__/test_group_sequential.cpython-38-pytest-6.0.1.pyc,causal-test-again-0.1.67-cpython-38-0c82284a0b23.pyc,cpython-38,8738,True,4,pylingual_decompilable,decompyle3;marshal,error;exit_2,marshal_parse_failure;tool_exit,"marshal:error:marshal_failed:offset16:ValueError:bad marshal data (unknown type code),offset12:not_code,offset8:ValueError:bad marshal data (unknown type code) || decompyle3:exit_2:Unknown magic number 8738 in /tmp/pybcsec-rq2-wsxzg2y_/sample.pyc",PycLens/data/rq2/failed_cases_decompylepp_traces/0c82284a0b23-decompylepp.command.txt,PycLens/data/rq2/failed_cases_decompylepp_traces/0c82284a0b23-decompylepp.stdout.txt,PycLens/data/rq2/failed_cases_decompylepp_traces/0c82284a0b23-decompylepp.stderr.txt
698ecfe95e11,decompylepp,exit_1,Bad MAGIC! Could not load file PycLens/data/rq2/failed_cases/causal-test-again-0.1.67-cpython-38-698ecfe95e11.pyc,causal-test-again,0.1.67,causal_test_again-0.1.67.tar.gz,tar,causal_test_again-0.1.67/causal_test_again/tests/unit/utils/experiment/__pycache__/test_result_utils.cpython-38-pytest-6.0.1.pyc,causal-test-again-0.1.67-cpython-38-698ecfe95e11.pyc,cpython-38,8738,True,4,pylingual_decompilable,decompyle3;marshal,error;exit_2,marshal_parse_failure;tool_exit,"marshal:error:marshal_failed:offset16:ValueError:bad marshal data (unknown type code),offset12:not_code,offset8:ValueError:bad marshal data (unknown type code) || decompyle3:exit_2:Unknown magic number 8738 in /tmp/pybcsec-rq2-bg9hrmot/sample.pyc",PycLens/data/rq2/failed_cases_decompylepp_traces/698ecfe95e11-decompylepp.command.txt,PycLens/data/rq2/failed_cases_decompylepp_traces/698ecfe95e11-decompylepp.stdout.txt,PycLens/data/rq2/failed_cases_decompylepp_traces/698ecfe95e11-decompylepp.stderr.txt
1b63577b6465,decompylepp,exit_1,Bad MAGIC! Could not load file PycLens/data/rq2/failed_cases/causal-test-again-0.1.67-cpython-38-1b63577b6465.pyc,causal-test-again,0.1.67,causal_test_again-0.1.67.tar.gz,tar,causal_test_again-0.1.67/causal_test_again/tests/unit/utils/experiment/__pycache__/test_use_t.cpython-38-pytest-6.0.1.pyc,causal-test-again-0.1.67-cpython-38-1b63577b6465.pyc,cpython-38,8738,True,4,pylingual_decompilable,decompyle3;marshal,error;exit_2,marshal_parse_failure;tool_exit,"marshal:error:marshal_failed:offset16:ValueError:bad marshal data (unknown type code),offset12:not_code,offset8:ValueError:bad marshal data (unknown type code) || decompyle3:exit_2:Unknown magic number 8738 in /tmp/pybcsec-rq2-i1odl4up/sample.pyc",PycLens/data/rq2/failed_cases_decompylepp_traces/1b63577b6465-decompylepp.command.txt,PycLens/data/rq2/failed_cases_decompylepp_traces/1b63577b6465-decompylepp.stdout.txt,PycLens/data/rq2/failed_cases_decompylepp_traces/1b63577b6465-decompylepp.stderr.txt
2e2b6e295b6e,decompylepp,exit_1,PycBuffer::getByte(): Unexpected end of stream,cbapi-patched,1.7.5,cbapi-patched-1.7.5.linux-x86_64.tar.gz,tar,home/fsantos/opt/pyenv/versions/hunts/lib/python3.8/site-packages/cbapi/__pycache__/winerror.cpython-38.pyc,cbapi-patched-1.7.5-cpython-38-2e2b6e295b6e.pyc,cpython-38,3413,True,4,pylingual_decompilable,decompyle3,timeout,timeout,decompyle3:timeout:timeout_after_600s,PycLens/data/rq2/failed_cases_decompylepp_traces/2e2b6e295b6e-decompylepp.command.txt,PycLens/data/rq2/failed_cases_decompylepp_traces/2e2b6e295b6e-decompylepp.stdout.txt,PycLens/data/rq2/failed_cases_decompylepp_traces/2e2b6e295b6e-decompylepp.stderr.txt
d29c8651befd,decompylepp,exit_1,CreateObject: Got unsupported type 0x5F Error loading file PycLens/data/rq2/failed_cases/clustcrdist-0.1.5-cpython-39-d29c8651befd.pyc: std::bad_cast,clustcrdist,0.1.5,clustcrdist-0.1.5-py2.py3-none-any.whl,wheel,clustcrdist/constants/modules/olga/__pycache__/__init__.cpython-39.pyc,clustcrdist-0.1.5-cpython-39-d29c8651befd.pyc,cpython-39,3425,True,4,pylingual_decompilable,decompyle3;marshal,error;exit_2,marshal_parse_failure;tool_exit,"marshal:error:marshal_failed:offset16:ValueError:bad marshal data (unknown type code),offset12:ValueError:bad marshal data (unknown type code),offset8:ValueError:bad marshal data (unknown type code) || decompyle3:exit_2:Traceback (most recent call last): File ""/root/PyBC-Sec/pybcSEC/data/rq2/envs/cpython-39/lib/python3.9/site-packages/xdis/load.py"", line 328, in load_module_from_file_object co = marshal.loads(bytecode) ValueError: bad marshal data (unkn...",PycLens/data/rq2/failed_cases_decompylepp_traces/d29c8651befd-decompylepp.command.txt,PycLens/data/rq2/failed_cases_decompylepp_traces/d29c8651befd-decompylepp.stdout.txt,PycLens/data/rq2/failed_cases_decompylepp_traces/d29c8651befd-decompylepp.stderr.txt
4f90523e3c65,decompylepp,exit_1,PycFile::getBuffer(): Unexpected end of stream,clustcrdist,0.1.5,clustcrdist-0.1.5-py2.py3-none-any.whl,wheel,clustcrdist/constants/modules/olga/__pycache__/generation_probability.cpython-39.pyc,clustcrdist-0.1.5-cpython-39-4f90523e3c65.pyc,cpython-39,3425,True,4,pylingual_decompilable,decompyle3;marshal,error;exit_2,marshal_parse_failure;tool_exit,"marshal:error:marshal_failed:offset16:EOFError:marshal data too short,offset12:ValueError:bad marshal data (unknown type code),offset8:ValueError:bad marshal data (unknown type code) || decompyle3:exit_2:Traceback (most recent call last): File ""/root/PyBC-Sec/pybcSEC/data/rq2/envs/cpython-39/lib/python3.9/site-packages/xdis/load.py"", line 328, in load_module_from_file_object co = marshal.loads(bytecode) EOFError: marshal data too short",PycLens/data/rq2/failed_cases_decompylepp_traces/4f90523e3c65-decompylepp.command.txt,PycLens/data/rq2/failed_cases_decompylepp_traces/4f90523e3c65-decompylepp.stdout.txt,PycLens/data/rq2/failed_cases_decompylepp_traces/4f90523e3c65-decompylepp.stderr.txt
be9f98d77cc3,decompylepp,exit_1,CreateObject: Got unsupported type 0x65 Error loading file PycLens/data/rq2/failed_cases/clustcrdist-0.1.5-cpython-39-be9f98d77cc3.pyc: std::bad_cast,clustcrdist,0.1.5,clustcrdist-0.1.5-py2.py3-none-any.whl,wheel,clustcrdist/constants/modules/olga/__pycache__/load_model.cpython-39.pyc,clustcrdist-0.1.5-cpython-39-be9f98d77cc3.pyc,cpython-39,3425,True,4,pylingual_decompilable,decompyle3;marshal,error;exit_2,marshal_parse_failure;tool_exit,"marshal:error:marshal_failed:offset16:ValueError:bad marshal data (unknown type code),offset12:ValueError:bad marshal data (list size out of range),offset8:ValueError:bad marshal data (unknown type code) || decompyle3:exit_2:Traceback (most recent call last): File ""/root/PyBC-Sec/pybcSEC/data/rq2/envs/cpython-39/lib/python3.9/site-packages/xdis/load.py"", line 328, in load_module_from_file_object co = marshal.loads(bytecode) ValueError: bad marshal data (unkn...",PycLens/data/rq2/failed_cases_decompylepp_traces/be9f98d77cc3-decompylepp.command.txt,PycLens/data/rq2/failed_cases_decompylepp_traces/be9f98d77cc3-decompylepp.stdout.txt,PycLens/data/rq2/failed_cases_decompylepp_traces/be9f98d77cc3-decompylepp.stderr.txt
13578fd72ac2,decompylepp,exit_1,PycFile::getBuffer(): Unexpected end of stream,clustcrdist,0.1.5,clustcrdist-0.1.5-py2.py3-none-any.whl,wheel,clustcrdist/constants/modules/olga/__pycache__/preprocess_generative_model_and_data.cpython-39.pyc,clustcrdist-0.1.5-cpython-39-13578fd72ac2.pyc,cpython-39,3425,True,4,pylingual_decompilable,decompyle3;marshal,error;exit_2,marshal_parse_failure;tool_exit,"marshal:error:marshal_failed:offset16:EOFError:marshal data too short,offset12:ValueError:bad marshal data (unknown type code),offset8:ValueError:bad marshal data (unknown type code) || decompyle3:exit_2:Traceback (most recent call last): File ""/root/PyBC-Sec/pybcSEC/data/rq2/envs/cpython-39/lib/python3.9/site-packages/xdis/load.py"", line 328, in load_module_from_file_object co = marshal.loads(bytecode) EOFError: marshal data too short",PycLens/data/rq2/failed_cases_decompylepp_traces/13578fd72ac2-decompylepp.command.txt,PycLens/data/rq2/failed_cases_decompylepp_traces/13578fd72ac2-decompylepp.stdout.txt,PycLens/data/rq2/failed_cases_decompylepp_traces/13578fd72ac2-decompylepp.stderr.txt
32f15268c976,decompylepp,exit_1,CreateObject: Got unsupported type 0x6F Error loading file PycLens/data/rq2/failed_cases/clustcrdist-0.1.5-cpython-39-32f15268c976.pyc: std::bad_cast,clustcrdist,0.1.5,clustcrdist-0.1.5-py2.py3-none-any.whl,wheel,clustcrdist/constants/modules/olga/__pycache__/sequence_generation.cpython-39.pyc,clustcrdist-0.1.5-cpython-39-32f15268c976.pyc,cpython-39,3425,True,4,pylingual_decompilable,decompyle3;marshal,error;exit_2,marshal_parse_failure;tool_exit,"marshal:error:marshal_failed:offset16:ValueError:bad marshal data (unknown type code),offset12:ValueError:bad marshal data (unknown type code),offset8:ValueError:bad marshal data (unknown type code) || decompyle3:exit_2:Traceback (most recent call last): File ""/root/PyBC-Sec/pybcSEC/data/rq2/envs/cpython-39/lib/python3.9/site-packages/xdis/load.py"", line 328, in load_module_from_file_object co = marshal.loads(bytecode) ValueError: bad marshal data (unkn...",PycLens/data/rq2/failed_cases_decompylepp_traces/32f15268c976-decompylepp.command.txt,PycLens/data/rq2/failed_cases_decompylepp_traces/32f15268c976-decompylepp.stdout.txt,PycLens/data/rq2/failed_cases_decompylepp_traces/32f15268c976-decompylepp.stderr.txt
19b20c10be57,decompylepp,exit_1,PycFile::getByte(): Unexpected end of stream,clustcrdist,0.1.5,clustcrdist-0.1.5-py2.py3-none-any.whl,wheel,clustcrdist/constants/modules/olga/__pycache__/utils.cpython-39.pyc,clustcrdist-0.1.5-cpython-39-19b20c10be57.pyc,cpython-39,3425,True,4,pylingual_decompilable,decompyle3;marshal,error;exit_2,marshal_parse_failure;tool_exit,"marshal:error:marshal_failed:offset16:ValueError:bad marshal data (digit out of range in long),offset12:ValueError:bad marshal data (unknown type code),offset8:ValueError:bad marshal data (unknown type code) || decompyle3:exit_2:Traceback (most recent call last): File ""/root/PyBC-Sec/pybcSEC/data/rq2/envs/cpython-39/lib/python3.9/site-packages/xdis/load.py"", line 328, in load_module_from_file_object co = marshal.loads(bytecode) ValueError: bad marshal data (digi...",PycLens/data/rq2/failed_cases_decompylepp_traces/19b20c10be57-decompylepp.command.txt,PycLens/data/rq2/failed_cases_decompylepp_traces/19b20c10be57-decompylepp.stdout.txt,PycLens/data/rq2/failed_cases_decompylepp_traces/19b20c10be57-decompylepp.stderr.txt
70052e26e2f1,decompylepp,exit_1,CreateObject: Got unsupported type 0x5F Error loading file PycLens/data/rq2/failed_cases/clustcrdist-0.1.5-cpython-39-70052e26e2f1.pyc: std::bad_cast,clustcrdist,0.1.5,clustcrdist-0.1.5-py2.py3-none-any.whl,wheel,clustcrdist/constants/modules/tcrdist/__pycache__/__init__.cpython-39.pyc,clustcrdist-0.1.5-cpython-39-70052e26e2f1.pyc,cpython-39,3425,True,4,pylingual_decompilable,decompyle3;marshal,error;exit_2,marshal_parse_failure;tool_exit,"marshal:error:marshal_failed:offset16:ValueError:bad marshal data (unknown type code),offset12:ValueError:bad marshal data (unknown type code),offset8:ValueError:bad marshal data (unknown type code) || decompyle3:exit_2:Traceback (most recent call last): File ""/root/PyBC-Sec/pybcSEC/data/rq2/envs/cpython-39/lib/python3.9/site-packages/xdis/load.py"", line 328, in load_module_from_file_object co = marshal.loads(bytecode) ValueError: bad marshal data (unkn...",PycLens/data/rq2/failed_cases_decompylepp_traces/70052e26e2f1-decompylepp.command.txt,PycLens/data/rq2/failed_cases_decompylepp_traces/70052e26e2f1-decompylepp.stdout.txt,PycLens/data/rq2/failed_cases_decompylepp_traces/70052e26e2f1-decompylepp.stderr.txt
6b7d6cab2efa,decompylepp,exit_1,CreateObject: Got unsupported type 0x65 Error loading file PycLens/data/rq2/failed_cases/clustcrdist-0.1.5-cpython-39-6b7d6cab2efa.pyc: std::bad_cast,clustcrdist,0.1.5,clustcrdist-0.1.5-py2.py3-none-any.whl,wheel,clustcrdist/constants/modules/tcrdist/__pycache__/all_genes.cpython-39.pyc,clustcrdist-0.1.5-cpython-39-6b7d6cab2efa.pyc,cpython-39,3425,True,4,pylingual_decompilable,decompyle3;marshal,error;exit_2,marshal_parse_failure;tool_exit,"marshal:error:marshal_failed:offset16:ValueError:bad marshal data (unknown type code),offset12:ValueError:bad marshal data (unknown type code),offset8:ValueError:bad marshal data (unknown type code) || decompyle3:exit_2:Traceback (most recent call last): File ""/root/PyBC-Sec/pybcSEC/data/rq2/envs/cpython-39/lib/python3.9/site-packages/xdis/load.py"", line 328, in load_module_from_file_object co = marshal.loads(bytecode) ValueError: bad marshal data (unkn...",PycLens/data/rq2/failed_cases_decompylepp_traces/6b7d6cab2efa-decompylepp.command.txt,PycLens/data/rq2/failed_cases_decompylepp_traces/6b7d6cab2efa-decompylepp.stdout.txt,PycLens/data/rq2/failed_cases_decompylepp_traces/6b7d6cab2efa-decompylepp.stderr.txt
33b54bb6c5ee,decompylepp,exit_1,CreateObject: Got unsupported type 0x64 Error loading file PycLens/data/rq2/failed_cases/clustcrdist-0.1.5-cpython-39-33b54bb6c5ee.pyc: std::bad_cast,clustcrdist,0.1.5,clustcrdist-0.1.5-py2.py3-none-any.whl,wheel,clustcrdist/constants/modules/tcrdist/__pycache__/amino_acids.cpython-39.pyc,clustcrdist-0.1.5-cpython-39-33b54bb6c5ee.pyc,cpython-39,3425,True,4,pylingual_decompilable,decompyle3;marshal,error;exit_2,marshal_parse_failure;tool_exit,"marshal:error:marshal_failed:offset16:ValueError:bad marshal data (unknown type code),offset12:ValueError:bad marshal data (unknown type code),offset8:ValueError:bad marshal data (unknown type code) || decompyle3:exit_2:Traceback (most recent call last): File ""/root/PyBC-Sec/pybcSEC/data/rq2/envs/cpython-39/lib/python3.9/site-packages/xdis/load.py"", line 328, in load_module_from_file_object co = marshal.loads(bytecode) ValueError: bad marshal data (unkn...",PycLens/data/rq2/failed_cases_decompylepp_traces/33b54bb6c5ee-decompylepp.command.txt,PycLens/data/rq2/failed_cases_decompylepp_traces/33b54bb6c5ee-decompylepp.stdout.txt,PycLens/data/rq2/failed_cases_decompylepp_traces/33b54bb6c5ee-decompylepp.stderr.txt
bed049306cc8,decompylepp,exit_1,Error loading file PycLens/data/rq2/failed_cases/clustcrdist-0.1.5-cpython-39-bed049306cc8.pyc: std::bad_cast,clustcrdist,0.1.5,clustcrdist-0.1.5-py2.py3-none-any.whl,wheel,clustcrdist/constants/modules/tcrdist/__pycache__/basic.cpython-39.pyc,clustcrdist-0.1.5-cpython-39-bed049306cc8.pyc,cpython-39,3425,True,4,pylingual_decompilable,decompyle3;marshal,error;exit_2,marshal_parse_failure;tool_exit,"marshal:error:marshal_failed:offset16:ValueError:bad marshal data (unknown type code),offset12:ValueError:bad marshal data (unknown type code),offset8:ValueError:bad marshal data (unknown type code) || decompyle3:exit_2:Traceback (most recent call last): File ""/root/PyBC-Sec/pybcSEC/data/rq2/envs/cpython-39/lib/python3.9/site-packages/xdis/load.py"", line 328, in load_module_from_file_object co = marshal.loads(bytecode) ValueError: bad marshal data (unkn...",PycLens/data/rq2/failed_cases_decompylepp_traces/bed049306cc8-decompylepp.command.txt,PycLens/data/rq2/failed_cases_decompylepp_traces/bed049306cc8-decompylepp.stdout.txt,PycLens/data/rq2/failed_cases_decompylepp_traces/bed049306cc8-decompylepp.stderr.txt
6f4418f0d22d,decompylepp,exit_1,CreateObject: Got unsupported type 0x64 Error loading file PycLens/data/rq2/failed_cases/clustcrdist-0.1.5-cpython-39-6f4418f0d22d.pyc: std::bad_cast,clustcrdist,0.1.5,clustcrdist-0.1.5-py2.py3-none-any.whl,wheel,clustcrdist/constants/modules/tcrdist/__pycache__/genetic_code.cpython-39.pyc,clustcrdist-0.1.5-cpython-39-6f4418f0d22d.pyc,cpython-39,3425,True,4,pylingual_decompilable,decompyle3;marshal,error;exit_2,marshal_parse_failure;tool_exit,"marshal:error:marshal_failed:offset16:ValueError:bad marshal data (unknown type code),offset12:ValueError:bad marshal data (unknown type code),offset8:ValueError:bad marshal data (unknown type code) || decompyle3:exit_2:Traceback (most recent call last): File ""/root/PyBC-Sec/pybcSEC/data/rq2/envs/cpython-39/lib/python3.9/site-packages/xdis/load.py"", line 328, in load_module_from_file_object co = marshal.loads(bytecode) ValueError: bad marshal data (unkn...",PycLens/data/rq2/failed_cases_decompylepp_traces/6f4418f0d22d-decompylepp.command.txt,PycLens/data/rq2/failed_cases_decompylepp_traces/6f4418f0d22d-decompylepp.stdout.txt,PycLens/data/rq2/failed_cases_decompylepp_traces/6f4418f0d22d-decompylepp.stderr.txt
ce66dcf8cdb9,decompylepp,exit_1,Error loading file PycLens/data/rq2/failed_cases/clustcrdist-0.1.5-cpython-39-ce66dcf8cdb9.pyc: Ref index out of range,clustcrdist,0.1.5,clustcrdist-0.1.5-py2.py3-none-any.whl,wheel,clustcrdist/constants/modules/tcrdist/__pycache__/html_colors.cpython-39.pyc,clustcrdist-0.1.5-cpython-39-ce66dcf8cdb9.pyc,cpython-39,3425,True,4,pylingual_decompilable,decompyle3;marshal,error;exit_2,marshal_parse_failure;tool_exit,"marshal:error:marshal_failed:offset16:ValueError:bad marshal data (invalid reference),offset12:ValueError:bad marshal data (unknown type code),offset8:ValueError:bad marshal data (unknown type code) || decompyle3:exit_2:Traceback (most recent call last): File ""/root/PyBC-Sec/pybcSEC/data/rq2/envs/cpython-39/lib/python3.9/site-packages/xdis/load.py"", line 328, in load_module_from_file_object co = marshal.loads(bytecode) ValueError: bad marshal data (inva...",PycLens/data/rq2/failed_cases_decompylepp_traces/ce66dcf8cdb9-decompylepp.command.txt,PycLens/data/rq2/failed_cases_decompylepp_traces/ce66dcf8cdb9-decompylepp.stdout.txt,PycLens/data/rq2/failed_cases_decompylepp_traces/ce66dcf8cdb9-decompylepp.stderr.txt
24174d2eea73,decompylepp,exit_1,CreateObject: Got unsupported type 0x65 Error loading file PycLens/data/rq2/failed_cases/clustcrdist-0.1.5-cpython-39-24174d2eea73.pyc: std::bad_cast,clustcrdist,0.1.5,clustcrdist-0.1.5-py2.py3-none-any.whl,wheel,clustcrdist/constants/modules/tcrdist/__pycache__/infer_cdr3_nucleotides.cpython-39.pyc,clustcrdist-0.1.5-cpython-39-24174d2eea73.pyc,cpython-39,3425,True,4,pylingual_decompilable,decompyle3;marshal,error;exit_2,marshal_parse_failure;tool_exit,"marshal:error:marshal_failed:offset16:ValueError:bad marshal data (unknown type code),offset12:ValueError:bad marshal data (unknown type code),offset8:ValueError:bad marshal data (unknown type code) || decompyle3:exit_2:Traceback (most recent call last): File ""/root/PyBC-Sec/pybcSEC/data/rq2/envs/cpython-39/lib/python3.9/site-packages/xdis/load.py"", line 328, in load_module_from_file_object co = marshal.loads(bytecode) ValueError: bad marshal data (unkn...",PycLens/data/rq2/failed_cases_decompylepp_traces/24174d2eea73-decompylepp.command.txt,PycLens/data/rq2/failed_cases_decompylepp_traces/24174d2eea73-decompylepp.stdout.txt,PycLens/data/rq2/failed_cases_decompylepp_traces/24174d2eea73-decompylepp.stderr.txt
59aaeee3602d,decompylepp,exit_1,PycFile::getByte(): Unexpected end of stream,clustcrdist,0.1.5,clustcrdist-0.1.5-py2.py3-none-any.whl,wheel,clustcrdist/constants/modules/tcrdist/__pycache__/logo_tools.cpython-39.pyc,clustcrdist-0.1.5-cpython-39-59aaeee3602d.pyc,cpython-39,3425,True,4,pylingual_decompilable,decompyle3;marshal,error;exit_2,marshal_parse_failure;tool_exit,"marshal:error:marshal_failed:offset16:ValueError:bad marshal data (digit out of range in long),offset12:ValueError:bad marshal data (unknown type code),offset8:ValueError:bad marshal data (unknown type code) || decompyle3:exit_2:Traceback (most recent call last): File ""/root/PyBC-Sec/pybcSEC/data/rq2/envs/cpython-39/lib/python3.9/site-packages/xdis/load.py"", line 328, in load_module_from_file_object co = marshal.loads(bytecode) ValueError: bad marshal data (digi...",PycLens/data/rq2/failed_cases_decompylepp_traces/59aaeee3602d-decompylepp.command.txt,PycLens/data/rq2/failed_cases_decompylepp_traces/59aaeee3602d-decompylepp.stdout.txt,PycLens/data/rq2/failed_cases_decompylepp_traces/59aaeee3602d-decompylepp.stderr.txt
d01e67fdc7e8,decompylepp,exit_1,PycFile::getByte(): Unexpected end of stream,clustcrdist,0.1.5,clustcrdist-0.1.5-py2.py3-none-any.whl,wheel,clustcrdist/constants/modules/tcrdist/__pycache__/make_10x_clones_file.cpython-39.pyc,clustcrdist-0.1.5-cpython-39-d01e67fdc7e8.pyc,cpython-39,3425,True,4,pylingual_decompilable,decompyle3;marshal,error;exit_2,marshal_parse_failure;tool_exit,"marshal:error:marshal_failed:offset16:ValueError:bad marshal data (digit out of range in long),offset12:ValueError:bad marshal data (unknown type code),offset8:ValueError:bad marshal data (unknown type code) || decompyle3:exit_2:Traceback (most recent call last): File ""/root/PyBC-Sec/pybcSEC/data/rq2/envs/cpython-39/lib/python3.9/site-packages/xdis/load.py"", line 328, in load_module_from_file_object co = marshal.loads(bytecode) ValueError: bad marshal data (digi...",PycLens/data/rq2/failed_cases_decompylepp_traces/d01e67fdc7e8-decompylepp.command.txt,PycLens/data/rq2/failed_cases_decompylepp_traces/d01e67fdc7e8-decompylepp.stdout.txt,PycLens/data/rq2/failed_cases_decompylepp_traces/d01e67fdc7e8-decompylepp.stderr.txt
5698dbc5f0c9,decompylepp,exit_1,CreateObject: Got unsupported type 0x65 Error loading file PycLens/data/rq2/failed_cases/clustcrdist-0.1.5-cpython-39-5698dbc5f0c9.pyc: std::bad_cast,clustcrdist,0.1.5,clustcrdist-0.1.5-py2.py3-none-any.whl,wheel,clustcrdist/constants/modules/tcrdist/__pycache__/make_really_tall_trees.cpython-39.pyc,clustcrdist-0.1.5-cpython-39-5698dbc5f0c9.pyc,cpython-39,3425,True,4,pylingual_decompilable,decompyle3;marshal,error;exit_2,marshal_parse_failure;tool_exit,"marshal:error:marshal_failed:offset16:ValueError:bad marshal data (unknown type code),offset12:ValueError:bad marshal data (unknown type code),offset8:ValueError:bad marshal data (unknown type code) || decompyle3:exit_2:Traceback (most recent call last): File ""/root/PyBC-Sec/pybcSEC/data/rq2/envs/cpython-39/lib/python3.9/site-packages/xdis/load.py"", line 328, in load_module_from_file_object co = marshal.loads(bytecode) ValueError: bad marshal data (unkn...",PycLens/data/rq2/failed_cases_decompylepp_traces/5698dbc5f0c9-decompylepp.command.txt,PycLens/data/rq2/failed_cases_decompylepp_traces/5698dbc5f0c9-decompylepp.stdout.txt,PycLens/data/rq2/failed_cases_decompylepp_traces/5698dbc5f0c9-decompylepp.stderr.txt
08fdc3d70432,decompylepp,exit_1,Error loading file PycLens/data/rq2/failed_cases/clustcrdist-0.1.5-cpython-39-08fdc3d70432.pyc: std::bad_cast,clustcrdist,0.1.5,clustcrdist-0.1.5-py2.py3-none-any.whl,wheel,clustcrdist/constants/modules/tcrdist/__pycache__/make_tcr_logo.cpython-39.pyc,clustcrdist-0.1.5-cpython-39-08fdc3d70432.pyc,cpython-39,3425,True,4,pylingual_decompilable,decompyle3;marshal,error;exit_2,marshal_parse_failure;tool_exit,"marshal:error:marshal_failed:offset16:ValueError:bad marshal data (unknown type code),offset12:ValueError:bad marshal data (unknown type code),offset8:ValueError:bad marshal data (unknown type code) || decompyle3:exit_2:Traceback (most recent call last): File ""/root/PyBC-Sec/pybcSEC/data/rq2/envs/cpython-39/lib/python3.9/site-packages/xdis/load.py"", line 328, in load_module_from_file_object co = marshal.loads(bytecode) ValueError: bad marshal data (unkn...",PycLens/data/rq2/failed_cases_decompylepp_traces/08fdc3d70432-decompylepp.command.txt,PycLens/data/rq2/failed_cases_decompylepp_traces/08fdc3d70432-decompylepp.stdout.txt,PycLens/data/rq2/failed_cases_decompylepp_traces/08fdc3d70432-decompylepp.stderr.txt
b36da716b1b0,decompylepp,exit_1,CreateObject: Got unsupported type 0x65 Error loading file PycLens/data/rq2/failed_cases/clustcrdist-0.1.5-cpython-39-b36da716b1b0.pyc: std::bad_cast,clustcrdist,0.1.5,clustcrdist-0.1.5-py2.py3-none-any.whl,wheel,clustcrdist/constants/modules/tcrdist/__pycache__/make_tcr_trees.cpython-39.pyc,clustcrdist-0.1.5-cpython-39-b36da716b1b0.pyc,cpython-39,3425,True,4,pylingual_decompilable,decompyle3;marshal,error;exit_2,marshal_parse_failure;tool_exit,"marshal:error:marshal_failed:offset16:ValueError:bad marshal data (unknown type code),offset12:not_code,offset8:ValueError:bad marshal data (unknown type code) || decompyle3:exit_2:Traceback (most recent call last): File ""/root/PyBC-Sec/pybcSEC/data/rq2/envs/cpython-39/lib/python3.9/site-packages/xdis/load.py"", line 328, in load_module_from_file_object co = marshal.loads(bytecode) ValueError: bad marshal data (unkn...",PycLens/data/rq2/failed_cases_decompylepp_traces/b36da716b1b0-decompylepp.command.txt,PycLens/data/rq2/failed_cases_decompylepp_traces/b36da716b1b0-decompylepp.stdout.txt,PycLens/data/rq2/failed_cases_decompylepp_traces/b36da716b1b0-decompylepp.stderr.txt
07b920cad179,decompylepp,exit_1,CreateObject: Got unsupported type 0x65 Error loading file PycLens/data/rq2/failed_cases/clustcrdist-0.1.5-cpython-39-07b920cad179.pyc: std::bad_cast,clustcrdist,0.1.5,clustcrdist-0.1.5-py2.py3-none-any.whl,wheel,clustcrdist/constants/modules/tcrdist/__pycache__/score_trees_devel.cpython-39.pyc,clustcrdist-0.1.5-cpython-39-07b920cad179.pyc,cpython-39,3425,True,4,pylingual_decompilable,decompyle3;marshal,error;exit_2,marshal_parse_failure;tool_exit,"marshal:error:marshal_failed:offset16:ValueError:bad marshal data (unknown type code),offset12:ValueError:bad marshal data (unknown type code),offset8:ValueError:bad marshal data (unknown type code) || decompyle3:exit_2:Traceback (most recent call last): File ""/root/PyBC-Sec/pybcSEC/data/rq2/envs/cpython-39/lib/python3.9/site-packages/xdis/load.py"", line 328, in load_module_from_file_object co = marshal.loads(bytecode) ValueError: bad marshal data (unkn...",PycLens/data/rq2/failed_cases_decompylepp_traces/07b920cad179-decompylepp.command.txt,PycLens/data/rq2/failed_cases_decompylepp_traces/07b920cad179-decompylepp.stdout.txt,PycLens/data/rq2/failed_cases_decompylepp_traces/07b920cad179-decompylepp.stderr.txt
74abbfc3941f,decompylepp,exit_1,CreateObject: Got unsupported type 0x65 Error loading file PycLens/data/rq2/failed_cases/clustcrdist-0.1.5-cpython-39-74abbfc3941f.pyc: std::bad_cast,clustcrdist,0.1.5,clustcrdist-0.1.5-py2.py3-none-any.whl,wheel,clustcrdist/constants/modules/tcrdist/__pycache__/tcr_distances.cpython-39.pyc,clustcrdist-0.1.5-cpython-39-74abbfc3941f.pyc,cpython-39,3425,True,4,pylingual_decompilable,decompyle3;marshal,error;exit_2,marshal_parse_failure;tool_exit,"marshal:error:marshal_failed:offset16:ValueError:bad marshal data (unknown type code),offset12:ValueError:bad marshal data (unknown type code),offset8:ValueError:bad marshal data (unknown type code) || decompyle3:exit_2:Traceback (most recent call last): File ""/root/PyBC-Sec/pybcSEC/data/rq2/envs/cpython-39/lib/python3.9/site-packages/xdis/load.py"", line 328, in load_module_from_file_object co = marshal.loads(bytecode) ValueError: bad marshal data (unkn...",PycLens/data/rq2/failed_cases_decompylepp_traces/74abbfc3941f-decompylepp.command.txt,PycLens/data/rq2/failed_cases_decompylepp_traces/74abbfc3941f-decompylepp.stdout.txt,PycLens/data/rq2/failed_cases_decompylepp_traces/74abbfc3941f-decompylepp.stderr.txt
45ce0ca77d47,decompylepp,exit_1,PycFile::getBuffer(): Unexpected end of stream,clustcrdist,0.1.5,clustcrdist-0.1.5-py2.py3-none-any.whl,wheel,clustcrdist/constants/modules/tcrdist/__pycache__/tcr_distances_blosum.cpython-39.pyc,clustcrdist-0.1.5-cpython-39-45ce0ca77d47.pyc,cpython-39,3425,True,4,pylingual_decompilable,decompyle3;marshal,error;exit_2,marshal_parse_failure;tool_exit,"marshal:error:marshal_failed:offset16:EOFError:marshal data too short,offset12:ValueError:bad marshal data (unknown type code),offset8:ValueError:bad marshal data (unknown type code) || decompyle3:exit_2:Traceback (most recent call last): File ""/root/PyBC-Sec/pybcSEC/data/rq2/envs/cpython-39/lib/python3.9/site-packages/xdis/load.py"", line 328, in load_module_from_file_object co = marshal.loads(bytecode) EOFError: marshal data too short",PycLens/data/rq2/failed_cases_decompylepp_traces/45ce0ca77d47-decompylepp.command.txt,PycLens/data/rq2/failed_cases_decompylepp_traces/45ce0ca77d47-decompylepp.stdout.txt,PycLens/data/rq2/failed_cases_decompylepp_traces/45ce0ca77d47-decompylepp.stderr.txt
fcfebabef4e1,decompylepp,exit_1,CreateObject: Got unsupported type 0x65 Error loading file PycLens/data/rq2/failed_cases/clustcrdist-0.1.5-cpython-39-fcfebabef4e1.pyc: std::bad_cast,clustcrdist,0.1.5,clustcrdist-0.1.5-py2.py3-none-any.whl,wheel,clustcrdist/constants/modules/tcrdist/__pycache__/tcr_sampler.cpython-39.pyc,clustcrdist-0.1.5-cpython-39-fcfebabef4e1.pyc,cpython-39,3425,True,4,pylingual_decompilable,decompyle3;marshal,error;exit_2,marshal_parse_failure;tool_exit,"marshal:error:marshal_failed:offset16:ValueError:bad marshal data (unknown type code),offset12:ValueError:bad marshal data (unknown type code),offset8:not_code || decompyle3:exit_2:Traceback (most recent call last): File ""/root/PyBC-Sec/pybcSEC/data/rq2/envs/cpython-39/lib/python3.9/site-packages/xdis/load.py"", line 328, in load_module_from_file_object co = marshal.loads(bytecode) ValueError: bad marshal data (unkn...",PycLens/data/rq2/failed_cases_decompylepp_traces/fcfebabef4e1-decompylepp.command.txt,PycLens/data/rq2/failed_cases_decompylepp_traces/fcfebabef4e1-decompylepp.stdout.txt,PycLens/data/rq2/failed_cases_decompylepp_traces/fcfebabef4e1-decompylepp.stderr.txt
c60fd898728f,decompylepp,exit_1,Error loading file PycLens/data/rq2/failed_cases/clustcrdist-0.1.5-cpython-39-c60fd898728f.pyc: std::bad_cast,clustcrdist,0.1.5,clustcrdist-0.1.5-py2.py3-none-any.whl,wheel,clustcrdist/constants/modules/tcrdist/__pycache__/tcrdist_svg_basic.cpython-39.pyc,clustcrdist-0.1.5-cpython-39-c60fd898728f.pyc,cpython-39,3425,True,4,pylingual_decompilable,decompyle3;marshal,error;exit_2,marshal_parse_failure;tool_exit,"marshal:error:marshal_failed:offset16:SystemError:Objects/codeobject.c:141: bad argument to internal function,offset12:ValueError:bad marshal data (unknown type code),offset8:ValueError:bad marshal data (unknown type code) || decompyle3:exit_2:Traceback (most recent call last): File ""/root/PyBC-Sec/pybcSEC/data/rq2/envs/cpython-39/lib/python3.9/site-packages/xdis/load.py"", line 328, in load_module_from_file_object co = marshal.loads(bytecode) SystemError: Objects/codeobject.c:...",PycLens/data/rq2/failed_cases_decompylepp_traces/c60fd898728f-decompylepp.command.txt,PycLens/data/rq2/failed_cases_decompylepp_traces/c60fd898728f-decompylepp.stdout.txt,PycLens/data/rq2/failed_cases_decompylepp_traces/c60fd898728f-decompylepp.stderr.txt
435a8bd04da8,decompylepp,exit_1,CreateObject: Got unsupported type 0x6F Error loading file PycLens/data/rq2/failed_cases/clustcrdist-0.1.5-cpython-39-435a8bd04da8.pyc: std::bad_cast,clustcrdist,0.1.5,clustcrdist-0.1.5-py2.py3-none-any.whl,wheel,clustcrdist/constants/modules/tcrdist/__pycache__/translation.cpython-39.pyc,clustcrdist-0.1.5-cpython-39-435a8bd04da8.pyc,cpython-39,3425,True,4,pylingual_decompilable,decompyle3;marshal,error;exit_2,marshal_parse_failure;tool_exit,"marshal:error:marshal_failed:offset16:ValueError:bad marshal data (unknown type code),offset12:ValueError:bad marshal data (unknown type code),offset8:ValueError:bad marshal data (unknown type code) || decompyle3:exit_2:Traceback (most recent call last): File ""/root/PyBC-Sec/pybcSEC/data/rq2/envs/cpython-39/lib/python3.9/site-packages/xdis/load.py"", line 328, in load_module_from_file_object co = marshal.loads(bytecode) ValueError: bad marshal data (unkn...",PycLens/data/rq2/failed_cases_decompylepp_traces/435a8bd04da8-decompylepp.command.txt,PycLens/data/rq2/failed_cases_decompylepp_traces/435a8bd04da8-decompylepp.stdout.txt,PycLens/data/rq2/failed_cases_decompylepp_traces/435a8bd04da8-decompylepp.stderr.txt
fc744244e60e,decompylepp,exit_1,Error loading file PycLens/data/rq2/failed_cases/clustcrdist-0.1.5-cpython-39-fc744244e60e.pyc: std::bad_cast,clustcrdist,0.1.5,clustcrdist-0.1.5-py2.py3-none-any.whl,wheel,clustcrdist/constants/modules/tcrdist/__pycache__/util.cpython-39.pyc,clustcrdist-0.1.5-cpython-39-fc744244e60e.pyc,cpython-39,3425,True,4,pylingual_decompilable,decompyle3;marshal,error;exit_2,marshal_parse_failure;tool_exit,"marshal:error:marshal_failed:offset16:EOFError:marshal data too short,offset12:ValueError:bad marshal data (unknown type code),offset8:ValueError:bad marshal data (unknown type code) || decompyle3:exit_2:Traceback (most recent call last): File ""/root/PyBC-Sec/pybcSEC/data/rq2/envs/cpython-39/lib/python3.9/site-packages/xdis/load.py"", line 328, in load_module_from_file_object co = marshal.loads(bytecode) EOFError: marshal data too short",PycLens/data/rq2/failed_cases_decompylepp_traces/fc744244e60e-decompylepp.command.txt,PycLens/data/rq2/failed_cases_decompylepp_traces/fc744244e60e-decompylepp.stdout.txt,PycLens/data/rq2/failed_cases_decompylepp_traces/fc744244e60e-decompylepp.stderr.txt
06d1d321521d,decompylepp,exit_1,CreateObject: Got unsupported type 0x5F Error loading file PycLens/data/rq2/failed_cases/clustcrdist-0.1.5-cpython-39-06d1d321521d.pyc: std::bad_cast,clustcrdist,0.1.5,clustcrdist-0.1.5.tar.gz,tar,clustcrdist-0.1.5/clustcrdist/constants/modules/olga/__pycache__/__init__.cpython-39.pyc,clustcrdist-0.1.5-cpython-39-06d1d321521d.pyc,cpython-39,3425,True,4,pylingual_decompilable,decompyle3;marshal,error;exit_2,marshal_parse_failure;tool_exit,"marshal:error:marshal_failed:offset16:ValueError:bad marshal data (unknown type code),offset12:ValueError:bad marshal data (unknown type code),offset8:ValueError:bad marshal data (unknown type code) || decompyle3:exit_2:Traceback (most recent call last): File ""/root/PyBC-Sec/pybcSEC/data/rq2/envs/cpython-39/lib/python3.9/site-packages/xdis/load.py"", line 328, in load_module_from_file_object co = marshal.loads(bytecode) ValueError: bad marshal data (unkn...",PycLens/data/rq2/failed_cases_decompylepp_traces/06d1d321521d-decompylepp.command.txt,PycLens/data/rq2/failed_cases_decompylepp_traces/06d1d321521d-decompylepp.stdout.txt,PycLens/data/rq2/failed_cases_decompylepp_traces/06d1d321521d-decompylepp.stderr.txt
238b3afdb83f,decompylepp,exit_1,PycFile::getBuffer(): Unexpected end of stream,clustcrdist,0.1.5,clustcrdist-0.1.5.tar.gz,tar,clustcrdist-0.1.5/clustcrdist/constants/modules/olga/__pycache__/generation_probability.cpython-39.pyc,clustcrdist-0.1.5-cpython-39-238b3afdb83f.pyc,cpython-39,3425,True,4,pylingual_decompilable,decompyle3;marshal,error;exit_2,marshal_parse_failure;tool_exit,"marshal:error:marshal_failed:offset16:EOFError:marshal data too short,offset12:ValueError:bad marshal data (unknown type code),offset8:ValueError:bad marshal data (unknown type code) || decompyle3:exit_2:Traceback (most recent call last): File ""/root/PyBC-Sec/pybcSEC/data/rq2/envs/cpython-39/lib/python3.9/site-packages/xdis/load.py"", line 328, in load_module_from_file_object co = marshal.loads(bytecode) EOFError: marshal data too short",PycLens/data/rq2/failed_cases_decompylepp_traces/238b3afdb83f-decompylepp.command.txt,PycLens/data/rq2/failed_cases_decompylepp_traces/238b3afdb83f-decompylepp.stdout.txt,PycLens/data/rq2/failed_cases_decompylepp_traces/238b3afdb83f-decompylepp.stderr.txt
b318a133665b,decompylepp,exit_1,CreateObject: Got unsupported type 0x65 Error loading file PycLens/data/rq2/failed_cases/clustcrdist-0.1.5-cpython-39-b318a133665b.pyc: std::bad_cast,clustcrdist,0.1.5,clustcrdist-0.1.5.tar.gz,tar,clustcrdist-0.1.5/clustcrdist/constants/modules/olga/__pycache__/load_model.cpython-39.pyc,clustcrdist-0.1.5-cpython-39-b318a133665b.pyc,cpython-39,3425,True,4,pylingual_decompilable,decompyle3;marshal,error;exit_2,marshal_parse_failure;tool_exit,"marshal:error:marshal_failed:offset16:ValueError:bad marshal data (unknown type code),offset12:ValueError:bad marshal data (list size out of range),offset8:ValueError:bad marshal data (unknown type code) || decompyle3:exit_2:Traceback (most recent call last): File ""/root/PyBC-Sec/pybcSEC/data/rq2/envs/cpython-39/lib/python3.9/site-packages/xdis/load.py"", line 328, in load_module_from_file_object co = marshal.loads(bytecode) ValueError: bad marshal data (unkn...",PycLens/data/rq2/failed_cases_decompylepp_traces/b318a133665b-decompylepp.command.txt,PycLens/data/rq2/failed_cases_decompylepp_traces/b318a133665b-decompylepp.stdout.txt,PycLens/data/rq2/failed_cases_decompylepp_traces/b318a133665b-decompylepp.stderr.txt
21dd39652ddd,decompylepp,exit_1,PycFile::getBuffer(): Unexpected end of stream,clustcrdist,0.1.5,clustcrdist-0.1.5.tar.gz,tar,clustcrdist-0.1.5/clustcrdist/constants/modules/olga/__pycache__/preprocess_generative_model_and_data.cpython-39.pyc,clustcrdist-0.1.5-cpython-39-21dd39652ddd.pyc,cpython-39,3425,True,4,pylingual_decompilable,decompyle3;marshal,error;exit_2,marshal_parse_failure;tool_exit,"marshal:error:marshal_failed:offset16:EOFError:marshal data too short,offset12:ValueError:bad marshal data (unknown type code),offset8:ValueError:bad marshal data (unknown type code) || decompyle3:exit_2:Traceback (most recent call last): File ""/root/PyBC-Sec/pybcSEC/data/rq2/envs/cpython-39/lib/python3.9/site-packages/xdis/load.py"", line 328, in load_module_from_file_object co = marshal.loads(bytecode) EOFError: marshal data too short",PycLens/data/rq2/failed_cases_decompylepp_traces/21dd39652ddd-decompylepp.command.txt,PycLens/data/rq2/failed_cases_decompylepp_traces/21dd39652ddd-decompylepp.stdout.txt,PycLens/data/rq2/failed_cases_decompylepp_traces/21dd39652ddd-decompylepp.stderr.txt
08e613e3aedf,decompylepp,exit_1,CreateObject: Got unsupported type 0x6F Error loading file PycLens/data/rq2/failed_cases/clustcrdist-0.1.5-cpython-39-08e613e3aedf.pyc: std::bad_cast,clustcrdist,0.1.5,clustcrdist-0.1.5.tar.gz,tar,clustcrdist-0.1.5/clustcrdist/constants/modules/olga/__pycache__/sequence_generation.cpython-39.pyc,clustcrdist-0.1.5-cpython-39-08e613e3aedf.pyc,cpython-39,3425,True,4,pylingual_decompilable,decompyle3;marshal,error;exit_2,marshal_parse_failure;tool_exit,"marshal:error:marshal_failed:offset16:ValueError:bad marshal data (unknown type code),offset12:ValueError:bad marshal data (unknown type code),offset8:ValueError:bad marshal data (unknown type code) || decompyle3:exit_2:Traceback (most recent call last): File ""/root/PyBC-Sec/pybcSEC/data/rq2/envs/cpython-39/lib/python3.9/site-packages/xdis/load.py"", line 328, in load_module_from_file_object co = marshal.loads(bytecode) ValueError: bad marshal data (unkn...",PycLens/data/rq2/failed_cases_decompylepp_traces/08e613e3aedf-decompylepp.command.txt,PycLens/data/rq2/failed_cases_decompylepp_traces/08e613e3aedf-decompylepp.stdout.txt,PycLens/data/rq2/failed_cases_decompylepp_traces/08e613e3aedf-decompylepp.stderr.txt
8cbb33b1de41,decompylepp,exit_1,PycFile::getByte(): Unexpected end of stream,clustcrdist,0.1.5,clustcrdist-0.1.5.tar.gz,tar,clustcrdist-0.1.5/clustcrdist/constants/modules/olga/__pycache__/utils.cpython-39.pyc,clustcrdist-0.1.5-cpython-39-8cbb33b1de41.pyc,cpython-39,3425,True,4,pylingual_decompilable,decompyle3;marshal,error;exit_2,marshal_parse_failure;tool_exit,"marshal:error:marshal_failed:offset16:ValueError:bad marshal data (digit out of range in long),offset12:ValueError:bad marshal data (unknown type code),offset8:ValueError:bad marshal data (unknown type code) || decompyle3:exit_2:Traceback (most recent call last): File ""/root/PyBC-Sec/pybcSEC/data/rq2/envs/cpython-39/lib/python3.9/site-packages/xdis/load.py"", line 328, in load_module_from_file_object co = marshal.loads(bytecode) ValueError: bad marshal data (digi...",PycLens/data/rq2/failed_cases_decompylepp_traces/8cbb33b1de41-decompylepp.command.txt,PycLens/data/rq2/failed_cases_decompylepp_traces/8cbb33b1de41-decompylepp.stdout.txt,PycLens/data/rq2/failed_cases_decompylepp_traces/8cbb33b1de41-decompylepp.stderr.txt
58a7569728d6,decompylepp,exit_1,CreateObject: Got unsupported type 0x5F Error loading file PycLens/data/rq2/failed_cases/clustcrdist-0.1.5-cpython-39-58a7569728d6.pyc: std::bad_cast,clustcrdist,0.1.5,clustcrdist-0.1.5.tar.gz,tar,clustcrdist-0.1.5/clustcrdist/constants/modules/tcrdist/__pycache__/__init__.cpython-39.pyc,clustcrdist-0.1.5-cpython-39-58a7569728d6.pyc,cpython-39,3425,True,4,pylingual_decompilable,decompyle3;marshal,error;exit_2,marshal_parse_failure;tool_exit,"marshal:error:marshal_failed:offset16:ValueError:bad marshal data (unknown type code),offset12:ValueError:bad marshal data (unknown type code),offset8:ValueError:bad marshal data (unknown type code) || decompyle3:exit_2:Traceback (most recent call last): File ""/root/PyBC-Sec/pybcSEC/data/rq2/envs/cpython-39/lib/python3.9/site-packages/xdis/load.py"", line 328, in load_module_from_file_object co = marshal.loads(bytecode) ValueError: bad marshal data (unkn...",PycLens/data/rq2/failed_cases_decompylepp_traces/58a7569728d6-decompylepp.command.txt,PycLens/data/rq2/failed_cases_decompylepp_traces/58a7569728d6-decompylepp.stdout.txt,PycLens/data/rq2/failed_cases_decompylepp_traces/58a7569728d6-decompylepp.stderr.txt
1f6fce994792,decompylepp,exit_1,CreateObject: Got unsupported type 0x65 Error loading file PycLens/data/rq2/failed_cases/clustcrdist-0.1.5-cpython-39-1f6fce994792.pyc: std::bad_cast,clustcrdist,0.1.5,clustcrdist-0.1.5.tar.gz,tar,clustcrdist-0.1.5/clustcrdist/constants/modules/tcrdist/__pycache__/all_genes.cpython-39.pyc,clustcrdist-0.1.5-cpython-39-1f6fce994792.pyc,cpython-39,3425,True,4,pylingual_decompilable,decompyle3;marshal,error;exit_2,marshal_parse_failure;tool_exit,"marshal:error:marshal_failed:offset16:ValueError:bad marshal data (unknown type code),offset12:ValueError:bad marshal data (unknown type code),offset8:ValueError:bad marshal data (unknown type code) || decompyle3:exit_2:Traceback (most recent call last): File ""/root/PyBC-Sec/pybcSEC/data/rq2/envs/cpython-39/lib/python3.9/site-packages/xdis/load.py"", line 328, in load_module_from_file_object co = marshal.loads(bytecode) ValueError: bad marshal data (unkn...",PycLens/data/rq2/failed_cases_decompylepp_traces/1f6fce994792-decompylepp.command.txt,PycLens/data/rq2/failed_cases_decompylepp_traces/1f6fce994792-decompylepp.stdout.txt,PycLens/data/rq2/failed_cases_decompylepp_traces/1f6fce994792-decompylepp.stderr.txt
34c5fb931005,decompylepp,exit_1,CreateObject: Got unsupported type 0x64 Error loading file PycLens/data/rq2/failed_cases/clustcrdist-0.1.5-cpython-39-34c5fb931005.pyc: std::bad_cast,clustcrdist,0.1.5,clustcrdist-0.1.5.tar.gz,tar,clustcrdist-0.1.5/clustcrdist/constants/modules/tcrdist/__pycache__/amino_acids.cpython-39.pyc,clustcrdist-0.1.5-cpython-39-34c5fb931005.pyc,cpython-39,3425,True,4,pylingual_decompilable,decompyle3;marshal,error;exit_2,marshal_parse_failure;tool_exit,"marshal:error:marshal_failed:offset16:ValueError:bad marshal data (unknown type code),offset12:ValueError:bad marshal data (unknown type code),offset8:ValueError:bad marshal data (unknown type code) || decompyle3:exit_2:Traceback (most recent call last): File ""/root/PyBC-Sec/pybcSEC/data/rq2/envs/cpython-39/lib/python3.9/site-packages/xdis/load.py"", line 328, in load_module_from_file_object co = marshal.loads(bytecode) ValueError: bad marshal data (unkn...",PycLens/data/rq2/failed_cases_decompylepp_traces/34c5fb931005-decompylepp.command.txt,PycLens/data/rq2/failed_cases_decompylepp_traces/34c5fb931005-decompylepp.stdout.txt,PycLens/data/rq2/failed_cases_decompylepp_traces/34c5fb931005-decompylepp.stderr.txt
d84793fe0646,decompylepp,exit_1,Error loading file PycLens/data/rq2/failed_cases/clustcrdist-0.1.5-cpython-39-d84793fe0646.pyc: std::bad_cast,clustcrdist,0.1.5,clustcrdist-0.1.5.tar.gz,tar,clustcrdist-0.1.5/clustcrdist/constants/modules/tcrdist/__pycache__/basic.cpython-39.pyc,clustcrdist-0.1.5-cpython-39-d84793fe0646.pyc,cpython-39,3425,True,4,pylingual_decompilable,decompyle3;marshal,error;exit_2,marshal_parse_failure;tool_exit,"marshal:error:marshal_failed:offset16:ValueError:bad marshal data (unknown type code),offset12:ValueError:bad marshal data (unknown type code),offset8:ValueError:bad marshal data (unknown type code) || decompyle3:exit_2:Traceback (most recent call last): File ""/root/PyBC-Sec/pybcSEC/data/rq2/envs/cpython-39/lib/python3.9/site-packages/xdis/load.py"", line 328, in load_module_from_file_object co = marshal.loads(bytecode) ValueError: bad marshal data (unkn...",PycLens/data/rq2/failed_cases_decompylepp_traces/d84793fe0646-decompylepp.command.txt,PycLens/data/rq2/failed_cases_decompylepp_traces/d84793fe0646-decompylepp.stdout.txt,PycLens/data/rq2/failed_cases_decompylepp_traces/d84793fe0646-decompylepp.stderr.txt
5d47b820954f,decompylepp,exit_1,CreateObject: Got unsupported type 0x64 Error loading file PycLens/data/rq2/failed_cases/clustcrdist-0.1.5-cpython-39-5d47b820954f.pyc: std::bad_cast,clustcrdist,0.1.5,clustcrdist-0.1.5.tar.gz,tar,clustcrdist-0.1.5/clustcrdist/constants/modules/tcrdist/__pycache__/genetic_code.cpython-39.pyc,clustcrdist-0.1.5-cpython-39-5d47b820954f.pyc,cpython-39,3425,True,4,pylingual_decompilable,decompyle3;marshal,error;exit_2,marshal_parse_failure;tool_exit,"marshal:error:marshal_failed:offset16:ValueError:bad marshal data (unknown type code),offset12:ValueError:bad marshal data (unknown type code),offset8:ValueError:bad marshal data (unknown type code) || decompyle3:exit_2:Traceback (most recent call last): File ""/root/PyBC-Sec/pybcSEC/data/rq2/envs/cpython-39/lib/python3.9/site-packages/xdis/load.py"", line 328, in load_module_from_file_object co = marshal.loads(bytecode) ValueError: bad marshal data (unkn...",PycLens/data/rq2/failed_cases_decompylepp_traces/5d47b820954f-decompylepp.command.txt,PycLens/data/rq2/failed_cases_decompylepp_traces/5d47b820954f-decompylepp.stdout.txt,PycLens/data/rq2/failed_cases_decompylepp_traces/5d47b820954f-decompylepp.stderr.txt
c8eff0bc0070,decompylepp,exit_1,Error loading file PycLens/data/rq2/failed_cases/clustcrdist-0.1.5-cpython-39-c8eff0bc0070.pyc: Ref index out of range,clustcrdist,0.1.5,clustcrdist-0.1.5.tar.gz,tar,clustcrdist-0.1.5/clustcrdist/constants/modules/tcrdist/__pycache__/html_colors.cpython-39.pyc,clustcrdist-0.1.5-cpython-39-c8eff0bc0070.pyc,cpython-39,3425,True,4,pylingual_decompilable,decompyle3;marshal,error;exit_2,marshal_parse_failure;tool_exit,"marshal:error:marshal_failed:offset16:ValueError:bad marshal data (invalid reference),offset12:ValueError:bad marshal data (unknown type code),offset8:ValueError:bad marshal data (unknown type code) || decompyle3:exit_2:Traceback (most recent call last): File ""/root/PyBC-Sec/pybcSEC/data/rq2/envs/cpython-39/lib/python3.9/site-packages/xdis/load.py"", line 328, in load_module_from_file_object co = marshal.loads(bytecode) ValueError: bad marshal data (inva...",PycLens/data/rq2/failed_cases_decompylepp_traces/c8eff0bc0070-decompylepp.command.txt,PycLens/data/rq2/failed_cases_decompylepp_traces/c8eff0bc0070-decompylepp.stdout.txt,PycLens/data/rq2/failed_cases_decompylepp_traces/c8eff0bc0070-decompylepp.stderr.txt
e7e357b8064f,decompylepp,exit_1,CreateObject: Got unsupported type 0x65 Error loading file PycLens/data/rq2/failed_cases/clustcrdist-0.1.5-cpython-39-e7e357b8064f.pyc: std::bad_cast,clustcrdist,0.1.5,clustcrdist-0.1.5.tar.gz,tar,clustcrdist-0.1.5/clustcrdist/constants/modules/tcrdist/__pycache__/infer_cdr3_nucleotides.cpython-39.pyc,clustcrdist-0.1.5-cpython-39-e7e357b8064f.pyc,cpython-39,3425,True,4,pylingual_decompilable,decompyle3;marshal,error;exit_2,marshal_parse_failure;tool_exit,"marshal:error:marshal_failed:offset16:ValueError:bad marshal data (unknown type code),offset12:ValueError:bad marshal data (unknown type code),offset8:ValueError:bad marshal data (unknown type code) || decompyle3:exit_2:Traceback (most recent call last): File ""/root/PyBC-Sec/pybcSEC/data/rq2/envs/cpython-39/lib/python3.9/site-packages/xdis/load.py"", line 328, in load_module_from_file_object co = marshal.loads(bytecode) ValueError: bad marshal data (unkn...",PycLens/data/rq2/failed_cases_decompylepp_traces/e7e357b8064f-decompylepp.command.txt,PycLens/data/rq2/failed_cases_decompylepp_traces/e7e357b8064f-decompylepp.stdout.txt,PycLens/data/rq2/failed_cases_decompylepp_traces/e7e357b8064f-decompylepp.stderr.txt
096eb9c82561,decompylepp,exit_1,PycFile::getByte(): Unexpected end of stream,clustcrdist,0.1.5,clustcrdist-0.1.5.tar.gz,tar,clustcrdist-0.1.5/clustcrdist/constants/modules/tcrdist/__pycache__/logo_tools.cpython-39.pyc,clustcrdist-0.1.5-cpython-39-096eb9c82561.pyc,cpython-39,3425,True,4,pylingual_decompilable,decompyle3;marshal,error;exit_2,marshal_parse_failure;tool_exit,"marshal:error:marshal_failed:offset16:ValueError:bad marshal data (digit out of range in long),offset12:ValueError:bad marshal data (unknown type code),offset8:ValueError:bad marshal data (unknown type code) || decompyle3:exit_2:Traceback (most recent call last): File ""/root/PyBC-Sec/pybcSEC/data/rq2/envs/cpython-39/lib/python3.9/site-packages/xdis/load.py"", line 328, in load_module_from_file_object co = marshal.loads(bytecode) ValueError: bad marshal data (digi...",PycLens/data/rq2/failed_cases_decompylepp_traces/096eb9c82561-decompylepp.command.txt,PycLens/data/rq2/failed_cases_decompylepp_traces/096eb9c82561-decompylepp.stdout.txt,PycLens/data/rq2/failed_cases_decompylepp_traces/096eb9c82561-decompylepp.stderr.txt
dff0f1cc2021,decompylepp,exit_1,PycFile::getByte(): Unexpected end of stream,clustcrdist,0.1.5,clustcrdist-0.1.5.tar.gz,tar,clustcrdist-0.1.5/clustcrdist/constants/modules/tcrdist/__pycache__/make_10x_clones_file.cpython-39.pyc,clustcrdist-0.1.5-cpython-39-dff0f1cc2021.pyc,cpython-39,3425,True,4,pylingual_decompilable,decompyle3;marshal,error;exit_2,marshal_parse_failure;tool_exit,"marshal:error:marshal_failed:offset16:ValueError:bad marshal data (digit out of range in long),offset12:ValueError:bad marshal data (unknown type code),offset8:ValueError:bad marshal data (unknown type code) || decompyle3:exit_2:Traceback (most recent call last): File ""/root/PyBC-Sec/pybcSEC/data/rq2/envs/cpython-39/lib/python3.9/site-packages/xdis/load.py"", line 328, in load_module_from_file_object co = marshal.loads(bytecode) ValueError: bad marshal data (digi...",PycLens/data/rq2/failed_cases_decompylepp_traces/dff0f1cc2021-decompylepp.command.txt,PycLens/data/rq2/failed_cases_decompylepp_traces/dff0f1cc2021-decompylepp.stdout.txt,PycLens/data/rq2/failed_cases_decompylepp_traces/dff0f1cc2021-decompylepp.stderr.txt
61287b305908,decompylepp,exit_1,CreateObject: Got unsupported type 0x65 Error loading file PycLens/data/rq2/failed_cases/clustcrdist-0.1.5-cpython-39-61287b305908.pyc: std::bad_cast,clustcrdist,0.1.5,clustcrdist-0.1.5.tar.gz,tar,clustcrdist-0.1.5/clustcrdist/constants/modules/tcrdist/__pycache__/make_really_tall_trees.cpython-39.pyc,clustcrdist-0.1.5-cpython-39-61287b305908.pyc,cpython-39,3425,True,4,pylingual_decompilable,decompyle3;marshal,error;exit_2,marshal_parse_failure;tool_exit,"marshal:error:marshal_failed:offset16:ValueError:bad marshal data (unknown type code),offset12:ValueError:bad marshal data (unknown type code),offset8:ValueError:bad marshal data (unknown type code) || decompyle3:exit_2:Traceback (most recent call last): File ""/root/PyBC-Sec/pybcSEC/data/rq2/envs/cpython-39/lib/python3.9/site-packages/xdis/load.py"", line 328, in load_module_from_file_object co = marshal.loads(bytecode) ValueError: bad marshal data (unkn...",PycLens/data/rq2/failed_cases_decompylepp_traces/61287b305908-decompylepp.command.txt,PycLens/data/rq2/failed_cases_decompylepp_traces/61287b305908-decompylepp.stdout.txt,PycLens/data/rq2/failed_cases_decompylepp_traces/61287b305908-decompylepp.stderr.txt
a0491f74d8a7,decompylepp,exit_1,Error loading file PycLens/data/rq2/failed_cases/clustcrdist-0.1.5-cpython-39-a0491f74d8a7.pyc: std::bad_cast,clustcrdist,0.1.5,clustcrdist-0.1.5.tar.gz,tar,clustcrdist-0.1.5/clustcrdist/constants/modules/tcrdist/__pycache__/make_tcr_logo.cpython-39.pyc,clustcrdist-0.1.5-cpython-39-a0491f74d8a7.pyc,cpython-39,3425,True,4,pylingual_decompilable,decompyle3;marshal,error;exit_2,marshal_parse_failure;tool_exit,"marshal:error:marshal_failed:offset16:ValueError:bad marshal data (unknown type code),offset12:ValueError:bad marshal data (unknown type code),offset8:ValueError:bad marshal data (unknown type code) || decompyle3:exit_2:Traceback (most recent call last): File ""/root/PyBC-Sec/pybcSEC/data/rq2/envs/cpython-39/lib/python3.9/site-packages/xdis/load.py"", line 328, in load_module_from_file_object co = marshal.loads(bytecode) ValueError: bad marshal data (unkn...",PycLens/data/rq2/failed_cases_decompylepp_traces/a0491f74d8a7-decompylepp.command.txt,PycLens/data/rq2/failed_cases_decompylepp_traces/a0491f74d8a7-decompylepp.stdout.txt,PycLens/data/rq2/failed_cases_decompylepp_traces/a0491f74d8a7-decompylepp.stderr.txt
4d0b24c85a14,decompylepp,exit_1,CreateObject: Got unsupported type 0x65 Error loading file PycLens/data/rq2/failed_cases/clustcrdist-0.1.5-cpython-39-4d0b24c85a14.pyc: std::bad_cast,clustcrdist,0.1.5,clustcrdist-0.1.5.tar.gz,tar,clustcrdist-0.1.5/clustcrdist/constants/modules/tcrdist/__pycache__/make_tcr_trees.cpython-39.pyc,clustcrdist-0.1.5-cpython-39-4d0b24c85a14.pyc,cpython-39,3425,True,4,pylingual_decompilable,decompyle3;marshal,error;exit_2,marshal_parse_failure;tool_exit,"marshal:error:marshal_failed:offset16:ValueError:bad marshal data (unknown type code),offset12:not_code,offset8:ValueError:bad marshal data (unknown type code) || decompyle3:exit_2:Traceback (most recent call last): File ""/root/PyBC-Sec/pybcSEC/data/rq2/envs/cpython-39/lib/python3.9/site-packages/xdis/load.py"", line 328, in load_module_from_file_object co = marshal.loads(bytecode) ValueError: bad marshal data (unkn...",PycLens/data/rq2/failed_cases_decompylepp_traces/4d0b24c85a14-decompylepp.command.txt,PycLens/data/rq2/failed_cases_decompylepp_traces/4d0b24c85a14-decompylepp.stdout.txt,PycLens/data/rq2/failed_cases_decompylepp_traces/4d0b24c85a14-decompylepp.stderr.txt
941352c3d9b8,decompylepp,exit_1,CreateObject: Got unsupported type 0x65 Error loading file PycLens/data/rq2/failed_cases/clustcrdist-0.1.5-cpython-39-941352c3d9b8.pyc: std::bad_cast,clustcrdist,0.1.5,clustcrdist-0.1.5.tar.gz,tar,clustcrdist-0.1.5/clustcrdist/constants/modules/tcrdist/__pycache__/score_trees_devel.cpython-39.pyc,clustcrdist-0.1.5-cpython-39-941352c3d9b8.pyc,cpython-39,3425,True,4,pylingual_decompilable,decompyle3;marshal,error;exit_2,marshal_parse_failure;tool_exit,"marshal:error:marshal_failed:offset16:ValueError:bad marshal data (unknown type code),offset12:ValueError:bad marshal data (unknown type code),offset8:ValueError:bad marshal data (unknown type code) || decompyle3:exit_2:Traceback (most recent call last): File ""/root/PyBC-Sec/pybcSEC/data/rq2/envs/cpython-39/lib/python3.9/site-packages/xdis/load.py"", line 328, in load_module_from_file_object co = marshal.loads(bytecode) ValueError: bad marshal data (unkn...",PycLens/data/rq2/failed_cases_decompylepp_traces/941352c3d9b8-decompylepp.command.txt,PycLens/data/rq2/failed_cases_decompylepp_traces/941352c3d9b8-decompylepp.stdout.txt,PycLens/data/rq2/failed_cases_decompylepp_traces/941352c3d9b8-decompylepp.stderr.txt
a343c6d0b372,decompylepp,exit_1,CreateObject: Got unsupported type 0x65 Error loading file PycLens/data/rq2/failed_cases/clustcrdist-0.1.5-cpython-39-a343c6d0b372.pyc: std::bad_cast,clustcrdist,0.1.5,clustcrdist-0.1.5.tar.gz,tar,clustcrdist-0.1.5/clustcrdist/constants/modules/tcrdist/__pycache__/tcr_distances.cpython-39.pyc,clustcrdist-0.1.5-cpython-39-a343c6d0b372.pyc,cpython-39,3425,True,4,pylingual_decompilable,decompyle3;marshal,error;exit_2,marshal_parse_failure;tool_exit,"marshal:error:marshal_failed:offset16:ValueError:bad marshal data (unknown type code),offset12:ValueError:bad marshal data (unknown type code),offset8:ValueError:bad marshal data (unknown type code) || decompyle3:exit_2:Traceback (most recent call last): File ""/root/PyBC-Sec/pybcSEC/data/rq2/envs/cpython-39/lib/python3.9/site-packages/xdis/load.py"", line 328, in load_module_from_file_object co = marshal.loads(bytecode) ValueError: bad marshal data (unkn...",PycLens/data/rq2/failed_cases_decompylepp_traces/a343c6d0b372-decompylepp.command.txt,PycLens/data/rq2/failed_cases_decompylepp_traces/a343c6d0b372-decompylepp.stdout.txt,PycLens/data/rq2/failed_cases_decompylepp_traces/a343c6d0b372-decompylepp.stderr.txt
9d799a6142c6,decompylepp,exit_1,PycFile::getBuffer(): Unexpected end of stream,clustcrdist,0.1.5,clustcrdist-0.1.5.tar.gz,tar,clustcrdist-0.1.5/clustcrdist/constants/modules/tcrdist/__pycache__/tcr_distances_blosum.cpython-39.pyc,clustcrdist-0.1.5-cpython-39-9d799a6142c6.pyc,cpython-39,3425,True,4,pylingual_decompilable,decompyle3;marshal,error;exit_2,marshal_parse_failure;tool_exit,"marshal:error:marshal_failed:offset16:EOFError:marshal data too short,offset12:ValueError:bad marshal data (unknown type code),offset8:ValueError:bad marshal data (unknown type code) || decompyle3:exit_2:Traceback (most recent call last): File ""/root/PyBC-Sec/pybcSEC/data/rq2/envs/cpython-39/lib/python3.9/site-packages/xdis/load.py"", line 328, in load_module_from_file_object co = marshal.loads(bytecode) EOFError: marshal data too short",PycLens/data/rq2/failed_cases_decompylepp_traces/9d799a6142c6-decompylepp.command.txt,PycLens/data/rq2/failed_cases_decompylepp_traces/9d799a6142c6-decompylepp.stdout.txt,PycLens/data/rq2/failed_cases_decompylepp_traces/9d799a6142c6-decompylepp.stderr.txt
083dca141166,decompylepp,exit_1,CreateObject: Got unsupported type 0x65 Error loading file PycLens/data/rq2/failed_cases/clustcrdist-0.1.5-cpython-39-083dca141166.pyc: std::bad_cast,clustcrdist,0.1.5,clustcrdist-0.1.5.tar.gz,tar,clustcrdist-0.1.5/clustcrdist/constants/modules/tcrdist/__pycache__/tcr_sampler.cpython-39.pyc,clustcrdist-0.1.5-cpython-39-083dca141166.pyc,cpython-39,3425,True,4,pylingual_decompilable,decompyle3;marshal,error;exit_2,marshal_parse_failure;tool_exit,"marshal:error:marshal_failed:offset16:ValueError:bad marshal data (unknown type code),offset12:ValueError:bad marshal data (unknown type code),offset8:not_code || decompyle3:exit_2:Traceback (most recent call last): File ""/root/PyBC-Sec/pybcSEC/data/rq2/envs/cpython-39/lib/python3.9/site-packages/xdis/load.py"", line 328, in load_module_from_file_object co = marshal.loads(bytecode) ValueError: bad marshal data (unkn...",PycLens/data/rq2/failed_cases_decompylepp_traces/083dca141166-decompylepp.command.txt,PycLens/data/rq2/failed_cases_decompylepp_traces/083dca141166-decompylepp.stdout.txt,PycLens/data/rq2/failed_cases_decompylepp_traces/083dca141166-decompylepp.stderr.txt
5e94485944c3,decompylepp,exit_1,Error loading file PycLens/data/rq2/failed_cases/clustcrdist-0.1.5-cpython-39-5e94485944c3.pyc: std::bad_cast,clustcrdist,0.1.5,clustcrdist-0.1.5.tar.gz,tar,clustcrdist-0.1.5/clustcrdist/constants/modules/tcrdist/__pycache__/tcrdist_svg_basic.cpython-39.pyc,clustcrdist-0.1.5-cpython-39-5e94485944c3.pyc,cpython-39,3425,True,4,pylingual_decompilable,decompyle3;marshal,error;exit_2,marshal_parse_failure;tool_exit,"marshal:error:marshal_failed:offset16:SystemError:Objects/codeobject.c:141: bad argument to internal function,offset12:ValueError:bad marshal data (unknown type code),offset8:ValueError:bad marshal data (unknown type code) || decompyle3:exit_2:Traceback (most recent call last): File ""/root/PyBC-Sec/pybcSEC/data/rq2/envs/cpython-39/lib/python3.9/site-packages/xdis/load.py"", line 328, in load_module_from_file_object co = marshal.loads(bytecode) SystemError: Objects/codeobject.c:...",PycLens/data/rq2/failed_cases_decompylepp_traces/5e94485944c3-decompylepp.command.txt,PycLens/data/rq2/failed_cases_decompylepp_traces/5e94485944c3-decompylepp.stdout.txt,PycLens/data/rq2/failed_cases_decompylepp_traces/5e94485944c3-decompylepp.stderr.txt
aac3d5e627cc,decompylepp,exit_1,CreateObject: Got unsupported type 0x6F Error loading file PycLens/data/rq2/failed_cases/clustcrdist-0.1.5-cpython-39-aac3d5e627cc.pyc: std::bad_cast,clustcrdist,0.1.5,clustcrdist-0.1.5.tar.gz,tar,clustcrdist-0.1.5/clustcrdist/constants/modules/tcrdist/__pycache__/translation.cpython-39.pyc,clustcrdist-0.1.5-cpython-39-aac3d5e627cc.pyc,cpython-39,3425,True,4,pylingual_decompilable,decompyle3;marshal,error;exit_2,marshal_parse_failure;tool_exit,"marshal:error:marshal_failed:offset16:ValueError:bad marshal data (unknown type code),offset12:ValueError:bad marshal data (unknown type code),offset8:ValueError:bad marshal data (unknown type code) || decompyle3:exit_2:Traceback (most recent call last): File ""/root/PyBC-Sec/pybcSEC/data/rq2/envs/cpython-39/lib/python3.9/site-packages/xdis/load.py"", line 328, in load_module_from_file_object co = marshal.loads(bytecode) ValueError: bad marshal data (unkn...",PycLens/data/rq2/failed_cases_decompylepp_traces/aac3d5e627cc-decompylepp.command.txt,PycLens/data/rq2/failed_cases_decompylepp_traces/aac3d5e627cc-decompylepp.stdout.txt,PycLens/data/rq2/failed_cases_decompylepp_traces/aac3d5e627cc-decompylepp.stderr.txt
9257129a9af6,decompylepp,exit_1,Error loading file PycLens/data/rq2/failed_cases/clustcrdist-0.1.5-cpython-39-9257129a9af6.pyc: std::bad_cast,clustcrdist,0.1.5,clustcrdist-0.1.5.tar.gz,tar,clustcrdist-0.1.5/clustcrdist/constants/modules/tcrdist/__pycache__/util.cpython-39.pyc,clustcrdist-0.1.5-cpython-39-9257129a9af6.pyc,cpython-39,3425,True,4,pylingual_decompilable,decompyle3;marshal,error;exit_2,marshal_parse_failure;tool_exit,"marshal:error:marshal_failed:offset16:EOFError:marshal data too short,offset12:ValueError:bad marshal data (unknown type code),offset8:ValueError:bad marshal data (unknown type code) || decompyle3:exit_2:Traceback (most recent call last): File ""/root/PyBC-Sec/pybcSEC/data/rq2/envs/cpython-39/lib/python3.9/site-packages/xdis/load.py"", line 328, in load_module_from_file_object co = marshal.loads(bytecode) EOFError: marshal data too short",PycLens/data/rq2/failed_cases_decompylepp_traces/9257129a9af6-decompylepp.command.txt,PycLens/data/rq2/failed_cases_decompylepp_traces/9257129a9af6-decompylepp.stdout.txt,PycLens/data/rq2/failed_cases_decompylepp_traces/9257129a9af6-decompylepp.stderr.txt
37485fe44cd5,decompylepp,missing_case,entry not found: corrfitter-8.2/examples/__pycache__/etab.cpython-38.pyc,corrfitter,8.2,corrfitter-8.2.tar.gz,tar,corrfitter-8.2/examples/__pycache__/etab.cpython-38.pyc,,cpython-38,,True,4,pylingual_decompilable,decompyle3;marshal,error;exit_2,marshal_parse_failure;tool_exit,marshal:error:marshal_failed: || decompyle3:exit_2:File name: '/tmp/pybcsec-rq2-p3jmfq2u/sample.pyc (0 bytes)' is too short to be a valid pyc file,PycLens/data/rq2/failed_cases_decompylepp_traces/37485fe44cd5-decompylepp.command.txt,PycLens/data/rq2/failed_cases_decompylepp_traces/37485fe44cd5-decompylepp.stdout.txt,PycLens/data/rq2/failed_cases_decompylepp_traces/37485fe44cd5-decompylepp.stderr.txt
47f1cf62a92f,decompylepp,missing_case,entry not found: corrfitter-8.2/examples/__pycache__/etab.cpython-39.pyc,corrfitter,8.2,corrfitter-8.2.tar.gz,tar,corrfitter-8.2/examples/__pycache__/etab.cpython-39.pyc,,cpython-39,,True,4,pylingual_decompilable,decompyle3;marshal,error;exit_2,marshal_parse_failure;tool_exit,marshal:error:marshal_failed: || decompyle3:exit_2:File name: '/tmp/pybcsec-rq2-4ga6p77m/sample.pyc (0 bytes)' is too short to be a valid pyc file,PycLens/data/rq2/failed_cases_decompylepp_traces/47f1cf62a92f-decompylepp.command.txt,PycLens/data/rq2/failed_cases_decompylepp_traces/47f1cf62a92f-decompylepp.stdout.txt,PycLens/data/rq2/failed_cases_decompylepp_traces/47f1cf62a92f-decompylepp.stderr.txt
3a552a7c3ad4,decompylepp,missing_case,entry not found: corrfitter-8.2/examples/__pycache__/etas-Ds.cpython-38.pyc,corrfitter,8.2,corrfitter-8.2.tar.gz,tar,corrfitter-8.2/examples/__pycache__/etas-Ds.cpython-38.pyc,,cpython-38,,True,4,pylingual_decompilable,decompyle3;marshal,error;exit_2,marshal_parse_failure;tool_exit,marshal:error:marshal_failed: || decompyle3:exit_2:File name: '/tmp/pybcsec-rq2-qsiu1iqq/sample.pyc (0 bytes)' is too short to be a valid pyc file,PycLens/data/rq2/failed_cases_decompylepp_traces/3a552a7c3ad4-decompylepp.command.txt,PycLens/data/rq2/failed_cases_decompylepp_traces/3a552a7c3ad4-decompylepp.stdout.txt,PycLens/data/rq2/failed_cases_decompylepp_traces/3a552a7c3ad4-decompylepp.stderr.txt
f335df9477ab,decompylepp,missing_case,entry not found: corrfitter-8.2/examples/__pycache__/etas-Ds.cpython-39.pyc,corrfitter,8.2,corrfitter-8.2.tar.gz,tar,corrfitter-8.2/examples/__pycache__/etas-Ds.cpython-39.pyc,,cpython-39,,True,4,pylingual_decompilable,decompyle3;marshal,error;exit_2,marshal_parse_failure;tool_exit,marshal:error:marshal_failed: || decompyle3:exit_2:File name: '/tmp/pybcsec-rq2-ez49hvjw/sample.pyc (0 bytes)' is too short to be a valid pyc file,PycLens/data/rq2/failed_cases_decompylepp_traces/f335df9477ab-decompylepp.command.txt,PycLens/data/rq2/failed_cases_decompylepp_traces/f335df9477ab-decompylepp.stdout.txt,PycLens/data/rq2/failed_cases_decompylepp_traces/f335df9477ab-decompylepp.stderr.txt
6f24273d6f28,decompylepp,exit_1,Bad MAGIC! Could not load file PycLens/data/rq2/failed_cases/datadashr-0.2.5-cpython-312-6f24273d6f28.pyc,datadashr,0.2.5,datadashr-0.2.5.tar.gz,tar,datadashr-0.2.5/datadashr/api/__pycache__/crud.cpython-312(1).pyc,datadashr-0.2.5-cpython-312-6f24273d6f28.pyc,cpython-312,28783,True,4,pylingual_decompilable,decompyle3;marshal,error;exit_2,marshal_parse_failure;tool_exit,"marshal:error:marshal_failed:offset16:ValueError:bad marshal data (unknown type code),offset12:not_code,offset8:ValueError:bad marshal data (unknown type code) || decompyle3:exit_2:/root/PyBC-Sec/pybcSEC/data/rq2/envs/cpython-312/lib/python3.12/site-packages/click/core.py:1262: UserWarning: The parameter --version is used more than once. Remove its duplicate as parameters should be unique. parser = self.make_parser...",PycLens/data/rq2/failed_cases_decompylepp_traces/6f24273d6f28-decompylepp.command.txt,PycLens/data/rq2/failed_cases_decompylepp_traces/6f24273d6f28-decompylepp.stdout.txt,PycLens/data/rq2/failed_cases_decompylepp_traces/6f24273d6f28-decompylepp.stderr.txt
ad01927e0698,decompylepp,exit_1,CreateObject: Got unsupported type 0x0 Error loading file PycLens/data/rq2/failed_cases/decompyle3-3.9.3-cpython-38-ad01927e0698.pyc: std::bad_cast,decompyle3,3.9.3,decompyle3-3.9.3.tar.gz,tar,decompyle3-3.9.3/test/__pycache__/test_pyenvlib.cpython-38-PYTEST.pyc,decompyle3-3.9.3-cpython-38-ad01927e0698.pyc,cpython-38,3413,True,4,pylingual_decompilable,decompyle3,exit_2,tool_exit,"decompyle3:exit_2:Traceback (most recent call last): File ""/root/PyBC-Sec/pybcSEC/data/rq2/envs/cpython-38/lib/python3.8/site-packages/xdis/load.py"", line 328, in load_module_from_file_object co = marshal.loads(bytecode) ValueError: bad marshal data (unkn...",PycLens/data/rq2/failed_cases_decompylepp_traces/ad01927e0698-decompylepp.command.txt,PycLens/data/rq2/failed_cases_decompylepp_traces/ad01927e0698-decompylepp.stdout.txt,PycLens/data/rq2/failed_cases_decompylepp_traces/ad01927e0698-decompylepp.stderr.txt
2a9b231eedb8,decompylepp,exit_1,CreateObject: Got unsupported type 0x0 Error loading file PycLens/data/rq2/failed_cases/decompyle3-3.9.3-cpython-38-2a9b231eedb8.pyc: std::bad_cast,decompyle3,3.9.3,decompyle3-3.9.3.tar.gz,tar,decompyle3-3.9.3/test/__pycache__/test_pythonlib.cpython-38-PYTEST.pyc,decompyle3-3.9.3-cpython-38-2a9b231eedb8.pyc,cpython-38,3413,True,4,pylingual_decompilable,decompyle3,exit_2,tool_exit,"decompyle3:exit_2:Traceback (most recent call last): File ""/root/PyBC-Sec/pybcSEC/data/rq2/envs/cpython-38/lib/python3.8/site-packages/xdis/load.py"", line 328, in load_module_from_file_object co = marshal.loads(bytecode) ValueError: bad marshal data (unkn...",PycLens/data/rq2/failed_cases_decompylepp_traces/2a9b231eedb8-decompylepp.command.txt,PycLens/data/rq2/failed_cases_decompylepp_traces/2a9b231eedb8-decompylepp.stdout.txt,PycLens/data/rq2/failed_cases_decompylepp_traces/2a9b231eedb8-decompylepp.stderr.txt
26ad59e3afdf,decompylepp,exit_1,CreateObject: Got unsupported type 0x0 Error loading file PycLens/data/rq2/failed_cases/decompyle3-3.9.3-cpython-38-26ad59e3afdf.pyc: std::bad_cast,decompyle3,3.9.3,decompyle3-3.9.3.tar.gz,tar,decompyle3-3.9.3/test/__pycache__/test_unpy37.cpython-38-PYTEST.pyc,decompyle3-3.9.3-cpython-38-26ad59e3afdf.pyc,cpython-38,3413,True,4,pylingual_decompilable,decompyle3,exit_2,tool_exit,"decompyle3:exit_2:Traceback (most recent call last): File ""/root/PyBC-Sec/pybcSEC/data/rq2/envs/cpython-38/lib/python3.8/site-packages/xdis/load.py"", line 328, in load_module_from_file_object co = marshal.loads(bytecode) ValueError: bad marshal data (unkn...",PycLens/data/rq2/failed_cases_decompylepp_traces/26ad59e3afdf-decompylepp.command.txt,PycLens/data/rq2/failed_cases_decompylepp_traces/26ad59e3afdf-decompylepp.stdout.txt,PycLens/data/rq2/failed_cases_decompylepp_traces/26ad59e3afdf-decompylepp.stderr.txt
8b8e28114d65,decompylepp,exit_1,CreateObject: Got unsupported type 0x0 Error loading file PycLens/data/rq2/failed_cases/decompyle3-3.9.3-cpython-38-8b8e28114d65.pyc: std::bad_cast,decompyle3,3.9.3,decompyle3-3.9.3.tar.gz,tar,decompyle3-3.9.3/test/decompyle/__pycache__/test_empty.cpython-38-PYTEST.pyc,decompyle3-3.9.3-cpython-38-8b8e28114d65.pyc,cpython-38,3413,True,4,pylingual_decompilable,decompyle3,exit_2,tool_exit,"decompyle3:exit_2:Traceback (most recent call last): File ""/root/PyBC-Sec/pybcSEC/data/rq2/envs/cpython-38/lib/python3.8/site-packages/xdis/load.py"", line 328, in load_module_from_file_object co = marshal.loads(bytecode) ValueError: bad marshal data (unkn...",PycLens/data/rq2/failed_cases_decompylepp_traces/8b8e28114d65-decompylepp.command.txt,PycLens/data/rq2/failed_cases_decompylepp_traces/8b8e28114d65-decompylepp.stdout.txt,PycLens/data/rq2/failed_cases_decompylepp_traces/8b8e28114d65-decompylepp.stderr.txt
1aa534636ec6,decompylepp,exit_1,CreateObject: Got unsupported type 0x0 Error loading file PycLens/data/rq2/failed_cases/decompyle3-3.9.3-cpython-38-1aa534636ec6.pyc: std::bad_cast,decompyle3,3.9.3,decompyle3-3.9.3.tar.gz,tar,decompyle3-3.9.3/test/decompyle/__pycache__/test_exceptions.cpython-38-PYTEST.pyc,decompyle3-3.9.3-cpython-38-1aa534636ec6.pyc,cpython-38,3413,True,4,pylingual_decompilable,decompyle3,exit_2,tool_exit,"decompyle3:exit_2:Traceback (most recent call last): File ""/root/PyBC-Sec/pybcSEC/data/rq2/envs/cpython-38/lib/python3.8/site-packages/xdis/load.py"", line 328, in load_module_from_file_object co = marshal.loads(bytecode) ValueError: bad marshal data (unkn...",PycLens/data/rq2/failed_cases_decompylepp_traces/1aa534636ec6-decompylepp.command.txt,PycLens/data/rq2/failed_cases_decompylepp_traces/1aa534636ec6-decompylepp.stdout.txt,PycLens/data/rq2/failed_cases_decompylepp_traces/1aa534636ec6-decompylepp.stderr.txt
12f07b6b2521,decompylepp,exit_1,CreateObject: Got unsupported type 0x0 Error loading file PycLens/data/rq2/failed_cases/decompyle3-3.9.3-cpython-38-12f07b6b2521.pyc: std::bad_cast,decompyle3,3.9.3,decompyle3-3.9.3.tar.gz,tar,decompyle3-3.9.3/test/decompyle/__pycache__/test_expressions.cpython-38-PYTEST.pyc,decompyle3-3.9.3-cpython-38-12f07b6b2521.pyc,cpython-38,3413,True,4,pylingual_decompilable,decompyle3,exit_2,tool_exit,"decompyle3:exit_2:Traceback (most recent call last): File ""/root/PyBC-Sec/pybcSEC/data/rq2/envs/cpython-38/lib/python3.8/site-packages/xdis/load.py"", line 328, in load_module_from_file_object co = marshal.loads(bytecode) ValueError: bad marshal data (unkn...",PycLens/data/rq2/failed_cases_decompylepp_traces/12f07b6b2521-decompylepp.command.txt,PycLens/data/rq2/failed_cases_decompylepp_traces/12f07b6b2521-decompylepp.stdout.txt,PycLens/data/rq2/failed_cases_decompylepp_traces/12f07b6b2521-decompylepp.stderr.txt
f8aa5416e948,decompylepp,exit_1,CreateObject: Got unsupported type 0x0 Error loading file PycLens/data/rq2/failed_cases/decompyle3-3.9.3-cpython-38-f8aa5416e948.pyc: std::bad_cast,decompyle3,3.9.3,decompyle3-3.9.3.tar.gz,tar,decompyle3-3.9.3/test/decompyle/__pycache__/test_extendedPrint.cpython-38-PYTEST.pyc,decompyle3-3.9.3-cpython-38-f8aa5416e948.pyc,cpython-38,3413,True,4,pylingual_decompilable,decompyle3,exit_2,tool_exit,"decompyle3:exit_2:Traceback (most recent call last): File ""/root/PyBC-Sec/pybcSEC/data/rq2/envs/cpython-38/lib/python3.8/site-packages/xdis/load.py"", line 328, in load_module_from_file_object co = marshal.loads(bytecode) ValueError: bad marshal data (unkn...",PycLens/data/rq2/failed_cases_decompylepp_traces/f8aa5416e948-decompylepp.command.txt,PycLens/data/rq2/failed_cases_decompylepp_traces/f8aa5416e948-decompylepp.stdout.txt,PycLens/data/rq2/failed_cases_decompylepp_traces/f8aa5416e948-decompylepp.stderr.txt
4ea2cb4e6546,decompylepp,exit_1,CreateObject: Got unsupported type 0x0 Error loading file PycLens/data/rq2/failed_cases/decompyle3-3.9.3-cpython-38-4ea2cb4e6546.pyc: std::bad_cast,decompyle3,3.9.3,decompyle3-3.9.3.tar.gz,tar,decompyle3-3.9.3/test/decompyle/__pycache__/test_loops2.cpython-38-PYTEST.pyc,decompyle3-3.9.3-cpython-38-4ea2cb4e6546.pyc,cpython-38,3413,True,4,pylingual_decompilable,decompyle3,exit_2,tool_exit,"decompyle3:exit_2:Traceback (most recent call last): File ""/root/PyBC-Sec/pybcSEC/data/rq2/envs/cpython-38/lib/python3.8/site-packages/xdis/load.py"", line 328, in load_module_from_file_object co = marshal.loads(bytecode) ValueError: bad marshal data (unkn...",PycLens/data/rq2/failed_cases_decompylepp_traces/4ea2cb4e6546-decompylepp.command.txt,PycLens/data/rq2/failed_cases_decompylepp_traces/4ea2cb4e6546-decompylepp.stdout.txt,PycLens/data/rq2/failed_cases_decompylepp_traces/4ea2cb4e6546-decompylepp.stderr.txt
472ccba5b7e7,decompylepp,exit_1,CreateObject: Got unsupported type 0x0 Error loading file PycLens/data/rq2/failed_cases/decompyle3-3.9.3-cpython-38-472ccba5b7e7.pyc: std::bad_cast,decompyle3,3.9.3,decompyle3-3.9.3.tar.gz,tar,decompyle3-3.9.3/test/decompyle/__pycache__/test_prettyprint.cpython-38-PYTEST.pyc,decompyle3-3.9.3-cpython-38-472ccba5b7e7.pyc,cpython-38,3413,True,4,pylingual_decompilable,decompyle3,exit_2,tool_exit,"decompyle3:exit_2:Traceback (most recent call last): File ""/root/PyBC-Sec/pybcSEC/data/rq2/envs/cpython-38/lib/python3.8/site-packages/xdis/load.py"", line 328, in load_module_from_file_object co = marshal.loads(bytecode) ValueError: bad marshal data (unkn...",PycLens/data/rq2/failed_cases_decompylepp_traces/472ccba5b7e7-decompylepp.command.txt,PycLens/data/rq2/failed_cases_decompylepp_traces/472ccba5b7e7-decompylepp.stdout.txt,PycLens/data/rq2/failed_cases_decompylepp_traces/472ccba5b7e7-decompylepp.stderr.txt
aa4ebd9b81f2,decompylepp,exit_1,CreateObject: Got unsupported type 0x0 Error loading file PycLens/data/rq2/failed_cases/decompyle3-3.9.3-cpython-38-aa4ebd9b81f2.pyc: std::bad_cast,decompyle3,3.9.3,decompyle3-3.9.3.tar.gz,tar,decompyle3-3.9.3/test/decompyle/__pycache__/test_print_to.cpython-38-PYTEST.pyc,decompyle3-3.9.3-cpython-38-aa4ebd9b81f2.pyc,cpython-38,3413,True,4,pylingual_decompilable,decompyle3,exit_2,tool_exit,"decompyle3:exit_2:Traceback (most recent call last): File ""/root/PyBC-Sec/pybcSEC/data/rq2/envs/cpython-38/lib/python3.8/site-packages/xdis/load.py"", line 328, in load_module_from_file_object co = marshal.loads(bytecode) ValueError: bad marshal data (unkn...",PycLens/data/rq2/failed_cases_decompylepp_traces/aa4ebd9b81f2-decompylepp.command.txt,PycLens/data/rq2/failed_cases_decompylepp_traces/aa4ebd9b81f2-decompylepp.stdout.txt,PycLens/data/rq2/failed_cases_decompylepp_traces/aa4ebd9b81f2-decompylepp.stderr.txt
ac62f678a475,decompylepp,exit_1,CreateObject: Got unsupported type 0x0 Error loading file PycLens/data/rq2/failed_cases/decompyle3-3.9.3-cpython-38-ac62f678a475.pyc: std::bad_cast,decompyle3,3.9.3,decompyle3-3.9.3.tar.gz,tar,decompyle3-3.9.3/test/decompyle/__pycache__/test_slices.cpython-38-PYTEST.pyc,decompyle3-3.9.3-cpython-38-ac62f678a475.pyc,cpython-38,3413,True,4,pylingual_decompilable,decompyle3,exit_2,tool_exit,"decompyle3:exit_2:Traceback (most recent call last): File ""/root/PyBC-Sec/pybcSEC/data/rq2/envs/cpython-38/lib/python3.8/site-packages/xdis/load.py"", line 328, in load_module_from_file_object co = marshal.loads(bytecode) ValueError: bad marshal data (unkn...",PycLens/data/rq2/failed_cases_decompylepp_traces/ac62f678a475-decompylepp.command.txt,PycLens/data/rq2/failed_cases_decompylepp_traces/ac62f678a475-decompylepp.stdout.txt,PycLens/data/rq2/failed_cases_decompylepp_traces/ac62f678a475-decompylepp.stderr.txt
2aee8460dc30,decompylepp,exit_1,CreateObject: Got unsupported type 0x0 Error loading file PycLens/data/rq2/failed_cases/decompyle3-3.9.3-cpython-38-2aee8460dc30.pyc: std::bad_cast,decompyle3,3.9.3,decompyle3-3.9.3.tar.gz,tar,decompyle3-3.9.3/test/simple_source/bug31/__pycache__/05_abc_test.cpython-38-PYTEST.pyc,decompyle3-3.9.3-cpython-38-2aee8460dc30.pyc,cpython-38,3413,True,4,pylingual_decompilable,decompyle3,exit_2,tool_exit,"decompyle3:exit_2:Traceback (most recent call last): File ""/root/PyBC-Sec/pybcSEC/data/rq2/envs/cpython-38/lib/python3.8/site-packages/xdis/load.py"", line 328, in load_module_from_file_object co = marshal.loads(bytecode) ValueError: bad marshal data (unkn...",PycLens/data/rq2/failed_cases_decompylepp_traces/2aee8460dc30-decompylepp.command.txt,PycLens/data/rq2/failed_cases_decompylepp_traces/2aee8460dc30-decompylepp.stdout.txt,PycLens/data/rq2/failed_cases_decompylepp_traces/2aee8460dc30-decompylepp.stderr.txt
6ad6b0602a75,decompylepp,exit_1,CreateObject: Got unsupported type 0x0 Error loading file PycLens/data/rq2/failed_cases/delphai-search-utils-0.2.1-cpython-38-6ad6b0602a75.pyc: std::bad_cast,delphai-search-utils,0.2.1,delphai_search_utils-0.2.1.tar.gz,tar,delphai_search_utils-0.2.1/delphai_search_utils/tests/__pycache__/test_utils.cpython-38-pytest-5.4.3.pyc,delphai-search-utils-0.2.1-cpython-38-6ad6b0602a75.pyc,cpython-38,3413,True,4,pylingual_decompilable,decompyle3,exit_2,tool_exit,"decompyle3:exit_2:Traceback (most recent call last): File ""/root/PyBC-Sec/pybcSEC/data/rq2/envs/cpython-38/lib/python3.8/site-packages/xdis/load.py"", line 328, in load_module_from_file_object co = marshal.loads(bytecode) ValueError: bad marshal data (unkn...",PycLens/data/rq2/failed_cases_decompylepp_traces/6ad6b0602a75-decompylepp.command.txt,PycLens/data/rq2/failed_cases_decompylepp_traces/6ad6b0602a75-decompylepp.stdout.txt,PycLens/data/rq2/failed_cases_decompylepp_traces/6ad6b0602a75-decompylepp.stderr.txt
7baa63f29525,decompylepp,exit_1,Warning: Stack history is not empty! Warning: block stack is not empty! Error decompyling PycLens/data/rq2/failed_cases/django-connectwise-1.20.0-cpython-38-7baa63f29525.pyc: std::bad_cast,django-connectwise,1.20.0,django_connectwise-1.20.0-py3-none-any.whl,wheel,djconnectwise/__pycache__/api.cpython-38.pyc,django-connectwise-1.20.0-cpython-38-7baa63f29525.pyc,cpython-38,3413,True,4,pylingual_decompilable,decompyle3,exit_1,tool_exit,"decompyle3:exit_1:Traceback (most recent call last): File ""data/rq2/envs/cpython-38/bin/decompyle3"", line 8, in <module> sys.exit(main_bin()) File ""/root/PyBC-Sec/pybcSEC/data/rq2/envs/cpython-38/lib/python3.8/site-packages/click/core.py"", line 1161, in _...",PycLens/data/rq2/failed_cases_decompylepp_traces/7baa63f29525-decompylepp.command.txt,PycLens/data/rq2/failed_cases_decompylepp_traces/7baa63f29525-decompylepp.stdout.txt,PycLens/data/rq2/failed_cases_decompylepp_traces/7baa63f29525-decompylepp.stderr.txt
9f8abbc82d0c,decompylepp,exit_1,Error decompyling PycLens/data/rq2/failed_cases/dovado-rtl-0.10.12-cpython-39-9f8abbc82d0c.pyc: std::bad_cast,dovado-rtl,0.10.12,dovado_rtl-0.10.12.tar.gz,tar,dovado_rtl-0.10.12/dovado_rtl/parsers/system_verilog/generated/__pycache__/SystemVerilogParser.cpython-39.pyc,dovado-rtl-0.10.12-cpython-39-9f8abbc82d0c.pyc,cpython-39,3425,True,3,decompyle3_decompilable,pylingual,timeout,timeout,pylingual:timeout:timeout_after_600s,PycLens/data/rq2/failed_cases_decompylepp_traces/9f8abbc82d0c-decompylepp.command.txt,PycLens/data/rq2/failed_cases_decompylepp_traces/9f8abbc82d0c-decompylepp.stdout.txt,PycLens/data/rq2/failed_cases_decompylepp_traces/9f8abbc82d0c-decompylepp.stderr.txt
7a12e476ca17,decompylepp,exit_1,Something TERRIBLE happened! No matching with block found for WITH_CLEANUP at 17128 Warning: block stack is not empty! Error decompyling PycLens/data/rq2/failed_cases/dovado-rtl-0.10.12-cpython-38-7a12e476ca17.pyc: std::bad_cast,dovado-rtl,0.10.12,dovado_rtl-0.10.12.tar.gz,tar,dovado_rtl-0.10.12/dovado_rtl/parsers/utilities/antlr/__pycache__/vhdlParser.cpython-38.pyc,dovado-rtl-0.10.12-cpython-38-7a12e476ca17.pyc,cpython-38,3413,False,4,pylingual_decompilable,decompyle3,timeout,timeout,decompyle3:timeout:timeout_after_600s,PycLens/data/rq2/failed_cases_decompylepp_traces/7a12e476ca17-decompylepp.command.txt,PycLens/data/rq2/failed_cases_decompylepp_traces/7a12e476ca17-decompylepp.stdout.txt,PycLens/data/rq2/failed_cases_decompylepp_traces/7a12e476ca17-decompylepp.stderr.txt
e3dc50eb71e6,decompylepp,exit_1,Bad MAGIC! Could not load file PycLens/data/rq2/failed_cases/euphoria-1.0.0-cpython-311-e3dc50eb71e6.pyc,euphoria,1.0.0,euphoria-1.0.0.tar.gz,tar,euphoria-1.0.0/venues/stages/euphoria/clouds/supp_NIH/nature/form/serving_size/amount/__pycache__/__init__.cpython-311.pyc,euphoria-1.0.0-cpython-311-e3dc50eb71e6.pyc,cpython-311,42946,True,4,pylingual_decompilable,decompyle3;marshal,error;exit_2,marshal_parse_failure;tool_exit,marshal:error:marshal_failed: || decompyle3:exit_2:/root/PyBC-Sec/pybcSEC/data/rq2/envs/cpython-311/lib/python3.11/site-packages/click/core.py:1262: UserWarning: The parameter --version is used more than once. Remove its duplicate as parameters should be unique. parser = self.make_parser...,PycLens/data/rq2/failed_cases_decompylepp_traces/e3dc50eb71e6-decompylepp.command.txt,PycLens/data/rq2/failed_cases_decompylepp_traces/e3dc50eb71e6-decompylepp.stdout.txt,PycLens/data/rq2/failed_cases_decompylepp_traces/e3dc50eb71e6-decompylepp.stderr.txt
3882091fb5f7,decompylepp,exit_1,Bad MAGIC! Could not load file PycLens/data/rq2/failed_cases/euphoria-1.0.0-cpython-311-3882091fb5f7.pyc,euphoria,1.0.0,euphoria-1.0.0.tar.gz,tar,euphoria-1.0.0/venues/stages/euphoria/clouds/supp_NIH/nature/form/unit/__pycache__/__init__.cpython-311.pyc,euphoria-1.0.0-cpython-311-3882091fb5f7.pyc,cpython-311,42946,True,4,pylingual_decompilable,decompyle3;marshal,error;exit_2,marshal_parse_failure;tool_exit,marshal:error:marshal_failed: || decompyle3:exit_2:/root/PyBC-Sec/pybcSEC/data/rq2/envs/cpython-311/lib/python3.11/site-packages/click/core.py:1262: UserWarning: The parameter --version is used more than once. Remove its duplicate as parameters should be unique. parser = self.make_parser...,PycLens/data/rq2/failed_cases_decompylepp_traces/3882091fb5f7-decompylepp.command.txt,PycLens/data/rq2/failed_cases_decompylepp_traces/3882091fb5f7-decompylepp.stdout.txt,PycLens/data/rq2/failed_cases_decompylepp_traces/3882091fb5f7-decompylepp.stderr.txt
0915571701b9,decompylepp,exit_1,Bad MAGIC! Could not load file PycLens/data/rq2/failed_cases/euphoria-1.0.0-cpython-311-0915571701b9.pyc,euphoria,1.0.0,euphoria-1.0.0.tar.gz,tar,euphoria-1.0.0/venues/stages/euphoria/mixes/insure/__pycache__/equalities.cpython-311.pyc,euphoria-1.0.0-cpython-311-0915571701b9.pyc,cpython-311,42946,True,4,pylingual_decompilable,decompyle3;marshal,error;exit_2,marshal_parse_failure;tool_exit,marshal:error:marshal_failed: || decompyle3:exit_2:/root/PyBC-Sec/pybcSEC/data/rq2/envs/cpython-311/lib/python3.11/site-packages/click/core.py:1262: UserWarning: The parameter --version is used more than once. Remove its duplicate as parameters should be unique. parser = self.make_parser...,PycLens/data/rq2/failed_cases_decompylepp_traces/0915571701b9-decompylepp.command.txt,PycLens/data/rq2/failed_cases_decompylepp_traces/0915571701b9-decompylepp.stdout.txt,PycLens/data/rq2/failed_cases_decompylepp_traces/0915571701b9-decompylepp.stderr.txt
38c5ba7e35a1,decompylepp,exit_1,Bad MAGIC! Could not load file PycLens/data/rq2/failed_cases/euphoria-1.0.0-cpython-311-38c5ba7e35a1.pyc,euphoria,1.0.0,euphoria-1.0.0.tar.gz,tar,euphoria-1.0.0/venues/stages/euphoria/mixes/insure/__pycache__/equality.cpython-311.pyc,euphoria-1.0.0-cpython-311-38c5ba7e35a1.pyc,cpython-311,42946,True,4,pylingual_decompilable,decompyle3;marshal,error;exit_2,marshal_parse_failure;tool_exit,marshal:error:marshal_failed: || decompyle3:exit_2:/root/PyBC-Sec/pybcSEC/data/rq2/envs/cpython-311/lib/python3.11/site-packages/click/core.py:1262: UserWarning: The parameter --version is used more than once. Remove its duplicate as parameters should be unique. parser = self.make_parser...,PycLens/data/rq2/failed_cases_decompylepp_traces/38c5ba7e35a1-decompylepp.command.txt,PycLens/data/rq2/failed_cases_decompylepp_traces/38c5ba7e35a1-decompylepp.stdout.txt,PycLens/data/rq2/failed_cases_decompylepp_traces/38c5ba7e35a1-decompylepp.stderr.txt
b550a86ef4a9,decompylepp,exit_1,Bad MAGIC! Could not load file PycLens/data/rq2/failed_cases/euphoria-1.0.0-cpython-311-b550a86ef4a9.pyc,euphoria,1.0.0,euphoria-1.0.0.tar.gz,tar,euphoria-1.0.0/venues/stages/euphoria/mixes/insure/__pycache__/override_print.cpython-311.pyc,euphoria-1.0.0-cpython-311-b550a86ef4a9.pyc,cpython-311,42946,True,4,pylingual_decompilable,decompyle3;marshal,error;exit_2,marshal_parse_failure;tool_exit,marshal:error:marshal_failed: || decompyle3:exit_2:/root/PyBC-Sec/pybcSEC/data/rq2/envs/cpython-311/lib/python3.11/site-packages/click/core.py:1262: UserWarning: The parameter --version is used more than once. Remove its duplicate as parameters should be unique. parser = self.make_parser...,PycLens/data/rq2/failed_cases_decompylepp_traces/b550a86ef4a9-decompylepp.command.txt,PycLens/data/rq2/failed_cases_decompylepp_traces/b550a86ef4a9-decompylepp.stdout.txt,PycLens/data/rq2/failed_cases_decompylepp_traces/b550a86ef4a9-decompylepp.stderr.txt
3c9d3ee2efb0,decompylepp,exit_1,PycFile::getByte(): Unexpected end of stream,factory-farm,1.2.6,factory_farm-1.2.6.tar.gz,tar,factory_farm-1.2.6/venues/stages/factory_farm/procedures/implicit_procedure/process/keg/spaces/__pycache__/done_with_path.cpython-310.pyc,factory-farm-1.2.6-cpython-310-3c9d3ee2efb0.pyc,cpython-310,3439,False,4,pylingual_decompilable,decompyle3;marshal,error;exit_2,marshal_parse_failure;tool_exit,marshal:error:marshal_failed: || decompyle3:exit_2:/root/PyBC-Sec/pybcSEC/data/rq2/envs/cpython-310/lib/python3.10/site-packages/click/core.py:1262: UserWarning: The parameter --version is used more than once. Remove its duplicate as parameters should be unique. parser = self.make_parser...,PycLens/data/rq2/failed_cases_decompylepp_traces/3c9d3ee2efb0-decompylepp.command.txt,PycLens/data/rq2/failed_cases_decompylepp_traces/3c9d3ee2efb0-decompylepp.stdout.txt,PycLens/data/rq2/failed_cases_decompylepp_traces/3c9d3ee2efb0-decompylepp.stderr.txt
b174f7277283,decompylepp,exit_1,CreateObject: Got unsupported type 0x0 Error loading file PycLens/data/rq2/failed_cases/flasgger-0.9.7.1-cpython-38-b174f7277283.pyc: std::bad_cast,flasgger,0.9.7.1,flasgger-0.9.7.1.tar.gz,tar,flasgger-0.9.7.1/tests/__pycache__/conftest.cpython-38-pytest-6.1.1.pyc,flasgger-0.9.7.1-cpython-38-b174f7277283.pyc,cpython-38,3413,True,4,pylingual_decompilable,decompyle3,exit_2,tool_exit,"decompyle3:exit_2:Traceback (most recent call last): File ""/root/PyBC-Sec/pybcSEC/data/rq2/envs/cpython-38/lib/python3.8/site-packages/xdis/load.py"", line 328, in load_module_from_file_object co = marshal.loads(bytecode) ValueError: bad marshal data (unkn...",PycLens/data/rq2/failed_cases_decompylepp_traces/b174f7277283-decompylepp.command.txt,PycLens/data/rq2/failed_cases_decompylepp_traces/b174f7277283-decompylepp.stdout.txt,PycLens/data/rq2/failed_cases_decompylepp_traces/b174f7277283-decompylepp.stderr.txt
8fbcb93b38fc,decompylepp,exit_1,Error decompyling PycLens/data/rq2/failed_cases/flask-admin-plus-1.6.22-cpython-38-8fbcb93b38fc.pyc: std::bad_cast,flask-admin-plus,1.6.22,flask_admin_plus-1.6.22.tar.gz,tar,flask_admin_plus-1.6.22/flask_admin/tests/mongoengine/__pycache__/test_basic.cpython-38-pytest-7.1.2.pyc,flask-admin-plus-1.6.22-cpython-38-8fbcb93b38fc.pyc,cpython-38,3413,True,4,pylingual_decompilable,decompyle3,timeout,timeout,decompyle3:timeout:timeout_after_600s,PycLens/data/rq2/failed_cases_decompylepp_traces/8fbcb93b38fc-decompylepp.command.txt,PycLens/data/rq2/failed_cases_decompylepp_traces/8fbcb93b38fc-decompylepp.stdout.txt,PycLens/data/rq2/failed_cases_decompylepp_traces/8fbcb93b38fc-decompylepp.stderr.txt
00f0acc4f6f1,decompylepp,exit_1,Error decompyling PycLens/data/rq2/failed_cases/flask-admin-plus-1.6.22-cpython-38-00f0acc4f6f1.pyc: std::bad_cast,flask-admin-plus,1.6.22,flask_admin_plus-1.6.22.tar.gz,tar,flask_admin_plus-1.6.22/flask_admin/tests/peeweemodel/__pycache__/test_basic.cpython-38-pytest-7.1.2.pyc,flask-admin-plus-1.6.22-cpython-38-00f0acc4f6f1.pyc,cpython-38,3413,True,4,pylingual_decompilable,decompyle3,timeout,timeout,decompyle3:timeout:timeout_after_600s,PycLens/data/rq2/failed_cases_decompylepp_traces/00f0acc4f6f1-decompylepp.command.txt,PycLens/data/rq2/failed_cases_decompylepp_traces/00f0acc4f6f1-decompylepp.stdout.txt,PycLens/data/rq2/failed_cases_decompylepp_traces/00f0acc4f6f1-decompylepp.stderr.txt
b856dfff925e,decompylepp,exit_1,Error decompyling PycLens/data/rq2/failed_cases/flask-admin-plus-1.6.22-cpython-38-b856dfff925e.pyc: std::bad_cast,flask-admin-plus,1.6.22,flask_admin_plus-1.6.22.tar.gz,tar,flask_admin_plus-1.6.22/flask_admin/tests/sqla/__pycache__/test_basic.cpython-38-pytest-7.1.2.pyc,flask-admin-plus-1.6.22-cpython-38-b856dfff925e.pyc,cpython-38,3413,True,4,pylingual_decompilable,decompyle3,timeout,timeout,decompyle3:timeout:timeout_after_600s,PycLens/data/rq2/failed_cases_decompylepp_traces/b856dfff925e-decompylepp.command.txt,PycLens/data/rq2/failed_cases_decompylepp_traces/b856dfff925e-decompylepp.stdout.txt,PycLens/data/rq2/failed_cases_decompylepp_traces/b856dfff925e-decompylepp.stderr.txt
81f340650cf7,decompylepp,exit_1,Bad MAGIC! Could not load file PycLens/data/rq2/failed_cases/foam-hair-1.6.1-cpython-311-81f340650cf7.pyc,foam-hair,1.6.1,foam_hair-1.6.1.tar.gz,tar,foam_hair-1.6.1/vehicles/foam_hair/_clique/group/__pycache__/__init__.cpython-311.pyc,foam-hair-1.6.1-cpython-311-81f340650cf7.pyc,cpython-311,42946,True,4,pylingual_decompilable,decompyle3;marshal,error;exit_2,marshal_parse_failure;tool_exit,marshal:error:marshal_failed: || decompyle3:exit_2:/root/PyBC-Sec/pybcSEC/data/rq2/envs/cpython-311/lib/python3.11/site-packages/click/core.py:1262: UserWarning: The parameter --version is used more than once. Remove its duplicate as parameters should be unique. parser = self.make_parser...,PycLens/data/rq2/failed_cases_decompylepp_traces/81f340650cf7-decompylepp.command.txt,PycLens/data/rq2/failed_cases_decompylepp_traces/81f340650cf7-decompylepp.stdout.txt,PycLens/data/rq2/failed_cases_decompylepp_traces/81f340650cf7-decompylepp.stderr.txt
455ebbaac869,decompylepp,exit_1,Bad MAGIC! Could not load file PycLens/data/rq2/failed_cases/foam-rodeo-0.0.1-cpython-311-455ebbaac869.pyc,foam-rodeo,0.0.1,foam_rodeo-0.0.1.tar.gz,tar,foam_rodeo-0.0.1/vehicles/foam_rodeo/_clique/group/__pycache__/__init__.cpython-311.pyc,foam-rodeo-0.0.1-cpython-311-455ebbaac869.pyc,cpython-311,42946,True,4,pylingual_decompilable,decompyle3;marshal,error;exit_2,marshal_parse_failure;tool_exit,marshal:error:marshal_failed: || decompyle3:exit_2:/root/PyBC-Sec/pybcSEC/data/rq2/envs/cpython-311/lib/python3.11/site-packages/click/core.py:1262: UserWarning: The parameter --version is used more than once. Remove its duplicate as parameters should be unique. parser = self.make_parser...,PycLens/data/rq2/failed_cases_decompylepp_traces/455ebbaac869-decompylepp.command.txt,PycLens/data/rq2/failed_cases_decompylepp_traces/455ebbaac869-decompylepp.stdout.txt,PycLens/data/rq2/failed_cases_decompylepp_traces/455ebbaac869-decompylepp.stderr.txt
e02119dc29ad,decompylepp,exit_1,Error decompyling PycLens/data/rq2/failed_cases/gluoncv2-0.0.64-cpython-38-e02119dc29ad.pyc: std::bad_cast,gluoncv2,0.0.64,gluoncv2-0.0.64.linux-x86_64.tar.gz,tar,usr/local/lib/python3.8/dist-packages/gluoncv2/models/__pycache__/resnext_cifar.cpython-38.pyc,gluoncv2-0.0.64-cpython-38-e02119dc29ad.pyc,cpython-38,3413,True,4,pylingual_decompilable,decompyle3,timeout,timeout,decompyle3:timeout:timeout_after_600s,PycLens/data/rq2/failed_cases_decompylepp_traces/e02119dc29ad-decompylepp.command.txt,PycLens/data/rq2/failed_cases_decompylepp_traces/e02119dc29ad-decompylepp.stdout.txt,PycLens/data/rq2/failed_cases_decompylepp_traces/e02119dc29ad-decompylepp.stderr.txt
549d0b34b83f,decompylepp,exit_1,PycBuffer::getByte(): Unexpected end of stream,gseim,1.4,GSEIM-1.4.tar.gz,tar,GSEIM-1.4/src/grc/gui/__pycache__/Application.cpython-38.pyc,gseim-1.4-cpython-38-549d0b34b83f.pyc,cpython-38,3413,True,4,pylingual_decompilable,decompyle3,timeout,timeout,decompyle3:timeout:timeout_after_600s,PycLens/data/rq2/failed_cases_decompylepp_traces/549d0b34b83f-decompylepp.command.txt,PycLens/data/rq2/failed_cases_decompylepp_traces/549d0b34b83f-decompylepp.stdout.txt,PycLens/data/rq2/failed_cases_decompylepp_traces/549d0b34b83f-decompylepp.stderr.txt
4a0a2074322e,decompylepp,ok,,gseim,1.4,GSEIM-1.4.tar.gz,tar,GSEIM-1.4/src/grc/gui/canvas/__pycache__/block.cpython-38.pyc,gseim-1.4-cpython-38-4a0a2074322e.pyc,cpython-38,3413,True,4,pylingual_decompilable,decompyle3,timeout,timeout,decompyle3:timeout:timeout_after_600s,,,
502b5fe17737,decompylepp,ok,,gseim,1.4,GSEIM-1.4.tar.gz,tar,GSEIM-1.4/src/grc/gui/canvas/__pycache__/rect_wiring.cpython-38.pyc,gseim-1.4-cpython-38-502b5fe17737.pyc,cpython-38,3413,True,4,pylingual_decompilable,decompyle3,timeout,timeout,decompyle3:timeout:timeout_after_600s,,,
34d39ec24125,decompylepp,exit_1,PycBuffer::getByte(): Unexpected end of stream,gseimiitb,1.1,GSEIMIITB-1.1.tar.gz,tar,GSEIMIITB-1.1/src/grc/gui/__pycache__/Application.cpython-38.pyc,gseimiitb-1.1-cpython-38-34d39ec24125.pyc,cpython-38,3413,True,4,pylingual_decompilable,decompyle3,timeout,timeout,decompyle3:timeout:timeout_after_600s,PycLens/data/rq2/failed_cases_decompylepp_traces/34d39ec24125-decompylepp.command.txt,PycLens/data/rq2/failed_cases_decompylepp_traces/34d39ec24125-decompylepp.stdout.txt,PycLens/data/rq2/failed_cases_decompylepp_traces/34d39ec24125-decompylepp.stderr.txt
fb779f457de1,decompylepp,ok,,gseimiitb,1.1,GSEIMIITB-1.1.tar.gz,tar,GSEIMIITB-1.1/src/grc/gui/canvas/__pycache__/block.cpython-38.pyc,gseimiitb-1.1-cpython-38-fb779f457de1.pyc,cpython-38,3413,True,4,pylingual_decompilable,decompyle3,timeout,timeout,decompyle3:timeout:timeout_after_600s,,,
571412ccc799,decompylepp,ok,,gseimiitb,1.1,GSEIMIITB-1.1.tar.gz,tar,GSEIMIITB-1.1/src/grc/gui/canvas/__pycache__/rect_wiring.cpython-38.pyc,gseimiitb-1.1-cpython-38-571412ccc799.pyc,cpython-38,3413,True,4,pylingual_decompilable,decompyle3,timeout,timeout,decompyle3:timeout:timeout_after_600s,,,
fe47a15c0fc1,decompylepp,exit_1,Bad MAGIC! Could not load file PycLens/data/rq2/failed_cases/hemoglycin-2.0.0-cpython-311-fe47a15c0fc1.pyc,hemoglycin,2.0.0,hemoglycin-2.0.0.tar.gz,tar,hemoglycin-2.0.0/vehicles/Hemoglycin/_clique/group/__pycache__/__init__.cpython-311.pyc,hemoglycin-2.0.0-cpython-311-fe47a15c0fc1.pyc,cpython-311,42946,True,4,pylingual_decompilable,decompyle3;marshal,error;exit_2,marshal_parse_failure;tool_exit,marshal:error:marshal_failed: || decompyle3:exit_2:/root/PyBC-Sec/pybcSEC/data/rq2/envs/cpython-311/lib/python3.11/site-packages/click/core.py:1262: UserWarning: The parameter --version is used more than once. Remove its duplicate as parameters should be unique. parser = self.make_parser...,PycLens/data/rq2/failed_cases_decompylepp_traces/fe47a15c0fc1-decompylepp.command.txt,PycLens/data/rq2/failed_cases_decompylepp_traces/fe47a15c0fc1-decompylepp.stdout.txt,PycLens/data/rq2/failed_cases_decompylepp_traces/fe47a15c0fc1-decompylepp.stderr.txt
e725c75b8c93,decompylepp,exit_1,Warning: block stack is not empty! Unsupported Node type: 12 Warning: Stack history is not empty! Warning: Stack history is not empty! Warning: block stack is not empty! Warning: block stack is not empty! Unsupported node type 9 in NODE_...,investment,0.2.17,investment-0.2.17-py3-none-any.whl,wheel,investment/data/__pycache__/_data.cpython-38.pyc,investment-0.2.17-cpython-38-e725c75b8c93.pyc,cpython-38,3413,True,4,pylingual_decompilable,decompyle3,timeout,timeout,decompyle3:timeout:timeout_after_600s,PycLens/data/rq2/failed_cases_decompylepp_traces/e725c75b8c93-decompylepp.command.txt,PycLens/data/rq2/failed_cases_decompylepp_traces/e725c75b8c93-decompylepp.stdout.txt,PycLens/data/rq2/failed_cases_decompylepp_traces/e725c75b8c93-decompylepp.stderr.txt
8db6662a7e0a,decompylepp,exit_1,Error decompyling PycLens/data/rq2/failed_cases/jembe-0.3.15-cpython-38-8db6662a7e0a.pyc: std::bad_cast,jembe,0.3.15,jembe-0.3.15-py3-none-any.whl,wheel,jembe/__pycache__/processor.cpython-38.pyc,jembe-0.3.15-cpython-38-8db6662a7e0a.pyc,cpython-38,3413,True,4,pylingual_decompilable,decompyle3,exit_1,tool_exit,"decompyle3:exit_1:Traceback (most recent call last): File ""data/rq2/envs/cpython-38/bin/decompyle3"", line 8, in <module> sys.exit(main_bin()) File ""/root/PyBC-Sec/pybcSEC/data/rq2/envs/cpython-38/lib/python3.8/site-packages/click/core.py"", line 1161, in _...",PycLens/data/rq2/failed_cases_decompylepp_traces/8db6662a7e0a-decompylepp.command.txt,PycLens/data/rq2/failed_cases_decompylepp_traces/8db6662a7e0a-decompylepp.stdout.txt,PycLens/data/rq2/failed_cases_decompylepp_traces/8db6662a7e0a-decompylepp.stderr.txt
aee6a2bd9a47,decompylepp,exit_1,Error decompyling PycLens/data/rq2/failed_cases/jembe-0.3.15-cpython-38-aee6a2bd9a47.pyc: std::bad_cast,jembe,0.3.15,jembe-0.3.15.tar.gz,tar,jembe-0.3.15/jembe/__pycache__/processor.cpython-38.pyc,jembe-0.3.15-cpython-38-aee6a2bd9a47.pyc,cpython-38,3413,True,4,pylingual_decompilable,decompyle3,exit_1,tool_exit,"decompyle3:exit_1:Traceback (most recent call last): File ""data/rq2/envs/cpython-38/bin/decompyle3"", line 8, in <module> sys.exit(main_bin()) File ""/root/PyBC-Sec/pybcSEC/data/rq2/envs/cpython-38/lib/python3.8/site-packages/click/core.py"", line 1161, in _...",PycLens/data/rq2/failed_cases_decompylepp_traces/aee6a2bd9a47-decompylepp.command.txt,PycLens/data/rq2/failed_cases_decompylepp_traces/aee6a2bd9a47-decompylepp.stdout.txt,PycLens/data/rq2/failed_cases_decompylepp_traces/aee6a2bd9a47-decompylepp.stderr.txt
d0df7fb092cc,decompylepp,exit_1,Bad MAGIC! Could not load file PycLens/data/rq2/failed_cases/libmercury-0.85-cpython-314-d0df7fb092cc.pyc,libmercury,0.85,libmercury-0.85-py3-none-any.whl,wheel,libmercury/__pycache__/__init__.cpython-314.pyc,libmercury-0.85-cpython-314-d0df7fb092cc.pyc,cpython-314,3606,True,4,pylingual_decompilable,dis,error,disassembly_failure,dis:error:dis_failed:IndexError:tuple index out of range,PycLens/data/rq2/failed_cases_decompylepp_traces/d0df7fb092cc-decompylepp.command.txt,PycLens/data/rq2/failed_cases_decompylepp_traces/d0df7fb092cc-decompylepp.stdout.txt,PycLens/data/rq2/failed_cases_decompylepp_traces/d0df7fb092cc-decompylepp.stderr.txt
3ca8e7528adb,decompylepp,exit_1,Bad MAGIC! Could not load file PycLens/data/rq2/failed_cases/libmercury-0.85-cpython-314-3ca8e7528adb.pyc,libmercury,0.85,libmercury-0.85.tar.gz,tar,libmercury-0.85/src/libmercury/__pycache__/__init__.cpython-314.pyc,libmercury-0.85-cpython-314-3ca8e7528adb.pyc,cpython-314,3606,True,4,pylingual_decompilable,dis,error,disassembly_failure,dis:error:dis_failed:IndexError:tuple index out of range,PycLens/data/rq2/failed_cases_decompylepp_traces/3ca8e7528adb-decompylepp.command.txt,PycLens/data/rq2/failed_cases_decompylepp_traces/3ca8e7528adb-decompylepp.stdout.txt,PycLens/data/rq2/failed_cases_decompylepp_traces/3ca8e7528adb-decompylepp.stderr.txt
d366204c40fa,decompylepp,exit_1,CreateObject: Got unsupported type 0x0 Error loading file PycLens/data/rq2/failed_cases/lifedata-0.1.1-cpython-38-d366204c40fa.pyc: std::bad_cast,lifedata,0.1.1,lifedata-0.1.1-py3-none-any.whl,wheel,lifedata/cli/__pycache__/init_test.cpython-38-pytest-6.0.1.pyc,lifedata-0.1.1-cpython-38-d366204c40fa.pyc,cpython-38,3413,True,4,pylingual_decompilable,decompyle3,exit_2,tool_exit,"decompyle3:exit_2:Traceback (most recent call last): File ""/root/PyBC-Sec/pybcSEC/data/rq2/envs/cpython-38/lib/python3.8/site-packages/xdis/load.py"", line 328, in load_module_from_file_object co = marshal.loads(bytecode) ValueError: bad marshal data (unkn...",PycLens/data/rq2/failed_cases_decompylepp_traces/d366204c40fa-decompylepp.command.txt,PycLens/data/rq2/failed_cases_decompylepp_traces/d366204c40fa-decompylepp.stdout.txt,PycLens/data/rq2/failed_cases_decompylepp_traces/d366204c40fa-decompylepp.stderr.txt
29ecae5ffddb,decompylepp,exit_1,CreateObject: Got unsupported type 0x0 Error loading file PycLens/data/rq2/failed_cases/lifedata-0.1.1-cpython-38-29ecae5ffddb.pyc: std::bad_cast,lifedata,0.1.1,lifedata-0.1.1-py3-none-any.whl,wheel,lifedata/cli/__pycache__/main_test.cpython-38-pytest-6.0.1.pyc,lifedata-0.1.1-cpython-38-29ecae5ffddb.pyc,cpython-38,3413,False,4,pylingual_decompilable,decompyle3,exit_2,tool_exit,"decompyle3:exit_2:Traceback (most recent call last): File ""/root/PyBC-Sec/pybcSEC/data/rq2/envs/cpython-38/lib/python3.8/site-packages/xdis/load.py"", line 328, in load_module_from_file_object co = marshal.loads(bytecode) ValueError: bad marshal data (unkn...",PycLens/data/rq2/failed_cases_decompylepp_traces/29ecae5ffddb-decompylepp.command.txt,PycLens/data/rq2/failed_cases_decompylepp_traces/29ecae5ffddb-decompylepp.stdout.txt,PycLens/data/rq2/failed_cases_decompylepp_traces/29ecae5ffddb-decompylepp.stderr.txt
0d2125653821,decompylepp,exit_1,CreateObject: Got unsupported type 0x0 Error loading file PycLens/data/rq2/failed_cases/lifedata-0.1.1-cpython-38-0d2125653821.pyc: std::bad_cast,lifedata,0.1.1,lifedata-0.1.1-py3-none-any.whl,wheel,lifedata/cli/__pycache__/start_test.cpython-38-pytest-6.0.1.pyc,lifedata-0.1.1-cpython-38-0d2125653821.pyc,cpython-38,3413,True,4,pylingual_decompilable,decompyle3,exit_2,tool_exit,"decompyle3:exit_2:Traceback (most recent call last): File ""/root/PyBC-Sec/pybcSEC/data/rq2/envs/cpython-38/lib/python3.8/site-packages/xdis/load.py"", line 328, in load_module_from_file_object co = marshal.loads(bytecode) ValueError: bad marshal data (unkn...",PycLens/data/rq2/failed_cases_decompylepp_traces/0d2125653821-decompylepp.command.txt,PycLens/data/rq2/failed_cases_decompylepp_traces/0d2125653821-decompylepp.stdout.txt,PycLens/data/rq2/failed_cases_decompylepp_traces/0d2125653821-decompylepp.stderr.txt
8ebcaf3103f9,decompylepp,exit_1,CreateObject: Got unsupported type 0x0 Error loading file PycLens/data/rq2/failed_cases/lifedata-0.1.1-cpython-38-8ebcaf3103f9.pyc: std::bad_cast,lifedata,0.1.1,lifedata-0.1.1-py3-none-any.whl,wheel,lifedata/webapi/__pycache__/records_test.cpython-38-pytest-6.0.1.pyc,lifedata-0.1.1-cpython-38-8ebcaf3103f9.pyc,cpython-38,3413,False,4,pylingual_decompilable,decompyle3,exit_2,tool_exit,"decompyle3:exit_2:Traceback (most recent call last): File ""/root/PyBC-Sec/pybcSEC/data/rq2/envs/cpython-38/lib/python3.8/site-packages/xdis/load.py"", line 328, in load_module_from_file_object co = marshal.loads(bytecode) ValueError: bad marshal data (unkn...",PycLens/data/rq2/failed_cases_decompylepp_traces/8ebcaf3103f9-decompylepp.command.txt,PycLens/data/rq2/failed_cases_decompylepp_traces/8ebcaf3103f9-decompylepp.stdout.txt,PycLens/data/rq2/failed_cases_decompylepp_traces/8ebcaf3103f9-decompylepp.stderr.txt
070646225ca0,decompylepp,exit_1,CreateObject: Got unsupported type 0x0 Error loading file PycLens/data/rq2/failed_cases/lifedata-0.1.1-cpython-38-070646225ca0.pyc: std::bad_cast,lifedata,0.1.1,lifedata-0.1.1-py3-none-any.whl,wheel,lifedata/webapi/__pycache__/samples_test.cpython-38-pytest-6.0.1.pyc,lifedata-0.1.1-cpython-38-070646225ca0.pyc,cpython-38,3413,True,4,pylingual_decompilable,decompyle3,exit_2,tool_exit,"decompyle3:exit_2:Traceback (most recent call last): File ""/root/PyBC-Sec/pybcSEC/data/rq2/envs/cpython-38/lib/python3.8/site-packages/xdis/load.py"", line 328, in load_module_from_file_object co = marshal.loads(bytecode) ValueError: bad marshal data (unkn...",PycLens/data/rq2/failed_cases_decompylepp_traces/070646225ca0-decompylepp.command.txt,PycLens/data/rq2/failed_cases_decompylepp_traces/070646225ca0-decompylepp.stdout.txt,PycLens/data/rq2/failed_cases_decompylepp_traces/070646225ca0-decompylepp.stderr.txt
dded9b5c50e5,decompylepp,exit_1,CreateObject: Got unsupported type 0x0 Error loading file PycLens/data/rq2/failed_cases/lifedata-0.1.1-cpython-38-dded9b5c50e5.pyc: std::bad_cast,lifedata,0.1.1,lifedata-0.1.1.tar.gz,tar,lifedata-0.1.1/lifedata/cli/__pycache__/init_test.cpython-38-pytest-6.0.1.pyc,lifedata-0.1.1-cpython-38-dded9b5c50e5.pyc,cpython-38,3413,True,4,pylingual_decompilable,decompyle3,exit_2,tool_exit,"decompyle3:exit_2:Traceback (most recent call last): File ""/root/PyBC-Sec/pybcSEC/data/rq2/envs/cpython-38/lib/python3.8/site-packages/xdis/load.py"", line 328, in load_module_from_file_object co = marshal.loads(bytecode) ValueError: bad marshal data (unkn...",PycLens/data/rq2/failed_cases_decompylepp_traces/dded9b5c50e5-decompylepp.command.txt,PycLens/data/rq2/failed_cases_decompylepp_traces/dded9b5c50e5-decompylepp.stdout.txt,PycLens/data/rq2/failed_cases_decompylepp_traces/dded9b5c50e5-decompylepp.stderr.txt
245cec4c9177,decompylepp,exit_1,CreateObject: Got unsupported type 0x0 Error loading file PycLens/data/rq2/failed_cases/lifedata-0.1.1-cpython-38-245cec4c9177.pyc: std::bad_cast,lifedata,0.1.1,lifedata-0.1.1.tar.gz,tar,lifedata-0.1.1/lifedata/cli/__pycache__/main_test.cpython-38-pytest-6.0.1.pyc,lifedata-0.1.1-cpython-38-245cec4c9177.pyc,cpython-38,3413,False,4,pylingual_decompilable,decompyle3,exit_2,tool_exit,"decompyle3:exit_2:Traceback (most recent call last): File ""/root/PyBC-Sec/pybcSEC/data/rq2/envs/cpython-38/lib/python3.8/site-packages/xdis/load.py"", line 328, in load_module_from_file_object co = marshal.loads(bytecode) ValueError: bad marshal data (unkn...",PycLens/data/rq2/failed_cases_decompylepp_traces/245cec4c9177-decompylepp.command.txt,PycLens/data/rq2/failed_cases_decompylepp_traces/245cec4c9177-decompylepp.stdout.txt,PycLens/data/rq2/failed_cases_decompylepp_traces/245cec4c9177-decompylepp.stderr.txt
715b9368fd3b,decompylepp,exit_1,CreateObject: Got unsupported type 0x0 Error loading file PycLens/data/rq2/failed_cases/lifedata-0.1.1-cpython-38-715b9368fd3b.pyc: std::bad_cast,lifedata,0.1.1,lifedata-0.1.1.tar.gz,tar,lifedata-0.1.1/lifedata/cli/__pycache__/start_test.cpython-38-pytest-6.0.1.pyc,lifedata-0.1.1-cpython-38-715b9368fd3b.pyc,cpython-38,3413,True,4,pylingual_decompilable,decompyle3,exit_2,tool_exit,"decompyle3:exit_2:Traceback (most recent call last): File ""/root/PyBC-Sec/pybcSEC/data/rq2/envs/cpython-38/lib/python3.8/site-packages/xdis/load.py"", line 328, in load_module_from_file_object co = marshal.loads(bytecode) ValueError: bad marshal data (unkn...",PycLens/data/rq2/failed_cases_decompylepp_traces/715b9368fd3b-decompylepp.command.txt,PycLens/data/rq2/failed_cases_decompylepp_traces/715b9368fd3b-decompylepp.stdout.txt,PycLens/data/rq2/failed_cases_decompylepp_traces/715b9368fd3b-decompylepp.stderr.txt
4a84eb73967b,decompylepp,exit_1,CreateObject: Got unsupported type 0x0 Error loading file PycLens/data/rq2/failed_cases/lifedata-0.1.1-cpython-38-4a84eb73967b.pyc: std::bad_cast,lifedata,0.1.1,lifedata-0.1.1.tar.gz,tar,lifedata-0.1.1/lifedata/webapi/__pycache__/records_test.cpython-38-pytest-6.0.1.pyc,lifedata-0.1.1-cpython-38-4a84eb73967b.pyc,cpython-38,3413,False,4,pylingual_decompilable,decompyle3,exit_2,tool_exit,"decompyle3:exit_2:Traceback (most recent call last): File ""/root/PyBC-Sec/pybcSEC/data/rq2/envs/cpython-38/lib/python3.8/site-packages/xdis/load.py"", line 328, in load_module_from_file_object co = marshal.loads(bytecode) ValueError: bad marshal data (unkn...",PycLens/data/rq2/failed_cases_decompylepp_traces/4a84eb73967b-decompylepp.command.txt,PycLens/data/rq2/failed_cases_decompylepp_traces/4a84eb73967b-decompylepp.stdout.txt,PycLens/data/rq2/failed_cases_decompylepp_traces/4a84eb73967b-decompylepp.stderr.txt
f45e0101fcdc,decompylepp,exit_1,CreateObject: Got unsupported type 0x0 Error loading file PycLens/data/rq2/failed_cases/lifedata-0.1.1-cpython-38-f45e0101fcdc.pyc: std::bad_cast,lifedata,0.1.1,lifedata-0.1.1.tar.gz,tar,lifedata-0.1.1/lifedata/webapi/__pycache__/samples_test.cpython-38-pytest-6.0.1.pyc,lifedata-0.1.1-cpython-38-f45e0101fcdc.pyc,cpython-38,3413,True,4,pylingual_decompilable,decompyle3,exit_2,tool_exit,"decompyle3:exit_2:Traceback (most recent call last): File ""/root/PyBC-Sec/pybcSEC/data/rq2/envs/cpython-38/lib/python3.8/site-packages/xdis/load.py"", line 328, in load_module_from_file_object co = marshal.loads(bytecode) ValueError: bad marshal data (unkn...",PycLens/data/rq2/failed_cases_decompylepp_traces/f45e0101fcdc-decompylepp.command.txt,PycLens/data/rq2/failed_cases_decompylepp_traces/f45e0101fcdc-decompylepp.stdout.txt,PycLens/data/rq2/failed_cases_decompylepp_traces/f45e0101fcdc-decompylepp.stderr.txt
aaec3ff9eb7a,decompylepp,exit_1,CreateObject: Got unsupported type 0x0 Error loading file PycLens/data/rq2/failed_cases/magicinvoke-2.4.6-cpython-38-aaec3ff9eb7a.pyc: std::bad_cast,magicinvoke,2.4.6,magicinvoke-2.4.6-py2-none-any.whl,wheel,invoke/completion/__pycache__/__init__.cpython-38-pytest-5.3.5.pyc,magicinvoke-2.4.6-cpython-38-aaec3ff9eb7a.pyc,cpython-38,3413,True,4,pylingual_decompilable,decompyle3,exit_2,tool_exit,"decompyle3:exit_2:Traceback (most recent call last): File ""/root/PyBC-Sec/pybcSEC/data/rq2/envs/cpython-38/lib/python3.8/site-packages/xdis/load.py"", line 328, in load_module_from_file_object co = marshal.loads(bytecode) ValueError: bad marshal data (unkn...",PycLens/data/rq2/failed_cases_decompylepp_traces/aaec3ff9eb7a-decompylepp.command.txt,PycLens/data/rq2/failed_cases_decompylepp_traces/aaec3ff9eb7a-decompylepp.stdout.txt,PycLens/data/rq2/failed_cases_decompylepp_traces/aaec3ff9eb7a-decompylepp.stderr.txt
34403dafc0c0,decompylepp,exit_1,CreateObject: Got unsupported type 0x0 Error loading file PycLens/data/rq2/failed_cases/magicinvoke-2.4.6-cpython-38-34403dafc0c0.pyc: std::bad_cast,magicinvoke,2.4.6,magicinvoke-2.4.6-py2-none-any.whl,wheel,invoke/completion/__pycache__/complete.cpython-38-PYTEST.pyc,magicinvoke-2.4.6-cpython-38-34403dafc0c0.pyc,cpython-38,3413,True,4,pylingual_decompilable,decompyle3,exit_2,tool_exit,"decompyle3:exit_2:Traceback (most recent call last): File ""/root/PyBC-Sec/pybcSEC/data/rq2/envs/cpython-38/lib/python3.8/site-packages/xdis/load.py"", line 328, in load_module_from_file_object co = marshal.loads(bytecode) ValueError: bad marshal data (unkn...",PycLens/data/rq2/failed_cases_decompylepp_traces/34403dafc0c0-decompylepp.command.txt,PycLens/data/rq2/failed_cases_decompylepp_traces/34403dafc0c0-decompylepp.stdout.txt,PycLens/data/rq2/failed_cases_decompylepp_traces/34403dafc0c0-decompylepp.stderr.txt
a6828b3d68a6,decompylepp,exit_1,CreateObject: Got unsupported type 0x0 Error loading file PycLens/data/rq2/failed_cases/magicinvoke-2.4.6-cpython-38-a6828b3d68a6.pyc: std::bad_cast,magicinvoke,2.4.6,magicinvoke-2.4.6-py2-none-any.whl,wheel,invoke/completion/__pycache__/complete.cpython-38-pytest-5.3.5.pyc,magicinvoke-2.4.6-cpython-38-a6828b3d68a6.pyc,cpython-38,3413,True,4,pylingual_decompilable,decompyle3,exit_2,tool_exit,"decompyle3:exit_2:Traceback (most recent call last): File ""/root/PyBC-Sec/pybcSEC/data/rq2/envs/cpython-38/lib/python3.8/site-packages/xdis/load.py"", line 328, in load_module_from_file_object co = marshal.loads(bytecode) ValueError: bad marshal data (unkn...",PycLens/data/rq2/failed_cases_decompylepp_traces/a6828b3d68a6-decompylepp.command.txt,PycLens/data/rq2/failed_cases_decompylepp_traces/a6828b3d68a6-decompylepp.stdout.txt,PycLens/data/rq2/failed_cases_decompylepp_traces/a6828b3d68a6-decompylepp.stderr.txt
03cec20b1ee9,decompylepp,exit_1,CreateObject: Got unsupported type 0x0 Error loading file PycLens/data/rq2/failed_cases/magicinvoke-2.4.6-cpython-38-03cec20b1ee9.pyc: std::bad_cast,magicinvoke,2.4.6,magicinvoke-2.4.6.tar.gz,tar,magicinvoke-2.4.6/invoke/completion/__pycache__/__init__.cpython-38-pytest-5.3.5.pyc,magicinvoke-2.4.6-cpython-38-03cec20b1ee9.pyc,cpython-38,3413,True,4,pylingual_decompilable,decompyle3,exit_2,tool_exit,"decompyle3:exit_2:Traceback (most recent call last): File ""/root/PyBC-Sec/pybcSEC/data/rq2/envs/cpython-38/lib/python3.8/site-packages/xdis/load.py"", line 328, in load_module_from_file_object co = marshal.loads(bytecode) ValueError: bad marshal data (unkn...",PycLens/data/rq2/failed_cases_decompylepp_traces/03cec20b1ee9-decompylepp.command.txt,PycLens/data/rq2/failed_cases_decompylepp_traces/03cec20b1ee9-decompylepp.stdout.txt,PycLens/data/rq2/failed_cases_decompylepp_traces/03cec20b1ee9-decompylepp.stderr.txt
6472ffee8a0e,decompylepp,exit_1,CreateObject: Got unsupported type 0x0 Error loading file PycLens/data/rq2/failed_cases/magicinvoke-2.4.6-cpython-38-6472ffee8a0e.pyc: std::bad_cast,magicinvoke,2.4.6,magicinvoke-2.4.6.tar.gz,tar,magicinvoke-2.4.6/invoke/completion/__pycache__/complete.cpython-38-PYTEST.pyc,magicinvoke-2.4.6-cpython-38-6472ffee8a0e.pyc,cpython-38,3413,True,4,pylingual_decompilable,decompyle3,exit_2,tool_exit,"decompyle3:exit_2:Traceback (most recent call last): File ""/root/PyBC-Sec/pybcSEC/data/rq2/envs/cpython-38/lib/python3.8/site-packages/xdis/load.py"", line 328, in load_module_from_file_object co = marshal.loads(bytecode) ValueError: bad marshal data (unkn...",PycLens/data/rq2/failed_cases_decompylepp_traces/6472ffee8a0e-decompylepp.command.txt,PycLens/data/rq2/failed_cases_decompylepp_traces/6472ffee8a0e-decompylepp.stdout.txt,PycLens/data/rq2/failed_cases_decompylepp_traces/6472ffee8a0e-decompylepp.stderr.txt
3dbeac497737,decompylepp,exit_1,CreateObject: Got unsupported type 0x0 Error loading file PycLens/data/rq2/failed_cases/magicinvoke-2.4.6-cpython-38-3dbeac497737.pyc: std::bad_cast,magicinvoke,2.4.6,magicinvoke-2.4.6.tar.gz,tar,magicinvoke-2.4.6/invoke/completion/__pycache__/complete.cpython-38-pytest-5.3.5.pyc,magicinvoke-2.4.6-cpython-38-3dbeac497737.pyc,cpython-38,3413,True,4,pylingual_decompilable,decompyle3,exit_2,tool_exit,"decompyle3:exit_2:Traceback (most recent call last): File ""/root/PyBC-Sec/pybcSEC/data/rq2/envs/cpython-38/lib/python3.8/site-packages/xdis/load.py"", line 328, in load_module_from_file_object co = marshal.loads(bytecode) ValueError: bad marshal data (unkn...",PycLens/data/rq2/failed_cases_decompylepp_traces/3dbeac497737-decompylepp.command.txt,PycLens/data/rq2/failed_cases_decompylepp_traces/3dbeac497737-decompylepp.stdout.txt,PycLens/data/rq2/failed_cases_decompylepp_traces/3dbeac497737-decompylepp.stderr.txt
b77420a375d2,decompylepp,exit_1,CreateObject: Got unsupported type 0x0 Error loading file PycLens/data/rq2/failed_cases/magicinvoke-2.4.6-cpython-38-b77420a375d2.pyc: std::bad_cast,magicinvoke,2.4.6,magicinvoke-2.4.6.tar.gz,tar,magicinvoke-2.4.6/sites/magic_docs/examples/data-pipeline/__pycache__/tasks.cpython-38-PYTEST.pyc,magicinvoke-2.4.6-cpython-38-b77420a375d2.pyc,cpython-38,3413,True,4,pylingual_decompilable,decompyle3,exit_2,tool_exit,"decompyle3:exit_2:Traceback (most recent call last): File ""/root/PyBC-Sec/pybcSEC/data/rq2/envs/cpython-38/lib/python3.8/site-packages/xdis/load.py"", line 328, in load_module_from_file_object co = marshal.loads(bytecode) ValueError: bad marshal data (unkn...",PycLens/data/rq2/failed_cases_decompylepp_traces/b77420a375d2-decompylepp.command.txt,PycLens/data/rq2/failed_cases_decompylepp_traces/b77420a375d2-decompylepp.stdout.txt,PycLens/data/rq2/failed_cases_decompylepp_traces/b77420a375d2-decompylepp.stderr.txt
282555a07bfe,decompylepp,exit_1,CreateObject: Got unsupported type 0x0 Error loading file PycLens/data/rq2/failed_cases/magicinvoke-2.4.6-cpython-38-282555a07bfe.pyc: std::bad_cast,magicinvoke,2.4.6,magicinvoke-2.4.6.tar.gz,tar,magicinvoke-2.4.6/sites/magic_docs/examples/data-pipeline/__pycache__/tests.cpython-38-PYTEST.pyc,magicinvoke-2.4.6-cpython-38-282555a07bfe.pyc,cpython-38,3413,True,4,pylingual_decompilable,decompyle3,exit_2,tool_exit,"decompyle3:exit_2:Traceback (most recent call last): File ""/root/PyBC-Sec/pybcSEC/data/rq2/envs/cpython-38/lib/python3.8/site-packages/xdis/load.py"", line 328, in load_module_from_file_object co = marshal.loads(bytecode) ValueError: bad marshal data (unkn...",PycLens/data/rq2/failed_cases_decompylepp_traces/282555a07bfe-decompylepp.command.txt,PycLens/data/rq2/failed_cases_decompylepp_traces/282555a07bfe-decompylepp.stdout.txt,PycLens/data/rq2/failed_cases_decompylepp_traces/282555a07bfe-decompylepp.stderr.txt
56b0b70101cb,decompylepp,exit_1,PycFile::getByte(): Unexpected end of stream,mediphy,2.2.0,mediphy-2.2.0.tar.gz,tar,mediphy-2.2.0/parties/mediphy/frontiers/trends/monetary/DB_mediphy_trends/collection_vernacular/__pycache__/connect.cpython-310.pyc,mediphy-2.2.0-cpython-310-56b0b70101cb.pyc,cpython-310,3439,False,4,pylingual_decompilable,decompyle3;marshal,error;exit_2,marshal_parse_failure;tool_exit,marshal:error:marshal_failed: || decompyle3:exit_2:/root/PyBC-Sec/pybcSEC/data/rq2/envs/cpython-310/lib/python3.10/site-packages/click/core.py:1262: UserWarning: The parameter --version is used more than once. Remove its duplicate as parameters should be unique. parser = self.make_parser...,PycLens/data/rq2/failed_cases_decompylepp_traces/56b0b70101cb-decompylepp.command.txt,PycLens/data/rq2/failed_cases_decompylepp_traces/56b0b70101cb-decompylepp.stdout.txt,PycLens/data/rq2/failed_cases_decompylepp_traces/56b0b70101cb-decompylepp.stderr.txt
d43ef7ead927,decompylepp,exit_1,PycFile::getByte(): Unexpected end of stream,mediphy,2.2.0,mediphy-2.2.0.tar.gz,tar,mediphy-2.2.0/parties/mediphy/frontiers/trends/monetary/DB_mediphy_trends/collection_vernacular/document/__pycache__/find.cpython-310.pyc,mediphy-2.2.0-cpython-310-d43ef7ead927.pyc,cpython-310,3439,False,4,pylingual_decompilable,decompyle3;marshal,error;exit_2,marshal_parse_failure;tool_exit,marshal:error:marshal_failed: || decompyle3:exit_2:/root/PyBC-Sec/pybcSEC/data/rq2/envs/cpython-310/lib/python3.10/site-packages/click/core.py:1262: UserWarning: The parameter --version is used more than once. Remove its duplicate as parameters should be unique. parser = self.make_parser...,PycLens/data/rq2/failed_cases_decompylepp_traces/d43ef7ead927-decompylepp.command.txt,PycLens/data/rq2/failed_cases_decompylepp_traces/d43ef7ead927-decompylepp.stdout.txt,PycLens/data/rq2/failed_cases_decompylepp_traces/d43ef7ead927-decompylepp.stderr.txt
4acaeb2edd10,decompylepp,exit_1,PycFile::getByte(): Unexpected end of stream,mediphy,2.2.0,mediphy-2.2.0.tar.gz,tar,mediphy-2.2.0/parties/mediphy/frontiers/trends/monetary/_controls/__pycache__/_clique.cpython-310.pyc,mediphy-2.2.0-cpython-310-4acaeb2edd10.pyc,cpython-310,3439,True,4,pylingual_decompilable,decompyle3;marshal,error;exit_2,marshal_parse_failure;tool_exit,marshal:error:marshal_failed: || decompyle3:exit_2:/root/PyBC-Sec/pybcSEC/data/rq2/envs/cpython-310/lib/python3.10/site-packages/click/core.py:1262: UserWarning: The parameter --version is used more than once. Remove its duplicate as parameters should be unique. parser = self.make_parser...,PycLens/data/rq2/failed_cases_decompylepp_traces/4acaeb2edd10-decompylepp.command.txt,PycLens/data/rq2/failed_cases_decompylepp_traces/4acaeb2edd10-decompylepp.stdout.txt,PycLens/data/rq2/failed_cases_decompylepp_traces/4acaeb2edd10-decompylepp.stderr.txt
41b56b6b2ba4,decompylepp,exit_1,PycFile::getByte(): Unexpected end of stream,mediphy,2.2.0,mediphy-2.2.0.tar.gz,tar,mediphy-2.2.0/parties/mediphy/frontiers/trends/monetary/_controls/__pycache__/build.cpython-310.pyc,mediphy-2.2.0-cpython-310-41b56b6b2ba4.pyc,cpython-310,3439,True,4,pylingual_decompilable,decompyle3;marshal,error;exit_2,marshal_parse_failure;tool_exit,marshal:error:marshal_failed: || decompyle3:exit_2:/root/PyBC-Sec/pybcSEC/data/rq2/envs/cpython-310/lib/python3.10/site-packages/click/core.py:1262: UserWarning: The parameter --version is used more than once. Remove its duplicate as parameters should be unique. parser = self.make_parser...,PycLens/data/rq2/failed_cases_decompylepp_traces/41b56b6b2ba4-decompylepp.command.txt,PycLens/data/rq2/failed_cases_decompylepp_traces/41b56b6b2ba4-decompylepp.stdout.txt,PycLens/data/rq2/failed_cases_decompylepp_traces/41b56b6b2ba4-decompylepp.stderr.txt
83a015499a05,decompylepp,exit_1,Bad MAGIC! Could not load file PycLens/data/rq2/failed_cases/mediphy-2.2.0-cpython-311-83a015499a05.pyc,mediphy,2.2.0,mediphy-2.2.0.tar.gz,tar,mediphy-2.2.0/parties/mediphy/mixes/insure/__pycache__/equalities.cpython-311.pyc,mediphy-2.2.0-cpython-311-83a015499a05.pyc,cpython-311,42946,True,4,pylingual_decompilable,decompyle3;marshal,error;exit_2,marshal_parse_failure;tool_exit,marshal:error:marshal_failed: || decompyle3:exit_2:/root/PyBC-Sec/pybcSEC/data/rq2/envs/cpython-311/lib/python3.11/site-packages/click/core.py:1262: UserWarning: The parameter --version is used more than once. Remove its duplicate as parameters should be unique. parser = self.make_parser...,PycLens/data/rq2/failed_cases_decompylepp_traces/83a015499a05-decompylepp.command.txt,PycLens/data/rq2/failed_cases_decompylepp_traces/83a015499a05-decompylepp.stdout.txt,PycLens/data/rq2/failed_cases_decompylepp_traces/83a015499a05-decompylepp.stderr.txt
f5affc3300f0,decompylepp,exit_1,Bad MAGIC! Could not load file PycLens/data/rq2/failed_cases/mediphy-2.2.0-cpython-311-f5affc3300f0.pyc,mediphy,2.2.0,mediphy-2.2.0.tar.gz,tar,mediphy-2.2.0/parties/mediphy/mixes/insure/__pycache__/equality.cpython-311.pyc,mediphy-2.2.0-cpython-311-f5affc3300f0.pyc,cpython-311,42946,True,4,pylingual_decompilable,decompyle3;marshal,error;exit_2,marshal_parse_failure;tool_exit,marshal:error:marshal_failed: || decompyle3:exit_2:/root/PyBC-Sec/pybcSEC/data/rq2/envs/cpython-311/lib/python3.11/site-packages/click/core.py:1262: UserWarning: The parameter --version is used more than once. Remove its duplicate as parameters should be unique. parser = self.make_parser...,PycLens/data/rq2/failed_cases_decompylepp_traces/f5affc3300f0-decompylepp.command.txt,PycLens/data/rq2/failed_cases_decompylepp_traces/f5affc3300f0-decompylepp.stdout.txt,PycLens/data/rq2/failed_cases_decompylepp_traces/f5affc3300f0-decompylepp.stderr.txt
8d32e89b9f47,decompylepp,exit_1,Bad MAGIC! Could not load file PycLens/data/rq2/failed_cases/mediphy-2.2.0-cpython-311-8d32e89b9f47.pyc,mediphy,2.2.0,mediphy-2.2.0.tar.gz,tar,mediphy-2.2.0/parties/mediphy/mixes/insure/__pycache__/override_print.cpython-311.pyc,mediphy-2.2.0-cpython-311-8d32e89b9f47.pyc,cpython-311,42946,True,4,pylingual_decompilable,decompyle3;marshal,error;exit_2,marshal_parse_failure;tool_exit,marshal:error:marshal_failed: || decompyle3:exit_2:/root/PyBC-Sec/pybcSEC/data/rq2/envs/cpython-311/lib/python3.11/site-packages/click/core.py:1262: UserWarning: The parameter --version is used more than once. Remove its duplicate as parameters should be unique. parser = self.make_parser...,PycLens/data/rq2/failed_cases_decompylepp_traces/8d32e89b9f47-decompylepp.command.txt,PycLens/data/rq2/failed_cases_decompylepp_traces/8d32e89b9f47-decompylepp.stdout.txt,PycLens/data/rq2/failed_cases_decompylepp_traces/8d32e89b9f47-decompylepp.stderr.txt
e3811e8d2486,decompylepp,exit_1,PycFile::getByte(): Unexpected end of stream,mediphy,2.2.0,mediphy-2.2.0.tar.gz,tar,mediphy-2.2.0/parties/mediphy/modules/freight--/__pycache__/save.cpython-310.pyc,mediphy-2.2.0-cpython-310-e3811e8d2486.pyc,cpython-310,3439,True,4,pylingual_decompilable,decompyle3;marshal,error;exit_2,marshal_parse_failure;tool_exit,marshal:error:marshal_failed: || decompyle3:exit_2:/root/PyBC-Sec/pybcSEC/data/rq2/envs/cpython-310/lib/python3.10/site-packages/click/core.py:1262: UserWarning: The parameter --version is used more than once. Remove its duplicate as parameters should be unique. parser = self.make_parser...,PycLens/data/rq2/failed_cases_decompylepp_traces/e3811e8d2486-decompylepp.command.txt,PycLens/data/rq2/failed_cases_decompylepp_traces/e3811e8d2486-decompylepp.stdout.txt,PycLens/data/rq2/failed_cases_decompylepp_traces/e3811e8d2486-decompylepp.stderr.txt
9edcb662e6a6,decompylepp,exit_1,PycFile::getByte(): Unexpected end of stream,mediphy,2.2.0,mediphy-2.2.0.tar.gz,tar,mediphy-2.2.0/parties/mediphy/modules/moves/__pycache__/mint_to_trends.cpython-310.pyc,mediphy-2.2.0-cpython-310-9edcb662e6a6.pyc,cpython-310,3439,True,4,pylingual_decompilable,decompyle3;marshal,error;exit_2,marshal_parse_failure;tool_exit,marshal:error:marshal_failed: || decompyle3:exit_2:/root/PyBC-Sec/pybcSEC/data/rq2/envs/cpython-310/lib/python3.10/site-packages/click/core.py:1262: UserWarning: The parameter --version is used more than once. Remove its duplicate as parameters should be unique. parser = self.make_parser...,PycLens/data/rq2/failed_cases_decompylepp_traces/9edcb662e6a6-decompylepp.command.txt,PycLens/data/rq2/failed_cases_decompylepp_traces/9edcb662e6a6-decompylepp.stdout.txt,PycLens/data/rq2/failed_cases_decompylepp_traces/9edcb662e6a6-decompylepp.stderr.txt
9e6ecc18b28e,decompylepp,exit_1,PycFile::getByte(): Unexpected end of stream,mediphy,2.2.0,mediphy-2.2.0.tar.gz,tar,mediphy-2.2.0/parties/mediphy/modules/moves/__pycache__/on.cpython-310.pyc,mediphy-2.2.0-cpython-310-9e6ecc18b28e.pyc,cpython-310,3439,False,4,pylingual_decompilable,decompyle3;marshal,error;exit_2,marshal_parse_failure;tool_exit,marshal:error:marshal_failed: || decompyle3:exit_2:/root/PyBC-Sec/pybcSEC/data/rq2/envs/cpython-310/lib/python3.10/site-packages/click/core.py:1262: UserWarning: The parameter --version is used more than once. Remove its duplicate as parameters should be unique. parser = self.make_parser...,PycLens/data/rq2/failed_cases_decompylepp_traces/9e6ecc18b28e-decompylepp.command.txt,PycLens/data/rq2/failed_cases_decompylepp_traces/9e6ecc18b28e-decompylepp.stdout.txt,PycLens/data/rq2/failed_cases_decompylepp_traces/9e6ecc18b28e-decompylepp.stderr.txt
75e0999c7b01,decompylepp,exit_1,PycFile::getByte(): Unexpected end of stream,mediphy,2.2.0,mediphy-2.2.0.tar.gz,tar,mediphy-2.2.0/parties/mediphy/modules/moves/__pycache__/show.cpython-310.pyc,mediphy-2.2.0-cpython-310-75e0999c7b01.pyc,cpython-310,3439,False,4,pylingual_decompilable,decompyle3;marshal,error;exit_2,marshal_parse_failure;tool_exit,marshal:error:marshal_failed: || decompyle3:exit_2:/root/PyBC-Sec/pybcSEC/data/rq2/envs/cpython-310/lib/python3.10/site-packages/click/core.py:1262: UserWarning: The parameter --version is used more than once. Remove its duplicate as parameters should be unique. parser = self.make_parser...,PycLens/data/rq2/failed_cases_decompylepp_traces/75e0999c7b01-decompylepp.command.txt,PycLens/data/rq2/failed_cases_decompylepp_traces/75e0999c7b01-decompylepp.stdout.txt,PycLens/data/rq2/failed_cases_decompylepp_traces/75e0999c7b01-decompylepp.stderr.txt
6e57b4f71a13,decompylepp,exit_1,Bad MAGIC! Could not load file PycLens/data/rq2/failed_cases/monies-0.0.2-cpython-311-6e57b4f71a13.pyc,monies,0.0.2,monies-0.0.2.tar.gz,tar,monies-0.0.2/tracts/houses/monies/_ops/_clique/__pycache__/__init__.cpython-311.pyc,monies-0.0.2-cpython-311-6e57b4f71a13.pyc,cpython-311,42946,True,4,pylingual_decompilable,decompyle3;marshal,error;exit_2,marshal_parse_failure;tool_exit,marshal:error:marshal_failed: || decompyle3:exit_2:/root/PyBC-Sec/pybcSEC/data/rq2/envs/cpython-311/lib/python3.11/site-packages/click/core.py:1262: UserWarning: The parameter --version is used more than once. Remove its duplicate as parameters should be unique. parser = self.make_parser...,PycLens/data/rq2/failed_cases_decompylepp_traces/6e57b4f71a13-decompylepp.command.txt,PycLens/data/rq2/failed_cases_decompylepp_traces/6e57b4f71a13-decompylepp.stdout.txt,PycLens/data/rq2/failed_cases_decompylepp_traces/6e57b4f71a13-decompylepp.stderr.txt
570135a63611,decompylepp,exit_1,Bad MAGIC! Could not load file PycLens/data/rq2/failed_cases/monies-0.0.2-cpython-311-570135a63611.pyc,monies,0.0.2,monies-0.0.2.tar.gz,tar,monies-0.0.2/tracts/houses/monies/_ops/_clique/group/__pycache__/__init__.cpython-311.pyc,monies-0.0.2-cpython-311-570135a63611.pyc,cpython-311,42946,True,4,pylingual_decompilable,decompyle3;marshal,error;exit_2,marshal_parse_failure;tool_exit,marshal:error:marshal_failed: || decompyle3:exit_2:/root/PyBC-Sec/pybcSEC/data/rq2/envs/cpython-311/lib/python3.11/site-packages/click/core.py:1262: UserWarning: The parameter --version is used more than once. Remove its duplicate as parameters should be unique. parser = self.make_parser...,PycLens/data/rq2/failed_cases_decompylepp_traces/570135a63611-decompylepp.command.txt,PycLens/data/rq2/failed_cases_decompylepp_traces/570135a63611-decompylepp.stdout.txt,PycLens/data/rq2/failed_cases_decompylepp_traces/570135a63611-decompylepp.stderr.txt
ea2f5eaa7008,decompylepp,exit_1,PycFile::getByte(): Unexpected end of stream,moolib,0.0.9b0,moolib-0.0.9b0.tar.gz,tar,moolib-0.0.9b0/examples/__pycache__/.!92793!__init__.cpython-38.pyc,moolib-0.0.9b0-cpython-38-ea2f5eaa7008.pyc,cpython-38,3413,False,4,pylingual_decompilable,decompyle3;marshal,error;exit_2,marshal_parse_failure;tool_exit,marshal:error:marshal_failed: || decompyle3:exit_2:File name: '/tmp/pybcsec-rq2-5na26tze/sample.pyc (4 bytes)' is too short to be a valid pyc file,PycLens/data/rq2/failed_cases_decompylepp_traces/ea2f5eaa7008-decompylepp.command.txt,PycLens/data/rq2/failed_cases_decompylepp_traces/ea2f5eaa7008-decompylepp.stdout.txt,PycLens/data/rq2/failed_cases_decompylepp_traces/ea2f5eaa7008-decompylepp.stderr.txt
fdecce310ddd,decompylepp,exit_1,PycFile::getByte(): Unexpected end of stream,moolib,0.0.9b0,moolib-0.0.9b0.tar.gz,tar,moolib-0.0.9b0/examples/__pycache__/.!92794!a2c.cpython-38.pyc,moolib-0.0.9b0-cpython-38-fdecce310ddd.pyc,cpython-38,3413,False,4,pylingual_decompilable,decompyle3;marshal,error;exit_2,marshal_parse_failure;tool_exit,marshal:error:marshal_failed: || decompyle3:exit_2:File name: '/tmp/pybcsec-rq2-7w12dx44/sample.pyc (4 bytes)' is too short to be a valid pyc file,PycLens/data/rq2/failed_cases_decompylepp_traces/fdecce310ddd-decompylepp.command.txt,PycLens/data/rq2/failed_cases_decompylepp_traces/fdecce310ddd-decompylepp.stdout.txt,PycLens/data/rq2/failed_cases_decompylepp_traces/fdecce310ddd-decompylepp.stderr.txt
c109533db8cd,decompylepp,exit_1,PycFile::getByte(): Unexpected end of stream,moolib,0.0.9b0,moolib-0.0.9b0.tar.gz,tar,moolib-0.0.9b0/py/moolib/__pycache__/.!92592!__init__.cpython-38.pyc,moolib-0.0.9b0-cpython-38-c109533db8cd.pyc,cpython-38,3413,False,4,pylingual_decompilable,decompyle3;marshal,error;exit_2,marshal_parse_failure;tool_exit,marshal:error:marshal_failed: || decompyle3:exit_2:File name: '/tmp/pybcsec-rq2-siod8evs/sample.pyc (4 bytes)' is too short to be a valid pyc file,PycLens/data/rq2/failed_cases_decompylepp_traces/c109533db8cd-decompylepp.command.txt,PycLens/data/rq2/failed_cases_decompylepp_traces/c109533db8cd-decompylepp.stdout.txt,PycLens/data/rq2/failed_cases_decompylepp_traces/c109533db8cd-decompylepp.stderr.txt
abb94d83ceb5,decompylepp,exit_1,PycFile::getByte(): Unexpected end of stream,moolib,0.0.9b0,moolib-0.0.9b0.tar.gz,tar,moolib-0.0.9b0/py/moolib/examples/__pycache__/.!92793!__init__.cpython-38.pyc,moolib-0.0.9b0-cpython-38-abb94d83ceb5.pyc,cpython-38,3413,False,4,pylingual_decompilable,decompyle3;marshal,error;exit_2,marshal_parse_failure;tool_exit,marshal:error:marshal_failed: || decompyle3:exit_2:File name: '/tmp/pybcsec-rq2-0oisi5q7/sample.pyc (4 bytes)' is too short to be a valid pyc file,PycLens/data/rq2/failed_cases_decompylepp_traces/abb94d83ceb5-decompylepp.command.txt,PycLens/data/rq2/failed_cases_decompylepp_traces/abb94d83ceb5-decompylepp.stdout.txt,PycLens/data/rq2/failed_cases_decompylepp_traces/abb94d83ceb5-decompylepp.stderr.txt
c458836a8faf,decompylepp,exit_1,PycFile::getByte(): Unexpected end of stream,moolib,0.0.9b0,moolib-0.0.9b0.tar.gz,tar,moolib-0.0.9b0/py/moolib/examples/__pycache__/.!92794!a2c.cpython-38.pyc,moolib-0.0.9b0-cpython-38-c458836a8faf.pyc,cpython-38,3413,False,4,pylingual_decompilable,decompyle3;marshal,error;exit_2,marshal_parse_failure;tool_exit,marshal:error:marshal_failed: || decompyle3:exit_2:File name: '/tmp/pybcsec-rq2-e_j6ez83/sample.pyc (4 bytes)' is too short to be a valid pyc file,PycLens/data/rq2/failed_cases_decompylepp_traces/c458836a8faf-decompylepp.command.txt,PycLens/data/rq2/failed_cases_decompylepp_traces/c458836a8faf-decompylepp.stdout.txt,PycLens/data/rq2/failed_cases_decompylepp_traces/c458836a8faf-decompylepp.stderr.txt
ff849422e19e,decompylepp,exit_1,PycFile::getByte(): Unexpected end of stream,moolib,0.0.9b0,moolib-0.0.9b0.tar.gz,tar,moolib-0.0.9b0/test/integration/__pycache__/.!92633!test_a2c.cpython-38-pytest-6.2.4.pyc,moolib-0.0.9b0-cpython-38-ff849422e19e.pyc,cpython-38,3413,False,4,pylingual_decompilable,decompyle3;marshal,error;exit_2,marshal_parse_failure;tool_exit,marshal:error:marshal_failed:offset8:ValueError:bad marshal data (unknown type code) || decompyle3:exit_2:File name: '/tmp/pybcsec-rq2-a26uxkx8/sample.pyc (9 bytes)' is too short to be a valid pyc file,PycLens/data/rq2/failed_cases_decompylepp_traces/ff849422e19e-decompylepp.command.txt,PycLens/data/rq2/failed_cases_decompylepp_traces/ff849422e19e-decompylepp.stdout.txt,PycLens/data/rq2/failed_cases_decompylepp_traces/ff849422e19e-decompylepp.stderr.txt
2b236315f958,decompylepp,exit_1,PycFile::getByte(): Unexpected end of stream,moolib,0.0.9b0,moolib-0.0.9b0.tar.gz,tar,moolib-0.0.9b0/test/unit/__pycache__/.!92613!test_accumulator.cpython-38.pyc,moolib-0.0.9b0-cpython-38-2b236315f958.pyc,cpython-38,3413,False,4,pylingual_decompilable,decompyle3;marshal,error;exit_2,marshal_parse_failure;tool_exit,marshal:error:marshal_failed: || decompyle3:exit_2:File name: '/tmp/pybcsec-rq2-cu21s_4s/sample.pyc (4 bytes)' is too short to be a valid pyc file,PycLens/data/rq2/failed_cases_decompylepp_traces/2b236315f958-decompylepp.command.txt,PycLens/data/rq2/failed_cases_decompylepp_traces/2b236315f958-decompylepp.stdout.txt,PycLens/data/rq2/failed_cases_decompylepp_traces/2b236315f958-decompylepp.stderr.txt
68cdceb7098a,decompylepp,exit_1,PycFile::getByte(): Unexpected end of stream,moolib,0.0.9b0,moolib-0.0.9b0.tar.gz,tar,moolib-0.0.9b0/test/unit/__pycache__/.!92614!test_envpool.cpython-38-pytest-6.2.4.pyc,moolib-0.0.9b0-cpython-38-68cdceb7098a.pyc,cpython-38,3413,False,4,pylingual_decompilable,decompyle3;marshal,error;exit_2,marshal_parse_failure;tool_exit,marshal:error:marshal_failed: || decompyle3:exit_2:File name: '/tmp/pybcsec-rq2-ko4gv1fs/sample.pyc (4 bytes)' is too short to be a valid pyc file,PycLens/data/rq2/failed_cases_decompylepp_traces/68cdceb7098a-decompylepp.command.txt,PycLens/data/rq2/failed_cases_decompylepp_traces/68cdceb7098a-decompylepp.stdout.txt,PycLens/data/rq2/failed_cases_decompylepp_traces/68cdceb7098a-decompylepp.stderr.txt
113feab5f0a2,decompylepp,exit_1,PycFile::getByte(): Unexpected end of stream,moolib,0.0.9b0,moolib-0.0.9b0.tar.gz,tar,moolib-0.0.9b0/test/unit/__pycache__/.!92615!test_import_broker.cpython-38-pytest-6.2.4.pyc,moolib-0.0.9b0-cpython-38-113feab5f0a2.pyc,cpython-38,3413,False,4,pylingual_decompilable,decompyle3;marshal,error;exit_2,marshal_parse_failure;tool_exit,marshal:error:marshal_failed: || decompyle3:exit_2:File name: '/tmp/pybcsec-rq2-r6wno_4n/sample.pyc (4 bytes)' is too short to be a valid pyc file,PycLens/data/rq2/failed_cases_decompylepp_traces/113feab5f0a2-decompylepp.command.txt,PycLens/data/rq2/failed_cases_decompylepp_traces/113feab5f0a2-decompylepp.stdout.txt,PycLens/data/rq2/failed_cases_decompylepp_traces/113feab5f0a2-decompylepp.stderr.txt
e1e302745252,decompylepp,exit_1,PycFile::getByte(): Unexpected end of stream,moolib,0.0.9b0,moolib-0.0.9b0.tar.gz,tar,moolib-0.0.9b0/test/unit/__pycache__/.!92616!test_broker.cpython-38-pytest-6.2.4.pyc,moolib-0.0.9b0-cpython-38-e1e302745252.pyc,cpython-38,3413,False,4,pylingual_decompilable,decompyle3;marshal,error;exit_2,marshal_parse_failure;tool_exit,marshal:error:marshal_failed: || decompyle3:exit_2:File name: '/tmp/pybcsec-rq2-nijwzmnr/sample.pyc (4 bytes)' is too short to be a valid pyc file,PycLens/data/rq2/failed_cases_decompylepp_traces/e1e302745252-decompylepp.command.txt,PycLens/data/rq2/failed_cases_decompylepp_traces/e1e302745252-decompylepp.stdout.txt,PycLens/data/rq2/failed_cases_decompylepp_traces/e1e302745252-decompylepp.stderr.txt
34a9c5efcb42,decompylepp,exit_1,PycFile::getByte(): Unexpected end of stream,moolib,0.0.9b0,moolib-0.0.9b0.tar.gz,tar,moolib-0.0.9b0/test/unit/__pycache__/.!92617!test_pickle.cpython-38-pytest-6.2.4.pyc,moolib-0.0.9b0-cpython-38-34a9c5efcb42.pyc,cpython-38,3413,False,4,pylingual_decompilable,decompyle3;marshal,error;exit_2,marshal_parse_failure;tool_exit,marshal:error:marshal_failed: || decompyle3:exit_2:File name: '/tmp/pybcsec-rq2-gm4fb1lb/sample.pyc (4 bytes)' is too short to be a valid pyc file,PycLens/data/rq2/failed_cases_decompylepp_traces/34a9c5efcb42-decompylepp.command.txt,PycLens/data/rq2/failed_cases_decompylepp_traces/34a9c5efcb42-decompylepp.stdout.txt,PycLens/data/rq2/failed_cases_decompylepp_traces/34a9c5efcb42-decompylepp.stderr.txt
0771daa3f03c,decompylepp,exit_1,PycFile::getByte(): Unexpected end of stream,moolib,0.0.9b0,moolib-0.0.9b0.tar.gz,tar,moolib-0.0.9b0/test/unit/__pycache__/.!92621!test_simple.cpython-38-pytest-6.2.4.pyc,moolib-0.0.9b0-cpython-38-0771daa3f03c.pyc,cpython-38,3413,False,4,pylingual_decompilable,decompyle3;marshal,error;exit_2,marshal_parse_failure;tool_exit,marshal:error:marshal_failed: || decompyle3:exit_2:File name: '/tmp/pybcsec-rq2-v688ddqk/sample.pyc (4 bytes)' is too short to be a valid pyc file,PycLens/data/rq2/failed_cases_decompylepp_traces/0771daa3f03c-decompylepp.command.txt,PycLens/data/rq2/failed_cases_decompylepp_traces/0771daa3f03c-decompylepp.stdout.txt,PycLens/data/rq2/failed_cases_decompylepp_traces/0771daa3f03c-decompylepp.stderr.txt
df8d56c99fe2,decompylepp,exit_1,PycFile::getByte(): Unexpected end of stream,moolib,0.0.9b0,moolib-0.0.9b0.tar.gz,tar,moolib-0.0.9b0/test/unit/__pycache__/.!92622!test_tensors.cpython-38-pytest-6.2.4.pyc,moolib-0.0.9b0-cpython-38-df8d56c99fe2.pyc,cpython-38,3413,False,4,pylingual_decompilable,decompyle3;marshal,error;exit_2,marshal_parse_failure;tool_exit,marshal:error:marshal_failed: || decompyle3:exit_2:File name: '/tmp/pybcsec-rq2-z7ximvk2/sample.pyc (4 bytes)' is too short to be a valid pyc file,PycLens/data/rq2/failed_cases_decompylepp_traces/df8d56c99fe2-decompylepp.command.txt,PycLens/data/rq2/failed_cases_decompylepp_traces/df8d56c99fe2-decompylepp.stdout.txt,PycLens/data/rq2/failed_cases_decompylepp_traces/df8d56c99fe2-decompylepp.stderr.txt
2753ed55d7b5,decompylepp,exit_1,PycFile::getByte(): Unexpected end of stream,moolib,0.0.9b0,moolib-0.0.9b0.tar.gz,tar,moolib-0.0.9b0/test/unit/__pycache__/.!92623!test_batcher.cpython-38-pytest-6.2.4.pyc,moolib-0.0.9b0-cpython-38-2753ed55d7b5.pyc,cpython-38,3413,False,4,pylingual_decompilable,decompyle3;marshal,error;exit_2,marshal_parse_failure;tool_exit,marshal:error:marshal_failed: || decompyle3:exit_2:File name: '/tmp/pybcsec-rq2-v5gojm1u/sample.pyc (4 bytes)' is too short to be a valid pyc file,PycLens/data/rq2/failed_cases_decompylepp_traces/2753ed55d7b5-decompylepp.command.txt,PycLens/data/rq2/failed_cases_decompylepp_traces/2753ed55d7b5-decompylepp.stdout.txt,PycLens/data/rq2/failed_cases_decompylepp_traces/2753ed55d7b5-decompylepp.stderr.txt
1ad8950fa05b,decompylepp,exit_1,PycFile::getByte(): Unexpected end of stream,moolib,0.0.9b0,moolib-0.0.9b0.tar.gz,tar,moolib-0.0.9b0/test/unit/__pycache__/.!92624!test_accumulator.cpython-38-pytest-6.2.4.pyc,moolib-0.0.9b0-cpython-38-1ad8950fa05b.pyc,cpython-38,3413,False,4,pylingual_decompilable,decompyle3;marshal,error;exit_2,marshal_parse_failure;tool_exit,marshal:error:marshal_failed: || decompyle3:exit_2:File name: '/tmp/pybcsec-rq2-zb5cwy4n/sample.pyc (4 bytes)' is too short to be a valid pyc file,PycLens/data/rq2/failed_cases_decompylepp_traces/1ad8950fa05b-decompylepp.command.txt,PycLens/data/rq2/failed_cases_decompylepp_traces/1ad8950fa05b-decompylepp.stdout.txt,PycLens/data/rq2/failed_cases_decompylepp_traces/1ad8950fa05b-decompylepp.stderr.txt
1a64cb0e7e3a,decompylepp,exit_1,Something TERRIBLE happened! No matching with block found for WITH_CLEANUP at 42 PycBuffer::getByte(): Unexpected end of stream,moto-improved-cognitoidentity,1.3,moto-improved-cognitoidentity-1.3.tar.gz,tar,moto-improved-cognitoidentity-1.3/tests/test_iam/__pycache__/test_iam.cpython-38-pytest-7.2.0.pyc,moto-improved-cognitoidentity-1.3-cpython-38-1a64cb0e7e3a.pyc,cpython-38,3413,True,4,pylingual_decompilable,decompyle3,timeout,timeout,decompyle3:timeout:timeout_after_600s,PycLens/data/rq2/failed_cases_decompylepp_traces/1a64cb0e7e3a-decompylepp.command.txt,PycLens/data/rq2/failed_cases_decompylepp_traces/1a64cb0e7e3a-decompylepp.stdout.txt,PycLens/data/rq2/failed_cases_decompylepp_traces/1a64cb0e7e3a-decompylepp.stderr.txt
d91025464e70,decompylepp,exit_1,PycBuffer::getByte(): Unexpected end of stream,mqc,2.0.2,mqc-2.0.2-py3-none-any.whl,wheel,mqc/control/__pycache__/atp_control.cpython-38.pyc,mqc-2.0.2-cpython-38-d91025464e70.pyc,cpython-38,3413,True,4,pylingual_decompilable,decompyle3,exit_1,tool_exit,"decompyle3:exit_1:Traceback (most recent call last): File ""data/rq2/envs/cpython-38/bin/decompyle3"", line 8, in <module> sys.exit(main_bin()) File ""/root/PyBC-Sec/pybcSEC/data/rq2/envs/cpython-38/lib/python3.8/site-packages/click/core.py"", line 1161, in _...",PycLens/data/rq2/failed_cases_decompylepp_traces/d91025464e70-decompylepp.command.txt,PycLens/data/rq2/failed_cases_decompylepp_traces/d91025464e70-decompylepp.stdout.txt,PycLens/data/rq2/failed_cases_decompylepp_traces/d91025464e70-decompylepp.stderr.txt
103e9114ef7c,decompylepp,exit_1,PycBuffer::getByte(): Unexpected end of stream,mqc,2.0.2,mqc-2.0.2.tar.gz,tar,mqc-2.0.2/mqc/control/__pycache__/atp_control.cpython-38.pyc,mqc-2.0.2-cpython-38-103e9114ef7c.pyc,cpython-38,3413,True,4,pylingual_decompilable,decompyle3,exit_1,tool_exit,"decompyle3:exit_1:Traceback (most recent call last): File ""data/rq2/envs/cpython-38/bin/decompyle3"", line 8, in <module> sys.exit(main_bin()) File ""/root/PyBC-Sec/pybcSEC/data/rq2/envs/cpython-38/lib/python3.8/site-packages/click/core.py"", line 1161, in _...",PycLens/data/rq2/failed_cases_decompylepp_traces/103e9114ef7c-decompylepp.command.txt,PycLens/data/rq2/failed_cases_decompylepp_traces/103e9114ef7c-decompylepp.stdout.txt,PycLens/data/rq2/failed_cases_decompylepp_traces/103e9114ef7c-decompylepp.stderr.txt
e606e617645a,decompylepp,exit_1,Error decompyling PycLens/data/rq2/failed_cases/multiqc-vlad-1.30.dev20250821143134-cpython-38-e606e617645a.pyc: std::bad_cast,multiqc-vlad,1.30.dev20250821143134,multiqc_vlad-1.30.dev20250821143134-py3-none-any.whl,wheel,multiqc/plots/__pycache__/table_object.cpython-38.pyc,multiqc-vlad-1.30.dev20250821143134-cpython-38-e606e617645a.pyc,cpython-38,3413,True,4,pylingual_decompilable,decompyle3,exit_1,tool_exit,"decompyle3:exit_1:Traceback (most recent call last): File ""data/rq2/envs/cpython-38/bin/decompyle3"", line 8, in <module> sys.exit(main_bin()) File ""/root/PyBC-Sec/pybcSEC/data/rq2/envs/cpython-38/lib/python3.8/site-packages/click/core.py"", line 1161, in _...",PycLens/data/rq2/failed_cases_decompylepp_traces/e606e617645a-decompylepp.command.txt,PycLens/data/rq2/failed_cases_decompylepp_traces/e606e617645a-decompylepp.stdout.txt,PycLens/data/rq2/failed_cases_decompylepp_traces/e606e617645a-decompylepp.stderr.txt
9fb18e630a65,decompylepp,exit_1,Error decompyling PycLens/data/rq2/failed_cases/multiqc-vlad-1.30.dev20250821143134-cpython-38-9fb18e630a65.pyc: std::bad_cast,multiqc-vlad,1.30.dev20250821143134,multiqc_vlad-1.30.dev20250821143134.tar.gz,tar,multiqc_vlad-1.30.dev20250821143134/multiqc/plots/__pycache__/table_object.cpython-38.pyc,multiqc-vlad-1.30.dev20250821143134-cpython-38-9fb18e630a65.pyc,cpython-38,3413,True,4,pylingual_decompilable,decompyle3,exit_1,tool_exit,"decompyle3:exit_1:Traceback (most recent call last): File ""data/rq2/envs/cpython-38/bin/decompyle3"", line 8, in <module> sys.exit(main_bin()) File ""/root/PyBC-Sec/pybcSEC/data/rq2/envs/cpython-38/lib/python3.8/site-packages/click/core.py"", line 1161, in _...",PycLens/data/rq2/failed_cases_decompylepp_traces/9fb18e630a65-decompylepp.command.txt,PycLens/data/rq2/failed_cases_decompylepp_traces/9fb18e630a65-decompylepp.stdout.txt,PycLens/data/rq2/failed_cases_decompylepp_traces/9fb18e630a65-decompylepp.stderr.txt
565b7d1f5843,decompylepp,exit_1,Error decompyling PycLens/data/rq2/failed_cases/mwahpy-2.1.5-cpython-38-565b7d1f5843.pyc: std::bad_cast,mwahpy,2.1.5,mwahpy-2.1.5-py3-none-any.whl,wheel,mwahpy/__pycache__/plot.cpython-38.pyc,mwahpy-2.1.5-cpython-38-565b7d1f5843.pyc,cpython-38,3413,True,4,pylingual_decompilable,decompyle3,exit_1,tool_exit,"decompyle3:exit_1:Traceback (most recent call last): File ""data/rq2/envs/cpython-38/bin/decompyle3"", line 8, in <module> sys.exit(main_bin()) File ""/root/PyBC-Sec/pybcSEC/data/rq2/envs/cpython-38/lib/python3.8/site-packages/click/core.py"", line 1161, in _...",PycLens/data/rq2/failed_cases_decompylepp_traces/565b7d1f5843-decompylepp.command.txt,PycLens/data/rq2/failed_cases_decompylepp_traces/565b7d1f5843-decompylepp.stdout.txt,PycLens/data/rq2/failed_cases_decompylepp_traces/565b7d1f5843-decompylepp.stderr.txt
a9408c3f5332,decompylepp,exit_1,CreateObject: Got unsupported type 0x0 Error loading file PycLens/data/rq2/failed_cases/myfitnesspal-2.1.2-cpython-38-a9408c3f5332.pyc: std::bad_cast,myfitnesspal,2.1.2,myfitnesspal-2.1.2.tar.gz,tar,myfitnesspal-2.1.2/tests/__pycache__/test_client.cpython-38-pytest-5.4.3.pyc,myfitnesspal-2.1.2-cpython-38-a9408c3f5332.pyc,cpython-38,3413,True,4,pylingual_decompilable,decompyle3,exit_2,tool_exit,"decompyle3:exit_2:Traceback (most recent call last): File ""/root/PyBC-Sec/pybcSEC/data/rq2/envs/cpython-38/lib/python3.8/site-packages/xdis/load.py"", line 328, in load_module_from_file_object co = marshal.loads(bytecode) ValueError: bad marshal data (unkn...",PycLens/data/rq2/failed_cases_decompylepp_traces/a9408c3f5332-decompylepp.command.txt,PycLens/data/rq2/failed_cases_decompylepp_traces/a9408c3f5332-decompylepp.stdout.txt,PycLens/data/rq2/failed_cases_decompylepp_traces/a9408c3f5332-decompylepp.stderr.txt
64a24ecc43bf,decompylepp,exit_1,CreateObject: Got unsupported type 0x0 Error loading file PycLens/data/rq2/failed_cases/myfitnesspal-2.1.2-cpython-38-64a24ecc43bf.pyc: std::bad_cast,myfitnesspal,2.1.2,myfitnesspal-2.1.2.tar.gz,tar,myfitnesspal-2.1.2/tests/__pycache__/test_integration.cpython-38-pytest-5.4.3.pyc,myfitnesspal-2.1.2-cpython-38-64a24ecc43bf.pyc,cpython-38,3413,True,4,pylingual_decompilable,decompyle3,exit_2,tool_exit,"decompyle3:exit_2:Traceback (most recent call last): File ""/root/PyBC-Sec/pybcSEC/data/rq2/envs/cpython-38/lib/python3.8/site-packages/xdis/load.py"", line 328, in load_module_from_file_object co = marshal.loads(bytecode) ValueError: bad marshal data (unkn...",PycLens/data/rq2/failed_cases_decompylepp_traces/64a24ecc43bf-decompylepp.command.txt,PycLens/data/rq2/failed_cases_decompylepp_traces/64a24ecc43bf-decompylepp.stdout.txt,PycLens/data/rq2/failed_cases_decompylepp_traces/64a24ecc43bf-decompylepp.stderr.txt
1cc0a3259122,decompylepp,ok,,neuroai,0.5.2,neuroai-0.5.2-py3-none-any.whl,wheel,NeuroPixelAI/__pycache__/GUI.cpython-38.pyc,neuroai-0.5.2-cpython-38-1cc0a3259122.pyc,cpython-38,3413,True,4,pylingual_decompilable,decompyle3,timeout,timeout,decompyle3:timeout:timeout_after_600s,,,
0e681af31aed,decompylepp,ok,,neuroai,0.5.2,neuroai-0.5.2-py3-none-any.whl,wheel,NeuroPixelAI/__pycache__/GUI_largefov.cpython-38.pyc,neuroai-0.5.2-cpython-38-0e681af31aed.pyc,cpython-38,3413,False,4,pylingual_decompilable,decompyle3,timeout,timeout,decompyle3:timeout:timeout_after_600s,,,
b3a3092a3b5d,decompylepp,ok,,neuroai,0.5.2,neuroai-0.5.2-py3-none-any.whl,wheel,NeuroPixelAI/__pycache__/GUI_v4.cpython-38.pyc,neuroai-0.5.2-cpython-38-b3a3092a3b5d.pyc,cpython-38,3413,False,4,pylingual_decompilable,decompyle3,timeout,timeout,decompyle3:timeout:timeout_after_600s,,,
9fbcc209df97,decompylepp,ok,,neuroai,0.5.2,neuroai-0.5.2.tar.gz,tar,neuroai-0.5.2/NeuroPixelAI/__pycache__/GUI.cpython-38.pyc,neuroai-0.5.2-cpython-38-9fbcc209df97.pyc,cpython-38,3413,True,4,pylingual_decompilable,decompyle3,timeout,timeout,decompyle3:timeout:timeout_after_600s,,,
b4d9795138b5,decompylepp,ok,,neuroai,0.5.2,neuroai-0.5.2.tar.gz,tar,neuroai-0.5.2/NeuroPixelAI/__pycache__/GUI_largefov.cpython-38.pyc,neuroai-0.5.2-cpython-38-b4d9795138b5.pyc,cpython-38,3413,False,4,pylingual_decompilable,decompyle3,timeout,timeout,decompyle3:timeout:timeout_after_600s,,,
ba25e55eed1d,decompylepp,ok,,neuroai,0.5.2,neuroai-0.5.2.tar.gz,tar,neuroai-0.5.2/NeuroPixelAI/__pycache__/GUI_v4.cpython-38.pyc,neuroai-0.5.2-cpython-38-ba25e55eed1d.pyc,cpython-38,3413,False,4,pylingual_decompilable,decompyle3,timeout,timeout,decompyle3:timeout:timeout_after_600s,,,
a49521096d5a,decompylepp,exit_1,CreateObject: Got unsupported type 0x0 Error loading file PycLens/data/rq2/failed_cases/neurocollage-0.3.7-cpython-39-a49521096d5a.pyc: std::bad_cast,neurocollage,0.3.7,neurocollage-0.3.7.tar.gz,tar,neurocollage-0.3.7/tests/__pycache__/conftest.cpython-39-pytest-6.0.0.pyc,neurocollage-0.3.7-cpython-39-a49521096d5a.pyc,cpython-39,3425,True,4,pylingual_decompilable,decompyle3,exit_2,tool_exit,"decompyle3:exit_2:Traceback (most recent call last): File ""/root/PyBC-Sec/pybcSEC/data/rq2/envs/cpython-39/lib/python3.9/site-packages/xdis/load.py"", line 328, in load_module_from_file_object co = marshal.loads(bytecode) ValueError: bad marshal data (unkn...",PycLens/data/rq2/failed_cases_decompylepp_traces/a49521096d5a-decompylepp.command.txt,PycLens/data/rq2/failed_cases_decompylepp_traces/a49521096d5a-decompylepp.stdout.txt,PycLens/data/rq2/failed_cases_decompylepp_traces/a49521096d5a-decompylepp.stderr.txt
2f9c9e0f2299,decompylepp,exit_1,CreateObject: Got unsupported type 0x0 Error loading file PycLens/data/rq2/failed_cases/neurocollage-0.3.7-cpython-39-2f9c9e0f2299.pyc: std::bad_cast,neurocollage,0.3.7,neurocollage-0.3.7.tar.gz,tar,neurocollage-0.3.7/tests/__pycache__/conftest.cpython-39-pytest-6.1.0.pyc,neurocollage-0.3.7-cpython-39-2f9c9e0f2299.pyc,cpython-39,3425,True,4,pylingual_decompilable,decompyle3,exit_2,tool_exit,"decompyle3:exit_2:Traceback (most recent call last): File ""/root/PyBC-Sec/pybcSEC/data/rq2/envs/cpython-39/lib/python3.9/site-packages/xdis/load.py"", line 328, in load_module_from_file_object co = marshal.loads(bytecode) ValueError: bad marshal data (unkn...",PycLens/data/rq2/failed_cases_decompylepp_traces/2f9c9e0f2299-decompylepp.command.txt,PycLens/data/rq2/failed_cases_decompylepp_traces/2f9c9e0f2299-decompylepp.stdout.txt,PycLens/data/rq2/failed_cases_decompylepp_traces/2f9c9e0f2299-decompylepp.stderr.txt
ea036d762701,decompylepp,exit_1,CreateObject: Got unsupported type 0x0 Error loading file PycLens/data/rq2/failed_cases/neurocollage-0.3.7-cpython-39-ea036d762701.pyc: std::bad_cast,neurocollage,0.3.7,neurocollage-0.3.7.tar.gz,tar,neurocollage-0.3.7/tests/__pycache__/test_cli.cpython-39-pytest-6.0.0.pyc,neurocollage-0.3.7-cpython-39-ea036d762701.pyc,cpython-39,3425,True,4,pylingual_decompilable,decompyle3,exit_2,tool_exit,"decompyle3:exit_2:Traceback (most recent call last): File ""/root/PyBC-Sec/pybcSEC/data/rq2/envs/cpython-39/lib/python3.9/site-packages/xdis/load.py"", line 328, in load_module_from_file_object co = marshal.loads(bytecode) ValueError: bad marshal data (unkn...",PycLens/data/rq2/failed_cases_decompylepp_traces/ea036d762701-decompylepp.command.txt,PycLens/data/rq2/failed_cases_decompylepp_traces/ea036d762701-decompylepp.stdout.txt,PycLens/data/rq2/failed_cases_decompylepp_traces/ea036d762701-decompylepp.stderr.txt
41972d29a53b,decompylepp,exit_1,CreateObject: Got unsupported type 0x0 Error loading file PycLens/data/rq2/failed_cases/neurocollage-0.3.7-cpython-39-41972d29a53b.pyc: std::bad_cast,neurocollage,0.3.7,neurocollage-0.3.7.tar.gz,tar,neurocollage-0.3.7/tests/__pycache__/test_cli.cpython-39-pytest-6.1.0.pyc,neurocollage-0.3.7-cpython-39-41972d29a53b.pyc,cpython-39,3425,True,4,pylingual_decompilable,decompyle3,exit_2,tool_exit,"decompyle3:exit_2:Traceback (most recent call last): File ""/root/PyBC-Sec/pybcSEC/data/rq2/envs/cpython-39/lib/python3.9/site-packages/xdis/load.py"", line 328, in load_module_from_file_object co = marshal.loads(bytecode) ValueError: bad marshal data (unkn...",PycLens/data/rq2/failed_cases_decompylepp_traces/41972d29a53b-decompylepp.command.txt,PycLens/data/rq2/failed_cases_decompylepp_traces/41972d29a53b-decompylepp.stdout.txt,PycLens/data/rq2/failed_cases_decompylepp_traces/41972d29a53b-decompylepp.stderr.txt
0ff1997d3f0c,decompylepp,exit_1,CreateObject: Got unsupported type 0x0 Error loading file PycLens/data/rq2/failed_cases/neurocollage-0.3.7-cpython-39-0ff1997d3f0c.pyc: std::bad_cast,neurocollage,0.3.7,neurocollage-0.3.7.tar.gz,tar,neurocollage-0.3.7/tests/__pycache__/test_collage.cpython-39-pytest-6.0.0.pyc,neurocollage-0.3.7-cpython-39-0ff1997d3f0c.pyc,cpython-39,3425,True,4,pylingual_decompilable,decompyle3,exit_2,tool_exit,"decompyle3:exit_2:Traceback (most recent call last): File ""/root/PyBC-Sec/pybcSEC/data/rq2/envs/cpython-39/lib/python3.9/site-packages/xdis/load.py"", line 328, in load_module_from_file_object co = marshal.loads(bytecode) ValueError: bad marshal data (unkn...",PycLens/data/rq2/failed_cases_decompylepp_traces/0ff1997d3f0c-decompylepp.command.txt,PycLens/data/rq2/failed_cases_decompylepp_traces/0ff1997d3f0c-decompylepp.stdout.txt,PycLens/data/rq2/failed_cases_decompylepp_traces/0ff1997d3f0c-decompylepp.stderr.txt
c700ba7545c8,decompylepp,exit_1,CreateObject: Got unsupported type 0x0 Error loading file PycLens/data/rq2/failed_cases/neurocollage-0.3.7-cpython-39-c700ba7545c8.pyc: std::bad_cast,neurocollage,0.3.7,neurocollage-0.3.7.tar.gz,tar,neurocollage-0.3.7/tests/__pycache__/test_collage.cpython-39-pytest-6.1.0.pyc,neurocollage-0.3.7-cpython-39-c700ba7545c8.pyc,cpython-39,3425,True,4,pylingual_decompilable,decompyle3,exit_2,tool_exit,"decompyle3:exit_2:Traceback (most recent call last): File ""/root/PyBC-Sec/pybcSEC/data/rq2/envs/cpython-39/lib/python3.9/site-packages/xdis/load.py"", line 328, in load_module_from_file_object co = marshal.loads(bytecode) ValueError: bad marshal data (unkn...",PycLens/data/rq2/failed_cases_decompylepp_traces/c700ba7545c8-decompylepp.command.txt,PycLens/data/rq2/failed_cases_decompylepp_traces/c700ba7545c8-decompylepp.stdout.txt,PycLens/data/rq2/failed_cases_decompylepp_traces/c700ba7545c8-decompylepp.stderr.txt
d4076ce00653,decompylepp,exit_1,CreateObject: Got unsupported type 0x0 Error loading file PycLens/data/rq2/failed_cases/neurocollage-0.3.7-cpython-39-d4076ce00653.pyc: std::bad_cast,neurocollage,0.3.7,neurocollage-0.3.7.tar.gz,tar,neurocollage-0.3.7/tests/__pycache__/test_planes.cpython-39-pytest-6.0.0.pyc,neurocollage-0.3.7-cpython-39-d4076ce00653.pyc,cpython-39,3425,True,4,pylingual_decompilable,decompyle3,exit_2,tool_exit,"decompyle3:exit_2:Traceback (most recent call last): File ""/root/PyBC-Sec/pybcSEC/data/rq2/envs/cpython-39/lib/python3.9/site-packages/xdis/load.py"", line 328, in load_module_from_file_object co = marshal.loads(bytecode) ValueError: bad marshal data (unkn...",PycLens/data/rq2/failed_cases_decompylepp_traces/d4076ce00653-decompylepp.command.txt,PycLens/data/rq2/failed_cases_decompylepp_traces/d4076ce00653-decompylepp.stdout.txt,PycLens/data/rq2/failed_cases_decompylepp_traces/d4076ce00653-decompylepp.stderr.txt
decf1eec86ce,decompylepp,exit_1,CreateObject: Got unsupported type 0x0 Error loading file PycLens/data/rq2/failed_cases/neurocollage-0.3.7-cpython-39-decf1eec86ce.pyc: std::bad_cast,neurocollage,0.3.7,neurocollage-0.3.7.tar.gz,tar,neurocollage-0.3.7/tests/__pycache__/test_planes.cpython-39-pytest-6.1.0.pyc,neurocollage-0.3.7-cpython-39-decf1eec86ce.pyc,cpython-39,3425,True,4,pylingual_decompilable,decompyle3,exit_2,tool_exit,"decompyle3:exit_2:Traceback (most recent call last): File ""/root/PyBC-Sec/pybcSEC/data/rq2/envs/cpython-39/lib/python3.9/site-packages/xdis/load.py"", line 328, in load_module_from_file_object co = marshal.loads(bytecode) ValueError: bad marshal data (unkn...",PycLens/data/rq2/failed_cases_decompylepp_traces/decf1eec86ce-decompylepp.command.txt,PycLens/data/rq2/failed_cases_decompylepp_traces/decf1eec86ce-decompylepp.stdout.txt,PycLens/data/rq2/failed_cases_decompylepp_traces/decf1eec86ce-decompylepp.stderr.txt
b5463cbef033,decompylepp,exit_1,CreateObject: Got unsupported type 0x0 Error loading file PycLens/data/rq2/failed_cases/neurocollage-0.3.7-cpython-39-b5463cbef033.pyc: std::bad_cast,neurocollage,0.3.7,neurocollage-0.3.7.tar.gz,tar,neurocollage-0.3.7/tests/planes_utils/__pycache__/test_maths.cpython-39-pytest-6.0.0.pyc,neurocollage-0.3.7-cpython-39-b5463cbef033.pyc,cpython-39,3425,True,4,pylingual_decompilable,decompyle3,exit_2,tool_exit,"decompyle3:exit_2:Traceback (most recent call last): File ""/root/PyBC-Sec/pybcSEC/data/rq2/envs/cpython-39/lib/python3.9/site-packages/xdis/load.py"", line 328, in load_module_from_file_object co = marshal.loads(bytecode) ValueError: bad marshal data (unkn...",PycLens/data/rq2/failed_cases_decompylepp_traces/b5463cbef033-decompylepp.command.txt,PycLens/data/rq2/failed_cases_decompylepp_traces/b5463cbef033-decompylepp.stdout.txt,PycLens/data/rq2/failed_cases_decompylepp_traces/b5463cbef033-decompylepp.stderr.txt
d2e8df779a9f,decompylepp,exit_1,CreateObject: Got unsupported type 0x0 Error loading file PycLens/data/rq2/failed_cases/neurocollage-0.3.7-cpython-39-d2e8df779a9f.pyc: std::bad_cast,neurocollage,0.3.7,neurocollage-0.3.7.tar.gz,tar,neurocollage-0.3.7/tests/planes_utils/__pycache__/test_maths.cpython-39-pytest-6.1.0.pyc,neurocollage-0.3.7-cpython-39-d2e8df779a9f.pyc,cpython-39,3425,True,4,pylingual_decompilable,decompyle3,exit_2,tool_exit,"decompyle3:exit_2:Traceback (most recent call last): File ""/root/PyBC-Sec/pybcSEC/data/rq2/envs/cpython-39/lib/python3.9/site-packages/xdis/load.py"", line 328, in load_module_from_file_object co = marshal.loads(bytecode) ValueError: bad marshal data (unkn...",PycLens/data/rq2/failed_cases_decompylepp_traces/d2e8df779a9f-decompylepp.command.txt,PycLens/data/rq2/failed_cases_decompylepp_traces/d2e8df779a9f-decompylepp.stdout.txt,PycLens/data/rq2/failed_cases_decompylepp_traces/d2e8df779a9f-decompylepp.stderr.txt
27b464150489,decompylepp,exit_1,CreateObject: Got unsupported type 0x0 Error loading file PycLens/data/rq2/failed_cases/neurocollage-0.3.7-cpython-39-27b464150489.pyc: std::bad_cast,neurocollage,0.3.7,neurocollage-0.3.7.tar.gz,tar,neurocollage-0.3.7/tests/planes_utils/__pycache__/test_planes.cpython-39-pytest-6.0.0.pyc,neurocollage-0.3.7-cpython-39-27b464150489.pyc,cpython-39,3425,True,4,pylingual_decompilable,decompyle3,exit_2,tool_exit,"decompyle3:exit_2:Traceback (most recent call last): File ""/root/PyBC-Sec/pybcSEC/data/rq2/envs/cpython-39/lib/python3.9/site-packages/xdis/load.py"", line 328, in load_module_from_file_object co = marshal.loads(bytecode) ValueError: bad marshal data (unkn...",PycLens/data/rq2/failed_cases_decompylepp_traces/27b464150489-decompylepp.command.txt,PycLens/data/rq2/failed_cases_decompylepp_traces/27b464150489-decompylepp.stdout.txt,PycLens/data/rq2/failed_cases_decompylepp_traces/27b464150489-decompylepp.stderr.txt
94fae8fbcb47,decompylepp,exit_1,CreateObject: Got unsupported type 0x0 Error loading file PycLens/data/rq2/failed_cases/neurocollage-0.3.7-cpython-39-94fae8fbcb47.pyc: std::bad_cast,neurocollage,0.3.7,neurocollage-0.3.7.tar.gz,tar,neurocollage-0.3.7/tests/planes_utils/__pycache__/test_planes.cpython-39-pytest-6.1.0.pyc,neurocollage-0.3.7-cpython-39-94fae8fbcb47.pyc,cpython-39,3425,True,4,pylingual_decompilable,decompyle3,exit_2,tool_exit,"decompyle3:exit_2:Traceback (most recent call last): File ""/root/PyBC-Sec/pybcSEC/data/rq2/envs/cpython-39/lib/python3.9/site-packages/xdis/load.py"", line 328, in load_module_from_file_object co = marshal.loads(bytecode) ValueError: bad marshal data (unkn...",PycLens/data/rq2/failed_cases_decompylepp_traces/94fae8fbcb47-decompylepp.command.txt,PycLens/data/rq2/failed_cases_decompylepp_traces/94fae8fbcb47-decompylepp.stdout.txt,PycLens/data/rq2/failed_cases_decompylepp_traces/94fae8fbcb47-decompylepp.stderr.txt
9b0d31ae9e4a,decompylepp,exit_1,CreateObject: Got unsupported type 0x0 Error loading file PycLens/data/rq2/failed_cases/new-flask-app-1.0.4-cpython-38-9b0d31ae9e4a.pyc: std::bad_cast,new-flask-app,1.0.4,new-flask-app-1.0.4.tar.gz,tar,new-flask-app-1.0.4/create_flask_app/app/tests/__pycache__/test_app.cpython-38-pytest-6.0.1.pyc,new-flask-app-1.0.4-cpython-38-9b0d31ae9e4a.pyc,cpython-38,3413,True,4,pylingual_decompilable,decompyle3,exit_2,tool_exit,"decompyle3:exit_2:Traceback (most recent call last): File ""/root/PyBC-Sec/pybcSEC/data/rq2/envs/cpython-38/lib/python3.8/site-packages/xdis/load.py"", line 328, in load_module_from_file_object co = marshal.loads(bytecode) ValueError: bad marshal data (unkn...",PycLens/data/rq2/failed_cases_decompylepp_traces/9b0d31ae9e4a-decompylepp.command.txt,PycLens/data/rq2/failed_cases_decompylepp_traces/9b0d31ae9e4a-decompylepp.stdout.txt,PycLens/data/rq2/failed_cases_decompylepp_traces/9b0d31ae9e4a-decompylepp.stderr.txt
a78a10478516,decompylepp,exit_1,CreateObject: Got unsupported type 0x0 Error loading file PycLens/data/rq2/failed_cases/new-flask-app-1.0.4-cpython-38-a78a10478516.pyc: std::bad_cast,new-flask-app,1.0.4,new_flask_app-1.0.4-py3-none-any.whl,wheel,create_flask_app/app/tests/__pycache__/test_app.cpython-38-pytest-6.0.1.pyc,new-flask-app-1.0.4-cpython-38-a78a10478516.pyc,cpython-38,3413,True,4,pylingual_decompilable,decompyle3,exit_2,tool_exit,"decompyle3:exit_2:Traceback (most recent call last): File ""/root/PyBC-Sec/pybcSEC/data/rq2/envs/cpython-38/lib/python3.8/site-packages/xdis/load.py"", line 328, in load_module_from_file_object co = marshal.loads(bytecode) ValueError: bad marshal data (unkn...",PycLens/data/rq2/failed_cases_decompylepp_traces/a78a10478516-decompylepp.command.txt,PycLens/data/rq2/failed_cases_decompylepp_traces/a78a10478516-decompylepp.stdout.txt,PycLens/data/rq2/failed_cases_decompylepp_traces/a78a10478516-decompylepp.stderr.txt
6c9f97489fc4,decompylepp,exit_1,Bad MAGIC! Could not load file PycLens/data/rq2/failed_cases/nocturnal-1.6.0-cpython-311-6c9f97489fc4.pyc,nocturnal,1.6.0,nocturnal-1.6.0.tar.gz,tar,nocturnal-1.6.0/parties/nocturnal/activities/EEC_448_2/private_key/__pycache__/creator.cpython-311.pyc,nocturnal-1.6.0-cpython-311-6c9f97489fc4.pyc,cpython-311,42946,True,4,pylingual_decompilable,decompyle3;marshal,error;exit_2,marshal_parse_failure;tool_exit,marshal:error:marshal_failed: || decompyle3:exit_2:/root/PyBC-Sec/pybcSEC/data/rq2/envs/cpython-311/lib/python3.11/site-packages/click/core.py:1262: UserWarning: The parameter --version is used more than once. Remove its duplicate as parameters should be unique. parser = self.make_parser...,PycLens/data/rq2/failed_cases_decompylepp_traces/6c9f97489fc4-decompylepp.command.txt,PycLens/data/rq2/failed_cases_decompylepp_traces/6c9f97489fc4-decompylepp.stdout.txt,PycLens/data/rq2/failed_cases_decompylepp_traces/6c9f97489fc4-decompylepp.stderr.txt
b6fb16c62336,decompylepp,exit_1,Bad MAGIC! Could not load file PycLens/data/rq2/failed_cases/nocturnal-1.6.0-cpython-311-b6fb16c62336.pyc,nocturnal,1.6.0,nocturnal-1.6.0.tar.gz,tar,nocturnal-1.6.0/parties/nocturnal/activities/EEC_448_2/private_key/__pycache__/scan.cpython-311.pyc,nocturnal-1.6.0-cpython-311-b6fb16c62336.pyc,cpython-311,42946,True,4,pylingual_decompilable,decompyle3;marshal,error;exit_2,marshal_parse_failure;tool_exit,marshal:error:marshal_failed: || decompyle3:exit_2:/root/PyBC-Sec/pybcSEC/data/rq2/envs/cpython-311/lib/python3.11/site-packages/click/core.py:1262: UserWarning: The parameter --version is used more than once. Remove its duplicate as parameters should be unique. parser = self.make_parser...,PycLens/data/rq2/failed_cases_decompylepp_traces/b6fb16c62336-decompylepp.command.txt,PycLens/data/rq2/failed_cases_decompylepp_traces/b6fb16c62336-decompylepp.stdout.txt,PycLens/data/rq2/failed_cases_decompylepp_traces/b6fb16c62336-decompylepp.stderr.txt
2da44de0adaf,decompylepp,exit_1,Bad MAGIC! Could not load file PycLens/data/rq2/failed_cases/nocturnal-1.6.0-cpython-311-2da44de0adaf.pyc,nocturnal,1.6.0,nocturnal-1.6.0.tar.gz,tar,nocturnal-1.6.0/parties/nocturnal/activities/EEC_448_2/public_key/__pycache__/creator.cpython-311.pyc,nocturnal-1.6.0-cpython-311-2da44de0adaf.pyc,cpython-311,42946,True,4,pylingual_decompilable,decompyle3;marshal,error;exit_2,marshal_parse_failure;tool_exit,marshal:error:marshal_failed: || decompyle3:exit_2:/root/PyBC-Sec/pybcSEC/data/rq2/envs/cpython-311/lib/python3.11/site-packages/click/core.py:1262: UserWarning: The parameter --version is used more than once. Remove its duplicate as parameters should be unique. parser = self.make_parser...,PycLens/data/rq2/failed_cases_decompylepp_traces/2da44de0adaf-decompylepp.command.txt,PycLens/data/rq2/failed_cases_decompylepp_traces/2da44de0adaf-decompylepp.stdout.txt,PycLens/data/rq2/failed_cases_decompylepp_traces/2da44de0adaf-decompylepp.stderr.txt
a950bb705069,decompylepp,exit_1,PycFile::getByte(): Unexpected end of stream,nocturnal,1.6.0,nocturnal-1.6.0.tar.gz,tar,nocturnal-1.6.0/parties/nocturnal/activities/EEC_448_2/public_key/__pycache__/form.cpython-310.pyc,nocturnal-1.6.0-cpython-310-a950bb705069.pyc,cpython-310,3439,False,4,pylingual_decompilable,decompyle3;marshal,error;exit_2,marshal_parse_failure;tool_exit,marshal:error:marshal_failed: || decompyle3:exit_2:/root/PyBC-Sec/pybcSEC/data/rq2/envs/cpython-310/lib/python3.10/site-packages/click/core.py:1262: UserWarning: The parameter --version is used more than once. Remove its duplicate as parameters should be unique. parser = self.make_parser...,PycLens/data/rq2/failed_cases_decompylepp_traces/a950bb705069-decompylepp.command.txt,PycLens/data/rq2/failed_cases_decompylepp_traces/a950bb705069-decompylepp.stdout.txt,PycLens/data/rq2/failed_cases_decompylepp_traces/a950bb705069-decompylepp.stderr.txt
ebc1e477838f,decompylepp,exit_1,Bad MAGIC! Could not load file PycLens/data/rq2/failed_cases/nocturnal-1.6.0-cpython-311-ebc1e477838f.pyc,nocturnal,1.6.0,nocturnal-1.6.0.tar.gz,tar,nocturnal-1.6.0/parties/nocturnal/activities/EEC_448_2/public_key/__pycache__/form.cpython-311.pyc,nocturnal-1.6.0-cpython-311-ebc1e477838f.pyc,cpython-311,42946,False,4,pylingual_decompilable,decompyle3;marshal,error;exit_2,marshal_parse_failure;tool_exit,marshal:error:marshal_failed: || decompyle3:exit_2:/root/PyBC-Sec/pybcSEC/data/rq2/envs/cpython-311/lib/python3.11/site-packages/click/core.py:1262: UserWarning: The parameter --version is used more than once. Remove its duplicate as parameters should be unique. parser = self.make_parser...,PycLens/data/rq2/failed_cases_decompylepp_traces/ebc1e477838f-decompylepp.command.txt,PycLens/data/rq2/failed_cases_decompylepp_traces/ebc1e477838f-decompylepp.stdout.txt,PycLens/data/rq2/failed_cases_decompylepp_traces/ebc1e477838f-decompylepp.stderr.txt
eefacf1e9f2d,decompylepp,exit_1,Bad MAGIC! Could not load file PycLens/data/rq2/failed_cases/nocturnal-1.6.0-cpython-311-eefacf1e9f2d.pyc,nocturnal,1.6.0,nocturnal-1.6.0.tar.gz,tar,nocturnal-1.6.0/parties/nocturnal/activities/EEC_448_2/public_key/__pycache__/scan.cpython-311.pyc,nocturnal-1.6.0-cpython-311-eefacf1e9f2d.pyc,cpython-311,42946,True,4,pylingual_decompilable,decompyle3;marshal,error;exit_2,marshal_parse_failure;tool_exit,marshal:error:marshal_failed: || decompyle3:exit_2:/root/PyBC-Sec/pybcSEC/data/rq2/envs/cpython-311/lib/python3.11/site-packages/click/core.py:1262: UserWarning: The parameter --version is used more than once. Remove its duplicate as parameters should be unique. parser = self.make_parser...,PycLens/data/rq2/failed_cases_decompylepp_traces/eefacf1e9f2d-decompylepp.command.txt,PycLens/data/rq2/failed_cases_decompylepp_traces/eefacf1e9f2d-decompylepp.stdout.txt,PycLens/data/rq2/failed_cases_decompylepp_traces/eefacf1e9f2d-decompylepp.stderr.txt
4eb9ce7d3666,decompylepp,exit_1,PycFile::getByte(): Unexpected end of stream,nocturnal,1.6.0,nocturnal-1.6.0.tar.gz,tar,nocturnal-1.6.0/parties/nocturnal/activities/EEC_448_2/public_key/__pycache__/write.cpython-310.pyc,nocturnal-1.6.0-cpython-310-4eb9ce7d3666.pyc,cpython-310,3439,False,4,pylingual_decompilable,decompyle3;marshal,error;exit_2,marshal_parse_failure;tool_exit,marshal:error:marshal_failed: || decompyle3:exit_2:/root/PyBC-Sec/pybcSEC/data/rq2/envs/cpython-310/lib/python3.10/site-packages/click/core.py:1262: UserWarning: The parameter --version is used more than once. Remove its duplicate as parameters should be unique. parser = self.make_parser...,PycLens/data/rq2/failed_cases_decompylepp_traces/4eb9ce7d3666-decompylepp.command.txt,PycLens/data/rq2/failed_cases_decompylepp_traces/4eb9ce7d3666-decompylepp.stdout.txt,PycLens/data/rq2/failed_cases_decompylepp_traces/4eb9ce7d3666-decompylepp.stderr.txt
22741c5c7ef3,decompylepp,exit_1,Bad MAGIC! Could not load file PycLens/data/rq2/failed_cases/nocturnal-1.6.0-cpython-311-22741c5c7ef3.pyc,nocturnal,1.6.0,nocturnal-1.6.0.tar.gz,tar,nocturnal-1.6.0/parties/nocturnal/activities/EEC_448_2/public_key/__pycache__/write.cpython-311.pyc,nocturnal-1.6.0-cpython-311-22741c5c7ef3.pyc,cpython-311,42946,False,4,pylingual_decompilable,decompyle3;marshal,error;exit_2,marshal_parse_failure;tool_exit,marshal:error:marshal_failed: || decompyle3:exit_2:/root/PyBC-Sec/pybcSEC/data/rq2/envs/cpython-311/lib/python3.11/site-packages/click/core.py:1262: UserWarning: The parameter --version is used more than once. Remove its duplicate as parameters should be unique. parser = self.make_parser...,PycLens/data/rq2/failed_cases_decompylepp_traces/22741c5c7ef3-decompylepp.command.txt,PycLens/data/rq2/failed_cases_decompylepp_traces/22741c5c7ef3-decompylepp.stdout.txt,PycLens/data/rq2/failed_cases_decompylepp_traces/22741c5c7ef3-decompylepp.stderr.txt
ffc89cf4cc9a,decompylepp,exit_1,Bad MAGIC! Could not load file PycLens/data/rq2/failed_cases/nocturnal-1.6.0-cpython-311-ffc89cf4cc9a.pyc,nocturnal,1.6.0,nocturnal-1.6.0.tar.gz,tar,nocturnal-1.6.0/parties/nocturnal/activities/EEC_448_2/sign/__pycache__/__init__.cpython-311.pyc,nocturnal-1.6.0-cpython-311-ffc89cf4cc9a.pyc,cpython-311,42946,True,4,pylingual_decompilable,decompyle3;marshal,error;exit_2,marshal_parse_failure;tool_exit,marshal:error:marshal_failed: || decompyle3:exit_2:/root/PyBC-Sec/pybcSEC/data/rq2/envs/cpython-311/lib/python3.11/site-packages/click/core.py:1262: UserWarning: The parameter --version is used more than once. Remove its duplicate as parameters should be unique. parser = self.make_parser...,PycLens/data/rq2/failed_cases_decompylepp_traces/ffc89cf4cc9a-decompylepp.command.txt,PycLens/data/rq2/failed_cases_decompylepp_traces/ffc89cf4cc9a-decompylepp.stdout.txt,PycLens/data/rq2/failed_cases_decompylepp_traces/ffc89cf4cc9a-decompylepp.stderr.txt
02f2d0c4cf4d,decompylepp,exit_1,Bad MAGIC! Could not load file PycLens/data/rq2/failed_cases/nocturnal-1.6.0-cpython-311-02f2d0c4cf4d.pyc,nocturnal,1.6.0,nocturnal-1.6.0.tar.gz,tar,nocturnal-1.6.0/parties/nocturnal/activities/EEC_448_2/verify/__pycache__/__init__.cpython-311.pyc,nocturnal-1.6.0-cpython-311-02f2d0c4cf4d.pyc,cpython-311,42946,True,4,pylingual_decompilable,decompyle3;marshal,error;exit_2,marshal_parse_failure;tool_exit,marshal:error:marshal_failed: || decompyle3:exit_2:/root/PyBC-Sec/pybcSEC/data/rq2/envs/cpython-311/lib/python3.11/site-packages/click/core.py:1262: UserWarning: The parameter --version is used more than once. Remove its duplicate as parameters should be unique. parser = self.make_parser...,PycLens/data/rq2/failed_cases_decompylepp_traces/02f2d0c4cf4d-decompylepp.command.txt,PycLens/data/rq2/failed_cases_decompylepp_traces/02f2d0c4cf4d-decompylepp.stdout.txt,PycLens/data/rq2/failed_cases_decompylepp_traces/02f2d0c4cf4d-decompylepp.stderr.txt
3c1a4358842c,decompylepp,exit_1,Bad MAGIC! Could not load file PycLens/data/rq2/failed_cases/nocturnal-1.6.0-cpython-311-3c1a4358842c.pyc,nocturnal,1.6.0,nocturnal-1.6.0.tar.gz,tar,nocturnal-1.6.0/parties/nocturnal/activities/EEC_448_3/private_key/__pycache__/creator.cpython-311.pyc,nocturnal-1.6.0-cpython-311-3c1a4358842c.pyc,cpython-311,42946,True,4,pylingual_decompilable,decompyle3;marshal,error;exit_2,marshal_parse_failure;tool_exit,marshal:error:marshal_failed: || decompyle3:exit_2:/root/PyBC-Sec/pybcSEC/data/rq2/envs/cpython-311/lib/python3.11/site-packages/click/core.py:1262: UserWarning: The parameter --version is used more than once. Remove its duplicate as parameters should be unique. parser = self.make_parser...,PycLens/data/rq2/failed_cases_decompylepp_traces/3c1a4358842c-decompylepp.command.txt,PycLens/data/rq2/failed_cases_decompylepp_traces/3c1a4358842c-decompylepp.stdout.txt,PycLens/data/rq2/failed_cases_decompylepp_traces/3c1a4358842c-decompylepp.stderr.txt
0d139be6d775,decompylepp,exit_1,Bad MAGIC! Could not load file PycLens/data/rq2/failed_cases/nocturnal-1.6.0-cpython-311-0d139be6d775.pyc,nocturnal,1.6.0,nocturnal-1.6.0.tar.gz,tar,nocturnal-1.6.0/parties/nocturnal/activities/EEC_448_3/private_key/__pycache__/scan.cpython-311.pyc,nocturnal-1.6.0-cpython-311-0d139be6d775.pyc,cpython-311,42946,True,4,pylingual_decompilable,decompyle3;marshal,error;exit_2,marshal_parse_failure;tool_exit,marshal:error:marshal_failed: || decompyle3:exit_2:/root/PyBC-Sec/pybcSEC/data/rq2/envs/cpython-311/lib/python3.11/site-packages/click/core.py:1262: UserWarning: The parameter --version is used more than once. Remove its duplicate as parameters should be unique. parser = self.make_parser...,PycLens/data/rq2/failed_cases_decompylepp_traces/0d139be6d775-decompylepp.command.txt,PycLens/data/rq2/failed_cases_decompylepp_traces/0d139be6d775-decompylepp.stdout.txt,PycLens/data/rq2/failed_cases_decompylepp_traces/0d139be6d775-decompylepp.stderr.txt
5a15f3b99725,decompylepp,exit_1,Bad MAGIC! Could not load file PycLens/data/rq2/failed_cases/nocturnal-1.6.0-cpython-311-5a15f3b99725.pyc,nocturnal,1.6.0,nocturnal-1.6.0.tar.gz,tar,nocturnal-1.6.0/parties/nocturnal/activities/EEC_448_3/public_key/__pycache__/creator.cpython-311.pyc,nocturnal-1.6.0-cpython-311-5a15f3b99725.pyc,cpython-311,42946,True,4,pylingual_decompilable,decompyle3;marshal,error;exit_2,marshal_parse_failure;tool_exit,marshal:error:marshal_failed: || decompyle3:exit_2:/root/PyBC-Sec/pybcSEC/data/rq2/envs/cpython-311/lib/python3.11/site-packages/click/core.py:1262: UserWarning: The parameter --version is used more than once. Remove its duplicate as parameters should be unique. parser = self.make_parser...,PycLens/data/rq2/failed_cases_decompylepp_traces/5a15f3b99725-decompylepp.command.txt,PycLens/data/rq2/failed_cases_decompylepp_traces/5a15f3b99725-decompylepp.stdout.txt,PycLens/data/rq2/failed_cases_decompylepp_traces/5a15f3b99725-decompylepp.stderr.txt
b0c038bf532e,decompylepp,exit_1,PycFile::getByte(): Unexpected end of stream,nocturnal,1.6.0,nocturnal-1.6.0.tar.gz,tar,nocturnal-1.6.0/parties/nocturnal/activities/EEC_448_3/public_key/__pycache__/form.cpython-310.pyc,nocturnal-1.6.0-cpython-310-b0c038bf532e.pyc,cpython-310,3439,False,4,pylingual_decompilable,decompyle3;marshal,error;exit_2,marshal_parse_failure;tool_exit,marshal:error:marshal_failed: || decompyle3:exit_2:/root/PyBC-Sec/pybcSEC/data/rq2/envs/cpython-310/lib/python3.10/site-packages/click/core.py:1262: UserWarning: The parameter --version is used more than once. Remove its duplicate as parameters should be unique. parser = self.make_parser...,PycLens/data/rq2/failed_cases_decompylepp_traces/b0c038bf532e-decompylepp.command.txt,PycLens/data/rq2/failed_cases_decompylepp_traces/b0c038bf532e-decompylepp.stdout.txt,PycLens/data/rq2/failed_cases_decompylepp_traces/b0c038bf532e-decompylepp.stderr.txt
ad32a390621e,decompylepp,exit_1,Bad MAGIC! Could not load file PycLens/data/rq2/failed_cases/nocturnal-1.6.0-cpython-311-ad32a390621e.pyc,nocturnal,1.6.0,nocturnal-1.6.0.tar.gz,tar,nocturnal-1.6.0/parties/nocturnal/activities/EEC_448_3/public_key/__pycache__/form.cpython-311.pyc,nocturnal-1.6.0-cpython-311-ad32a390621e.pyc,cpython-311,42946,False,4,pylingual_decompilable,decompyle3;marshal,error;exit_2,marshal_parse_failure;tool_exit,marshal:error:marshal_failed: || decompyle3:exit_2:/root/PyBC-Sec/pybcSEC/data/rq2/envs/cpython-311/lib/python3.11/site-packages/click/core.py:1262: UserWarning: The parameter --version is used more than once. Remove its duplicate as parameters should be unique. parser = self.make_parser...,PycLens/data/rq2/failed_cases_decompylepp_traces/ad32a390621e-decompylepp.command.txt,PycLens/data/rq2/failed_cases_decompylepp_traces/ad32a390621e-decompylepp.stdout.txt,PycLens/data/rq2/failed_cases_decompylepp_traces/ad32a390621e-decompylepp.stderr.txt
adf039f7ab76,decompylepp,exit_1,Bad MAGIC! Could not load file PycLens/data/rq2/failed_cases/nocturnal-1.6.0-cpython-311-adf039f7ab76.pyc,nocturnal,1.6.0,nocturnal-1.6.0.tar.gz,tar,nocturnal-1.6.0/parties/nocturnal/activities/EEC_448_3/public_key/__pycache__/scan.cpython-311.pyc,nocturnal-1.6.0-cpython-311-adf039f7ab76.pyc,cpython-311,42946,True,4,pylingual_decompilable,decompyle3;marshal,error;exit_2,marshal_parse_failure;tool_exit,marshal:error:marshal_failed: || decompyle3:exit_2:/root/PyBC-Sec/pybcSEC/data/rq2/envs/cpython-311/lib/python3.11/site-packages/click/core.py:1262: UserWarning: The parameter --version is used more than once. Remove its duplicate as parameters should be unique. parser = self.make_parser...,PycLens/data/rq2/failed_cases_decompylepp_traces/adf039f7ab76-decompylepp.command.txt,PycLens/data/rq2/failed_cases_decompylepp_traces/adf039f7ab76-decompylepp.stdout.txt,PycLens/data/rq2/failed_cases_decompylepp_traces/adf039f7ab76-decompylepp.stderr.txt
42fc247f9daa,decompylepp,exit_1,PycFile::getByte(): Unexpected end of stream,nocturnal,1.6.0,nocturnal-1.6.0.tar.gz,tar,nocturnal-1.6.0/parties/nocturnal/activities/EEC_448_3/public_key/__pycache__/write.cpython-310.pyc,nocturnal-1.6.0-cpython-310-42fc247f9daa.pyc,cpython-310,3439,False,4,pylingual_decompilable,decompyle3;marshal,error;exit_2,marshal_parse_failure;tool_exit,marshal:error:marshal_failed: || decompyle3:exit_2:/root/PyBC-Sec/pybcSEC/data/rq2/envs/cpython-310/lib/python3.10/site-packages/click/core.py:1262: UserWarning: The parameter --version is used more than once. Remove its duplicate as parameters should be unique. parser = self.make_parser...,PycLens/data/rq2/failed_cases_decompylepp_traces/42fc247f9daa-decompylepp.command.txt,PycLens/data/rq2/failed_cases_decompylepp_traces/42fc247f9daa-decompylepp.stdout.txt,PycLens/data/rq2/failed_cases_decompylepp_traces/42fc247f9daa-decompylepp.stderr.txt
8c0f265cbe00,decompylepp,exit_1,Bad MAGIC! Could not load file PycLens/data/rq2/failed_cases/nocturnal-1.6.0-cpython-311-8c0f265cbe00.pyc,nocturnal,1.6.0,nocturnal-1.6.0.tar.gz,tar,nocturnal-1.6.0/parties/nocturnal/activities/EEC_448_3/public_key/__pycache__/write.cpython-311.pyc,nocturnal-1.6.0-cpython-311-8c0f265cbe00.pyc,cpython-311,42946,False,4,pylingual_decompilable,decompyle3;marshal,error;exit_2,marshal_parse_failure;tool_exit,marshal:error:marshal_failed: || decompyle3:exit_2:/root/PyBC-Sec/pybcSEC/data/rq2/envs/cpython-311/lib/python3.11/site-packages/click/core.py:1262: UserWarning: The parameter --version is used more than once. Remove its duplicate as parameters should be unique. parser = self.make_parser...,PycLens/data/rq2/failed_cases_decompylepp_traces/8c0f265cbe00-decompylepp.command.txt,PycLens/data/rq2/failed_cases_decompylepp_traces/8c0f265cbe00-decompylepp.stdout.txt,PycLens/data/rq2/failed_cases_decompylepp_traces/8c0f265cbe00-decompylepp.stderr.txt
977ac515daf2,decompylepp,exit_1,Bad MAGIC! Could not load file PycLens/data/rq2/failed_cases/nocturnal-1.6.0-cpython-311-977ac515daf2.pyc,nocturnal,1.6.0,nocturnal-1.6.0.tar.gz,tar,nocturnal-1.6.0/parties/nocturnal/activities/EEC_448_3/sign/__pycache__/__init__.cpython-311.pyc,nocturnal-1.6.0-cpython-311-977ac515daf2.pyc,cpython-311,42946,True,4,pylingual_decompilable,decompyle3;marshal,error;exit_2,marshal_parse_failure;tool_exit,marshal:error:marshal_failed: || decompyle3:exit_2:/root/PyBC-Sec/pybcSEC/data/rq2/envs/cpython-311/lib/python3.11/site-packages/click/core.py:1262: UserWarning: The parameter --version is used more than once. Remove its duplicate as parameters should be unique. parser = self.make_parser...,PycLens/data/rq2/failed_cases_decompylepp_traces/977ac515daf2-decompylepp.command.txt,PycLens/data/rq2/failed_cases_decompylepp_traces/977ac515daf2-decompylepp.stdout.txt,PycLens/data/rq2/failed_cases_decompylepp_traces/977ac515daf2-decompylepp.stderr.txt
0b79c259c33c,decompylepp,exit_1,Bad MAGIC! Could not load file PycLens/data/rq2/failed_cases/nocturnal-1.6.0-cpython-311-0b79c259c33c.pyc,nocturnal,1.6.0,nocturnal-1.6.0.tar.gz,tar,nocturnal-1.6.0/parties/nocturnal/activities/EEC_448_3/verify/__pycache__/__init__.cpython-311.pyc,nocturnal-1.6.0-cpython-311-0b79c259c33c.pyc,cpython-311,42946,True,4,pylingual_decompilable,decompyle3;marshal,error;exit_2,marshal_parse_failure;tool_exit,marshal:error:marshal_failed: || decompyle3:exit_2:/root/PyBC-Sec/pybcSEC/data/rq2/envs/cpython-311/lib/python3.11/site-packages/click/core.py:1262: UserWarning: The parameter --version is used more than once. Remove its duplicate as parameters should be unique. parser = self.make_parser...,PycLens/data/rq2/failed_cases_decompylepp_traces/0b79c259c33c-decompylepp.command.txt,PycLens/data/rq2/failed_cases_decompylepp_traces/0b79c259c33c-decompylepp.stdout.txt,PycLens/data/rq2/failed_cases_decompylepp_traces/0b79c259c33c-decompylepp.stderr.txt
f01f68bc78f8,decompylepp,exit_1,Bad MAGIC! Could not load file PycLens/data/rq2/failed_cases/oumuamua-0.4.0-cpython-311-f01f68bc78f8.pyc,oumuamua,0.4.0,oumuamua-0.4.0.tar.gz,tar,oumuamua-0.4.0/vehicles/Oumuamua/_clique/group/__pycache__/__init__.cpython-311.pyc,oumuamua-0.4.0-cpython-311-f01f68bc78f8.pyc,cpython-311,42946,True,4,pylingual_decompilable,decompyle3;marshal,error;exit_2,marshal_parse_failure;tool_exit,marshal:error:marshal_failed: || decompyle3:exit_2:/root/PyBC-Sec/pybcSEC/data/rq2/envs/cpython-311/lib/python3.11/site-packages/click/core.py:1262: UserWarning: The parameter --version is used more than once. Remove its duplicate as parameters should be unique. parser = self.make_parser...,PycLens/data/rq2/failed_cases_decompylepp_traces/f01f68bc78f8-decompylepp.command.txt,PycLens/data/rq2/failed_cases_decompylepp_traces/f01f68bc78f8-decompylepp.stdout.txt,PycLens/data/rq2/failed_cases_decompylepp_traces/f01f68bc78f8-decompylepp.stderr.txt
4f2005c96430,decompylepp,exit_1,PycBuffer::getByte(): Unexpected end of stream,pobm,1.2.0,pobm-1.2.0.tar.gz,tar,pobm-1.2.0/.eggs/PyScaffold-3.2.3-py3.8.egg/pyscaffold/contrib/__pycache__/ptr.cpython-38.pyc,pobm-1.2.0-cpython-38-4f2005c96430.pyc,cpython-38,3413,True,4,pylingual_decompilable,decompyle3,exit_1,tool_exit,"decompyle3:exit_1:Traceback (most recent call last): File ""data/rq2/envs/cpython-38/bin/decompyle3"", line 8, in <module> sys.exit(main_bin()) File ""/root/PyBC-Sec/pybcSEC/data/rq2/envs/cpython-38/lib/python3.8/site-packages/click/core.py"", line 1161, in _...",PycLens/data/rq2/failed_cases_decompylepp_traces/4f2005c96430-decompylepp.command.txt,PycLens/data/rq2/failed_cases_decompylepp_traces/4f2005c96430-decompylepp.stdout.txt,PycLens/data/rq2/failed_cases_decompylepp_traces/4f2005c96430-decompylepp.stderr.txt
b4bf38bf6d34,decompylepp,exit_1,Bad MAGIC! Could not load file PycLens/data/rq2/failed_cases/poetry-kit-0.1.6-cpython-311-b4bf38bf6d34.pyc,poetry-kit,0.1.6,poetry_kit-0.1.6.tar.gz,tar,poetry_kit-0.1.6/venues/stages/poetry_kit/_clique/__pycache__/__init__.cpython-311.pyc,poetry-kit-0.1.6-cpython-311-b4bf38bf6d34.pyc,cpython-311,42946,True,4,pylingual_decompilable,decompyle3;marshal,error;exit_2,marshal_parse_failure;tool_exit,marshal:error:marshal_failed: || decompyle3:exit_2:/root/PyBC-Sec/pybcSEC/data/rq2/envs/cpython-311/lib/python3.11/site-packages/click/core.py:1262: UserWarning: The parameter --version is used more than once. Remove its duplicate as parameters should be unique. parser = self.make_parser...,PycLens/data/rq2/failed_cases_decompylepp_traces/b4bf38bf6d34-decompylepp.command.txt,PycLens/data/rq2/failed_cases_decompylepp_traces/b4bf38bf6d34-decompylepp.stdout.txt,PycLens/data/rq2/failed_cases_decompylepp_traces/b4bf38bf6d34-decompylepp.stderr.txt
7f077b49ad5c,decompylepp,exit_1,Bad MAGIC! Could not load file PycLens/data/rq2/failed_cases/poetry-kit-0.1.6-cpython-311-7f077b49ad5c.pyc,poetry-kit,0.1.6,poetry_kit-0.1.6.tar.gz,tar,poetry_kit-0.1.6/venues/stages/poetry_kit/_clique/group/__pycache__/__init__.cpython-311.pyc,poetry-kit-0.1.6-cpython-311-7f077b49ad5c.pyc,cpython-311,42946,True,4,pylingual_decompilable,decompyle3;marshal,error;exit_2,marshal_parse_failure;tool_exit,marshal:error:marshal_failed: || decompyle3:exit_2:/root/PyBC-Sec/pybcSEC/data/rq2/envs/cpython-311/lib/python3.11/site-packages/click/core.py:1262: UserWarning: The parameter --version is used more than once. Remove its duplicate as parameters should be unique. parser = self.make_parser...,PycLens/data/rq2/failed_cases_decompylepp_traces/7f077b49ad5c-decompylepp.command.txt,PycLens/data/rq2/failed_cases_decompylepp_traces/7f077b49ad5c-decompylepp.stdout.txt,PycLens/data/rq2/failed_cases_decompylepp_traces/7f077b49ad5c-decompylepp.stderr.txt
8318e3240d4b,decompylepp,exit_1,Bad MAGIC! Could not load file PycLens/data/rq2/failed_cases/poetry-mix-0.1.1-cpython-311-8318e3240d4b.pyc,poetry-mix,0.1.1,poetry_mix-0.1.1.tar.gz,tar,poetry_mix-0.1.1/venues/stages/poetry_mix/_clique/__pycache__/__init__.cpython-311.pyc,poetry-mix-0.1.1-cpython-311-8318e3240d4b.pyc,cpython-311,42946,True,4,pylingual_decompilable,decompyle3;marshal,error;exit_2,marshal_parse_failure;tool_exit,marshal:error:marshal_failed: || decompyle3:exit_2:/root/PyBC-Sec/pybcSEC/data/rq2/envs/cpython-311/lib/python3.11/site-packages/click/core.py:1262: UserWarning: The parameter --version is used more than once. Remove its duplicate as parameters should be unique. parser = self.make_parser...,PycLens/data/rq2/failed_cases_decompylepp_traces/8318e3240d4b-decompylepp.command.txt,PycLens/data/rq2/failed_cases_decompylepp_traces/8318e3240d4b-decompylepp.stdout.txt,PycLens/data/rq2/failed_cases_decompylepp_traces/8318e3240d4b-decompylepp.stderr.txt
217c6eac3d8d,decompylepp,exit_1,Bad MAGIC! Could not load file PycLens/data/rq2/failed_cases/poetry-mix-0.1.1-cpython-311-217c6eac3d8d.pyc,poetry-mix,0.1.1,poetry_mix-0.1.1.tar.gz,tar,poetry_mix-0.1.1/venues/stages/poetry_mix/_clique/group/__pycache__/__init__.cpython-311.pyc,poetry-mix-0.1.1-cpython-311-217c6eac3d8d.pyc,cpython-311,42946,True,4,pylingual_decompilable,decompyle3;marshal,error;exit_2,marshal_parse_failure;tool_exit,marshal:error:marshal_failed: || decompyle3:exit_2:/root/PyBC-Sec/pybcSEC/data/rq2/envs/cpython-311/lib/python3.11/site-packages/click/core.py:1262: UserWarning: The parameter --version is used more than once. Remove its duplicate as parameters should be unique. parser = self.make_parser...,PycLens/data/rq2/failed_cases_decompylepp_traces/217c6eac3d8d-decompylepp.command.txt,PycLens/data/rq2/failed_cases_decompylepp_traces/217c6eac3d8d-decompylepp.stdout.txt,PycLens/data/rq2/failed_cases_decompylepp_traces/217c6eac3d8d-decompylepp.stderr.txt
75b22056f0f0,decompylepp,exit_1,CreateObject: Got unsupported type 0x0 Error loading file PycLens/data/rq2/failed_cases/pychialogprocessor-0.0.13-cpython-38-75b22056f0f0.pyc: std::bad_cast,pychialogprocessor,0.0.13,pyChiaLogProcessor-0.0.13-py3-none-any.whl,wheel,pyChiaLogProcessor-0.0.13.dist-info/__pycache__/test_log.cpython-38-pytest-5.4.3.pyc,pychialogprocessor-0.0.13-cpython-38-75b22056f0f0.pyc,cpython-38,3413,False,4,pylingual_decompilable,decompyle3,exit_2,tool_exit,"decompyle3:exit_2:Traceback (most recent call last): File ""/root/PyBC-Sec/pybcSEC/data/rq2/envs/cpython-38/lib/python3.8/site-packages/xdis/load.py"", line 328, in load_module_from_file_object co = marshal.loads(bytecode) ValueError: bad marshal data (unkn...",PycLens/data/rq2/failed_cases_decompylepp_traces/75b22056f0f0-decompylepp.command.txt,PycLens/data/rq2/failed_cases_decompylepp_traces/75b22056f0f0-decompylepp.stdout.txt,PycLens/data/rq2/failed_cases_decompylepp_traces/75b22056f0f0-decompylepp.stderr.txt
3f5aaabbe35d,decompylepp,exit_1,CreateObject: Got unsupported type 0x0 Error loading file PycLens/data/rq2/failed_cases/pychialogprocessor-0.0.13-cpython-38-3f5aaabbe35d.pyc: std::bad_cast,pychialogprocessor,0.0.13,pyChiaLogProcessor-0.0.13.tar.gz,tar,pyChiaLogProcessor-0.0.13/src/pyChiaLogProcessor.egg-info/__pycache__/test_log.cpython-38-pytest-5.4.3.pyc,pychialogprocessor-0.0.13-cpython-38-3f5aaabbe35d.pyc,cpython-38,3413,False,4,pylingual_decompilable,decompyle3,exit_2,tool_exit,"decompyle3:exit_2:Traceback (most recent call last): File ""/root/PyBC-Sec/pybcSEC/data/rq2/envs/cpython-38/lib/python3.8/site-packages/xdis/load.py"", line 328, in load_module_from_file_object co = marshal.loads(bytecode) ValueError: bad marshal data (unkn...",PycLens/data/rq2/failed_cases_decompylepp_traces/3f5aaabbe35d-decompylepp.command.txt,PycLens/data/rq2/failed_cases_decompylepp_traces/3f5aaabbe35d-decompylepp.stdout.txt,PycLens/data/rq2/failed_cases_decompylepp_traces/3f5aaabbe35d-decompylepp.stderr.txt
cebfd0be9aea,decompylepp,exit_1,CreateObject: Got unsupported type 0x0 Error loading file PycLens/data/rq2/failed_cases/pyhafas-0.6.1-cpython-38-cebfd0be9aea.pyc: std::bad_cast,pyhafas,0.6.1,pyhafas-0.6.1.tar.gz,tar,pyhafas-0.6.1/tests/__pycache__/foo.cpython-38-pytest-6.0.1.pyc,pyhafas-0.6.1-cpython-38-cebfd0be9aea.pyc,cpython-38,3413,False,4,pylingual_decompilable,decompyle3,exit_2,tool_exit,"decompyle3:exit_2:Traceback (most recent call last): File ""/root/PyBC-Sec/pybcSEC/data/rq2/envs/cpython-38/lib/python3.8/site-packages/xdis/load.py"", line 328, in load_module_from_file_object co = marshal.loads(bytecode) ValueError: bad marshal data (unkn...",PycLens/data/rq2/failed_cases_decompylepp_traces/cebfd0be9aea-decompylepp.command.txt,PycLens/data/rq2/failed_cases_decompylepp_traces/cebfd0be9aea-decompylepp.stdout.txt,PycLens/data/rq2/failed_cases_decompylepp_traces/cebfd0be9aea-decompylepp.stderr.txt
d126c9d7712f,decompylepp,exit_1,CreateObject: Got unsupported type 0x0 Error loading file PycLens/data/rq2/failed_cases/pyhafas-0.6.1-cpython-38-d126c9d7712f.pyc: std::bad_cast,pyhafas,0.6.1,pyhafas-0.6.1.tar.gz,tar,pyhafas-0.6.1/tests/__pycache__/foo_test.cpython-38-pytest-6.0.1.pyc,pyhafas-0.6.1-cpython-38-d126c9d7712f.pyc,cpython-38,3413,False,4,pylingual_decompilable,decompyle3,exit_2,tool_exit,"decompyle3:exit_2:Traceback (most recent call last): File ""/root/PyBC-Sec/pybcSEC/data/rq2/envs/cpython-38/lib/python3.8/site-packages/xdis/load.py"", line 328, in load_module_from_file_object co = marshal.loads(bytecode) ValueError: bad marshal data (unkn...",PycLens/data/rq2/failed_cases_decompylepp_traces/d126c9d7712f-decompylepp.command.txt,PycLens/data/rq2/failed_cases_decompylepp_traces/d126c9d7712f-decompylepp.stdout.txt,PycLens/data/rq2/failed_cases_decompylepp_traces/d126c9d7712f-decompylepp.stderr.txt
24ca1e354d7d,decompylepp,exit_1,CreateObject: Got unsupported type 0x0 Error loading file PycLens/data/rq2/failed_cases/pyhafas-0.6.1-cpython-38-24ca1e354d7d.pyc: std::bad_cast,pyhafas,0.6.1,pyhafas-0.6.1.tar.gz,tar,pyhafas-0.6.1/tests/base/__pycache__/foo_test.cpython-38-pytest-6.0.1.pyc,pyhafas-0.6.1-cpython-38-24ca1e354d7d.pyc,cpython-38,3413,False,4,pylingual_decompilable,decompyle3,exit_2,tool_exit,"decompyle3:exit_2:Traceback (most recent call last): File ""/root/PyBC-Sec/pybcSEC/data/rq2/envs/cpython-38/lib/python3.8/site-packages/xdis/load.py"", line 328, in load_module_from_file_object co = marshal.loads(bytecode) ValueError: bad marshal data (unkn...",PycLens/data/rq2/failed_cases_decompylepp_traces/24ca1e354d7d-decompylepp.command.txt,PycLens/data/rq2/failed_cases_decompylepp_traces/24ca1e354d7d-decompylepp.stdout.txt,PycLens/data/rq2/failed_cases_decompylepp_traces/24ca1e354d7d-decompylepp.stderr.txt
35949408eeba,decompylepp,exit_1,CreateObject: Got unsupported type 0x0 Error loading file PycLens/data/rq2/failed_cases/pyhafas-0.6.1-cpython-38-35949408eeba.pyc: std::bad_cast,pyhafas,0.6.1,pyhafas-0.6.1.tar.gz,tar,pyhafas-0.6.1/tests/base/__pycache__/products_filter_test.cpython-38-pytest-6.0.1.pyc,pyhafas-0.6.1-cpython-38-35949408eeba.pyc,cpython-38,3413,True,4,pylingual_decompilable,decompyle3,exit_2,tool_exit,"decompyle3:exit_2:Traceback (most recent call last): File ""/root/PyBC-Sec/pybcSEC/data/rq2/envs/cpython-38/lib/python3.8/site-packages/xdis/load.py"", line 328, in load_module_from_file_object co = marshal.loads(bytecode) ValueError: bad marshal data (unkn...",PycLens/data/rq2/failed_cases_decompylepp_traces/35949408eeba-decompylepp.command.txt,PycLens/data/rq2/failed_cases_decompylepp_traces/35949408eeba-decompylepp.stdout.txt,PycLens/data/rq2/failed_cases_decompylepp_traces/35949408eeba-decompylepp.stderr.txt
044819c7c1cd,decompylepp,exit_1,CreateObject: Got unsupported type 0x0 Error loading file PycLens/data/rq2/failed_cases/pyhafas-0.6.1-cpython-38-044819c7c1cd.pyc: std::bad_cast,pyhafas,0.6.1,pyhafas-0.6.1.tar.gz,tar,pyhafas-0.6.1/tests/db/__pycache__/departures_parsing_test.cpython-38-pytest-6.0.1.pyc,pyhafas-0.6.1-cpython-38-044819c7c1cd.pyc,cpython-38,3413,False,4,pylingual_decompilable,decompyle3,exit_2,tool_exit,"decompyle3:exit_2:Traceback (most recent call last): File ""/root/PyBC-Sec/pybcSEC/data/rq2/envs/cpython-38/lib/python3.8/site-packages/xdis/load.py"", line 328, in load_module_from_file_object co = marshal.loads(bytecode) ValueError: bad marshal data (unkn...",PycLens/data/rq2/failed_cases_decompylepp_traces/044819c7c1cd-decompylepp.command.txt,PycLens/data/rq2/failed_cases_decompylepp_traces/044819c7c1cd-decompylepp.stdout.txt,PycLens/data/rq2/failed_cases_decompylepp_traces/044819c7c1cd-decompylepp.stderr.txt
014ce26929cb,decompylepp,exit_1,CreateObject: Got unsupported type 0x0 Error loading file PycLens/data/rq2/failed_cases/pyhafas-0.6.1-cpython-38-014ce26929cb.pyc: std::bad_cast,pyhafas,0.6.1,pyhafas-0.6.1.tar.gz,tar,pyhafas-0.6.1/tests/db/parsing/__pycache__/departures_test.cpython-38-pytest-6.0.1.pyc,pyhafas-0.6.1-cpython-38-014ce26929cb.pyc,cpython-38,3413,True,4,pylingual_decompilable,decompyle3,exit_2,tool_exit,"decompyle3:exit_2:Traceback (most recent call last): File ""/root/PyBC-Sec/pybcSEC/data/rq2/envs/cpython-38/lib/python3.8/site-packages/xdis/load.py"", line 328, in load_module_from_file_object co = marshal.loads(bytecode) ValueError: bad marshal data (unkn...",PycLens/data/rq2/failed_cases_decompylepp_traces/014ce26929cb-decompylepp.command.txt,PycLens/data/rq2/failed_cases_decompylepp_traces/014ce26929cb-decompylepp.stdout.txt,PycLens/data/rq2/failed_cases_decompylepp_traces/014ce26929cb-decompylepp.stderr.txt
ca0cf36d3513,decompylepp,exit_1,CreateObject: Got unsupported type 0x0 Error loading file PycLens/data/rq2/failed_cases/pyhafas-0.6.1-cpython-38-ca0cf36d3513.pyc: std::bad_cast,pyhafas,0.6.1,pyhafas-0.6.1.tar.gz,tar,pyhafas-0.6.1/tests/db/parsing/__pycache__/journey_test.cpython-38-pytest-6.0.1.pyc,pyhafas-0.6.1-cpython-38-ca0cf36d3513.pyc,cpython-38,3413,True,4,pylingual_decompilable,decompyle3,exit_2,tool_exit,"decompyle3:exit_2:Traceback (most recent call last): File ""/root/PyBC-Sec/pybcSEC/data/rq2/envs/cpython-38/lib/python3.8/site-packages/xdis/load.py"", line 328, in load_module_from_file_object co = marshal.loads(bytecode) ValueError: bad marshal data (unkn...",PycLens/data/rq2/failed_cases_decompylepp_traces/ca0cf36d3513-decompylepp.command.txt,PycLens/data/rq2/failed_cases_decompylepp_traces/ca0cf36d3513-decompylepp.stdout.txt,PycLens/data/rq2/failed_cases_decompylepp_traces/ca0cf36d3513-decompylepp.stderr.txt
19833b9a619c,decompylepp,exit_1,CreateObject: Got unsupported type 0x0 Error loading file PycLens/data/rq2/failed_cases/pyhafas-0.6.1-cpython-38-19833b9a619c.pyc: std::bad_cast,pyhafas,0.6.1,pyhafas-0.6.1.tar.gz,tar,pyhafas-0.6.1/tests/db/parsing/__pycache__/journeys_test.cpython-38-pytest-6.0.1.pyc,pyhafas-0.6.1-cpython-38-19833b9a619c.pyc,cpython-38,3413,True,4,pylingual_decompilable,decompyle3,exit_2,tool_exit,"decompyle3:exit_2:Traceback (most recent call last): File ""/root/PyBC-Sec/pybcSEC/data/rq2/envs/cpython-38/lib/python3.8/site-packages/xdis/load.py"", line 328, in load_module_from_file_object co = marshal.loads(bytecode) ValueError: bad marshal data (unkn...",PycLens/data/rq2/failed_cases_decompylepp_traces/19833b9a619c-decompylepp.command.txt,PycLens/data/rq2/failed_cases_decompylepp_traces/19833b9a619c-decompylepp.stdout.txt,PycLens/data/rq2/failed_cases_decompylepp_traces/19833b9a619c-decompylepp.stderr.txt
79bc0392d61f,decompylepp,exit_1,CreateObject: Got unsupported type 0x0 Error loading file PycLens/data/rq2/failed_cases/pyhafas-0.6.1-cpython-38-79bc0392d61f.pyc: std::bad_cast,pyhafas,0.6.1,pyhafas-0.6.1.tar.gz,tar,pyhafas-0.6.1/tests/db/parsing/__pycache__/locations_test.cpython-38-pytest-6.0.1.pyc,pyhafas-0.6.1-cpython-38-79bc0392d61f.pyc,cpython-38,3413,True,4,pylingual_decompilable,decompyle3,exit_2,tool_exit,"decompyle3:exit_2:Traceback (most recent call last): File ""/root/PyBC-Sec/pybcSEC/data/rq2/envs/cpython-38/lib/python3.8/site-packages/xdis/load.py"", line 328, in load_module_from_file_object co = marshal.loads(bytecode) ValueError: bad marshal data (unkn...",PycLens/data/rq2/failed_cases_decompylepp_traces/79bc0392d61f-decompylepp.command.txt,PycLens/data/rq2/failed_cases_decompylepp_traces/79bc0392d61f-decompylepp.stdout.txt,PycLens/data/rq2/failed_cases_decompylepp_traces/79bc0392d61f-decompylepp.stderr.txt
7a8c270955b5,decompylepp,exit_1,CreateObject: Got unsupported type 0x0 Error loading file PycLens/data/rq2/failed_cases/pyhafas-0.6.1-cpython-38-7a8c270955b5.pyc: std::bad_cast,pyhafas,0.6.1,pyhafas-0.6.1.tar.gz,tar,pyhafas-0.6.1/tests/db/parsing/__pycache__/trip_test.cpython-38-pytest-6.0.1.pyc,pyhafas-0.6.1-cpython-38-7a8c270955b5.pyc,cpython-38,3413,True,4,pylingual_decompilable,decompyle3,exit_2,tool_exit,"decompyle3:exit_2:Traceback (most recent call last): File ""/root/PyBC-Sec/pybcSEC/data/rq2/envs/cpython-38/lib/python3.8/site-packages/xdis/load.py"", line 328, in load_module_from_file_object co = marshal.loads(bytecode) ValueError: bad marshal data (unkn...",PycLens/data/rq2/failed_cases_decompylepp_traces/7a8c270955b5-decompylepp.command.txt,PycLens/data/rq2/failed_cases_decompylepp_traces/7a8c270955b5-decompylepp.stdout.txt,PycLens/data/rq2/failed_cases_decompylepp_traces/7a8c270955b5-decompylepp.stderr.txt
4bed213eedf4,decompylepp,exit_1,CreateObject: Got unsupported type 0x0 Error loading file PycLens/data/rq2/failed_cases/pyhafas-0.6.1-cpython-38-4bed213eedf4.pyc: std::bad_cast,pyhafas,0.6.1,pyhafas-0.6.1.tar.gz,tar,pyhafas-0.6.1/tests/db/request/__pycache__/arrivals_test.cpython-38-pytest-6.0.1.pyc,pyhafas-0.6.1-cpython-38-4bed213eedf4.pyc,cpython-38,3413,True,4,pylingual_decompilable,decompyle3,exit_2,tool_exit,"decompyle3:exit_2:Traceback (most recent call last): File ""/root/PyBC-Sec/pybcSEC/data/rq2/envs/cpython-38/lib/python3.8/site-packages/xdis/load.py"", line 328, in load_module_from_file_object co = marshal.loads(bytecode) ValueError: bad marshal data (unkn...",PycLens/data/rq2/failed_cases_decompylepp_traces/4bed213eedf4-decompylepp.command.txt,PycLens/data/rq2/failed_cases_decompylepp_traces/4bed213eedf4-decompylepp.stdout.txt,PycLens/data/rq2/failed_cases_decompylepp_traces/4bed213eedf4-decompylepp.stderr.txt
17c92c19b866,decompylepp,exit_1,CreateObject: Got unsupported type 0x0 Error loading file PycLens/data/rq2/failed_cases/pyhafas-0.6.1-cpython-38-17c92c19b866.pyc: std::bad_cast,pyhafas,0.6.1,pyhafas-0.6.1.tar.gz,tar,pyhafas-0.6.1/tests/db/request/__pycache__/departures_test.cpython-38-pytest-6.0.1.pyc,pyhafas-0.6.1-cpython-38-17c92c19b866.pyc,cpython-38,3413,True,4,pylingual_decompilable,decompyle3,exit_2,tool_exit,"decompyle3:exit_2:Traceback (most recent call last): File ""/root/PyBC-Sec/pybcSEC/data/rq2/envs/cpython-38/lib/python3.8/site-packages/xdis/load.py"", line 328, in load_module_from_file_object co = marshal.loads(bytecode) ValueError: bad marshal data (unkn...",PycLens/data/rq2/failed_cases_decompylepp_traces/17c92c19b866-decompylepp.command.txt,PycLens/data/rq2/failed_cases_decompylepp_traces/17c92c19b866-decompylepp.stdout.txt,PycLens/data/rq2/failed_cases_decompylepp_traces/17c92c19b866-decompylepp.stderr.txt
27e1cd8b7fa1,decompylepp,exit_1,CreateObject: Got unsupported type 0x0 Error loading file PycLens/data/rq2/failed_cases/pyhafas-0.6.1-cpython-38-27e1cd8b7fa1.pyc: std::bad_cast,pyhafas,0.6.1,pyhafas-0.6.1.tar.gz,tar,pyhafas-0.6.1/tests/db/request/__pycache__/journey_test.cpython-38-pytest-6.0.1.pyc,pyhafas-0.6.1-cpython-38-27e1cd8b7fa1.pyc,cpython-38,3413,True,4,pylingual_decompilable,decompyle3,exit_2,tool_exit,"decompyle3:exit_2:Traceback (most recent call last): File ""/root/PyBC-Sec/pybcSEC/data/rq2/envs/cpython-38/lib/python3.8/site-packages/xdis/load.py"", line 328, in load_module_from_file_object co = marshal.loads(bytecode) ValueError: bad marshal data (unkn...",PycLens/data/rq2/failed_cases_decompylepp_traces/27e1cd8b7fa1-decompylepp.command.txt,PycLens/data/rq2/failed_cases_decompylepp_traces/27e1cd8b7fa1-decompylepp.stdout.txt,PycLens/data/rq2/failed_cases_decompylepp_traces/27e1cd8b7fa1-decompylepp.stderr.txt
57f68388e9dd,decompylepp,exit_1,CreateObject: Got unsupported type 0x0 Error loading file PycLens/data/rq2/failed_cases/pyhafas-0.6.1-cpython-38-57f68388e9dd.pyc: std::bad_cast,pyhafas,0.6.1,pyhafas-0.6.1.tar.gz,tar,pyhafas-0.6.1/tests/db/request/__pycache__/journeys_test.cpython-38-pytest-6.0.1.pyc,pyhafas-0.6.1-cpython-38-57f68388e9dd.pyc,cpython-38,3413,False,4,pylingual_decompilable,decompyle3,exit_2,tool_exit,"decompyle3:exit_2:Traceback (most recent call last): File ""/root/PyBC-Sec/pybcSEC/data/rq2/envs/cpython-38/lib/python3.8/site-packages/xdis/load.py"", line 328, in load_module_from_file_object co = marshal.loads(bytecode) ValueError: bad marshal data (unkn...",PycLens/data/rq2/failed_cases_decompylepp_traces/57f68388e9dd-decompylepp.command.txt,PycLens/data/rq2/failed_cases_decompylepp_traces/57f68388e9dd-decompylepp.stdout.txt,PycLens/data/rq2/failed_cases_decompylepp_traces/57f68388e9dd-decompylepp.stderr.txt
685d32f430f8,decompylepp,exit_1,CreateObject: Got unsupported type 0x0 Error loading file PycLens/data/rq2/failed_cases/pyhafas-0.6.1-cpython-38-685d32f430f8.pyc: std::bad_cast,pyhafas,0.6.1,pyhafas-0.6.1.tar.gz,tar,pyhafas-0.6.1/tests/db/request/__pycache__/locations_test.cpython-38-pytest-6.0.1.pyc,pyhafas-0.6.1-cpython-38-685d32f430f8.pyc,cpython-38,3413,True,4,pylingual_decompilable,decompyle3,exit_2,tool_exit,"decompyle3:exit_2:Traceback (most recent call last): File ""/root/PyBC-Sec/pybcSEC/data/rq2/envs/cpython-38/lib/python3.8/site-packages/xdis/load.py"", line 328, in load_module_from_file_object co = marshal.loads(bytecode) ValueError: bad marshal data (unkn...",PycLens/data/rq2/failed_cases_decompylepp_traces/685d32f430f8-decompylepp.command.txt,PycLens/data/rq2/failed_cases_decompylepp_traces/685d32f430f8-decompylepp.stdout.txt,PycLens/data/rq2/failed_cases_decompylepp_traces/685d32f430f8-decompylepp.stderr.txt
d5583a7aadef,decompylepp,exit_1,CreateObject: Got unsupported type 0x0 Error loading file PycLens/data/rq2/failed_cases/pyhafas-0.6.1-cpython-38-d5583a7aadef.pyc: std::bad_cast,pyhafas,0.6.1,pyhafas-0.6.1.tar.gz,tar,pyhafas-0.6.1/tests/vsn/__pycache__/departures_parsing_test.cpython-38-pytest-6.0.1.pyc,pyhafas-0.6.1-cpython-38-d5583a7aadef.pyc,cpython-38,3413,False,4,pylingual_decompilable,decompyle3,exit_2,tool_exit,"decompyle3:exit_2:Traceback (most recent call last): File ""/root/PyBC-Sec/pybcSEC/data/rq2/envs/cpython-38/lib/python3.8/site-packages/xdis/load.py"", line 328, in load_module_from_file_object co = marshal.loads(bytecode) ValueError: bad marshal data (unkn...",PycLens/data/rq2/failed_cases_decompylepp_traces/d5583a7aadef-decompylepp.command.txt,PycLens/data/rq2/failed_cases_decompylepp_traces/d5583a7aadef-decompylepp.stdout.txt,PycLens/data/rq2/failed_cases_decompylepp_traces/d5583a7aadef-decompylepp.stderr.txt
0d179844fc8a,decompylepp,exit_1,CreateObject: Got unsupported type 0x0 Error loading file PycLens/data/rq2/failed_cases/pyhafas-0.6.1-cpython-38-0d179844fc8a.pyc: std::bad_cast,pyhafas,0.6.1,pyhafas-0.6.1.tar.gz,tar,pyhafas-0.6.1/tests/vsn/parsing/__pycache__/departures_test.cpython-38-pytest-6.0.1.pyc,pyhafas-0.6.1-cpython-38-0d179844fc8a.pyc,cpython-38,3413,True,4,pylingual_decompilable,decompyle3,exit_2,tool_exit,"decompyle3:exit_2:Traceback (most recent call last): File ""/root/PyBC-Sec/pybcSEC/data/rq2/envs/cpython-38/lib/python3.8/site-packages/xdis/load.py"", line 328, in load_module_from_file_object co = marshal.loads(bytecode) ValueError: bad marshal data (unkn...",PycLens/data/rq2/failed_cases_decompylepp_traces/0d179844fc8a-decompylepp.command.txt,PycLens/data/rq2/failed_cases_decompylepp_traces/0d179844fc8a-decompylepp.stdout.txt,PycLens/data/rq2/failed_cases_decompylepp_traces/0d179844fc8a-decompylepp.stderr.txt
6913b39b1557,decompylepp,exit_1,CreateObject: Got unsupported type 0x0 Error loading file PycLens/data/rq2/failed_cases/pyhafas-0.6.1-cpython-38-6913b39b1557.pyc: std::bad_cast,pyhafas,0.6.1,pyhafas-0.6.1.tar.gz,tar,pyhafas-0.6.1/tests/vsn/parsing/__pycache__/journeys_test.cpython-38-pytest-6.0.1.pyc,pyhafas-0.6.1-cpython-38-6913b39b1557.pyc,cpython-38,3413,True,4,pylingual_decompilable,decompyle3,exit_2,tool_exit,"decompyle3:exit_2:Traceback (most recent call last): File ""/root/PyBC-Sec/pybcSEC/data/rq2/envs/cpython-38/lib/python3.8/site-packages/xdis/load.py"", line 328, in load_module_from_file_object co = marshal.loads(bytecode) ValueError: bad marshal data (unkn...",PycLens/data/rq2/failed_cases_decompylepp_traces/6913b39b1557-decompylepp.command.txt,PycLens/data/rq2/failed_cases_decompylepp_traces/6913b39b1557-decompylepp.stdout.txt,PycLens/data/rq2/failed_cases_decompylepp_traces/6913b39b1557-decompylepp.stderr.txt
e36e62699162,decompylepp,exit_1,CreateObject: Got unsupported type 0x0 Error loading file PycLens/data/rq2/failed_cases/pyhafas-0.6.1-cpython-38-e36e62699162.pyc: std::bad_cast,pyhafas,0.6.1,pyhafas-0.6.1.tar.gz,tar,pyhafas-0.6.1/tests/vsn/request/__pycache__/arrivals_test.cpython-38-pytest-6.0.1.pyc,pyhafas-0.6.1-cpython-38-e36e62699162.pyc,cpython-38,3413,True,4,pylingual_decompilable,decompyle3,exit_2,tool_exit,"decompyle3:exit_2:Traceback (most recent call last): File ""/root/PyBC-Sec/pybcSEC/data/rq2/envs/cpython-38/lib/python3.8/site-packages/xdis/load.py"", line 328, in load_module_from_file_object co = marshal.loads(bytecode) ValueError: bad marshal data (unkn...",PycLens/data/rq2/failed_cases_decompylepp_traces/e36e62699162-decompylepp.command.txt,PycLens/data/rq2/failed_cases_decompylepp_traces/e36e62699162-decompylepp.stdout.txt,PycLens/data/rq2/failed_cases_decompylepp_traces/e36e62699162-decompylepp.stderr.txt
75f970c59885,decompylepp,exit_1,CreateObject: Got unsupported type 0x0 Error loading file PycLens/data/rq2/failed_cases/pyhafas-0.6.1-cpython-38-75f970c59885.pyc: std::bad_cast,pyhafas,0.6.1,pyhafas-0.6.1.tar.gz,tar,pyhafas-0.6.1/tests/vsn/request/__pycache__/departures_test.cpython-38-pytest-6.0.1.pyc,pyhafas-0.6.1-cpython-38-75f970c59885.pyc,cpython-38,3413,True,4,pylingual_decompilable,decompyle3,exit_2,tool_exit,"decompyle3:exit_2:Traceback (most recent call last): File ""/root/PyBC-Sec/pybcSEC/data/rq2/envs/cpython-38/lib/python3.8/site-packages/xdis/load.py"", line 328, in load_module_from_file_object co = marshal.loads(bytecode) ValueError: bad marshal data (unkn...",PycLens/data/rq2/failed_cases_decompylepp_traces/75f970c59885-decompylepp.command.txt,PycLens/data/rq2/failed_cases_decompylepp_traces/75f970c59885-decompylepp.stdout.txt,PycLens/data/rq2/failed_cases_decompylepp_traces/75f970c59885-decompylepp.stderr.txt
c028861a7b33,decompylepp,exit_1,CreateObject: Got unsupported type 0x0 Error loading file PycLens/data/rq2/failed_cases/pyhafas-0.6.1-cpython-38-c028861a7b33.pyc: std::bad_cast,pyhafas,0.6.1,pyhafas-0.6.1.tar.gz,tar,pyhafas-0.6.1/tests/vsn/request/__pycache__/journey_test.cpython-38-pytest-6.0.1.pyc,pyhafas-0.6.1-cpython-38-c028861a7b33.pyc,cpython-38,3413,True,4,pylingual_decompilable,decompyle3,exit_2,tool_exit,"decompyle3:exit_2:Traceback (most recent call last): File ""/root/PyBC-Sec/pybcSEC/data/rq2/envs/cpython-38/lib/python3.8/site-packages/xdis/load.py"", line 328, in load_module_from_file_object co = marshal.loads(bytecode) ValueError: bad marshal data (unkn...",PycLens/data/rq2/failed_cases_decompylepp_traces/c028861a7b33-decompylepp.command.txt,PycLens/data/rq2/failed_cases_decompylepp_traces/c028861a7b33-decompylepp.stdout.txt,PycLens/data/rq2/failed_cases_decompylepp_traces/c028861a7b33-decompylepp.stderr.txt
f78924c0d8a6,decompylepp,exit_1,CreateObject: Got unsupported type 0x0 Error loading file PycLens/data/rq2/failed_cases/pyhafas-0.6.1-cpython-38-f78924c0d8a6.pyc: std::bad_cast,pyhafas,0.6.1,pyhafas-0.6.1.tar.gz,tar,pyhafas-0.6.1/tests/vsn/request/__pycache__/journeys_test.cpython-38-pytest-6.0.1.pyc,pyhafas-0.6.1-cpython-38-f78924c0d8a6.pyc,cpython-38,3413,False,4,pylingual_decompilable,decompyle3,exit_2,tool_exit,"decompyle3:exit_2:Traceback (most recent call last): File ""/root/PyBC-Sec/pybcSEC/data/rq2/envs/cpython-38/lib/python3.8/site-packages/xdis/load.py"", line 328, in load_module_from_file_object co = marshal.loads(bytecode) ValueError: bad marshal data (unkn...",PycLens/data/rq2/failed_cases_decompylepp_traces/f78924c0d8a6-decompylepp.command.txt,PycLens/data/rq2/failed_cases_decompylepp_traces/f78924c0d8a6-decompylepp.stdout.txt,PycLens/data/rq2/failed_cases_decompylepp_traces/f78924c0d8a6-decompylepp.stderr.txt
0ae9dc74ab73,decompylepp,exit_1,CreateObject: Got unsupported type 0x0 Error loading file PycLens/data/rq2/failed_cases/pyhafas-0.6.1-cpython-38-0ae9dc74ab73.pyc: std::bad_cast,pyhafas,0.6.1,pyhafas-0.6.1.tar.gz,tar,pyhafas-0.6.1/tests/vsn/request/__pycache__/locations_test.cpython-38-pytest-6.0.1.pyc,pyhafas-0.6.1-cpython-38-0ae9dc74ab73.pyc,cpython-38,3413,True,4,pylingual_decompilable,decompyle3,exit_2,tool_exit,"decompyle3:exit_2:Traceback (most recent call last): File ""/root/PyBC-Sec/pybcSEC/data/rq2/envs/cpython-38/lib/python3.8/site-packages/xdis/load.py"", line 328, in load_module_from_file_object co = marshal.loads(bytecode) ValueError: bad marshal data (unkn...",PycLens/data/rq2/failed_cases_decompylepp_traces/0ae9dc74ab73-decompylepp.command.txt,PycLens/data/rq2/failed_cases_decompylepp_traces/0ae9dc74ab73-decompylepp.stdout.txt,PycLens/data/rq2/failed_cases_decompylepp_traces/0ae9dc74ab73-decompylepp.stderr.txt
70d6c436ae91,decompylepp,exit_1,Error decompyling PycLens/data/rq2/failed_cases/pyomic-1.2.9-cpython-38-70d6c436ae91.pyc: std::bad_cast,pyomic,1.2.9,Pyomic-1.2.9-py3-none-any.whl,wheel,Pyomic/bulk/__pycache__/_dynamicTree.cpython-38.pyc,pyomic-1.2.9-cpython-38-70d6c436ae91.pyc,cpython-38,3413,True,4,pylingual_decompilable,decompyle3,timeout,timeout,decompyle3:timeout:timeout_after_600s,PycLens/data/rq2/failed_cases_decompylepp_traces/70d6c436ae91-decompylepp.command.txt,PycLens/data/rq2/failed_cases_decompylepp_traces/70d6c436ae91-decompylepp.stdout.txt,PycLens/data/rq2/failed_cases_decompylepp_traces/70d6c436ae91-decompylepp.stderr.txt
906cc21190e9,decompylepp,exit_1,Bad MAGIC! Could not load file PycLens/data/rq2/failed_cases/pypbem-1.1.0-cpython-310-906cc21190e9.pyc,pypbem,1.1.0,pypbem-1.1.0.tar.gz,tar,pypbem-1.1.0/pypbem/utils/__pycache__/BSLO.cpython-310.pyc,pypbem-1.1.0-cpython-310-906cc21190e9.pyc,cpython-310,6051,False,4,pylingual_decompilable,decompyle3;marshal,error;exit_2,marshal_parse_failure;tool_exit,"marshal:error:marshal_failed:offset16:ValueError:bad marshal data (tuple size out of range),offset12:EOFError:marshal data too short,offset8:ValueError:bad marshal data (unknown type code) || decompyle3:exit_2:/root/PyBC-Sec/pybcSEC/data/rq2/envs/cpython-310/lib/python3.10/site-packages/click/core.py:1262: UserWarning: The parameter --version is used more than once. Remove its duplicate as parameters should be unique. parser = self.make_parser...",PycLens/data/rq2/failed_cases_decompylepp_traces/906cc21190e9-decompylepp.command.txt,PycLens/data/rq2/failed_cases_decompylepp_traces/906cc21190e9-decompylepp.stdout.txt,PycLens/data/rq2/failed_cases_decompylepp_traces/906cc21190e9-decompylepp.stderr.txt
c63d2bff5809,decompylepp,exit_1,Bad MAGIC! Could not load file PycLens/data/rq2/failed_cases/pypbem-1.1.0-cpython-310-c63d2bff5809.pyc,pypbem,1.1.0,pypbem-1.1.0.tar.gz,tar,pypbem-1.1.0/pypbem/utils/__pycache__/RHS.cpython-310.pyc,pypbem-1.1.0-cpython-310-c63d2bff5809.pyc,cpython-310,60321,False,4,pylingual_decompilable,decompyle3;marshal,error;exit_2,marshal_parse_failure;tool_exit,"marshal:error:marshal_failed:offset16:ValueError:bad marshal data (unknown type code),offset12:ValueError:bad marshal data (unknown type code),offset8:ValueError:bad marshal data (unknown type code) || decompyle3:exit_2:/root/PyBC-Sec/pybcSEC/data/rq2/envs/cpython-310/lib/python3.10/site-packages/click/core.py:1262: UserWarning: The parameter --version is used more than once. Remove its duplicate as parameters should be unique. parser = self.make_parser...",PycLens/data/rq2/failed_cases_decompylepp_traces/c63d2bff5809-decompylepp.command.txt,PycLens/data/rq2/failed_cases_decompylepp_traces/c63d2bff5809-decompylepp.stdout.txt,PycLens/data/rq2/failed_cases_decompylepp_traces/c63d2bff5809-decompylepp.stderr.txt
24610888673d,decompylepp,exit_1,Bad MAGIC! Could not load file PycLens/data/rq2/failed_cases/pypbem-1.1.0-cpython-310-24610888673d.pyc,pypbem,1.1.0,pypbem-1.1.0.tar.gz,tar,pypbem-1.1.0/pypbem/utils/__pycache__/__init__.cpython-310.pyc,pypbem-1.1.0-cpython-310-24610888673d.pyc,cpython-310,47009,True,4,pylingual_decompilable,decompyle3;marshal,error;exit_2,marshal_parse_failure;tool_exit,"marshal:error:marshal_failed:offset16:ValueError:bad marshal data (unknown type code),offset12:ValueError:bad marshal data (unknown type code),offset8:ValueError:bad marshal data (unknown type code) || decompyle3:exit_2:/root/PyBC-Sec/pybcSEC/data/rq2/envs/cpython-310/lib/python3.10/site-packages/click/core.py:1262: UserWarning: The parameter --version is used more than once. Remove its duplicate as parameters should be unique. parser = self.make_parser...",PycLens/data/rq2/failed_cases_decompylepp_traces/24610888673d-decompylepp.command.txt,PycLens/data/rq2/failed_cases_decompylepp_traces/24610888673d-decompylepp.stdout.txt,PycLens/data/rq2/failed_cases_decompylepp_traces/24610888673d-decompylepp.stderr.txt
4441c489f11d,decompylepp,exit_1,Bad MAGIC! Could not load file PycLens/data/rq2/failed_cases/pypbem-1.1.0-cpython-311-4441c489f11d.pyc,pypbem,1.1.0,pypbem-1.1.0.tar.gz,tar,pypbem-1.1.0/pypbem/utils/__pycache__/__init__.cpython-311.pyc,pypbem-1.1.0-cpython-311-4441c489f11d.pyc,cpython-311,22463,True,4,pylingual_decompilable,decompyle3;marshal,error;exit_2,marshal_parse_failure;tool_exit,"marshal:error:marshal_failed:offset16:ValueError:bad marshal data (unknown type code),offset12:ValueError:bad marshal data (unknown type code),offset8:ValueError:bad marshal data (unknown type code) || decompyle3:exit_2:/root/PyBC-Sec/pybcSEC/data/rq2/envs/cpython-311/lib/python3.11/site-packages/click/core.py:1262: UserWarning: The parameter --version is used more than once. Remove its duplicate as parameters should be unique. parser = self.make_parser...",PycLens/data/rq2/failed_cases_decompylepp_traces/4441c489f11d-decompylepp.command.txt,PycLens/data/rq2/failed_cases_decompylepp_traces/4441c489f11d-decompylepp.stdout.txt,PycLens/data/rq2/failed_cases_decompylepp_traces/4441c489f11d-decompylepp.stderr.txt
f91827301b22,decompylepp,exit_1,Bad MAGIC! Could not load file PycLens/data/rq2/failed_cases/pypbem-1.1.0-cpython-310-f91827301b22.pyc,pypbem,1.1.0,pypbem-1.1.0.tar.gz,tar,pypbem-1.1.0/pypbem/utils/__pycache__/assemble_BSLO.cpython-310.pyc,pypbem-1.1.0-cpython-310-f91827301b22.pyc,cpython-310,60321,False,4,pylingual_decompilable,decompyle3;marshal,error;exit_2,marshal_parse_failure;tool_exit,"marshal:error:marshal_failed:offset16:ValueError:bad marshal data (unknown type code),offset12:EOFError:marshal data too short,offset8:ValueError:bad marshal data (unknown type code) || decompyle3:exit_2:/root/PyBC-Sec/pybcSEC/data/rq2/envs/cpython-310/lib/python3.10/site-packages/click/core.py:1262: UserWarning: The parameter --version is used more than once. Remove its duplicate as parameters should be unique. parser = self.make_parser...",PycLens/data/rq2/failed_cases_decompylepp_traces/f91827301b22-decompylepp.command.txt,PycLens/data/rq2/failed_cases_decompylepp_traces/f91827301b22-decompylepp.stdout.txt,PycLens/data/rq2/failed_cases_decompylepp_traces/f91827301b22-decompylepp.stderr.txt
c42278e26b6d,decompylepp,exit_1,Bad MAGIC! Could not load file PycLens/data/rq2/failed_cases/pypbem-1.1.0-cpython-310-c42278e26b6d.pyc,pypbem,1.1.0,pypbem-1.1.0.tar.gz,tar,pypbem-1.1.0/pypbem/utils/__pycache__/assemble_RHS.cpython-310.pyc,pypbem-1.1.0-cpython-310-c42278e26b6d.pyc,cpython-310,60321,False,4,pylingual_decompilable,decompyle3;marshal,error;exit_2,marshal_parse_failure;tool_exit,"marshal:error:marshal_failed:offset16:ValueError:bad marshal data (unknown type code),offset12:ValueError:bad marshal data (string size out of range),offset8:ValueError:bad marshal data (unknown type code) || decompyle3:exit_2:/root/PyBC-Sec/pybcSEC/data/rq2/envs/cpython-310/lib/python3.10/site-packages/click/core.py:1262: UserWarning: The parameter --version is used more than once. Remove its duplicate as parameters should be unique. parser = self.make_parser...",PycLens/data/rq2/failed_cases_decompylepp_traces/c42278e26b6d-decompylepp.command.txt,PycLens/data/rq2/failed_cases_decompylepp_traces/c42278e26b6d-decompylepp.stdout.txt,PycLens/data/rq2/failed_cases_decompylepp_traces/c42278e26b6d-decompylepp.stderr.txt
36ea49cddea4,decompylepp,exit_1,Bad MAGIC! Could not load file PycLens/data/rq2/failed_cases/pypbem-1.1.0-cpython-310-36ea49cddea4.pyc,pypbem,1.1.0,pypbem-1.1.0.tar.gz,tar,pypbem-1.1.0/pypbem/utils/__pycache__/circle_grid.cpython-310.pyc,pypbem-1.1.0-cpython-310-36ea49cddea4.pyc,cpython-310,58017,False,4,pylingual_decompilable,decompyle3;marshal,error;exit_2,marshal_parse_failure;tool_exit,"marshal:error:marshal_failed:offset16:ValueError:bad marshal data (unknown type code),offset12:ValueError:bad marshal data (unknown type code),offset8:ValueError:bad marshal data (unknown type code) || decompyle3:exit_2:/root/PyBC-Sec/pybcSEC/data/rq2/envs/cpython-310/lib/python3.10/site-packages/click/core.py:1262: UserWarning: The parameter --version is used more than once. Remove its duplicate as parameters should be unique. parser = self.make_parser...",PycLens/data/rq2/failed_cases_decompylepp_traces/36ea49cddea4-decompylepp.command.txt,PycLens/data/rq2/failed_cases_decompylepp_traces/36ea49cddea4-decompylepp.stdout.txt,PycLens/data/rq2/failed_cases_decompylepp_traces/36ea49cddea4-decompylepp.stderr.txt
e83297276b54,decompylepp,exit_1,Bad MAGIC! Could not load file PycLens/data/rq2/failed_cases/pypbem-1.1.0-cpython-310-e83297276b54.pyc,pypbem,1.1.0,pypbem-1.1.0.tar.gz,tar,pypbem-1.1.0/pypbem/utils/__pycache__/example.cpython-310.pyc,pypbem-1.1.0-cpython-310-e83297276b54.pyc,cpython-310,60321,False,4,pylingual_decompilable,decompyle3;marshal,error;exit_2,marshal_parse_failure;tool_exit,"marshal:error:marshal_failed:offset16:not_code,offset12:ValueError:bad marshal data (unknown type code),offset8:ValueError:bad marshal data (unknown type code) || decompyle3:exit_2:/root/PyBC-Sec/pybcSEC/data/rq2/envs/cpython-310/lib/python3.10/site-packages/click/core.py:1262: UserWarning: The parameter --version is used more than once. Remove its duplicate as parameters should be unique. parser = self.make_parser...",PycLens/data/rq2/failed_cases_decompylepp_traces/e83297276b54-decompylepp.command.txt,PycLens/data/rq2/failed_cases_decompylepp_traces/e83297276b54-decompylepp.stdout.txt,PycLens/data/rq2/failed_cases_decompylepp_traces/e83297276b54-decompylepp.stderr.txt
184389da9a7d,decompylepp,exit_1,Bad MAGIC! Could not load file PycLens/data/rq2/failed_cases/pypbem-1.1.0-cpython-311-184389da9a7d.pyc,pypbem,1.1.0,pypbem-1.1.0.tar.gz,tar,pypbem-1.1.0/pypbem/utils/__pycache__/example.cpython-311.pyc,pypbem-1.1.0-cpython-311-184389da9a7d.pyc,cpython-311,59349,False,4,pylingual_decompilable,decompyle3;marshal,error;exit_2,marshal_parse_failure;tool_exit,"marshal:error:marshal_failed:offset16:ValueError:bad marshal data (unknown type code),offset12:ValueError:bad marshal data (string size out of range),offset8:ValueError:bad marshal data (unknown type code) || decompyle3:exit_2:/root/PyBC-Sec/pybcSEC/data/rq2/envs/cpython-311/lib/python3.11/site-packages/click/core.py:1262: UserWarning: The parameter --version is used more than once. Remove its duplicate as parameters should be unique. parser = self.make_parser...",PycLens/data/rq2/failed_cases_decompylepp_traces/184389da9a7d-decompylepp.command.txt,PycLens/data/rq2/failed_cases_decompylepp_traces/184389da9a7d-decompylepp.stdout.txt,PycLens/data/rq2/failed_cases_decompylepp_traces/184389da9a7d-decompylepp.stderr.txt
922e49047f2c,decompylepp,exit_1,Bad MAGIC! Could not load file PycLens/data/rq2/failed_cases/pypbem-1.1.0-cpython-310-922e49047f2c.pyc,pypbem,1.1.0,pypbem-1.1.0.tar.gz,tar,pypbem-1.1.0/pypbem/utils/__pycache__/get_circle_grid.cpython-310.pyc,pypbem-1.1.0-cpython-310-922e49047f2c.pyc,cpython-310,57505,False,4,pylingual_decompilable,decompyle3;marshal,error;exit_2,marshal_parse_failure;tool_exit,"marshal:error:marshal_failed:offset16:ValueError:bad marshal data (unknown type code),offset12:ValueError:bad marshal data (unknown type code),offset8:ValueError:bad marshal data (unknown type code) || decompyle3:exit_2:/root/PyBC-Sec/pybcSEC/data/rq2/envs/cpython-310/lib/python3.10/site-packages/click/core.py:1262: UserWarning: The parameter --version is used more than once. Remove its duplicate as parameters should be unique. parser = self.make_parser...",PycLens/data/rq2/failed_cases_decompylepp_traces/922e49047f2c-decompylepp.command.txt,PycLens/data/rq2/failed_cases_decompylepp_traces/922e49047f2c-decompylepp.stdout.txt,PycLens/data/rq2/failed_cases_decompylepp_traces/922e49047f2c-decompylepp.stderr.txt
d727da49f07e,decompylepp,exit_1,Bad MAGIC! Could not load file PycLens/data/rq2/failed_cases/pypbem-1.1.0-cpython-310-d727da49f07e.pyc,pypbem,1.1.0,pypbem-1.1.0.tar.gz,tar,pypbem-1.1.0/pypbem/utils/__pycache__/green_evaluation.cpython-310.pyc,pypbem-1.1.0-cpython-310-d727da49f07e.pyc,cpython-310,58273,False,4,pylingual_decompilable,decompyle3;marshal,error;exit_2,marshal_parse_failure;tool_exit,"marshal:error:marshal_failed:offset16:ValueError:bad marshal data (unknown type code),offset12:ValueError:bad marshal data (unknown type code),offset8:ValueError:bad marshal data (unknown type code) || decompyle3:exit_2:/root/PyBC-Sec/pybcSEC/data/rq2/envs/cpython-310/lib/python3.10/site-packages/click/core.py:1262: UserWarning: The parameter --version is used more than once. Remove its duplicate as parameters should be unique. parser = self.make_parser...",PycLens/data/rq2/failed_cases_decompylepp_traces/d727da49f07e-decompylepp.command.txt,PycLens/data/rq2/failed_cases_decompylepp_traces/d727da49f07e-decompylepp.stdout.txt,PycLens/data/rq2/failed_cases_decompylepp_traces/d727da49f07e-decompylepp.stderr.txt
41d1d7c0492e,decompylepp,exit_1,Bad MAGIC! Could not load file PycLens/data/rq2/failed_cases/pypbem-1.1.0-cpython-310-41d1d7c0492e.pyc,pypbem,1.1.0,pypbem-1.1.0.tar.gz,tar,pypbem-1.1.0/pypbem/utils/__pycache__/potential.cpython-310.pyc,pypbem-1.1.0-cpython-310-41d1d7c0492e.pyc,cpython-310,61345,False,4,pylingual_decompilable,decompyle3;marshal,error;exit_2,marshal_parse_failure;tool_exit,"marshal:error:marshal_failed:offset16:ValueError:bad marshal data (unknown type code),offset12:EOFError:marshal data too short,offset8:ValueError:could not convert string to float: 'f]u�Yu#`����ږ
�z޽�v��n�w��mu�]��m���u���'d��mt;]u��&���nj׬��z��v'zY��[s���[�rب�ȧ���)��#ڭ' || decompyle3:exit_2:/root/PyBC-Sec/pybcSEC/data/rq2/envs/cpython-310/lib/python3.10/site-packages/click/core.py:1262: UserWarning: The parameter --version is used more than once. Remove its duplicate as parameters should be unique. parser = self.make_parser...",PycLens/data/rq2/failed_cases_decompylepp_traces/41d1d7c0492e-decompylepp.command.txt,PycLens/data/rq2/failed_cases_decompylepp_traces/41d1d7c0492e-decompylepp.stdout.txt,PycLens/data/rq2/failed_cases_decompylepp_traces/41d1d7c0492e-decompylepp.stderr.txt
5b95d0898435,decompylepp,exit_1,Bad MAGIC! Could not load file PycLens/data/rq2/failed_cases/pypbem-1.1.0-cpython-310-5b95d0898435.pyc,pypbem,1.1.0,pypbem-1.1.0.tar.gz,tar,pypbem-1.1.0/pypbem/utils/threeD/__pycache__/BSLO.cpython-310.pyc,pypbem-1.1.0-cpython-310-5b95d0898435.pyc,cpython-310,60321,True,4,pylingual_decompilable,decompyle3;marshal,error;exit_2,marshal_parse_failure;tool_exit,"marshal:error:marshal_failed:offset16:ValueError:bad marshal data (unknown type code),offset12:ValueError:bad marshal data (unknown type code),offset8:ValueError:bad marshal data (unknown type code) || decompyle3:exit_2:/root/PyBC-Sec/pybcSEC/data/rq2/envs/cpython-310/lib/python3.10/site-packages/click/core.py:1262: UserWarning: The parameter --version is used more than once. Remove its duplicate as parameters should be unique. parser = self.make_parser...",PycLens/data/rq2/failed_cases_decompylepp_traces/5b95d0898435-decompylepp.command.txt,PycLens/data/rq2/failed_cases_decompylepp_traces/5b95d0898435-decompylepp.stdout.txt,PycLens/data/rq2/failed_cases_decompylepp_traces/5b95d0898435-decompylepp.stderr.txt
1c5cf4fe5e50,decompylepp,exit_1,Bad MAGIC! Could not load file PycLens/data/rq2/failed_cases/pypbem-1.1.0-cpython-310-1c5cf4fe5e50.pyc,pypbem,1.1.0,pypbem-1.1.0.tar.gz,tar,pypbem-1.1.0/pypbem/utils/threeD/__pycache__/RHS.cpython-310.pyc,pypbem-1.1.0-cpython-310-1c5cf4fe5e50.pyc,cpython-310,10147,True,4,pylingual_decompilable,decompyle3;marshal,error;exit_2,marshal_parse_failure;tool_exit,"marshal:error:marshal_failed:offset16:ValueError:bad marshal data (unknown type code),offset12:not_code,offset8:ValueError:bad marshal data (unknown type code) || decompyle3:exit_2:/root/PyBC-Sec/pybcSEC/data/rq2/envs/cpython-310/lib/python3.10/site-packages/click/core.py:1262: UserWarning: The parameter --version is used more than once. Remove its duplicate as parameters should be unique. parser = self.make_parser...",PycLens/data/rq2/failed_cases_decompylepp_traces/1c5cf4fe5e50-decompylepp.command.txt,PycLens/data/rq2/failed_cases_decompylepp_traces/1c5cf4fe5e50-decompylepp.stdout.txt,PycLens/data/rq2/failed_cases_decompylepp_traces/1c5cf4fe5e50-decompylepp.stderr.txt
095efb7b599c,decompylepp,exit_1,Bad MAGIC! Could not load file PycLens/data/rq2/failed_cases/pypbem-1.1.0-cpython-310-095efb7b599c.pyc,pypbem,1.1.0,pypbem-1.1.0.tar.gz,tar,pypbem-1.1.0/pypbem/utils/threeD/__pycache__/__init__.cpython-310.pyc,pypbem-1.1.0-cpython-310-095efb7b599c.pyc,cpython-310,47010,True,4,pylingual_decompilable,decompyle3;marshal,error;exit_2,marshal_parse_failure;tool_exit,"marshal:error:marshal_failed:offset16:ValueError:bad marshal data (unknown type code),offset12:ValueError:bad marshal data (unknown type code),offset8:ValueError:bad marshal data (unknown type code) || decompyle3:exit_2:/root/PyBC-Sec/pybcSEC/data/rq2/envs/cpython-310/lib/python3.10/site-packages/click/core.py:1262: UserWarning: The parameter --version is used more than once. Remove its duplicate as parameters should be unique. parser = self.make_parser...",PycLens/data/rq2/failed_cases_decompylepp_traces/095efb7b599c-decompylepp.command.txt,PycLens/data/rq2/failed_cases_decompylepp_traces/095efb7b599c-decompylepp.stdout.txt,PycLens/data/rq2/failed_cases_decompylepp_traces/095efb7b599c-decompylepp.stderr.txt
a9eafca82ecf,decompylepp,exit_1,Bad MAGIC! Could not load file PycLens/data/rq2/failed_cases/pypbem-1.1.0-cpython-310-a9eafca82ecf.pyc,pypbem,1.1.0,pypbem-1.1.0.tar.gz,tar,pypbem-1.1.0/pypbem/utils/threeD/__pycache__/circle_grid.cpython-310.pyc,pypbem-1.1.0-cpython-310-a9eafca82ecf.pyc,cpython-310,58017,False,4,pylingual_decompilable,decompyle3;marshal,error;exit_2,marshal_parse_failure;tool_exit,"marshal:error:marshal_failed:offset16:ValueError:bad marshal data (unknown type code),offset12:ValueError:bad marshal data (unknown type code),offset8:ValueError:bad marshal data (unknown type code) || decompyle3:exit_2:/root/PyBC-Sec/pybcSEC/data/rq2/envs/cpython-310/lib/python3.10/site-packages/click/core.py:1262: UserWarning: The parameter --version is used more than once. Remove its duplicate as parameters should be unique. parser = self.make_parser...",PycLens/data/rq2/failed_cases_decompylepp_traces/a9eafca82ecf-decompylepp.command.txt,PycLens/data/rq2/failed_cases_decompylepp_traces/a9eafca82ecf-decompylepp.stdout.txt,PycLens/data/rq2/failed_cases_decompylepp_traces/a9eafca82ecf-decompylepp.stderr.txt
b49d2be864ae,decompylepp,exit_1,Bad MAGIC! Could not load file PycLens/data/rq2/failed_cases/pypbem-1.1.0-cpython-310-b49d2be864ae.pyc,pypbem,1.1.0,pypbem-1.1.0.tar.gz,tar,pypbem-1.1.0/pypbem/utils/threeD/__pycache__/green_evaluation.cpython-310.pyc,pypbem-1.1.0-cpython-310-b49d2be864ae.pyc,cpython-310,60321,True,4,pylingual_decompilable,decompyle3;marshal,error;exit_2,marshal_parse_failure;tool_exit,"marshal:error:marshal_failed:offset16:ValueError:bad marshal data (unknown type code),offset12:ValueError:bad marshal data (string size out of range),offset8:ValueError:bad marshal data (unknown type code) || decompyle3:exit_2:/root/PyBC-Sec/pybcSEC/data/rq2/envs/cpython-310/lib/python3.10/site-packages/click/core.py:1262: UserWarning: The parameter --version is used more than once. Remove its duplicate as parameters should be unique. parser = self.make_parser...",PycLens/data/rq2/failed_cases_decompylepp_traces/b49d2be864ae-decompylepp.command.txt,PycLens/data/rq2/failed_cases_decompylepp_traces/b49d2be864ae-decompylepp.stdout.txt,PycLens/data/rq2/failed_cases_decompylepp_traces/b49d2be864ae-decompylepp.stderr.txt
f8c4436062d3,decompylepp,exit_1,Bad MAGIC! Could not load file PycLens/data/rq2/failed_cases/pypbem-1.1.0-cpython-310-f8c4436062d3.pyc,pypbem,1.1.0,pypbem-1.1.0.tar.gz,tar,pypbem-1.1.0/pypbem/utils/threeD/__pycache__/potential.cpython-310.pyc,pypbem-1.1.0-cpython-310-f8c4436062d3.pyc,cpython-310,60577,True,4,pylingual_decompilable,decompyle3;marshal,error;exit_2,marshal_parse_failure;tool_exit,"marshal:error:marshal_failed:offset16:ValueError:bad marshal data (unknown type code),offset12:ValueError:bad marshal data (unknown type code),offset8:ValueError:bad marshal data (unknown type code) || decompyle3:exit_2:/root/PyBC-Sec/pybcSEC/data/rq2/envs/cpython-310/lib/python3.10/site-packages/click/core.py:1262: UserWarning: The parameter --version is used more than once. Remove its duplicate as parameters should be unique. parser = self.make_parser...",PycLens/data/rq2/failed_cases_decompylepp_traces/f8c4436062d3-decompylepp.command.txt,PycLens/data/rq2/failed_cases_decompylepp_traces/f8c4436062d3-decompylepp.stdout.txt,PycLens/data/rq2/failed_cases_decompylepp_traces/f8c4436062d3-decompylepp.stderr.txt
0df83fc8c95a,decompylepp,exit_1,Bad MAGIC! Could not load file PycLens/data/rq2/failed_cases/pypbem-1.1.0-cpython-310-0df83fc8c95a.pyc,pypbem,1.1.0,pypbem-1.1.0.tar.gz,tar,pypbem-1.1.0/pypbem/utils/threeD/__pycache__/sphere_grid.cpython-310.pyc,pypbem-1.1.0-cpython-310-0df83fc8c95a.pyc,cpython-310,61345,True,4,pylingual_decompilable,decompyle3;marshal,error;exit_2,marshal_parse_failure;tool_exit,"marshal:error:marshal_failed:offset16:not_code,offset12:ValueError:bad marshal data (string size out of range),offset8:ValueError:bad marshal data (unknown type code) || decompyle3:exit_2:/root/PyBC-Sec/pybcSEC/data/rq2/envs/cpython-310/lib/python3.10/site-packages/click/core.py:1262: UserWarning: The parameter --version is used more than once. Remove its duplicate as parameters should be unique. parser = self.make_parser...",PycLens/data/rq2/failed_cases_decompylepp_traces/0df83fc8c95a-decompylepp.command.txt,PycLens/data/rq2/failed_cases_decompylepp_traces/0df83fc8c95a-decompylepp.stdout.txt,PycLens/data/rq2/failed_cases_decompylepp_traces/0df83fc8c95a-decompylepp.stderr.txt
81d95f154e50,decompylepp,exit_1,CreateObject: Got unsupported type 0x0 Error loading file PycLens/data/rq2/failed_cases/pytest-exploratory-0.9.1-cpython-38-81d95f154e50.pyc: std::bad_cast,pytest-exploratory,0.9.1,pytest_exploratory-0.9.1.tar.gz,tar,pytest_exploratory-0.9.1/tests/__pycache__/__init__.cpython-38-pytest-5.3.5.pyc,pytest-exploratory-0.9.1-cpython-38-81d95f154e50.pyc,cpython-38,3413,True,4,pylingual_decompilable,decompyle3,exit_2,tool_exit,"decompyle3:exit_2:Traceback (most recent call last): File ""/root/PyBC-Sec/pybcSEC/data/rq2/envs/cpython-38/lib/python3.8/site-packages/xdis/load.py"", line 328, in load_module_from_file_object co = marshal.loads(bytecode) ValueError: bad marshal data (unkn...",PycLens/data/rq2/failed_cases_decompylepp_traces/81d95f154e50-decompylepp.command.txt,PycLens/data/rq2/failed_cases_decompylepp_traces/81d95f154e50-decompylepp.stdout.txt,PycLens/data/rq2/failed_cases_decompylepp_traces/81d95f154e50-decompylepp.stderr.txt
9f7914f9f092,decompylepp,exit_1,CreateObject: Got unsupported type 0x0 Error loading file PycLens/data/rq2/failed_cases/pytest-exploratory-0.9.1-cpython-39-9f7914f9f092.pyc: std::bad_cast,pytest-exploratory,0.9.1,pytest_exploratory-0.9.1.tar.gz,tar,pytest_exploratory-0.9.1/tests/__pycache__/__init__.cpython-39-pytest-5.3.5.pyc,pytest-exploratory-0.9.1-cpython-39-9f7914f9f092.pyc,cpython-39,3425,True,4,pylingual_decompilable,decompyle3,exit_2,tool_exit,"decompyle3:exit_2:Traceback (most recent call last): File ""/root/PyBC-Sec/pybcSEC/data/rq2/envs/cpython-39/lib/python3.9/site-packages/xdis/load.py"", line 328, in load_module_from_file_object co = marshal.loads(bytecode) ValueError: bad marshal data (unkn...",PycLens/data/rq2/failed_cases_decompylepp_traces/9f7914f9f092-decompylepp.command.txt,PycLens/data/rq2/failed_cases_decompylepp_traces/9f7914f9f092-decompylepp.stdout.txt,PycLens/data/rq2/failed_cases_decompylepp_traces/9f7914f9f092-decompylepp.stderr.txt
ce2e4ade4562,decompylepp,exit_1,CreateObject: Got unsupported type 0x0 Error loading file PycLens/data/rq2/failed_cases/pytest-exploratory-0.9.1-cpython-38-ce2e4ade4562.pyc: std::bad_cast,pytest-exploratory,0.9.1,pytest_exploratory-0.9.1.tar.gz,tar,pytest_exploratory-0.9.1/tests/__pycache__/test_console.cpython-38-pytest-5.3.5.pyc,pytest-exploratory-0.9.1-cpython-38-ce2e4ade4562.pyc,cpython-38,3413,False,4,pylingual_decompilable,decompyle3,exit_2,tool_exit,"decompyle3:exit_2:Traceback (most recent call last): File ""/root/PyBC-Sec/pybcSEC/data/rq2/envs/cpython-38/lib/python3.8/site-packages/xdis/load.py"", line 328, in load_module_from_file_object co = marshal.loads(bytecode) ValueError: bad marshal data (unkn...",PycLens/data/rq2/failed_cases_decompylepp_traces/ce2e4ade4562-decompylepp.command.txt,PycLens/data/rq2/failed_cases_decompylepp_traces/ce2e4ade4562-decompylepp.stdout.txt,PycLens/data/rq2/failed_cases_decompylepp_traces/ce2e4ade4562-decompylepp.stderr.txt
80cb4a45be00,decompylepp,exit_1,CreateObject: Got unsupported type 0x0 Error loading file PycLens/data/rq2/failed_cases/pytest-exploratory-0.9.1-cpython-38-80cb4a45be00.pyc: std::bad_cast,pytest-exploratory,0.9.1,pytest_exploratory-0.9.1.tar.gz,tar,pytest_exploratory-0.9.1/tests/__pycache__/test_interactive.cpython-38-PYTEST.pyc,pytest-exploratory-0.9.1-cpython-38-80cb4a45be00.pyc,cpython-38,3413,True,4,pylingual_decompilable,decompyle3,exit_2,tool_exit,"decompyle3:exit_2:Traceback (most recent call last): File ""/root/PyBC-Sec/pybcSEC/data/rq2/envs/cpython-38/lib/python3.8/site-packages/xdis/load.py"", line 328, in load_module_from_file_object co = marshal.loads(bytecode) ValueError: bad marshal data (unkn...",PycLens/data/rq2/failed_cases_decompylepp_traces/80cb4a45be00-decompylepp.command.txt,PycLens/data/rq2/failed_cases_decompylepp_traces/80cb4a45be00-decompylepp.stdout.txt,PycLens/data/rq2/failed_cases_decompylepp_traces/80cb4a45be00-decompylepp.stderr.txt
01dbe81fd797,decompylepp,exit_1,CreateObject: Got unsupported type 0x0 Error loading file PycLens/data/rq2/failed_cases/pytest-exploratory-0.9.1-cpython-38-01dbe81fd797.pyc: std::bad_cast,pytest-exploratory,0.9.1,pytest_exploratory-0.9.1.tar.gz,tar,pytest_exploratory-0.9.1/tests/__pycache__/test_interactive.cpython-38-pytest-5.3.4.pyc,pytest-exploratory-0.9.1-cpython-38-01dbe81fd797.pyc,cpython-38,3413,True,4,pylingual_decompilable,decompyle3,exit_2,tool_exit,"decompyle3:exit_2:Traceback (most recent call last): File ""/root/PyBC-Sec/pybcSEC/data/rq2/envs/cpython-38/lib/python3.8/site-packages/xdis/load.py"", line 328, in load_module_from_file_object co = marshal.loads(bytecode) ValueError: bad marshal data (unkn...",PycLens/data/rq2/failed_cases_decompylepp_traces/01dbe81fd797-decompylepp.command.txt,PycLens/data/rq2/failed_cases_decompylepp_traces/01dbe81fd797-decompylepp.stdout.txt,PycLens/data/rq2/failed_cases_decompylepp_traces/01dbe81fd797-decompylepp.stderr.txt
1062a8c157aa,decompylepp,exit_1,CreateObject: Got unsupported type 0x0 Error loading file PycLens/data/rq2/failed_cases/pytest-exploratory-0.9.1-cpython-38-1062a8c157aa.pyc: std::bad_cast,pytest-exploratory,0.9.1,pytest_exploratory-0.9.1.tar.gz,tar,pytest_exploratory-0.9.1/tests/__pycache__/test_interactive.cpython-38-pytest-5.3.5.pyc,pytest-exploratory-0.9.1-cpython-38-1062a8c157aa.pyc,cpython-38,3413,True,4,pylingual_decompilable,decompyle3,exit_2,tool_exit,"decompyle3:exit_2:Traceback (most recent call last): File ""/root/PyBC-Sec/pybcSEC/data/rq2/envs/cpython-38/lib/python3.8/site-packages/xdis/load.py"", line 328, in load_module_from_file_object co = marshal.loads(bytecode) ValueError: bad marshal data (unkn...",PycLens/data/rq2/failed_cases_decompylepp_traces/1062a8c157aa-decompylepp.command.txt,PycLens/data/rq2/failed_cases_decompylepp_traces/1062a8c157aa-decompylepp.stdout.txt,PycLens/data/rq2/failed_cases_decompylepp_traces/1062a8c157aa-decompylepp.stderr.txt
f926045e1cde,decompylepp,exit_1,CreateObject: Got unsupported type 0x0 Error loading file PycLens/data/rq2/failed_cases/pytest-exploratory-0.9.1-cpython-38-f926045e1cde.pyc: std::bad_cast,pytest-exploratory,0.9.1,pytest_exploratory-0.9.1.tar.gz,tar,pytest_exploratory-0.9.1/tests/__pycache__/test_interactive.cpython-38-pytest-6.0.0.pyc,pytest-exploratory-0.9.1-cpython-38-f926045e1cde.pyc,cpython-38,3413,True,4,pylingual_decompilable,decompyle3,exit_2,tool_exit,"decompyle3:exit_2:Traceback (most recent call last): File ""/root/PyBC-Sec/pybcSEC/data/rq2/envs/cpython-38/lib/python3.8/site-packages/xdis/load.py"", line 328, in load_module_from_file_object co = marshal.loads(bytecode) ValueError: bad marshal data (unkn...",PycLens/data/rq2/failed_cases_decompylepp_traces/f926045e1cde-decompylepp.command.txt,PycLens/data/rq2/failed_cases_decompylepp_traces/f926045e1cde-decompylepp.stdout.txt,PycLens/data/rq2/failed_cases_decompylepp_traces/f926045e1cde-decompylepp.stderr.txt
1b376b62feab,decompylepp,exit_1,CreateObject: Got unsupported type 0x0 Error loading file PycLens/data/rq2/failed_cases/pytest-exploratory-0.9.1-cpython-39-1b376b62feab.pyc: std::bad_cast,pytest-exploratory,0.9.1,pytest_exploratory-0.9.1.tar.gz,tar,pytest_exploratory-0.9.1/tests/__pycache__/test_interactive.cpython-39-pytest-5.3.5.pyc,pytest-exploratory-0.9.1-cpython-39-1b376b62feab.pyc,cpython-39,3425,True,4,pylingual_decompilable,decompyle3,exit_2,tool_exit,"decompyle3:exit_2:Traceback (most recent call last): File ""/root/PyBC-Sec/pybcSEC/data/rq2/envs/cpython-39/lib/python3.9/site-packages/xdis/load.py"", line 328, in load_module_from_file_object co = marshal.loads(bytecode) ValueError: bad marshal data (unkn...",PycLens/data/rq2/failed_cases_decompylepp_traces/1b376b62feab-decompylepp.command.txt,PycLens/data/rq2/failed_cases_decompylepp_traces/1b376b62feab-decompylepp.stdout.txt,PycLens/data/rq2/failed_cases_decompylepp_traces/1b376b62feab-decompylepp.stderr.txt
55b066430186,decompylepp,exit_1,CreateObject: Got unsupported type 0x0 Error loading file PycLens/data/rq2/failed_cases/pytest-exploratory-0.9.1-cpython-39-55b066430186.pyc: std::bad_cast,pytest-exploratory,0.9.1,pytest_exploratory-0.9.1.tar.gz,tar,pytest_exploratory-0.9.1/tests/__pycache__/test_interactive.cpython-39-pytest-5.4.3.pyc,pytest-exploratory-0.9.1-cpython-39-55b066430186.pyc,cpython-39,3425,True,4,pylingual_decompilable,decompyle3,exit_2,tool_exit,"decompyle3:exit_2:Traceback (most recent call last): File ""/root/PyBC-Sec/pybcSEC/data/rq2/envs/cpython-39/lib/python3.9/site-packages/xdis/load.py"", line 328, in load_module_from_file_object co = marshal.loads(bytecode) ValueError: bad marshal data (unkn...",PycLens/data/rq2/failed_cases_decompylepp_traces/55b066430186-decompylepp.command.txt,PycLens/data/rq2/failed_cases_decompylepp_traces/55b066430186-decompylepp.stdout.txt,PycLens/data/rq2/failed_cases_decompylepp_traces/55b066430186-decompylepp.stderr.txt
31645cb2b47a,decompylepp,exit_1,CreateObject: Got unsupported type 0x0 Error loading file PycLens/data/rq2/failed_cases/pytest-exploratory-0.9.1-cpython-39-31645cb2b47a.pyc: std::bad_cast,pytest-exploratory,0.9.1,pytest_exploratory-0.9.1.tar.gz,tar,pytest_exploratory-0.9.1/tests/__pycache__/test_interactive.cpython-39-pytest-6.0.0rc1.pyc,pytest-exploratory-0.9.1-cpython-39-31645cb2b47a.pyc,cpython-39,3425,True,4,pylingual_decompilable,decompyle3,exit_2,tool_exit,"decompyle3:exit_2:Traceback (most recent call last): File ""/root/PyBC-Sec/pybcSEC/data/rq2/envs/cpython-39/lib/python3.9/site-packages/xdis/load.py"", line 328, in load_module_from_file_object co = marshal.loads(bytecode) ValueError: bad marshal data (unkn...",PycLens/data/rq2/failed_cases_decompylepp_traces/31645cb2b47a-decompylepp.command.txt,PycLens/data/rq2/failed_cases_decompylepp_traces/31645cb2b47a-decompylepp.stdout.txt,PycLens/data/rq2/failed_cases_decompylepp_traces/31645cb2b47a-decompylepp.stderr.txt
54df5f9e9692,decompylepp,exit_1,CreateObject: Got unsupported type 0x0 Error loading file PycLens/data/rq2/failed_cases/pytest-exploratory-0.9.1-cpython-39-54df5f9e9692.pyc: std::bad_cast,pytest-exploratory,0.9.1,pytest_exploratory-0.9.1.tar.gz,tar,pytest_exploratory-0.9.1/tests/__pycache__/test_interactive.cpython-39-pytest-6.0.2.pyc,pytest-exploratory-0.9.1-cpython-39-54df5f9e9692.pyc,cpython-39,3425,True,4,pylingual_decompilable,decompyle3,exit_2,tool_exit,"decompyle3:exit_2:Traceback (most recent call last): File ""/root/PyBC-Sec/pybcSEC/data/rq2/envs/cpython-39/lib/python3.9/site-packages/xdis/load.py"", line 328, in load_module_from_file_object co = marshal.loads(bytecode) ValueError: bad marshal data (unkn...",PycLens/data/rq2/failed_cases_decompylepp_traces/54df5f9e9692-decompylepp.command.txt,PycLens/data/rq2/failed_cases_decompylepp_traces/54df5f9e9692-decompylepp.stdout.txt,PycLens/data/rq2/failed_cases_decompylepp_traces/54df5f9e9692-decompylepp.stderr.txt
c4e4fb2fa8ad,decompylepp,exit_1,CreateObject: Got unsupported type 0x0 Error loading file PycLens/data/rq2/failed_cases/pytest-exploratory-0.9.1-cpython-39-c4e4fb2fa8ad.pyc: std::bad_cast,pytest-exploratory,0.9.1,pytest_exploratory-0.9.1.tar.gz,tar,pytest_exploratory-0.9.1/tests/__pycache__/test_interactive.cpython-39-pytest-6.1.2.pyc,pytest-exploratory-0.9.1-cpython-39-c4e4fb2fa8ad.pyc,cpython-39,3425,True,4,pylingual_decompilable,decompyle3,exit_2,tool_exit,"decompyle3:exit_2:Traceback (most recent call last): File ""/root/PyBC-Sec/pybcSEC/data/rq2/envs/cpython-39/lib/python3.9/site-packages/xdis/load.py"", line 328, in load_module_from_file_object co = marshal.loads(bytecode) ValueError: bad marshal data (unkn...",PycLens/data/rq2/failed_cases_decompylepp_traces/c4e4fb2fa8ad-decompylepp.command.txt,PycLens/data/rq2/failed_cases_decompylepp_traces/c4e4fb2fa8ad-decompylepp.stdout.txt,PycLens/data/rq2/failed_cases_decompylepp_traces/c4e4fb2fa8ad-decompylepp.stderr.txt
9048538b15e7,decompylepp,exit_1,Something TERRIBLE happened! No matching with block found for WITH_CLEANUP at 120 Something TERRIBLE happened! No matching with block found for WITH_CLEANUP at 232 PycBuffer::getByte(): Unexpected end of stream,qt-pyqt-pyside-custom-widgets,2.1.9,qt_pyqt_pyside_custom_widgets-2.1.9-py3-none-any.whl,wheel,Custom_Widgets/JSonStyles/__pycache__/__init__.cpython-38.pyc,qt-pyqt-pyside-custom-widgets-2.1.9-cpython-38-9048538b15e7.pyc,cpython-38,3413,True,4,pylingual_decompilable,decompyle3,timeout,timeout,decompyle3:timeout:timeout_after_600s,PycLens/data/rq2/failed_cases_decompylepp_traces/9048538b15e7-decompylepp.command.txt,PycLens/data/rq2/failed_cases_decompylepp_traces/9048538b15e7-decompylepp.stdout.txt,PycLens/data/rq2/failed_cases_decompylepp_traces/9048538b15e7-decompylepp.stderr.txt
969860397624,decompylepp,exit_1,Something TERRIBLE happened! No matching with block found for WITH_CLEANUP at 120 Something TERRIBLE happened! No matching with block found for WITH_CLEANUP at 232 PycBuffer::getByte(): Unexpected end of stream,qt-pyqt-pyside-custom-widgets,2.1.9,qt_pyqt_pyside_custom_widgets-2.1.9.tar.gz,tar,qt_pyqt_pyside_custom_widgets-2.1.9/Custom_Widgets/JSonStyles/__pycache__/__init__.cpython-38.pyc,qt-pyqt-pyside-custom-widgets-2.1.9-cpython-38-969860397624.pyc,cpython-38,3413,True,4,pylingual_decompilable,decompyle3,timeout,timeout,decompyle3:timeout:timeout_after_600s,PycLens/data/rq2/failed_cases_decompylepp_traces/969860397624-decompylepp.command.txt,PycLens/data/rq2/failed_cases_decompylepp_traces/969860397624-decompylepp.stdout.txt,PycLens/data/rq2/failed_cases_decompylepp_traces/969860397624-decompylepp.stderr.txt
5f1267573fa1,decompylepp,ok,,quanguru,0.0.1rc19,QuanGuru-0.0.1rc19.tar.gz,tar,QuanGuru-0.0.1rc19/tests/classes/QuantumSystem/__pycache__/test_addRemoveSubSysToQuantumSystem.cpython-38-pytest-7.0.1.pyc,quanguru-0.0.1rc19-cpython-38-5f1267573fa1.pyc,cpython-38,3413,True,4,pylingual_decompilable,decompyle3,timeout,timeout,decompyle3:timeout:timeout_after_600s,,,
5fb577e4f467,decompylepp,ok,,quanguru,0.0.1rc19,QuanGuru-0.0.1rc19.tar.gz,tar,QuanGuru-0.0.1rc19/tests/classes/QuantumSystem/__pycache__/test_addRemoveSubSysToQuantumSystem.cpython-38-pytest-7.1.2.pyc,quanguru-0.0.1rc19-cpython-38-5fb577e4f467.pyc,cpython-38,3413,True,4,pylingual_decompilable,decompyle3,timeout,timeout,decompyle3:timeout:timeout_after_600s,,,
957e90d7a51b,decompylepp,exit_1,Error loading file PycLens/data/rq2/failed_cases/radboy-0.0.1054-cpython-311-957e90d7a51b.pyc: Invalid bytes in ASCII string,radboy,0.0.1054,radboy-0.0.1054-py3-none-any.whl,wheel,radboy/Collector2/__pycache__/Collector2.cpython-311.pyc,radboy-0.0.1054-cpython-311-957e90d7a51b.pyc,cpython-311,3495,True,4,pylingual_decompilable,decompyle3;marshal,error;exit_2,marshal_parse_failure;tool_exit,"marshal:error:marshal_failed:offset16:ValueError:bad marshal data (unknown type code),offset12:ValueError:bad marshal data (unknown type code),offset8:ValueError:bad marshal data (unknown type code) || decompyle3:exit_2:/root/PyBC-Sec/pybcSEC/data/rq2/envs/cpython-311/lib/python3.11/site-packages/click/core.py:1262: UserWarning: The parameter --version is used more than once. Remove its duplicate as parameters should be unique. parser = self.make_parser...",PycLens/data/rq2/failed_cases_decompylepp_traces/957e90d7a51b-decompylepp.command.txt,PycLens/data/rq2/failed_cases_decompylepp_traces/957e90d7a51b-decompylepp.stdout.txt,PycLens/data/rq2/failed_cases_decompylepp_traces/957e90d7a51b-decompylepp.stderr.txt
3647ce80c73e,decompylepp,exit_1,Error loading file PycLens/data/rq2/failed_cases/radboy-0.0.1054-cpython-311-3647ce80c73e.pyc: Invalid bytes in ASCII string,radboy,0.0.1054,radboy-0.0.1054-py3-none-any.whl,wheel,radboy/Conversion/__pycache__/Conversion.cpython-311.pyc,radboy-0.0.1054-cpython-311-3647ce80c73e.pyc,cpython-311,3495,True,4,pylingual_decompilable,decompyle3;marshal,error;exit_2,marshal_parse_failure;tool_exit,"marshal:error:marshal_failed:offset16:EOFError:marshal data too short,offset12:ValueError:bad marshal data (bytes object size out of range),offset8:ValueError:bad marshal data (unknown type code) || decompyle3:exit_2:/root/PyBC-Sec/pybcSEC/data/rq2/envs/cpython-311/lib/python3.11/site-packages/click/core.py:1262: UserWarning: The parameter --version is used more than once. Remove its duplicate as parameters should be unique. parser = self.make_parser...",PycLens/data/rq2/failed_cases_decompylepp_traces/3647ce80c73e-decompylepp.command.txt,PycLens/data/rq2/failed_cases_decompylepp_traces/3647ce80c73e-decompylepp.stdout.txt,PycLens/data/rq2/failed_cases_decompylepp_traces/3647ce80c73e-decompylepp.stderr.txt
085a4ad5be0c,decompylepp,exit_1,CreateObject: Got unsupported type 0x0 CreateObject: Got unsupported type 0x0 CreateObject: Got unsupported type 0x0 Error loading file PycLens/data/rq2/failed_cases/radboy-0.0.1054-cpython-311-085a4ad5be0c.pyc: Ref index out of range,radboy,0.0.1054,radboy-0.0.1054-py3-none-any.whl,wheel,radboy/DB/__pycache__/DatePicker.cpython-311.pyc,radboy-0.0.1054-cpython-311-085a4ad5be0c.pyc,cpython-311,3495,True,4,pylingual_decompilable,decompyle3;marshal,error;exit_2,marshal_parse_failure;tool_exit,"marshal:error:marshal_failed:offset16:ValueError:bad marshal data (unknown type code),offset12:ValueError:bad marshal data (unknown type code),offset8:ValueError:bad marshal data (unknown type code) || decompyle3:exit_2:/root/PyBC-Sec/pybcSEC/data/rq2/envs/cpython-311/lib/python3.11/site-packages/click/core.py:1262: UserWarning: The parameter --version is used more than once. Remove its duplicate as parameters should be unique. parser = self.make_parser...",PycLens/data/rq2/failed_cases_decompylepp_traces/085a4ad5be0c-decompylepp.command.txt,PycLens/data/rq2/failed_cases_decompylepp_traces/085a4ad5be0c-decompylepp.stdout.txt,PycLens/data/rq2/failed_cases_decompylepp_traces/085a4ad5be0c-decompylepp.stderr.txt
809f31553059,decompylepp,exit_1,Error loading file PycLens/data/rq2/failed_cases/radboy-0.0.1054-cpython-312-809f31553059.pyc: Invalid bytes in ASCII string,radboy,0.0.1054,radboy-0.0.1054-py3-none-any.whl,wheel,radboy/DB/__pycache__/FormBuilder.cpython-312.pyc,radboy-0.0.1054-cpython-312-809f31553059.pyc,cpython-312,3531,False,4,pylingual_decompilable,decompyle3;marshal,error;exit_2,marshal_parse_failure;tool_exit,"marshal:error:marshal_failed:offset16:ValueError:bad marshal data (unknown type code),offset12:ValueError:bad marshal data (unknown type code),offset8:ValueError:bad marshal data (tuple size out of range) || decompyle3:exit_2:/root/PyBC-Sec/pybcSEC/data/rq2/envs/cpython-312/lib/python3.12/site-packages/click/core.py:1262: UserWarning: The parameter --version is used more than once. Remove its duplicate as parameters should be unique. parser = self.make_parser...",PycLens/data/rq2/failed_cases_decompylepp_traces/809f31553059-decompylepp.command.txt,PycLens/data/rq2/failed_cases_decompylepp_traces/809f31553059-decompylepp.stdout.txt,PycLens/data/rq2/failed_cases_decompylepp_traces/809f31553059-decompylepp.stderr.txt
ad21c9e1539a,decompylepp,exit_1,Error loading file PycLens/data/rq2/failed_cases/radboy-0.0.1054-cpython-311-ad21c9e1539a.pyc: Invalid bytes in ASCII string,radboy,0.0.1054,radboy-0.0.1054-py3-none-any.whl,wheel,radboy/DB/__pycache__/ResetTools.cpython-311.pyc,radboy-0.0.1054-cpython-311-ad21c9e1539a.pyc,cpython-311,3495,True,4,pylingual_decompilable,decompyle3;marshal,error;exit_2,marshal_parse_failure;tool_exit,"marshal:error:marshal_failed:offset16:EOFError:marshal data too short,offset12:not_code,offset8:ValueError:bad marshal data (unknown type code) || decompyle3:exit_2:/root/PyBC-Sec/pybcSEC/data/rq2/envs/cpython-311/lib/python3.11/site-packages/click/core.py:1262: UserWarning: The parameter --version is used more than once. Remove its duplicate as parameters should be unique. parser = self.make_parser...",PycLens/data/rq2/failed_cases_decompylepp_traces/ad21c9e1539a-decompylepp.command.txt,PycLens/data/rq2/failed_cases_decompylepp_traces/ad21c9e1539a-decompylepp.stdout.txt,PycLens/data/rq2/failed_cases_decompylepp_traces/ad21c9e1539a-decompylepp.stderr.txt
7bda6d4eb849,decompylepp,exit_1,Error loading file PycLens/data/rq2/failed_cases/radboy-0.0.1054-cpython-311-7bda6d4eb849.pyc: Invalid bytes in ASCII string,radboy,0.0.1054,radboy-0.0.1054-py3-none-any.whl,wheel,radboy/DB/__pycache__/SMLabelImporter.cpython-311.pyc,radboy-0.0.1054-cpython-311-7bda6d4eb849.pyc,cpython-311,3495,True,4,pylingual_decompilable,decompyle3;marshal,error;exit_2,marshal_parse_failure;tool_exit,"marshal:error:marshal_failed:offset16:ValueError:bad marshal data (unknown type code),offset12:ValueError:bad marshal data (unknown type code),offset8:ValueError:bad marshal data (unknown type code) || decompyle3:exit_2:/root/PyBC-Sec/pybcSEC/data/rq2/envs/cpython-311/lib/python3.11/site-packages/click/core.py:1262: UserWarning: The parameter --version is used more than once. Remove its duplicate as parameters should be unique. parser = self.make_parser...",PycLens/data/rq2/failed_cases_decompylepp_traces/7bda6d4eb849-decompylepp.command.txt,PycLens/data/rq2/failed_cases_decompylepp_traces/7bda6d4eb849-decompylepp.stdout.txt,PycLens/data/rq2/failed_cases_decompylepp_traces/7bda6d4eb849-decompylepp.stderr.txt
c3c8b274c114,decompylepp,exit_1,Error loading file PycLens/data/rq2/failed_cases/radboy-0.0.1054-cpython-311-c3c8b274c114.pyc: Invalid bytes in ASCII string,radboy,0.0.1054,radboy-0.0.1054-py3-none-any.whl,wheel,radboy/DB/__pycache__/db.cpython-311.pyc,radboy-0.0.1054-cpython-311-c3c8b274c114.pyc,cpython-311,3495,True,4,pylingual_decompilable,decompyle3;marshal,error;exit_2,marshal_parse_failure;tool_exit,"marshal:error:marshal_failed:offset16:ValueError:bad marshal data (unknown type code),offset12:ValueError:bad marshal data (unknown type code),offset8:ValueError:bad marshal data (unknown type code) || decompyle3:exit_2:/root/PyBC-Sec/pybcSEC/data/rq2/envs/cpython-311/lib/python3.11/site-packages/click/core.py:1262: UserWarning: The parameter --version is used more than once. Remove its duplicate as parameters should be unique. parser = self.make_parser...",PycLens/data/rq2/failed_cases_decompylepp_traces/c3c8b274c114-decompylepp.command.txt,PycLens/data/rq2/failed_cases_decompylepp_traces/c3c8b274c114-decompylepp.stdout.txt,PycLens/data/rq2/failed_cases_decompylepp_traces/c3c8b274c114-decompylepp.stderr.txt
bb95913939d7,decompylepp,exit_1,CreateObject: Got unsupported type 0x1 CreateObject: Got unsupported type 0x0 CreateObject: Got unsupported type 0x0 CreateObject: Got unsupported type 0x0 Error loading file PycLens/data/rq2/failed_cases/radboy-0.0.1054-cpython-311-bb95...,radboy,0.0.1054,radboy-0.0.1054-py3-none-any.whl,wheel,radboy/DayLog/__pycache__/DayLogger.cpython-311.pyc,radboy-0.0.1054-cpython-311-bb95913939d7.pyc,cpython-311,3495,True,4,pylingual_decompilable,decompyle3;marshal,error;exit_2,marshal_parse_failure;tool_exit,"marshal:error:marshal_failed:offset16:ValueError:bad marshal data (unknown type code),offset12:ValueError:bad marshal data (unknown type code),offset8:ValueError:bad marshal data (unknown type code) || decompyle3:exit_2:/root/PyBC-Sec/pybcSEC/data/rq2/envs/cpython-311/lib/python3.11/site-packages/click/core.py:1262: UserWarning: The parameter --version is used more than once. Remove its duplicate as parameters should be unique. parser = self.make_parser...",PycLens/data/rq2/failed_cases_decompylepp_traces/bb95913939d7-decompylepp.command.txt,PycLens/data/rq2/failed_cases_decompylepp_traces/bb95913939d7-decompylepp.stdout.txt,PycLens/data/rq2/failed_cases_decompylepp_traces/bb95913939d7-decompylepp.stderr.txt
62e18155c9b5,decompylepp,exit_1,Error loading file PycLens/data/rq2/failed_cases/radboy-0.0.1054-cpython-311-62e18155c9b5.pyc: Invalid bytes in ASCII string,radboy,0.0.1054,radboy-0.0.1054-py3-none-any.whl,wheel,radboy/ExportList/__pycache__/ExportListCurrent.cpython-311.pyc,radboy-0.0.1054-cpython-311-62e18155c9b5.pyc,cpython-311,3495,True,4,pylingual_decompilable,decompyle3;marshal,error;exit_2,marshal_parse_failure;tool_exit,"marshal:error:marshal_failed:offset16:EOFError:marshal data too short,offset12:ValueError:bad marshal data (unknown type code),offset8:ValueError:bad marshal data (unknown type code) || decompyle3:exit_2:/root/PyBC-Sec/pybcSEC/data/rq2/envs/cpython-311/lib/python3.11/site-packages/click/core.py:1262: UserWarning: The parameter --version is used more than once. Remove its duplicate as parameters should be unique. parser = self.make_parser...",PycLens/data/rq2/failed_cases_decompylepp_traces/62e18155c9b5-decompylepp.command.txt,PycLens/data/rq2/failed_cases_decompylepp_traces/62e18155c9b5-decompylepp.stdout.txt,PycLens/data/rq2/failed_cases_decompylepp_traces/62e18155c9b5-decompylepp.stderr.txt
4bc55c16d84f,decompylepp,exit_1,Error loading file PycLens/data/rq2/failed_cases/radboy-0.0.1054-cpython-311-4bc55c16d84f.pyc: Invalid bytes in ASCII string,radboy,0.0.1054,radboy-0.0.1054-py3-none-any.whl,wheel,radboy/ExtractPkg/__pycache__/ExtractPkg2.cpython-311.pyc,radboy-0.0.1054-cpython-311-4bc55c16d84f.pyc,cpython-311,3495,True,4,pylingual_decompilable,decompyle3;marshal,error;exit_2,marshal_parse_failure;tool_exit,"marshal:error:marshal_failed:offset16:ValueError:bad marshal data (unknown type code),offset12:ValueError:bad marshal data (unknown type code),offset8:ValueError:bad marshal data (unknown type code) || decompyle3:exit_2:/root/PyBC-Sec/pybcSEC/data/rq2/envs/cpython-311/lib/python3.11/site-packages/click/core.py:1262: UserWarning: The parameter --version is used more than once. Remove its duplicate as parameters should be unique. parser = self.make_parser...",PycLens/data/rq2/failed_cases_decompylepp_traces/4bc55c16d84f-decompylepp.command.txt,PycLens/data/rq2/failed_cases_decompylepp_traces/4bc55c16d84f-decompylepp.stdout.txt,PycLens/data/rq2/failed_cases_decompylepp_traces/4bc55c16d84f-decompylepp.stderr.txt
0ba03c337695,decompylepp,exit_1,CreateObject: Got unsupported type 0x0 CreateObject: Got unsupported type 0x4C Error loading file PycLens/data/rq2/failed_cases/radboy-0.0.1054-cpython-311-0ba03c337695.pyc: std::bad_cast,radboy,0.0.1054,radboy-0.0.1054-py3-none-any.whl,wheel,radboy/ListMode2/__pycache__/ListMode2.cpython-311.pyc,radboy-0.0.1054-cpython-311-0ba03c337695.pyc,cpython-311,3495,True,4,pylingual_decompilable,decompyle3;marshal,error;exit_2,marshal_parse_failure;tool_exit,"marshal:error:marshal_failed:offset16:ValueError:bad marshal data (unknown type code),offset12:ValueError:bad marshal data (unknown type code),offset8:ValueError:bad marshal data (unknown type code) || decompyle3:exit_2:/root/PyBC-Sec/pybcSEC/data/rq2/envs/cpython-311/lib/python3.11/site-packages/click/core.py:1262: UserWarning: The parameter --version is used more than once. Remove its duplicate as parameters should be unique. parser = self.make_parser...",PycLens/data/rq2/failed_cases_decompylepp_traces/0ba03c337695-decompylepp.command.txt,PycLens/data/rq2/failed_cases_decompylepp_traces/0ba03c337695-decompylepp.stdout.txt,PycLens/data/rq2/failed_cases_decompylepp_traces/0ba03c337695-decompylepp.stderr.txt
3f74bc6c0766,decompylepp,exit_1,Error loading file PycLens/data/rq2/failed_cases/radboy-0.0.1054-cpython-311-3f74bc6c0766.pyc: Invalid bytes in ASCII string,radboy,0.0.1054,radboy-0.0.1054-py3-none-any.whl,wheel,radboy/LocationSequencer/__pycache__/LocationSequencer.cpython-311.pyc,radboy-0.0.1054-cpython-311-3f74bc6c0766.pyc,cpython-311,3495,True,4,pylingual_decompilable,decompyle3;marshal,error;exit_2,marshal_parse_failure;tool_exit,"marshal:error:marshal_failed:offset16:EOFError:marshal data too short,offset12:ValueError:bad marshal data (unknown type code),offset8:ValueError:bad marshal data (unknown type code) || decompyle3:exit_2:/root/PyBC-Sec/pybcSEC/data/rq2/envs/cpython-311/lib/python3.11/site-packages/click/core.py:1262: UserWarning: The parameter --version is used more than once. Remove its duplicate as parameters should be unique. parser = self.make_parser...",PycLens/data/rq2/failed_cases_decompylepp_traces/3f74bc6c0766-decompylepp.command.txt,PycLens/data/rq2/failed_cases_decompylepp_traces/3f74bc6c0766-decompylepp.stdout.txt,PycLens/data/rq2/failed_cases_decompylepp_traces/3f74bc6c0766-decompylepp.stderr.txt
bcb4224e2f8b,decompylepp,exit_1,Error loading file PycLens/data/rq2/failed_cases/radboy-0.0.1054-cpython-311-bcb4224e2f8b.pyc: Invalid bytes in ASCII string,radboy,0.0.1054,radboy-0.0.1054-py3-none-any.whl,wheel,radboy/Locator/__pycache__/Locator.cpython-311.pyc,radboy-0.0.1054-cpython-311-bcb4224e2f8b.pyc,cpython-311,3495,True,4,pylingual_decompilable,decompyle3;marshal,error;exit_2,marshal_parse_failure;tool_exit,"marshal:error:marshal_failed:offset16:EOFError:marshal data too short,offset12:ValueError:bad marshal data (unknown type code),offset8:ValueError:bad marshal data (unknown type code) || decompyle3:exit_2:/root/PyBC-Sec/pybcSEC/data/rq2/envs/cpython-311/lib/python3.11/site-packages/click/core.py:1262: UserWarning: The parameter --version is used more than once. Remove its duplicate as parameters should be unique. parser = self.make_parser...",PycLens/data/rq2/failed_cases_decompylepp_traces/bcb4224e2f8b-decompylepp.command.txt,PycLens/data/rq2/failed_cases_decompylepp_traces/bcb4224e2f8b-decompylepp.stdout.txt,PycLens/data/rq2/failed_cases_decompylepp_traces/bcb4224e2f8b-decompylepp.stderr.txt
3cc3e7f89183,decompylepp,exit_1,CreateObject: Got unsupported type 0x65 CreateObject: Got unsupported type 0x2D Error loading file PycLens/data/rq2/failed_cases/radboy-0.0.1054-cpython-311-3cc3e7f89183.pyc: std::bad_cast,radboy,0.0.1054,radboy-0.0.1054-py3-none-any.whl,wheel,radboy/Locator/__pycache__/__init__.cpython-311.pyc,radboy-0.0.1054-cpython-311-3cc3e7f89183.pyc,cpython-311,3495,True,4,pylingual_decompilable,decompyle3;marshal,error;exit_2,marshal_parse_failure;tool_exit,"marshal:error:marshal_failed:offset16:ValueError:bad marshal data (unknown type code),offset12:ValueError:bad marshal data (digit out of range in long),offset8:ValueError:bad marshal data (unknown type code) || decompyle3:exit_2:/root/PyBC-Sec/pybcSEC/data/rq2/envs/cpython-311/lib/python3.11/site-packages/click/core.py:1262: UserWarning: The parameter --version is used more than once. Remove its duplicate as parameters should be unique. parser = self.make_parser...",PycLens/data/rq2/failed_cases_decompylepp_traces/3cc3e7f89183-decompylepp.command.txt,PycLens/data/rq2/failed_cases_decompylepp_traces/3cc3e7f89183-decompylepp.stdout.txt,PycLens/data/rq2/failed_cases_decompylepp_traces/3cc3e7f89183-decompylepp.stderr.txt
2e3a155e7cf9,decompylepp,exit_1,Error loading file PycLens/data/rq2/failed_cases/radboy-0.0.1054-cpython-311-2e3a155e7cf9.pyc: Invalid bytes in ASCII string,radboy,0.0.1054,radboy-0.0.1054-py3-none-any.whl,wheel,radboy/Lookup/__pycache__/Lookup.cpython-311.pyc,radboy-0.0.1054-cpython-311-2e3a155e7cf9.pyc,cpython-311,3495,True,4,pylingual_decompilable,decompyle3;marshal,error;exit_2,marshal_parse_failure;tool_exit,"marshal:error:marshal_failed:offset16:ValueError:bad marshal data (unknown type code),offset12:ValueError:bad marshal data (unknown type code),offset8:ValueError:bad marshal data (unknown type code) || decompyle3:exit_2:/root/PyBC-Sec/pybcSEC/data/rq2/envs/cpython-311/lib/python3.11/site-packages/click/core.py:1262: UserWarning: The parameter --version is used more than once. Remove its duplicate as parameters should be unique. parser = self.make_parser...",PycLens/data/rq2/failed_cases_decompylepp_traces/2e3a155e7cf9-decompylepp.command.txt,PycLens/data/rq2/failed_cases_decompylepp_traces/2e3a155e7cf9-decompylepp.stdout.txt,PycLens/data/rq2/failed_cases_decompylepp_traces/2e3a155e7cf9-decompylepp.stderr.txt
dad6c2d42c26,decompylepp,exit_1,CreateObject: Got unsupported type 0x0 CreateObject: Got unsupported type 0x0 Error loading file PycLens/data/rq2/failed_cases/radboy-0.0.1054-cpython-311-dad6c2d42c26.pyc: std::bad_cast,radboy,0.0.1054,radboy-0.0.1054-py3-none-any.whl,wheel,radboy/ModuleTemplate/__pycache__/Tasks.cpython-311.pyc,radboy-0.0.1054-cpython-311-dad6c2d42c26.pyc,cpython-311,3495,True,4,pylingual_decompilable,decompyle3;marshal,error;exit_2,marshal_parse_failure;tool_exit,"marshal:error:marshal_failed:offset16:ValueError:bad marshal data (unknown type code),offset12:ValueError:bad marshal data (bytes object size out of range),offset8:ValueError:bad marshal data (unknown type code) || decompyle3:exit_2:/root/PyBC-Sec/pybcSEC/data/rq2/envs/cpython-311/lib/python3.11/site-packages/click/core.py:1262: UserWarning: The parameter --version is used more than once. Remove its duplicate as parameters should be unique. parser = self.make_parser...",PycLens/data/rq2/failed_cases_decompylepp_traces/dad6c2d42c26-decompylepp.command.txt,PycLens/data/rq2/failed_cases_decompylepp_traces/dad6c2d42c26-decompylepp.stdout.txt,PycLens/data/rq2/failed_cases_decompylepp_traces/dad6c2d42c26-decompylepp.stderr.txt
0b2b7505e009,decompylepp,exit_1,Error loading file PycLens/data/rq2/failed_cases/radboy-0.0.1054-cpython-311-0b2b7505e009.pyc: Invalid bytes in ASCII string,radboy,0.0.1054,radboy-0.0.1054-py3-none-any.whl,wheel,radboy/POS/__pycache__/POS.cpython-311.pyc,radboy-0.0.1054-cpython-311-0b2b7505e009.pyc,cpython-311,3495,True,4,pylingual_decompilable,decompyle3;marshal,error;exit_2,marshal_parse_failure;tool_exit,"marshal:error:marshal_failed:offset16:EOFError:marshal data too short,offset12:ValueError:bad marshal data (unknown type code),offset8:ValueError:bad marshal data (unknown type code) || decompyle3:exit_2:/root/PyBC-Sec/pybcSEC/data/rq2/envs/cpython-311/lib/python3.11/site-packages/click/core.py:1262: UserWarning: The parameter --version is used more than once. Remove its duplicate as parameters should be unique. parser = self.make_parser...",PycLens/data/rq2/failed_cases_decompylepp_traces/0b2b7505e009-decompylepp.command.txt,PycLens/data/rq2/failed_cases_decompylepp_traces/0b2b7505e009-decompylepp.stdout.txt,PycLens/data/rq2/failed_cases_decompylepp_traces/0b2b7505e009-decompylepp.stderr.txt
c20d3f6904dd,decompylepp,exit_1,Error loading file PycLens/data/rq2/failed_cases/radboy-0.0.1054-cpython-311-c20d3f6904dd.pyc: Invalid bytes in ASCII string,radboy,0.0.1054,radboy-0.0.1054-py3-none-any.whl,wheel,radboy/PunchCard/__pycache__/CalcTimePad.cpython-311.pyc,radboy-0.0.1054-cpython-311-c20d3f6904dd.pyc,cpython-311,3495,True,4,pylingual_decompilable,decompyle3;marshal,error;exit_2,marshal_parse_failure;tool_exit,"marshal:error:marshal_failed:offset16:ValueError:bad marshal data (invalid reference),offset12:ValueError:bad marshal data (unknown type code),offset8:ValueError:bad marshal data (unknown type code) || decompyle3:exit_2:/root/PyBC-Sec/pybcSEC/data/rq2/envs/cpython-311/lib/python3.11/site-packages/click/core.py:1262: UserWarning: The parameter --version is used more than once. Remove its duplicate as parameters should be unique. parser = self.make_parser...",PycLens/data/rq2/failed_cases_decompylepp_traces/c20d3f6904dd-decompylepp.command.txt,PycLens/data/rq2/failed_cases_decompylepp_traces/c20d3f6904dd-decompylepp.stdout.txt,PycLens/data/rq2/failed_cases_decompylepp_traces/c20d3f6904dd-decompylepp.stderr.txt
ed390b37a795,decompylepp,exit_1,Error loading file PycLens/data/rq2/failed_cases/radboy-0.0.1054-cpython-311-ed390b37a795.pyc: Invalid bytes in ASCII string,radboy,0.0.1054,radboy-0.0.1054-py3-none-any.whl,wheel,radboy/PunchCard/__pycache__/PunchCard.cpython-311.pyc,radboy-0.0.1054-cpython-311-ed390b37a795.pyc,cpython-311,3495,True,4,pylingual_decompilable,decompyle3;marshal,error;exit_2,marshal_parse_failure;tool_exit,"marshal:error:marshal_failed:offset16:EOFError:marshal data too short,offset12:ValueError:bad marshal data (unknown type code),offset8:ValueError:bad marshal data (unknown type code) || decompyle3:exit_2:/root/PyBC-Sec/pybcSEC/data/rq2/envs/cpython-311/lib/python3.11/site-packages/click/core.py:1262: UserWarning: The parameter --version is used more than once. Remove its duplicate as parameters should be unique. parser = self.make_parser...",PycLens/data/rq2/failed_cases_decompylepp_traces/ed390b37a795-decompylepp.command.txt,PycLens/data/rq2/failed_cases_decompylepp_traces/ed390b37a795-decompylepp.stdout.txt,PycLens/data/rq2/failed_cases_decompylepp_traces/ed390b37a795-decompylepp.stderr.txt
379800c65475,decompylepp,exit_1,Error loading file PycLens/data/rq2/failed_cases/radboy-0.0.1054-cpython-311-379800c65475.pyc: Invalid bytes in ASCII string,radboy,0.0.1054,radboy-0.0.1054-py3-none-any.whl,wheel,radboy/Repack/__pycache__/Repack.cpython-311.pyc,radboy-0.0.1054-cpython-311-379800c65475.pyc,cpython-311,3495,True,4,pylingual_decompilable,decompyle3;marshal,error;exit_2,marshal_parse_failure;tool_exit,"marshal:error:marshal_failed:offset16:EOFError:marshal data too short,offset12:ValueError:bad marshal data (unknown type code),offset8:ValueError:bad marshal data (unknown type code) || decompyle3:exit_2:/root/PyBC-Sec/pybcSEC/data/rq2/envs/cpython-311/lib/python3.11/site-packages/click/core.py:1262: UserWarning: The parameter --version is used more than once. Remove its duplicate as parameters should be unique. parser = self.make_parser...",PycLens/data/rq2/failed_cases_decompylepp_traces/379800c65475-decompylepp.command.txt,PycLens/data/rq2/failed_cases_decompylepp_traces/379800c65475-decompylepp.stdout.txt,PycLens/data/rq2/failed_cases_decompylepp_traces/379800c65475-decompylepp.stderr.txt
42d63b24f680,decompylepp,exit_1,Error loading file PycLens/data/rq2/failed_cases/radboy-0.0.1054-cpython-311-42d63b24f680.pyc: Invalid bytes in ASCII string,radboy,0.0.1054,radboy-0.0.1054-py3-none-any.whl,wheel,radboy/TasksMode/__pycache__/Tasks.cpython-311.pyc,radboy-0.0.1054-cpython-311-42d63b24f680.pyc,cpython-311,3495,True,4,pylingual_decompilable,decompyle3;marshal,error;exit_2,marshal_parse_failure;tool_exit,"marshal:error:marshal_failed:offset16:ValueError:bad marshal data (unknown type code),offset12:ValueError:bad marshal data (string size out of range),offset8:ValueError:bad marshal data (unknown type code) || decompyle3:exit_2:/root/PyBC-Sec/pybcSEC/data/rq2/envs/cpython-311/lib/python3.11/site-packages/click/core.py:1262: UserWarning: The parameter --version is used more than once. Remove its duplicate as parameters should be unique. parser = self.make_parser...",PycLens/data/rq2/failed_cases_decompylepp_traces/42d63b24f680-decompylepp.command.txt,PycLens/data/rq2/failed_cases_decompylepp_traces/42d63b24f680-decompylepp.stdout.txt,PycLens/data/rq2/failed_cases_decompylepp_traces/42d63b24f680-decompylepp.stderr.txt
3755cca9bb3d,decompylepp,exit_1,Error loading file PycLens/data/rq2/failed_cases/radboy-0.0.1054-cpython-311-3755cca9bb3d.pyc: Invalid bytes in ASCII string,radboy,0.0.1054,radboy-0.0.1054-py3-none-any.whl,wheel,radboy/TouchStampC/__pycache__/TouchStampC.cpython-311.pyc,radboy-0.0.1054-cpython-311-3755cca9bb3d.pyc,cpython-311,3495,True,4,pylingual_decompilable,decompyle3;marshal,error;exit_2,marshal_parse_failure;tool_exit,"marshal:error:marshal_failed:offset16:EOFError:marshal data too short,offset12:not_code,offset8:ValueError:bad marshal data (unknown type code) || decompyle3:exit_2:/root/PyBC-Sec/pybcSEC/data/rq2/envs/cpython-311/lib/python3.11/site-packages/click/core.py:1262: UserWarning: The parameter --version is used more than once. Remove its duplicate as parameters should be unique. parser = self.make_parser...",PycLens/data/rq2/failed_cases_decompylepp_traces/3755cca9bb3d-decompylepp.command.txt,PycLens/data/rq2/failed_cases_decompylepp_traces/3755cca9bb3d-decompylepp.stdout.txt,PycLens/data/rq2/failed_cases_decompylepp_traces/3755cca9bb3d-decompylepp.stderr.txt
94361b8cad39,decompylepp,exit_1,CreateObject: Got unsupported type 0x0 CreateObject: Got unsupported type 0x0 CreateObject: Got unsupported type 0x0 CreateObject: Got unsupported type 0x0 CreateObject: Got unsupported type 0x0 CreateObject: Got unsupported type 0x0 Cre...,radboy,0.0.1054,radboy-0.0.1054-py3-none-any.whl,wheel,radboy/Unified/__pycache__/Unified.cpython-311.pyc,radboy-0.0.1054-cpython-311-94361b8cad39.pyc,cpython-311,3495,True,4,pylingual_decompilable,decompyle3;marshal,error;exit_2,marshal_parse_failure;tool_exit,"marshal:error:marshal_failed:offset16:ValueError:bad marshal data (unknown type code),offset12:ValueError:bad marshal data (unknown type code),offset8:ValueError:bad marshal data (unknown type code) || decompyle3:exit_2:/root/PyBC-Sec/pybcSEC/data/rq2/envs/cpython-311/lib/python3.11/site-packages/click/core.py:1262: UserWarning: The parameter --version is used more than once. Remove its duplicate as parameters should be unique. parser = self.make_parser...",PycLens/data/rq2/failed_cases_decompylepp_traces/94361b8cad39-decompylepp.command.txt,PycLens/data/rq2/failed_cases_decompylepp_traces/94361b8cad39-decompylepp.stdout.txt,PycLens/data/rq2/failed_cases_decompylepp_traces/94361b8cad39-decompylepp.stderr.txt
efbc5e10c810,decompylepp,exit_1,Error loading file PycLens/data/rq2/failed_cases/radboy-0.0.1054-cpython-311-efbc5e10c810.pyc: Invalid bytes in ASCII string,radboy,0.0.1054,radboy-0.0.1054-py3-none-any.whl,wheel,radboy/UpdatesAndImports/__pycache__/UpdatesAndImports.cpython-311.pyc,radboy-0.0.1054-cpython-311-efbc5e10c810.pyc,cpython-311,3495,True,4,pylingual_decompilable,decompyle3;marshal,error;exit_2,marshal_parse_failure;tool_exit,"marshal:error:marshal_failed:offset16:EOFError:marshal data too short,offset12:ValueError:bad marshal data (unknown type code),offset8:ValueError:bad marshal data (unknown type code) || decompyle3:exit_2:/root/PyBC-Sec/pybcSEC/data/rq2/envs/cpython-311/lib/python3.11/site-packages/click/core.py:1262: UserWarning: The parameter --version is used more than once. Remove its duplicate as parameters should be unique. parser = self.make_parser...",PycLens/data/rq2/failed_cases_decompylepp_traces/efbc5e10c810-decompylepp.command.txt,PycLens/data/rq2/failed_cases_decompylepp_traces/efbc5e10c810-decompylepp.stdout.txt,PycLens/data/rq2/failed_cases_decompylepp_traces/efbc5e10c810-decompylepp.stderr.txt
cdc8abe02baa,decompylepp,exit_1,Error loading file PycLens/data/rq2/failed_cases/radboy-0.0.1054-cpython-312-cdc8abe02baa.pyc: Invalid bytes in ASCII string,radboy,0.0.1054,radboy-0.0.1054-py3-none-any.whl,wheel,radboy/__pycache__/MainAssist.cpython-312.pyc,radboy-0.0.1054-cpython-312-cdc8abe02baa.pyc,cpython-312,3531,False,4,pylingual_decompilable,decompyle3;marshal,error;exit_2,marshal_parse_failure;tool_exit,"marshal:error:marshal_failed:offset16:ValueError:bad marshal data (unknown type code),offset12:ValueError:bad marshal data (unknown type code),offset8:ValueError:bad marshal data (unknown type code) || decompyle3:exit_2:/root/PyBC-Sec/pybcSEC/data/rq2/envs/cpython-312/lib/python3.12/site-packages/click/core.py:1262: UserWarning: The parameter --version is used more than once. Remove its duplicate as parameters should be unique. parser = self.make_parser...",PycLens/data/rq2/failed_cases_decompylepp_traces/cdc8abe02baa-decompylepp.command.txt,PycLens/data/rq2/failed_cases_decompylepp_traces/cdc8abe02baa-decompylepp.stdout.txt,PycLens/data/rq2/failed_cases_decompylepp_traces/cdc8abe02baa-decompylepp.stderr.txt
7f1b9bb72a9d,decompylepp,exit_1,Error loading file PycLens/data/rq2/failed_cases/radboy-0.0.1054-cpython-311-7f1b9bb72a9d.pyc: Invalid bytes in ASCII string,radboy,0.0.1054,radboy-0.0.1054-py3-none-any.whl,wheel,radboy/__pycache__/RecordMyCodes.cpython-311.pyc,radboy-0.0.1054-cpython-311-7f1b9bb72a9d.pyc,cpython-311,3495,True,4,pylingual_decompilable,decompyle3;marshal,error;exit_2,marshal_parse_failure;tool_exit,"marshal:error:marshal_failed:offset16:EOFError:marshal data too short,offset12:ValueError:bad marshal data (unknown type code),offset8:ValueError:bad marshal data (unknown type code) || decompyle3:exit_2:/root/PyBC-Sec/pybcSEC/data/rq2/envs/cpython-311/lib/python3.11/site-packages/click/core.py:1262: UserWarning: The parameter --version is used more than once. Remove its duplicate as parameters should be unique. parser = self.make_parser...",PycLens/data/rq2/failed_cases_decompylepp_traces/7f1b9bb72a9d-decompylepp.command.txt,PycLens/data/rq2/failed_cases_decompylepp_traces/7f1b9bb72a9d-decompylepp.stdout.txt,PycLens/data/rq2/failed_cases_decompylepp_traces/7f1b9bb72a9d-decompylepp.stderr.txt
ce99d6dd5a8b,decompylepp,exit_1,PycFile::getBuffer(): Unexpected end of stream,radboy,0.0.1054,radboy-0.0.1054-py3-none-any.whl,wheel,radboy/__pycache__/RecordMyCodes.cpython-39.pyc,radboy-0.0.1054-cpython-39-ce99d6dd5a8b.pyc,cpython-39,3425,True,4,pylingual_decompilable,decompyle3;marshal,error;exit_2,marshal_parse_failure;tool_exit,"marshal:error:marshal_failed:offset16:EOFError:marshal data too short,offset12:ValueError:bad marshal data (unknown type code),offset8:ValueError:bad marshal data (unknown type code) || decompyle3:exit_2:Traceback (most recent call last): File ""/root/PyBC-Sec/pybcSEC/data/rq2/envs/cpython-39/lib/python3.9/site-packages/xdis/load.py"", line 328, in load_module_from_file_object co = marshal.loads(bytecode) EOFError: marshal data too short",PycLens/data/rq2/failed_cases_decompylepp_traces/ce99d6dd5a8b-decompylepp.command.txt,PycLens/data/rq2/failed_cases_decompylepp_traces/ce99d6dd5a8b-decompylepp.stdout.txt,PycLens/data/rq2/failed_cases_decompylepp_traces/ce99d6dd5a8b-decompylepp.stderr.txt
29cbf9e7b886,decompylepp,exit_1,Error loading file PycLens/data/rq2/failed_cases/radboy-0.0.1054-cpython-311-29cbf9e7b886.pyc: Invalid bytes in ASCII string,radboy,0.0.1054,radboy-0.0.1054-py3-none-any.whl,wheel,radboy/__pycache__/Run.cpython-311.pyc,radboy-0.0.1054-cpython-311-29cbf9e7b886.pyc,cpython-311,3495,True,4,pylingual_decompilable,decompyle3;marshal,error;exit_2,marshal_parse_failure;tool_exit,"marshal:error:marshal_failed:offset16:ValueError:bad marshal data (unknown type code),offset12:not_code,offset8:ValueError:bad marshal data (unknown type code) || decompyle3:exit_2:/root/PyBC-Sec/pybcSEC/data/rq2/envs/cpython-311/lib/python3.11/site-packages/click/core.py:1262: UserWarning: The parameter --version is used more than once. Remove its duplicate as parameters should be unique. parser = self.make_parser...",PycLens/data/rq2/failed_cases_decompylepp_traces/29cbf9e7b886-decompylepp.command.txt,PycLens/data/rq2/failed_cases_decompylepp_traces/29cbf9e7b886-decompylepp.stdout.txt,PycLens/data/rq2/failed_cases_decompylepp_traces/29cbf9e7b886-decompylepp.stderr.txt
6c679c650517,decompylepp,exit_1,Error loading file PycLens/data/rq2/failed_cases/radboy-0.0.1054-cpython-311-6c679c650517.pyc: Invalid bytes in ASCII string,radboy,0.0.1054,radboy-0.0.1054-py3-none-any.whl,wheel,radboy/__pycache__/possibleCode.cpython-311.pyc,radboy-0.0.1054-cpython-311-6c679c650517.pyc,cpython-311,3495,True,4,pylingual_decompilable,decompyle3;marshal,error;exit_2,marshal_parse_failure;tool_exit,"marshal:error:marshal_failed:offset16:ValueError:bad marshal data (unknown type code),offset12:ValueError:bad marshal data (unknown type code),offset8:ValueError:bad marshal data (unknown type code) || decompyle3:exit_2:/root/PyBC-Sec/pybcSEC/data/rq2/envs/cpython-311/lib/python3.11/site-packages/click/core.py:1262: UserWarning: The parameter --version is used more than once. Remove its duplicate as parameters should be unique. parser = self.make_parser...",PycLens/data/rq2/failed_cases_decompylepp_traces/6c679c650517-decompylepp.command.txt,PycLens/data/rq2/failed_cases_decompylepp_traces/6c679c650517-decompylepp.stdout.txt,PycLens/data/rq2/failed_cases_decompylepp_traces/6c679c650517-decompylepp.stderr.txt
e69ede9ac63c,decompylepp,exit_1,CreateObject: Got unsupported type 0x0 CreateObject: Got unsupported type 0x70 CreateObject: Got unsupported type 0x3 Error loading file PycLens/data/rq2/failed_cases/radboy-0.0.1054-cpython-311-e69ede9ac63c.pyc: std::bad_cast,radboy,0.0.1054,radboy-0.0.1054-py3-none-any.whl,wheel,radboy/setCode/__pycache__/setCode.cpython-311.pyc,radboy-0.0.1054-cpython-311-e69ede9ac63c.pyc,cpython-311,3495,True,4,pylingual_decompilable,decompyle3;marshal,error;exit_2,marshal_parse_failure;tool_exit,"marshal:error:marshal_failed:offset16:ValueError:could not convert string to float: '',offset12:ValueError:bad marshal data (unknown type code),offset8:ValueError:bad marshal data (unknown type code) || decompyle3:exit_2:/root/PyBC-Sec/pybcSEC/data/rq2/envs/cpython-311/lib/python3.11/site-packages/click/core.py:1262: UserWarning: The parameter --version is used more than once. Remove its duplicate as parameters should be unique. parser = self.make_parser...",PycLens/data/rq2/failed_cases_decompylepp_traces/e69ede9ac63c-decompylepp.command.txt,PycLens/data/rq2/failed_cases_decompylepp_traces/e69ede9ac63c-decompylepp.stdout.txt,PycLens/data/rq2/failed_cases_decompylepp_traces/e69ede9ac63c-decompylepp.stderr.txt
7fd9e5f86020,decompylepp,exit_1,Error loading file PycLens/data/rq2/failed_cases/radboy-0.0.1054-cpython-311-7fd9e5f86020.pyc: Invalid bytes in ASCII string,radboy,0.0.1054,radboy-0.0.1054-py3-none-any.whl,wheel,radboy/tkGui/__pycache__/Review.cpython-311.pyc,radboy-0.0.1054-cpython-311-7fd9e5f86020.pyc,cpython-311,3495,True,4,pylingual_decompilable,decompyle3;marshal,error;exit_2,marshal_parse_failure;tool_exit,"marshal:error:marshal_failed:offset16:ValueError:bad marshal data (invalid reference),offset12:ValueError:bad marshal data (unknown type code),offset8:ValueError:bad marshal data (unknown type code) || decompyle3:exit_2:/root/PyBC-Sec/pybcSEC/data/rq2/envs/cpython-311/lib/python3.11/site-packages/click/core.py:1262: UserWarning: The parameter --version is used more than once. Remove its duplicate as parameters should be unique. parser = self.make_parser...",PycLens/data/rq2/failed_cases_decompylepp_traces/7fd9e5f86020-decompylepp.command.txt,PycLens/data/rq2/failed_cases_decompylepp_traces/7fd9e5f86020-decompylepp.stdout.txt,PycLens/data/rq2/failed_cases_decompylepp_traces/7fd9e5f86020-decompylepp.stderr.txt
53186cc6b989,decompylepp,exit_1,Error loading file PycLens/data/rq2/failed_cases/radboy-0.0.1054-cpython-311-53186cc6b989.pyc: Invalid bytes in ASCII string,radboy,0.0.1054,radboy-0.0.1054.tar.gz,tar,radboy-0.0.1054/radboy/Collector2/__pycache__/Collector2.cpython-311.pyc,radboy-0.0.1054-cpython-311-53186cc6b989.pyc,cpython-311,3495,True,4,pylingual_decompilable,decompyle3;marshal,error;exit_2,marshal_parse_failure;tool_exit,"marshal:error:marshal_failed:offset16:ValueError:bad marshal data (unknown type code),offset12:ValueError:bad marshal data (unknown type code),offset8:ValueError:bad marshal data (unknown type code) || decompyle3:exit_2:/root/PyBC-Sec/pybcSEC/data/rq2/envs/cpython-311/lib/python3.11/site-packages/click/core.py:1262: UserWarning: The parameter --version is used more than once. Remove its duplicate as parameters should be unique. parser = self.make_parser...",PycLens/data/rq2/failed_cases_decompylepp_traces/53186cc6b989-decompylepp.command.txt,PycLens/data/rq2/failed_cases_decompylepp_traces/53186cc6b989-decompylepp.stdout.txt,PycLens/data/rq2/failed_cases_decompylepp_traces/53186cc6b989-decompylepp.stderr.txt
1be2949af00f,decompylepp,exit_1,Error loading file PycLens/data/rq2/failed_cases/radboy-0.0.1054-cpython-311-1be2949af00f.pyc: Invalid bytes in ASCII string,radboy,0.0.1054,radboy-0.0.1054.tar.gz,tar,radboy-0.0.1054/radboy/Conversion/__pycache__/Conversion.cpython-311.pyc,radboy-0.0.1054-cpython-311-1be2949af00f.pyc,cpython-311,3495,True,4,pylingual_decompilable,decompyle3;marshal,error;exit_2,marshal_parse_failure;tool_exit,"marshal:error:marshal_failed:offset16:EOFError:marshal data too short,offset12:ValueError:bad marshal data (bytes object size out of range),offset8:ValueError:bad marshal data (unknown type code) || decompyle3:exit_2:/root/PyBC-Sec/pybcSEC/data/rq2/envs/cpython-311/lib/python3.11/site-packages/click/core.py:1262: UserWarning: The parameter --version is used more than once. Remove its duplicate as parameters should be unique. parser = self.make_parser...",PycLens/data/rq2/failed_cases_decompylepp_traces/1be2949af00f-decompylepp.command.txt,PycLens/data/rq2/failed_cases_decompylepp_traces/1be2949af00f-decompylepp.stdout.txt,PycLens/data/rq2/failed_cases_decompylepp_traces/1be2949af00f-decompylepp.stderr.txt
53e16ca5ed27,decompylepp,exit_1,CreateObject: Got unsupported type 0x0 CreateObject: Got unsupported type 0x0 CreateObject: Got unsupported type 0x0 Error loading file PycLens/data/rq2/failed_cases/radboy-0.0.1054-cpython-311-53e16ca5ed27.pyc: Ref index out of range,radboy,0.0.1054,radboy-0.0.1054.tar.gz,tar,radboy-0.0.1054/radboy/DB/__pycache__/DatePicker.cpython-311.pyc,radboy-0.0.1054-cpython-311-53e16ca5ed27.pyc,cpython-311,3495,True,4,pylingual_decompilable,decompyle3;marshal,error;exit_2,marshal_parse_failure;tool_exit,"marshal:error:marshal_failed:offset16:ValueError:bad marshal data (unknown type code),offset12:ValueError:bad marshal data (unknown type code),offset8:ValueError:bad marshal data (unknown type code) || decompyle3:exit_2:/root/PyBC-Sec/pybcSEC/data/rq2/envs/cpython-311/lib/python3.11/site-packages/click/core.py:1262: UserWarning: The parameter --version is used more than once. Remove its duplicate as parameters should be unique. parser = self.make_parser...",PycLens/data/rq2/failed_cases_decompylepp_traces/53e16ca5ed27-decompylepp.command.txt,PycLens/data/rq2/failed_cases_decompylepp_traces/53e16ca5ed27-decompylepp.stdout.txt,PycLens/data/rq2/failed_cases_decompylepp_traces/53e16ca5ed27-decompylepp.stderr.txt
9ee9a346000d,decompylepp,exit_1,Error loading file PycLens/data/rq2/failed_cases/radboy-0.0.1054-cpython-312-9ee9a346000d.pyc: Invalid bytes in ASCII string,radboy,0.0.1054,radboy-0.0.1054.tar.gz,tar,radboy-0.0.1054/radboy/DB/__pycache__/FormBuilder.cpython-312.pyc,radboy-0.0.1054-cpython-312-9ee9a346000d.pyc,cpython-312,3531,False,4,pylingual_decompilable,decompyle3;marshal,error;exit_2,marshal_parse_failure;tool_exit,"marshal:error:marshal_failed:offset16:ValueError:bad marshal data (unknown type code),offset12:ValueError:bad marshal data (unknown type code),offset8:ValueError:bad marshal data (tuple size out of range) || decompyle3:exit_2:/root/PyBC-Sec/pybcSEC/data/rq2/envs/cpython-312/lib/python3.12/site-packages/click/core.py:1262: UserWarning: The parameter --version is used more than once. Remove its duplicate as parameters should be unique. parser = self.make_parser...",PycLens/data/rq2/failed_cases_decompylepp_traces/9ee9a346000d-decompylepp.command.txt,PycLens/data/rq2/failed_cases_decompylepp_traces/9ee9a346000d-decompylepp.stdout.txt,PycLens/data/rq2/failed_cases_decompylepp_traces/9ee9a346000d-decompylepp.stderr.txt
0dadc7c8e011,decompylepp,exit_1,Error loading file PycLens/data/rq2/failed_cases/radboy-0.0.1054-cpython-311-0dadc7c8e011.pyc: Invalid bytes in ASCII string,radboy,0.0.1054,radboy-0.0.1054.tar.gz,tar,radboy-0.0.1054/radboy/DB/__pycache__/ResetTools.cpython-311.pyc,radboy-0.0.1054-cpython-311-0dadc7c8e011.pyc,cpython-311,3495,True,4,pylingual_decompilable,decompyle3;marshal,error;exit_2,marshal_parse_failure;tool_exit,"marshal:error:marshal_failed:offset16:EOFError:marshal data too short,offset12:not_code,offset8:ValueError:bad marshal data (unknown type code) || decompyle3:exit_2:/root/PyBC-Sec/pybcSEC/data/rq2/envs/cpython-311/lib/python3.11/site-packages/click/core.py:1262: UserWarning: The parameter --version is used more than once. Remove its duplicate as parameters should be unique. parser = self.make_parser...",PycLens/data/rq2/failed_cases_decompylepp_traces/0dadc7c8e011-decompylepp.command.txt,PycLens/data/rq2/failed_cases_decompylepp_traces/0dadc7c8e011-decompylepp.stdout.txt,PycLens/data/rq2/failed_cases_decompylepp_traces/0dadc7c8e011-decompylepp.stderr.txt
c2ef08d7420b,decompylepp,exit_1,Error loading file PycLens/data/rq2/failed_cases/radboy-0.0.1054-cpython-311-c2ef08d7420b.pyc: Invalid bytes in ASCII string,radboy,0.0.1054,radboy-0.0.1054.tar.gz,tar,radboy-0.0.1054/radboy/DB/__pycache__/SMLabelImporter.cpython-311.pyc,radboy-0.0.1054-cpython-311-c2ef08d7420b.pyc,cpython-311,3495,True,4,pylingual_decompilable,decompyle3;marshal,error;exit_2,marshal_parse_failure;tool_exit,"marshal:error:marshal_failed:offset16:ValueError:bad marshal data (unknown type code),offset12:ValueError:bad marshal data (unknown type code),offset8:ValueError:bad marshal data (unknown type code) || decompyle3:exit_2:/root/PyBC-Sec/pybcSEC/data/rq2/envs/cpython-311/lib/python3.11/site-packages/click/core.py:1262: UserWarning: The parameter --version is used more than once. Remove its duplicate as parameters should be unique. parser = self.make_parser...",PycLens/data/rq2/failed_cases_decompylepp_traces/c2ef08d7420b-decompylepp.command.txt,PycLens/data/rq2/failed_cases_decompylepp_traces/c2ef08d7420b-decompylepp.stdout.txt,PycLens/data/rq2/failed_cases_decompylepp_traces/c2ef08d7420b-decompylepp.stderr.txt
c27b9bf6cd2a,decompylepp,exit_1,Error loading file PycLens/data/rq2/failed_cases/radboy-0.0.1054-cpython-311-c27b9bf6cd2a.pyc: Invalid bytes in ASCII string,radboy,0.0.1054,radboy-0.0.1054.tar.gz,tar,radboy-0.0.1054/radboy/DB/__pycache__/db.cpython-311.pyc,radboy-0.0.1054-cpython-311-c27b9bf6cd2a.pyc,cpython-311,3495,True,4,pylingual_decompilable,decompyle3;marshal,error;exit_2,marshal_parse_failure;tool_exit,"marshal:error:marshal_failed:offset16:ValueError:bad marshal data (unknown type code),offset12:ValueError:bad marshal data (unknown type code),offset8:ValueError:bad marshal data (unknown type code) || decompyle3:exit_2:/root/PyBC-Sec/pybcSEC/data/rq2/envs/cpython-311/lib/python3.11/site-packages/click/core.py:1262: UserWarning: The parameter --version is used more than once. Remove its duplicate as parameters should be unique. parser = self.make_parser...",PycLens/data/rq2/failed_cases_decompylepp_traces/c27b9bf6cd2a-decompylepp.command.txt,PycLens/data/rq2/failed_cases_decompylepp_traces/c27b9bf6cd2a-decompylepp.stdout.txt,PycLens/data/rq2/failed_cases_decompylepp_traces/c27b9bf6cd2a-decompylepp.stderr.txt
ff3c4e0a1ab5,decompylepp,exit_1,CreateObject: Got unsupported type 0x1 CreateObject: Got unsupported type 0x0 CreateObject: Got unsupported type 0x0 CreateObject: Got unsupported type 0x0 Error loading file PycLens/data/rq2/failed_cases/radboy-0.0.1054-cpython-311-ff3c...,radboy,0.0.1054,radboy-0.0.1054.tar.gz,tar,radboy-0.0.1054/radboy/DayLog/__pycache__/DayLogger.cpython-311.pyc,radboy-0.0.1054-cpython-311-ff3c4e0a1ab5.pyc,cpython-311,3495,True,4,pylingual_decompilable,decompyle3;marshal,error;exit_2,marshal_parse_failure;tool_exit,"marshal:error:marshal_failed:offset16:ValueError:bad marshal data (unknown type code),offset12:ValueError:bad marshal data (unknown type code),offset8:ValueError:bad marshal data (unknown type code) || decompyle3:exit_2:/root/PyBC-Sec/pybcSEC/data/rq2/envs/cpython-311/lib/python3.11/site-packages/click/core.py:1262: UserWarning: The parameter --version is used more than once. Remove its duplicate as parameters should be unique. parser = self.make_parser...",PycLens/data/rq2/failed_cases_decompylepp_traces/ff3c4e0a1ab5-decompylepp.command.txt,PycLens/data/rq2/failed_cases_decompylepp_traces/ff3c4e0a1ab5-decompylepp.stdout.txt,PycLens/data/rq2/failed_cases_decompylepp_traces/ff3c4e0a1ab5-decompylepp.stderr.txt
0d6ac4c7751b,decompylepp,exit_1,Error loading file PycLens/data/rq2/failed_cases/radboy-0.0.1054-cpython-311-0d6ac4c7751b.pyc: Invalid bytes in ASCII string,radboy,0.0.1054,radboy-0.0.1054.tar.gz,tar,radboy-0.0.1054/radboy/ExportList/__pycache__/ExportListCurrent.cpython-311.pyc,radboy-0.0.1054-cpython-311-0d6ac4c7751b.pyc,cpython-311,3495,True,4,pylingual_decompilable,decompyle3;marshal,error;exit_2,marshal_parse_failure;tool_exit,"marshal:error:marshal_failed:offset16:EOFError:marshal data too short,offset12:ValueError:bad marshal data (unknown type code),offset8:ValueError:bad marshal data (unknown type code) || decompyle3:exit_2:/root/PyBC-Sec/pybcSEC/data/rq2/envs/cpython-311/lib/python3.11/site-packages/click/core.py:1262: UserWarning: The parameter --version is used more than once. Remove its duplicate as parameters should be unique. parser = self.make_parser...",PycLens/data/rq2/failed_cases_decompylepp_traces/0d6ac4c7751b-decompylepp.command.txt,PycLens/data/rq2/failed_cases_decompylepp_traces/0d6ac4c7751b-decompylepp.stdout.txt,PycLens/data/rq2/failed_cases_decompylepp_traces/0d6ac4c7751b-decompylepp.stderr.txt
190991eb58e2,decompylepp,exit_1,Error loading file PycLens/data/rq2/failed_cases/radboy-0.0.1054-cpython-311-190991eb58e2.pyc: Invalid bytes in ASCII string,radboy,0.0.1054,radboy-0.0.1054.tar.gz,tar,radboy-0.0.1054/radboy/ExtractPkg/__pycache__/ExtractPkg2.cpython-311.pyc,radboy-0.0.1054-cpython-311-190991eb58e2.pyc,cpython-311,3495,True,4,pylingual_decompilable,decompyle3;marshal,error;exit_2,marshal_parse_failure;tool_exit,"marshal:error:marshal_failed:offset16:ValueError:bad marshal data (unknown type code),offset12:ValueError:bad marshal data (unknown type code),offset8:ValueError:bad marshal data (unknown type code) || decompyle3:exit_2:/root/PyBC-Sec/pybcSEC/data/rq2/envs/cpython-311/lib/python3.11/site-packages/click/core.py:1262: UserWarning: The parameter --version is used more than once. Remove its duplicate as parameters should be unique. parser = self.make_parser...",PycLens/data/rq2/failed_cases_decompylepp_traces/190991eb58e2-decompylepp.command.txt,PycLens/data/rq2/failed_cases_decompylepp_traces/190991eb58e2-decompylepp.stdout.txt,PycLens/data/rq2/failed_cases_decompylepp_traces/190991eb58e2-decompylepp.stderr.txt
373f8cdbbe0d,decompylepp,exit_1,CreateObject: Got unsupported type 0x0 CreateObject: Got unsupported type 0x4C Error loading file PycLens/data/rq2/failed_cases/radboy-0.0.1054-cpython-311-373f8cdbbe0d.pyc: std::bad_cast,radboy,0.0.1054,radboy-0.0.1054.tar.gz,tar,radboy-0.0.1054/radboy/ListMode2/__pycache__/ListMode2.cpython-311.pyc,radboy-0.0.1054-cpython-311-373f8cdbbe0d.pyc,cpython-311,3495,True,4,pylingual_decompilable,decompyle3;marshal,error;exit_2,marshal_parse_failure;tool_exit,"marshal:error:marshal_failed:offset16:ValueError:bad marshal data (unknown type code),offset12:ValueError:bad marshal data (unknown type code),offset8:ValueError:bad marshal data (unknown type code) || decompyle3:exit_2:/root/PyBC-Sec/pybcSEC/data/rq2/envs/cpython-311/lib/python3.11/site-packages/click/core.py:1262: UserWarning: The parameter --version is used more than once. Remove its duplicate as parameters should be unique. parser = self.make_parser...",PycLens/data/rq2/failed_cases_decompylepp_traces/373f8cdbbe0d-decompylepp.command.txt,PycLens/data/rq2/failed_cases_decompylepp_traces/373f8cdbbe0d-decompylepp.stdout.txt,PycLens/data/rq2/failed_cases_decompylepp_traces/373f8cdbbe0d-decompylepp.stderr.txt
f0a6e67d9eee,decompylepp,exit_1,Error loading file PycLens/data/rq2/failed_cases/radboy-0.0.1054-cpython-311-f0a6e67d9eee.pyc: Invalid bytes in ASCII string,radboy,0.0.1054,radboy-0.0.1054.tar.gz,tar,radboy-0.0.1054/radboy/LocationSequencer/__pycache__/LocationSequencer.cpython-311.pyc,radboy-0.0.1054-cpython-311-f0a6e67d9eee.pyc,cpython-311,3495,True,4,pylingual_decompilable,decompyle3;marshal,error;exit_2,marshal_parse_failure;tool_exit,"marshal:error:marshal_failed:offset16:EOFError:marshal data too short,offset12:ValueError:bad marshal data (unknown type code),offset8:ValueError:bad marshal data (unknown type code) || decompyle3:exit_2:/root/PyBC-Sec/pybcSEC/data/rq2/envs/cpython-311/lib/python3.11/site-packages/click/core.py:1262: UserWarning: The parameter --version is used more than once. Remove its duplicate as parameters should be unique. parser = self.make_parser...",PycLens/data/rq2/failed_cases_decompylepp_traces/f0a6e67d9eee-decompylepp.command.txt,PycLens/data/rq2/failed_cases_decompylepp_traces/f0a6e67d9eee-decompylepp.stdout.txt,PycLens/data/rq2/failed_cases_decompylepp_traces/f0a6e67d9eee-decompylepp.stderr.txt
9ecfc763aafe,decompylepp,exit_1,Error loading file PycLens/data/rq2/failed_cases/radboy-0.0.1054-cpython-311-9ecfc763aafe.pyc: Invalid bytes in ASCII string,radboy,0.0.1054,radboy-0.0.1054.tar.gz,tar,radboy-0.0.1054/radboy/Locator/__pycache__/Locator.cpython-311.pyc,radboy-0.0.1054-cpython-311-9ecfc763aafe.pyc,cpython-311,3495,True,4,pylingual_decompilable,decompyle3;marshal,error;exit_2,marshal_parse_failure;tool_exit,"marshal:error:marshal_failed:offset16:EOFError:marshal data too short,offset12:ValueError:bad marshal data (unknown type code),offset8:ValueError:bad marshal data (unknown type code) || decompyle3:exit_2:/root/PyBC-Sec/pybcSEC/data/rq2/envs/cpython-311/lib/python3.11/site-packages/click/core.py:1262: UserWarning: The parameter --version is used more than once. Remove its duplicate as parameters should be unique. parser = self.make_parser...",PycLens/data/rq2/failed_cases_decompylepp_traces/9ecfc763aafe-decompylepp.command.txt,PycLens/data/rq2/failed_cases_decompylepp_traces/9ecfc763aafe-decompylepp.stdout.txt,PycLens/data/rq2/failed_cases_decompylepp_traces/9ecfc763aafe-decompylepp.stderr.txt
1a6caf305684,decompylepp,exit_1,CreateObject: Got unsupported type 0x65 CreateObject: Got unsupported type 0x2D Error loading file PycLens/data/rq2/failed_cases/radboy-0.0.1054-cpython-311-1a6caf305684.pyc: std::bad_cast,radboy,0.0.1054,radboy-0.0.1054.tar.gz,tar,radboy-0.0.1054/radboy/Locator/__pycache__/__init__.cpython-311.pyc,radboy-0.0.1054-cpython-311-1a6caf305684.pyc,cpython-311,3495,True,4,pylingual_decompilable,decompyle3;marshal,error;exit_2,marshal_parse_failure;tool_exit,"marshal:error:marshal_failed:offset16:ValueError:bad marshal data (unknown type code),offset12:ValueError:bad marshal data (digit out of range in long),offset8:ValueError:bad marshal data (unknown type code) || decompyle3:exit_2:/root/PyBC-Sec/pybcSEC/data/rq2/envs/cpython-311/lib/python3.11/site-packages/click/core.py:1262: UserWarning: The parameter --version is used more than once. Remove its duplicate as parameters should be unique. parser = self.make_parser...",PycLens/data/rq2/failed_cases_decompylepp_traces/1a6caf305684-decompylepp.command.txt,PycLens/data/rq2/failed_cases_decompylepp_traces/1a6caf305684-decompylepp.stdout.txt,PycLens/data/rq2/failed_cases_decompylepp_traces/1a6caf305684-decompylepp.stderr.txt
49add5e334be,decompylepp,exit_1,Error loading file PycLens/data/rq2/failed_cases/radboy-0.0.1054-cpython-311-49add5e334be.pyc: Invalid bytes in ASCII string,radboy,0.0.1054,radboy-0.0.1054.tar.gz,tar,radboy-0.0.1054/radboy/Lookup/__pycache__/Lookup.cpython-311.pyc,radboy-0.0.1054-cpython-311-49add5e334be.pyc,cpython-311,3495,True,4,pylingual_decompilable,decompyle3;marshal,error;exit_2,marshal_parse_failure;tool_exit,"marshal:error:marshal_failed:offset16:ValueError:bad marshal data (unknown type code),offset12:ValueError:bad marshal data (unknown type code),offset8:ValueError:bad marshal data (unknown type code) || decompyle3:exit_2:/root/PyBC-Sec/pybcSEC/data/rq2/envs/cpython-311/lib/python3.11/site-packages/click/core.py:1262: UserWarning: The parameter --version is used more than once. Remove its duplicate as parameters should be unique. parser = self.make_parser...",PycLens/data/rq2/failed_cases_decompylepp_traces/49add5e334be-decompylepp.command.txt,PycLens/data/rq2/failed_cases_decompylepp_traces/49add5e334be-decompylepp.stdout.txt,PycLens/data/rq2/failed_cases_decompylepp_traces/49add5e334be-decompylepp.stderr.txt
434947fb851a,decompylepp,exit_1,CreateObject: Got unsupported type 0x0 CreateObject: Got unsupported type 0x0 Error loading file PycLens/data/rq2/failed_cases/radboy-0.0.1054-cpython-311-434947fb851a.pyc: std::bad_cast,radboy,0.0.1054,radboy-0.0.1054.tar.gz,tar,radboy-0.0.1054/radboy/ModuleTemplate/__pycache__/Tasks.cpython-311.pyc,radboy-0.0.1054-cpython-311-434947fb851a.pyc,cpython-311,3495,True,4,pylingual_decompilable,decompyle3;marshal,error;exit_2,marshal_parse_failure;tool_exit,"marshal:error:marshal_failed:offset16:ValueError:bad marshal data (unknown type code),offset12:ValueError:bad marshal data (bytes object size out of range),offset8:ValueError:bad marshal data (unknown type code) || decompyle3:exit_2:/root/PyBC-Sec/pybcSEC/data/rq2/envs/cpython-311/lib/python3.11/site-packages/click/core.py:1262: UserWarning: The parameter --version is used more than once. Remove its duplicate as parameters should be unique. parser = self.make_parser...",PycLens/data/rq2/failed_cases_decompylepp_traces/434947fb851a-decompylepp.command.txt,PycLens/data/rq2/failed_cases_decompylepp_traces/434947fb851a-decompylepp.stdout.txt,PycLens/data/rq2/failed_cases_decompylepp_traces/434947fb851a-decompylepp.stderr.txt
9c60b7438664,decompylepp,exit_1,Error loading file PycLens/data/rq2/failed_cases/radboy-0.0.1054-cpython-311-9c60b7438664.pyc: Invalid bytes in ASCII string,radboy,0.0.1054,radboy-0.0.1054.tar.gz,tar,radboy-0.0.1054/radboy/POS/__pycache__/POS.cpython-311.pyc,radboy-0.0.1054-cpython-311-9c60b7438664.pyc,cpython-311,3495,True,4,pylingual_decompilable,decompyle3;marshal,error;exit_2,marshal_parse_failure;tool_exit,"marshal:error:marshal_failed:offset16:EOFError:marshal data too short,offset12:ValueError:bad marshal data (unknown type code),offset8:ValueError:bad marshal data (unknown type code) || decompyle3:exit_2:/root/PyBC-Sec/pybcSEC/data/rq2/envs/cpython-311/lib/python3.11/site-packages/click/core.py:1262: UserWarning: The parameter --version is used more than once. Remove its duplicate as parameters should be unique. parser = self.make_parser...",PycLens/data/rq2/failed_cases_decompylepp_traces/9c60b7438664-decompylepp.command.txt,PycLens/data/rq2/failed_cases_decompylepp_traces/9c60b7438664-decompylepp.stdout.txt,PycLens/data/rq2/failed_cases_decompylepp_traces/9c60b7438664-decompylepp.stderr.txt
c392a88c653e,decompylepp,exit_1,Error loading file PycLens/data/rq2/failed_cases/radboy-0.0.1054-cpython-311-c392a88c653e.pyc: Invalid bytes in ASCII string,radboy,0.0.1054,radboy-0.0.1054.tar.gz,tar,radboy-0.0.1054/radboy/PunchCard/__pycache__/CalcTimePad.cpython-311.pyc,radboy-0.0.1054-cpython-311-c392a88c653e.pyc,cpython-311,3495,True,4,pylingual_decompilable,decompyle3;marshal,error;exit_2,marshal_parse_failure;tool_exit,"marshal:error:marshal_failed:offset16:ValueError:bad marshal data (invalid reference),offset12:ValueError:bad marshal data (unknown type code),offset8:ValueError:bad marshal data (unknown type code) || decompyle3:exit_2:/root/PyBC-Sec/pybcSEC/data/rq2/envs/cpython-311/lib/python3.11/site-packages/click/core.py:1262: UserWarning: The parameter --version is used more than once. Remove its duplicate as parameters should be unique. parser = self.make_parser...",PycLens/data/rq2/failed_cases_decompylepp_traces/c392a88c653e-decompylepp.command.txt,PycLens/data/rq2/failed_cases_decompylepp_traces/c392a88c653e-decompylepp.stdout.txt,PycLens/data/rq2/failed_cases_decompylepp_traces/c392a88c653e-decompylepp.stderr.txt
c46e05bf0f93,decompylepp,exit_1,Error loading file PycLens/data/rq2/failed_cases/radboy-0.0.1054-cpython-311-c46e05bf0f93.pyc: Invalid bytes in ASCII string,radboy,0.0.1054,radboy-0.0.1054.tar.gz,tar,radboy-0.0.1054/radboy/PunchCard/__pycache__/PunchCard.cpython-311.pyc,radboy-0.0.1054-cpython-311-c46e05bf0f93.pyc,cpython-311,3495,True,4,pylingual_decompilable,decompyle3;marshal,error;exit_2,marshal_parse_failure;tool_exit,"marshal:error:marshal_failed:offset16:EOFError:marshal data too short,offset12:ValueError:bad marshal data (unknown type code),offset8:ValueError:bad marshal data (unknown type code) || decompyle3:exit_2:/root/PyBC-Sec/pybcSEC/data/rq2/envs/cpython-311/lib/python3.11/site-packages/click/core.py:1262: UserWarning: The parameter --version is used more than once. Remove its duplicate as parameters should be unique. parser = self.make_parser...",PycLens/data/rq2/failed_cases_decompylepp_traces/c46e05bf0f93-decompylepp.command.txt,PycLens/data/rq2/failed_cases_decompylepp_traces/c46e05bf0f93-decompylepp.stdout.txt,PycLens/data/rq2/failed_cases_decompylepp_traces/c46e05bf0f93-decompylepp.stderr.txt
e69bc3530b77,decompylepp,exit_1,Error loading file PycLens/data/rq2/failed_cases/radboy-0.0.1054-cpython-311-e69bc3530b77.pyc: Invalid bytes in ASCII string,radboy,0.0.1054,radboy-0.0.1054.tar.gz,tar,radboy-0.0.1054/radboy/Repack/__pycache__/Repack.cpython-311.pyc,radboy-0.0.1054-cpython-311-e69bc3530b77.pyc,cpython-311,3495,True,4,pylingual_decompilable,decompyle3;marshal,error;exit_2,marshal_parse_failure;tool_exit,"marshal:error:marshal_failed:offset16:EOFError:marshal data too short,offset12:ValueError:bad marshal data (unknown type code),offset8:ValueError:bad marshal data (unknown type code) || decompyle3:exit_2:/root/PyBC-Sec/pybcSEC/data/rq2/envs/cpython-311/lib/python3.11/site-packages/click/core.py:1262: UserWarning: The parameter --version is used more than once. Remove its duplicate as parameters should be unique. parser = self.make_parser...",PycLens/data/rq2/failed_cases_decompylepp_traces/e69bc3530b77-decompylepp.command.txt,PycLens/data/rq2/failed_cases_decompylepp_traces/e69bc3530b77-decompylepp.stdout.txt,PycLens/data/rq2/failed_cases_decompylepp_traces/e69bc3530b77-decompylepp.stderr.txt
024ae1854eb4,decompylepp,exit_1,Error loading file PycLens/data/rq2/failed_cases/radboy-0.0.1054-cpython-311-024ae1854eb4.pyc: Invalid bytes in ASCII string,radboy,0.0.1054,radboy-0.0.1054.tar.gz,tar,radboy-0.0.1054/radboy/TasksMode/__pycache__/Tasks.cpython-311.pyc,radboy-0.0.1054-cpython-311-024ae1854eb4.pyc,cpython-311,3495,True,4,pylingual_decompilable,decompyle3;marshal,error;exit_2,marshal_parse_failure;tool_exit,"marshal:error:marshal_failed:offset16:ValueError:bad marshal data (unknown type code),offset12:ValueError:bad marshal data (string size out of range),offset8:ValueError:bad marshal data (unknown type code) || decompyle3:exit_2:/root/PyBC-Sec/pybcSEC/data/rq2/envs/cpython-311/lib/python3.11/site-packages/click/core.py:1262: UserWarning: The parameter --version is used more than once. Remove its duplicate as parameters should be unique. parser = self.make_parser...",PycLens/data/rq2/failed_cases_decompylepp_traces/024ae1854eb4-decompylepp.command.txt,PycLens/data/rq2/failed_cases_decompylepp_traces/024ae1854eb4-decompylepp.stdout.txt,PycLens/data/rq2/failed_cases_decompylepp_traces/024ae1854eb4-decompylepp.stderr.txt
14d414173cb7,decompylepp,exit_1,Error loading file PycLens/data/rq2/failed_cases/radboy-0.0.1054-cpython-311-14d414173cb7.pyc: Invalid bytes in ASCII string,radboy,0.0.1054,radboy-0.0.1054.tar.gz,tar,radboy-0.0.1054/radboy/TouchStampC/__pycache__/TouchStampC.cpython-311.pyc,radboy-0.0.1054-cpython-311-14d414173cb7.pyc,cpython-311,3495,True,4,pylingual_decompilable,decompyle3;marshal,error;exit_2,marshal_parse_failure;tool_exit,"marshal:error:marshal_failed:offset16:EOFError:marshal data too short,offset12:not_code,offset8:ValueError:bad marshal data (unknown type code) || decompyle3:exit_2:/root/PyBC-Sec/pybcSEC/data/rq2/envs/cpython-311/lib/python3.11/site-packages/click/core.py:1262: UserWarning: The parameter --version is used more than once. Remove its duplicate as parameters should be unique. parser = self.make_parser...",PycLens/data/rq2/failed_cases_decompylepp_traces/14d414173cb7-decompylepp.command.txt,PycLens/data/rq2/failed_cases_decompylepp_traces/14d414173cb7-decompylepp.stdout.txt,PycLens/data/rq2/failed_cases_decompylepp_traces/14d414173cb7-decompylepp.stderr.txt
9714cfbf14b1,decompylepp,exit_1,CreateObject: Got unsupported type 0x0 CreateObject: Got unsupported type 0x0 CreateObject: Got unsupported type 0x0 CreateObject: Got unsupported type 0x0 CreateObject: Got unsupported type 0x0 CreateObject: Got unsupported type 0x0 Cre...,radboy,0.0.1054,radboy-0.0.1054.tar.gz,tar,radboy-0.0.1054/radboy/Unified/__pycache__/Unified.cpython-311.pyc,radboy-0.0.1054-cpython-311-9714cfbf14b1.pyc,cpython-311,3495,True,4,pylingual_decompilable,decompyle3;marshal,error;exit_2,marshal_parse_failure;tool_exit,"marshal:error:marshal_failed:offset16:ValueError:bad marshal data (unknown type code),offset12:ValueError:bad marshal data (unknown type code),offset8:ValueError:bad marshal data (unknown type code) || decompyle3:exit_2:/root/PyBC-Sec/pybcSEC/data/rq2/envs/cpython-311/lib/python3.11/site-packages/click/core.py:1262: UserWarning: The parameter --version is used more than once. Remove its duplicate as parameters should be unique. parser = self.make_parser...",PycLens/data/rq2/failed_cases_decompylepp_traces/9714cfbf14b1-decompylepp.command.txt,PycLens/data/rq2/failed_cases_decompylepp_traces/9714cfbf14b1-decompylepp.stdout.txt,PycLens/data/rq2/failed_cases_decompylepp_traces/9714cfbf14b1-decompylepp.stderr.txt
26054793be0f,decompylepp,exit_1,Error loading file PycLens/data/rq2/failed_cases/radboy-0.0.1054-cpython-311-26054793be0f.pyc: Invalid bytes in ASCII string,radboy,0.0.1054,radboy-0.0.1054.tar.gz,tar,radboy-0.0.1054/radboy/UpdatesAndImports/__pycache__/UpdatesAndImports.cpython-311.pyc,radboy-0.0.1054-cpython-311-26054793be0f.pyc,cpython-311,3495,True,4,pylingual_decompilable,decompyle3;marshal,error;exit_2,marshal_parse_failure;tool_exit,"marshal:error:marshal_failed:offset16:EOFError:marshal data too short,offset12:ValueError:bad marshal data (unknown type code),offset8:ValueError:bad marshal data (unknown type code) || decompyle3:exit_2:/root/PyBC-Sec/pybcSEC/data/rq2/envs/cpython-311/lib/python3.11/site-packages/click/core.py:1262: UserWarning: The parameter --version is used more than once. Remove its duplicate as parameters should be unique. parser = self.make_parser...",PycLens/data/rq2/failed_cases_decompylepp_traces/26054793be0f-decompylepp.command.txt,PycLens/data/rq2/failed_cases_decompylepp_traces/26054793be0f-decompylepp.stdout.txt,PycLens/data/rq2/failed_cases_decompylepp_traces/26054793be0f-decompylepp.stderr.txt
545603dd3edd,decompylepp,exit_1,Error loading file PycLens/data/rq2/failed_cases/radboy-0.0.1054-cpython-312-545603dd3edd.pyc: Invalid bytes in ASCII string,radboy,0.0.1054,radboy-0.0.1054.tar.gz,tar,radboy-0.0.1054/radboy/__pycache__/MainAssist.cpython-312.pyc,radboy-0.0.1054-cpython-312-545603dd3edd.pyc,cpython-312,3531,False,4,pylingual_decompilable,decompyle3;marshal,error;exit_2,marshal_parse_failure;tool_exit,"marshal:error:marshal_failed:offset16:ValueError:bad marshal data (unknown type code),offset12:ValueError:bad marshal data (unknown type code),offset8:ValueError:bad marshal data (unknown type code) || decompyle3:exit_2:/root/PyBC-Sec/pybcSEC/data/rq2/envs/cpython-312/lib/python3.12/site-packages/click/core.py:1262: UserWarning: The parameter --version is used more than once. Remove its duplicate as parameters should be unique. parser = self.make_parser...",PycLens/data/rq2/failed_cases_decompylepp_traces/545603dd3edd-decompylepp.command.txt,PycLens/data/rq2/failed_cases_decompylepp_traces/545603dd3edd-decompylepp.stdout.txt,PycLens/data/rq2/failed_cases_decompylepp_traces/545603dd3edd-decompylepp.stderr.txt
7547f92dca83,decompylepp,exit_1,Error loading file PycLens/data/rq2/failed_cases/radboy-0.0.1054-cpython-311-7547f92dca83.pyc: Invalid bytes in ASCII string,radboy,0.0.1054,radboy-0.0.1054.tar.gz,tar,radboy-0.0.1054/radboy/__pycache__/RecordMyCodes.cpython-311.pyc,radboy-0.0.1054-cpython-311-7547f92dca83.pyc,cpython-311,3495,True,4,pylingual_decompilable,decompyle3;marshal,error;exit_2,marshal_parse_failure;tool_exit,"marshal:error:marshal_failed:offset16:EOFError:marshal data too short,offset12:ValueError:bad marshal data (unknown type code),offset8:ValueError:bad marshal data (unknown type code) || decompyle3:exit_2:/root/PyBC-Sec/pybcSEC/data/rq2/envs/cpython-311/lib/python3.11/site-packages/click/core.py:1262: UserWarning: The parameter --version is used more than once. Remove its duplicate as parameters should be unique. parser = self.make_parser...",PycLens/data/rq2/failed_cases_decompylepp_traces/7547f92dca83-decompylepp.command.txt,PycLens/data/rq2/failed_cases_decompylepp_traces/7547f92dca83-decompylepp.stdout.txt,PycLens/data/rq2/failed_cases_decompylepp_traces/7547f92dca83-decompylepp.stderr.txt
13b6a1382522,decompylepp,exit_1,PycFile::getBuffer(): Unexpected end of stream,radboy,0.0.1054,radboy-0.0.1054.tar.gz,tar,radboy-0.0.1054/radboy/__pycache__/RecordMyCodes.cpython-39.pyc,radboy-0.0.1054-cpython-39-13b6a1382522.pyc,cpython-39,3425,True,4,pylingual_decompilable,decompyle3;marshal,error;exit_2,marshal_parse_failure;tool_exit,"marshal:error:marshal_failed:offset16:EOFError:marshal data too short,offset12:ValueError:bad marshal data (unknown type code),offset8:ValueError:bad marshal data (unknown type code) || decompyle3:exit_2:Traceback (most recent call last): File ""/root/PyBC-Sec/pybcSEC/data/rq2/envs/cpython-39/lib/python3.9/site-packages/xdis/load.py"", line 328, in load_module_from_file_object co = marshal.loads(bytecode) EOFError: marshal data too short",PycLens/data/rq2/failed_cases_decompylepp_traces/13b6a1382522-decompylepp.command.txt,PycLens/data/rq2/failed_cases_decompylepp_traces/13b6a1382522-decompylepp.stdout.txt,PycLens/data/rq2/failed_cases_decompylepp_traces/13b6a1382522-decompylepp.stderr.txt
a34cdc655468,decompylepp,exit_1,Error loading file PycLens/data/rq2/failed_cases/radboy-0.0.1054-cpython-311-a34cdc655468.pyc: Invalid bytes in ASCII string,radboy,0.0.1054,radboy-0.0.1054.tar.gz,tar,radboy-0.0.1054/radboy/__pycache__/Run.cpython-311.pyc,radboy-0.0.1054-cpython-311-a34cdc655468.pyc,cpython-311,3495,True,4,pylingual_decompilable,decompyle3;marshal,error;exit_2,marshal_parse_failure;tool_exit,"marshal:error:marshal_failed:offset16:ValueError:bad marshal data (unknown type code),offset12:not_code,offset8:ValueError:bad marshal data (unknown type code) || decompyle3:exit_2:/root/PyBC-Sec/pybcSEC/data/rq2/envs/cpython-311/lib/python3.11/site-packages/click/core.py:1262: UserWarning: The parameter --version is used more than once. Remove its duplicate as parameters should be unique. parser = self.make_parser...",PycLens/data/rq2/failed_cases_decompylepp_traces/a34cdc655468-decompylepp.command.txt,PycLens/data/rq2/failed_cases_decompylepp_traces/a34cdc655468-decompylepp.stdout.txt,PycLens/data/rq2/failed_cases_decompylepp_traces/a34cdc655468-decompylepp.stderr.txt
073bb689ebd9,decompylepp,exit_1,Error loading file PycLens/data/rq2/failed_cases/radboy-0.0.1054-cpython-311-073bb689ebd9.pyc: Invalid bytes in ASCII string,radboy,0.0.1054,radboy-0.0.1054.tar.gz,tar,radboy-0.0.1054/radboy/__pycache__/possibleCode.cpython-311.pyc,radboy-0.0.1054-cpython-311-073bb689ebd9.pyc,cpython-311,3495,True,4,pylingual_decompilable,decompyle3;marshal,error;exit_2,marshal_parse_failure;tool_exit,"marshal:error:marshal_failed:offset16:ValueError:bad marshal data (unknown type code),offset12:ValueError:bad marshal data (unknown type code),offset8:ValueError:bad marshal data (unknown type code) || decompyle3:exit_2:/root/PyBC-Sec/pybcSEC/data/rq2/envs/cpython-311/lib/python3.11/site-packages/click/core.py:1262: UserWarning: The parameter --version is used more than once. Remove its duplicate as parameters should be unique. parser = self.make_parser...",PycLens/data/rq2/failed_cases_decompylepp_traces/073bb689ebd9-decompylepp.command.txt,PycLens/data/rq2/failed_cases_decompylepp_traces/073bb689ebd9-decompylepp.stdout.txt,PycLens/data/rq2/failed_cases_decompylepp_traces/073bb689ebd9-decompylepp.stderr.txt
767fe3ad06a6,decompylepp,exit_1,CreateObject: Got unsupported type 0x0 CreateObject: Got unsupported type 0x70 CreateObject: Got unsupported type 0x3 Error loading file PycLens/data/rq2/failed_cases/radboy-0.0.1054-cpython-311-767fe3ad06a6.pyc: std::bad_cast,radboy,0.0.1054,radboy-0.0.1054.tar.gz,tar,radboy-0.0.1054/radboy/setCode/__pycache__/setCode.cpython-311.pyc,radboy-0.0.1054-cpython-311-767fe3ad06a6.pyc,cpython-311,3495,True,4,pylingual_decompilable,decompyle3;marshal,error;exit_2,marshal_parse_failure;tool_exit,"marshal:error:marshal_failed:offset16:ValueError:could not convert string to float: '',offset12:ValueError:bad marshal data (unknown type code),offset8:ValueError:bad marshal data (unknown type code) || decompyle3:exit_2:/root/PyBC-Sec/pybcSEC/data/rq2/envs/cpython-311/lib/python3.11/site-packages/click/core.py:1262: UserWarning: The parameter --version is used more than once. Remove its duplicate as parameters should be unique. parser = self.make_parser...",PycLens/data/rq2/failed_cases_decompylepp_traces/767fe3ad06a6-decompylepp.command.txt,PycLens/data/rq2/failed_cases_decompylepp_traces/767fe3ad06a6-decompylepp.stdout.txt,PycLens/data/rq2/failed_cases_decompylepp_traces/767fe3ad06a6-decompylepp.stderr.txt
60f6e1fe5621,decompylepp,exit_1,Error loading file PycLens/data/rq2/failed_cases/radboy-0.0.1054-cpython-311-60f6e1fe5621.pyc: Invalid bytes in ASCII string,radboy,0.0.1054,radboy-0.0.1054.tar.gz,tar,radboy-0.0.1054/radboy/tkGui/__pycache__/Review.cpython-311.pyc,radboy-0.0.1054-cpython-311-60f6e1fe5621.pyc,cpython-311,3495,True,4,pylingual_decompilable,decompyle3;marshal,error;exit_2,marshal_parse_failure;tool_exit,"marshal:error:marshal_failed:offset16:ValueError:bad marshal data (invalid reference),offset12:ValueError:bad marshal data (unknown type code),offset8:ValueError:bad marshal data (unknown type code) || decompyle3:exit_2:/root/PyBC-Sec/pybcSEC/data/rq2/envs/cpython-311/lib/python3.11/site-packages/click/core.py:1262: UserWarning: The parameter --version is used more than once. Remove its duplicate as parameters should be unique. parser = self.make_parser...",PycLens/data/rq2/failed_cases_decompylepp_traces/60f6e1fe5621-decompylepp.command.txt,PycLens/data/rq2/failed_cases_decompylepp_traces/60f6e1fe5621-decompylepp.stdout.txt,PycLens/data/rq2/failed_cases_decompylepp_traces/60f6e1fe5621-decompylepp.stderr.txt
25f5c0dd8b26,decompylepp,exit_1,PycFile::getByte(): Unexpected end of stream,ramps-galactic,1.1.2,ramps_galactic-1.1.2.tar.gz,tar,ramps_galactic-1.1.2/venues/stages/ramps_galactic/charts/__pycache__/majestic_line.cpython-310.pyc,ramps-galactic-1.1.2-cpython-310-25f5c0dd8b26.pyc,cpython-310,3439,False,4,pylingual_decompilable,decompyle3;marshal,error;exit_2,marshal_parse_failure;tool_exit,marshal:error:marshal_failed: || decompyle3:exit_2:/root/PyBC-Sec/pybcSEC/data/rq2/envs/cpython-310/lib/python3.10/site-packages/click/core.py:1262: UserWarning: The parameter --version is used more than once. Remove its duplicate as parameters should be unique. parser = self.make_parser...,PycLens/data/rq2/failed_cases_decompylepp_traces/25f5c0dd8b26-decompylepp.command.txt,PycLens/data/rq2/failed_cases_decompylepp_traces/25f5c0dd8b26-decompylepp.stdout.txt,PycLens/data/rq2/failed_cases_decompylepp_traces/25f5c0dd8b26-decompylepp.stderr.txt
f6e9d0e8d251,decompylepp,exit_1,PycFile::getByte(): Unexpected end of stream,ramps-galactic,1.1.2,ramps_galactic-1.1.2.tar.gz,tar,ramps_galactic-1.1.2/venues/stages/ramps_galactic/charts/__pycache__/pivots.cpython-310.pyc,ramps-galactic-1.1.2-cpython-310-f6e9d0e8d251.pyc,cpython-310,3439,False,4,pylingual_decompilable,decompyle3;marshal,error;exit_2,marshal_parse_failure;tool_exit,marshal:error:marshal_failed: || decompyle3:exit_2:/root/PyBC-Sec/pybcSEC/data/rq2/envs/cpython-310/lib/python3.10/site-packages/click/core.py:1262: UserWarning: The parameter --version is used more than once. Remove its duplicate as parameters should be unique. parser = self.make_parser...,PycLens/data/rq2/failed_cases_decompylepp_traces/f6e9d0e8d251-decompylepp.command.txt,PycLens/data/rq2/failed_cases_decompylepp_traces/f6e9d0e8d251-decompylepp.stdout.txt,PycLens/data/rq2/failed_cases_decompylepp_traces/f6e9d0e8d251-decompylepp.stderr.txt
d345e2afa216,decompylepp,exit_1,PycFile::getByte(): Unexpected end of stream,ramps-galactic,1.1.2,ramps_galactic-1.1.2.tar.gz,tar,ramps_galactic-1.1.2/venues/stages/ramps_galactic/charts/__pycache__/superb_line.cpython-310.pyc,ramps-galactic-1.1.2-cpython-310-d345e2afa216.pyc,cpython-310,3439,False,4,pylingual_decompilable,decompyle3;marshal,error;exit_2,marshal_parse_failure;tool_exit,marshal:error:marshal_failed: || decompyle3:exit_2:/root/PyBC-Sec/pybcSEC/data/rq2/envs/cpython-310/lib/python3.10/site-packages/click/core.py:1262: UserWarning: The parameter --version is used more than once. Remove its duplicate as parameters should be unique. parser = self.make_parser...,PycLens/data/rq2/failed_cases_decompylepp_traces/d345e2afa216-decompylepp.command.txt,PycLens/data/rq2/failed_cases_decompylepp_traces/d345e2afa216-decompylepp.stdout.txt,PycLens/data/rq2/failed_cases_decompylepp_traces/d345e2afa216-decompylepp.stderr.txt
9dc08db2354c,decompylepp,exit_1,PycFile::getByte(): Unexpected end of stream,ramps-galactic,1.1.2,ramps_galactic-1.1.2.tar.gz,tar,ramps_galactic-1.1.2/venues/stages/ramps_galactic/charts/__pycache__/trend_side_circles.cpython-310.pyc,ramps-galactic-1.1.2-cpython-310-9dc08db2354c.pyc,cpython-310,3439,True,4,pylingual_decompilable,decompyle3;marshal,error;exit_2,marshal_parse_failure;tool_exit,marshal:error:marshal_failed: || decompyle3:exit_2:/root/PyBC-Sec/pybcSEC/data/rq2/envs/cpython-310/lib/python3.10/site-packages/click/core.py:1262: UserWarning: The parameter --version is used more than once. Remove its duplicate as parameters should be unique. parser = self.make_parser...,PycLens/data/rq2/failed_cases_decompylepp_traces/9dc08db2354c-decompylepp.command.txt,PycLens/data/rq2/failed_cases_decompylepp_traces/9dc08db2354c-decompylepp.stdout.txt,PycLens/data/rq2/failed_cases_decompylepp_traces/9dc08db2354c-decompylepp.stderr.txt
8b17ef479c27,decompylepp,exit_1,PycFile::getByte(): Unexpected end of stream,ramps-galactic,1.1.2,ramps_galactic-1.1.2.tar.gz,tar,ramps_galactic-1.1.2/venues/stages/ramps_galactic/furniture/__pycache__/places.cpython-310.pyc,ramps-galactic-1.1.2-cpython-310-8b17ef479c27.pyc,cpython-310,3439,True,4,pylingual_decompilable,decompyle3;marshal,error;exit_2,marshal_parse_failure;tool_exit,marshal:error:marshal_failed: || decompyle3:exit_2:/root/PyBC-Sec/pybcSEC/data/rq2/envs/cpython-310/lib/python3.10/site-packages/click/core.py:1262: UserWarning: The parameter --version is used more than once. Remove its duplicate as parameters should be unique. parser = self.make_parser...,PycLens/data/rq2/failed_cases_decompylepp_traces/8b17ef479c27-decompylepp.command.txt,PycLens/data/rq2/failed_cases_decompylepp_traces/8b17ef479c27-decompylepp.stdout.txt,PycLens/data/rq2/failed_cases_decompylepp_traces/8b17ef479c27-decompylepp.stderr.txt
636365fb8454,decompylepp,exit_1,PycFile::getByte(): Unexpected end of stream,ramps-galactic,1.1.2,ramps_galactic-1.1.2.tar.gz,tar,ramps_galactic-1.1.2/venues/stages/ramps_galactic/victory_multiplier/__pycache__/holding.cpython-310.pyc,ramps-galactic-1.1.2-cpython-310-636365fb8454.pyc,cpython-310,3439,False,4,pylingual_decompilable,decompyle3;marshal,error;exit_2,marshal_parse_failure;tool_exit,marshal:error:marshal_failed: || decompyle3:exit_2:/root/PyBC-Sec/pybcSEC/data/rq2/envs/cpython-310/lib/python3.10/site-packages/click/core.py:1262: UserWarning: The parameter --version is used more than once. Remove its duplicate as parameters should be unique. parser = self.make_parser...,PycLens/data/rq2/failed_cases_decompylepp_traces/636365fb8454-decompylepp.command.txt,PycLens/data/rq2/failed_cases_decompylepp_traces/636365fb8454-decompylepp.stdout.txt,PycLens/data/rq2/failed_cases_decompylepp_traces/636365fb8454-decompylepp.stderr.txt
4680aa75adcf,decompylepp,exit_1,PycFile::getByte(): Unexpected end of stream,ramps-galactic,1.1.2,ramps_galactic-1.1.2.tar.gz,tar,ramps_galactic-1.1.2/venues/stages/ramps_galactic/victory_multiplier/__pycache__/ramp.cpython-310.pyc,ramps-galactic-1.1.2-cpython-310-4680aa75adcf.pyc,cpython-310,3439,False,4,pylingual_decompilable,decompyle3;marshal,error;exit_2,marshal_parse_failure;tool_exit,marshal:error:marshal_failed: || decompyle3:exit_2:/root/PyBC-Sec/pybcSEC/data/rq2/envs/cpython-310/lib/python3.10/site-packages/click/core.py:1262: UserWarning: The parameter --version is used more than once. Remove its duplicate as parameters should be unique. parser = self.make_parser...,PycLens/data/rq2/failed_cases_decompylepp_traces/4680aa75adcf-decompylepp.command.txt,PycLens/data/rq2/failed_cases_decompylepp_traces/4680aa75adcf-decompylepp.stdout.txt,PycLens/data/rq2/failed_cases_decompylepp_traces/4680aa75adcf-decompylepp.stderr.txt
d701c0f0575f,decompylepp,exit_1,PycFile::getByte(): Unexpected end of stream,ramps-galactic,1.1.2,ramps_galactic-1.1.2.tar.gz,tar,ramps_galactic-1.1.2/venues/stages/ramps_galactic/victory_multiplier/__pycache__/treasure_purchase.cpython-310.pyc,ramps-galactic-1.1.2-cpython-310-d701c0f0575f.pyc,cpython-310,3439,False,4,pylingual_decompilable,decompyle3;marshal,error;exit_2,marshal_parse_failure;tool_exit,marshal:error:marshal_failed: || decompyle3:exit_2:/root/PyBC-Sec/pybcSEC/data/rq2/envs/cpython-310/lib/python3.10/site-packages/click/core.py:1262: UserWarning: The parameter --version is used more than once. Remove its duplicate as parameters should be unique. parser = self.make_parser...,PycLens/data/rq2/failed_cases_decompylepp_traces/d701c0f0575f-decompylepp.command.txt,PycLens/data/rq2/failed_cases_decompylepp_traces/d701c0f0575f-decompylepp.stdout.txt,PycLens/data/rq2/failed_cases_decompylepp_traces/d701c0f0575f-decompylepp.stderr.txt
89f89a69a484,decompylepp,ok,,rascore,1.0.7,rascore-1.0.7.tar.gz,tar,rascore-1.0.7/src/rascore/util/scripts/__pycache__/write_pymol_script.cpython-38.pyc,rascore-1.0.7-cpython-38-89f89a69a484.pyc,cpython-38,3413,True,4,pylingual_decompilable,decompyle3,timeout,timeout,decompyle3:timeout:timeout_after_600s,,,
87db82d24a51,decompylepp,exit_1,Bad MAGIC! Could not load file PycLens/data/rq2/failed_cases/receptors-0.0.1-cpython-311-87db82d24a51.pyc,receptors,0.0.1,receptors-0.0.1.tar.gz,tar,receptors-0.0.1/venues/stages/receptors/_clique/__pycache__/__init__.cpython-311.pyc,receptors-0.0.1-cpython-311-87db82d24a51.pyc,cpython-311,42946,True,4,pylingual_decompilable,decompyle3;marshal,error;exit_2,marshal_parse_failure;tool_exit,marshal:error:marshal_failed: || decompyle3:exit_2:/root/PyBC-Sec/pybcSEC/data/rq2/envs/cpython-311/lib/python3.11/site-packages/click/core.py:1262: UserWarning: The parameter --version is used more than once. Remove its duplicate as parameters should be unique. parser = self.make_parser...,PycLens/data/rq2/failed_cases_decompylepp_traces/87db82d24a51-decompylepp.command.txt,PycLens/data/rq2/failed_cases_decompylepp_traces/87db82d24a51-decompylepp.stdout.txt,PycLens/data/rq2/failed_cases_decompylepp_traces/87db82d24a51-decompylepp.stderr.txt
6d6df402984a,decompylepp,exit_1,Bad MAGIC! Could not load file PycLens/data/rq2/failed_cases/receptors-0.0.1-cpython-311-6d6df402984a.pyc,receptors,0.0.1,receptors-0.0.1.tar.gz,tar,receptors-0.0.1/venues/stages/receptors/_clique/group/__pycache__/__init__.cpython-311.pyc,receptors-0.0.1-cpython-311-6d6df402984a.pyc,cpython-311,42946,True,4,pylingual_decompilable,decompyle3;marshal,error;exit_2,marshal_parse_failure;tool_exit,marshal:error:marshal_failed: || decompyle3:exit_2:/root/PyBC-Sec/pybcSEC/data/rq2/envs/cpython-311/lib/python3.11/site-packages/click/core.py:1262: UserWarning: The parameter --version is used more than once. Remove its duplicate as parameters should be unique. parser = self.make_parser...,PycLens/data/rq2/failed_cases_decompylepp_traces/6d6df402984a-decompylepp.command.txt,PycLens/data/rq2/failed_cases_decompylepp_traces/6d6df402984a-decompylepp.stdout.txt,PycLens/data/rq2/failed_cases_decompylepp_traces/6d6df402984a-decompylepp.stderr.txt
be607c308fcc,decompylepp,exit_1,Bad MAGIC! Could not load file PycLens/data/rq2/failed_cases/recycling-1.1.0-cpython-311-be607c308fcc.pyc,recycling,1.1.0,recycling-1.1.0.tar.gz,tar,recycling-1.1.0/venues/stages/recycling/_clique/__pycache__/__init__.cpython-311.pyc,recycling-1.1.0-cpython-311-be607c308fcc.pyc,cpython-311,42946,True,4,pylingual_decompilable,decompyle3;marshal,error;exit_2,marshal_parse_failure;tool_exit,marshal:error:marshal_failed: || decompyle3:exit_2:/root/PyBC-Sec/pybcSEC/data/rq2/envs/cpython-311/lib/python3.11/site-packages/click/core.py:1262: UserWarning: The parameter --version is used more than once. Remove its duplicate as parameters should be unique. parser = self.make_parser...,PycLens/data/rq2/failed_cases_decompylepp_traces/be607c308fcc-decompylepp.command.txt,PycLens/data/rq2/failed_cases_decompylepp_traces/be607c308fcc-decompylepp.stdout.txt,PycLens/data/rq2/failed_cases_decompylepp_traces/be607c308fcc-decompylepp.stderr.txt
5994053fcb31,decompylepp,exit_1,PycFile::getByte(): Unexpected end of stream,recycling,1.1.0,recycling-1.1.0.tar.gz,tar,recycling-1.1.0/venues/stages/recycling/_clique/__pycache__/intro.cpython-310.pyc,recycling-1.1.0-cpython-310-5994053fcb31.pyc,cpython-310,3439,False,4,pylingual_decompilable,decompyle3;marshal,error;exit_2,marshal_parse_failure;tool_exit,marshal:error:marshal_failed: || decompyle3:exit_2:/root/PyBC-Sec/pybcSEC/data/rq2/envs/cpython-310/lib/python3.10/site-packages/click/core.py:1262: UserWarning: The parameter --version is used more than once. Remove its duplicate as parameters should be unique. parser = self.make_parser...,PycLens/data/rq2/failed_cases_decompylepp_traces/5994053fcb31-decompylepp.command.txt,PycLens/data/rq2/failed_cases_decompylepp_traces/5994053fcb31-decompylepp.stdout.txt,PycLens/data/rq2/failed_cases_decompylepp_traces/5994053fcb31-decompylepp.stderr.txt
6f1c445daafd,decompylepp,exit_1,Bad MAGIC! Could not load file PycLens/data/rq2/failed_cases/recycling-1.1.0-cpython-311-6f1c445daafd.pyc,recycling,1.1.0,recycling-1.1.0.tar.gz,tar,recycling-1.1.0/venues/stages/recycling/_status/__pycache__/__init__.cpython-311.pyc,recycling-1.1.0-cpython-311-6f1c445daafd.pyc,cpython-311,42946,True,4,pylingual_decompilable,decompyle3;marshal,error;exit_2,marshal_parse_failure;tool_exit,marshal:error:marshal_failed: || decompyle3:exit_2:/root/PyBC-Sec/pybcSEC/data/rq2/envs/cpython-311/lib/python3.11/site-packages/click/core.py:1262: UserWarning: The parameter --version is used more than once. Remove its duplicate as parameters should be unique. parser = self.make_parser...,PycLens/data/rq2/failed_cases_decompylepp_traces/6f1c445daafd-decompylepp.command.txt,PycLens/data/rq2/failed_cases_decompylepp_traces/6f1c445daafd-decompylepp.stdout.txt,PycLens/data/rq2/failed_cases_decompylepp_traces/6f1c445daafd-decompylepp.stderr.txt
7d5dbfc1a2fa,decompylepp,exit_1,Bad MAGIC! Could not load file PycLens/data/rq2/failed_cases/recycling-1.1.0-cpython-311-7d5dbfc1a2fa.pyc,recycling,1.1.0,recycling-1.1.0.tar.gz,tar,recycling-1.1.0/venues/stages/recycling/instrument/__pycache__/__init__.cpython-311.pyc,recycling-1.1.0-cpython-311-7d5dbfc1a2fa.pyc,cpython-311,42946,True,4,pylingual_decompilable,decompyle3;marshal,error;exit_2,marshal_parse_failure;tool_exit,marshal:error:marshal_failed: || decompyle3:exit_2:/root/PyBC-Sec/pybcSEC/data/rq2/envs/cpython-311/lib/python3.11/site-packages/click/core.py:1262: UserWarning: The parameter --version is used more than once. Remove its duplicate as parameters should be unique. parser = self.make_parser...,PycLens/data/rq2/failed_cases_decompylepp_traces/7d5dbfc1a2fa-decompylepp.command.txt,PycLens/data/rq2/failed_cases_decompylepp_traces/7d5dbfc1a2fa-decompylepp.stdout.txt,PycLens/data/rq2/failed_cases_decompylepp_traces/7d5dbfc1a2fa-decompylepp.stderr.txt
f955cc6c346f,decompylepp,exit_1,PycFile::getByte(): Unexpected end of stream,recycling,1.1.0,recycling-1.1.0.tar.gz,tar,recycling-1.1.0/venues/stages/recycling/instrument/__pycache__/clique.cpython-310.pyc,recycling-1.1.0-cpython-310-f955cc6c346f.pyc,cpython-310,3439,False,4,pylingual_decompilable,decompyle3;marshal,error;exit_2,marshal_parse_failure;tool_exit,marshal:error:marshal_failed: || decompyle3:exit_2:/root/PyBC-Sec/pybcSEC/data/rq2/envs/cpython-310/lib/python3.10/site-packages/click/core.py:1262: UserWarning: The parameter --version is used more than once. Remove its duplicate as parameters should be unique. parser = self.make_parser...,PycLens/data/rq2/failed_cases_decompylepp_traces/f955cc6c346f-decompylepp.command.txt,PycLens/data/rq2/failed_cases_decompylepp_traces/f955cc6c346f-decompylepp.stdout.txt,PycLens/data/rq2/failed_cases_decompylepp_traces/f955cc6c346f-decompylepp.stderr.txt
ed29174a1d09,decompylepp,exit_1,Bad MAGIC! Could not load file PycLens/data/rq2/failed_cases/recycling-1.1.0-cpython-311-ed29174a1d09.pyc,recycling,1.1.0,recycling-1.1.0.tar.gz,tar,recycling-1.1.0/venues/stages/recycling/instrument/__pycache__/clique.cpython-311.pyc,recycling-1.1.0-cpython-311-ed29174a1d09.pyc,cpython-311,42946,False,4,pylingual_decompilable,decompyle3;marshal,error;exit_2,marshal_parse_failure;tool_exit,marshal:error:marshal_failed: || decompyle3:exit_2:/root/PyBC-Sec/pybcSEC/data/rq2/envs/cpython-311/lib/python3.11/site-packages/click/core.py:1262: UserWarning: The parameter --version is used more than once. Remove its duplicate as parameters should be unique. parser = self.make_parser...,PycLens/data/rq2/failed_cases_decompylepp_traces/ed29174a1d09-decompylepp.command.txt,PycLens/data/rq2/failed_cases_decompylepp_traces/ed29174a1d09-decompylepp.stdout.txt,PycLens/data/rq2/failed_cases_decompylepp_traces/ed29174a1d09-decompylepp.stderr.txt
223150f72c31,decompylepp,exit_1,PycFile::getByte(): Unexpected end of stream,recycling,1.1.0,recycling-1.1.0.tar.gz,tar,recycling-1.1.0/venues/stages/recycling/instrument/__pycache__/clique_socket.cpython-310.pyc,recycling-1.1.0-cpython-310-223150f72c31.pyc,cpython-310,3439,False,4,pylingual_decompilable,decompyle3;marshal,error;exit_2,marshal_parse_failure;tool_exit,marshal:error:marshal_failed: || decompyle3:exit_2:/root/PyBC-Sec/pybcSEC/data/rq2/envs/cpython-310/lib/python3.10/site-packages/click/core.py:1262: UserWarning: The parameter --version is used more than once. Remove its duplicate as parameters should be unique. parser = self.make_parser...,PycLens/data/rq2/failed_cases_decompylepp_traces/223150f72c31-decompylepp.command.txt,PycLens/data/rq2/failed_cases_decompylepp_traces/223150f72c31-decompylepp.stdout.txt,PycLens/data/rq2/failed_cases_decompylepp_traces/223150f72c31-decompylepp.stderr.txt
f4fb32f9679f,decompylepp,exit_1,Bad MAGIC! Could not load file PycLens/data/rq2/failed_cases/recycling-1.1.0-cpython-311-f4fb32f9679f.pyc,recycling,1.1.0,recycling-1.1.0.tar.gz,tar,recycling-1.1.0/venues/stages/recycling/instrument/__pycache__/clique_socket.cpython-311.pyc,recycling-1.1.0-cpython-311-f4fb32f9679f.pyc,cpython-311,42946,False,4,pylingual_decompilable,decompyle3;marshal,error;exit_2,marshal_parse_failure;tool_exit,marshal:error:marshal_failed: || decompyle3:exit_2:/root/PyBC-Sec/pybcSEC/data/rq2/envs/cpython-311/lib/python3.11/site-packages/click/core.py:1262: UserWarning: The parameter --version is used more than once. Remove its duplicate as parameters should be unique. parser = self.make_parser...,PycLens/data/rq2/failed_cases_decompylepp_traces/f4fb32f9679f-decompylepp.command.txt,PycLens/data/rq2/failed_cases_decompylepp_traces/f4fb32f9679f-decompylepp.stdout.txt,PycLens/data/rq2/failed_cases_decompylepp_traces/f4fb32f9679f-decompylepp.stderr.txt
ffc5dc47003c,decompylepp,exit_1,PycFile::getByte(): Unexpected end of stream,recycling,1.1.0,recycling-1.1.0.tar.gz,tar,recycling-1.1.0/venues/stages/recycling/instrument/__pycache__/clique_tracks.cpython-310.pyc,recycling-1.1.0-cpython-310-ffc5dc47003c.pyc,cpython-310,3439,False,4,pylingual_decompilable,decompyle3;marshal,error;exit_2,marshal_parse_failure;tool_exit,marshal:error:marshal_failed: || decompyle3:exit_2:/root/PyBC-Sec/pybcSEC/data/rq2/envs/cpython-310/lib/python3.10/site-packages/click/core.py:1262: UserWarning: The parameter --version is used more than once. Remove its duplicate as parameters should be unique. parser = self.make_parser...,PycLens/data/rq2/failed_cases_decompylepp_traces/ffc5dc47003c-decompylepp.command.txt,PycLens/data/rq2/failed_cases_decompylepp_traces/ffc5dc47003c-decompylepp.stdout.txt,PycLens/data/rq2/failed_cases_decompylepp_traces/ffc5dc47003c-decompylepp.stderr.txt
9864e43a8c65,decompylepp,exit_1,Bad MAGIC! Could not load file PycLens/data/rq2/failed_cases/recycling-1.1.0-cpython-311-9864e43a8c65.pyc,recycling,1.1.0,recycling-1.1.0.tar.gz,tar,recycling-1.1.0/venues/stages/recycling/instrument/__pycache__/clique_tracks.cpython-311.pyc,recycling-1.1.0-cpython-311-9864e43a8c65.pyc,cpython-311,42946,False,4,pylingual_decompilable,decompyle3;marshal,error;exit_2,marshal_parse_failure;tool_exit,marshal:error:marshal_failed: || decompyle3:exit_2:/root/PyBC-Sec/pybcSEC/data/rq2/envs/cpython-311/lib/python3.11/site-packages/click/core.py:1262: UserWarning: The parameter --version is used more than once. Remove its duplicate as parameters should be unique. parser = self.make_parser...,PycLens/data/rq2/failed_cases_decompylepp_traces/9864e43a8c65-decompylepp.command.txt,PycLens/data/rq2/failed_cases_decompylepp_traces/9864e43a8c65-decompylepp.stdout.txt,PycLens/data/rq2/failed_cases_decompylepp_traces/9864e43a8c65-decompylepp.stderr.txt
d2d339b5b3fd,decompylepp,exit_1,PycFile::getByte(): Unexpected end of stream,recycling,1.1.0,recycling-1.1.0.tar.gz,tar,recycling-1.1.0/venues/stages/recycling/instrument/adventures/monetary/DB/template/__pycache__/connect.cpython-310.pyc,recycling-1.1.0-cpython-310-d2d339b5b3fd.pyc,cpython-310,3439,True,4,pylingual_decompilable,decompyle3;marshal,error;exit_2,marshal_parse_failure;tool_exit,marshal:error:marshal_failed: || decompyle3:exit_2:/root/PyBC-Sec/pybcSEC/data/rq2/envs/cpython-310/lib/python3.10/site-packages/click/core.py:1262: UserWarning: The parameter --version is used more than once. Remove its duplicate as parameters should be unique. parser = self.make_parser...,PycLens/data/rq2/failed_cases_decompylepp_traces/d2d339b5b3fd-decompylepp.command.txt,PycLens/data/rq2/failed_cases_decompylepp_traces/d2d339b5b3fd-decompylepp.stdout.txt,PycLens/data/rq2/failed_cases_decompylepp_traces/d2d339b5b3fd-decompylepp.stderr.txt
5e4e9d2b031f,decompylepp,exit_1,PycFile::getByte(): Unexpected end of stream,recycling,1.1.0,recycling-1.1.0.tar.gz,tar,recycling-1.1.0/venues/stages/recycling/instrument/adventures/monetary/DB/template/ion/document/__pycache__/find.cpython-310.pyc,recycling-1.1.0-cpython-310-5e4e9d2b031f.pyc,cpython-310,3439,True,4,pylingual_decompilable,decompyle3;marshal,error;exit_2,marshal_parse_failure;tool_exit,marshal:error:marshal_failed: || decompyle3:exit_2:/root/PyBC-Sec/pybcSEC/data/rq2/envs/cpython-310/lib/python3.10/site-packages/click/core.py:1262: UserWarning: The parameter --version is used more than once. Remove its duplicate as parameters should be unique. parser = self.make_parser...,PycLens/data/rq2/failed_cases_decompylepp_traces/5e4e9d2b031f-decompylepp.command.txt,PycLens/data/rq2/failed_cases_decompylepp_traces/5e4e9d2b031f-decompylepp.stdout.txt,PycLens/data/rq2/failed_cases_decompylepp_traces/5e4e9d2b031f-decompylepp.stderr.txt
22903799bfa8,decompylepp,exit_1,PycFile::getByte(): Unexpected end of stream,recycling,1.1.0,recycling-1.1.0.tar.gz,tar,recycling-1.1.0/venues/stages/recycling/instrument/adventures/monetary/DB/template/ion/document/__pycache__/insert.cpython-310.pyc,recycling-1.1.0-cpython-310-22903799bfa8.pyc,cpython-310,3439,True,4,pylingual_decompilable,decompyle3;marshal,error;exit_2,marshal_parse_failure;tool_exit,marshal:error:marshal_failed: || decompyle3:exit_2:/root/PyBC-Sec/pybcSEC/data/rq2/envs/cpython-310/lib/python3.10/site-packages/click/core.py:1262: UserWarning: The parameter --version is used more than once. Remove its duplicate as parameters should be unique. parser = self.make_parser...,PycLens/data/rq2/failed_cases_decompylepp_traces/22903799bfa8-decompylepp.command.txt,PycLens/data/rq2/failed_cases_decompylepp_traces/22903799bfa8-decompylepp.stdout.txt,PycLens/data/rq2/failed_cases_decompylepp_traces/22903799bfa8-decompylepp.stderr.txt
472243b83663,decompylepp,exit_1,PycFile::getByte(): Unexpected end of stream,recycling,1.1.0,recycling-1.1.0.tar.gz,tar,recycling-1.1.0/venues/stages/recycling/instrument/adventures/monetary/_controls/__pycache__/_clique.cpython-310.pyc,recycling-1.1.0-cpython-310-472243b83663.pyc,cpython-310,3439,True,4,pylingual_decompilable,decompyle3;marshal,error;exit_2,marshal_parse_failure;tool_exit,marshal:error:marshal_failed: || decompyle3:exit_2:/root/PyBC-Sec/pybcSEC/data/rq2/envs/cpython-310/lib/python3.10/site-packages/click/core.py:1262: UserWarning: The parameter --version is used more than once. Remove its duplicate as parameters should be unique. parser = self.make_parser...,PycLens/data/rq2/failed_cases_decompylepp_traces/472243b83663-decompylepp.command.txt,PycLens/data/rq2/failed_cases_decompylepp_traces/472243b83663-decompylepp.stdout.txt,PycLens/data/rq2/failed_cases_decompylepp_traces/472243b83663-decompylepp.stderr.txt
b4b9f09d5c31,decompylepp,exit_1,PycFile::getByte(): Unexpected end of stream,recycling,1.1.0,recycling-1.1.0.tar.gz,tar,recycling-1.1.0/venues/stages/recycling/instrument/adventures/monetary/_controls/__pycache__/build.cpython-310.pyc,recycling-1.1.0-cpython-310-b4b9f09d5c31.pyc,cpython-310,3439,True,4,pylingual_decompilable,decompyle3;marshal,error;exit_2,marshal_parse_failure;tool_exit,marshal:error:marshal_failed: || decompyle3:exit_2:/root/PyBC-Sec/pybcSEC/data/rq2/envs/cpython-310/lib/python3.10/site-packages/click/core.py:1262: UserWarning: The parameter --version is used more than once. Remove its duplicate as parameters should be unique. parser = self.make_parser...,PycLens/data/rq2/failed_cases_decompylepp_traces/b4b9f09d5c31-decompylepp.command.txt,PycLens/data/rq2/failed_cases_decompylepp_traces/b4b9f09d5c31-decompylepp.stdout.txt,PycLens/data/rq2/failed_cases_decompylepp_traces/b4b9f09d5c31-decompylepp.stderr.txt
4d0aecbfe44c,decompylepp,exit_1,PycFile::getByte(): Unexpected end of stream,recycling,1.1.0,recycling-1.1.0.tar.gz,tar,recycling-1.1.0/venues/stages/recycling/instrument/adventures/monetary/_controls/saves/__pycache__/_clique.cpython-310.pyc,recycling-1.1.0-cpython-310-4d0aecbfe44c.pyc,cpython-310,3439,True,4,pylingual_decompilable,decompyle3;marshal,error;exit_2,marshal_parse_failure;tool_exit,marshal:error:marshal_failed: || decompyle3:exit_2:/root/PyBC-Sec/pybcSEC/data/rq2/envs/cpython-310/lib/python3.10/site-packages/click/core.py:1262: UserWarning: The parameter --version is used more than once. Remove its duplicate as parameters should be unique. parser = self.make_parser...,PycLens/data/rq2/failed_cases_decompylepp_traces/4d0aecbfe44c-decompylepp.command.txt,PycLens/data/rq2/failed_cases_decompylepp_traces/4d0aecbfe44c-decompylepp.stdout.txt,PycLens/data/rq2/failed_cases_decompylepp_traces/4d0aecbfe44c-decompylepp.stderr.txt
e52449b1fed9,decompylepp,exit_1,PycFile::getByte(): Unexpected end of stream,recycling,1.1.0,recycling-1.1.0.tar.gz,tar,recycling-1.1.0/venues/stages/recycling/instrument/adventures/monetary/_controls/saves/dumps/__pycache__/dump.cpython-310.pyc,recycling-1.1.0-cpython-310-e52449b1fed9.pyc,cpython-310,3439,True,4,pylingual_decompilable,decompyle3;marshal,error;exit_2,marshal_parse_failure;tool_exit,marshal:error:marshal_failed: || decompyle3:exit_2:/root/PyBC-Sec/pybcSEC/data/rq2/envs/cpython-310/lib/python3.10/site-packages/click/core.py:1262: UserWarning: The parameter --version is used more than once. Remove its duplicate as parameters should be unique. parser = self.make_parser...,PycLens/data/rq2/failed_cases_decompylepp_traces/e52449b1fed9-decompylepp.command.txt,PycLens/data/rq2/failed_cases_decompylepp_traces/e52449b1fed9-decompylepp.stdout.txt,PycLens/data/rq2/failed_cases_decompylepp_traces/e52449b1fed9-decompylepp.stderr.txt
b436196cbfef,decompylepp,exit_1,PycFile::getByte(): Unexpected end of stream,recycling,1.1.0,recycling-1.1.0.tar.gz,tar,recycling-1.1.0/venues/stages/recycling/instrument/adventures/monetary/_controls/saves/dumps/__pycache__/restore.cpython-310.pyc,recycling-1.1.0-cpython-310-b436196cbfef.pyc,cpython-310,3439,True,4,pylingual_decompilable,decompyle3;marshal,error;exit_2,marshal_parse_failure;tool_exit,marshal:error:marshal_failed: || decompyle3:exit_2:/root/PyBC-Sec/pybcSEC/data/rq2/envs/cpython-310/lib/python3.10/site-packages/click/core.py:1262: UserWarning: The parameter --version is used more than once. Remove its duplicate as parameters should be unique. parser = self.make_parser...,PycLens/data/rq2/failed_cases_decompylepp_traces/b436196cbfef-decompylepp.command.txt,PycLens/data/rq2/failed_cases_decompylepp_traces/b436196cbfef-decompylepp.stdout.txt,PycLens/data/rq2/failed_cases_decompylepp_traces/b436196cbfef-decompylepp.stderr.txt
c9bb978902d2,decompylepp,exit_1,PycFile::getByte(): Unexpected end of stream,recycling,1.1.0,recycling-1.1.0.tar.gz,tar,recycling-1.1.0/venues/stages/recycling/instrument/adventures/monetary/_controls/saves/exports/__pycache__/monetary_export.cpython-310.pyc,recycling-1.1.0-cpython-310-c9bb978902d2.pyc,cpython-310,3439,True,4,pylingual_decompilable,decompyle3;marshal,error;exit_2,marshal_parse_failure;tool_exit,marshal:error:marshal_failed: || decompyle3:exit_2:/root/PyBC-Sec/pybcSEC/data/rq2/envs/cpython-310/lib/python3.10/site-packages/click/core.py:1262: UserWarning: The parameter --version is used more than once. Remove its duplicate as parameters should be unique. parser = self.make_parser...,PycLens/data/rq2/failed_cases_decompylepp_traces/c9bb978902d2-decompylepp.command.txt,PycLens/data/rq2/failed_cases_decompylepp_traces/c9bb978902d2-decompylepp.stdout.txt,PycLens/data/rq2/failed_cases_decompylepp_traces/c9bb978902d2-decompylepp.stderr.txt
1166ee422562,decompylepp,exit_1,PycFile::getByte(): Unexpected end of stream,recycling,1.1.0,recycling-1.1.0.tar.gz,tar,recycling-1.1.0/venues/stages/recycling/instrument/adventures/monetary/_controls/saves/exports/__pycache__/monetary_import.cpython-310.pyc,recycling-1.1.0-cpython-310-1166ee422562.pyc,cpython-310,3439,True,4,pylingual_decompilable,decompyle3;marshal,error;exit_2,marshal_parse_failure;tool_exit,marshal:error:marshal_failed: || decompyle3:exit_2:/root/PyBC-Sec/pybcSEC/data/rq2/envs/cpython-310/lib/python3.10/site-packages/click/core.py:1262: UserWarning: The parameter --version is used more than once. Remove its duplicate as parameters should be unique. parser = self.make_parser...,PycLens/data/rq2/failed_cases_decompylepp_traces/1166ee422562-decompylepp.command.txt,PycLens/data/rq2/failed_cases_decompylepp_traces/1166ee422562-decompylepp.stdout.txt,PycLens/data/rq2/failed_cases_decompylepp_traces/1166ee422562-decompylepp.stderr.txt
eaab7ff50b8e,decompylepp,exit_1,Bad MAGIC! Could not load file PycLens/data/rq2/failed_cases/recycling-1.1.0-cpython-311-eaab7ff50b8e.pyc,recycling,1.1.0,recycling-1.1.0.tar.gz,tar,recycling-1.1.0/venues/stages/recycling/instrument/climate/__pycache__/__init__.cpython-311.pyc,recycling-1.1.0-cpython-311-eaab7ff50b8e.pyc,cpython-311,42946,True,4,pylingual_decompilable,decompyle3;marshal,error;exit_2,marshal_parse_failure;tool_exit,marshal:error:marshal_failed: || decompyle3:exit_2:/root/PyBC-Sec/pybcSEC/data/rq2/envs/cpython-311/lib/python3.11/site-packages/click/core.py:1262: UserWarning: The parameter --version is used more than once. Remove its duplicate as parameters should be unique. parser = self.make_parser...,PycLens/data/rq2/failed_cases_decompylepp_traces/eaab7ff50b8e-decompylepp.command.txt,PycLens/data/rq2/failed_cases_decompylepp_traces/eaab7ff50b8e-decompylepp.stdout.txt,PycLens/data/rq2/failed_cases_decompylepp_traces/eaab7ff50b8e-decompylepp.stderr.txt
68b191a87406,decompylepp,exit_1,PycFile::getByte(): Unexpected end of stream,recycling,1.1.0,recycling-1.1.0.tar.gz,tar,recycling-1.1.0/venues/stages/recycling/instrument/clique/__pycache__/intro.cpython-310.pyc,recycling-1.1.0-cpython-310-68b191a87406.pyc,cpython-310,3439,False,4,pylingual_decompilable,decompyle3;marshal,error;exit_2,marshal_parse_failure;tool_exit,marshal:error:marshal_failed: || decompyle3:exit_2:/root/PyBC-Sec/pybcSEC/data/rq2/envs/cpython-310/lib/python3.10/site-packages/click/core.py:1262: UserWarning: The parameter --version is used more than once. Remove its duplicate as parameters should be unique. parser = self.make_parser...,PycLens/data/rq2/failed_cases_decompylepp_traces/68b191a87406-decompylepp.command.txt,PycLens/data/rq2/failed_cases_decompylepp_traces/68b191a87406-decompylepp.stdout.txt,PycLens/data/rq2/failed_cases_decompylepp_traces/68b191a87406-decompylepp.stderr.txt
044f5c97e05d,decompylepp,exit_1,Bad MAGIC! Could not load file PycLens/data/rq2/failed_cases/recycling-1.1.0-cpython-311-044f5c97e05d.pyc,recycling,1.1.0,recycling-1.1.0.tar.gz,tar,recycling-1.1.0/venues/stages/recycling/instrument/layer/__pycache__/__init__.cpython-311.pyc,recycling-1.1.0-cpython-311-044f5c97e05d.pyc,cpython-311,42946,True,4,pylingual_decompilable,decompyle3;marshal,error;exit_2,marshal_parse_failure;tool_exit,marshal:error:marshal_failed: || decompyle3:exit_2:/root/PyBC-Sec/pybcSEC/data/rq2/envs/cpython-311/lib/python3.11/site-packages/click/core.py:1262: UserWarning: The parameter --version is used more than once. Remove its duplicate as parameters should be unique. parser = self.make_parser...,PycLens/data/rq2/failed_cases_decompylepp_traces/044f5c97e05d-decompylepp.command.txt,PycLens/data/rq2/failed_cases_decompylepp_traces/044f5c97e05d-decompylepp.stdout.txt,PycLens/data/rq2/failed_cases_decompylepp_traces/044f5c97e05d-decompylepp.stderr.txt
ec501a9a99e8,decompylepp,exit_1,Bad MAGIC! Could not load file PycLens/data/rq2/failed_cases/recycling-1.1.0-cpython-311-ec501a9a99e8.pyc,recycling,1.1.0,recycling-1.1.0.tar.gz,tar,recycling-1.1.0/venues/stages/recycling/instrument/layer/__pycache__/start_dev.cpython-311.pyc,recycling-1.1.0-cpython-311-ec501a9a99e8.pyc,cpython-311,42946,True,4,pylingual_decompilable,decompyle3;marshal,error;exit_2,marshal_parse_failure;tool_exit,marshal:error:marshal_failed: || decompyle3:exit_2:/root/PyBC-Sec/pybcSEC/data/rq2/envs/cpython-311/lib/python3.11/site-packages/click/core.py:1262: UserWarning: The parameter --version is used more than once. Remove its duplicate as parameters should be unique. parser = self.make_parser...,PycLens/data/rq2/failed_cases_decompylepp_traces/ec501a9a99e8-decompylepp.command.txt,PycLens/data/rq2/failed_cases_decompylepp_traces/ec501a9a99e8-decompylepp.stdout.txt,PycLens/data/rq2/failed_cases_decompylepp_traces/ec501a9a99e8-decompylepp.stderr.txt
998d30a8c28d,decompylepp,exit_1,PycFile::getByte(): Unexpected end of stream,recycling,1.1.0,recycling-1.1.0.tar.gz,tar,recycling-1.1.0/venues/stages/recycling/instrument/layer/routes/__pycache__/card_generator.cpython-310.pyc,recycling-1.1.0-cpython-310-998d30a8c28d.pyc,cpython-310,3439,False,4,pylingual_decompilable,decompyle3;marshal,error;exit_2,marshal_parse_failure;tool_exit,marshal:error:marshal_failed: || decompyle3:exit_2:/root/PyBC-Sec/pybcSEC/data/rq2/envs/cpython-310/lib/python3.10/site-packages/click/core.py:1262: UserWarning: The parameter --version is used more than once. Remove its duplicate as parameters should be unique. parser = self.make_parser...,PycLens/data/rq2/failed_cases_decompylepp_traces/998d30a8c28d-decompylepp.command.txt,PycLens/data/rq2/failed_cases_decompylepp_traces/998d30a8c28d-decompylepp.stdout.txt,PycLens/data/rq2/failed_cases_decompylepp_traces/998d30a8c28d-decompylepp.stderr.txt
cb7e5db464f4,decompylepp,exit_1,PycFile::getByte(): Unexpected end of stream,recycling,1.1.0,recycling-1.1.0.tar.gz,tar,recycling-1.1.0/venues/stages/recycling/instrument/layer/routes/__pycache__/seed_generator.cpython-310.pyc,recycling-1.1.0-cpython-310-cb7e5db464f4.pyc,cpython-310,3439,False,4,pylingual_decompilable,decompyle3;marshal,error;exit_2,marshal_parse_failure;tool_exit,marshal:error:marshal_failed: || decompyle3:exit_2:/root/PyBC-Sec/pybcSEC/data/rq2/envs/cpython-310/lib/python3.10/site-packages/click/core.py:1262: UserWarning: The parameter --version is used more than once. Remove its duplicate as parameters should be unique. parser = self.make_parser...,PycLens/data/rq2/failed_cases_decompylepp_traces/cb7e5db464f4-decompylepp.command.txt,PycLens/data/rq2/failed_cases_decompylepp_traces/cb7e5db464f4-decompylepp.stdout.txt,PycLens/data/rq2/failed_cases_decompylepp_traces/cb7e5db464f4-decompylepp.stderr.txt
3b3f254af6d3,decompylepp,exit_1,Bad MAGIC! Could not load file PycLens/data/rq2/failed_cases/recycling-1.1.0-cpython-311-3b3f254af6d3.pyc,recycling,1.1.0,recycling-1.1.0.tar.gz,tar,recycling-1.1.0/venues/stages/recycling/instrument/layer/routes/home/__pycache__/get.cpython-311.pyc,recycling-1.1.0-cpython-311-3b3f254af6d3.pyc,cpython-311,42946,True,4,pylingual_decompilable,decompyle3;marshal,error;exit_2,marshal_parse_failure;tool_exit,marshal:error:marshal_failed: || decompyle3:exit_2:/root/PyBC-Sec/pybcSEC/data/rq2/envs/cpython-311/lib/python3.11/site-packages/click/core.py:1262: UserWarning: The parameter --version is used more than once. Remove its duplicate as parameters should be unique. parser = self.make_parser...,PycLens/data/rq2/failed_cases_decompylepp_traces/3b3f254af6d3-decompylepp.command.txt,PycLens/data/rq2/failed_cases_decompylepp_traces/3b3f254af6d3-decompylepp.stdout.txt,PycLens/data/rq2/failed_cases_decompylepp_traces/3b3f254af6d3-decompylepp.stderr.txt
9fe73bcc033a,decompylepp,exit_1,PycFile::getByte(): Unexpected end of stream,recycling,1.1.0,recycling-1.1.0.tar.gz,tar,recycling-1.1.0/venues/stages/recycling/instrument/layer/routes/vibes/__pycache__/make_ECC_448_2.cpython-310.pyc,recycling-1.1.0-cpython-310-9fe73bcc033a.pyc,cpython-310,3439,True,4,pylingual_decompilable,decompyle3;marshal,error;exit_2,marshal_parse_failure;tool_exit,marshal:error:marshal_failed: || decompyle3:exit_2:/root/PyBC-Sec/pybcSEC/data/rq2/envs/cpython-310/lib/python3.10/site-packages/click/core.py:1262: UserWarning: The parameter --version is used more than once. Remove its duplicate as parameters should be unique. parser = self.make_parser...,PycLens/data/rq2/failed_cases_decompylepp_traces/9fe73bcc033a-decompylepp.command.txt,PycLens/data/rq2/failed_cases_decompylepp_traces/9fe73bcc033a-decompylepp.stdout.txt,PycLens/data/rq2/failed_cases_decompylepp_traces/9fe73bcc033a-decompylepp.stderr.txt
28b166d1cbca,decompylepp,exit_1,Bad MAGIC! Could not load file PycLens/data/rq2/failed_cases/recycling-1.1.0-cpython-311-28b166d1cbca.pyc,recycling,1.1.0,recycling-1.1.0.tar.gz,tar,recycling-1.1.0/venues/stages/recycling/instrument/moon/__pycache__/__init__.cpython-311.pyc,recycling-1.1.0-cpython-311-28b166d1cbca.pyc,cpython-311,42946,True,4,pylingual_decompilable,decompyle3;marshal,error;exit_2,marshal_parse_failure;tool_exit,marshal:error:marshal_failed: || decompyle3:exit_2:/root/PyBC-Sec/pybcSEC/data/rq2/envs/cpython-311/lib/python3.11/site-packages/click/core.py:1262: UserWarning: The parameter --version is used more than once. Remove its duplicate as parameters should be unique. parser = self.make_parser...,PycLens/data/rq2/failed_cases_decompylepp_traces/28b166d1cbca-decompylepp.command.txt,PycLens/data/rq2/failed_cases_decompylepp_traces/28b166d1cbca-decompylepp.stdout.txt,PycLens/data/rq2/failed_cases_decompylepp_traces/28b166d1cbca-decompylepp.stderr.txt
8d56e5b4e011,decompylepp,exit_1,PycFile::getByte(): Unexpected end of stream,recycling,1.1.0,recycling-1.1.0.tar.gz,tar,recycling-1.1.0/venues/stages/recycling/instrument/moon/pocket/vibes/__pycache__/make_ECC_448_2.cpython-310.pyc,recycling-1.1.0-cpython-310-8d56e5b4e011.pyc,cpython-310,3439,False,4,pylingual_decompilable,decompyle3;marshal,error;exit_2,marshal_parse_failure;tool_exit,marshal:error:marshal_failed: || decompyle3:exit_2:/root/PyBC-Sec/pybcSEC/data/rq2/envs/cpython-310/lib/python3.10/site-packages/click/core.py:1262: UserWarning: The parameter --version is used more than once. Remove its duplicate as parameters should be unique. parser = self.make_parser...,PycLens/data/rq2/failed_cases_decompylepp_traces/8d56e5b4e011-decompylepp.command.txt,PycLens/data/rq2/failed_cases_decompylepp_traces/8d56e5b4e011-decompylepp.stdout.txt,PycLens/data/rq2/failed_cases_decompylepp_traces/8d56e5b4e011-decompylepp.stderr.txt
b266e216d3c2,decompylepp,exit_1,Bad MAGIC! Could not load file PycLens/data/rq2/failed_cases/recycling-1.1.0-cpython-311-b266e216d3c2.pyc,recycling,1.1.0,recycling-1.1.0.tar.gz,tar,recycling-1.1.0/venues/stages/recycling/instrument/moves/__pycache__/__init__.cpython-311.pyc,recycling-1.1.0-cpython-311-b266e216d3c2.pyc,cpython-311,42946,True,4,pylingual_decompilable,decompyle3;marshal,error;exit_2,marshal_parse_failure;tool_exit,marshal:error:marshal_failed: || decompyle3:exit_2:/root/PyBC-Sec/pybcSEC/data/rq2/envs/cpython-311/lib/python3.11/site-packages/click/core.py:1262: UserWarning: The parameter --version is used more than once. Remove its duplicate as parameters should be unique. parser = self.make_parser...,PycLens/data/rq2/failed_cases_decompylepp_traces/b266e216d3c2-decompylepp.command.txt,PycLens/data/rq2/failed_cases_decompylepp_traces/b266e216d3c2-decompylepp.stdout.txt,PycLens/data/rq2/failed_cases_decompylepp_traces/b266e216d3c2-decompylepp.stderr.txt
23288d85c222,decompylepp,exit_1,Bad MAGIC! Could not load file PycLens/data/rq2/failed_cases/recycling-1.1.0-cpython-311-23288d85c222.pyc,recycling,1.1.0,recycling-1.1.0.tar.gz,tar,recycling-1.1.0/venues/stages/recycling/instrument/moves/__pycache__/create_wallet.cpython-311.pyc,recycling-1.1.0-cpython-311-23288d85c222.pyc,cpython-311,42946,False,4,pylingual_decompilable,decompyle3;marshal,error;exit_2,marshal_parse_failure;tool_exit,marshal:error:marshal_failed: || decompyle3:exit_2:/root/PyBC-Sec/pybcSEC/data/rq2/envs/cpython-311/lib/python3.11/site-packages/click/core.py:1262: UserWarning: The parameter --version is used more than once. Remove its duplicate as parameters should be unique. parser = self.make_parser...,PycLens/data/rq2/failed_cases_decompylepp_traces/23288d85c222-decompylepp.command.txt,PycLens/data/rq2/failed_cases_decompylepp_traces/23288d85c222-decompylepp.stdout.txt,PycLens/data/rq2/failed_cases_decompylepp_traces/23288d85c222-decompylepp.stderr.txt
e21aa3a07787,decompylepp,exit_1,Bad MAGIC! Could not load file PycLens/data/rq2/failed_cases/recycling-1.1.0-cpython-311-e21aa3a07787.pyc,recycling,1.1.0,recycling-1.1.0.tar.gz,tar,recycling-1.1.0/venues/stages/recycling/instrument/moves/__pycache__/form_proposal_keys.cpython-311.pyc,recycling-1.1.0-cpython-311-e21aa3a07787.pyc,cpython-311,42946,False,4,pylingual_decompilable,decompyle3;marshal,error;exit_2,marshal_parse_failure;tool_exit,marshal:error:marshal_failed: || decompyle3:exit_2:/root/PyBC-Sec/pybcSEC/data/rq2/envs/cpython-311/lib/python3.11/site-packages/click/core.py:1262: UserWarning: The parameter --version is used more than once. Remove its duplicate as parameters should be unique. parser = self.make_parser...,PycLens/data/rq2/failed_cases_decompylepp_traces/e21aa3a07787-decompylepp.command.txt,PycLens/data/rq2/failed_cases_decompylepp_traces/e21aa3a07787-decompylepp.stdout.txt,PycLens/data/rq2/failed_cases_decompylepp_traces/e21aa3a07787-decompylepp.stderr.txt
0623561ed1d9,decompylepp,exit_1,PycFile::getByte(): Unexpected end of stream,recycling,1.1.0,recycling-1.1.0.tar.gz,tar,recycling-1.1.0/venues/stages/recycling/instrument/moves/names/__pycache__/create_safe.cpython-310.pyc,recycling-1.1.0-cpython-310-0623561ed1d9.pyc,cpython-310,3439,False,4,pylingual_decompilable,decompyle3;marshal,error;exit_2,marshal_parse_failure;tool_exit,marshal:error:marshal_failed: || decompyle3:exit_2:/root/PyBC-Sec/pybcSEC/data/rq2/envs/cpython-310/lib/python3.10/site-packages/click/core.py:1262: UserWarning: The parameter --version is used more than once. Remove its duplicate as parameters should be unique. parser = self.make_parser...,PycLens/data/rq2/failed_cases_decompylepp_traces/0623561ed1d9-decompylepp.command.txt,PycLens/data/rq2/failed_cases_decompylepp_traces/0623561ed1d9-decompylepp.stdout.txt,PycLens/data/rq2/failed_cases_decompylepp_traces/0623561ed1d9-decompylepp.stderr.txt
c654b7b412ce,decompylepp,exit_1,Bad MAGIC! Could not load file PycLens/data/rq2/failed_cases/recycling-1.1.0-cpython-311-c654b7b412ce.pyc,recycling,1.1.0,recycling-1.1.0.tar.gz,tar,recycling-1.1.0/venues/stages/recycling/instrument/moves/names/__pycache__/create_safe.cpython-311.pyc,recycling-1.1.0-cpython-311-c654b7b412ce.pyc,cpython-311,42946,False,4,pylingual_decompilable,decompyle3;marshal,error;exit_2,marshal_parse_failure;tool_exit,marshal:error:marshal_failed: || decompyle3:exit_2:/root/PyBC-Sec/pybcSEC/data/rq2/envs/cpython-311/lib/python3.11/site-packages/click/core.py:1262: UserWarning: The parameter --version is used more than once. Remove its duplicate as parameters should be unique. parser = self.make_parser...,PycLens/data/rq2/failed_cases_decompylepp_traces/c654b7b412ce-decompylepp.command.txt,PycLens/data/rq2/failed_cases_decompylepp_traces/c654b7b412ce-decompylepp.stdout.txt,PycLens/data/rq2/failed_cases_decompylepp_traces/c654b7b412ce-decompylepp.stderr.txt
3414d7972f4c,decompylepp,exit_1,Bad MAGIC! Could not load file PycLens/data/rq2/failed_cases/recycling-1.1.0-cpython-311-3414d7972f4c.pyc,recycling,1.1.0,recycling-1.1.0.tar.gz,tar,recycling-1.1.0/venues/stages/recycling/instrument/moves/names/__pycache__/create_wallet.cpython-311.pyc,recycling-1.1.0-cpython-311-3414d7972f4c.pyc,cpython-311,42946,False,4,pylingual_decompilable,decompyle3;marshal,error;exit_2,marshal_parse_failure;tool_exit,marshal:error:marshal_failed: || decompyle3:exit_2:/root/PyBC-Sec/pybcSEC/data/rq2/envs/cpython-311/lib/python3.11/site-packages/click/core.py:1262: UserWarning: The parameter --version is used more than once. Remove its duplicate as parameters should be unique. parser = self.make_parser...,PycLens/data/rq2/failed_cases_decompylepp_traces/3414d7972f4c-decompylepp.command.txt,PycLens/data/rq2/failed_cases_decompylepp_traces/3414d7972f4c-decompylepp.stdout.txt,PycLens/data/rq2/failed_cases_decompylepp_traces/3414d7972f4c-decompylepp.stderr.txt
86a180a56f68,decompylepp,exit_1,PycFile::getByte(): Unexpected end of stream,recycling,1.1.0,recycling-1.1.0.tar.gz,tar,recycling-1.1.0/venues/stages/recycling/instrument/moves/names/__pycache__/form_proposal_keys.cpython-310.pyc,recycling-1.1.0-cpython-310-86a180a56f68.pyc,cpython-310,3439,False,4,pylingual_decompilable,decompyle3;marshal,error;exit_2,marshal_parse_failure;tool_exit,marshal:error:marshal_failed: || decompyle3:exit_2:/root/PyBC-Sec/pybcSEC/data/rq2/envs/cpython-310/lib/python3.10/site-packages/click/core.py:1262: UserWarning: The parameter --version is used more than once. Remove its duplicate as parameters should be unique. parser = self.make_parser...,PycLens/data/rq2/failed_cases_decompylepp_traces/86a180a56f68-decompylepp.command.txt,PycLens/data/rq2/failed_cases_decompylepp_traces/86a180a56f68-decompylepp.stdout.txt,PycLens/data/rq2/failed_cases_decompylepp_traces/86a180a56f68-decompylepp.stderr.txt
99992978a030,decompylepp,exit_1,Bad MAGIC! Could not load file PycLens/data/rq2/failed_cases/recycling-1.1.0-cpython-311-99992978a030.pyc,recycling,1.1.0,recycling-1.1.0.tar.gz,tar,recycling-1.1.0/venues/stages/recycling/instrument/moves/names/__pycache__/form_proposal_keys.cpython-311.pyc,recycling-1.1.0-cpython-311-99992978a030.pyc,cpython-311,42946,False,4,pylingual_decompilable,decompyle3;marshal,error;exit_2,marshal_parse_failure;tool_exit,marshal:error:marshal_failed: || decompyle3:exit_2:/root/PyBC-Sec/pybcSEC/data/rq2/envs/cpython-311/lib/python3.11/site-packages/click/core.py:1262: UserWarning: The parameter --version is used more than once. Remove its duplicate as parameters should be unique. parser = self.make_parser...,PycLens/data/rq2/failed_cases_decompylepp_traces/99992978a030-decompylepp.command.txt,PycLens/data/rq2/failed_cases_decompylepp_traces/99992978a030-decompylepp.stdout.txt,PycLens/data/rq2/failed_cases_decompylepp_traces/99992978a030-decompylepp.stderr.txt
c148a73c074c,decompylepp,exit_1,PycFile::getByte(): Unexpected end of stream,recycling,1.1.0,recycling-1.1.0.tar.gz,tar,recycling-1.1.0/venues/stages/recycling/instrument/moves/names/__pycache__/start_thermos.cpython-310.pyc,recycling-1.1.0-cpython-310-c148a73c074c.pyc,cpython-310,3439,False,4,pylingual_decompilable,decompyle3;marshal,error;exit_2,marshal_parse_failure;tool_exit,marshal:error:marshal_failed: || decompyle3:exit_2:/root/PyBC-Sec/pybcSEC/data/rq2/envs/cpython-310/lib/python3.10/site-packages/click/core.py:1262: UserWarning: The parameter --version is used more than once. Remove its duplicate as parameters should be unique. parser = self.make_parser...,PycLens/data/rq2/failed_cases_decompylepp_traces/c148a73c074c-decompylepp.command.txt,PycLens/data/rq2/failed_cases_decompylepp_traces/c148a73c074c-decompylepp.stdout.txt,PycLens/data/rq2/failed_cases_decompylepp_traces/c148a73c074c-decompylepp.stderr.txt
7238594b525e,decompylepp,exit_1,PycFile::getByte(): Unexpected end of stream,recycling,1.1.0,recycling-1.1.0.tar.gz,tar,recycling-1.1.0/venues/stages/recycling/instrument/moves/names/performances/__pycache__/perform.cpython-310.pyc,recycling-1.1.0-cpython-310-7238594b525e.pyc,cpython-310,3439,False,4,pylingual_decompilable,decompyle3;marshal,error;exit_2,marshal_parse_failure;tool_exit,marshal:error:marshal_failed: || decompyle3:exit_2:/root/PyBC-Sec/pybcSEC/data/rq2/envs/cpython-310/lib/python3.10/site-packages/click/core.py:1262: UserWarning: The parameter --version is used more than once. Remove its duplicate as parameters should be unique. parser = self.make_parser...,PycLens/data/rq2/failed_cases_decompylepp_traces/7238594b525e-decompylepp.command.txt,PycLens/data/rq2/failed_cases_decompylepp_traces/7238594b525e-decompylepp.stdout.txt,PycLens/data/rq2/failed_cases_decompylepp_traces/7238594b525e-decompylepp.stderr.txt
b94f6b3408c0,decompylepp,exit_1,Bad MAGIC! Could not load file PycLens/data/rq2/failed_cases/recycling-1.1.0-cpython-311-b94f6b3408c0.pyc,recycling,1.1.0,recycling-1.1.0.tar.gz,tar,recycling-1.1.0/venues/stages/recycling/instrument/sockets/__pycache__/__init__.cpython-311.pyc,recycling-1.1.0-cpython-311-b94f6b3408c0.pyc,cpython-311,42946,True,4,pylingual_decompilable,decompyle3;marshal,error;exit_2,marshal_parse_failure;tool_exit,marshal:error:marshal_failed: || decompyle3:exit_2:/root/PyBC-Sec/pybcSEC/data/rq2/envs/cpython-311/lib/python3.11/site-packages/click/core.py:1262: UserWarning: The parameter --version is used more than once. Remove its duplicate as parameters should be unique. parser = self.make_parser...,PycLens/data/rq2/failed_cases_decompylepp_traces/b94f6b3408c0-decompylepp.command.txt,PycLens/data/rq2/failed_cases_decompylepp_traces/b94f6b3408c0-decompylepp.stdout.txt,PycLens/data/rq2/failed_cases_decompylepp_traces/b94f6b3408c0-decompylepp.stderr.txt
47e1f40a2794,decompylepp,exit_1,Bad MAGIC! Could not load file PycLens/data/rq2/failed_cases/recycling-1.1.0-cpython-311-47e1f40a2794.pyc,recycling,1.1.0,recycling-1.1.0.tar.gz,tar,recycling-1.1.0/venues/stages/recycling/mixes/EEC_448_1/private_key/__pycache__/creator.cpython-311.pyc,recycling-1.1.0-cpython-311-47e1f40a2794.pyc,cpython-311,42946,True,4,pylingual_decompilable,decompyle3;marshal,error;exit_2,marshal_parse_failure;tool_exit,marshal:error:marshal_failed: || decompyle3:exit_2:/root/PyBC-Sec/pybcSEC/data/rq2/envs/cpython-311/lib/python3.11/site-packages/click/core.py:1262: UserWarning: The parameter --version is used more than once. Remove its duplicate as parameters should be unique. parser = self.make_parser...,PycLens/data/rq2/failed_cases_decompylepp_traces/47e1f40a2794-decompylepp.command.txt,PycLens/data/rq2/failed_cases_decompylepp_traces/47e1f40a2794-decompylepp.stdout.txt,PycLens/data/rq2/failed_cases_decompylepp_traces/47e1f40a2794-decompylepp.stderr.txt
7687b388e8b3,decompylepp,exit_1,Bad MAGIC! Could not load file PycLens/data/rq2/failed_cases/recycling-1.1.0-cpython-311-7687b388e8b3.pyc,recycling,1.1.0,recycling-1.1.0.tar.gz,tar,recycling-1.1.0/venues/stages/recycling/mixes/EEC_448_1/private_key/__pycache__/scan.cpython-311.pyc,recycling-1.1.0-cpython-311-7687b388e8b3.pyc,cpython-311,42946,True,4,pylingual_decompilable,decompyle3;marshal,error;exit_2,marshal_parse_failure;tool_exit,marshal:error:marshal_failed: || decompyle3:exit_2:/root/PyBC-Sec/pybcSEC/data/rq2/envs/cpython-311/lib/python3.11/site-packages/click/core.py:1262: UserWarning: The parameter --version is used more than once. Remove its duplicate as parameters should be unique. parser = self.make_parser...,PycLens/data/rq2/failed_cases_decompylepp_traces/7687b388e8b3-decompylepp.command.txt,PycLens/data/rq2/failed_cases_decompylepp_traces/7687b388e8b3-decompylepp.stdout.txt,PycLens/data/rq2/failed_cases_decompylepp_traces/7687b388e8b3-decompylepp.stderr.txt
b8171754500e,decompylepp,exit_1,Bad MAGIC! Could not load file PycLens/data/rq2/failed_cases/recycling-1.1.0-cpython-311-b8171754500e.pyc,recycling,1.1.0,recycling-1.1.0.tar.gz,tar,recycling-1.1.0/venues/stages/recycling/mixes/EEC_448_1/public_key/__pycache__/creator.cpython-311.pyc,recycling-1.1.0-cpython-311-b8171754500e.pyc,cpython-311,42946,True,4,pylingual_decompilable,decompyle3;marshal,error;exit_2,marshal_parse_failure;tool_exit,marshal:error:marshal_failed: || decompyle3:exit_2:/root/PyBC-Sec/pybcSEC/data/rq2/envs/cpython-311/lib/python3.11/site-packages/click/core.py:1262: UserWarning: The parameter --version is used more than once. Remove its duplicate as parameters should be unique. parser = self.make_parser...,PycLens/data/rq2/failed_cases_decompylepp_traces/b8171754500e-decompylepp.command.txt,PycLens/data/rq2/failed_cases_decompylepp_traces/b8171754500e-decompylepp.stdout.txt,PycLens/data/rq2/failed_cases_decompylepp_traces/b8171754500e-decompylepp.stderr.txt
2fef0804a913,decompylepp,exit_1,Bad MAGIC! Could not load file PycLens/data/rq2/failed_cases/recycling-1.1.0-cpython-311-2fef0804a913.pyc,recycling,1.1.0,recycling-1.1.0.tar.gz,tar,recycling-1.1.0/venues/stages/recycling/mixes/EEC_448_1/public_key/__pycache__/form.cpython-311.pyc,recycling-1.1.0-cpython-311-2fef0804a913.pyc,cpython-311,42946,True,4,pylingual_decompilable,decompyle3;marshal,error;exit_2,marshal_parse_failure;tool_exit,marshal:error:marshal_failed: || decompyle3:exit_2:/root/PyBC-Sec/pybcSEC/data/rq2/envs/cpython-311/lib/python3.11/site-packages/click/core.py:1262: UserWarning: The parameter --version is used more than once. Remove its duplicate as parameters should be unique. parser = self.make_parser...,PycLens/data/rq2/failed_cases_decompylepp_traces/2fef0804a913-decompylepp.command.txt,PycLens/data/rq2/failed_cases_decompylepp_traces/2fef0804a913-decompylepp.stdout.txt,PycLens/data/rq2/failed_cases_decompylepp_traces/2fef0804a913-decompylepp.stderr.txt
4a21538da4d0,decompylepp,exit_1,Bad MAGIC! Could not load file PycLens/data/rq2/failed_cases/recycling-1.1.0-cpython-311-4a21538da4d0.pyc,recycling,1.1.0,recycling-1.1.0.tar.gz,tar,recycling-1.1.0/venues/stages/recycling/mixes/EEC_448_1/public_key/__pycache__/scan.cpython-311.pyc,recycling-1.1.0-cpython-311-4a21538da4d0.pyc,cpython-311,42946,True,4,pylingual_decompilable,decompyle3;marshal,error;exit_2,marshal_parse_failure;tool_exit,marshal:error:marshal_failed: || decompyle3:exit_2:/root/PyBC-Sec/pybcSEC/data/rq2/envs/cpython-311/lib/python3.11/site-packages/click/core.py:1262: UserWarning: The parameter --version is used more than once. Remove its duplicate as parameters should be unique. parser = self.make_parser...,PycLens/data/rq2/failed_cases_decompylepp_traces/4a21538da4d0-decompylepp.command.txt,PycLens/data/rq2/failed_cases_decompylepp_traces/4a21538da4d0-decompylepp.stdout.txt,PycLens/data/rq2/failed_cases_decompylepp_traces/4a21538da4d0-decompylepp.stderr.txt
5649650a334a,decompylepp,exit_1,Bad MAGIC! Could not load file PycLens/data/rq2/failed_cases/recycling-1.1.0-cpython-311-5649650a334a.pyc,recycling,1.1.0,recycling-1.1.0.tar.gz,tar,recycling-1.1.0/venues/stages/recycling/mixes/EEC_448_1/public_key/__pycache__/write.cpython-311.pyc,recycling-1.1.0-cpython-311-5649650a334a.pyc,cpython-311,42946,True,4,pylingual_decompilable,decompyle3;marshal,error;exit_2,marshal_parse_failure;tool_exit,marshal:error:marshal_failed: || decompyle3:exit_2:/root/PyBC-Sec/pybcSEC/data/rq2/envs/cpython-311/lib/python3.11/site-packages/click/core.py:1262: UserWarning: The parameter --version is used more than once. Remove its duplicate as parameters should be unique. parser = self.make_parser...,PycLens/data/rq2/failed_cases_decompylepp_traces/5649650a334a-decompylepp.command.txt,PycLens/data/rq2/failed_cases_decompylepp_traces/5649650a334a-decompylepp.stdout.txt,PycLens/data/rq2/failed_cases_decompylepp_traces/5649650a334a-decompylepp.stderr.txt
0818cbde1e49,decompylepp,exit_1,Bad MAGIC! Could not load file PycLens/data/rq2/failed_cases/recycling-1.1.0-cpython-311-0818cbde1e49.pyc,recycling,1.1.0,recycling-1.1.0.tar.gz,tar,recycling-1.1.0/venues/stages/recycling/mixes/EEC_448_1/sign/__pycache__/__init__.cpython-311.pyc,recycling-1.1.0-cpython-311-0818cbde1e49.pyc,cpython-311,42946,True,4,pylingual_decompilable,decompyle3;marshal,error;exit_2,marshal_parse_failure;tool_exit,marshal:error:marshal_failed: || decompyle3:exit_2:/root/PyBC-Sec/pybcSEC/data/rq2/envs/cpython-311/lib/python3.11/site-packages/click/core.py:1262: UserWarning: The parameter --version is used more than once. Remove its duplicate as parameters should be unique. parser = self.make_parser...,PycLens/data/rq2/failed_cases_decompylepp_traces/0818cbde1e49-decompylepp.command.txt,PycLens/data/rq2/failed_cases_decompylepp_traces/0818cbde1e49-decompylepp.stdout.txt,PycLens/data/rq2/failed_cases_decompylepp_traces/0818cbde1e49-decompylepp.stderr.txt
aead85161412,decompylepp,exit_1,Bad MAGIC! Could not load file PycLens/data/rq2/failed_cases/recycling-1.1.0-cpython-311-aead85161412.pyc,recycling,1.1.0,recycling-1.1.0.tar.gz,tar,recycling-1.1.0/venues/stages/recycling/mixes/EEC_448_1/verify/__pycache__/__init__.cpython-311.pyc,recycling-1.1.0-cpython-311-aead85161412.pyc,cpython-311,42946,True,4,pylingual_decompilable,decompyle3;marshal,error;exit_2,marshal_parse_failure;tool_exit,marshal:error:marshal_failed: || decompyle3:exit_2:/root/PyBC-Sec/pybcSEC/data/rq2/envs/cpython-311/lib/python3.11/site-packages/click/core.py:1262: UserWarning: The parameter --version is used more than once. Remove its duplicate as parameters should be unique. parser = self.make_parser...,PycLens/data/rq2/failed_cases_decompylepp_traces/aead85161412-decompylepp.command.txt,PycLens/data/rq2/failed_cases_decompylepp_traces/aead85161412-decompylepp.stdout.txt,PycLens/data/rq2/failed_cases_decompylepp_traces/aead85161412-decompylepp.stderr.txt
b608a9f21dc9,decompylepp,exit_1,Bad MAGIC! Could not load file PycLens/data/rq2/failed_cases/recycling-1.1.0-cpython-311-b608a9f21dc9.pyc,recycling,1.1.0,recycling-1.1.0.tar.gz,tar,recycling-1.1.0/venues/stages/recycling/mixes/EEC_448_2/private_key/__pycache__/creator.cpython-311.pyc,recycling-1.1.0-cpython-311-b608a9f21dc9.pyc,cpython-311,42946,True,4,pylingual_decompilable,decompyle3;marshal,error;exit_2,marshal_parse_failure;tool_exit,marshal:error:marshal_failed: || decompyle3:exit_2:/root/PyBC-Sec/pybcSEC/data/rq2/envs/cpython-311/lib/python3.11/site-packages/click/core.py:1262: UserWarning: The parameter --version is used more than once. Remove its duplicate as parameters should be unique. parser = self.make_parser...,PycLens/data/rq2/failed_cases_decompylepp_traces/b608a9f21dc9-decompylepp.command.txt,PycLens/data/rq2/failed_cases_decompylepp_traces/b608a9f21dc9-decompylepp.stdout.txt,PycLens/data/rq2/failed_cases_decompylepp_traces/b608a9f21dc9-decompylepp.stderr.txt
821e27147b56,decompylepp,exit_1,Bad MAGIC! Could not load file PycLens/data/rq2/failed_cases/recycling-1.1.0-cpython-311-821e27147b56.pyc,recycling,1.1.0,recycling-1.1.0.tar.gz,tar,recycling-1.1.0/venues/stages/recycling/mixes/EEC_448_2/private_key/__pycache__/scan.cpython-311.pyc,recycling-1.1.0-cpython-311-821e27147b56.pyc,cpython-311,42946,True,4,pylingual_decompilable,decompyle3;marshal,error;exit_2,marshal_parse_failure;tool_exit,marshal:error:marshal_failed: || decompyle3:exit_2:/root/PyBC-Sec/pybcSEC/data/rq2/envs/cpython-311/lib/python3.11/site-packages/click/core.py:1262: UserWarning: The parameter --version is used more than once. Remove its duplicate as parameters should be unique. parser = self.make_parser...,PycLens/data/rq2/failed_cases_decompylepp_traces/821e27147b56-decompylepp.command.txt,PycLens/data/rq2/failed_cases_decompylepp_traces/821e27147b56-decompylepp.stdout.txt,PycLens/data/rq2/failed_cases_decompylepp_traces/821e27147b56-decompylepp.stderr.txt
105e42471372,decompylepp,exit_1,Bad MAGIC! Could not load file PycLens/data/rq2/failed_cases/recycling-1.1.0-cpython-311-105e42471372.pyc,recycling,1.1.0,recycling-1.1.0.tar.gz,tar,recycling-1.1.0/venues/stages/recycling/mixes/EEC_448_2/public_key/__pycache__/creator.cpython-311.pyc,recycling-1.1.0-cpython-311-105e42471372.pyc,cpython-311,42946,True,4,pylingual_decompilable,decompyle3;marshal,error;exit_2,marshal_parse_failure;tool_exit,marshal:error:marshal_failed: || decompyle3:exit_2:/root/PyBC-Sec/pybcSEC/data/rq2/envs/cpython-311/lib/python3.11/site-packages/click/core.py:1262: UserWarning: The parameter --version is used more than once. Remove its duplicate as parameters should be unique. parser = self.make_parser...,PycLens/data/rq2/failed_cases_decompylepp_traces/105e42471372-decompylepp.command.txt,PycLens/data/rq2/failed_cases_decompylepp_traces/105e42471372-decompylepp.stdout.txt,PycLens/data/rq2/failed_cases_decompylepp_traces/105e42471372-decompylepp.stderr.txt
9f07f3c146ee,decompylepp,exit_1,PycFile::getByte(): Unexpected end of stream,recycling,1.1.0,recycling-1.1.0.tar.gz,tar,recycling-1.1.0/venues/stages/recycling/mixes/EEC_448_2/public_key/__pycache__/form.cpython-310.pyc,recycling-1.1.0-cpython-310-9f07f3c146ee.pyc,cpython-310,3439,False,4,pylingual_decompilable,decompyle3;marshal,error;exit_2,marshal_parse_failure;tool_exit,marshal:error:marshal_failed: || decompyle3:exit_2:/root/PyBC-Sec/pybcSEC/data/rq2/envs/cpython-310/lib/python3.10/site-packages/click/core.py:1262: UserWarning: The parameter --version is used more than once. Remove its duplicate as parameters should be unique. parser = self.make_parser...,PycLens/data/rq2/failed_cases_decompylepp_traces/9f07f3c146ee-decompylepp.command.txt,PycLens/data/rq2/failed_cases_decompylepp_traces/9f07f3c146ee-decompylepp.stdout.txt,PycLens/data/rq2/failed_cases_decompylepp_traces/9f07f3c146ee-decompylepp.stderr.txt
3af837845dc3,decompylepp,exit_1,Bad MAGIC! Could not load file PycLens/data/rq2/failed_cases/recycling-1.1.0-cpython-311-3af837845dc3.pyc,recycling,1.1.0,recycling-1.1.0.tar.gz,tar,recycling-1.1.0/venues/stages/recycling/mixes/EEC_448_2/public_key/__pycache__/form.cpython-311.pyc,recycling-1.1.0-cpython-311-3af837845dc3.pyc,cpython-311,42946,False,4,pylingual_decompilable,decompyle3;marshal,error;exit_2,marshal_parse_failure;tool_exit,marshal:error:marshal_failed: || decompyle3:exit_2:/root/PyBC-Sec/pybcSEC/data/rq2/envs/cpython-311/lib/python3.11/site-packages/click/core.py:1262: UserWarning: The parameter --version is used more than once. Remove its duplicate as parameters should be unique. parser = self.make_parser...,PycLens/data/rq2/failed_cases_decompylepp_traces/3af837845dc3-decompylepp.command.txt,PycLens/data/rq2/failed_cases_decompylepp_traces/3af837845dc3-decompylepp.stdout.txt,PycLens/data/rq2/failed_cases_decompylepp_traces/3af837845dc3-decompylepp.stderr.txt
29dc978b3964,decompylepp,exit_1,Bad MAGIC! Could not load file PycLens/data/rq2/failed_cases/recycling-1.1.0-cpython-311-29dc978b3964.pyc,recycling,1.1.0,recycling-1.1.0.tar.gz,tar,recycling-1.1.0/venues/stages/recycling/mixes/EEC_448_2/public_key/__pycache__/scan.cpython-311.pyc,recycling-1.1.0-cpython-311-29dc978b3964.pyc,cpython-311,42946,True,4,pylingual_decompilable,decompyle3;marshal,error;exit_2,marshal_parse_failure;tool_exit,marshal:error:marshal_failed: || decompyle3:exit_2:/root/PyBC-Sec/pybcSEC/data/rq2/envs/cpython-311/lib/python3.11/site-packages/click/core.py:1262: UserWarning: The parameter --version is used more than once. Remove its duplicate as parameters should be unique. parser = self.make_parser...,PycLens/data/rq2/failed_cases_decompylepp_traces/29dc978b3964-decompylepp.command.txt,PycLens/data/rq2/failed_cases_decompylepp_traces/29dc978b3964-decompylepp.stdout.txt,PycLens/data/rq2/failed_cases_decompylepp_traces/29dc978b3964-decompylepp.stderr.txt
721d3770058e,decompylepp,exit_1,PycFile::getByte(): Unexpected end of stream,recycling,1.1.0,recycling-1.1.0.tar.gz,tar,recycling-1.1.0/venues/stages/recycling/mixes/EEC_448_2/public_key/__pycache__/write.cpython-310.pyc,recycling-1.1.0-cpython-310-721d3770058e.pyc,cpython-310,3439,False,4,pylingual_decompilable,decompyle3;marshal,error;exit_2,marshal_parse_failure;tool_exit,marshal:error:marshal_failed: || decompyle3:exit_2:/root/PyBC-Sec/pybcSEC/data/rq2/envs/cpython-310/lib/python3.10/site-packages/click/core.py:1262: UserWarning: The parameter --version is used more than once. Remove its duplicate as parameters should be unique. parser = self.make_parser...,PycLens/data/rq2/failed_cases_decompylepp_traces/721d3770058e-decompylepp.command.txt,PycLens/data/rq2/failed_cases_decompylepp_traces/721d3770058e-decompylepp.stdout.txt,PycLens/data/rq2/failed_cases_decompylepp_traces/721d3770058e-decompylepp.stderr.txt
781c02a1da33,decompylepp,exit_1,Bad MAGIC! Could not load file PycLens/data/rq2/failed_cases/recycling-1.1.0-cpython-311-781c02a1da33.pyc,recycling,1.1.0,recycling-1.1.0.tar.gz,tar,recycling-1.1.0/venues/stages/recycling/mixes/EEC_448_2/public_key/__pycache__/write.cpython-311.pyc,recycling-1.1.0-cpython-311-781c02a1da33.pyc,cpython-311,42946,False,4,pylingual_decompilable,decompyle3;marshal,error;exit_2,marshal_parse_failure;tool_exit,marshal:error:marshal_failed: || decompyle3:exit_2:/root/PyBC-Sec/pybcSEC/data/rq2/envs/cpython-311/lib/python3.11/site-packages/click/core.py:1262: UserWarning: The parameter --version is used more than once. Remove its duplicate as parameters should be unique. parser = self.make_parser...,PycLens/data/rq2/failed_cases_decompylepp_traces/781c02a1da33-decompylepp.command.txt,PycLens/data/rq2/failed_cases_decompylepp_traces/781c02a1da33-decompylepp.stdout.txt,PycLens/data/rq2/failed_cases_decompylepp_traces/781c02a1da33-decompylepp.stderr.txt
95bb4c562ca7,decompylepp,exit_1,PycFile::getByte(): Unexpected end of stream,recycling,1.1.0,recycling-1.1.0.tar.gz,tar,recycling-1.1.0/venues/stages/recycling/mixes/EEC_448_2/rhythms/__pycache__/__init__.cpython-310.pyc,recycling-1.1.0-cpython-310-95bb4c562ca7.pyc,cpython-310,3439,True,4,pylingual_decompilable,decompyle3;marshal,error;exit_2,marshal_parse_failure;tool_exit,marshal:error:marshal_failed: || decompyle3:exit_2:/root/PyBC-Sec/pybcSEC/data/rq2/envs/cpython-310/lib/python3.10/site-packages/click/core.py:1262: UserWarning: The parameter --version is used more than once. Remove its duplicate as parameters should be unique. parser = self.make_parser...,PycLens/data/rq2/failed_cases_decompylepp_traces/95bb4c562ca7-decompylepp.command.txt,PycLens/data/rq2/failed_cases_decompylepp_traces/95bb4c562ca7-decompylepp.stdout.txt,PycLens/data/rq2/failed_cases_decompylepp_traces/95bb4c562ca7-decompylepp.stderr.txt
485e5eb54c5d,decompylepp,exit_1,Bad MAGIC! Could not load file PycLens/data/rq2/failed_cases/recycling-1.1.0-cpython-311-485e5eb54c5d.pyc,recycling,1.1.0,recycling-1.1.0.tar.gz,tar,recycling-1.1.0/venues/stages/recycling/mixes/EEC_448_2/sign/__pycache__/__init__.cpython-311.pyc,recycling-1.1.0-cpython-311-485e5eb54c5d.pyc,cpython-311,42946,True,4,pylingual_decompilable,decompyle3;marshal,error;exit_2,marshal_parse_failure;tool_exit,marshal:error:marshal_failed: || decompyle3:exit_2:/root/PyBC-Sec/pybcSEC/data/rq2/envs/cpython-311/lib/python3.11/site-packages/click/core.py:1262: UserWarning: The parameter --version is used more than once. Remove its duplicate as parameters should be unique. parser = self.make_parser...,PycLens/data/rq2/failed_cases_decompylepp_traces/485e5eb54c5d-decompylepp.command.txt,PycLens/data/rq2/failed_cases_decompylepp_traces/485e5eb54c5d-decompylepp.stdout.txt,PycLens/data/rq2/failed_cases_decompylepp_traces/485e5eb54c5d-decompylepp.stderr.txt
6ace1ac485e0,decompylepp,exit_1,Bad MAGIC! Could not load file PycLens/data/rq2/failed_cases/recycling-1.1.0-cpython-311-6ace1ac485e0.pyc,recycling,1.1.0,recycling-1.1.0.tar.gz,tar,recycling-1.1.0/venues/stages/recycling/mixes/EEC_448_2/verify/__pycache__/__init__.cpython-311.pyc,recycling-1.1.0-cpython-311-6ace1ac485e0.pyc,cpython-311,42946,True,4,pylingual_decompilable,decompyle3;marshal,error;exit_2,marshal_parse_failure;tool_exit,marshal:error:marshal_failed: || decompyle3:exit_2:/root/PyBC-Sec/pybcSEC/data/rq2/envs/cpython-311/lib/python3.11/site-packages/click/core.py:1262: UserWarning: The parameter --version is used more than once. Remove its duplicate as parameters should be unique. parser = self.make_parser...,PycLens/data/rq2/failed_cases_decompylepp_traces/6ace1ac485e0-decompylepp.command.txt,PycLens/data/rq2/failed_cases_decompylepp_traces/6ace1ac485e0-decompylepp.stdout.txt,PycLens/data/rq2/failed_cases_decompylepp_traces/6ace1ac485e0-decompylepp.stderr.txt
b998a53570fc,decompylepp,exit_1,Bad MAGIC! Could not load file PycLens/data/rq2/failed_cases/recycling-1.1.0-cpython-311-b998a53570fc.pyc,recycling,1.1.0,recycling-1.1.0.tar.gz,tar,recycling-1.1.0/venues/stages/recycling/mixes/elliptic/SECP256K1/private_key/__pycache__/build.cpython-311.pyc,recycling-1.1.0-cpython-311-b998a53570fc.pyc,cpython-311,42946,True,4,pylingual_decompilable,decompyle3;marshal,error;exit_2,marshal_parse_failure;tool_exit,marshal:error:marshal_failed: || decompyle3:exit_2:/root/PyBC-Sec/pybcSEC/data/rq2/envs/cpython-311/lib/python3.11/site-packages/click/core.py:1262: UserWarning: The parameter --version is used more than once. Remove its duplicate as parameters should be unique. parser = self.make_parser...,PycLens/data/rq2/failed_cases_decompylepp_traces/b998a53570fc-decompylepp.command.txt,PycLens/data/rq2/failed_cases_decompylepp_traces/b998a53570fc-decompylepp.stdout.txt,PycLens/data/rq2/failed_cases_decompylepp_traces/b998a53570fc-decompylepp.stderr.txt
e8ef294f023a,decompylepp,exit_1,Bad MAGIC! Could not load file PycLens/data/rq2/failed_cases/recycling-1.1.0-cpython-311-e8ef294f023a.pyc,recycling,1.1.0,recycling-1.1.0.tar.gz,tar,recycling-1.1.0/venues/stages/recycling/mixes/proposals/keys/__pycache__/__init__.cpython-311.pyc,recycling-1.1.0-cpython-311-e8ef294f023a.pyc,cpython-311,42946,False,4,pylingual_decompilable,decompyle3;marshal,error;exit_2,marshal_parse_failure;tool_exit,marshal:error:marshal_failed: || decompyle3:exit_2:/root/PyBC-Sec/pybcSEC/data/rq2/envs/cpython-311/lib/python3.11/site-packages/click/core.py:1262: UserWarning: The parameter --version is used more than once. Remove its duplicate as parameters should be unique. parser = self.make_parser...,PycLens/data/rq2/failed_cases_decompylepp_traces/e8ef294f023a-decompylepp.command.txt,PycLens/data/rq2/failed_cases_decompylepp_traces/e8ef294f023a-decompylepp.stdout.txt,PycLens/data/rq2/failed_cases_decompylepp_traces/e8ef294f023a-decompylepp.stderr.txt
f1fa926cb439,decompylepp,exit_1,Bad MAGIC! Could not load file PycLens/data/rq2/failed_cases/recycling-1.1.0-cpython-311-f1fa926cb439.pyc,recycling,1.1.0,recycling-1.1.0.tar.gz,tar,recycling-1.1.0/venues/stages/recycling/mixes/proposals/keys/__pycache__/form.cpython-311.pyc,recycling-1.1.0-cpython-311-f1fa926cb439.pyc,cpython-311,42946,True,4,pylingual_decompilable,decompyle3;marshal,error;exit_2,marshal_parse_failure;tool_exit,marshal:error:marshal_failed: || decompyle3:exit_2:/root/PyBC-Sec/pybcSEC/data/rq2/envs/cpython-311/lib/python3.11/site-packages/click/core.py:1262: UserWarning: The parameter --version is used more than once. Remove its duplicate as parameters should be unique. parser = self.make_parser...,PycLens/data/rq2/failed_cases_decompylepp_traces/f1fa926cb439-decompylepp.command.txt,PycLens/data/rq2/failed_cases_decompylepp_traces/f1fa926cb439-decompylepp.stdout.txt,PycLens/data/rq2/failed_cases_decompylepp_traces/f1fa926cb439-decompylepp.stderr.txt
b6e679d29fed,decompylepp,exit_1,PycFile::getByte(): Unexpected end of stream,recycling,1.1.0,recycling-1.1.0.tar.gz,tar,recycling-1.1.0/venues/stages/recycling/stage/__pycache__/clique.cpython-310.pyc,recycling-1.1.0-cpython-310-b6e679d29fed.pyc,cpython-310,3439,False,4,pylingual_decompilable,decompyle3;marshal,error;exit_2,marshal_parse_failure;tool_exit,marshal:error:marshal_failed: || decompyle3:exit_2:/root/PyBC-Sec/pybcSEC/data/rq2/envs/cpython-310/lib/python3.10/site-packages/click/core.py:1262: UserWarning: The parameter --version is used more than once. Remove its duplicate as parameters should be unique. parser = self.make_parser...,PycLens/data/rq2/failed_cases_decompylepp_traces/b6e679d29fed-decompylepp.command.txt,PycLens/data/rq2/failed_cases_decompylepp_traces/b6e679d29fed-decompylepp.stdout.txt,PycLens/data/rq2/failed_cases_decompylepp_traces/b6e679d29fed-decompylepp.stderr.txt
af561064b226,decompylepp,exit_1,Bad MAGIC! Could not load file PycLens/data/rq2/failed_cases/recycling-1.1.0-cpython-311-af561064b226.pyc,recycling,1.1.0,recycling-1.1.0.tar.gz,tar,recycling-1.1.0/venues/stages/recycling/stage/__pycache__/clique.cpython-311.pyc,recycling-1.1.0-cpython-311-af561064b226.pyc,cpython-311,42946,False,4,pylingual_decompilable,decompyle3;marshal,error;exit_2,marshal_parse_failure;tool_exit,marshal:error:marshal_failed: || decompyle3:exit_2:/root/PyBC-Sec/pybcSEC/data/rq2/envs/cpython-311/lib/python3.11/site-packages/click/core.py:1262: UserWarning: The parameter --version is used more than once. Remove its duplicate as parameters should be unique. parser = self.make_parser...,PycLens/data/rq2/failed_cases_decompylepp_traces/af561064b226-decompylepp.command.txt,PycLens/data/rq2/failed_cases_decompylepp_traces/af561064b226-decompylepp.stdout.txt,PycLens/data/rq2/failed_cases_decompylepp_traces/af561064b226-decompylepp.stderr.txt
347b24c90434,decompylepp,exit_1,Bad MAGIC! Could not load file PycLens/data/rq2/failed_cases/recycling-1.1.0-cpython-311-347b24c90434.pyc,recycling,1.1.0,recycling-1.1.0.tar.gz,tar,recycling-1.1.0/venues/stages/recycling/stage/layer/__pycache__/__init__.cpython-311.pyc,recycling-1.1.0-cpython-311-347b24c90434.pyc,cpython-311,42946,True,4,pylingual_decompilable,decompyle3;marshal,error;exit_2,marshal_parse_failure;tool_exit,marshal:error:marshal_failed: || decompyle3:exit_2:/root/PyBC-Sec/pybcSEC/data/rq2/envs/cpython-311/lib/python3.11/site-packages/click/core.py:1262: UserWarning: The parameter --version is used more than once. Remove its duplicate as parameters should be unique. parser = self.make_parser...,PycLens/data/rq2/failed_cases_decompylepp_traces/347b24c90434-decompylepp.command.txt,PycLens/data/rq2/failed_cases_decompylepp_traces/347b24c90434-decompylepp.stdout.txt,PycLens/data/rq2/failed_cases_decompylepp_traces/347b24c90434-decompylepp.stderr.txt
347a4d311467,decompylepp,exit_1,Bad MAGIC! Could not load file PycLens/data/rq2/failed_cases/recycling-1.1.0-cpython-311-347a4d311467.pyc,recycling,1.1.0,recycling-1.1.0.tar.gz,tar,recycling-1.1.0/venues/stages/recycling/stage/layer/__pycache__/start_dev.cpython-311.pyc,recycling-1.1.0-cpython-311-347a4d311467.pyc,cpython-311,42946,True,4,pylingual_decompilable,decompyle3;marshal,error;exit_2,marshal_parse_failure;tool_exit,marshal:error:marshal_failed: || decompyle3:exit_2:/root/PyBC-Sec/pybcSEC/data/rq2/envs/cpython-311/lib/python3.11/site-packages/click/core.py:1262: UserWarning: The parameter --version is used more than once. Remove its duplicate as parameters should be unique. parser = self.make_parser...,PycLens/data/rq2/failed_cases_decompylepp_traces/347a4d311467-decompylepp.command.txt,PycLens/data/rq2/failed_cases_decompylepp_traces/347a4d311467-decompylepp.stdout.txt,PycLens/data/rq2/failed_cases_decompylepp_traces/347a4d311467-decompylepp.stderr.txt
bdf8f337c2a0,decompylepp,exit_1,PycFile::getByte(): Unexpected end of stream,recycling,1.1.0,recycling-1.1.0.tar.gz,tar,recycling-1.1.0/venues/stages/recycling/stage/layer/routes/__pycache__/card_generator.cpython-310.pyc,recycling-1.1.0-cpython-310-bdf8f337c2a0.pyc,cpython-310,3439,False,4,pylingual_decompilable,decompyle3;marshal,error;exit_2,marshal_parse_failure;tool_exit,marshal:error:marshal_failed: || decompyle3:exit_2:/root/PyBC-Sec/pybcSEC/data/rq2/envs/cpython-310/lib/python3.10/site-packages/click/core.py:1262: UserWarning: The parameter --version is used more than once. Remove its duplicate as parameters should be unique. parser = self.make_parser...,PycLens/data/rq2/failed_cases_decompylepp_traces/bdf8f337c2a0-decompylepp.command.txt,PycLens/data/rq2/failed_cases_decompylepp_traces/bdf8f337c2a0-decompylepp.stdout.txt,PycLens/data/rq2/failed_cases_decompylepp_traces/bdf8f337c2a0-decompylepp.stderr.txt
60afc60d8ab0,decompylepp,exit_1,PycFile::getByte(): Unexpected end of stream,recycling,1.1.0,recycling-1.1.0.tar.gz,tar,recycling-1.1.0/venues/stages/recycling/stage/layer/routes/__pycache__/seed_generator.cpython-310.pyc,recycling-1.1.0-cpython-310-60afc60d8ab0.pyc,cpython-310,3439,False,4,pylingual_decompilable,decompyle3;marshal,error;exit_2,marshal_parse_failure;tool_exit,marshal:error:marshal_failed: || decompyle3:exit_2:/root/PyBC-Sec/pybcSEC/data/rq2/envs/cpython-310/lib/python3.10/site-packages/click/core.py:1262: UserWarning: The parameter --version is used more than once. Remove its duplicate as parameters should be unique. parser = self.make_parser...,PycLens/data/rq2/failed_cases_decompylepp_traces/60afc60d8ab0-decompylepp.command.txt,PycLens/data/rq2/failed_cases_decompylepp_traces/60afc60d8ab0-decompylepp.stdout.txt,PycLens/data/rq2/failed_cases_decompylepp_traces/60afc60d8ab0-decompylepp.stderr.txt
e61165b035a9,decompylepp,exit_1,Bad MAGIC! Could not load file PycLens/data/rq2/failed_cases/recycling-1.1.0-cpython-311-e61165b035a9.pyc,recycling,1.1.0,recycling-1.1.0.tar.gz,tar,recycling-1.1.0/venues/stages/recycling/stage/layer/routes/home/__pycache__/get.cpython-311.pyc,recycling-1.1.0-cpython-311-e61165b035a9.pyc,cpython-311,42946,True,4,pylingual_decompilable,decompyle3;marshal,error;exit_2,marshal_parse_failure;tool_exit,marshal:error:marshal_failed: || decompyle3:exit_2:/root/PyBC-Sec/pybcSEC/data/rq2/envs/cpython-311/lib/python3.11/site-packages/click/core.py:1262: UserWarning: The parameter --version is used more than once. Remove its duplicate as parameters should be unique. parser = self.make_parser...,PycLens/data/rq2/failed_cases_decompylepp_traces/e61165b035a9-decompylepp.command.txt,PycLens/data/rq2/failed_cases_decompylepp_traces/e61165b035a9-decompylepp.stdout.txt,PycLens/data/rq2/failed_cases_decompylepp_traces/e61165b035a9-decompylepp.stderr.txt
6153b57915f0,decompylepp,exit_1,PycFile::getByte(): Unexpected end of stream,recycling,1.1.0,recycling-1.1.0.tar.gz,tar,recycling-1.1.0/venues/stages/recycling/stage/layer/routes/vibes/__pycache__/make_ECC_448_2.cpython-310.pyc,recycling-1.1.0-cpython-310-6153b57915f0.pyc,cpython-310,3439,True,4,pylingual_decompilable,decompyle3;marshal,error;exit_2,marshal_parse_failure;tool_exit,marshal:error:marshal_failed: || decompyle3:exit_2:/root/PyBC-Sec/pybcSEC/data/rq2/envs/cpython-310/lib/python3.10/site-packages/click/core.py:1262: UserWarning: The parameter --version is used more than once. Remove its duplicate as parameters should be unique. parser = self.make_parser...,PycLens/data/rq2/failed_cases_decompylepp_traces/6153b57915f0-decompylepp.command.txt,PycLens/data/rq2/failed_cases_decompylepp_traces/6153b57915f0-decompylepp.stdout.txt,PycLens/data/rq2/failed_cases_decompylepp_traces/6153b57915f0-decompylepp.stderr.txt
d3af388e2bcc,decompylepp,exit_1,Bad MAGIC! Could not load file PycLens/data/rq2/failed_cases/recycling-1.1.0-cpython-311-d3af388e2bcc.pyc,recycling,1.1.0,recycling-1.1.0.tar.gz,tar,recycling-1.1.0/venues/stages/recycling/stage/moves/__pycache__/__init__.cpython-311.pyc,recycling-1.1.0-cpython-311-d3af388e2bcc.pyc,cpython-311,42946,True,4,pylingual_decompilable,decompyle3;marshal,error;exit_2,marshal_parse_failure;tool_exit,marshal:error:marshal_failed: || decompyle3:exit_2:/root/PyBC-Sec/pybcSEC/data/rq2/envs/cpython-311/lib/python3.11/site-packages/click/core.py:1262: UserWarning: The parameter --version is used more than once. Remove its duplicate as parameters should be unique. parser = self.make_parser...,PycLens/data/rq2/failed_cases_decompylepp_traces/d3af388e2bcc-decompylepp.command.txt,PycLens/data/rq2/failed_cases_decompylepp_traces/d3af388e2bcc-decompylepp.stdout.txt,PycLens/data/rq2/failed_cases_decompylepp_traces/d3af388e2bcc-decompylepp.stderr.txt
baae7a61b931,decompylepp,exit_1,Bad MAGIC! Could not load file PycLens/data/rq2/failed_cases/recycling-1.1.0-cpython-311-baae7a61b931.pyc,recycling,1.1.0,recycling-1.1.0.tar.gz,tar,recycling-1.1.0/venues/stages/recycling/stage/moves/__pycache__/create_wallet.cpython-311.pyc,recycling-1.1.0-cpython-311-baae7a61b931.pyc,cpython-311,42946,False,4,pylingual_decompilable,decompyle3;marshal,error;exit_2,marshal_parse_failure;tool_exit,marshal:error:marshal_failed: || decompyle3:exit_2:/root/PyBC-Sec/pybcSEC/data/rq2/envs/cpython-311/lib/python3.11/site-packages/click/core.py:1262: UserWarning: The parameter --version is used more than once. Remove its duplicate as parameters should be unique. parser = self.make_parser...,PycLens/data/rq2/failed_cases_decompylepp_traces/baae7a61b931-decompylepp.command.txt,PycLens/data/rq2/failed_cases_decompylepp_traces/baae7a61b931-decompylepp.stdout.txt,PycLens/data/rq2/failed_cases_decompylepp_traces/baae7a61b931-decompylepp.stderr.txt
278c07215fa6,decompylepp,exit_1,Bad MAGIC! Could not load file PycLens/data/rq2/failed_cases/recycling-1.1.0-cpython-311-278c07215fa6.pyc,recycling,1.1.0,recycling-1.1.0.tar.gz,tar,recycling-1.1.0/venues/stages/recycling/stage/moves/__pycache__/form_proposal_keys.cpython-311.pyc,recycling-1.1.0-cpython-311-278c07215fa6.pyc,cpython-311,42946,False,4,pylingual_decompilable,decompyle3;marshal,error;exit_2,marshal_parse_failure;tool_exit,marshal:error:marshal_failed: || decompyle3:exit_2:/root/PyBC-Sec/pybcSEC/data/rq2/envs/cpython-311/lib/python3.11/site-packages/click/core.py:1262: UserWarning: The parameter --version is used more than once. Remove its duplicate as parameters should be unique. parser = self.make_parser...,PycLens/data/rq2/failed_cases_decompylepp_traces/278c07215fa6-decompylepp.command.txt,PycLens/data/rq2/failed_cases_decompylepp_traces/278c07215fa6-decompylepp.stdout.txt,PycLens/data/rq2/failed_cases_decompylepp_traces/278c07215fa6-decompylepp.stderr.txt
066bbb658b4d,decompylepp,exit_1,PycFile::getByte(): Unexpected end of stream,recycling,1.1.0,recycling-1.1.0.tar.gz,tar,recycling-1.1.0/venues/stages/recycling/stage/moves/names/scene_1/__pycache__/produce.cpython-310.pyc,recycling-1.1.0-cpython-310-066bbb658b4d.pyc,cpython-310,3439,False,4,pylingual_decompilable,decompyle3;marshal,error;exit_2,marshal_parse_failure;tool_exit,marshal:error:marshal_failed: || decompyle3:exit_2:/root/PyBC-Sec/pybcSEC/data/rq2/envs/cpython-310/lib/python3.10/site-packages/click/core.py:1262: UserWarning: The parameter --version is used more than once. Remove its duplicate as parameters should be unique. parser = self.make_parser...,PycLens/data/rq2/failed_cases_decompylepp_traces/066bbb658b4d-decompylepp.command.txt,PycLens/data/rq2/failed_cases_decompylepp_traces/066bbb658b4d-decompylepp.stdout.txt,PycLens/data/rq2/failed_cases_decompylepp_traces/066bbb658b4d-decompylepp.stderr.txt
456a1763947c,decompylepp,exit_1,CreateObject: Got unsupported type 0x0 Error loading file PycLens/data/rq2/failed_cases/refex-0.1.1-cpython-39-456a1763947c.pyc: std::bad_cast,refex,0.1.1,refex-0.1.1.tar.gz,tar,refex-0.1.1/refex/fix/__pycache__/test_fixer.cpython-39-pytest-6.0.1.pyc,refex-0.1.1-cpython-39-456a1763947c.pyc,cpython-39,3425,True,4,pylingual_decompilable,decompyle3,exit_2,tool_exit,"decompyle3:exit_2:Traceback (most recent call last): File ""/root/PyBC-Sec/pybcSEC/data/rq2/envs/cpython-39/lib/python3.9/site-packages/xdis/load.py"", line 328, in load_module_from_file_object co = marshal.loads(bytecode) ValueError: bad marshal data (unkn...",PycLens/data/rq2/failed_cases_decompylepp_traces/456a1763947c-decompylepp.command.txt,PycLens/data/rq2/failed_cases_decompylepp_traces/456a1763947c-decompylepp.stdout.txt,PycLens/data/rq2/failed_cases_decompylepp_traces/456a1763947c-decompylepp.stderr.txt
3eb343dda8cb,decompylepp,exit_1,CreateObject: Got unsupported type 0x0 Error loading file PycLens/data/rq2/failed_cases/refex-0.1.1-cpython-39-3eb343dda8cb.pyc: std::bad_cast,refex,0.1.1,refex-0.1.1.tar.gz,tar,refex-0.1.1/refex/fix/__pycache__/test_generate_example.cpython-39-pytest-6.0.1.pyc,refex-0.1.1-cpython-39-3eb343dda8cb.pyc,cpython-39,3425,True,4,pylingual_decompilable,decompyle3,exit_2,tool_exit,"decompyle3:exit_2:Traceback (most recent call last): File ""/root/PyBC-Sec/pybcSEC/data/rq2/envs/cpython-39/lib/python3.9/site-packages/xdis/load.py"", line 328, in load_module_from_file_object co = marshal.loads(bytecode) ValueError: bad marshal data (unkn...",PycLens/data/rq2/failed_cases_decompylepp_traces/3eb343dda8cb-decompylepp.command.txt,PycLens/data/rq2/failed_cases_decompylepp_traces/3eb343dda8cb-decompylepp.stdout.txt,PycLens/data/rq2/failed_cases_decompylepp_traces/3eb343dda8cb-decompylepp.stderr.txt
3afca0e506b7,decompylepp,exit_1,CreateObject: Got unsupported type 0x0 Error loading file PycLens/data/rq2/failed_cases/refex-0.1.1-cpython-39-3afca0e506b7.pyc: std::bad_cast,refex,0.1.1,refex-0.1.1.tar.gz,tar,refex-0.1.1/refex/fix/fixers/__pycache__/test_correctness_fixers.cpython-39-pytest-6.0.1.pyc,refex-0.1.1-cpython-39-3afca0e506b7.pyc,cpython-39,3425,True,4,pylingual_decompilable,decompyle3,exit_2,tool_exit,"decompyle3:exit_2:Traceback (most recent call last): File ""/root/PyBC-Sec/pybcSEC/data/rq2/envs/cpython-39/lib/python3.9/site-packages/xdis/load.py"", line 328, in load_module_from_file_object co = marshal.loads(bytecode) ValueError: bad marshal data (unkn...",PycLens/data/rq2/failed_cases_decompylepp_traces/3afca0e506b7-decompylepp.command.txt,PycLens/data/rq2/failed_cases_decompylepp_traces/3afca0e506b7-decompylepp.stdout.txt,PycLens/data/rq2/failed_cases_decompylepp_traces/3afca0e506b7-decompylepp.stderr.txt
77b4e57cb413,decompylepp,exit_1,CreateObject: Got unsupported type 0x0 Error loading file PycLens/data/rq2/failed_cases/refex-0.1.1-cpython-39-77b4e57cb413.pyc: std::bad_cast,refex,0.1.1,refex-0.1.1.tar.gz,tar,refex-0.1.1/refex/fix/fixers/__pycache__/test_idiom_fixers.cpython-39-pytest-6.0.1.pyc,refex-0.1.1-cpython-39-77b4e57cb413.pyc,cpython-39,3425,True,4,pylingual_decompilable,decompyle3,exit_2,tool_exit,"decompyle3:exit_2:Traceback (most recent call last): File ""/root/PyBC-Sec/pybcSEC/data/rq2/envs/cpython-39/lib/python3.9/site-packages/xdis/load.py"", line 328, in load_module_from_file_object co = marshal.loads(bytecode) ValueError: bad marshal data (unkn...",PycLens/data/rq2/failed_cases_decompylepp_traces/77b4e57cb413-decompylepp.command.txt,PycLens/data/rq2/failed_cases_decompylepp_traces/77b4e57cb413-decompylepp.stdout.txt,PycLens/data/rq2/failed_cases_decompylepp_traces/77b4e57cb413-decompylepp.stderr.txt
a4df335894d6,decompylepp,exit_1,CreateObject: Got unsupported type 0x0 Error loading file PycLens/data/rq2/failed_cases/refex-0.1.1-cpython-39-a4df335894d6.pyc: std::bad_cast,refex,0.1.1,refex-0.1.1.tar.gz,tar,refex-0.1.1/refex/fix/fixers/__pycache__/test_modern_python_fixers.cpython-39-pytest-6.0.1.pyc,refex-0.1.1-cpython-39-a4df335894d6.pyc,cpython-39,3425,True,4,pylingual_decompilable,decompyle3,exit_2,tool_exit,"decompyle3:exit_2:Traceback (most recent call last): File ""/root/PyBC-Sec/pybcSEC/data/rq2/envs/cpython-39/lib/python3.9/site-packages/xdis/load.py"", line 328, in load_module_from_file_object co = marshal.loads(bytecode) ValueError: bad marshal data (unkn...",PycLens/data/rq2/failed_cases_decompylepp_traces/a4df335894d6-decompylepp.command.txt,PycLens/data/rq2/failed_cases_decompylepp_traces/a4df335894d6-decompylepp.stdout.txt,PycLens/data/rq2/failed_cases_decompylepp_traces/a4df335894d6-decompylepp.stderr.txt
f52e8a7987c9,decompylepp,exit_1,CreateObject: Got unsupported type 0x0 Error loading file PycLens/data/rq2/failed_cases/refex-0.1.1-cpython-39-f52e8a7987c9.pyc: std::bad_cast,refex,0.1.1,refex-0.1.1.tar.gz,tar,refex-0.1.1/refex/python/__pycache__/test_error_strings.cpython-39-pytest-6.0.1.pyc,refex-0.1.1-cpython-39-f52e8a7987c9.pyc,cpython-39,3425,True,4,pylingual_decompilable,decompyle3,exit_2,tool_exit,"decompyle3:exit_2:Traceback (most recent call last): File ""/root/PyBC-Sec/pybcSEC/data/rq2/envs/cpython-39/lib/python3.9/site-packages/xdis/load.py"", line 328, in load_module_from_file_object co = marshal.loads(bytecode) ValueError: bad marshal data (unkn...",PycLens/data/rq2/failed_cases_decompylepp_traces/f52e8a7987c9-decompylepp.command.txt,PycLens/data/rq2/failed_cases_decompylepp_traces/f52e8a7987c9-decompylepp.stdout.txt,PycLens/data/rq2/failed_cases_decompylepp_traces/f52e8a7987c9-decompylepp.stderr.txt
45f56d54dcd5,decompylepp,exit_1,CreateObject: Got unsupported type 0x0 Error loading file PycLens/data/rq2/failed_cases/refex-0.1.1-cpython-39-45f56d54dcd5.pyc: std::bad_cast,refex,0.1.1,refex-0.1.1.tar.gz,tar,refex-0.1.1/refex/python/__pycache__/test_evaluate.cpython-39-pytest-6.0.1.pyc,refex-0.1.1-cpython-39-45f56d54dcd5.pyc,cpython-39,3425,True,4,pylingual_decompilable,decompyle3,exit_2,tool_exit,"decompyle3:exit_2:Traceback (most recent call last): File ""/root/PyBC-Sec/pybcSEC/data/rq2/envs/cpython-39/lib/python3.9/site-packages/xdis/load.py"", line 328, in load_module_from_file_object co = marshal.loads(bytecode) ValueError: bad marshal data (unkn...",PycLens/data/rq2/failed_cases_decompylepp_traces/45f56d54dcd5-decompylepp.command.txt,PycLens/data/rq2/failed_cases_decompylepp_traces/45f56d54dcd5-decompylepp.stdout.txt,PycLens/data/rq2/failed_cases_decompylepp_traces/45f56d54dcd5-decompylepp.stderr.txt
7e317cd3224e,decompylepp,exit_1,CreateObject: Got unsupported type 0x0 Error loading file PycLens/data/rq2/failed_cases/refex-0.1.1-cpython-39-7e317cd3224e.pyc: std::bad_cast,refex,0.1.1,refex-0.1.1.tar.gz,tar,refex-0.1.1/refex/python/__pycache__/test_matcher.cpython-39-pytest-6.0.1.pyc,refex-0.1.1-cpython-39-7e317cd3224e.pyc,cpython-39,3425,True,4,pylingual_decompilable,decompyle3,exit_2,tool_exit,"decompyle3:exit_2:Traceback (most recent call last): File ""/root/PyBC-Sec/pybcSEC/data/rq2/envs/cpython-39/lib/python3.9/site-packages/xdis/load.py"", line 328, in load_module_from_file_object co = marshal.loads(bytecode) ValueError: bad marshal data (unkn...",PycLens/data/rq2/failed_cases_decompylepp_traces/7e317cd3224e-decompylepp.command.txt,PycLens/data/rq2/failed_cases_decompylepp_traces/7e317cd3224e-decompylepp.stdout.txt,PycLens/data/rq2/failed_cases_decompylepp_traces/7e317cd3224e-decompylepp.stderr.txt
b7b15b4a27eb,decompylepp,exit_1,CreateObject: Got unsupported type 0x0 Error loading file PycLens/data/rq2/failed_cases/refex-0.1.1-cpython-39-b7b15b4a27eb.pyc: std::bad_cast,refex,0.1.1,refex-0.1.1.tar.gz,tar,refex-0.1.1/refex/python/__pycache__/test_python_pattern.cpython-39-pytest-6.0.1.pyc,refex-0.1.1-cpython-39-b7b15b4a27eb.pyc,cpython-39,3425,True,4,pylingual_decompilable,decompyle3,exit_2,tool_exit,"decompyle3:exit_2:Traceback (most recent call last): File ""/root/PyBC-Sec/pybcSEC/data/rq2/envs/cpython-39/lib/python3.9/site-packages/xdis/load.py"", line 328, in load_module_from_file_object co = marshal.loads(bytecode) ValueError: bad marshal data (unkn...",PycLens/data/rq2/failed_cases_decompylepp_traces/b7b15b4a27eb-decompylepp.command.txt,PycLens/data/rq2/failed_cases_decompylepp_traces/b7b15b4a27eb-decompylepp.stdout.txt,PycLens/data/rq2/failed_cases_decompylepp_traces/b7b15b4a27eb-decompylepp.stderr.txt
762d68f71ee1,decompylepp,exit_1,CreateObject: Got unsupported type 0x0 Error loading file PycLens/data/rq2/failed_cases/refex-0.1.1-cpython-39-762d68f71ee1.pyc: std::bad_cast,refex,0.1.1,refex-0.1.1.tar.gz,tar,refex-0.1.1/refex/python/__pycache__/test_semiliteral_eval.cpython-39-pytest-6.0.1.pyc,refex-0.1.1-cpython-39-762d68f71ee1.pyc,cpython-39,3425,True,4,pylingual_decompilable,decompyle3,exit_2,tool_exit,"decompyle3:exit_2:Traceback (most recent call last): File ""/root/PyBC-Sec/pybcSEC/data/rq2/envs/cpython-39/lib/python3.9/site-packages/xdis/load.py"", line 328, in load_module_from_file_object co = marshal.loads(bytecode) ValueError: bad marshal data (unkn...",PycLens/data/rq2/failed_cases_decompylepp_traces/762d68f71ee1-decompylepp.command.txt,PycLens/data/rq2/failed_cases_decompylepp_traces/762d68f71ee1-decompylepp.stdout.txt,PycLens/data/rq2/failed_cases_decompylepp_traces/762d68f71ee1-decompylepp.stderr.txt
7d7f531eee01,decompylepp,exit_1,CreateObject: Got unsupported type 0x0 Error loading file PycLens/data/rq2/failed_cases/refex-0.1.1-cpython-39-7d7f531eee01.pyc: std::bad_cast,refex,0.1.1,refex-0.1.1.tar.gz,tar,refex-0.1.1/refex/python/__pycache__/test_syntactic_template.cpython-39-pytest-6.0.1.pyc,refex-0.1.1-cpython-39-7d7f531eee01.pyc,cpython-39,3425,True,4,pylingual_decompilable,decompyle3,exit_2,tool_exit,"decompyle3:exit_2:Traceback (most recent call last): File ""/root/PyBC-Sec/pybcSEC/data/rq2/envs/cpython-39/lib/python3.9/site-packages/xdis/load.py"", line 328, in load_module_from_file_object co = marshal.loads(bytecode) ValueError: bad marshal data (unkn...",PycLens/data/rq2/failed_cases_decompylepp_traces/7d7f531eee01-decompylepp.command.txt,PycLens/data/rq2/failed_cases_decompylepp_traces/7d7f531eee01-decompylepp.stdout.txt,PycLens/data/rq2/failed_cases_decompylepp_traces/7d7f531eee01-decompylepp.stderr.txt
39864016b473,decompylepp,exit_1,CreateObject: Got unsupported type 0x0 Error loading file PycLens/data/rq2/failed_cases/refex-0.1.1-cpython-39-39864016b473.pyc: std::bad_cast,refex,0.1.1,refex-0.1.1.tar.gz,tar,refex-0.1.1/refex/python/matchers/__pycache__/test_ast_matchers.cpython-39-pytest-6.0.1.pyc,refex-0.1.1-cpython-39-39864016b473.pyc,cpython-39,3425,True,4,pylingual_decompilable,decompyle3,exit_2,tool_exit,"decompyle3:exit_2:Traceback (most recent call last): File ""/root/PyBC-Sec/pybcSEC/data/rq2/envs/cpython-39/lib/python3.9/site-packages/xdis/load.py"", line 328, in load_module_from_file_object co = marshal.loads(bytecode) ValueError: bad marshal data (unkn...",PycLens/data/rq2/failed_cases_decompylepp_traces/39864016b473-decompylepp.command.txt,PycLens/data/rq2/failed_cases_decompylepp_traces/39864016b473-decompylepp.stdout.txt,PycLens/data/rq2/failed_cases_decompylepp_traces/39864016b473-decompylepp.stderr.txt
9d33a0369ad6,decompylepp,exit_1,CreateObject: Got unsupported type 0x0 Error loading file PycLens/data/rq2/failed_cases/refex-0.1.1-cpython-39-9d33a0369ad6.pyc: std::bad_cast,refex,0.1.1,refex-0.1.1.tar.gz,tar,refex-0.1.1/refex/python/matchers/__pycache__/test_base_matchers.cpython-39-pytest-6.0.1.pyc,refex-0.1.1-cpython-39-9d33a0369ad6.pyc,cpython-39,3425,True,4,pylingual_decompilable,decompyle3,exit_2,tool_exit,"decompyle3:exit_2:Traceback (most recent call last): File ""/root/PyBC-Sec/pybcSEC/data/rq2/envs/cpython-39/lib/python3.9/site-packages/xdis/load.py"", line 328, in load_module_from_file_object co = marshal.loads(bytecode) ValueError: bad marshal data (unkn...",PycLens/data/rq2/failed_cases_decompylepp_traces/9d33a0369ad6-decompylepp.command.txt,PycLens/data/rq2/failed_cases_decompylepp_traces/9d33a0369ad6-decompylepp.stdout.txt,PycLens/data/rq2/failed_cases_decompylepp_traces/9d33a0369ad6-decompylepp.stderr.txt
0e99dd67ce3c,decompylepp,exit_1,CreateObject: Got unsupported type 0x0 Error loading file PycLens/data/rq2/failed_cases/refex-0.1.1-cpython-39-0e99dd67ce3c.pyc: std::bad_cast,refex,0.1.1,refex-0.1.1.tar.gz,tar,refex-0.1.1/refex/python/matchers/__pycache__/test_lexical_matchers.cpython-39-pytest-6.0.1.pyc,refex-0.1.1-cpython-39-0e99dd67ce3c.pyc,cpython-39,3425,True,4,pylingual_decompilable,decompyle3,exit_2,tool_exit,"decompyle3:exit_2:Traceback (most recent call last): File ""/root/PyBC-Sec/pybcSEC/data/rq2/envs/cpython-39/lib/python3.9/site-packages/xdis/load.py"", line 328, in load_module_from_file_object co = marshal.loads(bytecode) ValueError: bad marshal data (unkn...",PycLens/data/rq2/failed_cases_decompylepp_traces/0e99dd67ce3c-decompylepp.command.txt,PycLens/data/rq2/failed_cases_decompylepp_traces/0e99dd67ce3c-decompylepp.stdout.txt,PycLens/data/rq2/failed_cases_decompylepp_traces/0e99dd67ce3c-decompylepp.stderr.txt
7a1493283298,decompylepp,exit_1,CreateObject: Got unsupported type 0x0 Error loading file PycLens/data/rq2/failed_cases/refex-0.1.1-cpython-39-7a1493283298.pyc: std::bad_cast,refex,0.1.1,refex-0.1.1.tar.gz,tar,refex-0.1.1/refex/python/matchers/__pycache__/test_syntax_matchers.cpython-39-pytest-6.0.1.pyc,refex-0.1.1-cpython-39-7a1493283298.pyc,cpython-39,3425,True,4,pylingual_decompilable,decompyle3,exit_2,tool_exit,"decompyle3:exit_2:Traceback (most recent call last): File ""/root/PyBC-Sec/pybcSEC/data/rq2/envs/cpython-39/lib/python3.9/site-packages/xdis/load.py"", line 328, in load_module_from_file_object co = marshal.loads(bytecode) ValueError: bad marshal data (unkn...",PycLens/data/rq2/failed_cases_decompylepp_traces/7a1493283298-decompylepp.command.txt,PycLens/data/rq2/failed_cases_decompylepp_traces/7a1493283298-decompylepp.stdout.txt,PycLens/data/rq2/failed_cases_decompylepp_traces/7a1493283298-decompylepp.stderr.txt
75cb48cc2d5f,decompylepp,exit_1,CreateObject: Got unsupported type 0x0 Error loading file PycLens/data/rq2/failed_cases/restless-dj-utils-0.2b5-cpython-38-75cb48cc2d5f.pyc: std::bad_cast,restless-dj-utils,0.2b5,restless_dj_utils-0.2b5-py3-none-any.whl,wheel,restless_dj_utils/tests/__pycache__/conftest.cpython-38-pytest-6.0.1.pyc,restless-dj-utils-0.2b5-cpython-38-75cb48cc2d5f.pyc,cpython-38,3413,True,4,pylingual_decompilable,decompyle3,exit_2,tool_exit,"decompyle3:exit_2:Traceback (most recent call last): File ""/root/PyBC-Sec/pybcSEC/data/rq2/envs/cpython-38/lib/python3.8/site-packages/xdis/load.py"", line 328, in load_module_from_file_object co = marshal.loads(bytecode) ValueError: bad marshal data (unkn...",PycLens/data/rq2/failed_cases_decompylepp_traces/75cb48cc2d5f-decompylepp.command.txt,PycLens/data/rq2/failed_cases_decompylepp_traces/75cb48cc2d5f-decompylepp.stdout.txt,PycLens/data/rq2/failed_cases_decompylepp_traces/75cb48cc2d5f-decompylepp.stderr.txt
6b28065e3e1e,decompylepp,exit_1,CreateObject: Got unsupported type 0x0 Error loading file PycLens/data/rq2/failed_cases/restless-dj-utils-0.2b5-cpython-38-6b28065e3e1e.pyc: std::bad_cast,restless-dj-utils,0.2b5,restless_dj_utils-0.2b5-py3-none-any.whl,wheel,restless_dj_utils/tests/resources/__pycache__/test_auth_resource.cpython-38-pytest-6.0.1.pyc,restless-dj-utils-0.2b5-cpython-38-6b28065e3e1e.pyc,cpython-38,3413,True,4,pylingual_decompilable,decompyle3,exit_2,tool_exit,"decompyle3:exit_2:Traceback (most recent call last): File ""/root/PyBC-Sec/pybcSEC/data/rq2/envs/cpython-38/lib/python3.8/site-packages/xdis/load.py"", line 328, in load_module_from_file_object co = marshal.loads(bytecode) ValueError: bad marshal data (unkn...",PycLens/data/rq2/failed_cases_decompylepp_traces/6b28065e3e1e-decompylepp.command.txt,PycLens/data/rq2/failed_cases_decompylepp_traces/6b28065e3e1e-decompylepp.stdout.txt,PycLens/data/rq2/failed_cases_decompylepp_traces/6b28065e3e1e-decompylepp.stderr.txt
19790d8bf89e,decompylepp,exit_1,CreateObject: Got unsupported type 0x0 Error loading file PycLens/data/rq2/failed_cases/restless-dj-utils-0.2b5-cpython-38-19790d8bf89e.pyc: std::bad_cast,restless-dj-utils,0.2b5,restless_dj_utils-0.2b5-py3-none-any.whl,wheel,restless_dj_utils/tests/rest_sessions/__pycache__/test_authenticate_token.cpython-38-pytest-6.0.1.pyc,restless-dj-utils-0.2b5-cpython-38-19790d8bf89e.pyc,cpython-38,3413,True,4,pylingual_decompilable,decompyle3,exit_2,tool_exit,"decompyle3:exit_2:Traceback (most recent call last): File ""/root/PyBC-Sec/pybcSEC/data/rq2/envs/cpython-38/lib/python3.8/site-packages/xdis/load.py"", line 328, in load_module_from_file_object co = marshal.loads(bytecode) ValueError: bad marshal data (unkn...",PycLens/data/rq2/failed_cases_decompylepp_traces/19790d8bf89e-decompylepp.command.txt,PycLens/data/rq2/failed_cases_decompylepp_traces/19790d8bf89e-decompylepp.stdout.txt,PycLens/data/rq2/failed_cases_decompylepp_traces/19790d8bf89e-decompylepp.stderr.txt
41389f1e0b8c,decompylepp,exit_1,CreateObject: Got unsupported type 0x0 Error loading file PycLens/data/rq2/failed_cases/restless-dj-utils-0.2b5-cpython-38-41389f1e0b8c.pyc: std::bad_cast,restless-dj-utils,0.2b5,restless_dj_utils-0.2b5-py3-none-any.whl,wheel,restless_dj_utils/tests/rest_sessions/__pycache__/test_authenticate_user.cpython-38-pytest-6.0.1.pyc,restless-dj-utils-0.2b5-cpython-38-41389f1e0b8c.pyc,cpython-38,3413,True,4,pylingual_decompilable,decompyle3,exit_2,tool_exit,"decompyle3:exit_2:Traceback (most recent call last): File ""/root/PyBC-Sec/pybcSEC/data/rq2/envs/cpython-38/lib/python3.8/site-packages/xdis/load.py"", line 328, in load_module_from_file_object co = marshal.loads(bytecode) ValueError: bad marshal data (unkn...",PycLens/data/rq2/failed_cases_decompylepp_traces/41389f1e0b8c-decompylepp.command.txt,PycLens/data/rq2/failed_cases_decompylepp_traces/41389f1e0b8c-decompylepp.stdout.txt,PycLens/data/rq2/failed_cases_decompylepp_traces/41389f1e0b8c-decompylepp.stderr.txt
c591b72553f9,decompylepp,exit_1,CreateObject: Got unsupported type 0x0 Error loading file PycLens/data/rq2/failed_cases/restless-dj-utils-0.2b5-cpython-38-c591b72553f9.pyc: std::bad_cast,restless-dj-utils,0.2b5,restless_dj_utils-0.2b5-py3-none-any.whl,wheel,restless_dj_utils/tests/rest_sessions/__pycache__/test_backends.cpython-38-pytest-6.0.1.pyc,restless-dj-utils-0.2b5-cpython-38-c591b72553f9.pyc,cpython-38,3413,True,4,pylingual_decompilable,decompyle3,exit_2,tool_exit,"decompyle3:exit_2:Traceback (most recent call last): File ""/root/PyBC-Sec/pybcSEC/data/rq2/envs/cpython-38/lib/python3.8/site-packages/xdis/load.py"", line 328, in load_module_from_file_object co = marshal.loads(bytecode) ValueError: bad marshal data (unkn...",PycLens/data/rq2/failed_cases_decompylepp_traces/c591b72553f9-decompylepp.command.txt,PycLens/data/rq2/failed_cases_decompylepp_traces/c591b72553f9-decompylepp.stdout.txt,PycLens/data/rq2/failed_cases_decompylepp_traces/c591b72553f9-decompylepp.stderr.txt
993674a9e80e,decompylepp,exit_1,CreateObject: Got unsupported type 0x0 Error loading file PycLens/data/rq2/failed_cases/restless-dj-utils-0.2b5-cpython-38-993674a9e80e.pyc: std::bad_cast,restless-dj-utils,0.2b5,restless_dj_utils-0.2b5-py3-none-any.whl,wheel,restless_dj_utils/tests/rest_sessions/__pycache__/test_cleanup_task.cpython-38-pytest-6.0.1.pyc,restless-dj-utils-0.2b5-cpython-38-993674a9e80e.pyc,cpython-38,3413,True,4,pylingual_decompilable,decompyle3,exit_2,tool_exit,"decompyle3:exit_2:Traceback (most recent call last): File ""/root/PyBC-Sec/pybcSEC/data/rq2/envs/cpython-38/lib/python3.8/site-packages/xdis/load.py"", line 328, in load_module_from_file_object co = marshal.loads(bytecode) ValueError: bad marshal data (unkn...",PycLens/data/rq2/failed_cases_decompylepp_traces/993674a9e80e-decompylepp.command.txt,PycLens/data/rq2/failed_cases_decompylepp_traces/993674a9e80e-decompylepp.stdout.txt,PycLens/data/rq2/failed_cases_decompylepp_traces/993674a9e80e-decompylepp.stderr.txt
2c3bd80de300,decompylepp,exit_1,CreateObject: Got unsupported type 0x0 Error loading file PycLens/data/rq2/failed_cases/restless-dj-utils-0.2b5-cpython-38-2c3bd80de300.pyc: std::bad_cast,restless-dj-utils,0.2b5,restless_dj_utils-0.2b5-py3-none-any.whl,wheel,restless_dj_utils/tests/rest_sessions/__pycache__/test_logout_user.cpython-38-pytest-6.0.1.pyc,restless-dj-utils-0.2b5-cpython-38-2c3bd80de300.pyc,cpython-38,3413,True,4,pylingual_decompilable,decompyle3,exit_2,tool_exit,"decompyle3:exit_2:Traceback (most recent call last): File ""/root/PyBC-Sec/pybcSEC/data/rq2/envs/cpython-38/lib/python3.8/site-packages/xdis/load.py"", line 328, in load_module_from_file_object co = marshal.loads(bytecode) ValueError: bad marshal data (unkn...",PycLens/data/rq2/failed_cases_decompylepp_traces/2c3bd80de300-decompylepp.command.txt,PycLens/data/rq2/failed_cases_decompylepp_traces/2c3bd80de300-decompylepp.stdout.txt,PycLens/data/rq2/failed_cases_decompylepp_traces/2c3bd80de300-decompylepp.stderr.txt
4d9be93786b4,decompylepp,exit_1,CreateObject: Got unsupported type 0x0 Error loading file PycLens/data/rq2/failed_cases/restless-dj-utils-0.2b5-cpython-38-4d9be93786b4.pyc: std::bad_cast,restless-dj-utils,0.2b5,restless_dj_utils-0.2b5-py3-none-any.whl,wheel,restless_dj_utils/tests/utils/__pycache__/test_is_true.cpython-38-pytest-6.0.1.pyc,restless-dj-utils-0.2b5-cpython-38-4d9be93786b4.pyc,cpython-38,3413,True,4,pylingual_decompilable,decompyle3,exit_2,tool_exit,"decompyle3:exit_2:Traceback (most recent call last): File ""/root/PyBC-Sec/pybcSEC/data/rq2/envs/cpython-38/lib/python3.8/site-packages/xdis/load.py"", line 328, in load_module_from_file_object co = marshal.loads(bytecode) ValueError: bad marshal data (unkn...",PycLens/data/rq2/failed_cases_decompylepp_traces/4d9be93786b4-decompylepp.command.txt,PycLens/data/rq2/failed_cases_decompylepp_traces/4d9be93786b4-decompylepp.stdout.txt,PycLens/data/rq2/failed_cases_decompylepp_traces/4d9be93786b4-decompylepp.stderr.txt
2dcee2181d97,decompylepp,exit_1,CreateObject: Got unsupported type 0x0 Error loading file PycLens/data/rq2/failed_cases/restless-dj-utils-0.2b5-cpython-38-2dcee2181d97.pyc: std::bad_cast,restless-dj-utils,0.2b5,restless_dj_utils-0.2b5.tar.gz,tar,restless_dj_utils-0.2b5/restless_dj_utils/tests/__pycache__/conftest.cpython-38-pytest-6.0.1.pyc,restless-dj-utils-0.2b5-cpython-38-2dcee2181d97.pyc,cpython-38,3413,True,4,pylingual_decompilable,decompyle3,exit_2,tool_exit,"decompyle3:exit_2:Traceback (most recent call last): File ""/root/PyBC-Sec/pybcSEC/data/rq2/envs/cpython-38/lib/python3.8/site-packages/xdis/load.py"", line 328, in load_module_from_file_object co = marshal.loads(bytecode) ValueError: bad marshal data (unkn...",PycLens/data/rq2/failed_cases_decompylepp_traces/2dcee2181d97-decompylepp.command.txt,PycLens/data/rq2/failed_cases_decompylepp_traces/2dcee2181d97-decompylepp.stdout.txt,PycLens/data/rq2/failed_cases_decompylepp_traces/2dcee2181d97-decompylepp.stderr.txt
24ede2ed0005,decompylepp,exit_1,CreateObject: Got unsupported type 0x0 Error loading file PycLens/data/rq2/failed_cases/restless-dj-utils-0.2b5-cpython-38-24ede2ed0005.pyc: std::bad_cast,restless-dj-utils,0.2b5,restless_dj_utils-0.2b5.tar.gz,tar,restless_dj_utils-0.2b5/restless_dj_utils/tests/resources/__pycache__/test_auth_resource.cpython-38-pytest-6.0.1.pyc,restless-dj-utils-0.2b5-cpython-38-24ede2ed0005.pyc,cpython-38,3413,True,4,pylingual_decompilable,decompyle3,exit_2,tool_exit,"decompyle3:exit_2:Traceback (most recent call last): File ""/root/PyBC-Sec/pybcSEC/data/rq2/envs/cpython-38/lib/python3.8/site-packages/xdis/load.py"", line 328, in load_module_from_file_object co = marshal.loads(bytecode) ValueError: bad marshal data (unkn...",PycLens/data/rq2/failed_cases_decompylepp_traces/24ede2ed0005-decompylepp.command.txt,PycLens/data/rq2/failed_cases_decompylepp_traces/24ede2ed0005-decompylepp.stdout.txt,PycLens/data/rq2/failed_cases_decompylepp_traces/24ede2ed0005-decompylepp.stderr.txt
15b5e03a584d,decompylepp,exit_1,CreateObject: Got unsupported type 0x0 Error loading file PycLens/data/rq2/failed_cases/restless-dj-utils-0.2b5-cpython-38-15b5e03a584d.pyc: std::bad_cast,restless-dj-utils,0.2b5,restless_dj_utils-0.2b5.tar.gz,tar,restless_dj_utils-0.2b5/restless_dj_utils/tests/rest_sessions/__pycache__/test_authenticate_token.cpython-38-pytest-6.0.1.pyc,restless-dj-utils-0.2b5-cpython-38-15b5e03a584d.pyc,cpython-38,3413,True,4,pylingual_decompilable,decompyle3,exit_2,tool_exit,"decompyle3:exit_2:Traceback (most recent call last): File ""/root/PyBC-Sec/pybcSEC/data/rq2/envs/cpython-38/lib/python3.8/site-packages/xdis/load.py"", line 328, in load_module_from_file_object co = marshal.loads(bytecode) ValueError: bad marshal data (unkn...",PycLens/data/rq2/failed_cases_decompylepp_traces/15b5e03a584d-decompylepp.command.txt,PycLens/data/rq2/failed_cases_decompylepp_traces/15b5e03a584d-decompylepp.stdout.txt,PycLens/data/rq2/failed_cases_decompylepp_traces/15b5e03a584d-decompylepp.stderr.txt
d90b2908df09,decompylepp,exit_1,CreateObject: Got unsupported type 0x0 Error loading file PycLens/data/rq2/failed_cases/restless-dj-utils-0.2b5-cpython-38-d90b2908df09.pyc: std::bad_cast,restless-dj-utils,0.2b5,restless_dj_utils-0.2b5.tar.gz,tar,restless_dj_utils-0.2b5/restless_dj_utils/tests/rest_sessions/__pycache__/test_authenticate_user.cpython-38-pytest-6.0.1.pyc,restless-dj-utils-0.2b5-cpython-38-d90b2908df09.pyc,cpython-38,3413,True,4,pylingual_decompilable,decompyle3,exit_2,tool_exit,"decompyle3:exit_2:Traceback (most recent call last): File ""/root/PyBC-Sec/pybcSEC/data/rq2/envs/cpython-38/lib/python3.8/site-packages/xdis/load.py"", line 328, in load_module_from_file_object co = marshal.loads(bytecode) ValueError: bad marshal data (unkn...",PycLens/data/rq2/failed_cases_decompylepp_traces/d90b2908df09-decompylepp.command.txt,PycLens/data/rq2/failed_cases_decompylepp_traces/d90b2908df09-decompylepp.stdout.txt,PycLens/data/rq2/failed_cases_decompylepp_traces/d90b2908df09-decompylepp.stderr.txt
50257cafc8da,decompylepp,exit_1,CreateObject: Got unsupported type 0x0 Error loading file PycLens/data/rq2/failed_cases/restless-dj-utils-0.2b5-cpython-38-50257cafc8da.pyc: std::bad_cast,restless-dj-utils,0.2b5,restless_dj_utils-0.2b5.tar.gz,tar,restless_dj_utils-0.2b5/restless_dj_utils/tests/rest_sessions/__pycache__/test_backends.cpython-38-pytest-6.0.1.pyc,restless-dj-utils-0.2b5-cpython-38-50257cafc8da.pyc,cpython-38,3413,True,4,pylingual_decompilable,decompyle3,exit_2,tool_exit,"decompyle3:exit_2:Traceback (most recent call last): File ""/root/PyBC-Sec/pybcSEC/data/rq2/envs/cpython-38/lib/python3.8/site-packages/xdis/load.py"", line 328, in load_module_from_file_object co = marshal.loads(bytecode) ValueError: bad marshal data (unkn...",PycLens/data/rq2/failed_cases_decompylepp_traces/50257cafc8da-decompylepp.command.txt,PycLens/data/rq2/failed_cases_decompylepp_traces/50257cafc8da-decompylepp.stdout.txt,PycLens/data/rq2/failed_cases_decompylepp_traces/50257cafc8da-decompylepp.stderr.txt
1081e4586f8b,decompylepp,exit_1,CreateObject: Got unsupported type 0x0 Error loading file PycLens/data/rq2/failed_cases/restless-dj-utils-0.2b5-cpython-38-1081e4586f8b.pyc: std::bad_cast,restless-dj-utils,0.2b5,restless_dj_utils-0.2b5.tar.gz,tar,restless_dj_utils-0.2b5/restless_dj_utils/tests/rest_sessions/__pycache__/test_cleanup_task.cpython-38-pytest-6.0.1.pyc,restless-dj-utils-0.2b5-cpython-38-1081e4586f8b.pyc,cpython-38,3413,True,4,pylingual_decompilable,decompyle3,exit_2,tool_exit,"decompyle3:exit_2:Traceback (most recent call last): File ""/root/PyBC-Sec/pybcSEC/data/rq2/envs/cpython-38/lib/python3.8/site-packages/xdis/load.py"", line 328, in load_module_from_file_object co = marshal.loads(bytecode) ValueError: bad marshal data (unkn...",PycLens/data/rq2/failed_cases_decompylepp_traces/1081e4586f8b-decompylepp.command.txt,PycLens/data/rq2/failed_cases_decompylepp_traces/1081e4586f8b-decompylepp.stdout.txt,PycLens/data/rq2/failed_cases_decompylepp_traces/1081e4586f8b-decompylepp.stderr.txt
43b11ecdfee7,decompylepp,exit_1,CreateObject: Got unsupported type 0x0 Error loading file PycLens/data/rq2/failed_cases/restless-dj-utils-0.2b5-cpython-38-43b11ecdfee7.pyc: std::bad_cast,restless-dj-utils,0.2b5,restless_dj_utils-0.2b5.tar.gz,tar,restless_dj_utils-0.2b5/restless_dj_utils/tests/rest_sessions/__pycache__/test_logout_user.cpython-38-pytest-6.0.1.pyc,restless-dj-utils-0.2b5-cpython-38-43b11ecdfee7.pyc,cpython-38,3413,True,4,pylingual_decompilable,decompyle3,exit_2,tool_exit,"decompyle3:exit_2:Traceback (most recent call last): File ""/root/PyBC-Sec/pybcSEC/data/rq2/envs/cpython-38/lib/python3.8/site-packages/xdis/load.py"", line 328, in load_module_from_file_object co = marshal.loads(bytecode) ValueError: bad marshal data (unkn...",PycLens/data/rq2/failed_cases_decompylepp_traces/43b11ecdfee7-decompylepp.command.txt,PycLens/data/rq2/failed_cases_decompylepp_traces/43b11ecdfee7-decompylepp.stdout.txt,PycLens/data/rq2/failed_cases_decompylepp_traces/43b11ecdfee7-decompylepp.stderr.txt
c11fd887c6b6,decompylepp,exit_1,CreateObject: Got unsupported type 0x0 Error loading file PycLens/data/rq2/failed_cases/restless-dj-utils-0.2b5-cpython-38-c11fd887c6b6.pyc: std::bad_cast,restless-dj-utils,0.2b5,restless_dj_utils-0.2b5.tar.gz,tar,restless_dj_utils-0.2b5/restless_dj_utils/tests/utils/__pycache__/test_is_true.cpython-38-pytest-6.0.1.pyc,restless-dj-utils-0.2b5-cpython-38-c11fd887c6b6.pyc,cpython-38,3413,True,4,pylingual_decompilable,decompyle3,exit_2,tool_exit,"decompyle3:exit_2:Traceback (most recent call last): File ""/root/PyBC-Sec/pybcSEC/data/rq2/envs/cpython-38/lib/python3.8/site-packages/xdis/load.py"", line 328, in load_module_from_file_object co = marshal.loads(bytecode) ValueError: bad marshal data (unkn...",PycLens/data/rq2/failed_cases_decompylepp_traces/c11fd887c6b6-decompylepp.command.txt,PycLens/data/rq2/failed_cases_decompylepp_traces/c11fd887c6b6-decompylepp.stdout.txt,PycLens/data/rq2/failed_cases_decompylepp_traces/c11fd887c6b6-decompylepp.stderr.txt
cacff0a31382,decompylepp,exit_1,CreateObject: Got unsupported type 0x0 Error loading file PycLens/data/rq2/failed_cases/rosspy-0.1.7-cpython-38-cacff0a31382.pyc: std::bad_cast,rosspy,0.1.7,ROSSpy-0.1.7.tar.gz,tar,ROSSpy-0.1.7/rosspy/test/__pycache__/test_core.cpython-38-pytest-6.0.1.pyc,rosspy-0.1.7-cpython-38-cacff0a31382.pyc,cpython-38,3413,False,4,pylingual_decompilable,decompyle3,exit_2,tool_exit,"decompyle3:exit_2:Traceback (most recent call last): File ""/root/PyBC-Sec/pybcSEC/data/rq2/envs/cpython-38/lib/python3.8/site-packages/xdis/load.py"", line 328, in load_module_from_file_object co = marshal.loads(bytecode) ValueError: bad marshal data (unkn...",PycLens/data/rq2/failed_cases_decompylepp_traces/cacff0a31382-decompylepp.command.txt,PycLens/data/rq2/failed_cases_decompylepp_traces/cacff0a31382-decompylepp.stdout.txt,PycLens/data/rq2/failed_cases_decompylepp_traces/cacff0a31382-decompylepp.stderr.txt
133a0cbe74ec,decompylepp,exit_1,CreateObject: Got unsupported type 0x0 Error loading file PycLens/data/rq2/failed_cases/rosspy-0.1.7-cpython-38-133a0cbe74ec.pyc: std::bad_cast,rosspy,0.1.7,ROSSpy-0.1.7.tar.gz,tar,ROSSpy-0.1.7/rosspy/test/__pycache__/test_ro.cpython-38-pytest-6.0.1.pyc,rosspy-0.1.7-cpython-38-133a0cbe74ec.pyc,cpython-38,3413,True,4,pylingual_decompilable,decompyle3,exit_2,tool_exit,"decompyle3:exit_2:Traceback (most recent call last): File ""/root/PyBC-Sec/pybcSEC/data/rq2/envs/cpython-38/lib/python3.8/site-packages/xdis/load.py"", line 328, in load_module_from_file_object co = marshal.loads(bytecode) ValueError: bad marshal data (unkn...",PycLens/data/rq2/failed_cases_decompylepp_traces/133a0cbe74ec-decompylepp.command.txt,PycLens/data/rq2/failed_cases_decompylepp_traces/133a0cbe74ec-decompylepp.stdout.txt,PycLens/data/rq2/failed_cases_decompylepp_traces/133a0cbe74ec-decompylepp.stderr.txt
8af937b81877,decompylepp,exit_1,CreateObject: Got unsupported type 0x0 Error loading file PycLens/data/rq2/failed_cases/rrlfe-1.0-cpython-38-8af937b81877.pyc: std::bad_cast,rrlfe,1.0,rrlfe-1.0.tar.gz,tar,rrlfe-1.0/rrlfe/tests/__pycache__/test_compile_normalization.cpython-38-pytest-5.4.3.pyc,rrlfe-1.0-cpython-38-8af937b81877.pyc,cpython-38,3413,True,4,pylingual_decompilable,decompyle3,exit_2,tool_exit,"decompyle3:exit_2:Traceback (most recent call last): File ""/root/PyBC-Sec/pybcSEC/data/rq2/envs/cpython-38/lib/python3.8/site-packages/xdis/load.py"", line 328, in load_module_from_file_object co = marshal.loads(bytecode) ValueError: bad marshal data (unkn...",PycLens/data/rq2/failed_cases_decompylepp_traces/8af937b81877-decompylepp.command.txt,PycLens/data/rq2/failed_cases_decompylepp_traces/8af937b81877-decompylepp.stdout.txt,PycLens/data/rq2/failed_cases_decompylepp_traces/8af937b81877-decompylepp.stderr.txt
c0ce49681963,decompylepp,exit_1,Warning: Refusing to pop last block when there is more code to parse pos: 2 OP: f2 Error decompyling PycLens/data/rq2/failed_cases/rtx-deep-1.3.9-cpython-310-c0ce49681963.pyc: vector::_M_range_check: __n (which is 113) >= this->size() (w...,rtx-deep,1.3.9,rtx_deep-1.3.9-py310-none-any.whl,wheel,rtx_deep/__init__.pyc,rtx-deep-1.3.9-cpython-310-c0ce49681963.pyc,cpython-310,3439,False,4,pylingual_decompilable,dis,error,disassembly_failure,dis:error:dis_failed:IndexError:tuple index out of range,PycLens/data/rq2/failed_cases_decompylepp_traces/c0ce49681963-decompylepp.command.txt,PycLens/data/rq2/failed_cases_decompylepp_traces/c0ce49681963-decompylepp.stdout.txt,PycLens/data/rq2/failed_cases_decompylepp_traces/c0ce49681963-decompylepp.stderr.txt
050ce77bfd3b,decompylepp,exit_1,Warning: Refusing to pop last block when there is more code to parse pos: 2 OP: f2 Error decompyling PycLens/data/rq2/failed_cases/rtx-deep-1.3.9-cpython-310-050ce77bfd3b.pyc: vector::_M_range_check: __n (which is 113) >= this->size() (w...,rtx-deep,1.3.9,rtx_deep-1.3.9-py310-none-any.whl,wheel,rtx_deep/deploy_lib/__init__.pyc,rtx-deep-1.3.9-cpython-310-050ce77bfd3b.pyc,cpython-310,3439,False,4,pylingual_decompilable,dis,error,disassembly_failure,dis:error:dis_failed:IndexError:tuple index out of range,PycLens/data/rq2/failed_cases_decompylepp_traces/050ce77bfd3b-decompylepp.command.txt,PycLens/data/rq2/failed_cases_decompylepp_traces/050ce77bfd3b-decompylepp.stdout.txt,PycLens/data/rq2/failed_cases_decompylepp_traces/050ce77bfd3b-decompylepp.stderr.txt
bcbd48c60f13,decompylepp,exit_1,Warning: Refusing to pop last block when there is more code to parse pos: 2 OP: f2 Error decompyling PycLens/data/rq2/failed_cases/rtx-deep-1.3.9-cpython-310-bcbd48c60f13.pyc: vector::_M_range_check: __n (which is 113) >= this->size() (w...,rtx-deep,1.3.9,rtx_deep-1.3.9-py310-none-any.whl,wheel,rtx_deep/deploy_lib/convert_trt.pyc,rtx-deep-1.3.9-cpython-310-bcbd48c60f13.pyc,cpython-310,3439,False,4,pylingual_decompilable,dis,error,disassembly_failure,dis:error:dis_failed:IndexError:tuple index out of range,PycLens/data/rq2/failed_cases_decompylepp_traces/bcbd48c60f13-decompylepp.command.txt,PycLens/data/rq2/failed_cases_decompylepp_traces/bcbd48c60f13-decompylepp.stdout.txt,PycLens/data/rq2/failed_cases_decompylepp_traces/bcbd48c60f13-decompylepp.stderr.txt
ccc4dbb4cb4c,decompylepp,exit_1,Warning: Refusing to pop last block when there is more code to parse pos: 2 OP: f2 Error decompyling PycLens/data/rq2/failed_cases/rtx-deep-1.3.9-cpython-310-ccc4dbb4cb4c.pyc: vector::_M_range_check: __n (which is 113) >= this->size() (w...,rtx-deep,1.3.9,rtx_deep-1.3.9-py310-none-any.whl,wheel,rtx_deep/deploy_lib/converter_registry.pyc,rtx-deep-1.3.9-cpython-310-ccc4dbb4cb4c.pyc,cpython-310,3439,False,4,pylingual_decompilable,dis,error,disassembly_failure,dis:error:dis_failed:IndexError:tuple index out of range,PycLens/data/rq2/failed_cases_decompylepp_traces/ccc4dbb4cb4c-decompylepp.command.txt,PycLens/data/rq2/failed_cases_decompylepp_traces/ccc4dbb4cb4c-decompylepp.stdout.txt,PycLens/data/rq2/failed_cases_decompylepp_traces/ccc4dbb4cb4c-decompylepp.stderr.txt
099b533e00f5,decompylepp,exit_1,Warning: Refusing to pop last block when there is more code to parse pos: 2 OP: f2 Error decompyling PycLens/data/rq2/failed_cases/rtx-deep-1.3.9-cpython-310-099b533e00f5.pyc: vector::_M_range_check: __n (which is 113) >= this->size() (w...,rtx-deep,1.3.9,rtx_deep-1.3.9-py310-none-any.whl,wheel,rtx_deep/deploy_lib/converter_utils.pyc,rtx-deep-1.3.9-cpython-310-099b533e00f5.pyc,cpython-310,3439,False,4,pylingual_decompilable,dis,error,disassembly_failure,dis:error:dis_failed:IndexError:tuple index out of range,PycLens/data/rq2/failed_cases_decompylepp_traces/099b533e00f5-decompylepp.command.txt,PycLens/data/rq2/failed_cases_decompylepp_traces/099b533e00f5-decompylepp.stdout.txt,PycLens/data/rq2/failed_cases_decompylepp_traces/099b533e00f5-decompylepp.stderr.txt
21dfd828f93a,decompylepp,exit_1,Warning: Refusing to pop last block when there is more code to parse pos: 2 OP: f2 Error decompyling PycLens/data/rq2/failed_cases/rtx-deep-1.3.9-cpython-310-21dfd828f93a.pyc: vector::_M_range_check: __n (which is 113) >= this->size() (w...,rtx-deep,1.3.9,rtx_deep-1.3.9-py310-none-any.whl,wheel,rtx_deep/deploy_lib/converters/__init__.pyc,rtx-deep-1.3.9-cpython-310-21dfd828f93a.pyc,cpython-310,3439,False,4,pylingual_decompilable,dis,error,disassembly_failure,dis:error:dis_failed:IndexError:tuple index out of range,PycLens/data/rq2/failed_cases_decompylepp_traces/21dfd828f93a-decompylepp.command.txt,PycLens/data/rq2/failed_cases_decompylepp_traces/21dfd828f93a-decompylepp.stdout.txt,PycLens/data/rq2/failed_cases_decompylepp_traces/21dfd828f93a-decompylepp.stderr.txt
f56f85327eda,decompylepp,exit_1,Warning: Refusing to pop last block when there is more code to parse pos: 2 OP: f2 Error decompyling PycLens/data/rq2/failed_cases/rtx-deep-1.3.9-cpython-310-f56f85327eda.pyc: vector::_M_range_check: __n (which is 113) >= this->size() (w...,rtx-deep,1.3.9,rtx_deep-1.3.9-py310-none-any.whl,wheel,rtx_deep/deploy_lib/converters/activation.pyc,rtx-deep-1.3.9-cpython-310-f56f85327eda.pyc,cpython-310,3439,False,4,pylingual_decompilable,dis,error,disassembly_failure,dis:error:dis_failed:IndexError:tuple index out of range,PycLens/data/rq2/failed_cases_decompylepp_traces/f56f85327eda-decompylepp.command.txt,PycLens/data/rq2/failed_cases_decompylepp_traces/f56f85327eda-decompylepp.stdout.txt,PycLens/data/rq2/failed_cases_decompylepp_traces/f56f85327eda-decompylepp.stderr.txt
bc45a3917638,decompylepp,exit_1,Warning: Refusing to pop last block when there is more code to parse pos: 2 OP: f2 Error decompyling PycLens/data/rq2/failed_cases/rtx-deep-1.3.9-cpython-310-bc45a3917638.pyc: vector::_M_range_check: __n (which is 113) >= this->size() (w...,rtx-deep,1.3.9,rtx_deep-1.3.9-py310-none-any.whl,wheel,rtx_deep/deploy_lib/converters/adaptive_pool.pyc,rtx-deep-1.3.9-cpython-310-bc45a3917638.pyc,cpython-310,3439,False,4,pylingual_decompilable,dis,error,disassembly_failure,dis:error:dis_failed:IndexError:tuple index out of range,PycLens/data/rq2/failed_cases_decompylepp_traces/bc45a3917638-decompylepp.command.txt,PycLens/data/rq2/failed_cases_decompylepp_traces/bc45a3917638-decompylepp.stdout.txt,PycLens/data/rq2/failed_cases_decompylepp_traces/bc45a3917638-decompylepp.stderr.txt
f4c1d3ba93c9,decompylepp,exit_1,Warning: Refusing to pop last block when there is more code to parse pos: 2 OP: f2 Error decompyling PycLens/data/rq2/failed_cases/rtx-deep-1.3.9-cpython-310-f4c1d3ba93c9.pyc: vector::_M_range_check: __n (which is 113) >= this->size() (w...,rtx-deep,1.3.9,rtx_deep-1.3.9-py310-none-any.whl,wheel,rtx_deep/deploy_lib/converters/convolution.pyc,rtx-deep-1.3.9-cpython-310-f4c1d3ba93c9.pyc,cpython-310,3439,False,4,pylingual_decompilable,dis,error,disassembly_failure,dis:error:dis_failed:IndexError:tuple index out of range,PycLens/data/rq2/failed_cases_decompylepp_traces/f4c1d3ba93c9-decompylepp.command.txt,PycLens/data/rq2/failed_cases_decompylepp_traces/f4c1d3ba93c9-decompylepp.stdout.txt,PycLens/data/rq2/failed_cases_decompylepp_traces/f4c1d3ba93c9-decompylepp.stderr.txt
6ac16b122d9a,decompylepp,exit_1,Warning: Refusing to pop last block when there is more code to parse pos: 2 OP: f2 Error decompyling PycLens/data/rq2/failed_cases/rtx-deep-1.3.9-cpython-310-6ac16b122d9a.pyc: vector::_M_range_check: __n (which is 113) >= this->size() (w...,rtx-deep,1.3.9,rtx_deep-1.3.9-py310-none-any.whl,wheel,rtx_deep/deploy_lib/converters/deconvolution.pyc,rtx-deep-1.3.9-cpython-310-6ac16b122d9a.pyc,cpython-310,3439,False,4,pylingual_decompilable,dis,error,disassembly_failure,dis:error:dis_failed:IndexError:tuple index out of range,PycLens/data/rq2/failed_cases_decompylepp_traces/6ac16b122d9a-decompylepp.command.txt,PycLens/data/rq2/failed_cases_decompylepp_traces/6ac16b122d9a-decompylepp.stdout.txt,PycLens/data/rq2/failed_cases_decompylepp_traces/6ac16b122d9a-decompylepp.stderr.txt
04ae890b0018,decompylepp,exit_1,Warning: Refusing to pop last block when there is more code to parse pos: 2 OP: f2 Error decompyling PycLens/data/rq2/failed_cases/rtx-deep-1.3.9-cpython-310-04ae890b0018.pyc: vector::_M_range_check: __n (which is 113) >= this->size() (w...,rtx-deep,1.3.9,rtx_deep-1.3.9-py310-none-any.whl,wheel,rtx_deep/deploy_lib/converters/fusion_op.pyc,rtx-deep-1.3.9-cpython-310-04ae890b0018.pyc,cpython-310,3439,False,4,pylingual_decompilable,dis,error,disassembly_failure,dis:error:dis_failed:IndexError:tuple index out of range,PycLens/data/rq2/failed_cases_decompylepp_traces/04ae890b0018-decompylepp.command.txt,PycLens/data/rq2/failed_cases_decompylepp_traces/04ae890b0018-decompylepp.stdout.txt,PycLens/data/rq2/failed_cases_decompylepp_traces/04ae890b0018-decompylepp.stderr.txt
32175c9950d4,decompylepp,exit_1,Warning: Refusing to pop last block when there is more code to parse pos: 2 OP: f2 Error decompyling PycLens/data/rq2/failed_cases/rtx-deep-1.3.9-cpython-310-32175c9950d4.pyc: vector::_M_range_check: __n (which is 113) >= this->size() (w...,rtx-deep,1.3.9,rtx_deep-1.3.9-py310-none-any.whl,wheel,rtx_deep/deploy_lib/converters/identity.pyc,rtx-deep-1.3.9-cpython-310-32175c9950d4.pyc,cpython-310,3439,False,4,pylingual_decompilable,dis,error,disassembly_failure,dis:error:dis_failed:IndexError:tuple index out of range,PycLens/data/rq2/failed_cases_decompylepp_traces/32175c9950d4-decompylepp.command.txt,PycLens/data/rq2/failed_cases_decompylepp_traces/32175c9950d4-decompylepp.stdout.txt,PycLens/data/rq2/failed_cases_decompylepp_traces/32175c9950d4-decompylepp.stderr.txt
5879495c2361,decompylepp,exit_1,Warning: Refusing to pop last block when there is more code to parse pos: 2 OP: f2 Error decompyling PycLens/data/rq2/failed_cases/rtx-deep-1.3.9-cpython-310-5879495c2361.pyc: vector::_M_range_check: __n (which is 113) >= this->size() (w...,rtx-deep,1.3.9,rtx_deep-1.3.9-py310-none-any.whl,wheel,rtx_deep/deploy_lib/converters/interpolate.pyc,rtx-deep-1.3.9-cpython-310-5879495c2361.pyc,cpython-310,3439,False,4,pylingual_decompilable,dis,error,disassembly_failure,dis:error:dis_failed:IndexError:tuple index out of range,PycLens/data/rq2/failed_cases_decompylepp_traces/5879495c2361-decompylepp.command.txt,PycLens/data/rq2/failed_cases_decompylepp_traces/5879495c2361-decompylepp.stdout.txt,PycLens/data/rq2/failed_cases_decompylepp_traces/5879495c2361-decompylepp.stderr.txt
f5f920f57efa,decompylepp,exit_1,Warning: Refusing to pop last block when there is more code to parse pos: 2 OP: f2 Error decompyling PycLens/data/rq2/failed_cases/rtx-deep-1.3.9-cpython-310-f5f920f57efa.pyc: vector::_M_range_check: __n (which is 113) >= this->size() (w...,rtx-deep,1.3.9,rtx_deep-1.3.9-py310-none-any.whl,wheel,rtx_deep/deploy_lib/converters/normalization.pyc,rtx-deep-1.3.9-cpython-310-f5f920f57efa.pyc,cpython-310,3439,False,4,pylingual_decompilable,dis,error,disassembly_failure,dis:error:dis_failed:IndexError:tuple index out of range,PycLens/data/rq2/failed_cases_decompylepp_traces/f5f920f57efa-decompylepp.command.txt,PycLens/data/rq2/failed_cases_decompylepp_traces/f5f920f57efa-decompylepp.stdout.txt,PycLens/data/rq2/failed_cases_decompylepp_traces/f5f920f57efa-decompylepp.stderr.txt
a5496bafa2b2,decompylepp,exit_1,Warning: Refusing to pop last block when there is more code to parse pos: 2 OP: f2 Error decompyling PycLens/data/rq2/failed_cases/rtx-deep-1.3.9-cpython-310-a5496bafa2b2.pyc: vector::_M_range_check: __n (which is 113) >= this->size() (w...,rtx-deep,1.3.9,rtx_deep-1.3.9-py310-none-any.whl,wheel,rtx_deep/deploy_lib/converters/pool.pyc,rtx-deep-1.3.9-cpython-310-a5496bafa2b2.pyc,cpython-310,3439,False,4,pylingual_decompilable,dis,error,disassembly_failure,dis:error:dis_failed:IndexError:tuple index out of range,PycLens/data/rq2/failed_cases_decompylepp_traces/a5496bafa2b2-decompylepp.command.txt,PycLens/data/rq2/failed_cases_decompylepp_traces/a5496bafa2b2-decompylepp.stdout.txt,PycLens/data/rq2/failed_cases_decompylepp_traces/a5496bafa2b2-decompylepp.stderr.txt
687b091f970e,decompylepp,exit_1,Warning: Refusing to pop last block when there is more code to parse pos: 2 OP: f2 Error decompyling PycLens/data/rq2/failed_cases/rtx-deep-1.3.9-cpython-310-687b091f970e.pyc: vector::_M_range_check: __n (which is 113) >= this->size() (w...,rtx-deep,1.3.9,rtx_deep-1.3.9-py310-none-any.whl,wheel,rtx_deep/deploy_lib/converters/quantization.pyc,rtx-deep-1.3.9-cpython-310-687b091f970e.pyc,cpython-310,3439,False,4,pylingual_decompilable,dis,error,disassembly_failure,dis:error:dis_failed:IndexError:tuple index out of range,PycLens/data/rq2/failed_cases_decompylepp_traces/687b091f970e-decompylepp.command.txt,PycLens/data/rq2/failed_cases_decompylepp_traces/687b091f970e-decompylepp.stdout.txt,PycLens/data/rq2/failed_cases_decompylepp_traces/687b091f970e-decompylepp.stderr.txt
ae627cfa7b14,decompylepp,exit_1,Warning: Refusing to pop last block when there is more code to parse pos: 2 OP: f2 Error decompyling PycLens/data/rq2/failed_cases/rtx-deep-1.3.9-cpython-310-ae627cfa7b14.pyc: vector::_M_range_check: __n (which is 113) >= this->size() (w...,rtx-deep,1.3.9,rtx_deep-1.3.9-py310-none-any.whl,wheel,rtx_deep/deploy_lib/tools/__init__.pyc,rtx-deep-1.3.9-cpython-310-ae627cfa7b14.pyc,cpython-310,3439,False,4,pylingual_decompilable,dis,error,disassembly_failure,dis:error:dis_failed:IndexError:tuple index out of range,PycLens/data/rq2/failed_cases_decompylepp_traces/ae627cfa7b14-decompylepp.command.txt,PycLens/data/rq2/failed_cases_decompylepp_traces/ae627cfa7b14-decompylepp.stdout.txt,PycLens/data/rq2/failed_cases_decompylepp_traces/ae627cfa7b14-decompylepp.stderr.txt
d53619d11399,decompylepp,exit_1,Warning: Refusing to pop last block when there is more code to parse pos: 2 OP: f2 Error decompyling PycLens/data/rq2/failed_cases/rtx-deep-1.3.9-cpython-310-d53619d11399.pyc: vector::_M_range_check: __n (which is 113) >= this->size() (w...,rtx-deep,1.3.9,rtx_deep-1.3.9-py310-none-any.whl,wheel,rtx_deep/deploy_lib/tools/trt_module.pyc,rtx-deep-1.3.9-cpython-310-d53619d11399.pyc,cpython-310,3439,False,4,pylingual_decompilable,dis,error,disassembly_failure,dis:error:dis_failed:IndexError:tuple index out of range,PycLens/data/rq2/failed_cases_decompylepp_traces/d53619d11399-decompylepp.command.txt,PycLens/data/rq2/failed_cases_decompylepp_traces/d53619d11399-decompylepp.stdout.txt,PycLens/data/rq2/failed_cases_decompylepp_traces/d53619d11399-decompylepp.stderr.txt
af3061eaab17,decompylepp,exit_1,Warning: Refusing to pop last block when there is more code to parse pos: 2 OP: f2 Error decompyling PycLens/data/rq2/failed_cases/rtx-deep-1.3.9-cpython-310-af3061eaab17.pyc: vector::_M_range_check: __n (which is 113) >= this->size() (w...,rtx-deep,1.3.9,rtx_deep-1.3.9-py310-none-any.whl,wheel,rtx_deep/deploy_lib/tools/types.pyc,rtx-deep-1.3.9-cpython-310-af3061eaab17.pyc,cpython-310,3439,False,4,pylingual_decompilable,dis,error,disassembly_failure,dis:error:dis_failed:IndexError:tuple index out of range,PycLens/data/rq2/failed_cases_decompylepp_traces/af3061eaab17-decompylepp.command.txt,PycLens/data/rq2/failed_cases_decompylepp_traces/af3061eaab17-decompylepp.stdout.txt,PycLens/data/rq2/failed_cases_decompylepp_traces/af3061eaab17-decompylepp.stderr.txt
9fdfda8d3c9d,decompylepp,exit_1,Warning: Refusing to pop last block when there is more code to parse pos: 2 OP: f2 Error decompyling PycLens/data/rq2/failed_cases/rtx-deep-1.3.9-cpython-310-9fdfda8d3c9d.pyc: vector::_M_range_check: __n (which is 113) >= this->size() (w...,rtx-deep,1.3.9,rtx_deep-1.3.9-py310-none-any.whl,wheel,rtx_deep/deploy_lib/tools/utils.pyc,rtx-deep-1.3.9-cpython-310-9fdfda8d3c9d.pyc,cpython-310,3439,False,4,pylingual_decompilable,dis,error,disassembly_failure,dis:error:dis_failed:IndexError:tuple index out of range,PycLens/data/rq2/failed_cases_decompylepp_traces/9fdfda8d3c9d-decompylepp.command.txt,PycLens/data/rq2/failed_cases_decompylepp_traces/9fdfda8d3c9d-decompylepp.stdout.txt,PycLens/data/rq2/failed_cases_decompylepp_traces/9fdfda8d3c9d-decompylepp.stderr.txt
05da79c61eb1,decompylepp,exit_1,Warning: Refusing to pop last block when there is more code to parse pos: 2 OP: f2 Error decompyling PycLens/data/rq2/failed_cases/rtx-deep-1.3.9-cpython-310-05da79c61eb1.pyc: vector::_M_range_check: __n (which is 113) >= this->size() (w...,rtx-deep,1.3.9,rtx_deep-1.3.9-py310-none-any.whl,wheel,rtx_deep/deploy_lib/tools/vis_trt.pyc,rtx-deep-1.3.9-cpython-310-05da79c61eb1.pyc,cpython-310,3439,False,4,pylingual_decompilable,dis,error,disassembly_failure,dis:error:dis_failed:IndexError:tuple index out of range,PycLens/data/rq2/failed_cases_decompylepp_traces/05da79c61eb1-decompylepp.command.txt,PycLens/data/rq2/failed_cases_decompylepp_traces/05da79c61eb1-decompylepp.stdout.txt,PycLens/data/rq2/failed_cases_decompylepp_traces/05da79c61eb1-decompylepp.stderr.txt
f0776958ea88,decompylepp,exit_1,Warning: Refusing to pop last block when there is more code to parse pos: 2 OP: f2 Error decompyling PycLens/data/rq2/failed_cases/rtx-deep-1.3.9-cpython-310-f0776958ea88.pyc: vector::_M_range_check: __n (which is 113) >= this->size() (w...,rtx-deep,1.3.9,rtx_deep-1.3.9-py310-none-any.whl,wheel,rtx_deep/graph_tracer/__init__.pyc,rtx-deep-1.3.9-cpython-310-f0776958ea88.pyc,cpython-310,3439,False,4,pylingual_decompilable,dis,error,disassembly_failure,dis:error:dis_failed:IndexError:tuple index out of range,PycLens/data/rq2/failed_cases_decompylepp_traces/f0776958ea88-decompylepp.command.txt,PycLens/data/rq2/failed_cases_decompylepp_traces/f0776958ea88-decompylepp.stdout.txt,PycLens/data/rq2/failed_cases_decompylepp_traces/f0776958ea88-decompylepp.stderr.txt
7fe896085ae6,decompylepp,exit_1,Warning: Refusing to pop last block when there is more code to parse pos: 2 OP: f2 Error decompyling PycLens/data/rq2/failed_cases/rtx-deep-1.3.9-cpython-310-7fe896085ae6.pyc: vector::_M_range_check: __n (which is 113) >= this->size() (w...,rtx-deep,1.3.9,rtx_deep-1.3.9-py310-none-any.whl,wheel,rtx_deep/graph_tracer/ad_trace.pyc,rtx-deep-1.3.9-cpython-310-7fe896085ae6.pyc,cpython-310,3439,False,4,pylingual_decompilable,dis,error,disassembly_failure,dis:error:dis_failed:IndexError:tuple index out of range,PycLens/data/rq2/failed_cases_decompylepp_traces/7fe896085ae6-decompylepp.command.txt,PycLens/data/rq2/failed_cases_decompylepp_traces/7fe896085ae6-decompylepp.stdout.txt,PycLens/data/rq2/failed_cases_decompylepp_traces/7fe896085ae6-decompylepp.stderr.txt
298a3fd58ae9,decompylepp,exit_1,Warning: Refusing to pop last block when there is more code to parse pos: 2 OP: f2 Error decompyling PycLens/data/rq2/failed_cases/rtx-deep-1.3.9-cpython-310-298a3fd58ae9.pyc: vector::_M_range_check: __n (which is 113) >= this->size() (w...,rtx-deep,1.3.9,rtx_deep-1.3.9-py310-none-any.whl,wheel,rtx_deep/graph_tracer/ai_modules.pyc,rtx-deep-1.3.9-cpython-310-298a3fd58ae9.pyc,cpython-310,3439,False,4,pylingual_decompilable,dis,error,disassembly_failure,dis:error:dis_failed:IndexError:tuple index out of range,PycLens/data/rq2/failed_cases_decompylepp_traces/298a3fd58ae9-decompylepp.command.txt,PycLens/data/rq2/failed_cases_decompylepp_traces/298a3fd58ae9-decompylepp.stdout.txt,PycLens/data/rq2/failed_cases_decompylepp_traces/298a3fd58ae9-decompylepp.stderr.txt
adb6d9956c87,decompylepp,exit_1,Warning: Refusing to pop last block when there is more code to parse pos: 2 OP: f2 Error decompyling PycLens/data/rq2/failed_cases/rtx-deep-1.3.9-cpython-310-adb6d9956c87.pyc: vector::_M_range_check: __n (which is 113) >= this->size() (w...,rtx-deep,1.3.9,rtx_deep-1.3.9-py310-none-any.whl,wheel,rtx_deep/graph_tracer/graph_utils.pyc,rtx-deep-1.3.9-cpython-310-adb6d9956c87.pyc,cpython-310,3439,False,4,pylingual_decompilable,dis,error,disassembly_failure,dis:error:dis_failed:IndexError:tuple index out of range,PycLens/data/rq2/failed_cases_decompylepp_traces/adb6d9956c87-decompylepp.command.txt,PycLens/data/rq2/failed_cases_decompylepp_traces/adb6d9956c87-decompylepp.stdout.txt,PycLens/data/rq2/failed_cases_decompylepp_traces/adb6d9956c87-decompylepp.stderr.txt
f456a280158b,decompylepp,exit_1,Warning: Refusing to pop last block when there is more code to parse pos: 2 OP: f2 Error decompyling PycLens/data/rq2/failed_cases/rtx-deep-1.3.9-cpython-310-f456a280158b.pyc: vector::_M_range_check: __n (which is 113) >= this->size() (w...,rtx-deep,1.3.9,rtx_deep-1.3.9-py310-none-any.whl,wheel,rtx_deep/graph_tracer/node_profiler.pyc,rtx-deep-1.3.9-cpython-310-f456a280158b.pyc,cpython-310,3439,False,4,pylingual_decompilable,dis,error,disassembly_failure,dis:error:dis_failed:IndexError:tuple index out of range,PycLens/data/rq2/failed_cases_decompylepp_traces/f456a280158b-decompylepp.command.txt,PycLens/data/rq2/failed_cases_decompylepp_traces/f456a280158b-decompylepp.stdout.txt,PycLens/data/rq2/failed_cases_decompylepp_traces/f456a280158b-decompylepp.stderr.txt
5bde03df3dc4,decompylepp,exit_1,Warning: Refusing to pop last block when there is more code to parse pos: 2 OP: f2 Error decompyling PycLens/data/rq2/failed_cases/rtx-deep-1.3.9-cpython-310-5bde03df3dc4.pyc: vector::_M_range_check: __n (which is 113) >= this->size() (w...,rtx-deep,1.3.9,rtx_deep-1.3.9-py310-none-any.whl,wheel,rtx_deep/graph_tracer/vis_model.pyc,rtx-deep-1.3.9-cpython-310-5bde03df3dc4.pyc,cpython-310,3439,False,4,pylingual_decompilable,dis,error,disassembly_failure,dis:error:dis_failed:IndexError:tuple index out of range,PycLens/data/rq2/failed_cases_decompylepp_traces/5bde03df3dc4-decompylepp.command.txt,PycLens/data/rq2/failed_cases_decompylepp_traces/5bde03df3dc4-decompylepp.stdout.txt,PycLens/data/rq2/failed_cases_decompylepp_traces/5bde03df3dc4-decompylepp.stderr.txt
7b4e72feb690,decompylepp,exit_1,Warning: Refusing to pop last block when there is more code to parse pos: 2 OP: f2 Error decompyling PycLens/data/rq2/failed_cases/rtx-deep-1.3.9-cpython-310-7b4e72feb690.pyc: vector::_M_range_check: __n (which is 113) >= this->size() (w...,rtx-deep,1.3.9,rtx_deep-1.3.9-py310-none-any.whl,wheel,rtx_deep/light_trainer/__init__.pyc,rtx-deep-1.3.9-cpython-310-7b4e72feb690.pyc,cpython-310,3439,False,4,pylingual_decompilable,dis,error,disassembly_failure,dis:error:dis_failed:IndexError:tuple index out of range,PycLens/data/rq2/failed_cases_decompylepp_traces/7b4e72feb690-decompylepp.command.txt,PycLens/data/rq2/failed_cases_decompylepp_traces/7b4e72feb690-decompylepp.stdout.txt,PycLens/data/rq2/failed_cases_decompylepp_traces/7b4e72feb690-decompylepp.stderr.txt
3317ee81da90,decompylepp,exit_1,Warning: Refusing to pop last block when there is more code to parse pos: 2 OP: f2 Error decompyling PycLens/data/rq2/failed_cases/rtx-deep-1.3.9-cpython-310-3317ee81da90.pyc: vector::_M_range_check: __n (which is 113) >= this->size() (w...,rtx-deep,1.3.9,rtx_deep-1.3.9-py310-none-any.whl,wheel,rtx_deep/light_trainer/recorder/__init__.pyc,rtx-deep-1.3.9-cpython-310-3317ee81da90.pyc,cpython-310,3439,False,4,pylingual_decompilable,dis,error,disassembly_failure,dis:error:dis_failed:IndexError:tuple index out of range,PycLens/data/rq2/failed_cases_decompylepp_traces/3317ee81da90-decompylepp.command.txt,PycLens/data/rq2/failed_cases_decompylepp_traces/3317ee81da90-decompylepp.stdout.txt,PycLens/data/rq2/failed_cases_decompylepp_traces/3317ee81da90-decompylepp.stderr.txt
8f86052fbaca,decompylepp,exit_1,Warning: Refusing to pop last block when there is more code to parse pos: 2 OP: f2 Error decompyling PycLens/data/rq2/failed_cases/rtx-deep-1.3.9-cpython-310-8f86052fbaca.pyc: vector::_M_range_check: __n (which is 113) >= this->size() (w...,rtx-deep,1.3.9,rtx_deep-1.3.9-py310-none-any.whl,wheel,rtx_deep/light_trainer/recorder/base_recorder.pyc,rtx-deep-1.3.9-cpython-310-8f86052fbaca.pyc,cpython-310,3439,False,4,pylingual_decompilable,dis,error,disassembly_failure,dis:error:dis_failed:IndexError:tuple index out of range,PycLens/data/rq2/failed_cases_decompylepp_traces/8f86052fbaca-decompylepp.command.txt,PycLens/data/rq2/failed_cases_decompylepp_traces/8f86052fbaca-decompylepp.stdout.txt,PycLens/data/rq2/failed_cases_decompylepp_traces/8f86052fbaca-decompylepp.stderr.txt
b72c928a8006,decompylepp,exit_1,Warning: Refusing to pop last block when there is more code to parse pos: 2 OP: f2 Error decompyling PycLens/data/rq2/failed_cases/rtx-deep-1.3.9-cpython-310-b72c928a8006.pyc: vector::_M_range_check: __n (which is 113) >= this->size() (w...,rtx-deep,1.3.9,rtx_deep-1.3.9-py310-none-any.whl,wheel,rtx_deep/light_trainer/recorder/txt_recorder.pyc,rtx-deep-1.3.9-cpython-310-b72c928a8006.pyc,cpython-310,3439,False,4,pylingual_decompilable,dis,error,disassembly_failure,dis:error:dis_failed:IndexError:tuple index out of range,PycLens/data/rq2/failed_cases_decompylepp_traces/b72c928a8006-decompylepp.command.txt,PycLens/data/rq2/failed_cases_decompylepp_traces/b72c928a8006-decompylepp.stdout.txt,PycLens/data/rq2/failed_cases_decompylepp_traces/b72c928a8006-decompylepp.stderr.txt
32ce7e603c03,decompylepp,exit_1,Warning: Refusing to pop last block when there is more code to parse pos: 2 OP: f2 Error decompyling PycLens/data/rq2/failed_cases/rtx-deep-1.3.9-cpython-310-32ce7e603c03.pyc: vector::_M_range_check: __n (which is 113) >= this->size() (w...,rtx-deep,1.3.9,rtx_deep-1.3.9-py310-none-any.whl,wheel,rtx_deep/light_trainer/trainer.pyc,rtx-deep-1.3.9-cpython-310-32ce7e603c03.pyc,cpython-310,3439,False,4,pylingual_decompilable,dis,error,disassembly_failure,dis:error:dis_failed:IndexError:tuple index out of range,PycLens/data/rq2/failed_cases_decompylepp_traces/32ce7e603c03-decompylepp.command.txt,PycLens/data/rq2/failed_cases_decompylepp_traces/32ce7e603c03-decompylepp.stdout.txt,PycLens/data/rq2/failed_cases_decompylepp_traces/32ce7e603c03-decompylepp.stderr.txt
24584fce2c55,decompylepp,exit_1,Warning: Refusing to pop last block when there is more code to parse pos: 2 OP: f2 Error decompyling PycLens/data/rq2/failed_cases/rtx-deep-1.3.9-cpython-310-24584fce2c55.pyc: vector::_M_range_check: __n (which is 113) >= this->size() (w...,rtx-deep,1.3.9,rtx_deep-1.3.9-py310-none-any.whl,wheel,rtx_deep/prun_lib/__init__.pyc,rtx-deep-1.3.9-cpython-310-24584fce2c55.pyc,cpython-310,3439,False,4,pylingual_decompilable,dis,error,disassembly_failure,dis:error:dis_failed:IndexError:tuple index out of range,PycLens/data/rq2/failed_cases_decompylepp_traces/24584fce2c55-decompylepp.command.txt,PycLens/data/rq2/failed_cases_decompylepp_traces/24584fce2c55-decompylepp.stdout.txt,PycLens/data/rq2/failed_cases_decompylepp_traces/24584fce2c55-decompylepp.stderr.txt
e0bb9223a6dc,decompylepp,exit_1,Warning: Refusing to pop last block when there is more code to parse pos: 2 OP: f2 Error decompyling PycLens/data/rq2/failed_cases/rtx-deep-1.3.9-cpython-310-e0bb9223a6dc.pyc: vector::_M_range_check: __n (which is 113) >= this->size() (w...,rtx-deep,1.3.9,rtx_deep-1.3.9-py310-none-any.whl,wheel,rtx_deep/prun_lib/mask_layer.pyc,rtx-deep-1.3.9-cpython-310-e0bb9223a6dc.pyc,cpython-310,3439,False,4,pylingual_decompilable,dis,error,disassembly_failure,dis:error:dis_failed:IndexError:tuple index out of range,PycLens/data/rq2/failed_cases_decompylepp_traces/e0bb9223a6dc-decompylepp.command.txt,PycLens/data/rq2/failed_cases_decompylepp_traces/e0bb9223a6dc-decompylepp.stdout.txt,PycLens/data/rq2/failed_cases_decompylepp_traces/e0bb9223a6dc-decompylepp.stderr.txt
1d6428a77061,decompylepp,exit_1,Warning: Refusing to pop last block when there is more code to parse pos: 2 OP: f2 Error decompyling PycLens/data/rq2/failed_cases/rtx-deep-1.3.9-cpython-310-1d6428a77061.pyc: vector::_M_range_check: __n (which is 113) >= this->size() (w...,rtx-deep,1.3.9,rtx_deep-1.3.9-py310-none-any.whl,wheel,rtx_deep/prun_lib/mask_utils.pyc,rtx-deep-1.3.9-cpython-310-1d6428a77061.pyc,cpython-310,3439,False,4,pylingual_decompilable,dis,error,disassembly_failure,dis:error:dis_failed:IndexError:tuple index out of range,PycLens/data/rq2/failed_cases_decompylepp_traces/1d6428a77061-decompylepp.command.txt,PycLens/data/rq2/failed_cases_decompylepp_traces/1d6428a77061-decompylepp.stdout.txt,PycLens/data/rq2/failed_cases_decompylepp_traces/1d6428a77061-decompylepp.stderr.txt
4616a4b01f9a,decompylepp,exit_1,Warning: Refusing to pop last block when there is more code to parse pos: 2 OP: f2 Error decompyling PycLens/data/rq2/failed_cases/rtx-deep-1.3.9-cpython-310-4616a4b01f9a.pyc: vector::_M_range_check: __n (which is 113) >= this->size() (w...,rtx-deep,1.3.9,rtx_deep-1.3.9-py310-none-any.whl,wheel,rtx_deep/quant_lib/__init__.pyc,rtx-deep-1.3.9-cpython-310-4616a4b01f9a.pyc,cpython-310,3439,False,4,pylingual_decompilable,dis,error,disassembly_failure,dis:error:dis_failed:IndexError:tuple index out of range,PycLens/data/rq2/failed_cases_decompylepp_traces/4616a4b01f9a-decompylepp.command.txt,PycLens/data/rq2/failed_cases_decompylepp_traces/4616a4b01f9a-decompylepp.stdout.txt,PycLens/data/rq2/failed_cases_decompylepp_traces/4616a4b01f9a-decompylepp.stderr.txt
2269fb39be9d,decompylepp,exit_1,Warning: Refusing to pop last block when there is more code to parse pos: 2 OP: f2 Error decompyling PycLens/data/rq2/failed_cases/rtx-deep-1.3.9-cpython-310-2269fb39be9d.pyc: vector::_M_range_check: __n (which is 113) >= this->size() (w...,rtx-deep,1.3.9,rtx_deep-1.3.9-py310-none-any.whl,wheel,rtx_deep/quant_lib/calib/__init__.pyc,rtx-deep-1.3.9-cpython-310-2269fb39be9d.pyc,cpython-310,3439,False,4,pylingual_decompilable,dis,error,disassembly_failure,dis:error:dis_failed:IndexError:tuple index out of range,PycLens/data/rq2/failed_cases_decompylepp_traces/2269fb39be9d-decompylepp.command.txt,PycLens/data/rq2/failed_cases_decompylepp_traces/2269fb39be9d-decompylepp.stdout.txt,PycLens/data/rq2/failed_cases_decompylepp_traces/2269fb39be9d-decompylepp.stderr.txt
93bb6667a0f6,decompylepp,exit_1,Warning: Refusing to pop last block when there is more code to parse pos: 2 OP: f2 Error decompyling PycLens/data/rq2/failed_cases/rtx-deep-1.3.9-cpython-310-93bb6667a0f6.pyc: vector::_M_range_check: __n (which is 113) >= this->size() (w...,rtx-deep,1.3.9,rtx_deep-1.3.9-py310-none-any.whl,wheel,rtx_deep/quant_lib/calib/minmax_observer.pyc,rtx-deep-1.3.9-cpython-310-93bb6667a0f6.pyc,cpython-310,3439,False,4,pylingual_decompilable,dis,error,disassembly_failure,dis:error:dis_failed:IndexError:tuple index out of range,PycLens/data/rq2/failed_cases_decompylepp_traces/93bb6667a0f6-decompylepp.command.txt,PycLens/data/rq2/failed_cases_decompylepp_traces/93bb6667a0f6-decompylepp.stdout.txt,PycLens/data/rq2/failed_cases_decompylepp_traces/93bb6667a0f6-decompylepp.stderr.txt
8ce86038da75,decompylepp,exit_1,Warning: Refusing to pop last block when there is more code to parse pos: 2 OP: f2 Error decompyling PycLens/data/rq2/failed_cases/rtx-deep-1.3.9-cpython-310-8ce86038da75.pyc: vector::_M_range_check: __n (which is 113) >= this->size() (w...,rtx-deep,1.3.9,rtx_deep-1.3.9-py310-none-any.whl,wheel,rtx_deep/quant_lib/calib/observer_base.pyc,rtx-deep-1.3.9-cpython-310-8ce86038da75.pyc,cpython-310,3439,False,4,pylingual_decompilable,dis,error,disassembly_failure,dis:error:dis_failed:IndexError:tuple index out of range,PycLens/data/rq2/failed_cases_decompylepp_traces/8ce86038da75-decompylepp.command.txt,PycLens/data/rq2/failed_cases_decompylepp_traces/8ce86038da75-decompylepp.stdout.txt,PycLens/data/rq2/failed_cases_decompylepp_traces/8ce86038da75-decompylepp.stderr.txt
a4fc2d2e2f30,decompylepp,exit_1,Warning: Refusing to pop last block when there is more code to parse pos: 2 OP: f2 Error decompyling PycLens/data/rq2/failed_cases/rtx-deep-1.3.9-cpython-310-a4fc2d2e2f30.pyc: vector::_M_range_check: __n (which is 113) >= this->size() (w...,rtx-deep,1.3.9,rtx_deep-1.3.9-py310-none-any.whl,wheel,rtx_deep/quant_lib/fake_quantize.pyc,rtx-deep-1.3.9-cpython-310-a4fc2d2e2f30.pyc,cpython-310,3439,False,4,pylingual_decompilable,dis,error,disassembly_failure,dis:error:dis_failed:IndexError:tuple index out of range,PycLens/data/rq2/failed_cases_decompylepp_traces/a4fc2d2e2f30-decompylepp.command.txt,PycLens/data/rq2/failed_cases_decompylepp_traces/a4fc2d2e2f30-decompylepp.stdout.txt,PycLens/data/rq2/failed_cases_decompylepp_traces/a4fc2d2e2f30-decompylepp.stderr.txt
2a12484f0d61,decompylepp,exit_1,Warning: Refusing to pop last block when there is more code to parse pos: 2 OP: f2 Error decompyling PycLens/data/rq2/failed_cases/rtx-deep-1.3.9-cpython-310-2a12484f0d61.pyc: vector::_M_range_check: __n (which is 113) >= this->size() (w...,rtx-deep,1.3.9,rtx_deep-1.3.9-py310-none-any.whl,wheel,rtx_deep/quant_lib/quant_utils.pyc,rtx-deep-1.3.9-cpython-310-2a12484f0d61.pyc,cpython-310,3439,False,4,pylingual_decompilable,dis,error,disassembly_failure,dis:error:dis_failed:IndexError:tuple index out of range,PycLens/data/rq2/failed_cases_decompylepp_traces/2a12484f0d61-decompylepp.command.txt,PycLens/data/rq2/failed_cases_decompylepp_traces/2a12484f0d61-decompylepp.stdout.txt,PycLens/data/rq2/failed_cases_decompylepp_traces/2a12484f0d61-decompylepp.stderr.txt
eeb7bb504b3a,decompylepp,exit_1,Warning: Refusing to pop last block when there is more code to parse pos: 2 OP: f2 Error decompyling PycLens/data/rq2/failed_cases/rtx-deep-1.3.9-cpython-310-eeb7bb504b3a.pyc: vector::_M_range_check: __n (which is 113) >= this->size() (w...,rtx-deep,1.3.9,rtx_deep-1.3.9-py310-none-any.whl,wheel,rtx_deep/quant_lib/quantize_nn.pyc,rtx-deep-1.3.9-cpython-310-eeb7bb504b3a.pyc,cpython-310,3439,False,4,pylingual_decompilable,dis,error,disassembly_failure,dis:error:dis_failed:IndexError:tuple index out of range,PycLens/data/rq2/failed_cases_decompylepp_traces/eeb7bb504b3a-decompylepp.command.txt,PycLens/data/rq2/failed_cases_decompylepp_traces/eeb7bb504b3a-decompylepp.stdout.txt,PycLens/data/rq2/failed_cases_decompylepp_traces/eeb7bb504b3a-decompylepp.stderr.txt
b3e039fd9d1c,decompylepp,exit_1,Error decompyling PycLens/data/rq2/failed_cases/sceleto2-1.1.2-cpython-38-b3e039fd9d1c.pyc: std::bad_cast,sceleto2,1.1.2,sceleto2-1.1.2-py3-none-any.whl,wheel,sceleto2/__pycache__/data.cpython-38.pyc,sceleto2-1.1.2-cpython-38-b3e039fd9d1c.pyc,cpython-38,3413,True,3,decompyle3_decompilable,pylingual,timeout,timeout,pylingual:timeout:timeout_after_600s,PycLens/data/rq2/failed_cases_decompylepp_traces/b3e039fd9d1c-decompylepp.command.txt,PycLens/data/rq2/failed_cases_decompylepp_traces/b3e039fd9d1c-decompylepp.stdout.txt,PycLens/data/rq2/failed_cases_decompylepp_traces/b3e039fd9d1c-decompylepp.stderr.txt
b494305630c2,decompylepp,exit_1,Error decompyling PycLens/data/rq2/failed_cases/sceleto2-1.1.2-cpython-38-b494305630c2.pyc: std::bad_cast,sceleto2,1.1.2,sceleto2-1.1.2.tar.gz,tar,sceleto2-1.1.2/sceleto2/__pycache__/data.cpython-38.pyc,sceleto2-1.1.2-cpython-38-b494305630c2.pyc,cpython-38,3413,True,3,decompyle3_decompilable,pylingual,timeout,timeout,pylingual:timeout:timeout_after_600s,PycLens/data/rq2/failed_cases_decompylepp_traces/b494305630c2-decompylepp.command.txt,PycLens/data/rq2/failed_cases_decompylepp_traces/b494305630c2-decompylepp.stdout.txt,PycLens/data/rq2/failed_cases_decompylepp_traces/b494305630c2-decompylepp.stderr.txt
d534a5a9cb5c,decompylepp,ok,,settmhc,1.0.0,settmhc-1.0.0.tar.gz,tar,settmhc-1.0.0/settmhc/mhc-pep-threader/database/__pycache__/HLA_sequences_180.cpython-38.pyc,settmhc-1.0.0-cpython-38-d534a5a9cb5c.pyc,cpython-38,3413,True,4,pylingual_decompilable,decompyle3,timeout,timeout,decompyle3:timeout:timeout_after_600s,,,
dbda8abc38b1,decompylepp,exit_1,CreateObject: Got unsupported type 0x0 Error loading file PycLens/data/rq2/failed_cases/silorider-0.2.1-cpython-39-dbda8abc38b1.pyc: std::bad_cast,silorider,0.2.1,SiloRider-0.2.1-py3-none-any.whl,wheel,tests/__pycache__/conftest.cpython-39-PYTEST.pyc,silorider-0.2.1-cpython-39-dbda8abc38b1.pyc,cpython-39,3425,True,4,pylingual_decompilable,decompyle3,exit_2,tool_exit,"decompyle3:exit_2:Traceback (most recent call last): File ""/root/PyBC-Sec/pybcSEC/data/rq2/envs/cpython-39/lib/python3.9/site-packages/xdis/load.py"", line 328, in load_module_from_file_object co = marshal.loads(bytecode) ValueError: bad marshal data (unkn...",PycLens/data/rq2/failed_cases_decompylepp_traces/dbda8abc38b1-decompylepp.command.txt,PycLens/data/rq2/failed_cases_decompylepp_traces/dbda8abc38b1-decompylepp.stdout.txt,PycLens/data/rq2/failed_cases_decompylepp_traces/dbda8abc38b1-decompylepp.stderr.txt
58bd79aa7b4d,decompylepp,exit_1,CreateObject: Got unsupported type 0x0 Error loading file PycLens/data/rq2/failed_cases/silorider-0.2.1-cpython-39-58bd79aa7b4d.pyc: std::bad_cast,silorider,0.2.1,SiloRider-0.2.1-py3-none-any.whl,wheel,tests/__pycache__/test_commands_populate.cpython-39-PYTEST.pyc,silorider-0.2.1-cpython-39-58bd79aa7b4d.pyc,cpython-39,3425,True,4,pylingual_decompilable,decompyle3,exit_2,tool_exit,"decompyle3:exit_2:Traceback (most recent call last): File ""/root/PyBC-Sec/pybcSEC/data/rq2/envs/cpython-39/lib/python3.9/site-packages/xdis/load.py"", line 328, in load_module_from_file_object co = marshal.loads(bytecode) ValueError: bad marshal data (unkn...",PycLens/data/rq2/failed_cases_decompylepp_traces/58bd79aa7b4d-decompylepp.command.txt,PycLens/data/rq2/failed_cases_decompylepp_traces/58bd79aa7b4d-decompylepp.stdout.txt,PycLens/data/rq2/failed_cases_decompylepp_traces/58bd79aa7b4d-decompylepp.stderr.txt
36c0363d71d5,decompylepp,exit_1,CreateObject: Got unsupported type 0x0 Error loading file PycLens/data/rq2/failed_cases/silorider-0.2.1-cpython-39-36c0363d71d5.pyc: std::bad_cast,silorider,0.2.1,SiloRider-0.2.1-py3-none-any.whl,wheel,tests/__pycache__/test_format.cpython-39-PYTEST.pyc,silorider-0.2.1-cpython-39-36c0363d71d5.pyc,cpython-39,3425,True,4,pylingual_decompilable,decompyle3,exit_2,tool_exit,"decompyle3:exit_2:Traceback (most recent call last): File ""/root/PyBC-Sec/pybcSEC/data/rq2/envs/cpython-39/lib/python3.9/site-packages/xdis/load.py"", line 328, in load_module_from_file_object co = marshal.loads(bytecode) ValueError: bad marshal data (unkn...",PycLens/data/rq2/failed_cases_decompylepp_traces/36c0363d71d5-decompylepp.command.txt,PycLens/data/rq2/failed_cases_decompylepp_traces/36c0363d71d5-decompylepp.stdout.txt,PycLens/data/rq2/failed_cases_decompylepp_traces/36c0363d71d5-decompylepp.stderr.txt
3a5a40ca7193,decompylepp,exit_1,CreateObject: Got unsupported type 0x0 Error loading file PycLens/data/rq2/failed_cases/silorider-0.2.1-cpython-39-3a5a40ca7193.pyc: std::bad_cast,silorider,0.2.1,SiloRider-0.2.1-py3-none-any.whl,wheel,tests/__pycache__/test_silos_mastodon.cpython-39-PYTEST.pyc,silorider-0.2.1-cpython-39-3a5a40ca7193.pyc,cpython-39,3425,True,4,pylingual_decompilable,decompyle3,exit_2,tool_exit,"decompyle3:exit_2:Traceback (most recent call last): File ""/root/PyBC-Sec/pybcSEC/data/rq2/envs/cpython-39/lib/python3.9/site-packages/xdis/load.py"", line 328, in load_module_from_file_object co = marshal.loads(bytecode) ValueError: bad marshal data (unkn...",PycLens/data/rq2/failed_cases_decompylepp_traces/3a5a40ca7193-decompylepp.command.txt,PycLens/data/rq2/failed_cases_decompylepp_traces/3a5a40ca7193-decompylepp.stdout.txt,PycLens/data/rq2/failed_cases_decompylepp_traces/3a5a40ca7193-decompylepp.stderr.txt
d6b391ebce2f,decompylepp,exit_1,CreateObject: Got unsupported type 0x0 Error loading file PycLens/data/rq2/failed_cases/silorider-0.2.1-cpython-39-d6b391ebce2f.pyc: std::bad_cast,silorider,0.2.1,SiloRider-0.2.1-py3-none-any.whl,wheel,tests/__pycache__/test_silos_twitter.cpython-39-PYTEST.pyc,silorider-0.2.1-cpython-39-d6b391ebce2f.pyc,cpython-39,3425,True,4,pylingual_decompilable,decompyle3,exit_2,tool_exit,"decompyle3:exit_2:Traceback (most recent call last): File ""/root/PyBC-Sec/pybcSEC/data/rq2/envs/cpython-39/lib/python3.9/site-packages/xdis/load.py"", line 328, in load_module_from_file_object co = marshal.loads(bytecode) ValueError: bad marshal data (unkn...",PycLens/data/rq2/failed_cases_decompylepp_traces/d6b391ebce2f-decompylepp.command.txt,PycLens/data/rq2/failed_cases_decompylepp_traces/d6b391ebce2f-decompylepp.stdout.txt,PycLens/data/rq2/failed_cases_decompylepp_traces/d6b391ebce2f-decompylepp.stderr.txt
f2d45f3d6395,decompylepp,exit_1,CreateObject: Got unsupported type 0x0 Error loading file PycLens/data/rq2/failed_cases/silorider-0.2.1-cpython-39-f2d45f3d6395.pyc: std::bad_cast,silorider,0.2.1,SiloRider-0.2.1-py3-none-any.whl,wheel,tests/__pycache__/test_silos_webmention.cpython-39-PYTEST.pyc,silorider-0.2.1-cpython-39-f2d45f3d6395.pyc,cpython-39,3425,True,4,pylingual_decompilable,decompyle3,exit_2,tool_exit,"decompyle3:exit_2:Traceback (most recent call last): File ""/root/PyBC-Sec/pybcSEC/data/rq2/envs/cpython-39/lib/python3.9/site-packages/xdis/load.py"", line 328, in load_module_from_file_object co = marshal.loads(bytecode) ValueError: bad marshal data (unkn...",PycLens/data/rq2/failed_cases_decompylepp_traces/f2d45f3d6395-decompylepp.command.txt,PycLens/data/rq2/failed_cases_decompylepp_traces/f2d45f3d6395-decompylepp.stdout.txt,PycLens/data/rq2/failed_cases_decompylepp_traces/f2d45f3d6395-decompylepp.stderr.txt
82c3220e53bc,decompylepp,exit_1,CreateObject: Got unsupported type 0x0 Error loading file PycLens/data/rq2/failed_cases/silorider-0.2.1-cpython-39-82c3220e53bc.pyc: std::bad_cast,silorider,0.2.1,SiloRider-0.2.1.tar.gz,tar,SiloRider-0.2.1/tests/__pycache__/conftest.cpython-39-PYTEST.pyc,silorider-0.2.1-cpython-39-82c3220e53bc.pyc,cpython-39,3425,True,4,pylingual_decompilable,decompyle3,exit_2,tool_exit,"decompyle3:exit_2:Traceback (most recent call last): File ""/root/PyBC-Sec/pybcSEC/data/rq2/envs/cpython-39/lib/python3.9/site-packages/xdis/load.py"", line 328, in load_module_from_file_object co = marshal.loads(bytecode) ValueError: bad marshal data (unkn...",PycLens/data/rq2/failed_cases_decompylepp_traces/82c3220e53bc-decompylepp.command.txt,PycLens/data/rq2/failed_cases_decompylepp_traces/82c3220e53bc-decompylepp.stdout.txt,PycLens/data/rq2/failed_cases_decompylepp_traces/82c3220e53bc-decompylepp.stderr.txt
7a8103a0de8d,decompylepp,exit_1,CreateObject: Got unsupported type 0x0 Error loading file PycLens/data/rq2/failed_cases/silorider-0.2.1-cpython-39-7a8103a0de8d.pyc: std::bad_cast,silorider,0.2.1,SiloRider-0.2.1.tar.gz,tar,SiloRider-0.2.1/tests/__pycache__/test_commands_populate.cpython-39-PYTEST.pyc,silorider-0.2.1-cpython-39-7a8103a0de8d.pyc,cpython-39,3425,True,4,pylingual_decompilable,decompyle3,exit_2,tool_exit,"decompyle3:exit_2:Traceback (most recent call last): File ""/root/PyBC-Sec/pybcSEC/data/rq2/envs/cpython-39/lib/python3.9/site-packages/xdis/load.py"", line 328, in load_module_from_file_object co = marshal.loads(bytecode) ValueError: bad marshal data (unkn...",PycLens/data/rq2/failed_cases_decompylepp_traces/7a8103a0de8d-decompylepp.command.txt,PycLens/data/rq2/failed_cases_decompylepp_traces/7a8103a0de8d-decompylepp.stdout.txt,PycLens/data/rq2/failed_cases_decompylepp_traces/7a8103a0de8d-decompylepp.stderr.txt
4bc56de425b3,decompylepp,exit_1,CreateObject: Got unsupported type 0x0 Error loading file PycLens/data/rq2/failed_cases/silorider-0.2.1-cpython-39-4bc56de425b3.pyc: std::bad_cast,silorider,0.2.1,SiloRider-0.2.1.tar.gz,tar,SiloRider-0.2.1/tests/__pycache__/test_format.cpython-39-PYTEST.pyc,silorider-0.2.1-cpython-39-4bc56de425b3.pyc,cpython-39,3425,True,4,pylingual_decompilable,decompyle3,exit_2,tool_exit,"decompyle3:exit_2:Traceback (most recent call last): File ""/root/PyBC-Sec/pybcSEC/data/rq2/envs/cpython-39/lib/python3.9/site-packages/xdis/load.py"", line 328, in load_module_from_file_object co = marshal.loads(bytecode) ValueError: bad marshal data (unkn...",PycLens/data/rq2/failed_cases_decompylepp_traces/4bc56de425b3-decompylepp.command.txt,PycLens/data/rq2/failed_cases_decompylepp_traces/4bc56de425b3-decompylepp.stdout.txt,PycLens/data/rq2/failed_cases_decompylepp_traces/4bc56de425b3-decompylepp.stderr.txt
cba85243bdae,decompylepp,exit_1,CreateObject: Got unsupported type 0x0 Error loading file PycLens/data/rq2/failed_cases/silorider-0.2.1-cpython-39-cba85243bdae.pyc: std::bad_cast,silorider,0.2.1,SiloRider-0.2.1.tar.gz,tar,SiloRider-0.2.1/tests/__pycache__/test_silos_mastodon.cpython-39-PYTEST.pyc,silorider-0.2.1-cpython-39-cba85243bdae.pyc,cpython-39,3425,True,4,pylingual_decompilable,decompyle3,exit_2,tool_exit,"decompyle3:exit_2:Traceback (most recent call last): File ""/root/PyBC-Sec/pybcSEC/data/rq2/envs/cpython-39/lib/python3.9/site-packages/xdis/load.py"", line 328, in load_module_from_file_object co = marshal.loads(bytecode) ValueError: bad marshal data (unkn...",PycLens/data/rq2/failed_cases_decompylepp_traces/cba85243bdae-decompylepp.command.txt,PycLens/data/rq2/failed_cases_decompylepp_traces/cba85243bdae-decompylepp.stdout.txt,PycLens/data/rq2/failed_cases_decompylepp_traces/cba85243bdae-decompylepp.stderr.txt
922f2d574acb,decompylepp,exit_1,CreateObject: Got unsupported type 0x0 Error loading file PycLens/data/rq2/failed_cases/silorider-0.2.1-cpython-39-922f2d574acb.pyc: std::bad_cast,silorider,0.2.1,SiloRider-0.2.1.tar.gz,tar,SiloRider-0.2.1/tests/__pycache__/test_silos_twitter.cpython-39-PYTEST.pyc,silorider-0.2.1-cpython-39-922f2d574acb.pyc,cpython-39,3425,True,4,pylingual_decompilable,decompyle3,exit_2,tool_exit,"decompyle3:exit_2:Traceback (most recent call last): File ""/root/PyBC-Sec/pybcSEC/data/rq2/envs/cpython-39/lib/python3.9/site-packages/xdis/load.py"", line 328, in load_module_from_file_object co = marshal.loads(bytecode) ValueError: bad marshal data (unkn...",PycLens/data/rq2/failed_cases_decompylepp_traces/922f2d574acb-decompylepp.command.txt,PycLens/data/rq2/failed_cases_decompylepp_traces/922f2d574acb-decompylepp.stdout.txt,PycLens/data/rq2/failed_cases_decompylepp_traces/922f2d574acb-decompylepp.stderr.txt
2b7036e427d0,decompylepp,exit_1,CreateObject: Got unsupported type 0x0 Error loading file PycLens/data/rq2/failed_cases/silorider-0.2.1-cpython-39-2b7036e427d0.pyc: std::bad_cast,silorider,0.2.1,SiloRider-0.2.1.tar.gz,tar,SiloRider-0.2.1/tests/__pycache__/test_silos_webmention.cpython-39-PYTEST.pyc,silorider-0.2.1-cpython-39-2b7036e427d0.pyc,cpython-39,3425,True,4,pylingual_decompilable,decompyle3,exit_2,tool_exit,"decompyle3:exit_2:Traceback (most recent call last): File ""/root/PyBC-Sec/pybcSEC/data/rq2/envs/cpython-39/lib/python3.9/site-packages/xdis/load.py"", line 328, in load_module_from_file_object co = marshal.loads(bytecode) ValueError: bad marshal data (unkn...",PycLens/data/rq2/failed_cases_decompylepp_traces/2b7036e427d0-decompylepp.command.txt,PycLens/data/rq2/failed_cases_decompylepp_traces/2b7036e427d0-decompylepp.stdout.txt,PycLens/data/rq2/failed_cases_decompylepp_traces/2b7036e427d0-decompylepp.stderr.txt
e76f5889f1b8,decompylepp,exit_1,Warning: Stack history is not empty! Warning: block stack is not empty! Warning: block stack is not empty! Something TERRIBLE happened! No matching with block found for WITH_CLEANUP at 108 Something TERRIBLE happened! No matching with bl...,springheel,7.0.2,springheel-7.0.2-py3-none-any.whl,wheel,springheel/__pycache__/__init__.cpython-38.pyc,springheel-7.0.2-cpython-38-e76f5889f1b8.pyc,cpython-38,3413,True,4,pylingual_decompilable,decompyle3,timeout,timeout,decompyle3:timeout:timeout_after_600s,PycLens/data/rq2/failed_cases_decompylepp_traces/e76f5889f1b8-decompylepp.command.txt,PycLens/data/rq2/failed_cases_decompylepp_traces/e76f5889f1b8-decompylepp.stdout.txt,PycLens/data/rq2/failed_cases_decompylepp_traces/e76f5889f1b8-decompylepp.stderr.txt
373880b18f17,decompylepp,exit_1,Warning: Stack history is not empty! Warning: block stack is not empty! Warning: block stack is not empty! Something TERRIBLE happened! No matching with block found for WITH_CLEANUP at 108 Something TERRIBLE happened! No matching with bl...,springheel,7.0.2,springheel-7.0.2.tar.gz,tar,springheel-7.0.2/springheel/__pycache__/__init__.cpython-38.pyc,springheel-7.0.2-cpython-38-373880b18f17.pyc,cpython-38,3413,True,4,pylingual_decompilable,decompyle3,timeout,timeout,decompyle3:timeout:timeout_after_600s,PycLens/data/rq2/failed_cases_decompylepp_traces/373880b18f17-decompylepp.command.txt,PycLens/data/rq2/failed_cases_decompylepp_traces/373880b18f17-decompylepp.stdout.txt,PycLens/data/rq2/failed_cases_decompylepp_traces/373880b18f17-decompylepp.stderr.txt
581c44117751,decompylepp,exit_1,Bad MAGIC! Could not load file PycLens/data/rq2/failed_cases/stadium-jams-1.1.0-cpython-311-581c44117751.pyc,stadium-jams,1.1.0,stadium_jams-1.1.0.tar.gz,tar,stadium_jams-1.1.0/venues/stages/stadium_jams/_clique/group/__pycache__/__init__.cpython-311.pyc,stadium-jams-1.1.0-cpython-311-581c44117751.pyc,cpython-311,42946,True,4,pylingual_decompilable,decompyle3;marshal,error;exit_2,marshal_parse_failure;tool_exit,marshal:error:marshal_failed: || decompyle3:exit_2:/root/PyBC-Sec/pybcSEC/data/rq2/envs/cpython-311/lib/python3.11/site-packages/click/core.py:1262: UserWarning: The parameter --version is used more than once. Remove its duplicate as parameters should be unique. parser = self.make_parser...,PycLens/data/rq2/failed_cases_decompylepp_traces/581c44117751-decompylepp.command.txt,PycLens/data/rq2/failed_cases_decompylepp_traces/581c44117751-decompylepp.stdout.txt,PycLens/data/rq2/failed_cases_decompylepp_traces/581c44117751-decompylepp.stderr.txt
7f8b8c99478a,decompylepp,exit_1,Bad MAGIC! Could not load file PycLens/data/rq2/failed_cases/stadium-jams-1.1.0-cpython-311-7f8b8c99478a.pyc,stadium-jams,1.1.0,stadium_jams-1.1.0.tar.gz,tar,stadium_jams-1.1.0/venues/stages/stadium_jams/jams/EEC_448_2/private_key/__pycache__/creator.cpython-311.pyc,stadium-jams-1.1.0-cpython-311-7f8b8c99478a.pyc,cpython-311,42946,True,4,pylingual_decompilable,decompyle3;marshal,error;exit_2,marshal_parse_failure;tool_exit,marshal:error:marshal_failed: || decompyle3:exit_2:/root/PyBC-Sec/pybcSEC/data/rq2/envs/cpython-311/lib/python3.11/site-packages/click/core.py:1262: UserWarning: The parameter --version is used more than once. Remove its duplicate as parameters should be unique. parser = self.make_parser...,PycLens/data/rq2/failed_cases_decompylepp_traces/7f8b8c99478a-decompylepp.command.txt,PycLens/data/rq2/failed_cases_decompylepp_traces/7f8b8c99478a-decompylepp.stdout.txt,PycLens/data/rq2/failed_cases_decompylepp_traces/7f8b8c99478a-decompylepp.stderr.txt
ab5df41c09f4,decompylepp,exit_1,Bad MAGIC! Could not load file PycLens/data/rq2/failed_cases/stadium-jams-1.1.0-cpython-311-ab5df41c09f4.pyc,stadium-jams,1.1.0,stadium_jams-1.1.0.tar.gz,tar,stadium_jams-1.1.0/venues/stages/stadium_jams/jams/EEC_448_2/private_key/__pycache__/scan.cpython-311.pyc,stadium-jams-1.1.0-cpython-311-ab5df41c09f4.pyc,cpython-311,42946,True,4,pylingual_decompilable,decompyle3;marshal,error;exit_2,marshal_parse_failure;tool_exit,marshal:error:marshal_failed: || decompyle3:exit_2:/root/PyBC-Sec/pybcSEC/data/rq2/envs/cpython-311/lib/python3.11/site-packages/click/core.py:1262: UserWarning: The parameter --version is used more than once. Remove its duplicate as parameters should be unique. parser = self.make_parser...,PycLens/data/rq2/failed_cases_decompylepp_traces/ab5df41c09f4-decompylepp.command.txt,PycLens/data/rq2/failed_cases_decompylepp_traces/ab5df41c09f4-decompylepp.stdout.txt,PycLens/data/rq2/failed_cases_decompylepp_traces/ab5df41c09f4-decompylepp.stderr.txt
1bb144c40924,decompylepp,exit_1,Bad MAGIC! Could not load file PycLens/data/rq2/failed_cases/stadium-jams-1.1.0-cpython-311-1bb144c40924.pyc,stadium-jams,1.1.0,stadium_jams-1.1.0.tar.gz,tar,stadium_jams-1.1.0/venues/stages/stadium_jams/jams/EEC_448_2/public_key/__pycache__/creator.cpython-311.pyc,stadium-jams-1.1.0-cpython-311-1bb144c40924.pyc,cpython-311,42946,True,4,pylingual_decompilable,decompyle3;marshal,error;exit_2,marshal_parse_failure;tool_exit,marshal:error:marshal_failed: || decompyle3:exit_2:/root/PyBC-Sec/pybcSEC/data/rq2/envs/cpython-311/lib/python3.11/site-packages/click/core.py:1262: UserWarning: The parameter --version is used more than once. Remove its duplicate as parameters should be unique. parser = self.make_parser...,PycLens/data/rq2/failed_cases_decompylepp_traces/1bb144c40924-decompylepp.command.txt,PycLens/data/rq2/failed_cases_decompylepp_traces/1bb144c40924-decompylepp.stdout.txt,PycLens/data/rq2/failed_cases_decompylepp_traces/1bb144c40924-decompylepp.stderr.txt
06234379bb08,decompylepp,exit_1,PycFile::getByte(): Unexpected end of stream,stadium-jams,1.1.0,stadium_jams-1.1.0.tar.gz,tar,stadium_jams-1.1.0/venues/stages/stadium_jams/jams/EEC_448_2/public_key/__pycache__/form.cpython-310.pyc,stadium-jams-1.1.0-cpython-310-06234379bb08.pyc,cpython-310,3439,False,4,pylingual_decompilable,decompyle3;marshal,error;exit_2,marshal_parse_failure;tool_exit,marshal:error:marshal_failed: || decompyle3:exit_2:/root/PyBC-Sec/pybcSEC/data/rq2/envs/cpython-310/lib/python3.10/site-packages/click/core.py:1262: UserWarning: The parameter --version is used more than once. Remove its duplicate as parameters should be unique. parser = self.make_parser...,PycLens/data/rq2/failed_cases_decompylepp_traces/06234379bb08-decompylepp.command.txt,PycLens/data/rq2/failed_cases_decompylepp_traces/06234379bb08-decompylepp.stdout.txt,PycLens/data/rq2/failed_cases_decompylepp_traces/06234379bb08-decompylepp.stderr.txt
a731388cbadf,decompylepp,exit_1,Bad MAGIC! Could not load file PycLens/data/rq2/failed_cases/stadium-jams-1.1.0-cpython-311-a731388cbadf.pyc,stadium-jams,1.1.0,stadium_jams-1.1.0.tar.gz,tar,stadium_jams-1.1.0/venues/stages/stadium_jams/jams/EEC_448_2/public_key/__pycache__/form.cpython-311.pyc,stadium-jams-1.1.0-cpython-311-a731388cbadf.pyc,cpython-311,42946,False,4,pylingual_decompilable,decompyle3;marshal,error;exit_2,marshal_parse_failure;tool_exit,marshal:error:marshal_failed: || decompyle3:exit_2:/root/PyBC-Sec/pybcSEC/data/rq2/envs/cpython-311/lib/python3.11/site-packages/click/core.py:1262: UserWarning: The parameter --version is used more than once. Remove its duplicate as parameters should be unique. parser = self.make_parser...,PycLens/data/rq2/failed_cases_decompylepp_traces/a731388cbadf-decompylepp.command.txt,PycLens/data/rq2/failed_cases_decompylepp_traces/a731388cbadf-decompylepp.stdout.txt,PycLens/data/rq2/failed_cases_decompylepp_traces/a731388cbadf-decompylepp.stderr.txt
b0eaebdfa444,decompylepp,exit_1,Bad MAGIC! Could not load file PycLens/data/rq2/failed_cases/stadium-jams-1.1.0-cpython-311-b0eaebdfa444.pyc,stadium-jams,1.1.0,stadium_jams-1.1.0.tar.gz,tar,stadium_jams-1.1.0/venues/stages/stadium_jams/jams/EEC_448_2/public_key/__pycache__/scan.cpython-311.pyc,stadium-jams-1.1.0-cpython-311-b0eaebdfa444.pyc,cpython-311,42946,True,4,pylingual_decompilable,decompyle3;marshal,error;exit_2,marshal_parse_failure;tool_exit,marshal:error:marshal_failed: || decompyle3:exit_2:/root/PyBC-Sec/pybcSEC/data/rq2/envs/cpython-311/lib/python3.11/site-packages/click/core.py:1262: UserWarning: The parameter --version is used more than once. Remove its duplicate as parameters should be unique. parser = self.make_parser...,PycLens/data/rq2/failed_cases_decompylepp_traces/b0eaebdfa444-decompylepp.command.txt,PycLens/data/rq2/failed_cases_decompylepp_traces/b0eaebdfa444-decompylepp.stdout.txt,PycLens/data/rq2/failed_cases_decompylepp_traces/b0eaebdfa444-decompylepp.stderr.txt
91c6c9a7ecee,decompylepp,exit_1,PycFile::getByte(): Unexpected end of stream,stadium-jams,1.1.0,stadium_jams-1.1.0.tar.gz,tar,stadium_jams-1.1.0/venues/stages/stadium_jams/jams/EEC_448_2/public_key/__pycache__/write.cpython-310.pyc,stadium-jams-1.1.0-cpython-310-91c6c9a7ecee.pyc,cpython-310,3439,False,4,pylingual_decompilable,decompyle3;marshal,error;exit_2,marshal_parse_failure;tool_exit,marshal:error:marshal_failed: || decompyle3:exit_2:/root/PyBC-Sec/pybcSEC/data/rq2/envs/cpython-310/lib/python3.10/site-packages/click/core.py:1262: UserWarning: The parameter --version is used more than once. Remove its duplicate as parameters should be unique. parser = self.make_parser...,PycLens/data/rq2/failed_cases_decompylepp_traces/91c6c9a7ecee-decompylepp.command.txt,PycLens/data/rq2/failed_cases_decompylepp_traces/91c6c9a7ecee-decompylepp.stdout.txt,PycLens/data/rq2/failed_cases_decompylepp_traces/91c6c9a7ecee-decompylepp.stderr.txt
70ae72529341,decompylepp,exit_1,Bad MAGIC! Could not load file PycLens/data/rq2/failed_cases/stadium-jams-1.1.0-cpython-311-70ae72529341.pyc,stadium-jams,1.1.0,stadium_jams-1.1.0.tar.gz,tar,stadium_jams-1.1.0/venues/stages/stadium_jams/jams/EEC_448_2/public_key/__pycache__/write.cpython-311.pyc,stadium-jams-1.1.0-cpython-311-70ae72529341.pyc,cpython-311,42946,False,4,pylingual_decompilable,decompyle3;marshal,error;exit_2,marshal_parse_failure;tool_exit,marshal:error:marshal_failed: || decompyle3:exit_2:/root/PyBC-Sec/pybcSEC/data/rq2/envs/cpython-311/lib/python3.11/site-packages/click/core.py:1262: UserWarning: The parameter --version is used more than once. Remove its duplicate as parameters should be unique. parser = self.make_parser...,PycLens/data/rq2/failed_cases_decompylepp_traces/70ae72529341-decompylepp.command.txt,PycLens/data/rq2/failed_cases_decompylepp_traces/70ae72529341-decompylepp.stdout.txt,PycLens/data/rq2/failed_cases_decompylepp_traces/70ae72529341-decompylepp.stderr.txt
b2164b5a3752,decompylepp,exit_1,PycFile::getByte(): Unexpected end of stream,stadium-jams,1.1.0,stadium_jams-1.1.0.tar.gz,tar,stadium_jams-1.1.0/venues/stages/stadium_jams/jams/EEC_448_2/rhythms/__pycache__/__init__.cpython-310.pyc,stadium-jams-1.1.0-cpython-310-b2164b5a3752.pyc,cpython-310,3439,True,4,pylingual_decompilable,decompyle3;marshal,error;exit_2,marshal_parse_failure;tool_exit,marshal:error:marshal_failed: || decompyle3:exit_2:/root/PyBC-Sec/pybcSEC/data/rq2/envs/cpython-310/lib/python3.10/site-packages/click/core.py:1262: UserWarning: The parameter --version is used more than once. Remove its duplicate as parameters should be unique. parser = self.make_parser...,PycLens/data/rq2/failed_cases_decompylepp_traces/b2164b5a3752-decompylepp.command.txt,PycLens/data/rq2/failed_cases_decompylepp_traces/b2164b5a3752-decompylepp.stdout.txt,PycLens/data/rq2/failed_cases_decompylepp_traces/b2164b5a3752-decompylepp.stderr.txt
5871f0e9e1e9,decompylepp,exit_1,Bad MAGIC! Could not load file PycLens/data/rq2/failed_cases/stadium-jams-1.1.0-cpython-311-5871f0e9e1e9.pyc,stadium-jams,1.1.0,stadium_jams-1.1.0.tar.gz,tar,stadium_jams-1.1.0/venues/stages/stadium_jams/jams/EEC_448_2/sign/__pycache__/__init__.cpython-311.pyc,stadium-jams-1.1.0-cpython-311-5871f0e9e1e9.pyc,cpython-311,42946,True,4,pylingual_decompilable,decompyle3;marshal,error;exit_2,marshal_parse_failure;tool_exit,marshal:error:marshal_failed: || decompyle3:exit_2:/root/PyBC-Sec/pybcSEC/data/rq2/envs/cpython-311/lib/python3.11/site-packages/click/core.py:1262: UserWarning: The parameter --version is used more than once. Remove its duplicate as parameters should be unique. parser = self.make_parser...,PycLens/data/rq2/failed_cases_decompylepp_traces/5871f0e9e1e9-decompylepp.command.txt,PycLens/data/rq2/failed_cases_decompylepp_traces/5871f0e9e1e9-decompylepp.stdout.txt,PycLens/data/rq2/failed_cases_decompylepp_traces/5871f0e9e1e9-decompylepp.stderr.txt
8761c1c9fb38,decompylepp,exit_1,Bad MAGIC! Could not load file PycLens/data/rq2/failed_cases/stadium-jams-1.1.0-cpython-311-8761c1c9fb38.pyc,stadium-jams,1.1.0,stadium_jams-1.1.0.tar.gz,tar,stadium_jams-1.1.0/venues/stages/stadium_jams/jams/EEC_448_2/verify/__pycache__/__init__.cpython-311.pyc,stadium-jams-1.1.0-cpython-311-8761c1c9fb38.pyc,cpython-311,42946,True,4,pylingual_decompilable,decompyle3;marshal,error;exit_2,marshal_parse_failure;tool_exit,marshal:error:marshal_failed: || decompyle3:exit_2:/root/PyBC-Sec/pybcSEC/data/rq2/envs/cpython-311/lib/python3.11/site-packages/click/core.py:1262: UserWarning: The parameter --version is used more than once. Remove its duplicate as parameters should be unique. parser = self.make_parser...,PycLens/data/rq2/failed_cases_decompylepp_traces/8761c1c9fb38-decompylepp.command.txt,PycLens/data/rq2/failed_cases_decompylepp_traces/8761c1c9fb38-decompylepp.stdout.txt,PycLens/data/rq2/failed_cases_decompylepp_traces/8761c1c9fb38-decompylepp.stderr.txt
0f66c9ea8ce5,decompylepp,exit_1,Bad MAGIC! Could not load file PycLens/data/rq2/failed_cases/tholin-1.0.0-cpython-311-0f66c9ea8ce5.pyc,tholin,1.0.0,tholin-1.0.0.tar.gz,tar,tholin-1.0.0/vehicles/Tholin/_clique/group/__pycache__/__init__.cpython-311.pyc,tholin-1.0.0-cpython-311-0f66c9ea8ce5.pyc,cpython-311,42946,True,4,pylingual_decompilable,decompyle3;marshal,error;exit_2,marshal_parse_failure;tool_exit,marshal:error:marshal_failed: || decompyle3:exit_2:/root/PyBC-Sec/pybcSEC/data/rq2/envs/cpython-311/lib/python3.11/site-packages/click/core.py:1262: UserWarning: The parameter --version is used more than once. Remove its duplicate as parameters should be unique. parser = self.make_parser...,PycLens/data/rq2/failed_cases_decompylepp_traces/0f66c9ea8ce5-decompylepp.command.txt,PycLens/data/rq2/failed_cases_decompylepp_traces/0f66c9ea8ce5-decompylepp.stdout.txt,PycLens/data/rq2/failed_cases_decompylepp_traces/0f66c9ea8ce5-decompylepp.stderr.txt
e4fc05c09ee6,decompylepp,exit_1,Bad MAGIC! Could not load file PycLens/data/rq2/failed_cases/tkfly-0.1.0b3-cpython-312-e4fc05c09ee6.pyc,tkfly,0.1.0b3,tkfly-0.1.0b3.tar.gz,tar,tkfly-0.1.0b3/tkfly/_tklib/__pycache__/__init__.cpython-312.pyc,tkfly-0.1.0b3-cpython-312-e4fc05c09ee6.pyc,cpython-312,3520,True,4,pylingual_decompilable,dis,error,disassembly_failure,dis:error:dis_failed:IndexError:tuple index out of range,PycLens/data/rq2/failed_cases_decompylepp_traces/e4fc05c09ee6-decompylepp.command.txt,PycLens/data/rq2/failed_cases_decompylepp_traces/e4fc05c09ee6-decompylepp.stdout.txt,PycLens/data/rq2/failed_cases_decompylepp_traces/e4fc05c09ee6-decompylepp.stderr.txt
85e1b96ce26c,decompylepp,exit_1,Bad MAGIC! Could not load file PycLens/data/rq2/failed_cases/tracts-0.0.2-cpython-311-85e1b96ce26c.pyc,tracts,0.0.2,tracts-0.0.2.tar.gz,tar,tracts-0.0.2/venues/stages/tracts/_ops/_clique/__pycache__/__init__.cpython-311.pyc,tracts-0.0.2-cpython-311-85e1b96ce26c.pyc,cpython-311,42946,True,4,pylingual_decompilable,decompyle3;marshal,error;exit_2,marshal_parse_failure;tool_exit,marshal:error:marshal_failed: || decompyle3:exit_2:/root/PyBC-Sec/pybcSEC/data/rq2/envs/cpython-311/lib/python3.11/site-packages/click/core.py:1262: UserWarning: The parameter --version is used more than once. Remove its duplicate as parameters should be unique. parser = self.make_parser...,PycLens/data/rq2/failed_cases_decompylepp_traces/85e1b96ce26c-decompylepp.command.txt,PycLens/data/rq2/failed_cases_decompylepp_traces/85e1b96ce26c-decompylepp.stdout.txt,PycLens/data/rq2/failed_cases_decompylepp_traces/85e1b96ce26c-decompylepp.stderr.txt
07557dd2d022,decompylepp,exit_1,Bad MAGIC! Could not load file PycLens/data/rq2/failed_cases/tracts-0.0.2-cpython-311-07557dd2d022.pyc,tracts,0.0.2,tracts-0.0.2.tar.gz,tar,tracts-0.0.2/venues/stages/tracts/_ops/_clique/group/__pycache__/__init__.cpython-311.pyc,tracts-0.0.2-cpython-311-07557dd2d022.pyc,cpython-311,42946,True,4,pylingual_decompilable,decompyle3;marshal,error;exit_2,marshal_parse_failure;tool_exit,marshal:error:marshal_failed: || decompyle3:exit_2:/root/PyBC-Sec/pybcSEC/data/rq2/envs/cpython-311/lib/python3.11/site-packages/click/core.py:1262: UserWarning: The parameter --version is used more than once. Remove its duplicate as parameters should be unique. parser = self.make_parser...,PycLens/data/rq2/failed_cases_decompylepp_traces/07557dd2d022-decompylepp.command.txt,PycLens/data/rq2/failed_cases_decompylepp_traces/07557dd2d022-decompylepp.stdout.txt,PycLens/data/rq2/failed_cases_decompylepp_traces/07557dd2d022-decompylepp.stderr.txt
c7bd7ba4803f,decompylepp,ok,,transformerslocal,0.0.4,transformerslocal-0.0.4.tar.gz,tar,transformerslocal-0.0.4/transformerslocal/src/transformers/__pycache__/__init__.cpython-38.pyc,transformerslocal-0.0.4-cpython-38-c7bd7ba4803f.pyc,cpython-38,3413,True,4,pylingual_decompilable,decompyle3,timeout,timeout,decompyle3:timeout:timeout_after_600s,,,
3f50d345f221,decompylepp,exit_1,Error decompyling PycLens/data/rq2/failed_cases/transformerslocal-0.0.4-cpython-38-3f50d345f221.pyc: std::bad_cast,transformerslocal,0.0.4,transformerslocal-0.0.4.tar.gz,tar,transformerslocal-0.0.4/transformerslocal/src/transformers/__pycache__/modeling_utils.cpython-38.pyc,transformerslocal-0.0.4-cpython-38-3f50d345f221.pyc,cpython-38,3413,True,4,pylingual_decompilable,decompyle3,timeout,timeout,decompyle3:timeout:timeout_after_600s,PycLens/data/rq2/failed_cases_decompylepp_traces/3f50d345f221-decompylepp.command.txt,PycLens/data/rq2/failed_cases_decompylepp_traces/3f50d345f221-decompylepp.stdout.txt,PycLens/data/rq2/failed_cases_decompylepp_traces/3f50d345f221-decompylepp.stderr.txt
27ce387ce7f9,decompylepp,exit_1,Error decompyling PycLens/data/rq2/failed_cases/transformerslocal-0.0.4-cpython-38-27ce387ce7f9.pyc: std::bad_cast,transformerslocal,0.0.4,transformerslocal-0.0.4.tar.gz,tar,transformerslocal-0.0.4/transformerslocal/src/transformers/__pycache__/training_args.cpython-38.pyc,transformerslocal-0.0.4-cpython-38-27ce387ce7f9.pyc,cpython-38,3413,True,4,pylingual_decompilable,decompyle3,timeout,timeout,decompyle3:timeout:timeout_after_600s,PycLens/data/rq2/failed_cases_decompylepp_traces/27ce387ce7f9-decompylepp.command.txt,PycLens/data/rq2/failed_cases_decompylepp_traces/27ce387ce7f9-decompylepp.stdout.txt,PycLens/data/rq2/failed_cases_decompylepp_traces/27ce387ce7f9-decompylepp.stderr.txt
b819f82d8c62,decompylepp,exit_1,Error decompyling PycLens/data/rq2/failed_cases/transformerslocal-0.0.4-cpython-38-b819f82d8c62.pyc: std::bad_cast,transformerslocal,0.0.4,transformerslocal-0.0.4.tar.gz,tar,transformerslocal-0.0.4/transformerslocal/src/transformers/generation/__pycache__/utils.cpython-38.pyc,transformerslocal-0.0.4-cpython-38-b819f82d8c62.pyc,cpython-38,3413,True,4,pylingual_decompilable,decompyle3,timeout,timeout,decompyle3:timeout:timeout_after_600s,PycLens/data/rq2/failed_cases_decompylepp_traces/b819f82d8c62-decompylepp.command.txt,PycLens/data/rq2/failed_cases_decompylepp_traces/b819f82d8c62-decompylepp.stdout.txt,PycLens/data/rq2/failed_cases_decompylepp_traces/b819f82d8c62-decompylepp.stderr.txt
861b4ec4f4a2,decompylepp,exit_1,Bad MAGIC! Could not load file PycLens/data/rq2/failed_cases/trysts-0.0.2-cpython-311-861b4ec4f4a2.pyc,trysts,0.0.2,trysts-0.0.2.tar.gz,tar,trysts-0.0.2/venues/stages/trysts/_ops/_clique/__pycache__/__init__.cpython-311.pyc,trysts-0.0.2-cpython-311-861b4ec4f4a2.pyc,cpython-311,42946,True,4,pylingual_decompilable,decompyle3;marshal,error;exit_2,marshal_parse_failure;tool_exit,marshal:error:marshal_failed: || decompyle3:exit_2:/root/PyBC-Sec/pybcSEC/data/rq2/envs/cpython-311/lib/python3.11/site-packages/click/core.py:1262: UserWarning: The parameter --version is used more than once. Remove its duplicate as parameters should be unique. parser = self.make_parser...,PycLens/data/rq2/failed_cases_decompylepp_traces/861b4ec4f4a2-decompylepp.command.txt,PycLens/data/rq2/failed_cases_decompylepp_traces/861b4ec4f4a2-decompylepp.stdout.txt,PycLens/data/rq2/failed_cases_decompylepp_traces/861b4ec4f4a2-decompylepp.stderr.txt
dd02034a963d,decompylepp,exit_1,Bad MAGIC! Could not load file PycLens/data/rq2/failed_cases/trysts-0.0.2-cpython-311-dd02034a963d.pyc,trysts,0.0.2,trysts-0.0.2.tar.gz,tar,trysts-0.0.2/venues/stages/trysts/_ops/_clique/group/__pycache__/__init__.cpython-311.pyc,trysts-0.0.2-cpython-311-dd02034a963d.pyc,cpython-311,42946,True,4,pylingual_decompilable,decompyle3;marshal,error;exit_2,marshal_parse_failure;tool_exit,marshal:error:marshal_failed: || decompyle3:exit_2:/root/PyBC-Sec/pybcSEC/data/rq2/envs/cpython-311/lib/python3.11/site-packages/click/core.py:1262: UserWarning: The parameter --version is used more than once. Remove its duplicate as parameters should be unique. parser = self.make_parser...,PycLens/data/rq2/failed_cases_decompylepp_traces/dd02034a963d-decompylepp.command.txt,PycLens/data/rq2/failed_cases_decompylepp_traces/dd02034a963d-decompylepp.stdout.txt,PycLens/data/rq2/failed_cases_decompylepp_traces/dd02034a963d-decompylepp.stderr.txt
b7046fccd8b8,decompylepp,exit_1,PycBuffer::getByte(): Unexpected end of stream,uniqgift-custom,1.0.7,uniqgift_custom-1.0.7-py3-none-any.whl,wheel,django/db/models/__pycache__/options.cpython-38.pyc,uniqgift-custom-1.0.7-cpython-38-b7046fccd8b8.pyc,cpython-38,3413,True,4,pylingual_decompilable,decompyle3,exit_1,tool_exit,"decompyle3:exit_1:Traceback (most recent call last): File ""data/rq2/envs/cpython-38/bin/decompyle3"", line 8, in <module> sys.exit(main_bin()) File ""/root/PyBC-Sec/pybcSEC/data/rq2/envs/cpython-38/lib/python3.8/site-packages/click/core.py"", line 1161, in _...",PycLens/data/rq2/failed_cases_decompylepp_traces/b7046fccd8b8-decompylepp.command.txt,PycLens/data/rq2/failed_cases_decompylepp_traces/b7046fccd8b8-decompylepp.stdout.txt,PycLens/data/rq2/failed_cases_decompylepp_traces/b7046fccd8b8-decompylepp.stderr.txt
bf10b49b1d73,decompylepp,exit_1,Error decompyling PycLens/data/rq2/failed_cases/uniqgift-custom-1.0.7-cpython-38-bf10b49b1d73.pyc: std::bad_cast,uniqgift-custom,1.0.7,uniqgift_custom-1.0.7-py3-none-any.whl,wheel,django/forms/__pycache__/models.cpython-38.pyc,uniqgift-custom-1.0.7-cpython-38-bf10b49b1d73.pyc,cpython-38,3413,True,4,pylingual_decompilable,decompyle3,exit_1,tool_exit,"decompyle3:exit_1:Traceback (most recent call last): File ""data/rq2/envs/cpython-38/bin/decompyle3"", line 8, in <module> sys.exit(main_bin()) File ""/root/PyBC-Sec/pybcSEC/data/rq2/envs/cpython-38/lib/python3.8/site-packages/click/core.py"", line 1161, in _...",PycLens/data/rq2/failed_cases_decompylepp_traces/bf10b49b1d73-decompylepp.command.txt,PycLens/data/rq2/failed_cases_decompylepp_traces/bf10b49b1d73-decompylepp.stdout.txt,PycLens/data/rq2/failed_cases_decompylepp_traces/bf10b49b1d73-decompylepp.stderr.txt
5adb3076035d,decompylepp,exit_1,Warning: Stack history is not empty! Warning: block stack is not empty! Error decompyling PycLens/data/rq2/failed_cases/uniqgift-custom-1.0.7-cpython-38-5adb3076035d.pyc: std::bad_cast,uniqgift-custom,1.0.7,uniqgift_custom-1.0.7-py3-none-any.whl,wheel,django/test/__pycache__/testcases.cpython-38.pyc,uniqgift-custom-1.0.7-cpython-38-5adb3076035d.pyc,cpython-38,3413,True,4,pylingual_decompilable,decompyle3,exit_1,tool_exit,"decompyle3:exit_1:Traceback (most recent call last): File ""data/rq2/envs/cpython-38/bin/decompyle3"", line 8, in <module> sys.exit(main_bin()) File ""/root/PyBC-Sec/pybcSEC/data/rq2/envs/cpython-38/lib/python3.8/site-packages/click/core.py"", line 1161, in _...",PycLens/data/rq2/failed_cases_decompylepp_traces/5adb3076035d-decompylepp.command.txt,PycLens/data/rq2/failed_cases_decompylepp_traces/5adb3076035d-decompylepp.stdout.txt,PycLens/data/rq2/failed_cases_decompylepp_traces/5adb3076035d-decompylepp.stderr.txt
b549618c5023,decompylepp,exit_1,PycFile::getByte(): Unexpected end of stream,vegan,2.6.0,vegan-2.6.0.tar.gz,tar,vegan-2.6.0/venues/stages/vegan/adventures/monetary/DB/vegan_tract/_land/__pycache__/insert_document.cpython-310.pyc,vegan-2.6.0-cpython-310-b549618c5023.pyc,cpython-310,3439,True,4,pylingual_decompilable,decompyle3;marshal,error;exit_2,marshal_parse_failure;tool_exit,marshal:error:marshal_failed: || decompyle3:exit_2:/root/PyBC-Sec/pybcSEC/data/rq2/envs/cpython-310/lib/python3.10/site-packages/click/core.py:1262: UserWarning: The parameter --version is used more than once. Remove its duplicate as parameters should be unique. parser = self.make_parser...,PycLens/data/rq2/failed_cases_decompylepp_traces/b549618c5023-decompylepp.command.txt,PycLens/data/rq2/failed_cases_decompylepp_traces/b549618c5023-decompylepp.stdout.txt,PycLens/data/rq2/failed_cases_decompylepp_traces/b549618c5023-decompylepp.stderr.txt
8a70d491a63f,decompylepp,exit_1,Bad MAGIC! Could not load file PycLens/data/rq2/failed_cases/vegan-2.6.0-cpython-311-8a70d491a63f.pyc,vegan,2.6.0,vegan-2.6.0.tar.gz,tar,vegan-2.6.0/venues/stages/vegan/besties/supp_NIH/nature_v2/form/serving_size/amount/__pycache__/__init__.cpython-311.pyc,vegan-2.6.0-cpython-311-8a70d491a63f.pyc,cpython-311,42946,True,4,pylingual_decompilable,decompyle3;marshal,error;exit_2,marshal_parse_failure;tool_exit,marshal:error:marshal_failed: || decompyle3:exit_2:/root/PyBC-Sec/pybcSEC/data/rq2/envs/cpython-311/lib/python3.11/site-packages/click/core.py:1262: UserWarning: The parameter --version is used more than once. Remove its duplicate as parameters should be unique. parser = self.make_parser...,PycLens/data/rq2/failed_cases_decompylepp_traces/8a70d491a63f-decompylepp.command.txt,PycLens/data/rq2/failed_cases_decompylepp_traces/8a70d491a63f-decompylepp.stdout.txt,PycLens/data/rq2/failed_cases_decompylepp_traces/8a70d491a63f-decompylepp.stderr.txt
038772768c57,decompylepp,exit_1,Bad MAGIC! Could not load file PycLens/data/rq2/failed_cases/vegan-2.6.0-cpython-311-038772768c57.pyc,vegan,2.6.0,vegan-2.6.0.tar.gz,tar,vegan-2.6.0/venues/stages/vegan/besties/supp_NIH/nature_v2/form/unit/__pycache__/__init__.cpython-311.pyc,vegan-2.6.0-cpython-311-038772768c57.pyc,cpython-311,42946,True,4,pylingual_decompilable,decompyle3;marshal,error;exit_2,marshal_parse_failure;tool_exit,marshal:error:marshal_failed: || decompyle3:exit_2:/root/PyBC-Sec/pybcSEC/data/rq2/envs/cpython-311/lib/python3.11/site-packages/click/core.py:1262: UserWarning: The parameter --version is used more than once. Remove its duplicate as parameters should be unique. parser = self.make_parser...,PycLens/data/rq2/failed_cases_decompylepp_traces/038772768c57-decompylepp.command.txt,PycLens/data/rq2/failed_cases_decompylepp_traces/038772768c57-decompylepp.stdout.txt,PycLens/data/rq2/failed_cases_decompylepp_traces/038772768c57-decompylepp.stderr.txt
aca6ed038952,decompylepp,exit_1,Bad MAGIC! Could not load file PycLens/data/rq2/failed_cases/vegan-2.6.0-cpython-311-aca6ed038952.pyc,vegan,2.6.0,vegan-2.6.0.tar.gz,tar,vegan-2.6.0/venues/stages/vegan/mixes/insure/__pycache__/equalities.cpython-311.pyc,vegan-2.6.0-cpython-311-aca6ed038952.pyc,cpython-311,42946,True,4,pylingual_decompilable,decompyle3;marshal,error;exit_2,marshal_parse_failure;tool_exit,marshal:error:marshal_failed: || decompyle3:exit_2:/root/PyBC-Sec/pybcSEC/data/rq2/envs/cpython-311/lib/python3.11/site-packages/click/core.py:1262: UserWarning: The parameter --version is used more than once. Remove its duplicate as parameters should be unique. parser = self.make_parser...,PycLens/data/rq2/failed_cases_decompylepp_traces/aca6ed038952-decompylepp.command.txt,PycLens/data/rq2/failed_cases_decompylepp_traces/aca6ed038952-decompylepp.stdout.txt,PycLens/data/rq2/failed_cases_decompylepp_traces/aca6ed038952-decompylepp.stderr.txt
fd02140bd945,decompylepp,exit_1,Bad MAGIC! Could not load file PycLens/data/rq2/failed_cases/vegan-2.6.0-cpython-311-fd02140bd945.pyc,vegan,2.6.0,vegan-2.6.0.tar.gz,tar,vegan-2.6.0/venues/stages/vegan/mixes/insure/__pycache__/equality.cpython-311.pyc,vegan-2.6.0-cpython-311-fd02140bd945.pyc,cpython-311,42946,True,4,pylingual_decompilable,decompyle3;marshal,error;exit_2,marshal_parse_failure;tool_exit,marshal:error:marshal_failed: || decompyle3:exit_2:/root/PyBC-Sec/pybcSEC/data/rq2/envs/cpython-311/lib/python3.11/site-packages/click/core.py:1262: UserWarning: The parameter --version is used more than once. Remove its duplicate as parameters should be unique. parser = self.make_parser...,PycLens/data/rq2/failed_cases_decompylepp_traces/fd02140bd945-decompylepp.command.txt,PycLens/data/rq2/failed_cases_decompylepp_traces/fd02140bd945-decompylepp.stdout.txt,PycLens/data/rq2/failed_cases_decompylepp_traces/fd02140bd945-decompylepp.stderr.txt
589f56fae295,decompylepp,exit_1,Bad MAGIC! Could not load file PycLens/data/rq2/failed_cases/vegan-2.6.0-cpython-311-589f56fae295.pyc,vegan,2.6.0,vegan-2.6.0.tar.gz,tar,vegan-2.6.0/venues/stages/vegan/mixes/insure/__pycache__/override_print.cpython-311.pyc,vegan-2.6.0-cpython-311-589f56fae295.pyc,cpython-311,42946,True,4,pylingual_decompilable,decompyle3;marshal,error;exit_2,marshal_parse_failure;tool_exit,marshal:error:marshal_failed: || decompyle3:exit_2:/root/PyBC-Sec/pybcSEC/data/rq2/envs/cpython-311/lib/python3.11/site-packages/click/core.py:1262: UserWarning: The parameter --version is used more than once. Remove its duplicate as parameters should be unique. parser = self.make_parser...,PycLens/data/rq2/failed_cases_decompylepp_traces/589f56fae295-decompylepp.command.txt,PycLens/data/rq2/failed_cases_decompylepp_traces/589f56fae295-decompylepp.stdout.txt,PycLens/data/rq2/failed_cases_decompylepp_traces/589f56fae295-decompylepp.stderr.txt
15b8587a2456,decompylepp,exit_1,Bad MAGIC! Could not load file PycLens/data/rq2/failed_cases/ventures-3.0.0-cpython-311-15b8587a2456.pyc,ventures,3.0.0,ventures-3.0.0.tar.gz,tar,ventures-3.0.0/venues/stages/ventures/_ops/_clique/__pycache__/__init__.cpython-311.pyc,ventures-3.0.0-cpython-311-15b8587a2456.pyc,cpython-311,42946,True,4,pylingual_decompilable,decompyle3;marshal,error;exit_2,marshal_parse_failure;tool_exit,marshal:error:marshal_failed: || decompyle3:exit_2:/root/PyBC-Sec/pybcSEC/data/rq2/envs/cpython-311/lib/python3.11/site-packages/click/core.py:1262: UserWarning: The parameter --version is used more than once. Remove its duplicate as parameters should be unique. parser = self.make_parser...,PycLens/data/rq2/failed_cases_decompylepp_traces/15b8587a2456-decompylepp.command.txt,PycLens/data/rq2/failed_cases_decompylepp_traces/15b8587a2456-decompylepp.stdout.txt,PycLens/data/rq2/failed_cases_decompylepp_traces/15b8587a2456-decompylepp.stderr.txt
31e44fa7591f,decompylepp,exit_1,Bad MAGIC! Could not load file PycLens/data/rq2/failed_cases/ventures-3.0.0-cpython-311-31e44fa7591f.pyc,ventures,3.0.0,ventures-3.0.0.tar.gz,tar,ventures-3.0.0/venues/stages/ventures/_ops/_clique/group/__pycache__/__init__.cpython-311.pyc,ventures-3.0.0-cpython-311-31e44fa7591f.pyc,cpython-311,42946,True,4,pylingual_decompilable,decompyle3;marshal,error;exit_2,marshal_parse_failure;tool_exit,marshal:error:marshal_failed: || decompyle3:exit_2:/root/PyBC-Sec/pybcSEC/data/rq2/envs/cpython-311/lib/python3.11/site-packages/click/core.py:1262: UserWarning: The parameter --version is used more than once. Remove its duplicate as parameters should be unique. parser = self.make_parser...,PycLens/data/rq2/failed_cases_decompylepp_traces/31e44fa7591f-decompylepp.command.txt,PycLens/data/rq2/failed_cases_decompylepp_traces/31e44fa7591f-decompylepp.stdout.txt,PycLens/data/rq2/failed_cases_decompylepp_traces/31e44fa7591f-decompylepp.stderr.txt
64a6d32d5c48,decompylepp,exit_1,PycFile::getByte(): Unexpected end of stream,verses,2.2.0,verses-2.2.0.tar.gz,tar,verses-2.2.0/parties/verses/frontiers/trends/monetary/DB_verses_trends/collection_treasures/__pycache__/connect.cpython-310.pyc,verses-2.2.0-cpython-310-64a6d32d5c48.pyc,cpython-310,3439,False,4,pylingual_decompilable,decompyle3;marshal,error;exit_2,marshal_parse_failure;tool_exit,marshal:error:marshal_failed: || decompyle3:exit_2:/root/PyBC-Sec/pybcSEC/data/rq2/envs/cpython-310/lib/python3.10/site-packages/click/core.py:1262: UserWarning: The parameter --version is used more than once. Remove its duplicate as parameters should be unique. parser = self.make_parser...,PycLens/data/rq2/failed_cases_decompylepp_traces/64a6d32d5c48-decompylepp.command.txt,PycLens/data/rq2/failed_cases_decompylepp_traces/64a6d32d5c48-decompylepp.stdout.txt,PycLens/data/rq2/failed_cases_decompylepp_traces/64a6d32d5c48-decompylepp.stderr.txt
c6b3221523f9,decompylepp,exit_1,PycFile::getByte(): Unexpected end of stream,verses,2.2.0,verses-2.2.0.tar.gz,tar,verses-2.2.0/parties/verses/frontiers/trends/monetary/DB_verses_trends/collection_treasures/document/__pycache__/find.cpython-310.pyc,verses-2.2.0-cpython-310-c6b3221523f9.pyc,cpython-310,3439,False,4,pylingual_decompilable,decompyle3;marshal,error;exit_2,marshal_parse_failure;tool_exit,marshal:error:marshal_failed: || decompyle3:exit_2:/root/PyBC-Sec/pybcSEC/data/rq2/envs/cpython-310/lib/python3.10/site-packages/click/core.py:1262: UserWarning: The parameter --version is used more than once. Remove its duplicate as parameters should be unique. parser = self.make_parser...,PycLens/data/rq2/failed_cases_decompylepp_traces/c6b3221523f9-decompylepp.command.txt,PycLens/data/rq2/failed_cases_decompylepp_traces/c6b3221523f9-decompylepp.stdout.txt,PycLens/data/rq2/failed_cases_decompylepp_traces/c6b3221523f9-decompylepp.stderr.txt
308592efa55f,decompylepp,exit_1,PycFile::getByte(): Unexpected end of stream,verses,2.2.0,verses-2.2.0.tar.gz,tar,verses-2.2.0/parties/verses/frontiers/trends/monetary/_controls/__pycache__/_clique.cpython-310.pyc,verses-2.2.0-cpython-310-308592efa55f.pyc,cpython-310,3439,True,4,pylingual_decompilable,decompyle3;marshal,error;exit_2,marshal_parse_failure;tool_exit,marshal:error:marshal_failed: || decompyle3:exit_2:/root/PyBC-Sec/pybcSEC/data/rq2/envs/cpython-310/lib/python3.10/site-packages/click/core.py:1262: UserWarning: The parameter --version is used more than once. Remove its duplicate as parameters should be unique. parser = self.make_parser...,PycLens/data/rq2/failed_cases_decompylepp_traces/308592efa55f-decompylepp.command.txt,PycLens/data/rq2/failed_cases_decompylepp_traces/308592efa55f-decompylepp.stdout.txt,PycLens/data/rq2/failed_cases_decompylepp_traces/308592efa55f-decompylepp.stderr.txt
3927640654ac,decompylepp,exit_1,PycFile::getByte(): Unexpected end of stream,verses,2.2.0,verses-2.2.0.tar.gz,tar,verses-2.2.0/parties/verses/frontiers/trends/monetary/_controls/__pycache__/build.cpython-310.pyc,verses-2.2.0-cpython-310-3927640654ac.pyc,cpython-310,3439,True,4,pylingual_decompilable,decompyle3;marshal,error;exit_2,marshal_parse_failure;tool_exit,marshal:error:marshal_failed: || decompyle3:exit_2:/root/PyBC-Sec/pybcSEC/data/rq2/envs/cpython-310/lib/python3.10/site-packages/click/core.py:1262: UserWarning: The parameter --version is used more than once. Remove its duplicate as parameters should be unique. parser = self.make_parser...,PycLens/data/rq2/failed_cases_decompylepp_traces/3927640654ac-decompylepp.command.txt,PycLens/data/rq2/failed_cases_decompylepp_traces/3927640654ac-decompylepp.stdout.txt,PycLens/data/rq2/failed_cases_decompylepp_traces/3927640654ac-decompylepp.stderr.txt
2e6d8e94ee22,decompylepp,exit_1,Bad MAGIC! Could not load file PycLens/data/rq2/failed_cases/verses-2.2.0-cpython-311-2e6d8e94ee22.pyc,verses,2.2.0,verses-2.2.0.tar.gz,tar,verses-2.2.0/parties/verses/mixes/insure/__pycache__/equalities.cpython-311.pyc,verses-2.2.0-cpython-311-2e6d8e94ee22.pyc,cpython-311,42946,True,4,pylingual_decompilable,decompyle3;marshal,error;exit_2,marshal_parse_failure;tool_exit,marshal:error:marshal_failed: || decompyle3:exit_2:/root/PyBC-Sec/pybcSEC/data/rq2/envs/cpython-311/lib/python3.11/site-packages/click/core.py:1262: UserWarning: The parameter --version is used more than once. Remove its duplicate as parameters should be unique. parser = self.make_parser...,PycLens/data/rq2/failed_cases_decompylepp_traces/2e6d8e94ee22-decompylepp.command.txt,PycLens/data/rq2/failed_cases_decompylepp_traces/2e6d8e94ee22-decompylepp.stdout.txt,PycLens/data/rq2/failed_cases_decompylepp_traces/2e6d8e94ee22-decompylepp.stderr.txt
cc1667dbdca2,decompylepp,exit_1,Bad MAGIC! Could not load file PycLens/data/rq2/failed_cases/verses-2.2.0-cpython-311-cc1667dbdca2.pyc,verses,2.2.0,verses-2.2.0.tar.gz,tar,verses-2.2.0/parties/verses/mixes/insure/__pycache__/equality.cpython-311.pyc,verses-2.2.0-cpython-311-cc1667dbdca2.pyc,cpython-311,42946,True,4,pylingual_decompilable,decompyle3;marshal,error;exit_2,marshal_parse_failure;tool_exit,marshal:error:marshal_failed: || decompyle3:exit_2:/root/PyBC-Sec/pybcSEC/data/rq2/envs/cpython-311/lib/python3.11/site-packages/click/core.py:1262: UserWarning: The parameter --version is used more than once. Remove its duplicate as parameters should be unique. parser = self.make_parser...,PycLens/data/rq2/failed_cases_decompylepp_traces/cc1667dbdca2-decompylepp.command.txt,PycLens/data/rq2/failed_cases_decompylepp_traces/cc1667dbdca2-decompylepp.stdout.txt,PycLens/data/rq2/failed_cases_decompylepp_traces/cc1667dbdca2-decompylepp.stderr.txt
b5c5365262ba,decompylepp,exit_1,Bad MAGIC! Could not load file PycLens/data/rq2/failed_cases/verses-2.2.0-cpython-311-b5c5365262ba.pyc,verses,2.2.0,verses-2.2.0.tar.gz,tar,verses-2.2.0/parties/verses/mixes/insure/__pycache__/override_print.cpython-311.pyc,verses-2.2.0-cpython-311-b5c5365262ba.pyc,cpython-311,42946,True,4,pylingual_decompilable,decompyle3;marshal,error;exit_2,marshal_parse_failure;tool_exit,marshal:error:marshal_failed: || decompyle3:exit_2:/root/PyBC-Sec/pybcSEC/data/rq2/envs/cpython-311/lib/python3.11/site-packages/click/core.py:1262: UserWarning: The parameter --version is used more than once. Remove its duplicate as parameters should be unique. parser = self.make_parser...,PycLens/data/rq2/failed_cases_decompylepp_traces/b5c5365262ba-decompylepp.command.txt,PycLens/data/rq2/failed_cases_decompylepp_traces/b5c5365262ba-decompylepp.stdout.txt,PycLens/data/rq2/failed_cases_decompylepp_traces/b5c5365262ba-decompylepp.stderr.txt
6a0d1313e714,decompylepp,exit_1,PycFile::getByte(): Unexpected end of stream,verses,2.2.0,verses-2.2.0.tar.gz,tar,verses-2.2.0/parties/verses/modules/freight--/__pycache__/save.cpython-310.pyc,verses-2.2.0-cpython-310-6a0d1313e714.pyc,cpython-310,3439,True,4,pylingual_decompilable,decompyle3;marshal,error;exit_2,marshal_parse_failure;tool_exit,marshal:error:marshal_failed: || decompyle3:exit_2:/root/PyBC-Sec/pybcSEC/data/rq2/envs/cpython-310/lib/python3.10/site-packages/click/core.py:1262: UserWarning: The parameter --version is used more than once. Remove its duplicate as parameters should be unique. parser = self.make_parser...,PycLens/data/rq2/failed_cases_decompylepp_traces/6a0d1313e714-decompylepp.command.txt,PycLens/data/rq2/failed_cases_decompylepp_traces/6a0d1313e714-decompylepp.stdout.txt,PycLens/data/rq2/failed_cases_decompylepp_traces/6a0d1313e714-decompylepp.stderr.txt
29ce421d04be,decompylepp,exit_1,PycFile::getByte(): Unexpected end of stream,verses,2.2.0,verses-2.2.0.tar.gz,tar,verses-2.2.0/parties/verses/modules/moves/__pycache__/mint_to_trends.cpython-310.pyc,verses-2.2.0-cpython-310-29ce421d04be.pyc,cpython-310,3439,True,4,pylingual_decompilable,decompyle3;marshal,error;exit_2,marshal_parse_failure;tool_exit,marshal:error:marshal_failed: || decompyle3:exit_2:/root/PyBC-Sec/pybcSEC/data/rq2/envs/cpython-310/lib/python3.10/site-packages/click/core.py:1262: UserWarning: The parameter --version is used more than once. Remove its duplicate as parameters should be unique. parser = self.make_parser...,PycLens/data/rq2/failed_cases_decompylepp_traces/29ce421d04be-decompylepp.command.txt,PycLens/data/rq2/failed_cases_decompylepp_traces/29ce421d04be-decompylepp.stdout.txt,PycLens/data/rq2/failed_cases_decompylepp_traces/29ce421d04be-decompylepp.stderr.txt
1fb43f2bcbd5,decompylepp,exit_1,PycFile::getByte(): Unexpected end of stream,verses,2.2.0,verses-2.2.0.tar.gz,tar,verses-2.2.0/parties/verses/modules/moves/__pycache__/on.cpython-310.pyc,verses-2.2.0-cpython-310-1fb43f2bcbd5.pyc,cpython-310,3439,False,4,pylingual_decompilable,decompyle3;marshal,error;exit_2,marshal_parse_failure;tool_exit,marshal:error:marshal_failed: || decompyle3:exit_2:/root/PyBC-Sec/pybcSEC/data/rq2/envs/cpython-310/lib/python3.10/site-packages/click/core.py:1262: UserWarning: The parameter --version is used more than once. Remove its duplicate as parameters should be unique. parser = self.make_parser...,PycLens/data/rq2/failed_cases_decompylepp_traces/1fb43f2bcbd5-decompylepp.command.txt,PycLens/data/rq2/failed_cases_decompylepp_traces/1fb43f2bcbd5-decompylepp.stdout.txt,PycLens/data/rq2/failed_cases_decompylepp_traces/1fb43f2bcbd5-decompylepp.stderr.txt
7813791d1057,decompylepp,exit_1,PycFile::getByte(): Unexpected end of stream,verses,2.2.0,verses-2.2.0.tar.gz,tar,verses-2.2.0/parties/verses/modules/moves/__pycache__/show.cpython-310.pyc,verses-2.2.0-cpython-310-7813791d1057.pyc,cpython-310,3439,False,4,pylingual_decompilable,decompyle3;marshal,error;exit_2,marshal_parse_failure;tool_exit,marshal:error:marshal_failed: || decompyle3:exit_2:/root/PyBC-Sec/pybcSEC/data/rq2/envs/cpython-310/lib/python3.10/site-packages/click/core.py:1262: UserWarning: The parameter --version is used more than once. Remove its duplicate as parameters should be unique. parser = self.make_parser...,PycLens/data/rq2/failed_cases_decompylepp_traces/7813791d1057-decompylepp.command.txt,PycLens/data/rq2/failed_cases_decompylepp_traces/7813791d1057-decompylepp.stdout.txt,PycLens/data/rq2/failed_cases_decompylepp_traces/7813791d1057-decompylepp.stderr.txt
3b8dc24b24c7,decompylepp,exit_1,CreateObject: Got unsupported type 0x0 Error loading file PycLens/data/rq2/failed_cases/vitis-quantizer-0.1.3-cpython-38-3b8dc24b24c7.pyc: std::bad_cast,vitis-quantizer,0.1.3,vitis-quantizer-0.1.3.tar.gz,tar,vitis-quantizer-0.1.3/vitis_quantizer/graph_transformations/__pycache__/model_transformer_test.cpython-38-PYTEST.pyc,vitis-quantizer-0.1.3-cpython-38-3b8dc24b24c7.pyc,cpython-38,3413,False,4,pylingual_decompilable,decompyle3,exit_2,tool_exit,"decompyle3:exit_2:Traceback (most recent call last): File ""/root/PyBC-Sec/pybcSEC/data/rq2/envs/cpython-38/lib/python3.8/site-packages/xdis/load.py"", line 328, in load_module_from_file_object co = marshal.loads(bytecode) ValueError: bad marshal data (unkn...",PycLens/data/rq2/failed_cases_decompylepp_traces/3b8dc24b24c7-decompylepp.command.txt,PycLens/data/rq2/failed_cases_decompylepp_traces/3b8dc24b24c7-decompylepp.stdout.txt,PycLens/data/rq2/failed_cases_decompylepp_traces/3b8dc24b24c7-decompylepp.stderr.txt
57bc43dc8be1,decompylepp,exit_1,CreateObject: Got unsupported type 0x0 Error loading file PycLens/data/rq2/failed_cases/vitis-quantizer-0.1.3-cpython-38-57bc43dc8be1.pyc: std::bad_cast,vitis-quantizer,0.1.3,vitis-quantizer-0.1.3.tar.gz,tar,vitis-quantizer-0.1.3/vitis_quantizer/graph_transformations/__pycache__/transforms_test.cpython-38-PYTEST.pyc,vitis-quantizer-0.1.3-cpython-38-57bc43dc8be1.pyc,cpython-38,3413,False,4,pylingual_decompilable,decompyle3,exit_2,tool_exit,"decompyle3:exit_2:Traceback (most recent call last): File ""/root/PyBC-Sec/pybcSEC/data/rq2/envs/cpython-38/lib/python3.8/site-packages/xdis/load.py"", line 328, in load_module_from_file_object co = marshal.loads(bytecode) ValueError: bad marshal data (unkn...",PycLens/data/rq2/failed_cases_decompylepp_traces/57bc43dc8be1-decompylepp.command.txt,PycLens/data/rq2/failed_cases_decompylepp_traces/57bc43dc8be1-decompylepp.stdout.txt,PycLens/data/rq2/failed_cases_decompylepp_traces/57bc43dc8be1-decompylepp.stderr.txt
2b4d47aa4f5b,decompylepp,exit_1,Bad MAGIC! Could not load file PycLens/data/rq2/failed_cases/wedding-1.0.1-cpython-311-2b4d47aa4f5b.pyc,wedding,1.0.1,wedding-1.0.1.tar.gz,tar,wedding-1.0.1/venues/stages/wedding/_ops/_clique/__pycache__/__init__.cpython-311.pyc,wedding-1.0.1-cpython-311-2b4d47aa4f5b.pyc,cpython-311,42946,True,4,pylingual_decompilable,decompyle3;marshal,error;exit_2,marshal_parse_failure;tool_exit,marshal:error:marshal_failed: || decompyle3:exit_2:/root/PyBC-Sec/pybcSEC/data/rq2/envs/cpython-311/lib/python3.11/site-packages/click/core.py:1262: UserWarning: The parameter --version is used more than once. Remove its duplicate as parameters should be unique. parser = self.make_parser...,PycLens/data/rq2/failed_cases_decompylepp_traces/2b4d47aa4f5b-decompylepp.command.txt,PycLens/data/rq2/failed_cases_decompylepp_traces/2b4d47aa4f5b-decompylepp.stdout.txt,PycLens/data/rq2/failed_cases_decompylepp_traces/2b4d47aa4f5b-decompylepp.stderr.txt
d549bec64185,decompylepp,exit_1,Bad MAGIC! Could not load file PycLens/data/rq2/failed_cases/wedding-1.0.1-cpython-311-d549bec64185.pyc,wedding,1.0.1,wedding-1.0.1.tar.gz,tar,wedding-1.0.1/venues/stages/wedding/_ops/_clique/group/__pycache__/__init__.cpython-311.pyc,wedding-1.0.1-cpython-311-d549bec64185.pyc,cpython-311,42946,True,4,pylingual_decompilable,decompyle3;marshal,error;exit_2,marshal_parse_failure;tool_exit,marshal:error:marshal_failed: || decompyle3:exit_2:/root/PyBC-Sec/pybcSEC/data/rq2/envs/cpython-311/lib/python3.11/site-packages/click/core.py:1262: UserWarning: The parameter --version is used more than once. Remove its duplicate as parameters should be unique. parser = self.make_parser...,PycLens/data/rq2/failed_cases_decompylepp_traces/d549bec64185-decompylepp.command.txt,PycLens/data/rq2/failed_cases_decompylepp_traces/d549bec64185-decompylepp.stdout.txt,PycLens/data/rq2/failed_cases_decompylepp_traces/d549bec64185-decompylepp.stderr.txt
c0988fea83f3,decompylepp,exit_1,CreateObject: Got unsupported type 0x0 Error loading file PycLens/data/rq2/failed_cases/whale-googleanalytics-1.26-cpython-39-c0988fea83f3.pyc: std::bad_cast,whale-googleanalytics,1.26,Whale-GoogleAnalytics-1.26.tar.gz,tar,Whale-GoogleAnalytics-1.26/whale_googleanalytics/server/__pycache__/test_api.cpython-39-pytest-5.4.3.pyc,whale-googleanalytics-1.26-cpython-39-c0988fea83f3.pyc,cpython-39,3425,True,4,pylingual_decompilable,decompyle3,exit_2,tool_exit,"decompyle3:exit_2:Traceback (most recent call last): File ""/root/PyBC-Sec/pybcSEC/data/rq2/envs/cpython-39/lib/python3.9/site-packages/xdis/load.py"", line 328, in load_module_from_file_object co = marshal.loads(bytecode) ValueError: bad marshal data (unkn...",PycLens/data/rq2/failed_cases_decompylepp_traces/c0988fea83f3-decompylepp.command.txt,PycLens/data/rq2/failed_cases_decompylepp_traces/c0988fea83f3-decompylepp.stdout.txt,PycLens/data/rq2/failed_cases_decompylepp_traces/c0988fea83f3-decompylepp.stderr.txt
736575eccaf0,decompylepp,exit_1,Bad MAGIC! Could not load file PycLens/data/rq2/failed_cases/womb-1.5.0-cpython-311-736575eccaf0.pyc,womb,1.5.0,womb-1.5.0.tar.gz,tar,womb-1.5.0/venues/stages/womb/_ops/_clique/__pycache__/__init__.cpython-311.pyc,womb-1.5.0-cpython-311-736575eccaf0.pyc,cpython-311,42946,True,4,pylingual_decompilable,decompyle3;marshal,error;exit_2,marshal_parse_failure;tool_exit,marshal:error:marshal_failed: || decompyle3:exit_2:/root/PyBC-Sec/pybcSEC/data/rq2/envs/cpython-311/lib/python3.11/site-packages/click/core.py:1262: UserWarning: The parameter --version is used more than once. Remove its duplicate as parameters should be unique. parser = self.make_parser...,PycLens/data/rq2/failed_cases_decompylepp_traces/736575eccaf0-decompylepp.command.txt,PycLens/data/rq2/failed_cases_decompylepp_traces/736575eccaf0-decompylepp.stdout.txt,PycLens/data/rq2/failed_cases_decompylepp_traces/736575eccaf0-decompylepp.stderr.txt
360c0f562a53,decompylepp,exit_1,Bad MAGIC! Could not load file PycLens/data/rq2/failed_cases/womb-1.5.0-cpython-311-360c0f562a53.pyc,womb,1.5.0,womb-1.5.0.tar.gz,tar,womb-1.5.0/venues/stages/womb/_ops/_clique/group/__pycache__/__init__.cpython-311.pyc,womb-1.5.0-cpython-311-360c0f562a53.pyc,cpython-311,42946,True,4,pylingual_decompilable,decompyle3;marshal,error;exit_2,marshal_parse_failure;tool_exit,marshal:error:marshal_failed: || decompyle3:exit_2:/root/PyBC-Sec/pybcSEC/data/rq2/envs/cpython-311/lib/python3.11/site-packages/click/core.py:1262: UserWarning: The parameter --version is used more than once. Remove its duplicate as parameters should be unique. parser = self.make_parser...,PycLens/data/rq2/failed_cases_decompylepp_traces/360c0f562a53-decompylepp.command.txt,PycLens/data/rq2/failed_cases_decompylepp_traces/360c0f562a53-decompylepp.stdout.txt,PycLens/data/rq2/failed_cases_decompylepp_traces/360c0f562a53-decompylepp.stderr.txt
6f42f8a88bd7,decompylepp,ok,,workadays,2023.12.30,workadays-2023.12.30.tar.gz,tar,workadays-2023.12.30/workadays/__pycache__/united_states.cpython-38.pyc,workadays-2023.12.30-cpython-38-6f42f8a88bd7.pyc,cpython-38,3413,True,4,pylingual_decompilable,decompyle3,timeout,timeout,decompyle3:timeout:timeout_after_600s,,,
3adcbae71f1e,decompylepp,exit_1,Warning: Stack history is not empty! Warning: block stack is not empty! Unsupported Node type: 0 PycBuffer::getByte(): Unexpected end of stream,xml-api,0.0.6,xml_api-0.0.6.tar.gz,tar,xml_api-0.0.6/xml_api/function/express/__pycache__/express.cpython-38.pyc,xml-api-0.0.6-cpython-38-3adcbae71f1e.pyc,cpython-38,3413,True,4,pylingual_decompilable,decompyle3,timeout,timeout,decompyle3:timeout:timeout_after_600s,PycLens/data/rq2/failed_cases_decompylepp_traces/3adcbae71f1e-decompylepp.command.txt,PycLens/data/rq2/failed_cases_decompylepp_traces/3adcbae71f1e-decompylepp.stdout.txt,PycLens/data/rq2/failed_cases_decompylepp_traces/3adcbae71f1e-decompylepp.stderr.txt
10b0e7792146,decompylepp,exit_1,CreateObject: Got unsupported type 0x0 Error loading file PycLens/data/rq2/failed_cases/ya-aioclient-0.6.4-cpython-38-10b0e7792146.pyc: std::bad_cast,ya-aioclient,0.6.4,ya-aioclient-0.6.4.tar.gz,tar,ya-aioclient-0.6.4/src/ya_activity/test/__pycache__/test_activity_state.cpython-38-pytest-5.4.3.pyc,ya-aioclient-0.6.4-cpython-38-10b0e7792146.pyc,cpython-38,3413,True,4,pylingual_decompilable,decompyle3,exit_2,tool_exit,"decompyle3:exit_2:Traceback (most recent call last): File ""/root/PyBC-Sec/pybcSEC/data/rq2/envs/cpython-38/lib/python3.8/site-packages/xdis/load.py"", line 328, in load_module_from_file_object co = marshal.loads(bytecode) ValueError: bad marshal data (unkn...",PycLens/data/rq2/failed_cases_decompylepp_traces/10b0e7792146-decompylepp.command.txt,PycLens/data/rq2/failed_cases_decompylepp_traces/10b0e7792146-decompylepp.stdout.txt,PycLens/data/rq2/failed_cases_decompylepp_traces/10b0e7792146-decompylepp.stderr.txt
47f5eb8f03ba,decompylepp,exit_1,CreateObject: Got unsupported type 0x0 Error loading file PycLens/data/rq2/failed_cases/ya-aioclient-0.6.4-cpython-38-47f5eb8f03ba.pyc: std::bad_cast,ya-aioclient,0.6.4,ya-aioclient-0.6.4.tar.gz,tar,ya-aioclient-0.6.4/src/ya_activity/test/__pycache__/test_activity_usage.cpython-38-pytest-5.4.3.pyc,ya-aioclient-0.6.4-cpython-38-47f5eb8f03ba.pyc,cpython-38,3413,True,4,pylingual_decompilable,decompyle3,exit_2,tool_exit,"decompyle3:exit_2:Traceback (most recent call last): File ""/root/PyBC-Sec/pybcSEC/data/rq2/envs/cpython-38/lib/python3.8/site-packages/xdis/load.py"", line 328, in load_module_from_file_object co = marshal.loads(bytecode) ValueError: bad marshal data (unkn...",PycLens/data/rq2/failed_cases_decompylepp_traces/47f5eb8f03ba-decompylepp.command.txt,PycLens/data/rq2/failed_cases_decompylepp_traces/47f5eb8f03ba-decompylepp.stdout.txt,PycLens/data/rq2/failed_cases_decompylepp_traces/47f5eb8f03ba-decompylepp.stderr.txt
901e7e7dcb61,decompylepp,exit_1,CreateObject: Got unsupported type 0x0 Error loading file PycLens/data/rq2/failed_cases/ya-aioclient-0.6.4-cpython-38-901e7e7dcb61.pyc: std::bad_cast,ya-aioclient,0.6.4,ya-aioclient-0.6.4.tar.gz,tar,ya-aioclient-0.6.4/src/ya_activity/test/__pycache__/test_command_output_bin.cpython-38-pytest-5.4.3.pyc,ya-aioclient-0.6.4-cpython-38-901e7e7dcb61.pyc,cpython-38,3413,True,4,pylingual_decompilable,decompyle3,exit_2,tool_exit,"decompyle3:exit_2:Traceback (most recent call last): File ""/root/PyBC-Sec/pybcSEC/data/rq2/envs/cpython-38/lib/python3.8/site-packages/xdis/load.py"", line 328, in load_module_from_file_object co = marshal.loads(bytecode) ValueError: bad marshal data (unkn...",PycLens/data/rq2/failed_cases_decompylepp_traces/901e7e7dcb61-decompylepp.command.txt,PycLens/data/rq2/failed_cases_decompylepp_traces/901e7e7dcb61-decompylepp.stdout.txt,PycLens/data/rq2/failed_cases_decompylepp_traces/901e7e7dcb61-decompylepp.stderr.txt
a6d5e10ea6b8,decompylepp,exit_1,CreateObject: Got unsupported type 0x0 Error loading file PycLens/data/rq2/failed_cases/ya-aioclient-0.6.4-cpython-38-a6d5e10ea6b8.pyc: std::bad_cast,ya-aioclient,0.6.4,ya-aioclient-0.6.4.tar.gz,tar,ya-aioclient-0.6.4/src/ya_activity/test/__pycache__/test_command_output_bin_all_of.cpython-38-pytest-5.4.3.pyc,ya-aioclient-0.6.4-cpython-38-a6d5e10ea6b8.pyc,cpython-38,3413,True,4,pylingual_decompilable,decompyle3,exit_2,tool_exit,"decompyle3:exit_2:Traceback (most recent call last): File ""/root/PyBC-Sec/pybcSEC/data/rq2/envs/cpython-38/lib/python3.8/site-packages/xdis/load.py"", line 328, in load_module_from_file_object co = marshal.loads(bytecode) ValueError: bad marshal data (unkn...",PycLens/data/rq2/failed_cases_decompylepp_traces/a6d5e10ea6b8-decompylepp.command.txt,PycLens/data/rq2/failed_cases_decompylepp_traces/a6d5e10ea6b8-decompylepp.stdout.txt,PycLens/data/rq2/failed_cases_decompylepp_traces/a6d5e10ea6b8-decompylepp.stderr.txt
fefeb5d5c3d6,decompylepp,exit_1,CreateObject: Got unsupported type 0x0 Error loading file PycLens/data/rq2/failed_cases/ya-aioclient-0.6.4-cpython-38-fefeb5d5c3d6.pyc: std::bad_cast,ya-aioclient,0.6.4,ya-aioclient-0.6.4.tar.gz,tar,ya-aioclient-0.6.4/src/ya_activity/test/__pycache__/test_command_output_str.cpython-38-pytest-5.4.3.pyc,ya-aioclient-0.6.4-cpython-38-fefeb5d5c3d6.pyc,cpython-38,3413,True,4,pylingual_decompilable,decompyle3,exit_2,tool_exit,"decompyle3:exit_2:Traceback (most recent call last): File ""/root/PyBC-Sec/pybcSEC/data/rq2/envs/cpython-38/lib/python3.8/site-packages/xdis/load.py"", line 328, in load_module_from_file_object co = marshal.loads(bytecode) ValueError: bad marshal data (unkn...",PycLens/data/rq2/failed_cases_decompylepp_traces/fefeb5d5c3d6-decompylepp.command.txt,PycLens/data/rq2/failed_cases_decompylepp_traces/fefeb5d5c3d6-decompylepp.stdout.txt,PycLens/data/rq2/failed_cases_decompylepp_traces/fefeb5d5c3d6-decompylepp.stderr.txt
0a59163513a2,decompylepp,exit_1,CreateObject: Got unsupported type 0x0 Error loading file PycLens/data/rq2/failed_cases/ya-aioclient-0.6.4-cpython-38-0a59163513a2.pyc: std::bad_cast,ya-aioclient,0.6.4,ya-aioclient-0.6.4.tar.gz,tar,ya-aioclient-0.6.4/src/ya_activity/test/__pycache__/test_command_output_str_all_of.cpython-38-pytest-5.4.3.pyc,ya-aioclient-0.6.4-cpython-38-0a59163513a2.pyc,cpython-38,3413,True,4,pylingual_decompilable,decompyle3,exit_2,tool_exit,"decompyle3:exit_2:Traceback (most recent call last): File ""/root/PyBC-Sec/pybcSEC/data/rq2/envs/cpython-38/lib/python3.8/site-packages/xdis/load.py"", line 328, in load_module_from_file_object co = marshal.loads(bytecode) ValueError: bad marshal data (unkn...",PycLens/data/rq2/failed_cases_decompylepp_traces/0a59163513a2-decompylepp.command.txt,PycLens/data/rq2/failed_cases_decompylepp_traces/0a59163513a2-decompylepp.stdout.txt,PycLens/data/rq2/failed_cases_decompylepp_traces/0a59163513a2-decompylepp.stderr.txt
131deef74ad8,decompylepp,exit_1,CreateObject: Got unsupported type 0x0 Error loading file PycLens/data/rq2/failed_cases/ya-aioclient-0.6.4-cpython-38-131deef74ad8.pyc: std::bad_cast,ya-aioclient,0.6.4,ya-aioclient-0.6.4.tar.gz,tar,ya-aioclient-0.6.4/src/ya_activity/test/__pycache__/test_create_activity.cpython-38-pytest-5.4.3.pyc,ya-aioclient-0.6.4-cpython-38-131deef74ad8.pyc,cpython-38,3413,True,4,pylingual_decompilable,decompyle3,exit_2,tool_exit,"decompyle3:exit_2:Traceback (most recent call last): File ""/root/PyBC-Sec/pybcSEC/data/rq2/envs/cpython-38/lib/python3.8/site-packages/xdis/load.py"", line 328, in load_module_from_file_object co = marshal.loads(bytecode) ValueError: bad marshal data (unkn...",PycLens/data/rq2/failed_cases_decompylepp_traces/131deef74ad8-decompylepp.command.txt,PycLens/data/rq2/failed_cases_decompylepp_traces/131deef74ad8-decompylepp.stdout.txt,PycLens/data/rq2/failed_cases_decompylepp_traces/131deef74ad8-decompylepp.stderr.txt
a62e7e249fe9,decompylepp,exit_1,CreateObject: Got unsupported type 0x0 Error loading file PycLens/data/rq2/failed_cases/ya-aioclient-0.6.4-cpython-38-a62e7e249fe9.pyc: std::bad_cast,ya-aioclient,0.6.4,ya-aioclient-0.6.4.tar.gz,tar,ya-aioclient-0.6.4/src/ya_activity/test/__pycache__/test_create_activity_all_of.cpython-38-pytest-5.4.3.pyc,ya-aioclient-0.6.4-cpython-38-a62e7e249fe9.pyc,cpython-38,3413,True,4,pylingual_decompilable,decompyle3,exit_2,tool_exit,"decompyle3:exit_2:Traceback (most recent call last): File ""/root/PyBC-Sec/pybcSEC/data/rq2/envs/cpython-38/lib/python3.8/site-packages/xdis/load.py"", line 328, in load_module_from_file_object co = marshal.loads(bytecode) ValueError: bad marshal data (unkn...",PycLens/data/rq2/failed_cases_decompylepp_traces/a62e7e249fe9-decompylepp.command.txt,PycLens/data/rq2/failed_cases_decompylepp_traces/a62e7e249fe9-decompylepp.stdout.txt,PycLens/data/rq2/failed_cases_decompylepp_traces/a62e7e249fe9-decompylepp.stderr.txt
5f6e99daf7c6,decompylepp,exit_1,CreateObject: Got unsupported type 0x0 Error loading file PycLens/data/rq2/failed_cases/ya-aioclient-0.6.4-cpython-38-5f6e99daf7c6.pyc: std::bad_cast,ya-aioclient,0.6.4,ya-aioclient-0.6.4.tar.gz,tar,ya-aioclient-0.6.4/src/ya_activity/test/__pycache__/test_create_activity_request.cpython-38-pytest-5.4.3.pyc,ya-aioclient-0.6.4-cpython-38-5f6e99daf7c6.pyc,cpython-38,3413,True,4,pylingual_decompilable,decompyle3,exit_2,tool_exit,"decompyle3:exit_2:Traceback (most recent call last): File ""/root/PyBC-Sec/pybcSEC/data/rq2/envs/cpython-38/lib/python3.8/site-packages/xdis/load.py"", line 328, in load_module_from_file_object co = marshal.loads(bytecode) ValueError: bad marshal data (unkn...",PycLens/data/rq2/failed_cases_decompylepp_traces/5f6e99daf7c6-decompylepp.command.txt,PycLens/data/rq2/failed_cases_decompylepp_traces/5f6e99daf7c6-decompylepp.stdout.txt,PycLens/data/rq2/failed_cases_decompylepp_traces/5f6e99daf7c6-decompylepp.stderr.txt
294da39e5214,decompylepp,exit_1,CreateObject: Got unsupported type 0x0 Error loading file PycLens/data/rq2/failed_cases/ya-aioclient-0.6.4-cpython-38-294da39e5214.pyc: std::bad_cast,ya-aioclient,0.6.4,ya-aioclient-0.6.4.tar.gz,tar,ya-aioclient-0.6.4/src/ya_activity/test/__pycache__/test_create_activity_result.cpython-38-pytest-5.4.3.pyc,ya-aioclient-0.6.4-cpython-38-294da39e5214.pyc,cpython-38,3413,True,4,pylingual_decompilable,decompyle3,exit_2,tool_exit,"decompyle3:exit_2:Traceback (most recent call last): File ""/root/PyBC-Sec/pybcSEC/data/rq2/envs/cpython-38/lib/python3.8/site-packages/xdis/load.py"", line 328, in load_module_from_file_object co = marshal.loads(bytecode) ValueError: bad marshal data (unkn...",PycLens/data/rq2/failed_cases_decompylepp_traces/294da39e5214-decompylepp.command.txt,PycLens/data/rq2/failed_cases_decompylepp_traces/294da39e5214-decompylepp.stdout.txt,PycLens/data/rq2/failed_cases_decompylepp_traces/294da39e5214-decompylepp.stderr.txt
a4c119de2fac,decompylepp,exit_1,CreateObject: Got unsupported type 0x0 Error loading file PycLens/data/rq2/failed_cases/ya-aioclient-0.6.4-cpython-38-a4c119de2fac.pyc: std::bad_cast,ya-aioclient,0.6.4,ya-aioclient-0.6.4.tar.gz,tar,ya-aioclient-0.6.4/src/ya_activity/test/__pycache__/test_credentials.cpython-38-pytest-5.4.3.pyc,ya-aioclient-0.6.4-cpython-38-a4c119de2fac.pyc,cpython-38,3413,True,4,pylingual_decompilable,decompyle3,exit_2,tool_exit,"decompyle3:exit_2:Traceback (most recent call last): File ""/root/PyBC-Sec/pybcSEC/data/rq2/envs/cpython-38/lib/python3.8/site-packages/xdis/load.py"", line 328, in load_module_from_file_object co = marshal.loads(bytecode) ValueError: bad marshal data (unkn...",PycLens/data/rq2/failed_cases_decompylepp_traces/a4c119de2fac-decompylepp.command.txt,PycLens/data/rq2/failed_cases_decompylepp_traces/a4c119de2fac-decompylepp.stdout.txt,PycLens/data/rq2/failed_cases_decompylepp_traces/a4c119de2fac-decompylepp.stderr.txt
0f826c29e08a,decompylepp,exit_1,CreateObject: Got unsupported type 0x0 Error loading file PycLens/data/rq2/failed_cases/ya-aioclient-0.6.4-cpython-38-0f826c29e08a.pyc: std::bad_cast,ya-aioclient,0.6.4,ya-aioclient-0.6.4.tar.gz,tar,ya-aioclient-0.6.4/src/ya_activity/test/__pycache__/test_deploy_command.cpython-38-pytest-5.4.3.pyc,ya-aioclient-0.6.4-cpython-38-0f826c29e08a.pyc,cpython-38,3413,True,4,pylingual_decompilable,decompyle3,exit_2,tool_exit,"decompyle3:exit_2:Traceback (most recent call last): File ""/root/PyBC-Sec/pybcSEC/data/rq2/envs/cpython-38/lib/python3.8/site-packages/xdis/load.py"", line 328, in load_module_from_file_object co = marshal.loads(bytecode) ValueError: bad marshal data (unkn...",PycLens/data/rq2/failed_cases_decompylepp_traces/0f826c29e08a-decompylepp.command.txt,PycLens/data/rq2/failed_cases_decompylepp_traces/0f826c29e08a-decompylepp.stdout.txt,PycLens/data/rq2/failed_cases_decompylepp_traces/0f826c29e08a-decompylepp.stderr.txt
307aca05d38b,decompylepp,exit_1,CreateObject: Got unsupported type 0x0 Error loading file PycLens/data/rq2/failed_cases/ya-aioclient-0.6.4-cpython-38-307aca05d38b.pyc: std::bad_cast,ya-aioclient,0.6.4,ya-aioclient-0.6.4.tar.gz,tar,ya-aioclient-0.6.4/src/ya_activity/test/__pycache__/test_deploy_command_all_of.cpython-38-pytest-5.4.3.pyc,ya-aioclient-0.6.4-cpython-38-307aca05d38b.pyc,cpython-38,3413,True,4,pylingual_decompilable,decompyle3,exit_2,tool_exit,"decompyle3:exit_2:Traceback (most recent call last): File ""/root/PyBC-Sec/pybcSEC/data/rq2/envs/cpython-38/lib/python3.8/site-packages/xdis/load.py"", line 328, in load_module_from_file_object co = marshal.loads(bytecode) ValueError: bad marshal data (unkn...",PycLens/data/rq2/failed_cases_decompylepp_traces/307aca05d38b-decompylepp.command.txt,PycLens/data/rq2/failed_cases_decompylepp_traces/307aca05d38b-decompylepp.stdout.txt,PycLens/data/rq2/failed_cases_decompylepp_traces/307aca05d38b-decompylepp.stderr.txt
d2f034577a18,decompylepp,exit_1,CreateObject: Got unsupported type 0x0 Error loading file PycLens/data/rq2/failed_cases/ya-aioclient-0.6.4-cpython-38-d2f034577a18.pyc: std::bad_cast,ya-aioclient,0.6.4,ya-aioclient-0.6.4.tar.gz,tar,ya-aioclient-0.6.4/src/ya_activity/test/__pycache__/test_deploy_command_body.cpython-38-pytest-5.4.3.pyc,ya-aioclient-0.6.4-cpython-38-d2f034577a18.pyc,cpython-38,3413,True,4,pylingual_decompilable,decompyle3,exit_2,tool_exit,"decompyle3:exit_2:Traceback (most recent call last): File ""/root/PyBC-Sec/pybcSEC/data/rq2/envs/cpython-38/lib/python3.8/site-packages/xdis/load.py"", line 328, in load_module_from_file_object co = marshal.loads(bytecode) ValueError: bad marshal data (unkn...",PycLens/data/rq2/failed_cases_decompylepp_traces/d2f034577a18-decompylepp.command.txt,PycLens/data/rq2/failed_cases_decompylepp_traces/d2f034577a18-decompylepp.stdout.txt,PycLens/data/rq2/failed_cases_decompylepp_traces/d2f034577a18-decompylepp.stderr.txt
3dff1e0c61b3,decompylepp,exit_1,CreateObject: Got unsupported type 0x0 Error loading file PycLens/data/rq2/failed_cases/ya-aioclient-0.6.4-cpython-38-3dff1e0c61b3.pyc: std::bad_cast,ya-aioclient,0.6.4,ya-aioclient-0.6.4.tar.gz,tar,ya-aioclient-0.6.4/src/ya_activity/test/__pycache__/test_deploy_network.cpython-38-pytest-5.4.3.pyc,ya-aioclient-0.6.4-cpython-38-3dff1e0c61b3.pyc,cpython-38,3413,True,4,pylingual_decompilable,decompyle3,exit_2,tool_exit,"decompyle3:exit_2:Traceback (most recent call last): File ""/root/PyBC-Sec/pybcSEC/data/rq2/envs/cpython-38/lib/python3.8/site-packages/xdis/load.py"", line 328, in load_module_from_file_object co = marshal.loads(bytecode) ValueError: bad marshal data (unkn...",PycLens/data/rq2/failed_cases_decompylepp_traces/3dff1e0c61b3-decompylepp.command.txt,PycLens/data/rq2/failed_cases_decompylepp_traces/3dff1e0c61b3-decompylepp.stdout.txt,PycLens/data/rq2/failed_cases_decompylepp_traces/3dff1e0c61b3-decompylepp.stderr.txt
acf03fe3bfa8,decompylepp,exit_1,CreateObject: Got unsupported type 0x0 Error loading file PycLens/data/rq2/failed_cases/ya-aioclient-0.6.4-cpython-38-acf03fe3bfa8.pyc: std::bad_cast,ya-aioclient,0.6.4,ya-aioclient-0.6.4.tar.gz,tar,ya-aioclient-0.6.4/src/ya_activity/test/__pycache__/test_destroy_activity.cpython-38-pytest-5.4.3.pyc,ya-aioclient-0.6.4-cpython-38-acf03fe3bfa8.pyc,cpython-38,3413,True,4,pylingual_decompilable,decompyle3,exit_2,tool_exit,"decompyle3:exit_2:Traceback (most recent call last): File ""/root/PyBC-Sec/pybcSEC/data/rq2/envs/cpython-38/lib/python3.8/site-packages/xdis/load.py"", line 328, in load_module_from_file_object co = marshal.loads(bytecode) ValueError: bad marshal data (unkn...",PycLens/data/rq2/failed_cases_decompylepp_traces/acf03fe3bfa8-decompylepp.command.txt,PycLens/data/rq2/failed_cases_decompylepp_traces/acf03fe3bfa8-decompylepp.stdout.txt,PycLens/data/rq2/failed_cases_decompylepp_traces/acf03fe3bfa8-decompylepp.stderr.txt
922ff6985e1b,decompylepp,exit_1,CreateObject: Got unsupported type 0x0 Error loading file PycLens/data/rq2/failed_cases/ya-aioclient-0.6.4-cpython-38-922ff6985e1b.pyc: std::bad_cast,ya-aioclient,0.6.4,ya-aioclient-0.6.4.tar.gz,tar,ya-aioclient-0.6.4/src/ya_activity/test/__pycache__/test_error_message.cpython-38-pytest-5.4.3.pyc,ya-aioclient-0.6.4-cpython-38-922ff6985e1b.pyc,cpython-38,3413,True,4,pylingual_decompilable,decompyle3,exit_2,tool_exit,"decompyle3:exit_2:Traceback (most recent call last): File ""/root/PyBC-Sec/pybcSEC/data/rq2/envs/cpython-38/lib/python3.8/site-packages/xdis/load.py"", line 328, in load_module_from_file_object co = marshal.loads(bytecode) ValueError: bad marshal data (unkn...",PycLens/data/rq2/failed_cases_decompylepp_traces/922ff6985e1b-decompylepp.command.txt,PycLens/data/rq2/failed_cases_decompylepp_traces/922ff6985e1b-decompylepp.stdout.txt,PycLens/data/rq2/failed_cases_decompylepp_traces/922ff6985e1b-decompylepp.stderr.txt
88bf7dc12769,decompylepp,exit_1,CreateObject: Got unsupported type 0x0 Error loading file PycLens/data/rq2/failed_cases/ya-aioclient-0.6.4-cpython-38-88bf7dc12769.pyc: std::bad_cast,ya-aioclient,0.6.4,ya-aioclient-0.6.4.tar.gz,tar,ya-aioclient-0.6.4/src/ya_activity/test/__pycache__/test_exe_script_command_result.cpython-38-pytest-5.4.3.pyc,ya-aioclient-0.6.4-cpython-38-88bf7dc12769.pyc,cpython-38,3413,True,4,pylingual_decompilable,decompyle3,exit_2,tool_exit,"decompyle3:exit_2:Traceback (most recent call last): File ""/root/PyBC-Sec/pybcSEC/data/rq2/envs/cpython-38/lib/python3.8/site-packages/xdis/load.py"", line 328, in load_module_from_file_object co = marshal.loads(bytecode) ValueError: bad marshal data (unkn...",PycLens/data/rq2/failed_cases_decompylepp_traces/88bf7dc12769-decompylepp.command.txt,PycLens/data/rq2/failed_cases_decompylepp_traces/88bf7dc12769-decompylepp.stdout.txt,PycLens/data/rq2/failed_cases_decompylepp_traces/88bf7dc12769-decompylepp.stderr.txt
be50f6a73f6b,decompylepp,exit_1,CreateObject: Got unsupported type 0x0 Error loading file PycLens/data/rq2/failed_cases/ya-aioclient-0.6.4-cpython-38-be50f6a73f6b.pyc: std::bad_cast,ya-aioclient,0.6.4,ya-aioclient-0.6.4.tar.gz,tar,ya-aioclient-0.6.4/src/ya_activity/test/__pycache__/test_exe_script_command_state.cpython-38-pytest-5.4.3.pyc,ya-aioclient-0.6.4-cpython-38-be50f6a73f6b.pyc,cpython-38,3413,True,4,pylingual_decompilable,decompyle3,exit_2,tool_exit,"decompyle3:exit_2:Traceback (most recent call last): File ""/root/PyBC-Sec/pybcSEC/data/rq2/envs/cpython-38/lib/python3.8/site-packages/xdis/load.py"", line 328, in load_module_from_file_object co = marshal.loads(bytecode) ValueError: bad marshal data (unkn...",PycLens/data/rq2/failed_cases_decompylepp_traces/be50f6a73f6b-decompylepp.command.txt,PycLens/data/rq2/failed_cases_decompylepp_traces/be50f6a73f6b-decompylepp.stdout.txt,PycLens/data/rq2/failed_cases_decompylepp_traces/be50f6a73f6b-decompylepp.stderr.txt
62417d1f8a8a,decompylepp,exit_1,CreateObject: Got unsupported type 0x0 Error loading file PycLens/data/rq2/failed_cases/ya-aioclient-0.6.4-cpython-38-62417d1f8a8a.pyc: std::bad_cast,ya-aioclient,0.6.4,ya-aioclient-0.6.4.tar.gz,tar,ya-aioclient-0.6.4/src/ya_activity/test/__pycache__/test_exe_script_request.cpython-38-pytest-5.4.3.pyc,ya-aioclient-0.6.4-cpython-38-62417d1f8a8a.pyc,cpython-38,3413,True,4,pylingual_decompilable,decompyle3,exit_2,tool_exit,"decompyle3:exit_2:Traceback (most recent call last): File ""/root/PyBC-Sec/pybcSEC/data/rq2/envs/cpython-38/lib/python3.8/site-packages/xdis/load.py"", line 328, in load_module_from_file_object co = marshal.loads(bytecode) ValueError: bad marshal data (unkn...",PycLens/data/rq2/failed_cases_decompylepp_traces/62417d1f8a8a-decompylepp.command.txt,PycLens/data/rq2/failed_cases_decompylepp_traces/62417d1f8a8a-decompylepp.stdout.txt,PycLens/data/rq2/failed_cases_decompylepp_traces/62417d1f8a8a-decompylepp.stderr.txt
889b4b93cc58,decompylepp,exit_1,CreateObject: Got unsupported type 0x0 Error loading file PycLens/data/rq2/failed_cases/ya-aioclient-0.6.4-cpython-38-889b4b93cc58.pyc: std::bad_cast,ya-aioclient,0.6.4,ya-aioclient-0.6.4.tar.gz,tar,ya-aioclient-0.6.4/src/ya_activity/test/__pycache__/test_file_set.cpython-38-pytest-5.4.3.pyc,ya-aioclient-0.6.4-cpython-38-889b4b93cc58.pyc,cpython-38,3413,True,4,pylingual_decompilable,decompyle3,exit_2,tool_exit,"decompyle3:exit_2:Traceback (most recent call last): File ""/root/PyBC-Sec/pybcSEC/data/rq2/envs/cpython-38/lib/python3.8/site-packages/xdis/load.py"", line 328, in load_module_from_file_object co = marshal.loads(bytecode) ValueError: bad marshal data (unkn...",PycLens/data/rq2/failed_cases_decompylepp_traces/889b4b93cc58-decompylepp.command.txt,PycLens/data/rq2/failed_cases_decompylepp_traces/889b4b93cc58-decompylepp.stdout.txt,PycLens/data/rq2/failed_cases_decompylepp_traces/889b4b93cc58-decompylepp.stderr.txt
9d07e54d302d,decompylepp,exit_1,CreateObject: Got unsupported type 0x0 Error loading file PycLens/data/rq2/failed_cases/ya-aioclient-0.6.4-cpython-38-9d07e54d302d.pyc: std::bad_cast,ya-aioclient,0.6.4,ya-aioclient-0.6.4.tar.gz,tar,ya-aioclient-0.6.4/src/ya_activity/test/__pycache__/test_get_activity_state.cpython-38-pytest-5.4.3.pyc,ya-aioclient-0.6.4-cpython-38-9d07e54d302d.pyc,cpython-38,3413,True,4,pylingual_decompilable,decompyle3,exit_2,tool_exit,"decompyle3:exit_2:Traceback (most recent call last): File ""/root/PyBC-Sec/pybcSEC/data/rq2/envs/cpython-38/lib/python3.8/site-packages/xdis/load.py"", line 328, in load_module_from_file_object co = marshal.loads(bytecode) ValueError: bad marshal data (unkn...",PycLens/data/rq2/failed_cases_decompylepp_traces/9d07e54d302d-decompylepp.command.txt,PycLens/data/rq2/failed_cases_decompylepp_traces/9d07e54d302d-decompylepp.stdout.txt,PycLens/data/rq2/failed_cases_decompylepp_traces/9d07e54d302d-decompylepp.stderr.txt
11d18f03297c,decompylepp,exit_1,CreateObject: Got unsupported type 0x0 Error loading file PycLens/data/rq2/failed_cases/ya-aioclient-0.6.4-cpython-38-11d18f03297c.pyc: std::bad_cast,ya-aioclient,0.6.4,ya-aioclient-0.6.4.tar.gz,tar,ya-aioclient-0.6.4/src/ya_activity/test/__pycache__/test_get_activity_usage.cpython-38-pytest-5.4.3.pyc,ya-aioclient-0.6.4-cpython-38-11d18f03297c.pyc,cpython-38,3413,True,4,pylingual_decompilable,decompyle3,exit_2,tool_exit,"decompyle3:exit_2:Traceback (most recent call last): File ""/root/PyBC-Sec/pybcSEC/data/rq2/envs/cpython-38/lib/python3.8/site-packages/xdis/load.py"", line 328, in load_module_from_file_object co = marshal.loads(bytecode) ValueError: bad marshal data (unkn...",PycLens/data/rq2/failed_cases_decompylepp_traces/11d18f03297c-decompylepp.command.txt,PycLens/data/rq2/failed_cases_decompylepp_traces/11d18f03297c-decompylepp.stdout.txt,PycLens/data/rq2/failed_cases_decompylepp_traces/11d18f03297c-decompylepp.stderr.txt
8d41f86303d6,decompylepp,exit_1,CreateObject: Got unsupported type 0x0 Error loading file PycLens/data/rq2/failed_cases/ya-aioclient-0.6.4-cpython-38-8d41f86303d6.pyc: std::bad_cast,ya-aioclient,0.6.4,ya-aioclient-0.6.4.tar.gz,tar,ya-aioclient-0.6.4/src/ya_activity/test/__pycache__/test_provider_api.cpython-38-pytest-5.4.3.pyc,ya-aioclient-0.6.4-cpython-38-8d41f86303d6.pyc,cpython-38,3413,True,4,pylingual_decompilable,decompyle3,exit_2,tool_exit,"decompyle3:exit_2:Traceback (most recent call last): File ""/root/PyBC-Sec/pybcSEC/data/rq2/envs/cpython-38/lib/python3.8/site-packages/xdis/load.py"", line 328, in load_module_from_file_object co = marshal.loads(bytecode) ValueError: bad marshal data (unkn...",PycLens/data/rq2/failed_cases_decompylepp_traces/8d41f86303d6-decompylepp.command.txt,PycLens/data/rq2/failed_cases_decompylepp_traces/8d41f86303d6-decompylepp.stdout.txt,PycLens/data/rq2/failed_cases_decompylepp_traces/8d41f86303d6-decompylepp.stderr.txt
4df05ce341a7,decompylepp,exit_1,CreateObject: Got unsupported type 0x0 Error loading file PycLens/data/rq2/failed_cases/ya-aioclient-0.6.4-cpython-38-4df05ce341a7.pyc: std::bad_cast,ya-aioclient,0.6.4,ya-aioclient-0.6.4.tar.gz,tar,ya-aioclient-0.6.4/src/ya_activity/test/__pycache__/test_provider_event.cpython-38-pytest-5.4.3.pyc,ya-aioclient-0.6.4-cpython-38-4df05ce341a7.pyc,cpython-38,3413,True,4,pylingual_decompilable,decompyle3,exit_2,tool_exit,"decompyle3:exit_2:Traceback (most recent call last): File ""/root/PyBC-Sec/pybcSEC/data/rq2/envs/cpython-38/lib/python3.8/site-packages/xdis/load.py"", line 328, in load_module_from_file_object co = marshal.loads(bytecode) ValueError: bad marshal data (unkn...",PycLens/data/rq2/failed_cases_decompylepp_traces/4df05ce341a7-decompylepp.command.txt,PycLens/data/rq2/failed_cases_decompylepp_traces/4df05ce341a7-decompylepp.stdout.txt,PycLens/data/rq2/failed_cases_decompylepp_traces/4df05ce341a7-decompylepp.stderr.txt
0c77c1fd7053,decompylepp,exit_1,CreateObject: Got unsupported type 0x0 Error loading file PycLens/data/rq2/failed_cases/ya-aioclient-0.6.4-cpython-38-0c77c1fd7053.pyc: std::bad_cast,ya-aioclient,0.6.4,ya-aioclient-0.6.4.tar.gz,tar,ya-aioclient-0.6.4/src/ya_activity/test/__pycache__/test_requestor_control_api.cpython-38-pytest-5.4.3.pyc,ya-aioclient-0.6.4-cpython-38-0c77c1fd7053.pyc,cpython-38,3413,True,4,pylingual_decompilable,decompyle3,exit_2,tool_exit,"decompyle3:exit_2:Traceback (most recent call last): File ""/root/PyBC-Sec/pybcSEC/data/rq2/envs/cpython-38/lib/python3.8/site-packages/xdis/load.py"", line 328, in load_module_from_file_object co = marshal.loads(bytecode) ValueError: bad marshal data (unkn...",PycLens/data/rq2/failed_cases_decompylepp_traces/0c77c1fd7053-decompylepp.command.txt,PycLens/data/rq2/failed_cases_decompylepp_traces/0c77c1fd7053-decompylepp.stdout.txt,PycLens/data/rq2/failed_cases_decompylepp_traces/0c77c1fd7053-decompylepp.stderr.txt
a31a455dd336,decompylepp,exit_1,CreateObject: Got unsupported type 0x0 Error loading file PycLens/data/rq2/failed_cases/ya-aioclient-0.6.4-cpython-38-a31a455dd336.pyc: std::bad_cast,ya-aioclient,0.6.4,ya-aioclient-0.6.4.tar.gz,tar,ya-aioclient-0.6.4/src/ya_activity/test/__pycache__/test_requestor_state_api.cpython-38-pytest-5.4.3.pyc,ya-aioclient-0.6.4-cpython-38-a31a455dd336.pyc,cpython-38,3413,True,4,pylingual_decompilable,decompyle3,exit_2,tool_exit,"decompyle3:exit_2:Traceback (most recent call last): File ""/root/PyBC-Sec/pybcSEC/data/rq2/envs/cpython-38/lib/python3.8/site-packages/xdis/load.py"", line 328, in load_module_from_file_object co = marshal.loads(bytecode) ValueError: bad marshal data (unkn...",PycLens/data/rq2/failed_cases_decompylepp_traces/a31a455dd336-decompylepp.command.txt,PycLens/data/rq2/failed_cases_decompylepp_traces/a31a455dd336-decompylepp.stdout.txt,PycLens/data/rq2/failed_cases_decompylepp_traces/a31a455dd336-decompylepp.stderr.txt
b34ba9f523eb,decompylepp,exit_1,CreateObject: Got unsupported type 0x0 Error loading file PycLens/data/rq2/failed_cases/ya-aioclient-0.6.4-cpython-38-b34ba9f523eb.pyc: std::bad_cast,ya-aioclient,0.6.4,ya-aioclient-0.6.4.tar.gz,tar,ya-aioclient-0.6.4/src/ya_activity/test/__pycache__/test_run_command.cpython-38-pytest-5.4.3.pyc,ya-aioclient-0.6.4-cpython-38-b34ba9f523eb.pyc,cpython-38,3413,True,4,pylingual_decompilable,decompyle3,exit_2,tool_exit,"decompyle3:exit_2:Traceback (most recent call last): File ""/root/PyBC-Sec/pybcSEC/data/rq2/envs/cpython-38/lib/python3.8/site-packages/xdis/load.py"", line 328, in load_module_from_file_object co = marshal.loads(bytecode) ValueError: bad marshal data (unkn...",PycLens/data/rq2/failed_cases_decompylepp_traces/b34ba9f523eb-decompylepp.command.txt,PycLens/data/rq2/failed_cases_decompylepp_traces/b34ba9f523eb-decompylepp.stdout.txt,PycLens/data/rq2/failed_cases_decompylepp_traces/b34ba9f523eb-decompylepp.stderr.txt
68dc6914dfa1,decompylepp,exit_1,CreateObject: Got unsupported type 0x0 Error loading file PycLens/data/rq2/failed_cases/ya-aioclient-0.6.4-cpython-38-68dc6914dfa1.pyc: std::bad_cast,ya-aioclient,0.6.4,ya-aioclient-0.6.4.tar.gz,tar,ya-aioclient-0.6.4/src/ya_activity/test/__pycache__/test_run_command_all_of.cpython-38-pytest-5.4.3.pyc,ya-aioclient-0.6.4-cpython-38-68dc6914dfa1.pyc,cpython-38,3413,True,4,pylingual_decompilable,decompyle3,exit_2,tool_exit,"decompyle3:exit_2:Traceback (most recent call last): File ""/root/PyBC-Sec/pybcSEC/data/rq2/envs/cpython-38/lib/python3.8/site-packages/xdis/load.py"", line 328, in load_module_from_file_object co = marshal.loads(bytecode) ValueError: bad marshal data (unkn...",PycLens/data/rq2/failed_cases_decompylepp_traces/68dc6914dfa1-decompylepp.command.txt,PycLens/data/rq2/failed_cases_decompylepp_traces/68dc6914dfa1-decompylepp.stdout.txt,PycLens/data/rq2/failed_cases_decompylepp_traces/68dc6914dfa1-decompylepp.stderr.txt
9d751fcafb4d,decompylepp,exit_1,CreateObject: Got unsupported type 0x0 Error loading file PycLens/data/rq2/failed_cases/ya-aioclient-0.6.4-cpython-38-9d751fcafb4d.pyc: std::bad_cast,ya-aioclient,0.6.4,ya-aioclient-0.6.4.tar.gz,tar,ya-aioclient-0.6.4/src/ya_activity/test/__pycache__/test_run_command_body.cpython-38-pytest-5.4.3.pyc,ya-aioclient-0.6.4-cpython-38-9d751fcafb4d.pyc,cpython-38,3413,True,4,pylingual_decompilable,decompyle3,exit_2,tool_exit,"decompyle3:exit_2:Traceback (most recent call last): File ""/root/PyBC-Sec/pybcSEC/data/rq2/envs/cpython-38/lib/python3.8/site-packages/xdis/load.py"", line 328, in load_module_from_file_object co = marshal.loads(bytecode) ValueError: bad marshal data (unkn...",PycLens/data/rq2/failed_cases_decompylepp_traces/9d751fcafb4d-decompylepp.command.txt,PycLens/data/rq2/failed_cases_decompylepp_traces/9d751fcafb4d-decompylepp.stdout.txt,PycLens/data/rq2/failed_cases_decompylepp_traces/9d751fcafb4d-decompylepp.stderr.txt
5be3c0d46b3d,decompylepp,exit_1,CreateObject: Got unsupported type 0x0 Error loading file PycLens/data/rq2/failed_cases/ya-aioclient-0.6.4-cpython-38-5be3c0d46b3d.pyc: std::bad_cast,ya-aioclient,0.6.4,ya-aioclient-0.6.4.tar.gz,tar,ya-aioclient-0.6.4/src/ya_activity/test/__pycache__/test_runtime_event.cpython-38-pytest-5.4.3.pyc,ya-aioclient-0.6.4-cpython-38-5be3c0d46b3d.pyc,cpython-38,3413,True,4,pylingual_decompilable,decompyle3,exit_2,tool_exit,"decompyle3:exit_2:Traceback (most recent call last): File ""/root/PyBC-Sec/pybcSEC/data/rq2/envs/cpython-38/lib/python3.8/site-packages/xdis/load.py"", line 328, in load_module_from_file_object co = marshal.loads(bytecode) ValueError: bad marshal data (unkn...",PycLens/data/rq2/failed_cases_decompylepp_traces/5be3c0d46b3d-decompylepp.command.txt,PycLens/data/rq2/failed_cases_decompylepp_traces/5be3c0d46b3d-decompylepp.stdout.txt,PycLens/data/rq2/failed_cases_decompylepp_traces/5be3c0d46b3d-decompylepp.stderr.txt
d8a41f79317e,decompylepp,exit_1,CreateObject: Got unsupported type 0x0 Error loading file PycLens/data/rq2/failed_cases/ya-aioclient-0.6.4-cpython-38-d8a41f79317e.pyc: std::bad_cast,ya-aioclient,0.6.4,ya-aioclient-0.6.4.tar.gz,tar,ya-aioclient-0.6.4/src/ya_activity/test/__pycache__/test_runtime_event_kind_finished.cpython-38-pytest-5.4.3.pyc,ya-aioclient-0.6.4-cpython-38-d8a41f79317e.pyc,cpython-38,3413,True,4,pylingual_decompilable,decompyle3,exit_2,tool_exit,"decompyle3:exit_2:Traceback (most recent call last): File ""/root/PyBC-Sec/pybcSEC/data/rq2/envs/cpython-38/lib/python3.8/site-packages/xdis/load.py"", line 328, in load_module_from_file_object co = marshal.loads(bytecode) ValueError: bad marshal data (unkn...",PycLens/data/rq2/failed_cases_decompylepp_traces/d8a41f79317e-decompylepp.command.txt,PycLens/data/rq2/failed_cases_decompylepp_traces/d8a41f79317e-decompylepp.stdout.txt,PycLens/data/rq2/failed_cases_decompylepp_traces/d8a41f79317e-decompylepp.stderr.txt
847964601abe,decompylepp,exit_1,CreateObject: Got unsupported type 0x0 Error loading file PycLens/data/rq2/failed_cases/ya-aioclient-0.6.4-cpython-38-847964601abe.pyc: std::bad_cast,ya-aioclient,0.6.4,ya-aioclient-0.6.4.tar.gz,tar,ya-aioclient-0.6.4/src/ya_activity/test/__pycache__/test_runtime_event_kind_finished_all_of.cpython-38-pytest-5.4.3.pyc,ya-aioclient-0.6.4-cpython-38-847964601abe.pyc,cpython-38,3413,True,4,pylingual_decompilable,decompyle3,exit_2,tool_exit,"decompyle3:exit_2:Traceback (most recent call last): File ""/root/PyBC-Sec/pybcSEC/data/rq2/envs/cpython-38/lib/python3.8/site-packages/xdis/load.py"", line 328, in load_module_from_file_object co = marshal.loads(bytecode) ValueError: bad marshal data (unkn...",PycLens/data/rq2/failed_cases_decompylepp_traces/847964601abe-decompylepp.command.txt,PycLens/data/rq2/failed_cases_decompylepp_traces/847964601abe-decompylepp.stdout.txt,PycLens/data/rq2/failed_cases_decompylepp_traces/847964601abe-decompylepp.stderr.txt
1d254c5ae74e,decompylepp,exit_1,CreateObject: Got unsupported type 0x0 Error loading file PycLens/data/rq2/failed_cases/ya-aioclient-0.6.4-cpython-38-1d254c5ae74e.pyc: std::bad_cast,ya-aioclient,0.6.4,ya-aioclient-0.6.4.tar.gz,tar,ya-aioclient-0.6.4/src/ya_activity/test/__pycache__/test_runtime_event_kind_finished_body.cpython-38-pytest-5.4.3.pyc,ya-aioclient-0.6.4-cpython-38-1d254c5ae74e.pyc,cpython-38,3413,True,4,pylingual_decompilable,decompyle3,exit_2,tool_exit,"decompyle3:exit_2:Traceback (most recent call last): File ""/root/PyBC-Sec/pybcSEC/data/rq2/envs/cpython-38/lib/python3.8/site-packages/xdis/load.py"", line 328, in load_module_from_file_object co = marshal.loads(bytecode) ValueError: bad marshal data (unkn...",PycLens/data/rq2/failed_cases_decompylepp_traces/1d254c5ae74e-decompylepp.command.txt,PycLens/data/rq2/failed_cases_decompylepp_traces/1d254c5ae74e-decompylepp.stdout.txt,PycLens/data/rq2/failed_cases_decompylepp_traces/1d254c5ae74e-decompylepp.stderr.txt
45aad230ce31,decompylepp,exit_1,CreateObject: Got unsupported type 0x0 Error loading file PycLens/data/rq2/failed_cases/ya-aioclient-0.6.4-cpython-38-45aad230ce31.pyc: std::bad_cast,ya-aioclient,0.6.4,ya-aioclient-0.6.4.tar.gz,tar,ya-aioclient-0.6.4/src/ya_activity/test/__pycache__/test_runtime_event_kind_started.cpython-38-pytest-5.4.3.pyc,ya-aioclient-0.6.4-cpython-38-45aad230ce31.pyc,cpython-38,3413,True,4,pylingual_decompilable,decompyle3,exit_2,tool_exit,"decompyle3:exit_2:Traceback (most recent call last): File ""/root/PyBC-Sec/pybcSEC/data/rq2/envs/cpython-38/lib/python3.8/site-packages/xdis/load.py"", line 328, in load_module_from_file_object co = marshal.loads(bytecode) ValueError: bad marshal data (unkn...",PycLens/data/rq2/failed_cases_decompylepp_traces/45aad230ce31-decompylepp.command.txt,PycLens/data/rq2/failed_cases_decompylepp_traces/45aad230ce31-decompylepp.stdout.txt,PycLens/data/rq2/failed_cases_decompylepp_traces/45aad230ce31-decompylepp.stderr.txt
519078289456,decompylepp,exit_1,CreateObject: Got unsupported type 0x0 Error loading file PycLens/data/rq2/failed_cases/ya-aioclient-0.6.4-cpython-38-519078289456.pyc: std::bad_cast,ya-aioclient,0.6.4,ya-aioclient-0.6.4.tar.gz,tar,ya-aioclient-0.6.4/src/ya_activity/test/__pycache__/test_runtime_event_kind_started_all_of.cpython-38-pytest-5.4.3.pyc,ya-aioclient-0.6.4-cpython-38-519078289456.pyc,cpython-38,3413,True,4,pylingual_decompilable,decompyle3,exit_2,tool_exit,"decompyle3:exit_2:Traceback (most recent call last): File ""/root/PyBC-Sec/pybcSEC/data/rq2/envs/cpython-38/lib/python3.8/site-packages/xdis/load.py"", line 328, in load_module_from_file_object co = marshal.loads(bytecode) ValueError: bad marshal data (unkn...",PycLens/data/rq2/failed_cases_decompylepp_traces/519078289456-decompylepp.command.txt,PycLens/data/rq2/failed_cases_decompylepp_traces/519078289456-decompylepp.stdout.txt,PycLens/data/rq2/failed_cases_decompylepp_traces/519078289456-decompylepp.stderr.txt
11c382fabf55,decompylepp,exit_1,CreateObject: Got unsupported type 0x0 Error loading file PycLens/data/rq2/failed_cases/ya-aioclient-0.6.4-cpython-38-11c382fabf55.pyc: std::bad_cast,ya-aioclient,0.6.4,ya-aioclient-0.6.4.tar.gz,tar,ya-aioclient-0.6.4/src/ya_activity/test/__pycache__/test_runtime_event_kind_std_err.cpython-38-pytest-5.4.3.pyc,ya-aioclient-0.6.4-cpython-38-11c382fabf55.pyc,cpython-38,3413,True,4,pylingual_decompilable,decompyle3,exit_2,tool_exit,"decompyle3:exit_2:Traceback (most recent call last): File ""/root/PyBC-Sec/pybcSEC/data/rq2/envs/cpython-38/lib/python3.8/site-packages/xdis/load.py"", line 328, in load_module_from_file_object co = marshal.loads(bytecode) ValueError: bad marshal data (unkn...",PycLens/data/rq2/failed_cases_decompylepp_traces/11c382fabf55-decompylepp.command.txt,PycLens/data/rq2/failed_cases_decompylepp_traces/11c382fabf55-decompylepp.stdout.txt,PycLens/data/rq2/failed_cases_decompylepp_traces/11c382fabf55-decompylepp.stderr.txt
bca492805f24,decompylepp,exit_1,CreateObject: Got unsupported type 0x0 Error loading file PycLens/data/rq2/failed_cases/ya-aioclient-0.6.4-cpython-38-bca492805f24.pyc: std::bad_cast,ya-aioclient,0.6.4,ya-aioclient-0.6.4.tar.gz,tar,ya-aioclient-0.6.4/src/ya_activity/test/__pycache__/test_runtime_event_kind_std_err_all_of.cpython-38-pytest-5.4.3.pyc,ya-aioclient-0.6.4-cpython-38-bca492805f24.pyc,cpython-38,3413,True,4,pylingual_decompilable,decompyle3,exit_2,tool_exit,"decompyle3:exit_2:Traceback (most recent call last): File ""/root/PyBC-Sec/pybcSEC/data/rq2/envs/cpython-38/lib/python3.8/site-packages/xdis/load.py"", line 328, in load_module_from_file_object co = marshal.loads(bytecode) ValueError: bad marshal data (unkn...",PycLens/data/rq2/failed_cases_decompylepp_traces/bca492805f24-decompylepp.command.txt,PycLens/data/rq2/failed_cases_decompylepp_traces/bca492805f24-decompylepp.stdout.txt,PycLens/data/rq2/failed_cases_decompylepp_traces/bca492805f24-decompylepp.stderr.txt
3b70247b1af9,decompylepp,exit_1,CreateObject: Got unsupported type 0x0 Error loading file PycLens/data/rq2/failed_cases/ya-aioclient-0.6.4-cpython-38-3b70247b1af9.pyc: std::bad_cast,ya-aioclient,0.6.4,ya-aioclient-0.6.4.tar.gz,tar,ya-aioclient-0.6.4/src/ya_activity/test/__pycache__/test_runtime_event_kind_std_out.cpython-38-pytest-5.4.3.pyc,ya-aioclient-0.6.4-cpython-38-3b70247b1af9.pyc,cpython-38,3413,True,4,pylingual_decompilable,decompyle3,exit_2,tool_exit,"decompyle3:exit_2:Traceback (most recent call last): File ""/root/PyBC-Sec/pybcSEC/data/rq2/envs/cpython-38/lib/python3.8/site-packages/xdis/load.py"", line 328, in load_module_from_file_object co = marshal.loads(bytecode) ValueError: bad marshal data (unkn...",PycLens/data/rq2/failed_cases_decompylepp_traces/3b70247b1af9-decompylepp.command.txt,PycLens/data/rq2/failed_cases_decompylepp_traces/3b70247b1af9-decompylepp.stdout.txt,PycLens/data/rq2/failed_cases_decompylepp_traces/3b70247b1af9-decompylepp.stderr.txt
2de90db6637e,decompylepp,exit_1,CreateObject: Got unsupported type 0x0 Error loading file PycLens/data/rq2/failed_cases/ya-aioclient-0.6.4-cpython-38-2de90db6637e.pyc: std::bad_cast,ya-aioclient,0.6.4,ya-aioclient-0.6.4.tar.gz,tar,ya-aioclient-0.6.4/src/ya_activity/test/__pycache__/test_runtime_event_kind_std_out_all_of.cpython-38-pytest-5.4.3.pyc,ya-aioclient-0.6.4-cpython-38-2de90db6637e.pyc,cpython-38,3413,True,4,pylingual_decompilable,decompyle3,exit_2,tool_exit,"decompyle3:exit_2:Traceback (most recent call last): File ""/root/PyBC-Sec/pybcSEC/data/rq2/envs/cpython-38/lib/python3.8/site-packages/xdis/load.py"", line 328, in load_module_from_file_object co = marshal.loads(bytecode) ValueError: bad marshal data (unkn...",PycLens/data/rq2/failed_cases_decompylepp_traces/2de90db6637e-decompylepp.command.txt,PycLens/data/rq2/failed_cases_decompylepp_traces/2de90db6637e-decompylepp.stdout.txt,PycLens/data/rq2/failed_cases_decompylepp_traces/2de90db6637e-decompylepp.stderr.txt
5ac38a47a2c6,decompylepp,exit_1,CreateObject: Got unsupported type 0x0 Error loading file PycLens/data/rq2/failed_cases/ya-aioclient-0.6.4-cpython-38-5ac38a47a2c6.pyc: std::bad_cast,ya-aioclient,0.6.4,ya-aioclient-0.6.4.tar.gz,tar,ya-aioclient-0.6.4/src/ya_activity/test/__pycache__/test_sgx_credentials.cpython-38-pytest-5.4.3.pyc,ya-aioclient-0.6.4-cpython-38-5ac38a47a2c6.pyc,cpython-38,3413,True,4,pylingual_decompilable,decompyle3,exit_2,tool_exit,"decompyle3:exit_2:Traceback (most recent call last): File ""/root/PyBC-Sec/pybcSEC/data/rq2/envs/cpython-38/lib/python3.8/site-packages/xdis/load.py"", line 328, in load_module_from_file_object co = marshal.loads(bytecode) ValueError: bad marshal data (unkn...",PycLens/data/rq2/failed_cases_decompylepp_traces/5ac38a47a2c6-decompylepp.command.txt,PycLens/data/rq2/failed_cases_decompylepp_traces/5ac38a47a2c6-decompylepp.stdout.txt,PycLens/data/rq2/failed_cases_decompylepp_traces/5ac38a47a2c6-decompylepp.stderr.txt
ee64dc1fbc0a,decompylepp,exit_1,CreateObject: Got unsupported type 0x0 Error loading file PycLens/data/rq2/failed_cases/ya-aioclient-0.6.4-cpython-38-ee64dc1fbc0a.pyc: std::bad_cast,ya-aioclient,0.6.4,ya-aioclient-0.6.4.tar.gz,tar,ya-aioclient-0.6.4/src/ya_activity/test/__pycache__/test_sign_command.cpython-38-pytest-5.4.3.pyc,ya-aioclient-0.6.4-cpython-38-ee64dc1fbc0a.pyc,cpython-38,3413,True,4,pylingual_decompilable,decompyle3,exit_2,tool_exit,"decompyle3:exit_2:Traceback (most recent call last): File ""/root/PyBC-Sec/pybcSEC/data/rq2/envs/cpython-38/lib/python3.8/site-packages/xdis/load.py"", line 328, in load_module_from_file_object co = marshal.loads(bytecode) ValueError: bad marshal data (unkn...",PycLens/data/rq2/failed_cases_decompylepp_traces/ee64dc1fbc0a-decompylepp.command.txt,PycLens/data/rq2/failed_cases_decompylepp_traces/ee64dc1fbc0a-decompylepp.stdout.txt,PycLens/data/rq2/failed_cases_decompylepp_traces/ee64dc1fbc0a-decompylepp.stderr.txt
1cce8c9853fe,decompylepp,exit_1,CreateObject: Got unsupported type 0x0 Error loading file PycLens/data/rq2/failed_cases/ya-aioclient-0.6.4-cpython-38-1cce8c9853fe.pyc: std::bad_cast,ya-aioclient,0.6.4,ya-aioclient-0.6.4.tar.gz,tar,ya-aioclient-0.6.4/src/ya_activity/test/__pycache__/test_sign_command_all_of.cpython-38-pytest-5.4.3.pyc,ya-aioclient-0.6.4-cpython-38-1cce8c9853fe.pyc,cpython-38,3413,True,4,pylingual_decompilable,decompyle3,exit_2,tool_exit,"decompyle3:exit_2:Traceback (most recent call last): File ""/root/PyBC-Sec/pybcSEC/data/rq2/envs/cpython-38/lib/python3.8/site-packages/xdis/load.py"", line 328, in load_module_from_file_object co = marshal.loads(bytecode) ValueError: bad marshal data (unkn...",PycLens/data/rq2/failed_cases_decompylepp_traces/1cce8c9853fe-decompylepp.command.txt,PycLens/data/rq2/failed_cases_decompylepp_traces/1cce8c9853fe-decompylepp.stdout.txt,PycLens/data/rq2/failed_cases_decompylepp_traces/1cce8c9853fe-decompylepp.stderr.txt
0018a36337ef,decompylepp,exit_1,CreateObject: Got unsupported type 0x0 Error loading file PycLens/data/rq2/failed_cases/ya-aioclient-0.6.4-cpython-38-0018a36337ef.pyc: std::bad_cast,ya-aioclient,0.6.4,ya-aioclient-0.6.4.tar.gz,tar,ya-aioclient-0.6.4/src/ya_activity/test/__pycache__/test_start_command.cpython-38-pytest-5.4.3.pyc,ya-aioclient-0.6.4-cpython-38-0018a36337ef.pyc,cpython-38,3413,True,4,pylingual_decompilable,decompyle3,exit_2,tool_exit,"decompyle3:exit_2:Traceback (most recent call last): File ""/root/PyBC-Sec/pybcSEC/data/rq2/envs/cpython-38/lib/python3.8/site-packages/xdis/load.py"", line 328, in load_module_from_file_object co = marshal.loads(bytecode) ValueError: bad marshal data (unkn...",PycLens/data/rq2/failed_cases_decompylepp_traces/0018a36337ef-decompylepp.command.txt,PycLens/data/rq2/failed_cases_decompylepp_traces/0018a36337ef-decompylepp.stdout.txt,PycLens/data/rq2/failed_cases_decompylepp_traces/0018a36337ef-decompylepp.stderr.txt
4f035ba65ef5,decompylepp,exit_1,CreateObject: Got unsupported type 0x0 Error loading file PycLens/data/rq2/failed_cases/ya-aioclient-0.6.4-cpython-38-4f035ba65ef5.pyc: std::bad_cast,ya-aioclient,0.6.4,ya-aioclient-0.6.4.tar.gz,tar,ya-aioclient-0.6.4/src/ya_activity/test/__pycache__/test_start_command_all_of.cpython-38-pytest-5.4.3.pyc,ya-aioclient-0.6.4-cpython-38-4f035ba65ef5.pyc,cpython-38,3413,True,4,pylingual_decompilable,decompyle3,exit_2,tool_exit,"decompyle3:exit_2:Traceback (most recent call last): File ""/root/PyBC-Sec/pybcSEC/data/rq2/envs/cpython-38/lib/python3.8/site-packages/xdis/load.py"", line 328, in load_module_from_file_object co = marshal.loads(bytecode) ValueError: bad marshal data (unkn...",PycLens/data/rq2/failed_cases_decompylepp_traces/4f035ba65ef5-decompylepp.command.txt,PycLens/data/rq2/failed_cases_decompylepp_traces/4f035ba65ef5-decompylepp.stdout.txt,PycLens/data/rq2/failed_cases_decompylepp_traces/4f035ba65ef5-decompylepp.stderr.txt
954433f0d0bc,decompylepp,exit_1,CreateObject: Got unsupported type 0x0 Error loading file PycLens/data/rq2/failed_cases/ya-aioclient-0.6.4-cpython-38-954433f0d0bc.pyc: std::bad_cast,ya-aioclient,0.6.4,ya-aioclient-0.6.4.tar.gz,tar,ya-aioclient-0.6.4/src/ya_activity/test/__pycache__/test_start_command_body.cpython-38-pytest-5.4.3.pyc,ya-aioclient-0.6.4-cpython-38-954433f0d0bc.pyc,cpython-38,3413,True,4,pylingual_decompilable,decompyle3,exit_2,tool_exit,"decompyle3:exit_2:Traceback (most recent call last): File ""/root/PyBC-Sec/pybcSEC/data/rq2/envs/cpython-38/lib/python3.8/site-packages/xdis/load.py"", line 328, in load_module_from_file_object co = marshal.loads(bytecode) ValueError: bad marshal data (unkn...",PycLens/data/rq2/failed_cases_decompylepp_traces/954433f0d0bc-decompylepp.command.txt,PycLens/data/rq2/failed_cases_decompylepp_traces/954433f0d0bc-decompylepp.stdout.txt,PycLens/data/rq2/failed_cases_decompylepp_traces/954433f0d0bc-decompylepp.stderr.txt
5b8a5a396625,decompylepp,exit_1,CreateObject: Got unsupported type 0x0 Error loading file PycLens/data/rq2/failed_cases/ya-aioclient-0.6.4-cpython-38-5b8a5a396625.pyc: std::bad_cast,ya-aioclient,0.6.4,ya-aioclient-0.6.4.tar.gz,tar,ya-aioclient-0.6.4/src/ya_activity/test/__pycache__/test_terminate_command.cpython-38-pytest-5.4.3.pyc,ya-aioclient-0.6.4-cpython-38-5b8a5a396625.pyc,cpython-38,3413,True,4,pylingual_decompilable,decompyle3,exit_2,tool_exit,"decompyle3:exit_2:Traceback (most recent call last): File ""/root/PyBC-Sec/pybcSEC/data/rq2/envs/cpython-38/lib/python3.8/site-packages/xdis/load.py"", line 328, in load_module_from_file_object co = marshal.loads(bytecode) ValueError: bad marshal data (unkn...",PycLens/data/rq2/failed_cases_decompylepp_traces/5b8a5a396625-decompylepp.command.txt,PycLens/data/rq2/failed_cases_decompylepp_traces/5b8a5a396625-decompylepp.stdout.txt,PycLens/data/rq2/failed_cases_decompylepp_traces/5b8a5a396625-decompylepp.stderr.txt
25325e13edf2,decompylepp,exit_1,CreateObject: Got unsupported type 0x0 Error loading file PycLens/data/rq2/failed_cases/ya-aioclient-0.6.4-cpython-38-25325e13edf2.pyc: std::bad_cast,ya-aioclient,0.6.4,ya-aioclient-0.6.4.tar.gz,tar,ya-aioclient-0.6.4/src/ya_activity/test/__pycache__/test_terminate_command_all_of.cpython-38-pytest-5.4.3.pyc,ya-aioclient-0.6.4-cpython-38-25325e13edf2.pyc,cpython-38,3413,True,4,pylingual_decompilable,decompyle3,exit_2,tool_exit,"decompyle3:exit_2:Traceback (most recent call last): File ""/root/PyBC-Sec/pybcSEC/data/rq2/envs/cpython-38/lib/python3.8/site-packages/xdis/load.py"", line 328, in load_module_from_file_object co = marshal.loads(bytecode) ValueError: bad marshal data (unkn...",PycLens/data/rq2/failed_cases_decompylepp_traces/25325e13edf2-decompylepp.command.txt,PycLens/data/rq2/failed_cases_decompylepp_traces/25325e13edf2-decompylepp.stdout.txt,PycLens/data/rq2/failed_cases_decompylepp_traces/25325e13edf2-decompylepp.stderr.txt
9f963dda83fb,decompylepp,exit_1,CreateObject: Got unsupported type 0x0 Error loading file PycLens/data/rq2/failed_cases/ya-aioclient-0.6.4-cpython-38-9f963dda83fb.pyc: std::bad_cast,ya-aioclient,0.6.4,ya-aioclient-0.6.4.tar.gz,tar,ya-aioclient-0.6.4/src/ya_activity/test/__pycache__/test_transfer_command.cpython-38-pytest-5.4.3.pyc,ya-aioclient-0.6.4-cpython-38-9f963dda83fb.pyc,cpython-38,3413,True,4,pylingual_decompilable,decompyle3,exit_2,tool_exit,"decompyle3:exit_2:Traceback (most recent call last): File ""/root/PyBC-Sec/pybcSEC/data/rq2/envs/cpython-38/lib/python3.8/site-packages/xdis/load.py"", line 328, in load_module_from_file_object co = marshal.loads(bytecode) ValueError: bad marshal data (unkn...",PycLens/data/rq2/failed_cases_decompylepp_traces/9f963dda83fb-decompylepp.command.txt,PycLens/data/rq2/failed_cases_decompylepp_traces/9f963dda83fb-decompylepp.stdout.txt,PycLens/data/rq2/failed_cases_decompylepp_traces/9f963dda83fb-decompylepp.stderr.txt
2d1ce05b738f,decompylepp,exit_1,CreateObject: Got unsupported type 0x0 Error loading file PycLens/data/rq2/failed_cases/ya-aioclient-0.6.4-cpython-38-2d1ce05b738f.pyc: std::bad_cast,ya-aioclient,0.6.4,ya-aioclient-0.6.4.tar.gz,tar,ya-aioclient-0.6.4/src/ya_activity/test/__pycache__/test_transfer_command_all_of.cpython-38-pytest-5.4.3.pyc,ya-aioclient-0.6.4-cpython-38-2d1ce05b738f.pyc,cpython-38,3413,True,4,pylingual_decompilable,decompyle3,exit_2,tool_exit,"decompyle3:exit_2:Traceback (most recent call last): File ""/root/PyBC-Sec/pybcSEC/data/rq2/envs/cpython-38/lib/python3.8/site-packages/xdis/load.py"", line 328, in load_module_from_file_object co = marshal.loads(bytecode) ValueError: bad marshal data (unkn...",PycLens/data/rq2/failed_cases_decompylepp_traces/2d1ce05b738f-decompylepp.command.txt,PycLens/data/rq2/failed_cases_decompylepp_traces/2d1ce05b738f-decompylepp.stdout.txt,PycLens/data/rq2/failed_cases_decompylepp_traces/2d1ce05b738f-decompylepp.stderr.txt
2efb7d10ee3f,decompylepp,exit_1,CreateObject: Got unsupported type 0x0 Error loading file PycLens/data/rq2/failed_cases/ya-aioclient-0.6.4-cpython-38-2efb7d10ee3f.pyc: std::bad_cast,ya-aioclient,0.6.4,ya-aioclient-0.6.4.tar.gz,tar,ya-aioclient-0.6.4/src/ya_activity/test/__pycache__/test_transfer_command_body.cpython-38-pytest-5.4.3.pyc,ya-aioclient-0.6.4-cpython-38-2efb7d10ee3f.pyc,cpython-38,3413,True,4,pylingual_decompilable,decompyle3,exit_2,tool_exit,"decompyle3:exit_2:Traceback (most recent call last): File ""/root/PyBC-Sec/pybcSEC/data/rq2/envs/cpython-38/lib/python3.8/site-packages/xdis/load.py"", line 328, in load_module_from_file_object co = marshal.loads(bytecode) ValueError: bad marshal data (unkn...",PycLens/data/rq2/failed_cases_decompylepp_traces/2efb7d10ee3f-decompylepp.command.txt,PycLens/data/rq2/failed_cases_decompylepp_traces/2efb7d10ee3f-decompylepp.stdout.txt,PycLens/data/rq2/failed_cases_decompylepp_traces/2efb7d10ee3f-decompylepp.stderr.txt
4c26ad52ab7a,decompylepp,exit_1,CreateObject: Got unsupported type 0x0 Error loading file PycLens/data/rq2/failed_cases/ya-aioclient-0.6.4-cpython-38-4c26ad52ab7a.pyc: std::bad_cast,ya-aioclient,0.6.4,ya-aioclient-0.6.4.tar.gz,tar,ya-aioclient-0.6.4/src/ya_market/test/__pycache__/test_agreement.cpython-38-pytest-5.4.3.pyc,ya-aioclient-0.6.4-cpython-38-4c26ad52ab7a.pyc,cpython-38,3413,True,4,pylingual_decompilable,decompyle3,exit_2,tool_exit,"decompyle3:exit_2:Traceback (most recent call last): File ""/root/PyBC-Sec/pybcSEC/data/rq2/envs/cpython-38/lib/python3.8/site-packages/xdis/load.py"", line 328, in load_module_from_file_object co = marshal.loads(bytecode) ValueError: bad marshal data (unkn...",PycLens/data/rq2/failed_cases_decompylepp_traces/4c26ad52ab7a-decompylepp.command.txt,PycLens/data/rq2/failed_cases_decompylepp_traces/4c26ad52ab7a-decompylepp.stdout.txt,PycLens/data/rq2/failed_cases_decompylepp_traces/4c26ad52ab7a-decompylepp.stderr.txt
e4286a50bac5,decompylepp,exit_1,CreateObject: Got unsupported type 0x0 Error loading file PycLens/data/rq2/failed_cases/ya-aioclient-0.6.4-cpython-38-e4286a50bac5.pyc: std::bad_cast,ya-aioclient,0.6.4,ya-aioclient-0.6.4.tar.gz,tar,ya-aioclient-0.6.4/src/ya_market/test/__pycache__/test_agreement_approved_event.cpython-38-pytest-5.4.3.pyc,ya-aioclient-0.6.4-cpython-38-e4286a50bac5.pyc,cpython-38,3413,True,4,pylingual_decompilable,decompyle3,exit_2,tool_exit,"decompyle3:exit_2:Traceback (most recent call last): File ""/root/PyBC-Sec/pybcSEC/data/rq2/envs/cpython-38/lib/python3.8/site-packages/xdis/load.py"", line 328, in load_module_from_file_object co = marshal.loads(bytecode) ValueError: bad marshal data (unkn...",PycLens/data/rq2/failed_cases_decompylepp_traces/e4286a50bac5-decompylepp.command.txt,PycLens/data/rq2/failed_cases_decompylepp_traces/e4286a50bac5-decompylepp.stdout.txt,PycLens/data/rq2/failed_cases_decompylepp_traces/e4286a50bac5-decompylepp.stderr.txt
36d7d5bc2085,decompylepp,exit_1,CreateObject: Got unsupported type 0x0 Error loading file PycLens/data/rq2/failed_cases/ya-aioclient-0.6.4-cpython-38-36d7d5bc2085.pyc: std::bad_cast,ya-aioclient,0.6.4,ya-aioclient-0.6.4.tar.gz,tar,ya-aioclient-0.6.4/src/ya_market/test/__pycache__/test_agreement_cancelled_event.cpython-38-pytest-5.4.3.pyc,ya-aioclient-0.6.4-cpython-38-36d7d5bc2085.pyc,cpython-38,3413,True,4,pylingual_decompilable,decompyle3,exit_2,tool_exit,"decompyle3:exit_2:Traceback (most recent call last): File ""/root/PyBC-Sec/pybcSEC/data/rq2/envs/cpython-38/lib/python3.8/site-packages/xdis/load.py"", line 328, in load_module_from_file_object co = marshal.loads(bytecode) ValueError: bad marshal data (unkn...",PycLens/data/rq2/failed_cases_decompylepp_traces/36d7d5bc2085-decompylepp.command.txt,PycLens/data/rq2/failed_cases_decompylepp_traces/36d7d5bc2085-decompylepp.stdout.txt,PycLens/data/rq2/failed_cases_decompylepp_traces/36d7d5bc2085-decompylepp.stderr.txt
75ad1f6b3ea6,decompylepp,exit_1,CreateObject: Got unsupported type 0x0 Error loading file PycLens/data/rq2/failed_cases/ya-aioclient-0.6.4-cpython-38-75ad1f6b3ea6.pyc: std::bad_cast,ya-aioclient,0.6.4,ya-aioclient-0.6.4.tar.gz,tar,ya-aioclient-0.6.4/src/ya_market/test/__pycache__/test_agreement_event.cpython-38-pytest-5.4.3.pyc,ya-aioclient-0.6.4-cpython-38-75ad1f6b3ea6.pyc,cpython-38,3413,True,4,pylingual_decompilable,decompyle3,exit_2,tool_exit,"decompyle3:exit_2:Traceback (most recent call last): File ""/root/PyBC-Sec/pybcSEC/data/rq2/envs/cpython-38/lib/python3.8/site-packages/xdis/load.py"", line 328, in load_module_from_file_object co = marshal.loads(bytecode) ValueError: bad marshal data (unkn...",PycLens/data/rq2/failed_cases_decompylepp_traces/75ad1f6b3ea6-decompylepp.command.txt,PycLens/data/rq2/failed_cases_decompylepp_traces/75ad1f6b3ea6-decompylepp.stdout.txt,PycLens/data/rq2/failed_cases_decompylepp_traces/75ad1f6b3ea6-decompylepp.stderr.txt
c5ad303ed316,decompylepp,exit_1,CreateObject: Got unsupported type 0x0 Error loading file PycLens/data/rq2/failed_cases/ya-aioclient-0.6.4-cpython-38-c5ad303ed316.pyc: std::bad_cast,ya-aioclient,0.6.4,ya-aioclient-0.6.4.tar.gz,tar,ya-aioclient-0.6.4/src/ya_market/test/__pycache__/test_agreement_event_all_of.cpython-38-pytest-5.4.3.pyc,ya-aioclient-0.6.4-cpython-38-c5ad303ed316.pyc,cpython-38,3413,True,4,pylingual_decompilable,decompyle3,exit_2,tool_exit,"decompyle3:exit_2:Traceback (most recent call last): File ""/root/PyBC-Sec/pybcSEC/data/rq2/envs/cpython-38/lib/python3.8/site-packages/xdis/load.py"", line 328, in load_module_from_file_object co = marshal.loads(bytecode) ValueError: bad marshal data (unkn...",PycLens/data/rq2/failed_cases_decompylepp_traces/c5ad303ed316-decompylepp.command.txt,PycLens/data/rq2/failed_cases_decompylepp_traces/c5ad303ed316-decompylepp.stdout.txt,PycLens/data/rq2/failed_cases_decompylepp_traces/c5ad303ed316-decompylepp.stderr.txt
1ef54d2e6b32,decompylepp,exit_1,CreateObject: Got unsupported type 0x0 Error loading file PycLens/data/rq2/failed_cases/ya-aioclient-0.6.4-cpython-38-1ef54d2e6b32.pyc: std::bad_cast,ya-aioclient,0.6.4,ya-aioclient-0.6.4.tar.gz,tar,ya-aioclient-0.6.4/src/ya_market/test/__pycache__/test_agreement_operation_event.cpython-38-pytest-5.4.3.pyc,ya-aioclient-0.6.4-cpython-38-1ef54d2e6b32.pyc,cpython-38,3413,True,4,pylingual_decompilable,decompyle3,exit_2,tool_exit,"decompyle3:exit_2:Traceback (most recent call last): File ""/root/PyBC-Sec/pybcSEC/data/rq2/envs/cpython-38/lib/python3.8/site-packages/xdis/load.py"", line 328, in load_module_from_file_object co = marshal.loads(bytecode) ValueError: bad marshal data (unkn...",PycLens/data/rq2/failed_cases_decompylepp_traces/1ef54d2e6b32-decompylepp.command.txt,PycLens/data/rq2/failed_cases_decompylepp_traces/1ef54d2e6b32-decompylepp.stdout.txt,PycLens/data/rq2/failed_cases_decompylepp_traces/1ef54d2e6b32-decompylepp.stderr.txt
1a24788f18ab,decompylepp,exit_1,CreateObject: Got unsupported type 0x0 Error loading file PycLens/data/rq2/failed_cases/ya-aioclient-0.6.4-cpython-38-1a24788f18ab.pyc: std::bad_cast,ya-aioclient,0.6.4,ya-aioclient-0.6.4.tar.gz,tar,ya-aioclient-0.6.4/src/ya_market/test/__pycache__/test_agreement_proposal.cpython-38-pytest-5.4.3.pyc,ya-aioclient-0.6.4-cpython-38-1a24788f18ab.pyc,cpython-38,3413,True,4,pylingual_decompilable,decompyle3,exit_2,tool_exit,"decompyle3:exit_2:Traceback (most recent call last): File ""/root/PyBC-Sec/pybcSEC/data/rq2/envs/cpython-38/lib/python3.8/site-packages/xdis/load.py"", line 328, in load_module_from_file_object co = marshal.loads(bytecode) ValueError: bad marshal data (unkn...",PycLens/data/rq2/failed_cases_decompylepp_traces/1a24788f18ab-decompylepp.command.txt,PycLens/data/rq2/failed_cases_decompylepp_traces/1a24788f18ab-decompylepp.stdout.txt,PycLens/data/rq2/failed_cases_decompylepp_traces/1a24788f18ab-decompylepp.stderr.txt
f78eacbb491a,decompylepp,exit_1,CreateObject: Got unsupported type 0x0 Error loading file PycLens/data/rq2/failed_cases/ya-aioclient-0.6.4-cpython-38-f78eacbb491a.pyc: std::bad_cast,ya-aioclient,0.6.4,ya-aioclient-0.6.4.tar.gz,tar,ya-aioclient-0.6.4/src/ya_market/test/__pycache__/test_agreement_rejected_event.cpython-38-pytest-5.4.3.pyc,ya-aioclient-0.6.4-cpython-38-f78eacbb491a.pyc,cpython-38,3413,True,4,pylingual_decompilable,decompyle3,exit_2,tool_exit,"decompyle3:exit_2:Traceback (most recent call last): File ""/root/PyBC-Sec/pybcSEC/data/rq2/envs/cpython-38/lib/python3.8/site-packages/xdis/load.py"", line 328, in load_module_from_file_object co = marshal.loads(bytecode) ValueError: bad marshal data (unkn...",PycLens/data/rq2/failed_cases_decompylepp_traces/f78eacbb491a-decompylepp.command.txt,PycLens/data/rq2/failed_cases_decompylepp_traces/f78eacbb491a-decompylepp.stdout.txt,PycLens/data/rq2/failed_cases_decompylepp_traces/f78eacbb491a-decompylepp.stderr.txt
1947c25ee74e,decompylepp,exit_1,CreateObject: Got unsupported type 0x0 Error loading file PycLens/data/rq2/failed_cases/ya-aioclient-0.6.4-cpython-38-1947c25ee74e.pyc: std::bad_cast,ya-aioclient,0.6.4,ya-aioclient-0.6.4.tar.gz,tar,ya-aioclient-0.6.4/src/ya_market/test/__pycache__/test_agreement_rejected_event_all_of.cpython-38-pytest-5.4.3.pyc,ya-aioclient-0.6.4-cpython-38-1947c25ee74e.pyc,cpython-38,3413,True,4,pylingual_decompilable,decompyle3,exit_2,tool_exit,"decompyle3:exit_2:Traceback (most recent call last): File ""/root/PyBC-Sec/pybcSEC/data/rq2/envs/cpython-38/lib/python3.8/site-packages/xdis/load.py"", line 328, in load_module_from_file_object co = marshal.loads(bytecode) ValueError: bad marshal data (unkn...",PycLens/data/rq2/failed_cases_decompylepp_traces/1947c25ee74e-decompylepp.command.txt,PycLens/data/rq2/failed_cases_decompylepp_traces/1947c25ee74e-decompylepp.stdout.txt,PycLens/data/rq2/failed_cases_decompylepp_traces/1947c25ee74e-decompylepp.stderr.txt
a6f4d0a5b3ab,decompylepp,exit_1,CreateObject: Got unsupported type 0x0 Error loading file PycLens/data/rq2/failed_cases/ya-aioclient-0.6.4-cpython-38-a6f4d0a5b3ab.pyc: std::bad_cast,ya-aioclient,0.6.4,ya-aioclient-0.6.4.tar.gz,tar,ya-aioclient-0.6.4/src/ya_market/test/__pycache__/test_agreement_terminated_event.cpython-38-pytest-5.4.3.pyc,ya-aioclient-0.6.4-cpython-38-a6f4d0a5b3ab.pyc,cpython-38,3413,True,4,pylingual_decompilable,decompyle3,exit_2,tool_exit,"decompyle3:exit_2:Traceback (most recent call last): File ""/root/PyBC-Sec/pybcSEC/data/rq2/envs/cpython-38/lib/python3.8/site-packages/xdis/load.py"", line 328, in load_module_from_file_object co = marshal.loads(bytecode) ValueError: bad marshal data (unkn...",PycLens/data/rq2/failed_cases_decompylepp_traces/a6f4d0a5b3ab-decompylepp.command.txt,PycLens/data/rq2/failed_cases_decompylepp_traces/a6f4d0a5b3ab-decompylepp.stdout.txt,PycLens/data/rq2/failed_cases_decompylepp_traces/a6f4d0a5b3ab-decompylepp.stderr.txt
ced6d004b2a1,decompylepp,exit_1,CreateObject: Got unsupported type 0x0 Error loading file PycLens/data/rq2/failed_cases/ya-aioclient-0.6.4-cpython-38-ced6d004b2a1.pyc: std::bad_cast,ya-aioclient,0.6.4,ya-aioclient-0.6.4.tar.gz,tar,ya-aioclient-0.6.4/src/ya_market/test/__pycache__/test_agreement_terminated_event_all_of.cpython-38-pytest-5.4.3.pyc,ya-aioclient-0.6.4-cpython-38-ced6d004b2a1.pyc,cpython-38,3413,True,4,pylingual_decompilable,decompyle3,exit_2,tool_exit,"decompyle3:exit_2:Traceback (most recent call last): File ""/root/PyBC-Sec/pybcSEC/data/rq2/envs/cpython-38/lib/python3.8/site-packages/xdis/load.py"", line 328, in load_module_from_file_object co = marshal.loads(bytecode) ValueError: bad marshal data (unkn...",PycLens/data/rq2/failed_cases_decompylepp_traces/ced6d004b2a1-decompylepp.command.txt,PycLens/data/rq2/failed_cases_decompylepp_traces/ced6d004b2a1-decompylepp.stdout.txt,PycLens/data/rq2/failed_cases_decompylepp_traces/ced6d004b2a1-decompylepp.stderr.txt
23139eec7f68,decompylepp,exit_1,CreateObject: Got unsupported type 0x0 Error loading file PycLens/data/rq2/failed_cases/ya-aioclient-0.6.4-cpython-38-23139eec7f68.pyc: std::bad_cast,ya-aioclient,0.6.4,ya-aioclient-0.6.4.tar.gz,tar,ya-aioclient-0.6.4/src/ya_market/test/__pycache__/test_demand.cpython-38-pytest-5.4.3.pyc,ya-aioclient-0.6.4-cpython-38-23139eec7f68.pyc,cpython-38,3413,True,4,pylingual_decompilable,decompyle3,exit_2,tool_exit,"decompyle3:exit_2:Traceback (most recent call last): File ""/root/PyBC-Sec/pybcSEC/data/rq2/envs/cpython-38/lib/python3.8/site-packages/xdis/load.py"", line 328, in load_module_from_file_object co = marshal.loads(bytecode) ValueError: bad marshal data (unkn...",PycLens/data/rq2/failed_cases_decompylepp_traces/23139eec7f68-decompylepp.command.txt,PycLens/data/rq2/failed_cases_decompylepp_traces/23139eec7f68-decompylepp.stdout.txt,PycLens/data/rq2/failed_cases_decompylepp_traces/23139eec7f68-decompylepp.stderr.txt
9a4099cce6a3,decompylepp,exit_1,CreateObject: Got unsupported type 0x0 Error loading file PycLens/data/rq2/failed_cases/ya-aioclient-0.6.4-cpython-38-9a4099cce6a3.pyc: std::bad_cast,ya-aioclient,0.6.4,ya-aioclient-0.6.4.tar.gz,tar,ya-aioclient-0.6.4/src/ya_market/test/__pycache__/test_demand_all_of.cpython-38-pytest-5.4.3.pyc,ya-aioclient-0.6.4-cpython-38-9a4099cce6a3.pyc,cpython-38,3413,True,4,pylingual_decompilable,decompyle3,exit_2,tool_exit,"decompyle3:exit_2:Traceback (most recent call last): File ""/root/PyBC-Sec/pybcSEC/data/rq2/envs/cpython-38/lib/python3.8/site-packages/xdis/load.py"", line 328, in load_module_from_file_object co = marshal.loads(bytecode) ValueError: bad marshal data (unkn...",PycLens/data/rq2/failed_cases_decompylepp_traces/9a4099cce6a3-decompylepp.command.txt,PycLens/data/rq2/failed_cases_decompylepp_traces/9a4099cce6a3-decompylepp.stdout.txt,PycLens/data/rq2/failed_cases_decompylepp_traces/9a4099cce6a3-decompylepp.stderr.txt
95aeb95a3a58,decompylepp,exit_1,CreateObject: Got unsupported type 0x0 Error loading file PycLens/data/rq2/failed_cases/ya-aioclient-0.6.4-cpython-38-95aeb95a3a58.pyc: std::bad_cast,ya-aioclient,0.6.4,ya-aioclient-0.6.4.tar.gz,tar,ya-aioclient-0.6.4/src/ya_market/test/__pycache__/test_demand_offer_base.cpython-38-pytest-5.4.3.pyc,ya-aioclient-0.6.4-cpython-38-95aeb95a3a58.pyc,cpython-38,3413,True,4,pylingual_decompilable,decompyle3,exit_2,tool_exit,"decompyle3:exit_2:Traceback (most recent call last): File ""/root/PyBC-Sec/pybcSEC/data/rq2/envs/cpython-38/lib/python3.8/site-packages/xdis/load.py"", line 328, in load_module_from_file_object co = marshal.loads(bytecode) ValueError: bad marshal data (unkn...",PycLens/data/rq2/failed_cases_decompylepp_traces/95aeb95a3a58-decompylepp.command.txt,PycLens/data/rq2/failed_cases_decompylepp_traces/95aeb95a3a58-decompylepp.stdout.txt,PycLens/data/rq2/failed_cases_decompylepp_traces/95aeb95a3a58-decompylepp.stderr.txt
541f86fb5c8e,decompylepp,exit_1,CreateObject: Got unsupported type 0x0 Error loading file PycLens/data/rq2/failed_cases/ya-aioclient-0.6.4-cpython-38-541f86fb5c8e.pyc: std::bad_cast,ya-aioclient,0.6.4,ya-aioclient-0.6.4.tar.gz,tar,ya-aioclient-0.6.4/src/ya_market/test/__pycache__/test_error_message.cpython-38-pytest-5.4.3.pyc,ya-aioclient-0.6.4-cpython-38-541f86fb5c8e.pyc,cpython-38,3413,True,4,pylingual_decompilable,decompyle3,exit_2,tool_exit,"decompyle3:exit_2:Traceback (most recent call last): File ""/root/PyBC-Sec/pybcSEC/data/rq2/envs/cpython-38/lib/python3.8/site-packages/xdis/load.py"", line 328, in load_module_from_file_object co = marshal.loads(bytecode) ValueError: bad marshal data (unkn...",PycLens/data/rq2/failed_cases_decompylepp_traces/541f86fb5c8e-decompylepp.command.txt,PycLens/data/rq2/failed_cases_decompylepp_traces/541f86fb5c8e-decompylepp.stdout.txt,PycLens/data/rq2/failed_cases_decompylepp_traces/541f86fb5c8e-decompylepp.stderr.txt
35031b2283d8,decompylepp,exit_1,CreateObject: Got unsupported type 0x0 Error loading file PycLens/data/rq2/failed_cases/ya-aioclient-0.6.4-cpython-38-35031b2283d8.pyc: std::bad_cast,ya-aioclient,0.6.4,ya-aioclient-0.6.4.tar.gz,tar,ya-aioclient-0.6.4/src/ya_market/test/__pycache__/test_event.cpython-38-pytest-5.4.3.pyc,ya-aioclient-0.6.4-cpython-38-35031b2283d8.pyc,cpython-38,3413,True,4,pylingual_decompilable,decompyle3,exit_2,tool_exit,"decompyle3:exit_2:Traceback (most recent call last): File ""/root/PyBC-Sec/pybcSEC/data/rq2/envs/cpython-38/lib/python3.8/site-packages/xdis/load.py"", line 328, in load_module_from_file_object co = marshal.loads(bytecode) ValueError: bad marshal data (unkn...",PycLens/data/rq2/failed_cases_decompylepp_traces/35031b2283d8-decompylepp.command.txt,PycLens/data/rq2/failed_cases_decompylepp_traces/35031b2283d8-decompylepp.stdout.txt,PycLens/data/rq2/failed_cases_decompylepp_traces/35031b2283d8-decompylepp.stderr.txt
7c674ba9e356,decompylepp,exit_1,CreateObject: Got unsupported type 0x0 Error loading file PycLens/data/rq2/failed_cases/ya-aioclient-0.6.4-cpython-38-7c674ba9e356.pyc: std::bad_cast,ya-aioclient,0.6.4,ya-aioclient-0.6.4.tar.gz,tar,ya-aioclient-0.6.4/src/ya_market/test/__pycache__/test_offer.cpython-38-pytest-5.4.3.pyc,ya-aioclient-0.6.4-cpython-38-7c674ba9e356.pyc,cpython-38,3413,True,4,pylingual_decompilable,decompyle3,exit_2,tool_exit,"decompyle3:exit_2:Traceback (most recent call last): File ""/root/PyBC-Sec/pybcSEC/data/rq2/envs/cpython-38/lib/python3.8/site-packages/xdis/load.py"", line 328, in load_module_from_file_object co = marshal.loads(bytecode) ValueError: bad marshal data (unkn...",PycLens/data/rq2/failed_cases_decompylepp_traces/7c674ba9e356-decompylepp.command.txt,PycLens/data/rq2/failed_cases_decompylepp_traces/7c674ba9e356-decompylepp.stdout.txt,PycLens/data/rq2/failed_cases_decompylepp_traces/7c674ba9e356-decompylepp.stderr.txt
8029317ddf38,decompylepp,exit_1,CreateObject: Got unsupported type 0x0 Error loading file PycLens/data/rq2/failed_cases/ya-aioclient-0.6.4-cpython-38-8029317ddf38.pyc: std::bad_cast,ya-aioclient,0.6.4,ya-aioclient-0.6.4.tar.gz,tar,ya-aioclient-0.6.4/src/ya_market/test/__pycache__/test_offer_all_of.cpython-38-pytest-5.4.3.pyc,ya-aioclient-0.6.4-cpython-38-8029317ddf38.pyc,cpython-38,3413,True,4,pylingual_decompilable,decompyle3,exit_2,tool_exit,"decompyle3:exit_2:Traceback (most recent call last): File ""/root/PyBC-Sec/pybcSEC/data/rq2/envs/cpython-38/lib/python3.8/site-packages/xdis/load.py"", line 328, in load_module_from_file_object co = marshal.loads(bytecode) ValueError: bad marshal data (unkn...",PycLens/data/rq2/failed_cases_decompylepp_traces/8029317ddf38-decompylepp.command.txt,PycLens/data/rq2/failed_cases_decompylepp_traces/8029317ddf38-decompylepp.stdout.txt,PycLens/data/rq2/failed_cases_decompylepp_traces/8029317ddf38-decompylepp.stderr.txt
c1140c88367f,decompylepp,exit_1,CreateObject: Got unsupported type 0x0 Error loading file PycLens/data/rq2/failed_cases/ya-aioclient-0.6.4-cpython-38-c1140c88367f.pyc: std::bad_cast,ya-aioclient,0.6.4,ya-aioclient-0.6.4.tar.gz,tar,ya-aioclient-0.6.4/src/ya_market/test/__pycache__/test_property_query.cpython-38-pytest-5.4.3.pyc,ya-aioclient-0.6.4-cpython-38-c1140c88367f.pyc,cpython-38,3413,True,4,pylingual_decompilable,decompyle3,exit_2,tool_exit,"decompyle3:exit_2:Traceback (most recent call last): File ""/root/PyBC-Sec/pybcSEC/data/rq2/envs/cpython-38/lib/python3.8/site-packages/xdis/load.py"", line 328, in load_module_from_file_object co = marshal.loads(bytecode) ValueError: bad marshal data (unkn...",PycLens/data/rq2/failed_cases_decompylepp_traces/c1140c88367f-decompylepp.command.txt,PycLens/data/rq2/failed_cases_decompylepp_traces/c1140c88367f-decompylepp.stdout.txt,PycLens/data/rq2/failed_cases_decompylepp_traces/c1140c88367f-decompylepp.stderr.txt
4dd195ec5b69,decompylepp,exit_1,CreateObject: Got unsupported type 0x0 Error loading file PycLens/data/rq2/failed_cases/ya-aioclient-0.6.4-cpython-38-4dd195ec5b69.pyc: std::bad_cast,ya-aioclient,0.6.4,ya-aioclient-0.6.4.tar.gz,tar,ya-aioclient-0.6.4/src/ya_market/test/__pycache__/test_property_query_event.cpython-38-pytest-5.4.3.pyc,ya-aioclient-0.6.4-cpython-38-4dd195ec5b69.pyc,cpython-38,3413,True,4,pylingual_decompilable,decompyle3,exit_2,tool_exit,"decompyle3:exit_2:Traceback (most recent call last): File ""/root/PyBC-Sec/pybcSEC/data/rq2/envs/cpython-38/lib/python3.8/site-packages/xdis/load.py"", line 328, in load_module_from_file_object co = marshal.loads(bytecode) ValueError: bad marshal data (unkn...",PycLens/data/rq2/failed_cases_decompylepp_traces/4dd195ec5b69-decompylepp.command.txt,PycLens/data/rq2/failed_cases_decompylepp_traces/4dd195ec5b69-decompylepp.stdout.txt,PycLens/data/rq2/failed_cases_decompylepp_traces/4dd195ec5b69-decompylepp.stderr.txt
fbd00d2de89d,decompylepp,exit_1,CreateObject: Got unsupported type 0x0 Error loading file PycLens/data/rq2/failed_cases/ya-aioclient-0.6.4-cpython-38-fbd00d2de89d.pyc: std::bad_cast,ya-aioclient,0.6.4,ya-aioclient-0.6.4.tar.gz,tar,ya-aioclient-0.6.4/src/ya_market/test/__pycache__/test_property_query_event_all_of.cpython-38-pytest-5.4.3.pyc,ya-aioclient-0.6.4-cpython-38-fbd00d2de89d.pyc,cpython-38,3413,True,4,pylingual_decompilable,decompyle3,exit_2,tool_exit,"decompyle3:exit_2:Traceback (most recent call last): File ""/root/PyBC-Sec/pybcSEC/data/rq2/envs/cpython-38/lib/python3.8/site-packages/xdis/load.py"", line 328, in load_module_from_file_object co = marshal.loads(bytecode) ValueError: bad marshal data (unkn...",PycLens/data/rq2/failed_cases_decompylepp_traces/fbd00d2de89d-decompylepp.command.txt,PycLens/data/rq2/failed_cases_decompylepp_traces/fbd00d2de89d-decompylepp.stdout.txt,PycLens/data/rq2/failed_cases_decompylepp_traces/fbd00d2de89d-decompylepp.stderr.txt
a0ede16254d2,decompylepp,exit_1,CreateObject: Got unsupported type 0x0 Error loading file PycLens/data/rq2/failed_cases/ya-aioclient-0.6.4-cpython-38-a0ede16254d2.pyc: std::bad_cast,ya-aioclient,0.6.4,ya-aioclient-0.6.4.tar.gz,tar,ya-aioclient-0.6.4/src/ya_market/test/__pycache__/test_proposal.cpython-38-pytest-5.4.3.pyc,ya-aioclient-0.6.4-cpython-38-a0ede16254d2.pyc,cpython-38,3413,True,4,pylingual_decompilable,decompyle3,exit_2,tool_exit,"decompyle3:exit_2:Traceback (most recent call last): File ""/root/PyBC-Sec/pybcSEC/data/rq2/envs/cpython-38/lib/python3.8/site-packages/xdis/load.py"", line 328, in load_module_from_file_object co = marshal.loads(bytecode) ValueError: bad marshal data (unkn...",PycLens/data/rq2/failed_cases_decompylepp_traces/a0ede16254d2-decompylepp.command.txt,PycLens/data/rq2/failed_cases_decompylepp_traces/a0ede16254d2-decompylepp.stdout.txt,PycLens/data/rq2/failed_cases_decompylepp_traces/a0ede16254d2-decompylepp.stderr.txt
8a880053604c,decompylepp,exit_1,CreateObject: Got unsupported type 0x0 Error loading file PycLens/data/rq2/failed_cases/ya-aioclient-0.6.4-cpython-38-8a880053604c.pyc: std::bad_cast,ya-aioclient,0.6.4,ya-aioclient-0.6.4.tar.gz,tar,ya-aioclient-0.6.4/src/ya_market/test/__pycache__/test_proposal_all_of.cpython-38-pytest-5.4.3.pyc,ya-aioclient-0.6.4-cpython-38-8a880053604c.pyc,cpython-38,3413,True,4,pylingual_decompilable,decompyle3,exit_2,tool_exit,"decompyle3:exit_2:Traceback (most recent call last): File ""/root/PyBC-Sec/pybcSEC/data/rq2/envs/cpython-38/lib/python3.8/site-packages/xdis/load.py"", line 328, in load_module_from_file_object co = marshal.loads(bytecode) ValueError: bad marshal data (unkn...",PycLens/data/rq2/failed_cases_decompylepp_traces/8a880053604c-decompylepp.command.txt,PycLens/data/rq2/failed_cases_decompylepp_traces/8a880053604c-decompylepp.stdout.txt,PycLens/data/rq2/failed_cases_decompylepp_traces/8a880053604c-decompylepp.stderr.txt
769738ed259d,decompylepp,exit_1,CreateObject: Got unsupported type 0x0 Error loading file PycLens/data/rq2/failed_cases/ya-aioclient-0.6.4-cpython-38-769738ed259d.pyc: std::bad_cast,ya-aioclient,0.6.4,ya-aioclient-0.6.4.tar.gz,tar,ya-aioclient-0.6.4/src/ya_market/test/__pycache__/test_proposal_event.cpython-38-pytest-5.4.3.pyc,ya-aioclient-0.6.4-cpython-38-769738ed259d.pyc,cpython-38,3413,True,4,pylingual_decompilable,decompyle3,exit_2,tool_exit,"decompyle3:exit_2:Traceback (most recent call last): File ""/root/PyBC-Sec/pybcSEC/data/rq2/envs/cpython-38/lib/python3.8/site-packages/xdis/load.py"", line 328, in load_module_from_file_object co = marshal.loads(bytecode) ValueError: bad marshal data (unkn...",PycLens/data/rq2/failed_cases_decompylepp_traces/769738ed259d-decompylepp.command.txt,PycLens/data/rq2/failed_cases_decompylepp_traces/769738ed259d-decompylepp.stdout.txt,PycLens/data/rq2/failed_cases_decompylepp_traces/769738ed259d-decompylepp.stderr.txt
265bc724f800,decompylepp,exit_1,CreateObject: Got unsupported type 0x0 Error loading file PycLens/data/rq2/failed_cases/ya-aioclient-0.6.4-cpython-38-265bc724f800.pyc: std::bad_cast,ya-aioclient,0.6.4,ya-aioclient-0.6.4.tar.gz,tar,ya-aioclient-0.6.4/src/ya_market/test/__pycache__/test_proposal_event_all_of.cpython-38-pytest-5.4.3.pyc,ya-aioclient-0.6.4-cpython-38-265bc724f800.pyc,cpython-38,3413,True,4,pylingual_decompilable,decompyle3,exit_2,tool_exit,"decompyle3:exit_2:Traceback (most recent call last): File ""/root/PyBC-Sec/pybcSEC/data/rq2/envs/cpython-38/lib/python3.8/site-packages/xdis/load.py"", line 328, in load_module_from_file_object co = marshal.loads(bytecode) ValueError: bad marshal data (unkn...",PycLens/data/rq2/failed_cases_decompylepp_traces/265bc724f800-decompylepp.command.txt,PycLens/data/rq2/failed_cases_decompylepp_traces/265bc724f800-decompylepp.stdout.txt,PycLens/data/rq2/failed_cases_decompylepp_traces/265bc724f800-decompylepp.stderr.txt
2af96776f825,decompylepp,exit_1,CreateObject: Got unsupported type 0x0 Error loading file PycLens/data/rq2/failed_cases/ya-aioclient-0.6.4-cpython-38-2af96776f825.pyc: std::bad_cast,ya-aioclient,0.6.4,ya-aioclient-0.6.4.tar.gz,tar,ya-aioclient-0.6.4/src/ya_market/test/__pycache__/test_proposal_rejected_event.cpython-38-pytest-5.4.3.pyc,ya-aioclient-0.6.4-cpython-38-2af96776f825.pyc,cpython-38,3413,True,4,pylingual_decompilable,decompyle3,exit_2,tool_exit,"decompyle3:exit_2:Traceback (most recent call last): File ""/root/PyBC-Sec/pybcSEC/data/rq2/envs/cpython-38/lib/python3.8/site-packages/xdis/load.py"", line 328, in load_module_from_file_object co = marshal.loads(bytecode) ValueError: bad marshal data (unkn...",PycLens/data/rq2/failed_cases_decompylepp_traces/2af96776f825-decompylepp.command.txt,PycLens/data/rq2/failed_cases_decompylepp_traces/2af96776f825-decompylepp.stdout.txt,PycLens/data/rq2/failed_cases_decompylepp_traces/2af96776f825-decompylepp.stderr.txt
8e51624c61f7,decompylepp,exit_1,CreateObject: Got unsupported type 0x0 Error loading file PycLens/data/rq2/failed_cases/ya-aioclient-0.6.4-cpython-38-8e51624c61f7.pyc: std::bad_cast,ya-aioclient,0.6.4,ya-aioclient-0.6.4.tar.gz,tar,ya-aioclient-0.6.4/src/ya_market/test/__pycache__/test_proposal_rejected_event_all_of.cpython-38-pytest-5.4.3.pyc,ya-aioclient-0.6.4-cpython-38-8e51624c61f7.pyc,cpython-38,3413,True,4,pylingual_decompilable,decompyle3,exit_2,tool_exit,"decompyle3:exit_2:Traceback (most recent call last): File ""/root/PyBC-Sec/pybcSEC/data/rq2/envs/cpython-38/lib/python3.8/site-packages/xdis/load.py"", line 328, in load_module_from_file_object co = marshal.loads(bytecode) ValueError: bad marshal data (unkn...",PycLens/data/rq2/failed_cases_decompylepp_traces/8e51624c61f7-decompylepp.command.txt,PycLens/data/rq2/failed_cases_decompylepp_traces/8e51624c61f7-decompylepp.stdout.txt,PycLens/data/rq2/failed_cases_decompylepp_traces/8e51624c61f7-decompylepp.stderr.txt
69ea00595261,decompylepp,exit_1,CreateObject: Got unsupported type 0x0 Error loading file PycLens/data/rq2/failed_cases/ya-aioclient-0.6.4-cpython-38-69ea00595261.pyc: std::bad_cast,ya-aioclient,0.6.4,ya-aioclient-0.6.4.tar.gz,tar,ya-aioclient-0.6.4/src/ya_market/test/__pycache__/test_provider_api.cpython-38-pytest-5.4.3.pyc,ya-aioclient-0.6.4-cpython-38-69ea00595261.pyc,cpython-38,3413,True,4,pylingual_decompilable,decompyle3,exit_2,tool_exit,"decompyle3:exit_2:Traceback (most recent call last): File ""/root/PyBC-Sec/pybcSEC/data/rq2/envs/cpython-38/lib/python3.8/site-packages/xdis/load.py"", line 328, in load_module_from_file_object co = marshal.loads(bytecode) ValueError: bad marshal data (unkn...",PycLens/data/rq2/failed_cases_decompylepp_traces/69ea00595261-decompylepp.command.txt,PycLens/data/rq2/failed_cases_decompylepp_traces/69ea00595261-decompylepp.stdout.txt,PycLens/data/rq2/failed_cases_decompylepp_traces/69ea00595261-decompylepp.stderr.txt
27819202566c,decompylepp,exit_1,CreateObject: Got unsupported type 0x0 Error loading file PycLens/data/rq2/failed_cases/ya-aioclient-0.6.4-cpython-38-27819202566c.pyc: std::bad_cast,ya-aioclient,0.6.4,ya-aioclient-0.6.4.tar.gz,tar,ya-aioclient-0.6.4/src/ya_market/test/__pycache__/test_reason.cpython-38-pytest-5.4.3.pyc,ya-aioclient-0.6.4-cpython-38-27819202566c.pyc,cpython-38,3413,True,4,pylingual_decompilable,decompyle3,exit_2,tool_exit,"decompyle3:exit_2:Traceback (most recent call last): File ""/root/PyBC-Sec/pybcSEC/data/rq2/envs/cpython-38/lib/python3.8/site-packages/xdis/load.py"", line 328, in load_module_from_file_object co = marshal.loads(bytecode) ValueError: bad marshal data (unkn...",PycLens/data/rq2/failed_cases_decompylepp_traces/27819202566c-decompylepp.command.txt,PycLens/data/rq2/failed_cases_decompylepp_traces/27819202566c-decompylepp.stdout.txt,PycLens/data/rq2/failed_cases_decompylepp_traces/27819202566c-decompylepp.stderr.txt
ab81c5c1ac4a,decompylepp,exit_1,CreateObject: Got unsupported type 0x0 Error loading file PycLens/data/rq2/failed_cases/ya-aioclient-0.6.4-cpython-38-ab81c5c1ac4a.pyc: std::bad_cast,ya-aioclient,0.6.4,ya-aioclient-0.6.4.tar.gz,tar,ya-aioclient-0.6.4/src/ya_market/test/__pycache__/test_requestor_api.cpython-38-pytest-5.4.3.pyc,ya-aioclient-0.6.4-cpython-38-ab81c5c1ac4a.pyc,cpython-38,3413,True,4,pylingual_decompilable,decompyle3,exit_2,tool_exit,"decompyle3:exit_2:Traceback (most recent call last): File ""/root/PyBC-Sec/pybcSEC/data/rq2/envs/cpython-38/lib/python3.8/site-packages/xdis/load.py"", line 328, in load_module_from_file_object co = marshal.loads(bytecode) ValueError: bad marshal data (unkn...",PycLens/data/rq2/failed_cases_decompylepp_traces/ab81c5c1ac4a-decompylepp.command.txt,PycLens/data/rq2/failed_cases_decompylepp_traces/ab81c5c1ac4a-decompylepp.stdout.txt,PycLens/data/rq2/failed_cases_decompylepp_traces/ab81c5c1ac4a-decompylepp.stderr.txt
064be20ec116,decompylepp,exit_1,CreateObject: Got unsupported type 0x0 Error loading file PycLens/data/rq2/failed_cases/ya-aioclient-0.6.4-cpython-38-064be20ec116.pyc: std::bad_cast,ya-aioclient,0.6.4,ya-aioclient-0.6.4.tar.gz,tar,ya-aioclient-0.6.4/src/ya_net/test/__pycache__/test_address.cpython-38-pytest-5.4.3.pyc,ya-aioclient-0.6.4-cpython-38-064be20ec116.pyc,cpython-38,3413,True,4,pylingual_decompilable,decompyle3,exit_2,tool_exit,"decompyle3:exit_2:Traceback (most recent call last): File ""/root/PyBC-Sec/pybcSEC/data/rq2/envs/cpython-38/lib/python3.8/site-packages/xdis/load.py"", line 328, in load_module_from_file_object co = marshal.loads(bytecode) ValueError: bad marshal data (unkn...",PycLens/data/rq2/failed_cases_decompylepp_traces/064be20ec116-decompylepp.command.txt,PycLens/data/rq2/failed_cases_decompylepp_traces/064be20ec116-decompylepp.stdout.txt,PycLens/data/rq2/failed_cases_decompylepp_traces/064be20ec116-decompylepp.stderr.txt
75fed266e785,decompylepp,exit_1,CreateObject: Got unsupported type 0x0 Error loading file PycLens/data/rq2/failed_cases/ya-aioclient-0.6.4-cpython-38-75fed266e785.pyc: std::bad_cast,ya-aioclient,0.6.4,ya-aioclient-0.6.4.tar.gz,tar,ya-aioclient-0.6.4/src/ya_net/test/__pycache__/test_connection.cpython-38-pytest-5.4.3.pyc,ya-aioclient-0.6.4-cpython-38-75fed266e785.pyc,cpython-38,3413,True,4,pylingual_decompilable,decompyle3,exit_2,tool_exit,"decompyle3:exit_2:Traceback (most recent call last): File ""/root/PyBC-Sec/pybcSEC/data/rq2/envs/cpython-38/lib/python3.8/site-packages/xdis/load.py"", line 328, in load_module_from_file_object co = marshal.loads(bytecode) ValueError: bad marshal data (unkn...",PycLens/data/rq2/failed_cases_decompylepp_traces/75fed266e785-decompylepp.command.txt,PycLens/data/rq2/failed_cases_decompylepp_traces/75fed266e785-decompylepp.stdout.txt,PycLens/data/rq2/failed_cases_decompylepp_traces/75fed266e785-decompylepp.stderr.txt
033e37984a78,decompylepp,exit_1,CreateObject: Got unsupported type 0x0 Error loading file PycLens/data/rq2/failed_cases/ya-aioclient-0.6.4-cpython-38-033e37984a78.pyc: std::bad_cast,ya-aioclient,0.6.4,ya-aioclient-0.6.4.tar.gz,tar,ya-aioclient-0.6.4/src/ya_net/test/__pycache__/test_error_message.cpython-38-pytest-5.4.3.pyc,ya-aioclient-0.6.4-cpython-38-033e37984a78.pyc,cpython-38,3413,True,4,pylingual_decompilable,decompyle3,exit_2,tool_exit,"decompyle3:exit_2:Traceback (most recent call last): File ""/root/PyBC-Sec/pybcSEC/data/rq2/envs/cpython-38/lib/python3.8/site-packages/xdis/load.py"", line 328, in load_module_from_file_object co = marshal.loads(bytecode) ValueError: bad marshal data (unkn...",PycLens/data/rq2/failed_cases_decompylepp_traces/033e37984a78-decompylepp.command.txt,PycLens/data/rq2/failed_cases_decompylepp_traces/033e37984a78-decompylepp.stdout.txt,PycLens/data/rq2/failed_cases_decompylepp_traces/033e37984a78-decompylepp.stderr.txt
6450f81758f4,decompylepp,exit_1,CreateObject: Got unsupported type 0x0 Error loading file PycLens/data/rq2/failed_cases/ya-aioclient-0.6.4-cpython-38-6450f81758f4.pyc: std::bad_cast,ya-aioclient,0.6.4,ya-aioclient-0.6.4.tar.gz,tar,ya-aioclient-0.6.4/src/ya_net/test/__pycache__/test_network.cpython-38-pytest-5.4.3.pyc,ya-aioclient-0.6.4-cpython-38-6450f81758f4.pyc,cpython-38,3413,True,4,pylingual_decompilable,decompyle3,exit_2,tool_exit,"decompyle3:exit_2:Traceback (most recent call last): File ""/root/PyBC-Sec/pybcSEC/data/rq2/envs/cpython-38/lib/python3.8/site-packages/xdis/load.py"", line 328, in load_module_from_file_object co = marshal.loads(bytecode) ValueError: bad marshal data (unkn...",PycLens/data/rq2/failed_cases_decompylepp_traces/6450f81758f4-decompylepp.command.txt,PycLens/data/rq2/failed_cases_decompylepp_traces/6450f81758f4-decompylepp.stdout.txt,PycLens/data/rq2/failed_cases_decompylepp_traces/6450f81758f4-decompylepp.stderr.txt
c4414d6c7379,decompylepp,exit_1,CreateObject: Got unsupported type 0x0 Error loading file PycLens/data/rq2/failed_cases/ya-aioclient-0.6.4-cpython-38-c4414d6c7379.pyc: std::bad_cast,ya-aioclient,0.6.4,ya-aioclient-0.6.4.tar.gz,tar,ya-aioclient-0.6.4/src/ya_net/test/__pycache__/test_node.cpython-38-pytest-5.4.3.pyc,ya-aioclient-0.6.4-cpython-38-c4414d6c7379.pyc,cpython-38,3413,True,4,pylingual_decompilable,decompyle3,exit_2,tool_exit,"decompyle3:exit_2:Traceback (most recent call last): File ""/root/PyBC-Sec/pybcSEC/data/rq2/envs/cpython-38/lib/python3.8/site-packages/xdis/load.py"", line 328, in load_module_from_file_object co = marshal.loads(bytecode) ValueError: bad marshal data (unkn...",PycLens/data/rq2/failed_cases_decompylepp_traces/c4414d6c7379-decompylepp.command.txt,PycLens/data/rq2/failed_cases_decompylepp_traces/c4414d6c7379-decompylepp.stdout.txt,PycLens/data/rq2/failed_cases_decompylepp_traces/c4414d6c7379-decompylepp.stderr.txt
e2940d3d9261,decompylepp,exit_1,CreateObject: Got unsupported type 0x0 Error loading file PycLens/data/rq2/failed_cases/ya-aioclient-0.6.4-cpython-38-e2940d3d9261.pyc: std::bad_cast,ya-aioclient,0.6.4,ya-aioclient-0.6.4.tar.gz,tar,ya-aioclient-0.6.4/src/ya_net/test/__pycache__/test_requestor_api.cpython-38-pytest-5.4.3.pyc,ya-aioclient-0.6.4-cpython-38-e2940d3d9261.pyc,cpython-38,3413,True,4,pylingual_decompilable,decompyle3,exit_2,tool_exit,"decompyle3:exit_2:Traceback (most recent call last): File ""/root/PyBC-Sec/pybcSEC/data/rq2/envs/cpython-38/lib/python3.8/site-packages/xdis/load.py"", line 328, in load_module_from_file_object co = marshal.loads(bytecode) ValueError: bad marshal data (unkn...",PycLens/data/rq2/failed_cases_decompylepp_traces/e2940d3d9261-decompylepp.command.txt,PycLens/data/rq2/failed_cases_decompylepp_traces/e2940d3d9261-decompylepp.stdout.txt,PycLens/data/rq2/failed_cases_decompylepp_traces/e2940d3d9261-decompylepp.stderr.txt
04d025870016,decompylepp,exit_1,CreateObject: Got unsupported type 0x0 Error loading file PycLens/data/rq2/failed_cases/ya-aioclient-0.6.4-cpython-38-04d025870016.pyc: std::bad_cast,ya-aioclient,0.6.4,ya-aioclient-0.6.4.tar.gz,tar,ya-aioclient-0.6.4/src/ya_payment/test/__pycache__/test_acceptance.cpython-38-pytest-5.4.3.pyc,ya-aioclient-0.6.4-cpython-38-04d025870016.pyc,cpython-38,3413,True,4,pylingual_decompilable,decompyle3,exit_2,tool_exit,"decompyle3:exit_2:Traceback (most recent call last): File ""/root/PyBC-Sec/pybcSEC/data/rq2/envs/cpython-38/lib/python3.8/site-packages/xdis/load.py"", line 328, in load_module_from_file_object co = marshal.loads(bytecode) ValueError: bad marshal data (unkn...",PycLens/data/rq2/failed_cases_decompylepp_traces/04d025870016-decompylepp.command.txt,PycLens/data/rq2/failed_cases_decompylepp_traces/04d025870016-decompylepp.stdout.txt,PycLens/data/rq2/failed_cases_decompylepp_traces/04d025870016-decompylepp.stderr.txt
1c17063123ad,decompylepp,exit_1,CreateObject: Got unsupported type 0x0 Error loading file PycLens/data/rq2/failed_cases/ya-aioclient-0.6.4-cpython-38-1c17063123ad.pyc: std::bad_cast,ya-aioclient,0.6.4,ya-aioclient-0.6.4.tar.gz,tar,ya-aioclient-0.6.4/src/ya_payment/test/__pycache__/test_account.cpython-38-pytest-5.4.3.pyc,ya-aioclient-0.6.4-cpython-38-1c17063123ad.pyc,cpython-38,3413,True,4,pylingual_decompilable,decompyle3,exit_2,tool_exit,"decompyle3:exit_2:Traceback (most recent call last): File ""/root/PyBC-Sec/pybcSEC/data/rq2/envs/cpython-38/lib/python3.8/site-packages/xdis/load.py"", line 328, in load_module_from_file_object co = marshal.loads(bytecode) ValueError: bad marshal data (unkn...",PycLens/data/rq2/failed_cases_decompylepp_traces/1c17063123ad-decompylepp.command.txt,PycLens/data/rq2/failed_cases_decompylepp_traces/1c17063123ad-decompylepp.stdout.txt,PycLens/data/rq2/failed_cases_decompylepp_traces/1c17063123ad-decompylepp.stderr.txt
a75c16f2ea87,decompylepp,exit_1,CreateObject: Got unsupported type 0x0 Error loading file PycLens/data/rq2/failed_cases/ya-aioclient-0.6.4-cpython-38-a75c16f2ea87.pyc: std::bad_cast,ya-aioclient,0.6.4,ya-aioclient-0.6.4.tar.gz,tar,ya-aioclient-0.6.4/src/ya_payment/test/__pycache__/test_activity_payment.cpython-38-pytest-5.4.3.pyc,ya-aioclient-0.6.4-cpython-38-a75c16f2ea87.pyc,cpython-38,3413,True,4,pylingual_decompilable,decompyle3,exit_2,tool_exit,"decompyle3:exit_2:Traceback (most recent call last): File ""/root/PyBC-Sec/pybcSEC/data/rq2/envs/cpython-38/lib/python3.8/site-packages/xdis/load.py"", line 328, in load_module_from_file_object co = marshal.loads(bytecode) ValueError: bad marshal data (unkn...",PycLens/data/rq2/failed_cases_decompylepp_traces/a75c16f2ea87-decompylepp.command.txt,PycLens/data/rq2/failed_cases_decompylepp_traces/a75c16f2ea87-decompylepp.stdout.txt,PycLens/data/rq2/failed_cases_decompylepp_traces/a75c16f2ea87-decompylepp.stderr.txt
ccb8cff766a7,decompylepp,exit_1,CreateObject: Got unsupported type 0x0 Error loading file PycLens/data/rq2/failed_cases/ya-aioclient-0.6.4-cpython-38-ccb8cff766a7.pyc: std::bad_cast,ya-aioclient,0.6.4,ya-aioclient-0.6.4.tar.gz,tar,ya-aioclient-0.6.4/src/ya_payment/test/__pycache__/test_agreement_payment.cpython-38-pytest-5.4.3.pyc,ya-aioclient-0.6.4-cpython-38-ccb8cff766a7.pyc,cpython-38,3413,True,4,pylingual_decompilable,decompyle3,exit_2,tool_exit,"decompyle3:exit_2:Traceback (most recent call last): File ""/root/PyBC-Sec/pybcSEC/data/rq2/envs/cpython-38/lib/python3.8/site-packages/xdis/load.py"", line 328, in load_module_from_file_object co = marshal.loads(bytecode) ValueError: bad marshal data (unkn...",PycLens/data/rq2/failed_cases_decompylepp_traces/ccb8cff766a7-decompylepp.command.txt,PycLens/data/rq2/failed_cases_decompylepp_traces/ccb8cff766a7-decompylepp.stdout.txt,PycLens/data/rq2/failed_cases_decompylepp_traces/ccb8cff766a7-decompylepp.stderr.txt
b6c5e91b36c3,decompylepp,exit_1,CreateObject: Got unsupported type 0x0 Error loading file PycLens/data/rq2/failed_cases/ya-aioclient-0.6.4-cpython-38-b6c5e91b36c3.pyc: std::bad_cast,ya-aioclient,0.6.4,ya-aioclient-0.6.4.tar.gz,tar,ya-aioclient-0.6.4/src/ya_payment/test/__pycache__/test_allocation.cpython-38-pytest-5.4.3.pyc,ya-aioclient-0.6.4-cpython-38-b6c5e91b36c3.pyc,cpython-38,3413,True,4,pylingual_decompilable,decompyle3,exit_2,tool_exit,"decompyle3:exit_2:Traceback (most recent call last): File ""/root/PyBC-Sec/pybcSEC/data/rq2/envs/cpython-38/lib/python3.8/site-packages/xdis/load.py"", line 328, in load_module_from_file_object co = marshal.loads(bytecode) ValueError: bad marshal data (unkn...",PycLens/data/rq2/failed_cases_decompylepp_traces/b6c5e91b36c3-decompylepp.command.txt,PycLens/data/rq2/failed_cases_decompylepp_traces/b6c5e91b36c3-decompylepp.stdout.txt,PycLens/data/rq2/failed_cases_decompylepp_traces/b6c5e91b36c3-decompylepp.stderr.txt
973a72fc1017,decompylepp,exit_1,CreateObject: Got unsupported type 0x0 Error loading file PycLens/data/rq2/failed_cases/ya-aioclient-0.6.4-cpython-38-973a72fc1017.pyc: std::bad_cast,ya-aioclient,0.6.4,ya-aioclient-0.6.4.tar.gz,tar,ya-aioclient-0.6.4/src/ya_payment/test/__pycache__/test_debit_note.cpython-38-pytest-5.4.3.pyc,ya-aioclient-0.6.4-cpython-38-973a72fc1017.pyc,cpython-38,3413,True,4,pylingual_decompilable,decompyle3,exit_2,tool_exit,"decompyle3:exit_2:Traceback (most recent call last): File ""/root/PyBC-Sec/pybcSEC/data/rq2/envs/cpython-38/lib/python3.8/site-packages/xdis/load.py"", line 328, in load_module_from_file_object co = marshal.loads(bytecode) ValueError: bad marshal data (unkn...",PycLens/data/rq2/failed_cases_decompylepp_traces/973a72fc1017-decompylepp.command.txt,PycLens/data/rq2/failed_cases_decompylepp_traces/973a72fc1017-decompylepp.stdout.txt,PycLens/data/rq2/failed_cases_decompylepp_traces/973a72fc1017-decompylepp.stderr.txt
c57390bf4a7e,decompylepp,exit_1,CreateObject: Got unsupported type 0x0 Error loading file PycLens/data/rq2/failed_cases/ya-aioclient-0.6.4-cpython-38-c57390bf4a7e.pyc: std::bad_cast,ya-aioclient,0.6.4,ya-aioclient-0.6.4.tar.gz,tar,ya-aioclient-0.6.4/src/ya_payment/test/__pycache__/test_debit_note_accepted_event.cpython-38-pytest-5.4.3.pyc,ya-aioclient-0.6.4-cpython-38-c57390bf4a7e.pyc,cpython-38,3413,True,4,pylingual_decompilable,decompyle3,exit_2,tool_exit,"decompyle3:exit_2:Traceback (most recent call last): File ""/root/PyBC-Sec/pybcSEC/data/rq2/envs/cpython-38/lib/python3.8/site-packages/xdis/load.py"", line 328, in load_module_from_file_object co = marshal.loads(bytecode) ValueError: bad marshal data (unkn...",PycLens/data/rq2/failed_cases_decompylepp_traces/c57390bf4a7e-decompylepp.command.txt,PycLens/data/rq2/failed_cases_decompylepp_traces/c57390bf4a7e-decompylepp.stdout.txt,PycLens/data/rq2/failed_cases_decompylepp_traces/c57390bf4a7e-decompylepp.stderr.txt
23f2f495e1c1,decompylepp,exit_1,CreateObject: Got unsupported type 0x0 Error loading file PycLens/data/rq2/failed_cases/ya-aioclient-0.6.4-cpython-38-23f2f495e1c1.pyc: std::bad_cast,ya-aioclient,0.6.4,ya-aioclient-0.6.4.tar.gz,tar,ya-aioclient-0.6.4/src/ya_payment/test/__pycache__/test_debit_note_cancelled_event.cpython-38-pytest-5.4.3.pyc,ya-aioclient-0.6.4-cpython-38-23f2f495e1c1.pyc,cpython-38,3413,True,4,pylingual_decompilable,decompyle3,exit_2,tool_exit,"decompyle3:exit_2:Traceback (most recent call last): File ""/root/PyBC-Sec/pybcSEC/data/rq2/envs/cpython-38/lib/python3.8/site-packages/xdis/load.py"", line 328, in load_module_from_file_object co = marshal.loads(bytecode) ValueError: bad marshal data (unkn...",PycLens/data/rq2/failed_cases_decompylepp_traces/23f2f495e1c1-decompylepp.command.txt,PycLens/data/rq2/failed_cases_decompylepp_traces/23f2f495e1c1-decompylepp.stdout.txt,PycLens/data/rq2/failed_cases_decompylepp_traces/23f2f495e1c1-decompylepp.stderr.txt
943aca7144ef,decompylepp,exit_1,CreateObject: Got unsupported type 0x0 Error loading file PycLens/data/rq2/failed_cases/ya-aioclient-0.6.4-cpython-38-943aca7144ef.pyc: std::bad_cast,ya-aioclient,0.6.4,ya-aioclient-0.6.4.tar.gz,tar,ya-aioclient-0.6.4/src/ya_payment/test/__pycache__/test_debit_note_event.cpython-38-pytest-5.4.3.pyc,ya-aioclient-0.6.4-cpython-38-943aca7144ef.pyc,cpython-38,3413,True,4,pylingual_decompilable,decompyle3,exit_2,tool_exit,"decompyle3:exit_2:Traceback (most recent call last): File ""/root/PyBC-Sec/pybcSEC/data/rq2/envs/cpython-38/lib/python3.8/site-packages/xdis/load.py"", line 328, in load_module_from_file_object co = marshal.loads(bytecode) ValueError: bad marshal data (unkn...",PycLens/data/rq2/failed_cases_decompylepp_traces/943aca7144ef-decompylepp.command.txt,PycLens/data/rq2/failed_cases_decompylepp_traces/943aca7144ef-decompylepp.stdout.txt,PycLens/data/rq2/failed_cases_decompylepp_traces/943aca7144ef-decompylepp.stderr.txt
33811e4d7dff,decompylepp,exit_1,CreateObject: Got unsupported type 0x0 Error loading file PycLens/data/rq2/failed_cases/ya-aioclient-0.6.4-cpython-38-33811e4d7dff.pyc: std::bad_cast,ya-aioclient,0.6.4,ya-aioclient-0.6.4.tar.gz,tar,ya-aioclient-0.6.4/src/ya_payment/test/__pycache__/test_debit_note_failed_event.cpython-38-pytest-5.4.3.pyc,ya-aioclient-0.6.4-cpython-38-33811e4d7dff.pyc,cpython-38,3413,True,4,pylingual_decompilable,decompyle3,exit_2,tool_exit,"decompyle3:exit_2:Traceback (most recent call last): File ""/root/PyBC-Sec/pybcSEC/data/rq2/envs/cpython-38/lib/python3.8/site-packages/xdis/load.py"", line 328, in load_module_from_file_object co = marshal.loads(bytecode) ValueError: bad marshal data (unkn...",PycLens/data/rq2/failed_cases_decompylepp_traces/33811e4d7dff-decompylepp.command.txt,PycLens/data/rq2/failed_cases_decompylepp_traces/33811e4d7dff-decompylepp.stdout.txt,PycLens/data/rq2/failed_cases_decompylepp_traces/33811e4d7dff-decompylepp.stderr.txt
2f44e2cb9e10,decompylepp,exit_1,CreateObject: Got unsupported type 0x0 Error loading file PycLens/data/rq2/failed_cases/ya-aioclient-0.6.4-cpython-38-2f44e2cb9e10.pyc: std::bad_cast,ya-aioclient,0.6.4,ya-aioclient-0.6.4.tar.gz,tar,ya-aioclient-0.6.4/src/ya_payment/test/__pycache__/test_debit_note_received_event.cpython-38-pytest-5.4.3.pyc,ya-aioclient-0.6.4-cpython-38-2f44e2cb9e10.pyc,cpython-38,3413,True,4,pylingual_decompilable,decompyle3,exit_2,tool_exit,"decompyle3:exit_2:Traceback (most recent call last): File ""/root/PyBC-Sec/pybcSEC/data/rq2/envs/cpython-38/lib/python3.8/site-packages/xdis/load.py"", line 328, in load_module_from_file_object co = marshal.loads(bytecode) ValueError: bad marshal data (unkn...",PycLens/data/rq2/failed_cases_decompylepp_traces/2f44e2cb9e10-decompylepp.command.txt,PycLens/data/rq2/failed_cases_decompylepp_traces/2f44e2cb9e10-decompylepp.stdout.txt,PycLens/data/rq2/failed_cases_decompylepp_traces/2f44e2cb9e10-decompylepp.stderr.txt
e8f6c91c0aae,decompylepp,exit_1,CreateObject: Got unsupported type 0x0 Error loading file PycLens/data/rq2/failed_cases/ya-aioclient-0.6.4-cpython-38-e8f6c91c0aae.pyc: std::bad_cast,ya-aioclient,0.6.4,ya-aioclient-0.6.4.tar.gz,tar,ya-aioclient-0.6.4/src/ya_payment/test/__pycache__/test_debit_note_received_event_all_of.cpython-38-pytest-5.4.3.pyc,ya-aioclient-0.6.4-cpython-38-e8f6c91c0aae.pyc,cpython-38,3413,True,4,pylingual_decompilable,decompyle3,exit_2,tool_exit,"decompyle3:exit_2:Traceback (most recent call last): File ""/root/PyBC-Sec/pybcSEC/data/rq2/envs/cpython-38/lib/python3.8/site-packages/xdis/load.py"", line 328, in load_module_from_file_object co = marshal.loads(bytecode) ValueError: bad marshal data (unkn...",PycLens/data/rq2/failed_cases_decompylepp_traces/e8f6c91c0aae-decompylepp.command.txt,PycLens/data/rq2/failed_cases_decompylepp_traces/e8f6c91c0aae-decompylepp.stdout.txt,PycLens/data/rq2/failed_cases_decompylepp_traces/e8f6c91c0aae-decompylepp.stderr.txt
ec3922ee68be,decompylepp,exit_1,CreateObject: Got unsupported type 0x0 Error loading file PycLens/data/rq2/failed_cases/ya-aioclient-0.6.4-cpython-38-ec3922ee68be.pyc: std::bad_cast,ya-aioclient,0.6.4,ya-aioclient-0.6.4.tar.gz,tar,ya-aioclient-0.6.4/src/ya_payment/test/__pycache__/test_debit_note_rejected_event.cpython-38-pytest-5.4.3.pyc,ya-aioclient-0.6.4-cpython-38-ec3922ee68be.pyc,cpython-38,3413,True,4,pylingual_decompilable,decompyle3,exit_2,tool_exit,"decompyle3:exit_2:Traceback (most recent call last): File ""/root/PyBC-Sec/pybcSEC/data/rq2/envs/cpython-38/lib/python3.8/site-packages/xdis/load.py"", line 328, in load_module_from_file_object co = marshal.loads(bytecode) ValueError: bad marshal data (unkn...",PycLens/data/rq2/failed_cases_decompylepp_traces/ec3922ee68be-decompylepp.command.txt,PycLens/data/rq2/failed_cases_decompylepp_traces/ec3922ee68be-decompylepp.stdout.txt,PycLens/data/rq2/failed_cases_decompylepp_traces/ec3922ee68be-decompylepp.stderr.txt
682a78466ff3,decompylepp,exit_1,CreateObject: Got unsupported type 0x0 Error loading file PycLens/data/rq2/failed_cases/ya-aioclient-0.6.4-cpython-38-682a78466ff3.pyc: std::bad_cast,ya-aioclient,0.6.4,ya-aioclient-0.6.4.tar.gz,tar,ya-aioclient-0.6.4/src/ya_payment/test/__pycache__/test_debit_note_rejected_event_all_of.cpython-38-pytest-5.4.3.pyc,ya-aioclient-0.6.4-cpython-38-682a78466ff3.pyc,cpython-38,3413,True,4,pylingual_decompilable,decompyle3,exit_2,tool_exit,"decompyle3:exit_2:Traceback (most recent call last): File ""/root/PyBC-Sec/pybcSEC/data/rq2/envs/cpython-38/lib/python3.8/site-packages/xdis/load.py"", line 328, in load_module_from_file_object co = marshal.loads(bytecode) ValueError: bad marshal data (unkn...",PycLens/data/rq2/failed_cases_decompylepp_traces/682a78466ff3-decompylepp.command.txt,PycLens/data/rq2/failed_cases_decompylepp_traces/682a78466ff3-decompylepp.stdout.txt,PycLens/data/rq2/failed_cases_decompylepp_traces/682a78466ff3-decompylepp.stderr.txt
000213702699,decompylepp,exit_1,CreateObject: Got unsupported type 0x0 Error loading file PycLens/data/rq2/failed_cases/ya-aioclient-0.6.4-cpython-38-000213702699.pyc: std::bad_cast,ya-aioclient,0.6.4,ya-aioclient-0.6.4.tar.gz,tar,ya-aioclient-0.6.4/src/ya_payment/test/__pycache__/test_debit_note_settled_event.cpython-38-pytest-5.4.3.pyc,ya-aioclient-0.6.4-cpython-38-000213702699.pyc,cpython-38,3413,True,4,pylingual_decompilable,decompyle3,exit_2,tool_exit,"decompyle3:exit_2:Traceback (most recent call last): File ""/root/PyBC-Sec/pybcSEC/data/rq2/envs/cpython-38/lib/python3.8/site-packages/xdis/load.py"", line 328, in load_module_from_file_object co = marshal.loads(bytecode) ValueError: bad marshal data (unkn...",PycLens/data/rq2/failed_cases_decompylepp_traces/000213702699-decompylepp.command.txt,PycLens/data/rq2/failed_cases_decompylepp_traces/000213702699-decompylepp.stdout.txt,PycLens/data/rq2/failed_cases_decompylepp_traces/000213702699-decompylepp.stderr.txt
e5a79c181397,decompylepp,exit_1,CreateObject: Got unsupported type 0x0 Error loading file PycLens/data/rq2/failed_cases/ya-aioclient-0.6.4-cpython-38-e5a79c181397.pyc: std::bad_cast,ya-aioclient,0.6.4,ya-aioclient-0.6.4.tar.gz,tar,ya-aioclient-0.6.4/src/ya_payment/test/__pycache__/test_error_message.cpython-38-pytest-5.4.3.pyc,ya-aioclient-0.6.4-cpython-38-e5a79c181397.pyc,cpython-38,3413,True,4,pylingual_decompilable,decompyle3,exit_2,tool_exit,"decompyle3:exit_2:Traceback (most recent call last): File ""/root/PyBC-Sec/pybcSEC/data/rq2/envs/cpython-38/lib/python3.8/site-packages/xdis/load.py"", line 328, in load_module_from_file_object co = marshal.loads(bytecode) ValueError: bad marshal data (unkn...",PycLens/data/rq2/failed_cases_decompylepp_traces/e5a79c181397-decompylepp.command.txt,PycLens/data/rq2/failed_cases_decompylepp_traces/e5a79c181397-decompylepp.stdout.txt,PycLens/data/rq2/failed_cases_decompylepp_traces/e5a79c181397-decompylepp.stderr.txt
f88fad8c2b5c,decompylepp,exit_1,CreateObject: Got unsupported type 0x0 Error loading file PycLens/data/rq2/failed_cases/ya-aioclient-0.6.4-cpython-38-f88fad8c2b5c.pyc: std::bad_cast,ya-aioclient,0.6.4,ya-aioclient-0.6.4.tar.gz,tar,ya-aioclient-0.6.4/src/ya_payment/test/__pycache__/test_invoice.cpython-38-pytest-5.4.3.pyc,ya-aioclient-0.6.4-cpython-38-f88fad8c2b5c.pyc,cpython-38,3413,True,4,pylingual_decompilable,decompyle3,exit_2,tool_exit,"decompyle3:exit_2:Traceback (most recent call last): File ""/root/PyBC-Sec/pybcSEC/data/rq2/envs/cpython-38/lib/python3.8/site-packages/xdis/load.py"", line 328, in load_module_from_file_object co = marshal.loads(bytecode) ValueError: bad marshal data (unkn...",PycLens/data/rq2/failed_cases_decompylepp_traces/f88fad8c2b5c-decompylepp.command.txt,PycLens/data/rq2/failed_cases_decompylepp_traces/f88fad8c2b5c-decompylepp.stdout.txt,PycLens/data/rq2/failed_cases_decompylepp_traces/f88fad8c2b5c-decompylepp.stderr.txt
cd395e5c5b71,decompylepp,exit_1,CreateObject: Got unsupported type 0x0 Error loading file PycLens/data/rq2/failed_cases/ya-aioclient-0.6.4-cpython-38-cd395e5c5b71.pyc: std::bad_cast,ya-aioclient,0.6.4,ya-aioclient-0.6.4.tar.gz,tar,ya-aioclient-0.6.4/src/ya_payment/test/__pycache__/test_invoice_accepted_event.cpython-38-pytest-5.4.3.pyc,ya-aioclient-0.6.4-cpython-38-cd395e5c5b71.pyc,cpython-38,3413,True,4,pylingual_decompilable,decompyle3,exit_2,tool_exit,"decompyle3:exit_2:Traceback (most recent call last): File ""/root/PyBC-Sec/pybcSEC/data/rq2/envs/cpython-38/lib/python3.8/site-packages/xdis/load.py"", line 328, in load_module_from_file_object co = marshal.loads(bytecode) ValueError: bad marshal data (unkn...",PycLens/data/rq2/failed_cases_decompylepp_traces/cd395e5c5b71-decompylepp.command.txt,PycLens/data/rq2/failed_cases_decompylepp_traces/cd395e5c5b71-decompylepp.stdout.txt,PycLens/data/rq2/failed_cases_decompylepp_traces/cd395e5c5b71-decompylepp.stderr.txt
3e4752382474,decompylepp,exit_1,CreateObject: Got unsupported type 0x0 Error loading file PycLens/data/rq2/failed_cases/ya-aioclient-0.6.4-cpython-38-3e4752382474.pyc: std::bad_cast,ya-aioclient,0.6.4,ya-aioclient-0.6.4.tar.gz,tar,ya-aioclient-0.6.4/src/ya_payment/test/__pycache__/test_invoice_cancelled_event.cpython-38-pytest-5.4.3.pyc,ya-aioclient-0.6.4-cpython-38-3e4752382474.pyc,cpython-38,3413,True,4,pylingual_decompilable,decompyle3,exit_2,tool_exit,"decompyle3:exit_2:Traceback (most recent call last): File ""/root/PyBC-Sec/pybcSEC/data/rq2/envs/cpython-38/lib/python3.8/site-packages/xdis/load.py"", line 328, in load_module_from_file_object co = marshal.loads(bytecode) ValueError: bad marshal data (unkn...",PycLens/data/rq2/failed_cases_decompylepp_traces/3e4752382474-decompylepp.command.txt,PycLens/data/rq2/failed_cases_decompylepp_traces/3e4752382474-decompylepp.stdout.txt,PycLens/data/rq2/failed_cases_decompylepp_traces/3e4752382474-decompylepp.stderr.txt
76d5325e1bdf,decompylepp,exit_1,CreateObject: Got unsupported type 0x0 Error loading file PycLens/data/rq2/failed_cases/ya-aioclient-0.6.4-cpython-38-76d5325e1bdf.pyc: std::bad_cast,ya-aioclient,0.6.4,ya-aioclient-0.6.4.tar.gz,tar,ya-aioclient-0.6.4/src/ya_payment/test/__pycache__/test_invoice_event.cpython-38-pytest-5.4.3.pyc,ya-aioclient-0.6.4-cpython-38-76d5325e1bdf.pyc,cpython-38,3413,True,4,pylingual_decompilable,decompyle3,exit_2,tool_exit,"decompyle3:exit_2:Traceback (most recent call last): File ""/root/PyBC-Sec/pybcSEC/data/rq2/envs/cpython-38/lib/python3.8/site-packages/xdis/load.py"", line 328, in load_module_from_file_object co = marshal.loads(bytecode) ValueError: bad marshal data (unkn...",PycLens/data/rq2/failed_cases_decompylepp_traces/76d5325e1bdf-decompylepp.command.txt,PycLens/data/rq2/failed_cases_decompylepp_traces/76d5325e1bdf-decompylepp.stdout.txt,PycLens/data/rq2/failed_cases_decompylepp_traces/76d5325e1bdf-decompylepp.stderr.txt
8a3785b9e508,decompylepp,exit_1,CreateObject: Got unsupported type 0x0 Error loading file PycLens/data/rq2/failed_cases/ya-aioclient-0.6.4-cpython-38-8a3785b9e508.pyc: std::bad_cast,ya-aioclient,0.6.4,ya-aioclient-0.6.4.tar.gz,tar,ya-aioclient-0.6.4/src/ya_payment/test/__pycache__/test_invoice_failed_event.cpython-38-pytest-5.4.3.pyc,ya-aioclient-0.6.4-cpython-38-8a3785b9e508.pyc,cpython-38,3413,True,4,pylingual_decompilable,decompyle3,exit_2,tool_exit,"decompyle3:exit_2:Traceback (most recent call last): File ""/root/PyBC-Sec/pybcSEC/data/rq2/envs/cpython-38/lib/python3.8/site-packages/xdis/load.py"", line 328, in load_module_from_file_object co = marshal.loads(bytecode) ValueError: bad marshal data (unkn...",PycLens/data/rq2/failed_cases_decompylepp_traces/8a3785b9e508-decompylepp.command.txt,PycLens/data/rq2/failed_cases_decompylepp_traces/8a3785b9e508-decompylepp.stdout.txt,PycLens/data/rq2/failed_cases_decompylepp_traces/8a3785b9e508-decompylepp.stderr.txt
1cd0db3a3cab,decompylepp,exit_1,CreateObject: Got unsupported type 0x0 Error loading file PycLens/data/rq2/failed_cases/ya-aioclient-0.6.4-cpython-38-1cd0db3a3cab.pyc: std::bad_cast,ya-aioclient,0.6.4,ya-aioclient-0.6.4.tar.gz,tar,ya-aioclient-0.6.4/src/ya_payment/test/__pycache__/test_invoice_received_event.cpython-38-pytest-5.4.3.pyc,ya-aioclient-0.6.4-cpython-38-1cd0db3a3cab.pyc,cpython-38,3413,True,4,pylingual_decompilable,decompyle3,exit_2,tool_exit,"decompyle3:exit_2:Traceback (most recent call last): File ""/root/PyBC-Sec/pybcSEC/data/rq2/envs/cpython-38/lib/python3.8/site-packages/xdis/load.py"", line 328, in load_module_from_file_object co = marshal.loads(bytecode) ValueError: bad marshal data (unkn...",PycLens/data/rq2/failed_cases_decompylepp_traces/1cd0db3a3cab-decompylepp.command.txt,PycLens/data/rq2/failed_cases_decompylepp_traces/1cd0db3a3cab-decompylepp.stdout.txt,PycLens/data/rq2/failed_cases_decompylepp_traces/1cd0db3a3cab-decompylepp.stderr.txt
d8e79a8938bb,decompylepp,exit_1,CreateObject: Got unsupported type 0x0 Error loading file PycLens/data/rq2/failed_cases/ya-aioclient-0.6.4-cpython-38-d8e79a8938bb.pyc: std::bad_cast,ya-aioclient,0.6.4,ya-aioclient-0.6.4.tar.gz,tar,ya-aioclient-0.6.4/src/ya_payment/test/__pycache__/test_invoice_received_event_all_of.cpython-38-pytest-5.4.3.pyc,ya-aioclient-0.6.4-cpython-38-d8e79a8938bb.pyc,cpython-38,3413,True,4,pylingual_decompilable,decompyle3,exit_2,tool_exit,"decompyle3:exit_2:Traceback (most recent call last): File ""/root/PyBC-Sec/pybcSEC/data/rq2/envs/cpython-38/lib/python3.8/site-packages/xdis/load.py"", line 328, in load_module_from_file_object co = marshal.loads(bytecode) ValueError: bad marshal data (unkn...",PycLens/data/rq2/failed_cases_decompylepp_traces/d8e79a8938bb-decompylepp.command.txt,PycLens/data/rq2/failed_cases_decompylepp_traces/d8e79a8938bb-decompylepp.stdout.txt,PycLens/data/rq2/failed_cases_decompylepp_traces/d8e79a8938bb-decompylepp.stderr.txt
1065f1b12e8f,decompylepp,exit_1,CreateObject: Got unsupported type 0x0 Error loading file PycLens/data/rq2/failed_cases/ya-aioclient-0.6.4-cpython-38-1065f1b12e8f.pyc: std::bad_cast,ya-aioclient,0.6.4,ya-aioclient-0.6.4.tar.gz,tar,ya-aioclient-0.6.4/src/ya_payment/test/__pycache__/test_invoice_rejected_event.cpython-38-pytest-5.4.3.pyc,ya-aioclient-0.6.4-cpython-38-1065f1b12e8f.pyc,cpython-38,3413,True,4,pylingual_decompilable,decompyle3,exit_2,tool_exit,"decompyle3:exit_2:Traceback (most recent call last): File ""/root/PyBC-Sec/pybcSEC/data/rq2/envs/cpython-38/lib/python3.8/site-packages/xdis/load.py"", line 328, in load_module_from_file_object co = marshal.loads(bytecode) ValueError: bad marshal data (unkn...",PycLens/data/rq2/failed_cases_decompylepp_traces/1065f1b12e8f-decompylepp.command.txt,PycLens/data/rq2/failed_cases_decompylepp_traces/1065f1b12e8f-decompylepp.stdout.txt,PycLens/data/rq2/failed_cases_decompylepp_traces/1065f1b12e8f-decompylepp.stderr.txt
34923ee6f142,decompylepp,exit_1,CreateObject: Got unsupported type 0x0 Error loading file PycLens/data/rq2/failed_cases/ya-aioclient-0.6.4-cpython-38-34923ee6f142.pyc: std::bad_cast,ya-aioclient,0.6.4,ya-aioclient-0.6.4.tar.gz,tar,ya-aioclient-0.6.4/src/ya_payment/test/__pycache__/test_invoice_rejected_event_all_of.cpython-38-pytest-5.4.3.pyc,ya-aioclient-0.6.4-cpython-38-34923ee6f142.pyc,cpython-38,3413,True,4,pylingual_decompilable,decompyle3,exit_2,tool_exit,"decompyle3:exit_2:Traceback (most recent call last): File ""/root/PyBC-Sec/pybcSEC/data/rq2/envs/cpython-38/lib/python3.8/site-packages/xdis/load.py"", line 328, in load_module_from_file_object co = marshal.loads(bytecode) ValueError: bad marshal data (unkn...",PycLens/data/rq2/failed_cases_decompylepp_traces/34923ee6f142-decompylepp.command.txt,PycLens/data/rq2/failed_cases_decompylepp_traces/34923ee6f142-decompylepp.stdout.txt,PycLens/data/rq2/failed_cases_decompylepp_traces/34923ee6f142-decompylepp.stderr.txt
f3d516af37a1,decompylepp,exit_1,CreateObject: Got unsupported type 0x0 Error loading file PycLens/data/rq2/failed_cases/ya-aioclient-0.6.4-cpython-38-f3d516af37a1.pyc: std::bad_cast,ya-aioclient,0.6.4,ya-aioclient-0.6.4.tar.gz,tar,ya-aioclient-0.6.4/src/ya_payment/test/__pycache__/test_invoice_settled_event.cpython-38-pytest-5.4.3.pyc,ya-aioclient-0.6.4-cpython-38-f3d516af37a1.pyc,cpython-38,3413,True,4,pylingual_decompilable,decompyle3,exit_2,tool_exit,"decompyle3:exit_2:Traceback (most recent call last): File ""/root/PyBC-Sec/pybcSEC/data/rq2/envs/cpython-38/lib/python3.8/site-packages/xdis/load.py"", line 328, in load_module_from_file_object co = marshal.loads(bytecode) ValueError: bad marshal data (unkn...",PycLens/data/rq2/failed_cases_decompylepp_traces/f3d516af37a1-decompylepp.command.txt,PycLens/data/rq2/failed_cases_decompylepp_traces/f3d516af37a1-decompylepp.stdout.txt,PycLens/data/rq2/failed_cases_decompylepp_traces/f3d516af37a1-decompylepp.stderr.txt
53bc21a70545,decompylepp,exit_1,CreateObject: Got unsupported type 0x0 Error loading file PycLens/data/rq2/failed_cases/ya-aioclient-0.6.4-cpython-38-53bc21a70545.pyc: std::bad_cast,ya-aioclient,0.6.4,ya-aioclient-0.6.4.tar.gz,tar,ya-aioclient-0.6.4/src/ya_payment/test/__pycache__/test_invoice_status.cpython-38-pytest-5.4.3.pyc,ya-aioclient-0.6.4-cpython-38-53bc21a70545.pyc,cpython-38,3413,True,4,pylingual_decompilable,decompyle3,exit_2,tool_exit,"decompyle3:exit_2:Traceback (most recent call last): File ""/root/PyBC-Sec/pybcSEC/data/rq2/envs/cpython-38/lib/python3.8/site-packages/xdis/load.py"", line 328, in load_module_from_file_object co = marshal.loads(bytecode) ValueError: bad marshal data (unkn...",PycLens/data/rq2/failed_cases_decompylepp_traces/53bc21a70545-decompylepp.command.txt,PycLens/data/rq2/failed_cases_decompylepp_traces/53bc21a70545-decompylepp.stdout.txt,PycLens/data/rq2/failed_cases_decompylepp_traces/53bc21a70545-decompylepp.stderr.txt
2c3b3f0febda,decompylepp,exit_1,CreateObject: Got unsupported type 0x0 Error loading file PycLens/data/rq2/failed_cases/ya-aioclient-0.6.4-cpython-38-2c3b3f0febda.pyc: std::bad_cast,ya-aioclient,0.6.4,ya-aioclient-0.6.4.tar.gz,tar,ya-aioclient-0.6.4/src/ya_payment/test/__pycache__/test_market_decoration.cpython-38-pytest-5.4.3.pyc,ya-aioclient-0.6.4-cpython-38-2c3b3f0febda.pyc,cpython-38,3413,True,4,pylingual_decompilable,decompyle3,exit_2,tool_exit,"decompyle3:exit_2:Traceback (most recent call last): File ""/root/PyBC-Sec/pybcSEC/data/rq2/envs/cpython-38/lib/python3.8/site-packages/xdis/load.py"", line 328, in load_module_from_file_object co = marshal.loads(bytecode) ValueError: bad marshal data (unkn...",PycLens/data/rq2/failed_cases_decompylepp_traces/2c3b3f0febda-decompylepp.command.txt,PycLens/data/rq2/failed_cases_decompylepp_traces/2c3b3f0febda-decompylepp.stdout.txt,PycLens/data/rq2/failed_cases_decompylepp_traces/2c3b3f0febda-decompylepp.stderr.txt
d8fe5c508ead,decompylepp,exit_1,CreateObject: Got unsupported type 0x0 Error loading file PycLens/data/rq2/failed_cases/ya-aioclient-0.6.4-cpython-38-d8fe5c508ead.pyc: std::bad_cast,ya-aioclient,0.6.4,ya-aioclient-0.6.4.tar.gz,tar,ya-aioclient-0.6.4/src/ya_payment/test/__pycache__/test_market_property.cpython-38-pytest-5.4.3.pyc,ya-aioclient-0.6.4-cpython-38-d8fe5c508ead.pyc,cpython-38,3413,True,4,pylingual_decompilable,decompyle3,exit_2,tool_exit,"decompyle3:exit_2:Traceback (most recent call last): File ""/root/PyBC-Sec/pybcSEC/data/rq2/envs/cpython-38/lib/python3.8/site-packages/xdis/load.py"", line 328, in load_module_from_file_object co = marshal.loads(bytecode) ValueError: bad marshal data (unkn...",PycLens/data/rq2/failed_cases_decompylepp_traces/d8fe5c508ead-decompylepp.command.txt,PycLens/data/rq2/failed_cases_decompylepp_traces/d8fe5c508ead-decompylepp.stdout.txt,PycLens/data/rq2/failed_cases_decompylepp_traces/d8fe5c508ead-decompylepp.stderr.txt
baf832d547df,decompylepp,exit_1,CreateObject: Got unsupported type 0x0 Error loading file PycLens/data/rq2/failed_cases/ya-aioclient-0.6.4-cpython-38-baf832d547df.pyc: std::bad_cast,ya-aioclient,0.6.4,ya-aioclient-0.6.4.tar.gz,tar,ya-aioclient-0.6.4/src/ya_payment/test/__pycache__/test_payment.cpython-38-pytest-5.4.3.pyc,ya-aioclient-0.6.4-cpython-38-baf832d547df.pyc,cpython-38,3413,True,4,pylingual_decompilable,decompyle3,exit_2,tool_exit,"decompyle3:exit_2:Traceback (most recent call last): File ""/root/PyBC-Sec/pybcSEC/data/rq2/envs/cpython-38/lib/python3.8/site-packages/xdis/load.py"", line 328, in load_module_from_file_object co = marshal.loads(bytecode) ValueError: bad marshal data (unkn...",PycLens/data/rq2/failed_cases_decompylepp_traces/baf832d547df-decompylepp.command.txt,PycLens/data/rq2/failed_cases_decompylepp_traces/baf832d547df-decompylepp.stdout.txt,PycLens/data/rq2/failed_cases_decompylepp_traces/baf832d547df-decompylepp.stderr.txt
60ebd414b59a,decompylepp,exit_1,CreateObject: Got unsupported type 0x0 Error loading file PycLens/data/rq2/failed_cases/ya-aioclient-0.6.4-cpython-38-60ebd414b59a.pyc: std::bad_cast,ya-aioclient,0.6.4,ya-aioclient-0.6.4.tar.gz,tar,ya-aioclient-0.6.4/src/ya_payment/test/__pycache__/test_payment_received_event.cpython-38-pytest-5.4.3.pyc,ya-aioclient-0.6.4-cpython-38-60ebd414b59a.pyc,cpython-38,3413,True,4,pylingual_decompilable,decompyle3,exit_2,tool_exit,"decompyle3:exit_2:Traceback (most recent call last): File ""/root/PyBC-Sec/pybcSEC/data/rq2/envs/cpython-38/lib/python3.8/site-packages/xdis/load.py"", line 328, in load_module_from_file_object co = marshal.loads(bytecode) ValueError: bad marshal data (unkn...",PycLens/data/rq2/failed_cases_decompylepp_traces/60ebd414b59a-decompylepp.command.txt,PycLens/data/rq2/failed_cases_decompylepp_traces/60ebd414b59a-decompylepp.stdout.txt,PycLens/data/rq2/failed_cases_decompylepp_traces/60ebd414b59a-decompylepp.stderr.txt
882940e9504f,decompylepp,exit_1,CreateObject: Got unsupported type 0x0 Error loading file PycLens/data/rq2/failed_cases/ya-aioclient-0.6.4-cpython-38-882940e9504f.pyc: std::bad_cast,ya-aioclient,0.6.4,ya-aioclient-0.6.4.tar.gz,tar,ya-aioclient-0.6.4/src/ya_payment/test/__pycache__/test_payment_received_event_all_of.cpython-38-pytest-5.4.3.pyc,ya-aioclient-0.6.4-cpython-38-882940e9504f.pyc,cpython-38,3413,True,4,pylingual_decompilable,decompyle3,exit_2,tool_exit,"decompyle3:exit_2:Traceback (most recent call last): File ""/root/PyBC-Sec/pybcSEC/data/rq2/envs/cpython-38/lib/python3.8/site-packages/xdis/load.py"", line 328, in load_module_from_file_object co = marshal.loads(bytecode) ValueError: bad marshal data (unkn...",PycLens/data/rq2/failed_cases_decompylepp_traces/882940e9504f-decompylepp.command.txt,PycLens/data/rq2/failed_cases_decompylepp_traces/882940e9504f-decompylepp.stdout.txt,PycLens/data/rq2/failed_cases_decompylepp_traces/882940e9504f-decompylepp.stderr.txt
b89472d4323f,decompylepp,exit_1,CreateObject: Got unsupported type 0x0 Error loading file PycLens/data/rq2/failed_cases/ya-aioclient-0.6.4-cpython-38-b89472d4323f.pyc: std::bad_cast,ya-aioclient,0.6.4,ya-aioclient-0.6.4.tar.gz,tar,ya-aioclient-0.6.4/src/ya_payment/test/__pycache__/test_provider_api.cpython-38-pytest-5.4.3.pyc,ya-aioclient-0.6.4-cpython-38-b89472d4323f.pyc,cpython-38,3413,True,4,pylingual_decompilable,decompyle3,exit_2,tool_exit,"decompyle3:exit_2:Traceback (most recent call last): File ""/root/PyBC-Sec/pybcSEC/data/rq2/envs/cpython-38/lib/python3.8/site-packages/xdis/load.py"", line 328, in load_module_from_file_object co = marshal.loads(bytecode) ValueError: bad marshal data (unkn...",PycLens/data/rq2/failed_cases_decompylepp_traces/b89472d4323f-decompylepp.command.txt,PycLens/data/rq2/failed_cases_decompylepp_traces/b89472d4323f-decompylepp.stdout.txt,PycLens/data/rq2/failed_cases_decompylepp_traces/b89472d4323f-decompylepp.stderr.txt
5421d96d7088,decompylepp,exit_1,CreateObject: Got unsupported type 0x0 Error loading file PycLens/data/rq2/failed_cases/ya-aioclient-0.6.4-cpython-38-5421d96d7088.pyc: std::bad_cast,ya-aioclient,0.6.4,ya-aioclient-0.6.4.tar.gz,tar,ya-aioclient-0.6.4/src/ya_payment/test/__pycache__/test_rejection.cpython-38-pytest-5.4.3.pyc,ya-aioclient-0.6.4-cpython-38-5421d96d7088.pyc,cpython-38,3413,True,4,pylingual_decompilable,decompyle3,exit_2,tool_exit,"decompyle3:exit_2:Traceback (most recent call last): File ""/root/PyBC-Sec/pybcSEC/data/rq2/envs/cpython-38/lib/python3.8/site-packages/xdis/load.py"", line 328, in load_module_from_file_object co = marshal.loads(bytecode) ValueError: bad marshal data (unkn...",PycLens/data/rq2/failed_cases_decompylepp_traces/5421d96d7088-decompylepp.command.txt,PycLens/data/rq2/failed_cases_decompylepp_traces/5421d96d7088-decompylepp.stdout.txt,PycLens/data/rq2/failed_cases_decompylepp_traces/5421d96d7088-decompylepp.stderr.txt
e747ee008cab,decompylepp,exit_1,CreateObject: Got unsupported type 0x0 Error loading file PycLens/data/rq2/failed_cases/ya-aioclient-0.6.4-cpython-38-e747ee008cab.pyc: std::bad_cast,ya-aioclient,0.6.4,ya-aioclient-0.6.4.tar.gz,tar,ya-aioclient-0.6.4/src/ya_payment/test/__pycache__/test_rejection_reason.cpython-38-pytest-5.4.3.pyc,ya-aioclient-0.6.4-cpython-38-e747ee008cab.pyc,cpython-38,3413,True,4,pylingual_decompilable,decompyle3,exit_2,tool_exit,"decompyle3:exit_2:Traceback (most recent call last): File ""/root/PyBC-Sec/pybcSEC/data/rq2/envs/cpython-38/lib/python3.8/site-packages/xdis/load.py"", line 328, in load_module_from_file_object co = marshal.loads(bytecode) ValueError: bad marshal data (unkn...",PycLens/data/rq2/failed_cases_decompylepp_traces/e747ee008cab-decompylepp.command.txt,PycLens/data/rq2/failed_cases_decompylepp_traces/e747ee008cab-decompylepp.stdout.txt,PycLens/data/rq2/failed_cases_decompylepp_traces/e747ee008cab-decompylepp.stderr.txt
cef22bcb826f,decompylepp,exit_1,CreateObject: Got unsupported type 0x0 Error loading file PycLens/data/rq2/failed_cases/ya-aioclient-0.6.4-cpython-38-cef22bcb826f.pyc: std::bad_cast,ya-aioclient,0.6.4,ya-aioclient-0.6.4.tar.gz,tar,ya-aioclient-0.6.4/src/ya_payment/test/__pycache__/test_requestor_api.cpython-38-pytest-5.4.3.pyc,ya-aioclient-0.6.4-cpython-38-cef22bcb826f.pyc,cpython-38,3413,True,4,pylingual_decompilable,decompyle3,exit_2,tool_exit,"decompyle3:exit_2:Traceback (most recent call last): File ""/root/PyBC-Sec/pybcSEC/data/rq2/envs/cpython-38/lib/python3.8/site-packages/xdis/load.py"", line 328, in load_module_from_file_object co = marshal.loads(bytecode) ValueError: bad marshal data (unkn...",PycLens/data/rq2/failed_cases_decompylepp_traces/cef22bcb826f-decompylepp.command.txt,PycLens/data/rq2/failed_cases_decompylepp_traces/cef22bcb826f-decompylepp.stdout.txt,PycLens/data/rq2/failed_cases_decompylepp_traces/cef22bcb826f-decompylepp.stderr.txt
