tool,status,reason_category,reason,artifact,package,version,artifact_type,pyc_path,python_tag,magic_number,source_present,overall_level,overall_label,artifact_path
decompyle3,exit_1,tool_exit,"Traceback (most recent call last): File ""data/rq2/envs/cpython-38/bin/decompyle3"", line 8, in <module> sys.exit(main_bin()) File ""/root/PyBC-Sec/pybcSEC/data/rq2/envs/cpython-38/lib/python3.8/site-packages/click/core.py"", line 1161, in _...",aimmocore-0.1.15-py3-none-any.whl,aimmocore,0.1.15,wheel,aimmocore/core/__pycache__/storages.cpython-38.pyc,cpython-38,3413,True,4,pylingual_decompilable,data/artifacts/pypi/aimmocore/0.1.15/aimmocore-0.1.15-py3-none-any.whl
decompyle3,exit_1,tool_exit,"Traceback (most recent call last): File ""data/rq2/envs/cpython-38/bin/decompyle3"", line 8, in <module> sys.exit(main_bin()) File ""/root/PyBC-Sec/pybcSEC/data/rq2/envs/cpython-38/lib/python3.8/site-packages/click/core.py"", line 1161, in _...",aimmocore-0.1.15.tar.gz,aimmocore,0.1.15,tar,aimmocore-0.1.15/aimmocore/core/__pycache__/storages.cpython-38.pyc,cpython-38,3413,True,4,pylingual_decompilable,data/artifacts/pypi/aimmocore/0.1.15/aimmocore-0.1.15.tar.gz
decompyle3,exit_1,tool_exit,"Traceback (most recent call last): File ""data/rq2/envs/cpython-38/bin/decompyle3"", line 8, in <module> sys.exit(main_bin()) File ""/root/PyBC-Sec/pybcSEC/data/rq2/envs/cpython-38/lib/python3.8/site-packages/click/core.py"", line 1161, in _...",aioinstagrapi-1.1.21-py3-none-any.whl,aioinstagrapi,1.1.21,wheel,aioinstagrapi/mixins/__pycache__/hashtag.cpython-38.pyc,cpython-38,3413,True,4,pylingual_decompilable,data/artifacts/pypi/aioinstagrapi/1.1.21/aioinstagrapi-1.1.21-py3-none-any.whl
decompyle3,exit_1,tool_exit,"Traceback (most recent call last): File ""data/rq2/envs/cpython-38/bin/decompyle3"", line 8, in <module> sys.exit(main_bin()) File ""/root/PyBC-Sec/pybcSEC/data/rq2/envs/cpython-38/lib/python3.8/site-packages/click/core.py"", line 1161, in _...",aioinstagrapi-1.1.21.tar.gz,aioinstagrapi,1.1.21,tar,aioinstagrapi-1.1.21/aioinstagrapi/mixins/__pycache__/hashtag.cpython-38.pyc,cpython-38,3413,True,4,pylingual_decompilable,data/artifacts/pypi/aioinstagrapi/1.1.21/aioinstagrapi-1.1.21.tar.gz
marshal,error,marshal_parse_failure,marshal_failed:,apoplast-3.0.7.tar.gz,apoplast,3.0.7,tar,apoplast-3.0.7/venues/stages/apoplast/clouds/supp_NIH/nature/form/serving_size/amount/__pycache__/__init__.cpython-311.pyc,cpython-311,42946,True,4,pylingual_decompilable,data/artifacts/pypi/apoplast/3.0.7/apoplast-3.0.7.tar.gz
decompyle3,exit_2,tool_exit,/root/PyBC-Sec/pybcSEC/data/rq2/envs/cpython-311/lib/python3.11/site-packages/click/core.py:1262: UserWarning: The parameter --version is used more than once. Remove its duplicate as parameters should be unique. parser = self.make_parser...,apoplast-3.0.7.tar.gz,apoplast,3.0.7,tar,apoplast-3.0.7/venues/stages/apoplast/clouds/supp_NIH/nature/form/serving_size/amount/__pycache__/__init__.cpython-311.pyc,cpython-311,42946,True,4,pylingual_decompilable,data/artifacts/pypi/apoplast/3.0.7/apoplast-3.0.7.tar.gz
marshal,error,marshal_parse_failure,marshal_failed:,apoplast-3.0.7.tar.gz,apoplast,3.0.7,tar,apoplast-3.0.7/venues/stages/apoplast/clouds/supp_NIH/nature/form/unit/__pycache__/__init__.cpython-311.pyc,cpython-311,42946,True,4,pylingual_decompilable,data/artifacts/pypi/apoplast/3.0.7/apoplast-3.0.7.tar.gz
decompyle3,exit_2,tool_exit,/root/PyBC-Sec/pybcSEC/data/rq2/envs/cpython-311/lib/python3.11/site-packages/click/core.py:1262: UserWarning: The parameter --version is used more than once. Remove its duplicate as parameters should be unique. parser = self.make_parser...,apoplast-3.0.7.tar.gz,apoplast,3.0.7,tar,apoplast-3.0.7/venues/stages/apoplast/clouds/supp_NIH/nature/form/unit/__pycache__/__init__.cpython-311.pyc,cpython-311,42946,True,4,pylingual_decompilable,data/artifacts/pypi/apoplast/3.0.7/apoplast-3.0.7.tar.gz
marshal,error,marshal_parse_failure,marshal_failed:,apoplast-3.0.7.tar.gz,apoplast,3.0.7,tar,apoplast-3.0.7/venues/stages/apoplast/mixes/insure/__pycache__/equalities.cpython-311.pyc,cpython-311,42946,True,4,pylingual_decompilable,data/artifacts/pypi/apoplast/3.0.7/apoplast-3.0.7.tar.gz
decompyle3,exit_2,tool_exit,/root/PyBC-Sec/pybcSEC/data/rq2/envs/cpython-311/lib/python3.11/site-packages/click/core.py:1262: UserWarning: The parameter --version is used more than once. Remove its duplicate as parameters should be unique. parser = self.make_parser...,apoplast-3.0.7.tar.gz,apoplast,3.0.7,tar,apoplast-3.0.7/venues/stages/apoplast/mixes/insure/__pycache__/equalities.cpython-311.pyc,cpython-311,42946,True,4,pylingual_decompilable,data/artifacts/pypi/apoplast/3.0.7/apoplast-3.0.7.tar.gz
marshal,error,marshal_parse_failure,marshal_failed:,apoplast-3.0.7.tar.gz,apoplast,3.0.7,tar,apoplast-3.0.7/venues/stages/apoplast/mixes/insure/__pycache__/equality.cpython-311.pyc,cpython-311,42946,True,4,pylingual_decompilable,data/artifacts/pypi/apoplast/3.0.7/apoplast-3.0.7.tar.gz
decompyle3,exit_2,tool_exit,/root/PyBC-Sec/pybcSEC/data/rq2/envs/cpython-311/lib/python3.11/site-packages/click/core.py:1262: UserWarning: The parameter --version is used more than once. Remove its duplicate as parameters should be unique. parser = self.make_parser...,apoplast-3.0.7.tar.gz,apoplast,3.0.7,tar,apoplast-3.0.7/venues/stages/apoplast/mixes/insure/__pycache__/equality.cpython-311.pyc,cpython-311,42946,True,4,pylingual_decompilable,data/artifacts/pypi/apoplast/3.0.7/apoplast-3.0.7.tar.gz
marshal,error,marshal_parse_failure,marshal_failed:,apoplast-3.0.7.tar.gz,apoplast,3.0.7,tar,apoplast-3.0.7/venues/stages/apoplast/mixes/insure/__pycache__/override_print.cpython-311.pyc,cpython-311,42946,True,4,pylingual_decompilable,data/artifacts/pypi/apoplast/3.0.7/apoplast-3.0.7.tar.gz
decompyle3,exit_2,tool_exit,/root/PyBC-Sec/pybcSEC/data/rq2/envs/cpython-311/lib/python3.11/site-packages/click/core.py:1262: UserWarning: The parameter --version is used more than once. Remove its duplicate as parameters should be unique. parser = self.make_parser...,apoplast-3.0.7.tar.gz,apoplast,3.0.7,tar,apoplast-3.0.7/venues/stages/apoplast/mixes/insure/__pycache__/override_print.cpython-311.pyc,cpython-311,42946,True,4,pylingual_decompilable,data/artifacts/pypi/apoplast/3.0.7/apoplast-3.0.7.tar.gz
decompyle3,timeout,timeout,timeout_after_600s,astromorphlib-1.0.13.tar.gz,astromorphlib,1.0.13,tar,astromorphlib-1.0.13/stat_lib/__pycache__/__init__.cpython-38.pyc,cpython-38,3413,True,4,pylingual_decompilable,data/artifacts/pypi/astromorphlib/1.0.13/astromorphlib-1.0.13.tar.gz
decompyle3,timeout,timeout,timeout_after_600s,astromorphlib-1.0.13-py3-none-any.whl,astromorphlib,1.0.13,wheel,stat_lib/__pycache__/__init__.cpython-38.pyc,cpython-38,3413,True,4,pylingual_decompilable,data/artifacts/pypi/astromorphlib/1.0.13/astromorphlib-1.0.13-py3-none-any.whl
marshal,error,marshal_parse_failure,marshal_failed:,biotech-1.1.10.tar.gz,biotech,1.1.10,tar,biotech-1.1.10/venues/stages/biotech/procedures/aggregator_procedure/process/keg/spaces/__pycache__/done_with_path.cpython-310.pyc,cpython-310,3439,False,4,pylingual_decompilable,data/artifacts/pypi/biotech/1.1.10/biotech-1.1.10.tar.gz
decompyle3,exit_2,tool_exit,/root/PyBC-Sec/pybcSEC/data/rq2/envs/cpython-310/lib/python3.10/site-packages/click/core.py:1262: UserWarning: The parameter --version is used more than once. Remove its duplicate as parameters should be unique. parser = self.make_parser...,biotech-1.1.10.tar.gz,biotech,1.1.10,tar,biotech-1.1.10/venues/stages/biotech/procedures/aggregator_procedure/process/keg/spaces/__pycache__/done_with_path.cpython-310.pyc,cpython-310,3439,False,4,pylingual_decompilable,data/artifacts/pypi/biotech/1.1.10/biotech-1.1.10.tar.gz
decompyle3,exit_1,tool_exit,"Traceback (most recent call last): File ""data/rq2/envs/cpython-38/bin/decompyle3"", line 8, in <module> sys.exit(main_bin()) File ""/root/PyBC-Sec/pybcSEC/data/rq2/envs/cpython-38/lib/python3.8/site-packages/click/core.py"", line 1161, in _...",assignment-autograder-3.7.6.tar.gz,assignment-autograder,3.7.6,tar,assignment-autograder-3.7.6/autograder/testcase_utils/__pycache__/shell.cpython-38.pyc,cpython-38,3413,True,4,pylingual_decompilable,data/artifacts/pypi/assignment-autograder/3.7.6/assignment-autograder-3.7.6.tar.gz
decompyle3,exit_1,tool_exit,"Traceback (most recent call last): File ""data/rq2/envs/cpython-38/bin/decompyle3"", line 8, in <module> sys.exit(main_bin()) File ""/root/PyBC-Sec/pybcSEC/data/rq2/envs/cpython-38/lib/python3.8/site-packages/click/core.py"", line 1161, in _...",autograder-3.7.7.tar.gz,autograder,3.7.7,tar,autograder-3.7.7/autograder/testcase_utils/__pycache__/shell.cpython-38.pyc,cpython-38,3413,True,4,pylingual_decompilable,data/artifacts/pypi/autograder/3.7.7/autograder-3.7.7.tar.gz
marshal,error,marshal_parse_failure,"marshal_failed:offset16:ValueError:bad marshal data (unknown type code),offset12:ValueError:bad marshal data (unknown type code),offset8:ValueError:bad marshal data (unknown type code)",clustcrdist-0.1.5-py2.py3-none-any.whl,clustcrdist,0.1.5,wheel,clustcrdist/constants/modules/olga/__pycache__/__init__.cpython-39.pyc,cpython-39,3425,True,4,pylingual_decompilable,data/artifacts/pypi/clustcrdist/0.1.5/clustcrdist-0.1.5-py2.py3-none-any.whl
decompyle3,exit_2,tool_exit,"Traceback (most recent call last): File ""/root/PyBC-Sec/pybcSEC/data/rq2/envs/cpython-39/lib/python3.9/site-packages/xdis/load.py"", line 328, in load_module_from_file_object co = marshal.loads(bytecode) ValueError: bad marshal data (unkn...",clustcrdist-0.1.5-py2.py3-none-any.whl,clustcrdist,0.1.5,wheel,clustcrdist/constants/modules/olga/__pycache__/__init__.cpython-39.pyc,cpython-39,3425,True,4,pylingual_decompilable,data/artifacts/pypi/clustcrdist/0.1.5/clustcrdist-0.1.5-py2.py3-none-any.whl
marshal,error,marshal_parse_failure,"marshal_failed:offset16:EOFError:marshal data too short,offset12:ValueError:bad marshal data (unknown type code),offset8:ValueError:bad marshal data (unknown type code)",clustcrdist-0.1.5-py2.py3-none-any.whl,clustcrdist,0.1.5,wheel,clustcrdist/constants/modules/olga/__pycache__/generation_probability.cpython-39.pyc,cpython-39,3425,True,4,pylingual_decompilable,data/artifacts/pypi/clustcrdist/0.1.5/clustcrdist-0.1.5-py2.py3-none-any.whl
decompyle3,exit_2,tool_exit,"Traceback (most recent call last): File ""/root/PyBC-Sec/pybcSEC/data/rq2/envs/cpython-39/lib/python3.9/site-packages/xdis/load.py"", line 328, in load_module_from_file_object co = marshal.loads(bytecode) EOFError: marshal data too short",clustcrdist-0.1.5-py2.py3-none-any.whl,clustcrdist,0.1.5,wheel,clustcrdist/constants/modules/olga/__pycache__/generation_probability.cpython-39.pyc,cpython-39,3425,True,4,pylingual_decompilable,data/artifacts/pypi/clustcrdist/0.1.5/clustcrdist-0.1.5-py2.py3-none-any.whl
marshal,error,marshal_parse_failure,"marshal_failed:offset16:ValueError:bad marshal data (unknown type code),offset12:ValueError:bad marshal data (list size out of range),offset8:ValueError:bad marshal data (unknown type code)",clustcrdist-0.1.5-py2.py3-none-any.whl,clustcrdist,0.1.5,wheel,clustcrdist/constants/modules/olga/__pycache__/load_model.cpython-39.pyc,cpython-39,3425,True,4,pylingual_decompilable,data/artifacts/pypi/clustcrdist/0.1.5/clustcrdist-0.1.5-py2.py3-none-any.whl
decompyle3,exit_2,tool_exit,"Traceback (most recent call last): File ""/root/PyBC-Sec/pybcSEC/data/rq2/envs/cpython-39/lib/python3.9/site-packages/xdis/load.py"", line 328, in load_module_from_file_object co = marshal.loads(bytecode) ValueError: bad marshal data (unkn...",clustcrdist-0.1.5-py2.py3-none-any.whl,clustcrdist,0.1.5,wheel,clustcrdist/constants/modules/olga/__pycache__/load_model.cpython-39.pyc,cpython-39,3425,True,4,pylingual_decompilable,data/artifacts/pypi/clustcrdist/0.1.5/clustcrdist-0.1.5-py2.py3-none-any.whl
marshal,error,marshal_parse_failure,"marshal_failed:offset16:EOFError:marshal data too short,offset12:ValueError:bad marshal data (unknown type code),offset8:ValueError:bad marshal data (unknown type code)",clustcrdist-0.1.5-py2.py3-none-any.whl,clustcrdist,0.1.5,wheel,clustcrdist/constants/modules/olga/__pycache__/preprocess_generative_model_and_data.cpython-39.pyc,cpython-39,3425,True,4,pylingual_decompilable,data/artifacts/pypi/clustcrdist/0.1.5/clustcrdist-0.1.5-py2.py3-none-any.whl
decompyle3,exit_2,tool_exit,"Traceback (most recent call last): File ""/root/PyBC-Sec/pybcSEC/data/rq2/envs/cpython-39/lib/python3.9/site-packages/xdis/load.py"", line 328, in load_module_from_file_object co = marshal.loads(bytecode) EOFError: marshal data too short",clustcrdist-0.1.5-py2.py3-none-any.whl,clustcrdist,0.1.5,wheel,clustcrdist/constants/modules/olga/__pycache__/preprocess_generative_model_and_data.cpython-39.pyc,cpython-39,3425,True,4,pylingual_decompilable,data/artifacts/pypi/clustcrdist/0.1.5/clustcrdist-0.1.5-py2.py3-none-any.whl
marshal,error,marshal_parse_failure,"marshal_failed:offset16:ValueError:bad marshal data (unknown type code),offset12:ValueError:bad marshal data (unknown type code),offset8:ValueError:bad marshal data (unknown type code)",clustcrdist-0.1.5-py2.py3-none-any.whl,clustcrdist,0.1.5,wheel,clustcrdist/constants/modules/olga/__pycache__/sequence_generation.cpython-39.pyc,cpython-39,3425,True,4,pylingual_decompilable,data/artifacts/pypi/clustcrdist/0.1.5/clustcrdist-0.1.5-py2.py3-none-any.whl
decompyle3,exit_2,tool_exit,"Traceback (most recent call last): File ""/root/PyBC-Sec/pybcSEC/data/rq2/envs/cpython-39/lib/python3.9/site-packages/xdis/load.py"", line 328, in load_module_from_file_object co = marshal.loads(bytecode) ValueError: bad marshal data (unkn...",clustcrdist-0.1.5-py2.py3-none-any.whl,clustcrdist,0.1.5,wheel,clustcrdist/constants/modules/olga/__pycache__/sequence_generation.cpython-39.pyc,cpython-39,3425,True,4,pylingual_decompilable,data/artifacts/pypi/clustcrdist/0.1.5/clustcrdist-0.1.5-py2.py3-none-any.whl
marshal,error,marshal_parse_failure,"marshal_failed:offset16:ValueError:bad marshal data (digit out of range in long),offset12:ValueError:bad marshal data (unknown type code),offset8:ValueError:bad marshal data (unknown type code)",clustcrdist-0.1.5-py2.py3-none-any.whl,clustcrdist,0.1.5,wheel,clustcrdist/constants/modules/olga/__pycache__/utils.cpython-39.pyc,cpython-39,3425,True,4,pylingual_decompilable,data/artifacts/pypi/clustcrdist/0.1.5/clustcrdist-0.1.5-py2.py3-none-any.whl
decompyle3,exit_2,tool_exit,"Traceback (most recent call last): File ""/root/PyBC-Sec/pybcSEC/data/rq2/envs/cpython-39/lib/python3.9/site-packages/xdis/load.py"", line 328, in load_module_from_file_object co = marshal.loads(bytecode) ValueError: bad marshal data (digi...",clustcrdist-0.1.5-py2.py3-none-any.whl,clustcrdist,0.1.5,wheel,clustcrdist/constants/modules/olga/__pycache__/utils.cpython-39.pyc,cpython-39,3425,True,4,pylingual_decompilable,data/artifacts/pypi/clustcrdist/0.1.5/clustcrdist-0.1.5-py2.py3-none-any.whl
marshal,error,marshal_parse_failure,"marshal_failed:offset16:ValueError:bad marshal data (unknown type code),offset12:ValueError:bad marshal data (unknown type code),offset8:ValueError:bad marshal data (unknown type code)",clustcrdist-0.1.5-py2.py3-none-any.whl,clustcrdist,0.1.5,wheel,clustcrdist/constants/modules/tcrdist/__pycache__/__init__.cpython-39.pyc,cpython-39,3425,True,4,pylingual_decompilable,data/artifacts/pypi/clustcrdist/0.1.5/clustcrdist-0.1.5-py2.py3-none-any.whl
decompyle3,exit_2,tool_exit,"Traceback (most recent call last): File ""/root/PyBC-Sec/pybcSEC/data/rq2/envs/cpython-39/lib/python3.9/site-packages/xdis/load.py"", line 328, in load_module_from_file_object co = marshal.loads(bytecode) ValueError: bad marshal data (unkn...",clustcrdist-0.1.5-py2.py3-none-any.whl,clustcrdist,0.1.5,wheel,clustcrdist/constants/modules/tcrdist/__pycache__/__init__.cpython-39.pyc,cpython-39,3425,True,4,pylingual_decompilable,data/artifacts/pypi/clustcrdist/0.1.5/clustcrdist-0.1.5-py2.py3-none-any.whl
marshal,error,marshal_parse_failure,"marshal_failed:offset16:ValueError:bad marshal data (unknown type code),offset12:ValueError:bad marshal data (unknown type code),offset8:ValueError:bad marshal data (unknown type code)",clustcrdist-0.1.5-py2.py3-none-any.whl,clustcrdist,0.1.5,wheel,clustcrdist/constants/modules/tcrdist/__pycache__/all_genes.cpython-39.pyc,cpython-39,3425,True,4,pylingual_decompilable,data/artifacts/pypi/clustcrdist/0.1.5/clustcrdist-0.1.5-py2.py3-none-any.whl
decompyle3,exit_2,tool_exit,"Traceback (most recent call last): File ""/root/PyBC-Sec/pybcSEC/data/rq2/envs/cpython-39/lib/python3.9/site-packages/xdis/load.py"", line 328, in load_module_from_file_object co = marshal.loads(bytecode) ValueError: bad marshal data (unkn...",clustcrdist-0.1.5-py2.py3-none-any.whl,clustcrdist,0.1.5,wheel,clustcrdist/constants/modules/tcrdist/__pycache__/all_genes.cpython-39.pyc,cpython-39,3425,True,4,pylingual_decompilable,data/artifacts/pypi/clustcrdist/0.1.5/clustcrdist-0.1.5-py2.py3-none-any.whl
marshal,error,marshal_parse_failure,"marshal_failed:offset16:ValueError:bad marshal data (unknown type code),offset12:ValueError:bad marshal data (unknown type code),offset8:ValueError:bad marshal data (unknown type code)",clustcrdist-0.1.5-py2.py3-none-any.whl,clustcrdist,0.1.5,wheel,clustcrdist/constants/modules/tcrdist/__pycache__/amino_acids.cpython-39.pyc,cpython-39,3425,True,4,pylingual_decompilable,data/artifacts/pypi/clustcrdist/0.1.5/clustcrdist-0.1.5-py2.py3-none-any.whl
decompyle3,exit_2,tool_exit,"Traceback (most recent call last): File ""/root/PyBC-Sec/pybcSEC/data/rq2/envs/cpython-39/lib/python3.9/site-packages/xdis/load.py"", line 328, in load_module_from_file_object co = marshal.loads(bytecode) ValueError: bad marshal data (unkn...",clustcrdist-0.1.5-py2.py3-none-any.whl,clustcrdist,0.1.5,wheel,clustcrdist/constants/modules/tcrdist/__pycache__/amino_acids.cpython-39.pyc,cpython-39,3425,True,4,pylingual_decompilable,data/artifacts/pypi/clustcrdist/0.1.5/clustcrdist-0.1.5-py2.py3-none-any.whl
marshal,error,marshal_parse_failure,"marshal_failed:offset16:ValueError:bad marshal data (unknown type code),offset12:ValueError:bad marshal data (unknown type code),offset8:ValueError:bad marshal data (unknown type code)",clustcrdist-0.1.5-py2.py3-none-any.whl,clustcrdist,0.1.5,wheel,clustcrdist/constants/modules/tcrdist/__pycache__/basic.cpython-39.pyc,cpython-39,3425,True,4,pylingual_decompilable,data/artifacts/pypi/clustcrdist/0.1.5/clustcrdist-0.1.5-py2.py3-none-any.whl
decompyle3,exit_2,tool_exit,"Traceback (most recent call last): File ""/root/PyBC-Sec/pybcSEC/data/rq2/envs/cpython-39/lib/python3.9/site-packages/xdis/load.py"", line 328, in load_module_from_file_object co = marshal.loads(bytecode) ValueError: bad marshal data (unkn...",clustcrdist-0.1.5-py2.py3-none-any.whl,clustcrdist,0.1.5,wheel,clustcrdist/constants/modules/tcrdist/__pycache__/basic.cpython-39.pyc,cpython-39,3425,True,4,pylingual_decompilable,data/artifacts/pypi/clustcrdist/0.1.5/clustcrdist-0.1.5-py2.py3-none-any.whl
marshal,error,marshal_parse_failure,"marshal_failed:offset16:ValueError:bad marshal data (unknown type code),offset12:ValueError:bad marshal data (unknown type code),offset8:ValueError:bad marshal data (unknown type code)",clustcrdist-0.1.5-py2.py3-none-any.whl,clustcrdist,0.1.5,wheel,clustcrdist/constants/modules/tcrdist/__pycache__/genetic_code.cpython-39.pyc,cpython-39,3425,True,4,pylingual_decompilable,data/artifacts/pypi/clustcrdist/0.1.5/clustcrdist-0.1.5-py2.py3-none-any.whl
decompyle3,exit_2,tool_exit,"Traceback (most recent call last): File ""/root/PyBC-Sec/pybcSEC/data/rq2/envs/cpython-39/lib/python3.9/site-packages/xdis/load.py"", line 328, in load_module_from_file_object co = marshal.loads(bytecode) ValueError: bad marshal data (unkn...",clustcrdist-0.1.5-py2.py3-none-any.whl,clustcrdist,0.1.5,wheel,clustcrdist/constants/modules/tcrdist/__pycache__/genetic_code.cpython-39.pyc,cpython-39,3425,True,4,pylingual_decompilable,data/artifacts/pypi/clustcrdist/0.1.5/clustcrdist-0.1.5-py2.py3-none-any.whl
marshal,error,marshal_parse_failure,"marshal_failed:offset16:ValueError:bad marshal data (invalid reference),offset12:ValueError:bad marshal data (unknown type code),offset8:ValueError:bad marshal data (unknown type code)",clustcrdist-0.1.5-py2.py3-none-any.whl,clustcrdist,0.1.5,wheel,clustcrdist/constants/modules/tcrdist/__pycache__/html_colors.cpython-39.pyc,cpython-39,3425,True,4,pylingual_decompilable,data/artifacts/pypi/clustcrdist/0.1.5/clustcrdist-0.1.5-py2.py3-none-any.whl
decompyle3,exit_2,tool_exit,"Traceback (most recent call last): File ""/root/PyBC-Sec/pybcSEC/data/rq2/envs/cpython-39/lib/python3.9/site-packages/xdis/load.py"", line 328, in load_module_from_file_object co = marshal.loads(bytecode) ValueError: bad marshal data (inva...",clustcrdist-0.1.5-py2.py3-none-any.whl,clustcrdist,0.1.5,wheel,clustcrdist/constants/modules/tcrdist/__pycache__/html_colors.cpython-39.pyc,cpython-39,3425,True,4,pylingual_decompilable,data/artifacts/pypi/clustcrdist/0.1.5/clustcrdist-0.1.5-py2.py3-none-any.whl
marshal,error,marshal_parse_failure,"marshal_failed:offset16:ValueError:bad marshal data (unknown type code),offset12:ValueError:bad marshal data (unknown type code),offset8:ValueError:bad marshal data (unknown type code)",clustcrdist-0.1.5-py2.py3-none-any.whl,clustcrdist,0.1.5,wheel,clustcrdist/constants/modules/tcrdist/__pycache__/infer_cdr3_nucleotides.cpython-39.pyc,cpython-39,3425,True,4,pylingual_decompilable,data/artifacts/pypi/clustcrdist/0.1.5/clustcrdist-0.1.5-py2.py3-none-any.whl
decompyle3,exit_2,tool_exit,"Traceback (most recent call last): File ""/root/PyBC-Sec/pybcSEC/data/rq2/envs/cpython-39/lib/python3.9/site-packages/xdis/load.py"", line 328, in load_module_from_file_object co = marshal.loads(bytecode) ValueError: bad marshal data (unkn...",clustcrdist-0.1.5-py2.py3-none-any.whl,clustcrdist,0.1.5,wheel,clustcrdist/constants/modules/tcrdist/__pycache__/infer_cdr3_nucleotides.cpython-39.pyc,cpython-39,3425,True,4,pylingual_decompilable,data/artifacts/pypi/clustcrdist/0.1.5/clustcrdist-0.1.5-py2.py3-none-any.whl
marshal,error,marshal_parse_failure,"marshal_failed:offset16:ValueError:bad marshal data (digit out of range in long),offset12:ValueError:bad marshal data (unknown type code),offset8:ValueError:bad marshal data (unknown type code)",clustcrdist-0.1.5-py2.py3-none-any.whl,clustcrdist,0.1.5,wheel,clustcrdist/constants/modules/tcrdist/__pycache__/logo_tools.cpython-39.pyc,cpython-39,3425,True,4,pylingual_decompilable,data/artifacts/pypi/clustcrdist/0.1.5/clustcrdist-0.1.5-py2.py3-none-any.whl
decompyle3,exit_2,tool_exit,"Traceback (most recent call last): File ""/root/PyBC-Sec/pybcSEC/data/rq2/envs/cpython-39/lib/python3.9/site-packages/xdis/load.py"", line 328, in load_module_from_file_object co = marshal.loads(bytecode) ValueError: bad marshal data (digi...",clustcrdist-0.1.5-py2.py3-none-any.whl,clustcrdist,0.1.5,wheel,clustcrdist/constants/modules/tcrdist/__pycache__/logo_tools.cpython-39.pyc,cpython-39,3425,True,4,pylingual_decompilable,data/artifacts/pypi/clustcrdist/0.1.5/clustcrdist-0.1.5-py2.py3-none-any.whl
marshal,error,marshal_parse_failure,"marshal_failed:offset16:ValueError:bad marshal data (digit out of range in long),offset12:ValueError:bad marshal data (unknown type code),offset8:ValueError:bad marshal data (unknown type code)",clustcrdist-0.1.5-py2.py3-none-any.whl,clustcrdist,0.1.5,wheel,clustcrdist/constants/modules/tcrdist/__pycache__/make_10x_clones_file.cpython-39.pyc,cpython-39,3425,True,4,pylingual_decompilable,data/artifacts/pypi/clustcrdist/0.1.5/clustcrdist-0.1.5-py2.py3-none-any.whl
decompyle3,exit_2,tool_exit,"Traceback (most recent call last): File ""/root/PyBC-Sec/pybcSEC/data/rq2/envs/cpython-39/lib/python3.9/site-packages/xdis/load.py"", line 328, in load_module_from_file_object co = marshal.loads(bytecode) ValueError: bad marshal data (digi...",clustcrdist-0.1.5-py2.py3-none-any.whl,clustcrdist,0.1.5,wheel,clustcrdist/constants/modules/tcrdist/__pycache__/make_10x_clones_file.cpython-39.pyc,cpython-39,3425,True,4,pylingual_decompilable,data/artifacts/pypi/clustcrdist/0.1.5/clustcrdist-0.1.5-py2.py3-none-any.whl
marshal,error,marshal_parse_failure,"marshal_failed:offset16:ValueError:bad marshal data (unknown type code),offset12:ValueError:bad marshal data (unknown type code),offset8:ValueError:bad marshal data (unknown type code)",clustcrdist-0.1.5-py2.py3-none-any.whl,clustcrdist,0.1.5,wheel,clustcrdist/constants/modules/tcrdist/__pycache__/make_really_tall_trees.cpython-39.pyc,cpython-39,3425,True,4,pylingual_decompilable,data/artifacts/pypi/clustcrdist/0.1.5/clustcrdist-0.1.5-py2.py3-none-any.whl
decompyle3,exit_2,tool_exit,"Traceback (most recent call last): File ""/root/PyBC-Sec/pybcSEC/data/rq2/envs/cpython-39/lib/python3.9/site-packages/xdis/load.py"", line 328, in load_module_from_file_object co = marshal.loads(bytecode) ValueError: bad marshal data (unkn...",clustcrdist-0.1.5-py2.py3-none-any.whl,clustcrdist,0.1.5,wheel,clustcrdist/constants/modules/tcrdist/__pycache__/make_really_tall_trees.cpython-39.pyc,cpython-39,3425,True,4,pylingual_decompilable,data/artifacts/pypi/clustcrdist/0.1.5/clustcrdist-0.1.5-py2.py3-none-any.whl
marshal,error,marshal_parse_failure,"marshal_failed:offset16:ValueError:bad marshal data (unknown type code),offset12:ValueError:bad marshal data (unknown type code),offset8:ValueError:bad marshal data (unknown type code)",clustcrdist-0.1.5-py2.py3-none-any.whl,clustcrdist,0.1.5,wheel,clustcrdist/constants/modules/tcrdist/__pycache__/make_tcr_logo.cpython-39.pyc,cpython-39,3425,True,4,pylingual_decompilable,data/artifacts/pypi/clustcrdist/0.1.5/clustcrdist-0.1.5-py2.py3-none-any.whl
decompyle3,exit_2,tool_exit,"Traceback (most recent call last): File ""/root/PyBC-Sec/pybcSEC/data/rq2/envs/cpython-39/lib/python3.9/site-packages/xdis/load.py"", line 328, in load_module_from_file_object co = marshal.loads(bytecode) ValueError: bad marshal data (unkn...",clustcrdist-0.1.5-py2.py3-none-any.whl,clustcrdist,0.1.5,wheel,clustcrdist/constants/modules/tcrdist/__pycache__/make_tcr_logo.cpython-39.pyc,cpython-39,3425,True,4,pylingual_decompilable,data/artifacts/pypi/clustcrdist/0.1.5/clustcrdist-0.1.5-py2.py3-none-any.whl
marshal,error,marshal_parse_failure,"marshal_failed:offset16:ValueError:bad marshal data (unknown type code),offset12:not_code,offset8:ValueError:bad marshal data (unknown type code)",clustcrdist-0.1.5-py2.py3-none-any.whl,clustcrdist,0.1.5,wheel,clustcrdist/constants/modules/tcrdist/__pycache__/make_tcr_trees.cpython-39.pyc,cpython-39,3425,True,4,pylingual_decompilable,data/artifacts/pypi/clustcrdist/0.1.5/clustcrdist-0.1.5-py2.py3-none-any.whl
decompyle3,exit_2,tool_exit,"Traceback (most recent call last): File ""/root/PyBC-Sec/pybcSEC/data/rq2/envs/cpython-39/lib/python3.9/site-packages/xdis/load.py"", line 328, in load_module_from_file_object co = marshal.loads(bytecode) ValueError: bad marshal data (unkn...",clustcrdist-0.1.5-py2.py3-none-any.whl,clustcrdist,0.1.5,wheel,clustcrdist/constants/modules/tcrdist/__pycache__/make_tcr_trees.cpython-39.pyc,cpython-39,3425,True,4,pylingual_decompilable,data/artifacts/pypi/clustcrdist/0.1.5/clustcrdist-0.1.5-py2.py3-none-any.whl
marshal,error,marshal_parse_failure,"marshal_failed:offset16:ValueError:bad marshal data (unknown type code),offset12:ValueError:bad marshal data (unknown type code),offset8:ValueError:bad marshal data (unknown type code)",clustcrdist-0.1.5-py2.py3-none-any.whl,clustcrdist,0.1.5,wheel,clustcrdist/constants/modules/tcrdist/__pycache__/score_trees_devel.cpython-39.pyc,cpython-39,3425,True,4,pylingual_decompilable,data/artifacts/pypi/clustcrdist/0.1.5/clustcrdist-0.1.5-py2.py3-none-any.whl
decompyle3,exit_2,tool_exit,"Traceback (most recent call last): File ""/root/PyBC-Sec/pybcSEC/data/rq2/envs/cpython-39/lib/python3.9/site-packages/xdis/load.py"", line 328, in load_module_from_file_object co = marshal.loads(bytecode) ValueError: bad marshal data (unkn...",clustcrdist-0.1.5-py2.py3-none-any.whl,clustcrdist,0.1.5,wheel,clustcrdist/constants/modules/tcrdist/__pycache__/score_trees_devel.cpython-39.pyc,cpython-39,3425,True,4,pylingual_decompilable,data/artifacts/pypi/clustcrdist/0.1.5/clustcrdist-0.1.5-py2.py3-none-any.whl
marshal,error,marshal_parse_failure,"marshal_failed:offset16:ValueError:bad marshal data (unknown type code),offset12:ValueError:bad marshal data (unknown type code),offset8:ValueError:bad marshal data (unknown type code)",clustcrdist-0.1.5-py2.py3-none-any.whl,clustcrdist,0.1.5,wheel,clustcrdist/constants/modules/tcrdist/__pycache__/tcr_distances.cpython-39.pyc,cpython-39,3425,True,4,pylingual_decompilable,data/artifacts/pypi/clustcrdist/0.1.5/clustcrdist-0.1.5-py2.py3-none-any.whl
decompyle3,exit_2,tool_exit,"Traceback (most recent call last): File ""/root/PyBC-Sec/pybcSEC/data/rq2/envs/cpython-39/lib/python3.9/site-packages/xdis/load.py"", line 328, in load_module_from_file_object co = marshal.loads(bytecode) ValueError: bad marshal data (unkn...",clustcrdist-0.1.5-py2.py3-none-any.whl,clustcrdist,0.1.5,wheel,clustcrdist/constants/modules/tcrdist/__pycache__/tcr_distances.cpython-39.pyc,cpython-39,3425,True,4,pylingual_decompilable,data/artifacts/pypi/clustcrdist/0.1.5/clustcrdist-0.1.5-py2.py3-none-any.whl
marshal,error,marshal_parse_failure,"marshal_failed:offset16:EOFError:marshal data too short,offset12:ValueError:bad marshal data (unknown type code),offset8:ValueError:bad marshal data (unknown type code)",clustcrdist-0.1.5-py2.py3-none-any.whl,clustcrdist,0.1.5,wheel,clustcrdist/constants/modules/tcrdist/__pycache__/tcr_distances_blosum.cpython-39.pyc,cpython-39,3425,True,4,pylingual_decompilable,data/artifacts/pypi/clustcrdist/0.1.5/clustcrdist-0.1.5-py2.py3-none-any.whl
decompyle3,exit_2,tool_exit,"Traceback (most recent call last): File ""/root/PyBC-Sec/pybcSEC/data/rq2/envs/cpython-39/lib/python3.9/site-packages/xdis/load.py"", line 328, in load_module_from_file_object co = marshal.loads(bytecode) EOFError: marshal data too short",clustcrdist-0.1.5-py2.py3-none-any.whl,clustcrdist,0.1.5,wheel,clustcrdist/constants/modules/tcrdist/__pycache__/tcr_distances_blosum.cpython-39.pyc,cpython-39,3425,True,4,pylingual_decompilable,data/artifacts/pypi/clustcrdist/0.1.5/clustcrdist-0.1.5-py2.py3-none-any.whl
marshal,error,marshal_parse_failure,"marshal_failed:offset16:ValueError:bad marshal data (unknown type code),offset12:ValueError:bad marshal data (unknown type code),offset8:not_code",clustcrdist-0.1.5-py2.py3-none-any.whl,clustcrdist,0.1.5,wheel,clustcrdist/constants/modules/tcrdist/__pycache__/tcr_sampler.cpython-39.pyc,cpython-39,3425,True,4,pylingual_decompilable,data/artifacts/pypi/clustcrdist/0.1.5/clustcrdist-0.1.5-py2.py3-none-any.whl
decompyle3,exit_2,tool_exit,"Traceback (most recent call last): File ""/root/PyBC-Sec/pybcSEC/data/rq2/envs/cpython-39/lib/python3.9/site-packages/xdis/load.py"", line 328, in load_module_from_file_object co = marshal.loads(bytecode) ValueError: bad marshal data (unkn...",clustcrdist-0.1.5-py2.py3-none-any.whl,clustcrdist,0.1.5,wheel,clustcrdist/constants/modules/tcrdist/__pycache__/tcr_sampler.cpython-39.pyc,cpython-39,3425,True,4,pylingual_decompilable,data/artifacts/pypi/clustcrdist/0.1.5/clustcrdist-0.1.5-py2.py3-none-any.whl
marshal,error,marshal_parse_failure,"marshal_failed:offset16:SystemError:Objects/codeobject.c:141: bad argument to internal function,offset12:ValueError:bad marshal data (unknown type code),offset8:ValueError:bad marshal data (unknown type code)",clustcrdist-0.1.5-py2.py3-none-any.whl,clustcrdist,0.1.5,wheel,clustcrdist/constants/modules/tcrdist/__pycache__/tcrdist_svg_basic.cpython-39.pyc,cpython-39,3425,True,4,pylingual_decompilable,data/artifacts/pypi/clustcrdist/0.1.5/clustcrdist-0.1.5-py2.py3-none-any.whl
decompyle3,exit_2,tool_exit,"Traceback (most recent call last): File ""/root/PyBC-Sec/pybcSEC/data/rq2/envs/cpython-39/lib/python3.9/site-packages/xdis/load.py"", line 328, in load_module_from_file_object co = marshal.loads(bytecode) SystemError: Objects/codeobject.c:...",clustcrdist-0.1.5-py2.py3-none-any.whl,clustcrdist,0.1.5,wheel,clustcrdist/constants/modules/tcrdist/__pycache__/tcrdist_svg_basic.cpython-39.pyc,cpython-39,3425,True,4,pylingual_decompilable,data/artifacts/pypi/clustcrdist/0.1.5/clustcrdist-0.1.5-py2.py3-none-any.whl
marshal,error,marshal_parse_failure,"marshal_failed:offset16:ValueError:bad marshal data (unknown type code),offset12:ValueError:bad marshal data (unknown type code),offset8:ValueError:bad marshal data (unknown type code)",clustcrdist-0.1.5-py2.py3-none-any.whl,clustcrdist,0.1.5,wheel,clustcrdist/constants/modules/tcrdist/__pycache__/translation.cpython-39.pyc,cpython-39,3425,True,4,pylingual_decompilable,data/artifacts/pypi/clustcrdist/0.1.5/clustcrdist-0.1.5-py2.py3-none-any.whl
decompyle3,exit_2,tool_exit,"Traceback (most recent call last): File ""/root/PyBC-Sec/pybcSEC/data/rq2/envs/cpython-39/lib/python3.9/site-packages/xdis/load.py"", line 328, in load_module_from_file_object co = marshal.loads(bytecode) ValueError: bad marshal data (unkn...",clustcrdist-0.1.5-py2.py3-none-any.whl,clustcrdist,0.1.5,wheel,clustcrdist/constants/modules/tcrdist/__pycache__/translation.cpython-39.pyc,cpython-39,3425,True,4,pylingual_decompilable,data/artifacts/pypi/clustcrdist/0.1.5/clustcrdist-0.1.5-py2.py3-none-any.whl
marshal,error,marshal_parse_failure,"marshal_failed:offset16:EOFError:marshal data too short,offset12:ValueError:bad marshal data (unknown type code),offset8:ValueError:bad marshal data (unknown type code)",clustcrdist-0.1.5-py2.py3-none-any.whl,clustcrdist,0.1.5,wheel,clustcrdist/constants/modules/tcrdist/__pycache__/util.cpython-39.pyc,cpython-39,3425,True,4,pylingual_decompilable,data/artifacts/pypi/clustcrdist/0.1.5/clustcrdist-0.1.5-py2.py3-none-any.whl
decompyle3,exit_2,tool_exit,"Traceback (most recent call last): File ""/root/PyBC-Sec/pybcSEC/data/rq2/envs/cpython-39/lib/python3.9/site-packages/xdis/load.py"", line 328, in load_module_from_file_object co = marshal.loads(bytecode) EOFError: marshal data too short",clustcrdist-0.1.5-py2.py3-none-any.whl,clustcrdist,0.1.5,wheel,clustcrdist/constants/modules/tcrdist/__pycache__/util.cpython-39.pyc,cpython-39,3425,True,4,pylingual_decompilable,data/artifacts/pypi/clustcrdist/0.1.5/clustcrdist-0.1.5-py2.py3-none-any.whl
marshal,error,marshal_parse_failure,"marshal_failed:offset16:ValueError:bad marshal data (unknown type code),offset12:ValueError:bad marshal data (unknown type code),offset8:ValueError:bad marshal data (unknown type code)",clustcrdist-0.1.5.tar.gz,clustcrdist,0.1.5,tar,clustcrdist-0.1.5/clustcrdist/constants/modules/olga/__pycache__/__init__.cpython-39.pyc,cpython-39,3425,True,4,pylingual_decompilable,data/artifacts/pypi/clustcrdist/0.1.5/clustcrdist-0.1.5.tar.gz
decompyle3,exit_2,tool_exit,"Traceback (most recent call last): File ""/root/PyBC-Sec/pybcSEC/data/rq2/envs/cpython-39/lib/python3.9/site-packages/xdis/load.py"", line 328, in load_module_from_file_object co = marshal.loads(bytecode) ValueError: bad marshal data (unkn...",clustcrdist-0.1.5.tar.gz,clustcrdist,0.1.5,tar,clustcrdist-0.1.5/clustcrdist/constants/modules/olga/__pycache__/__init__.cpython-39.pyc,cpython-39,3425,True,4,pylingual_decompilable,data/artifacts/pypi/clustcrdist/0.1.5/clustcrdist-0.1.5.tar.gz
marshal,error,marshal_parse_failure,"marshal_failed:offset16:EOFError:marshal data too short,offset12:ValueError:bad marshal data (unknown type code),offset8:ValueError:bad marshal data (unknown type code)",clustcrdist-0.1.5.tar.gz,clustcrdist,0.1.5,tar,clustcrdist-0.1.5/clustcrdist/constants/modules/olga/__pycache__/generation_probability.cpython-39.pyc,cpython-39,3425,True,4,pylingual_decompilable,data/artifacts/pypi/clustcrdist/0.1.5/clustcrdist-0.1.5.tar.gz
decompyle3,exit_2,tool_exit,"Traceback (most recent call last): File ""/root/PyBC-Sec/pybcSEC/data/rq2/envs/cpython-39/lib/python3.9/site-packages/xdis/load.py"", line 328, in load_module_from_file_object co = marshal.loads(bytecode) EOFError: marshal data too short",clustcrdist-0.1.5.tar.gz,clustcrdist,0.1.5,tar,clustcrdist-0.1.5/clustcrdist/constants/modules/olga/__pycache__/generation_probability.cpython-39.pyc,cpython-39,3425,True,4,pylingual_decompilable,data/artifacts/pypi/clustcrdist/0.1.5/clustcrdist-0.1.5.tar.gz
marshal,error,marshal_parse_failure,"marshal_failed:offset16:ValueError:bad marshal data (unknown type code),offset12:ValueError:bad marshal data (list size out of range),offset8:ValueError:bad marshal data (unknown type code)",clustcrdist-0.1.5.tar.gz,clustcrdist,0.1.5,tar,clustcrdist-0.1.5/clustcrdist/constants/modules/olga/__pycache__/load_model.cpython-39.pyc,cpython-39,3425,True,4,pylingual_decompilable,data/artifacts/pypi/clustcrdist/0.1.5/clustcrdist-0.1.5.tar.gz
decompyle3,exit_2,tool_exit,"Traceback (most recent call last): File ""/root/PyBC-Sec/pybcSEC/data/rq2/envs/cpython-39/lib/python3.9/site-packages/xdis/load.py"", line 328, in load_module_from_file_object co = marshal.loads(bytecode) ValueError: bad marshal data (unkn...",clustcrdist-0.1.5.tar.gz,clustcrdist,0.1.5,tar,clustcrdist-0.1.5/clustcrdist/constants/modules/olga/__pycache__/load_model.cpython-39.pyc,cpython-39,3425,True,4,pylingual_decompilable,data/artifacts/pypi/clustcrdist/0.1.5/clustcrdist-0.1.5.tar.gz
marshal,error,marshal_parse_failure,"marshal_failed:offset16:EOFError:marshal data too short,offset12:ValueError:bad marshal data (unknown type code),offset8:ValueError:bad marshal data (unknown type code)",clustcrdist-0.1.5.tar.gz,clustcrdist,0.1.5,tar,clustcrdist-0.1.5/clustcrdist/constants/modules/olga/__pycache__/preprocess_generative_model_and_data.cpython-39.pyc,cpython-39,3425,True,4,pylingual_decompilable,data/artifacts/pypi/clustcrdist/0.1.5/clustcrdist-0.1.5.tar.gz
decompyle3,exit_2,tool_exit,"Traceback (most recent call last): File ""/root/PyBC-Sec/pybcSEC/data/rq2/envs/cpython-39/lib/python3.9/site-packages/xdis/load.py"", line 328, in load_module_from_file_object co = marshal.loads(bytecode) EOFError: marshal data too short",clustcrdist-0.1.5.tar.gz,clustcrdist,0.1.5,tar,clustcrdist-0.1.5/clustcrdist/constants/modules/olga/__pycache__/preprocess_generative_model_and_data.cpython-39.pyc,cpython-39,3425,True,4,pylingual_decompilable,data/artifacts/pypi/clustcrdist/0.1.5/clustcrdist-0.1.5.tar.gz
marshal,error,marshal_parse_failure,"marshal_failed:offset16:ValueError:bad marshal data (unknown type code),offset12:ValueError:bad marshal data (unknown type code),offset8:ValueError:bad marshal data (unknown type code)",clustcrdist-0.1.5.tar.gz,clustcrdist,0.1.5,tar,clustcrdist-0.1.5/clustcrdist/constants/modules/olga/__pycache__/sequence_generation.cpython-39.pyc,cpython-39,3425,True,4,pylingual_decompilable,data/artifacts/pypi/clustcrdist/0.1.5/clustcrdist-0.1.5.tar.gz
decompyle3,exit_2,tool_exit,"Traceback (most recent call last): File ""/root/PyBC-Sec/pybcSEC/data/rq2/envs/cpython-39/lib/python3.9/site-packages/xdis/load.py"", line 328, in load_module_from_file_object co = marshal.loads(bytecode) ValueError: bad marshal data (unkn...",clustcrdist-0.1.5.tar.gz,clustcrdist,0.1.5,tar,clustcrdist-0.1.5/clustcrdist/constants/modules/olga/__pycache__/sequence_generation.cpython-39.pyc,cpython-39,3425,True,4,pylingual_decompilable,data/artifacts/pypi/clustcrdist/0.1.5/clustcrdist-0.1.5.tar.gz
marshal,error,marshal_parse_failure,"marshal_failed:offset16:ValueError:bad marshal data (digit out of range in long),offset12:ValueError:bad marshal data (unknown type code),offset8:ValueError:bad marshal data (unknown type code)",clustcrdist-0.1.5.tar.gz,clustcrdist,0.1.5,tar,clustcrdist-0.1.5/clustcrdist/constants/modules/olga/__pycache__/utils.cpython-39.pyc,cpython-39,3425,True,4,pylingual_decompilable,data/artifacts/pypi/clustcrdist/0.1.5/clustcrdist-0.1.5.tar.gz
decompyle3,exit_2,tool_exit,"Traceback (most recent call last): File ""/root/PyBC-Sec/pybcSEC/data/rq2/envs/cpython-39/lib/python3.9/site-packages/xdis/load.py"", line 328, in load_module_from_file_object co = marshal.loads(bytecode) ValueError: bad marshal data (digi...",clustcrdist-0.1.5.tar.gz,clustcrdist,0.1.5,tar,clustcrdist-0.1.5/clustcrdist/constants/modules/olga/__pycache__/utils.cpython-39.pyc,cpython-39,3425,True,4,pylingual_decompilable,data/artifacts/pypi/clustcrdist/0.1.5/clustcrdist-0.1.5.tar.gz
marshal,error,marshal_parse_failure,"marshal_failed:offset16:ValueError:bad marshal data (unknown type code),offset12:ValueError:bad marshal data (unknown type code),offset8:ValueError:bad marshal data (unknown type code)",clustcrdist-0.1.5.tar.gz,clustcrdist,0.1.5,tar,clustcrdist-0.1.5/clustcrdist/constants/modules/tcrdist/__pycache__/__init__.cpython-39.pyc,cpython-39,3425,True,4,pylingual_decompilable,data/artifacts/pypi/clustcrdist/0.1.5/clustcrdist-0.1.5.tar.gz
decompyle3,exit_2,tool_exit,"Traceback (most recent call last): File ""/root/PyBC-Sec/pybcSEC/data/rq2/envs/cpython-39/lib/python3.9/site-packages/xdis/load.py"", line 328, in load_module_from_file_object co = marshal.loads(bytecode) ValueError: bad marshal data (unkn...",clustcrdist-0.1.5.tar.gz,clustcrdist,0.1.5,tar,clustcrdist-0.1.5/clustcrdist/constants/modules/tcrdist/__pycache__/__init__.cpython-39.pyc,cpython-39,3425,True,4,pylingual_decompilable,data/artifacts/pypi/clustcrdist/0.1.5/clustcrdist-0.1.5.tar.gz
marshal,error,marshal_parse_failure,"marshal_failed:offset16:ValueError:bad marshal data (unknown type code),offset12:ValueError:bad marshal data (unknown type code),offset8:ValueError:bad marshal data (unknown type code)",clustcrdist-0.1.5.tar.gz,clustcrdist,0.1.5,tar,clustcrdist-0.1.5/clustcrdist/constants/modules/tcrdist/__pycache__/all_genes.cpython-39.pyc,cpython-39,3425,True,4,pylingual_decompilable,data/artifacts/pypi/clustcrdist/0.1.5/clustcrdist-0.1.5.tar.gz
decompyle3,exit_2,tool_exit,"Traceback (most recent call last): File ""/root/PyBC-Sec/pybcSEC/data/rq2/envs/cpython-39/lib/python3.9/site-packages/xdis/load.py"", line 328, in load_module_from_file_object co = marshal.loads(bytecode) ValueError: bad marshal data (unkn...",clustcrdist-0.1.5.tar.gz,clustcrdist,0.1.5,tar,clustcrdist-0.1.5/clustcrdist/constants/modules/tcrdist/__pycache__/all_genes.cpython-39.pyc,cpython-39,3425,True,4,pylingual_decompilable,data/artifacts/pypi/clustcrdist/0.1.5/clustcrdist-0.1.5.tar.gz
marshal,error,marshal_parse_failure,"marshal_failed:offset16:ValueError:bad marshal data (unknown type code),offset12:ValueError:bad marshal data (unknown type code),offset8:ValueError:bad marshal data (unknown type code)",clustcrdist-0.1.5.tar.gz,clustcrdist,0.1.5,tar,clustcrdist-0.1.5/clustcrdist/constants/modules/tcrdist/__pycache__/amino_acids.cpython-39.pyc,cpython-39,3425,True,4,pylingual_decompilable,data/artifacts/pypi/clustcrdist/0.1.5/clustcrdist-0.1.5.tar.gz
decompyle3,exit_2,tool_exit,"Traceback (most recent call last): File ""/root/PyBC-Sec/pybcSEC/data/rq2/envs/cpython-39/lib/python3.9/site-packages/xdis/load.py"", line 328, in load_module_from_file_object co = marshal.loads(bytecode) ValueError: bad marshal data (unkn...",clustcrdist-0.1.5.tar.gz,clustcrdist,0.1.5,tar,clustcrdist-0.1.5/clustcrdist/constants/modules/tcrdist/__pycache__/amino_acids.cpython-39.pyc,cpython-39,3425,True,4,pylingual_decompilable,data/artifacts/pypi/clustcrdist/0.1.5/clustcrdist-0.1.5.tar.gz
marshal,error,marshal_parse_failure,"marshal_failed:offset16:ValueError:bad marshal data (unknown type code),offset12:ValueError:bad marshal data (unknown type code),offset8:ValueError:bad marshal data (unknown type code)",clustcrdist-0.1.5.tar.gz,clustcrdist,0.1.5,tar,clustcrdist-0.1.5/clustcrdist/constants/modules/tcrdist/__pycache__/basic.cpython-39.pyc,cpython-39,3425,True,4,pylingual_decompilable,data/artifacts/pypi/clustcrdist/0.1.5/clustcrdist-0.1.5.tar.gz
decompyle3,exit_2,tool_exit,"Traceback (most recent call last): File ""/root/PyBC-Sec/pybcSEC/data/rq2/envs/cpython-39/lib/python3.9/site-packages/xdis/load.py"", line 328, in load_module_from_file_object co = marshal.loads(bytecode) ValueError: bad marshal data (unkn...",clustcrdist-0.1.5.tar.gz,clustcrdist,0.1.5,tar,clustcrdist-0.1.5/clustcrdist/constants/modules/tcrdist/__pycache__/basic.cpython-39.pyc,cpython-39,3425,True,4,pylingual_decompilable,data/artifacts/pypi/clustcrdist/0.1.5/clustcrdist-0.1.5.tar.gz
marshal,error,marshal_parse_failure,"marshal_failed:offset16:ValueError:bad marshal data (unknown type code),offset12:ValueError:bad marshal data (unknown type code),offset8:ValueError:bad marshal data (unknown type code)",clustcrdist-0.1.5.tar.gz,clustcrdist,0.1.5,tar,clustcrdist-0.1.5/clustcrdist/constants/modules/tcrdist/__pycache__/genetic_code.cpython-39.pyc,cpython-39,3425,True,4,pylingual_decompilable,data/artifacts/pypi/clustcrdist/0.1.5/clustcrdist-0.1.5.tar.gz
decompyle3,exit_2,tool_exit,"Traceback (most recent call last): File ""/root/PyBC-Sec/pybcSEC/data/rq2/envs/cpython-39/lib/python3.9/site-packages/xdis/load.py"", line 328, in load_module_from_file_object co = marshal.loads(bytecode) ValueError: bad marshal data (unkn...",clustcrdist-0.1.5.tar.gz,clustcrdist,0.1.5,tar,clustcrdist-0.1.5/clustcrdist/constants/modules/tcrdist/__pycache__/genetic_code.cpython-39.pyc,cpython-39,3425,True,4,pylingual_decompilable,data/artifacts/pypi/clustcrdist/0.1.5/clustcrdist-0.1.5.tar.gz
marshal,error,marshal_parse_failure,"marshal_failed:offset16:ValueError:bad marshal data (invalid reference),offset12:ValueError:bad marshal data (unknown type code),offset8:ValueError:bad marshal data (unknown type code)",clustcrdist-0.1.5.tar.gz,clustcrdist,0.1.5,tar,clustcrdist-0.1.5/clustcrdist/constants/modules/tcrdist/__pycache__/html_colors.cpython-39.pyc,cpython-39,3425,True,4,pylingual_decompilable,data/artifacts/pypi/clustcrdist/0.1.5/clustcrdist-0.1.5.tar.gz
decompyle3,exit_2,tool_exit,"Traceback (most recent call last): File ""/root/PyBC-Sec/pybcSEC/data/rq2/envs/cpython-39/lib/python3.9/site-packages/xdis/load.py"", line 328, in load_module_from_file_object co = marshal.loads(bytecode) ValueError: bad marshal data (inva...",clustcrdist-0.1.5.tar.gz,clustcrdist,0.1.5,tar,clustcrdist-0.1.5/clustcrdist/constants/modules/tcrdist/__pycache__/html_colors.cpython-39.pyc,cpython-39,3425,True,4,pylingual_decompilable,data/artifacts/pypi/clustcrdist/0.1.5/clustcrdist-0.1.5.tar.gz
marshal,error,marshal_parse_failure,"marshal_failed:offset16:ValueError:bad marshal data (unknown type code),offset12:ValueError:bad marshal data (unknown type code),offset8:ValueError:bad marshal data (unknown type code)",clustcrdist-0.1.5.tar.gz,clustcrdist,0.1.5,tar,clustcrdist-0.1.5/clustcrdist/constants/modules/tcrdist/__pycache__/infer_cdr3_nucleotides.cpython-39.pyc,cpython-39,3425,True,4,pylingual_decompilable,data/artifacts/pypi/clustcrdist/0.1.5/clustcrdist-0.1.5.tar.gz
decompyle3,exit_2,tool_exit,"Traceback (most recent call last): File ""/root/PyBC-Sec/pybcSEC/data/rq2/envs/cpython-39/lib/python3.9/site-packages/xdis/load.py"", line 328, in load_module_from_file_object co = marshal.loads(bytecode) ValueError: bad marshal data (unkn...",clustcrdist-0.1.5.tar.gz,clustcrdist,0.1.5,tar,clustcrdist-0.1.5/clustcrdist/constants/modules/tcrdist/__pycache__/infer_cdr3_nucleotides.cpython-39.pyc,cpython-39,3425,True,4,pylingual_decompilable,data/artifacts/pypi/clustcrdist/0.1.5/clustcrdist-0.1.5.tar.gz
marshal,error,marshal_parse_failure,"marshal_failed:offset16:ValueError:bad marshal data (digit out of range in long),offset12:ValueError:bad marshal data (unknown type code),offset8:ValueError:bad marshal data (unknown type code)",clustcrdist-0.1.5.tar.gz,clustcrdist,0.1.5,tar,clustcrdist-0.1.5/clustcrdist/constants/modules/tcrdist/__pycache__/logo_tools.cpython-39.pyc,cpython-39,3425,True,4,pylingual_decompilable,data/artifacts/pypi/clustcrdist/0.1.5/clustcrdist-0.1.5.tar.gz
decompyle3,exit_2,tool_exit,"Traceback (most recent call last): File ""/root/PyBC-Sec/pybcSEC/data/rq2/envs/cpython-39/lib/python3.9/site-packages/xdis/load.py"", line 328, in load_module_from_file_object co = marshal.loads(bytecode) ValueError: bad marshal data (digi...",clustcrdist-0.1.5.tar.gz,clustcrdist,0.1.5,tar,clustcrdist-0.1.5/clustcrdist/constants/modules/tcrdist/__pycache__/logo_tools.cpython-39.pyc,cpython-39,3425,True,4,pylingual_decompilable,data/artifacts/pypi/clustcrdist/0.1.5/clustcrdist-0.1.5.tar.gz
marshal,error,marshal_parse_failure,"marshal_failed:offset16:ValueError:bad marshal data (digit out of range in long),offset12:ValueError:bad marshal data (unknown type code),offset8:ValueError:bad marshal data (unknown type code)",clustcrdist-0.1.5.tar.gz,clustcrdist,0.1.5,tar,clustcrdist-0.1.5/clustcrdist/constants/modules/tcrdist/__pycache__/make_10x_clones_file.cpython-39.pyc,cpython-39,3425,True,4,pylingual_decompilable,data/artifacts/pypi/clustcrdist/0.1.5/clustcrdist-0.1.5.tar.gz
decompyle3,exit_2,tool_exit,"Traceback (most recent call last): File ""/root/PyBC-Sec/pybcSEC/data/rq2/envs/cpython-39/lib/python3.9/site-packages/xdis/load.py"", line 328, in load_module_from_file_object co = marshal.loads(bytecode) ValueError: bad marshal data (digi...",clustcrdist-0.1.5.tar.gz,clustcrdist,0.1.5,tar,clustcrdist-0.1.5/clustcrdist/constants/modules/tcrdist/__pycache__/make_10x_clones_file.cpython-39.pyc,cpython-39,3425,True,4,pylingual_decompilable,data/artifacts/pypi/clustcrdist/0.1.5/clustcrdist-0.1.5.tar.gz
marshal,error,marshal_parse_failure,"marshal_failed:offset16:ValueError:bad marshal data (unknown type code),offset12:ValueError:bad marshal data (unknown type code),offset8:ValueError:bad marshal data (unknown type code)",clustcrdist-0.1.5.tar.gz,clustcrdist,0.1.5,tar,clustcrdist-0.1.5/clustcrdist/constants/modules/tcrdist/__pycache__/make_really_tall_trees.cpython-39.pyc,cpython-39,3425,True,4,pylingual_decompilable,data/artifacts/pypi/clustcrdist/0.1.5/clustcrdist-0.1.5.tar.gz
decompyle3,exit_2,tool_exit,"Traceback (most recent call last): File ""/root/PyBC-Sec/pybcSEC/data/rq2/envs/cpython-39/lib/python3.9/site-packages/xdis/load.py"", line 328, in load_module_from_file_object co = marshal.loads(bytecode) ValueError: bad marshal data (unkn...",clustcrdist-0.1.5.tar.gz,clustcrdist,0.1.5,tar,clustcrdist-0.1.5/clustcrdist/constants/modules/tcrdist/__pycache__/make_really_tall_trees.cpython-39.pyc,cpython-39,3425,True,4,pylingual_decompilable,data/artifacts/pypi/clustcrdist/0.1.5/clustcrdist-0.1.5.tar.gz
marshal,error,marshal_parse_failure,"marshal_failed:offset16:ValueError:bad marshal data (unknown type code),offset12:ValueError:bad marshal data (unknown type code),offset8:ValueError:bad marshal data (unknown type code)",clustcrdist-0.1.5.tar.gz,clustcrdist,0.1.5,tar,clustcrdist-0.1.5/clustcrdist/constants/modules/tcrdist/__pycache__/make_tcr_logo.cpython-39.pyc,cpython-39,3425,True,4,pylingual_decompilable,data/artifacts/pypi/clustcrdist/0.1.5/clustcrdist-0.1.5.tar.gz
decompyle3,exit_2,tool_exit,"Traceback (most recent call last): File ""/root/PyBC-Sec/pybcSEC/data/rq2/envs/cpython-39/lib/python3.9/site-packages/xdis/load.py"", line 328, in load_module_from_file_object co = marshal.loads(bytecode) ValueError: bad marshal data (unkn...",clustcrdist-0.1.5.tar.gz,clustcrdist,0.1.5,tar,clustcrdist-0.1.5/clustcrdist/constants/modules/tcrdist/__pycache__/make_tcr_logo.cpython-39.pyc,cpython-39,3425,True,4,pylingual_decompilable,data/artifacts/pypi/clustcrdist/0.1.5/clustcrdist-0.1.5.tar.gz
marshal,error,marshal_parse_failure,"marshal_failed:offset16:ValueError:bad marshal data (unknown type code),offset12:not_code,offset8:ValueError:bad marshal data (unknown type code)",clustcrdist-0.1.5.tar.gz,clustcrdist,0.1.5,tar,clustcrdist-0.1.5/clustcrdist/constants/modules/tcrdist/__pycache__/make_tcr_trees.cpython-39.pyc,cpython-39,3425,True,4,pylingual_decompilable,data/artifacts/pypi/clustcrdist/0.1.5/clustcrdist-0.1.5.tar.gz
decompyle3,exit_2,tool_exit,"Traceback (most recent call last): File ""/root/PyBC-Sec/pybcSEC/data/rq2/envs/cpython-39/lib/python3.9/site-packages/xdis/load.py"", line 328, in load_module_from_file_object co = marshal.loads(bytecode) ValueError: bad marshal data (unkn...",clustcrdist-0.1.5.tar.gz,clustcrdist,0.1.5,tar,clustcrdist-0.1.5/clustcrdist/constants/modules/tcrdist/__pycache__/make_tcr_trees.cpython-39.pyc,cpython-39,3425,True,4,pylingual_decompilable,data/artifacts/pypi/clustcrdist/0.1.5/clustcrdist-0.1.5.tar.gz
marshal,error,marshal_parse_failure,"marshal_failed:offset16:ValueError:bad marshal data (unknown type code),offset12:ValueError:bad marshal data (unknown type code),offset8:ValueError:bad marshal data (unknown type code)",clustcrdist-0.1.5.tar.gz,clustcrdist,0.1.5,tar,clustcrdist-0.1.5/clustcrdist/constants/modules/tcrdist/__pycache__/score_trees_devel.cpython-39.pyc,cpython-39,3425,True,4,pylingual_decompilable,data/artifacts/pypi/clustcrdist/0.1.5/clustcrdist-0.1.5.tar.gz
decompyle3,exit_2,tool_exit,"Traceback (most recent call last): File ""/root/PyBC-Sec/pybcSEC/data/rq2/envs/cpython-39/lib/python3.9/site-packages/xdis/load.py"", line 328, in load_module_from_file_object co = marshal.loads(bytecode) ValueError: bad marshal data (unkn...",clustcrdist-0.1.5.tar.gz,clustcrdist,0.1.5,tar,clustcrdist-0.1.5/clustcrdist/constants/modules/tcrdist/__pycache__/score_trees_devel.cpython-39.pyc,cpython-39,3425,True,4,pylingual_decompilable,data/artifacts/pypi/clustcrdist/0.1.5/clustcrdist-0.1.5.tar.gz
marshal,error,marshal_parse_failure,"marshal_failed:offset16:ValueError:bad marshal data (unknown type code),offset12:ValueError:bad marshal data (unknown type code),offset8:ValueError:bad marshal data (unknown type code)",clustcrdist-0.1.5.tar.gz,clustcrdist,0.1.5,tar,clustcrdist-0.1.5/clustcrdist/constants/modules/tcrdist/__pycache__/tcr_distances.cpython-39.pyc,cpython-39,3425,True,4,pylingual_decompilable,data/artifacts/pypi/clustcrdist/0.1.5/clustcrdist-0.1.5.tar.gz
decompyle3,exit_2,tool_exit,"Traceback (most recent call last): File ""/root/PyBC-Sec/pybcSEC/data/rq2/envs/cpython-39/lib/python3.9/site-packages/xdis/load.py"", line 328, in load_module_from_file_object co = marshal.loads(bytecode) ValueError: bad marshal data (unkn...",clustcrdist-0.1.5.tar.gz,clustcrdist,0.1.5,tar,clustcrdist-0.1.5/clustcrdist/constants/modules/tcrdist/__pycache__/tcr_distances.cpython-39.pyc,cpython-39,3425,True,4,pylingual_decompilable,data/artifacts/pypi/clustcrdist/0.1.5/clustcrdist-0.1.5.tar.gz
marshal,error,marshal_parse_failure,"marshal_failed:offset16:EOFError:marshal data too short,offset12:ValueError:bad marshal data (unknown type code),offset8:ValueError:bad marshal data (unknown type code)",clustcrdist-0.1.5.tar.gz,clustcrdist,0.1.5,tar,clustcrdist-0.1.5/clustcrdist/constants/modules/tcrdist/__pycache__/tcr_distances_blosum.cpython-39.pyc,cpython-39,3425,True,4,pylingual_decompilable,data/artifacts/pypi/clustcrdist/0.1.5/clustcrdist-0.1.5.tar.gz
decompyle3,exit_2,tool_exit,"Traceback (most recent call last): File ""/root/PyBC-Sec/pybcSEC/data/rq2/envs/cpython-39/lib/python3.9/site-packages/xdis/load.py"", line 328, in load_module_from_file_object co = marshal.loads(bytecode) EOFError: marshal data too short",clustcrdist-0.1.5.tar.gz,clustcrdist,0.1.5,tar,clustcrdist-0.1.5/clustcrdist/constants/modules/tcrdist/__pycache__/tcr_distances_blosum.cpython-39.pyc,cpython-39,3425,True,4,pylingual_decompilable,data/artifacts/pypi/clustcrdist/0.1.5/clustcrdist-0.1.5.tar.gz
marshal,error,marshal_parse_failure,"marshal_failed:offset16:ValueError:bad marshal data (unknown type code),offset12:ValueError:bad marshal data (unknown type code),offset8:not_code",clustcrdist-0.1.5.tar.gz,clustcrdist,0.1.5,tar,clustcrdist-0.1.5/clustcrdist/constants/modules/tcrdist/__pycache__/tcr_sampler.cpython-39.pyc,cpython-39,3425,True,4,pylingual_decompilable,data/artifacts/pypi/clustcrdist/0.1.5/clustcrdist-0.1.5.tar.gz
decompyle3,exit_2,tool_exit,"Traceback (most recent call last): File ""/root/PyBC-Sec/pybcSEC/data/rq2/envs/cpython-39/lib/python3.9/site-packages/xdis/load.py"", line 328, in load_module_from_file_object co = marshal.loads(bytecode) ValueError: bad marshal data (unkn...",clustcrdist-0.1.5.tar.gz,clustcrdist,0.1.5,tar,clustcrdist-0.1.5/clustcrdist/constants/modules/tcrdist/__pycache__/tcr_sampler.cpython-39.pyc,cpython-39,3425,True,4,pylingual_decompilable,data/artifacts/pypi/clustcrdist/0.1.5/clustcrdist-0.1.5.tar.gz
marshal,error,marshal_parse_failure,"marshal_failed:offset16:SystemError:Objects/codeobject.c:141: bad argument to internal function,offset12:ValueError:bad marshal data (unknown type code),offset8:ValueError:bad marshal data (unknown type code)",clustcrdist-0.1.5.tar.gz,clustcrdist,0.1.5,tar,clustcrdist-0.1.5/clustcrdist/constants/modules/tcrdist/__pycache__/tcrdist_svg_basic.cpython-39.pyc,cpython-39,3425,True,4,pylingual_decompilable,data/artifacts/pypi/clustcrdist/0.1.5/clustcrdist-0.1.5.tar.gz
decompyle3,exit_2,tool_exit,"Traceback (most recent call last): File ""/root/PyBC-Sec/pybcSEC/data/rq2/envs/cpython-39/lib/python3.9/site-packages/xdis/load.py"", line 328, in load_module_from_file_object co = marshal.loads(bytecode) SystemError: Objects/codeobject.c:...",clustcrdist-0.1.5.tar.gz,clustcrdist,0.1.5,tar,clustcrdist-0.1.5/clustcrdist/constants/modules/tcrdist/__pycache__/tcrdist_svg_basic.cpython-39.pyc,cpython-39,3425,True,4,pylingual_decompilable,data/artifacts/pypi/clustcrdist/0.1.5/clustcrdist-0.1.5.tar.gz
marshal,error,marshal_parse_failure,"marshal_failed:offset16:ValueError:bad marshal data (unknown type code),offset12:ValueError:bad marshal data (unknown type code),offset8:ValueError:bad marshal data (unknown type code)",clustcrdist-0.1.5.tar.gz,clustcrdist,0.1.5,tar,clustcrdist-0.1.5/clustcrdist/constants/modules/tcrdist/__pycache__/translation.cpython-39.pyc,cpython-39,3425,True,4,pylingual_decompilable,data/artifacts/pypi/clustcrdist/0.1.5/clustcrdist-0.1.5.tar.gz
decompyle3,exit_2,tool_exit,"Traceback (most recent call last): File ""/root/PyBC-Sec/pybcSEC/data/rq2/envs/cpython-39/lib/python3.9/site-packages/xdis/load.py"", line 328, in load_module_from_file_object co = marshal.loads(bytecode) ValueError: bad marshal data (unkn...",clustcrdist-0.1.5.tar.gz,clustcrdist,0.1.5,tar,clustcrdist-0.1.5/clustcrdist/constants/modules/tcrdist/__pycache__/translation.cpython-39.pyc,cpython-39,3425,True,4,pylingual_decompilable,data/artifacts/pypi/clustcrdist/0.1.5/clustcrdist-0.1.5.tar.gz
marshal,error,marshal_parse_failure,"marshal_failed:offset16:EOFError:marshal data too short,offset12:ValueError:bad marshal data (unknown type code),offset8:ValueError:bad marshal data (unknown type code)",clustcrdist-0.1.5.tar.gz,clustcrdist,0.1.5,tar,clustcrdist-0.1.5/clustcrdist/constants/modules/tcrdist/__pycache__/util.cpython-39.pyc,cpython-39,3425,True,4,pylingual_decompilable,data/artifacts/pypi/clustcrdist/0.1.5/clustcrdist-0.1.5.tar.gz
decompyle3,exit_2,tool_exit,"Traceback (most recent call last): File ""/root/PyBC-Sec/pybcSEC/data/rq2/envs/cpython-39/lib/python3.9/site-packages/xdis/load.py"", line 328, in load_module_from_file_object co = marshal.loads(bytecode) EOFError: marshal data too short",clustcrdist-0.1.5.tar.gz,clustcrdist,0.1.5,tar,clustcrdist-0.1.5/clustcrdist/constants/modules/tcrdist/__pycache__/util.cpython-39.pyc,cpython-39,3425,True,4,pylingual_decompilable,data/artifacts/pypi/clustcrdist/0.1.5/clustcrdist-0.1.5.tar.gz
decompyle3,timeout,timeout,timeout_after_600s,cbapi-patched-1.7.5.linux-x86_64.tar.gz,cbapi-patched,1.7.5,tar,home/fsantos/opt/pyenv/versions/hunts/lib/python3.8/site-packages/cbapi/__pycache__/winerror.cpython-38.pyc,cpython-38,3413,True,4,pylingual_decompilable,data/artifacts/pypi/cbapi-patched/1.7.5/cbapi-patched-1.7.5.linux-x86_64.tar.gz
marshal,error,marshal_parse_failure,"marshal_failed:offset16:ValueError:bad marshal data (unknown type code),offset12:not_code,offset8:ValueError:bad marshal data (unknown type code)",causal_test_again-0.1.67.tar.gz,causal-test-again,0.1.67,tar,causal_test_again-0.1.67/causal_test_again/tests/unit/models/analyser_model/__pycache__/test_analyser.cpython-38-pytest-6.0.1.pyc,cpython-38,8738,True,4,pylingual_decompilable,data/artifacts/pypi/causal-test-again/0.1.67/causal_test_again-0.1.67.tar.gz
decompyle3,exit_2,tool_exit,Unknown magic number 8738 in /tmp/pybcsec-rq2-y1xzynox/sample.pyc,causal_test_again-0.1.67.tar.gz,causal-test-again,0.1.67,tar,causal_test_again-0.1.67/causal_test_again/tests/unit/models/analyser_model/__pycache__/test_analyser.cpython-38-pytest-6.0.1.pyc,cpython-38,8738,True,4,pylingual_decompilable,data/artifacts/pypi/causal-test-again/0.1.67/causal_test_again-0.1.67.tar.gz
marshal,error,marshal_parse_failure,"marshal_failed:offset16:ValueError:bad marshal data (unknown type code),offset12:not_code,offset8:ValueError:bad marshal data (unknown type code)",causal_test_again-0.1.67.tar.gz,causal-test-again,0.1.67,tar,causal_test_again-0.1.67/causal_test_again/tests/unit/models/analyser_model/__pycache__/test_data.cpython-38-pytest-6.0.1.pyc,cpython-38,8738,True,4,pylingual_decompilable,data/artifacts/pypi/causal-test-again/0.1.67/causal_test_again-0.1.67.tar.gz
decompyle3,exit_2,tool_exit,Unknown magic number 8738 in /tmp/pybcsec-rq2-z2zp0u8v/sample.pyc,causal_test_again-0.1.67.tar.gz,causal-test-again,0.1.67,tar,causal_test_again-0.1.67/causal_test_again/tests/unit/models/analyser_model/__pycache__/test_data.cpython-38-pytest-6.0.1.pyc,cpython-38,8738,True,4,pylingual_decompilable,data/artifacts/pypi/causal-test-again/0.1.67/causal_test_again-0.1.67.tar.gz
marshal,error,marshal_parse_failure,"marshal_failed:offset16:ValueError:bad marshal data (unknown type code),offset12:not_code,offset8:ValueError:bad marshal data (unknown type code)",causal_test_again-0.1.67.tar.gz,causal-test-again,0.1.67,tar,causal_test_again-0.1.67/causal_test_again/tests/unit/models/analyser_model/__pycache__/test_fitter.cpython-38-pytest-6.0.1.pyc,cpython-38,8738,True,4,pylingual_decompilable,data/artifacts/pypi/causal-test-again/0.1.67/causal_test_again-0.1.67.tar.gz
decompyle3,exit_2,tool_exit,Unknown magic number 8738 in /tmp/pybcsec-rq2-4w3ysdnp/sample.pyc,causal_test_again-0.1.67.tar.gz,causal-test-again,0.1.67,tar,causal_test_again-0.1.67/causal_test_again/tests/unit/models/analyser_model/__pycache__/test_fitter.cpython-38-pytest-6.0.1.pyc,cpython-38,8738,True,4,pylingual_decompilable,data/artifacts/pypi/causal-test-again/0.1.67/causal_test_again-0.1.67.tar.gz
marshal,error,marshal_parse_failure,"marshal_failed:offset16:ValueError:bad marshal data (unknown type code),offset12:not_code,offset8:ValueError:bad marshal data (unknown type code)",causal_test_again-0.1.67.tar.gz,causal-test-again,0.1.67,tar,causal_test_again-0.1.67/causal_test_again/tests/unit/models/configuration_model/__pycache__/test_base_objects.cpython-38-pytest-6.0.1.pyc,cpython-38,8738,True,4,pylingual_decompilable,data/artifacts/pypi/causal-test-again/0.1.67/causal_test_again-0.1.67.tar.gz
decompyle3,exit_2,tool_exit,Unknown magic number 8738 in /tmp/pybcsec-rq2-ub6rm24d/sample.pyc,causal_test_again-0.1.67.tar.gz,causal-test-again,0.1.67,tar,causal_test_again-0.1.67/causal_test_again/tests/unit/models/configuration_model/__pycache__/test_base_objects.cpython-38-pytest-6.0.1.pyc,cpython-38,8738,True,4,pylingual_decompilable,data/artifacts/pypi/causal-test-again/0.1.67/causal_test_again-0.1.67.tar.gz
marshal,error,marshal_parse_failure,"marshal_failed:offset16:ValueError:bad marshal data (unknown type code),offset12:not_code,offset8:ValueError:bad marshal data (unknown type code)",causal_test_again-0.1.67.tar.gz,causal-test-again,0.1.67,tar,causal_test_again-0.1.67/causal_test_again/tests/unit/models/configuration_model/__pycache__/test_configuration.cpython-38-pytest-6.0.1.pyc,cpython-38,8738,True,4,pylingual_decompilable,data/artifacts/pypi/causal-test-again/0.1.67/causal_test_again-0.1.67.tar.gz
decompyle3,exit_2,tool_exit,Unknown magic number 8738 in /tmp/pybcsec-rq2-kbgpxzli/sample.pyc,causal_test_again-0.1.67.tar.gz,causal-test-again,0.1.67,tar,causal_test_again-0.1.67/causal_test_again/tests/unit/models/configuration_model/__pycache__/test_configuration.cpython-38-pytest-6.0.1.pyc,cpython-38,8738,True,4,pylingual_decompilable,data/artifacts/pypi/causal-test-again/0.1.67/causal_test_again-0.1.67.tar.gz
marshal,error,marshal_parse_failure,"marshal_failed:offset16:ValueError:bad marshal data (unknown type code),offset12:not_code,offset8:ValueError:bad marshal data (unknown type code)",causal_test_again-0.1.67.tar.gz,causal-test-again,0.1.67,tar,causal_test_again-0.1.67/causal_test_again/tests/unit/models/message/__pycache__/test_message.cpython-38-pytest-6.0.1.pyc,cpython-38,8738,True,4,pylingual_decompilable,data/artifacts/pypi/causal-test-again/0.1.67/causal_test_again-0.1.67.tar.gz
decompyle3,exit_2,tool_exit,Unknown magic number 8738 in /tmp/pybcsec-rq2-vkp_r_wu/sample.pyc,causal_test_again-0.1.67.tar.gz,causal-test-again,0.1.67,tar,causal_test_again-0.1.67/causal_test_again/tests/unit/models/message/__pycache__/test_message.cpython-38-pytest-6.0.1.pyc,cpython-38,8738,True,4,pylingual_decompilable,data/artifacts/pypi/causal-test-again/0.1.67/causal_test_again-0.1.67.tar.gz
marshal,error,marshal_parse_failure,"marshal_failed:offset16:ValueError:bad marshal data (unknown type code),offset12:not_code,offset8:ValueError:bad marshal data (unknown type code)",causal_test_again-0.1.67.tar.gz,causal-test-again,0.1.67,tar,causal_test_again-0.1.67/causal_test_again/tests/unit/models/result_model/__pycache__/test_result.cpython-38-pytest-6.0.1.pyc,cpython-38,8738,True,4,pylingual_decompilable,data/artifacts/pypi/causal-test-again/0.1.67/causal_test_again-0.1.67.tar.gz
decompyle3,exit_2,tool_exit,Unknown magic number 8738 in /tmp/pybcsec-rq2-_lcy7k9e/sample.pyc,causal_test_again-0.1.67.tar.gz,causal-test-again,0.1.67,tar,causal_test_again-0.1.67/causal_test_again/tests/unit/models/result_model/__pycache__/test_result.cpython-38-pytest-6.0.1.pyc,cpython-38,8738,True,4,pylingual_decompilable,data/artifacts/pypi/causal-test-again/0.1.67/causal_test_again-0.1.67.tar.gz
marshal,error,marshal_parse_failure,"marshal_failed:offset16:ValueError:bad marshal data (unknown type code),offset12:not_code,offset8:ValueError:bad marshal data (unknown type code)",causal_test_again-0.1.67.tar.gz,causal-test-again,0.1.67,tar,causal_test_again-0.1.67/causal_test_again/tests/unit/pipeline/__pycache__/test_pipeline.cpython-38-pytest-6.0.1.pyc,cpython-38,8738,True,4,pylingual_decompilable,data/artifacts/pypi/causal-test-again/0.1.67/causal_test_again-0.1.67.tar.gz
decompyle3,exit_2,tool_exit,Unknown magic number 8738 in /tmp/pybcsec-rq2-zfh_ypcr/sample.pyc,causal_test_again-0.1.67.tar.gz,causal-test-again,0.1.67,tar,causal_test_again-0.1.67/causal_test_again/tests/unit/pipeline/__pycache__/test_pipeline.cpython-38-pytest-6.0.1.pyc,cpython-38,8738,True,4,pylingual_decompilable,data/artifacts/pypi/causal-test-again/0.1.67/causal_test_again-0.1.67.tar.gz
marshal,error,marshal_parse_failure,"marshal_failed:offset16:ValueError:bad marshal data (unknown type code),offset12:not_code,offset8:ValueError:bad marshal data (unknown type code)",causal_test_again-0.1.67.tar.gz,causal-test-again,0.1.67,tar,causal_test_again-0.1.67/causal_test_again/tests/unit/pipeline/__pycache__/test_power_calculators.cpython-38-pytest-6.0.1.pyc,cpython-38,8738,True,4,pylingual_decompilable,data/artifacts/pypi/causal-test-again/0.1.67/causal_test_again-0.1.67.tar.gz
decompyle3,exit_2,tool_exit,Unknown magic number 8738 in /tmp/pybcsec-rq2-6uvcqvm2/sample.pyc,causal_test_again-0.1.67.tar.gz,causal-test-again,0.1.67,tar,causal_test_again-0.1.67/causal_test_again/tests/unit/pipeline/__pycache__/test_power_calculators.cpython-38-pytest-6.0.1.pyc,cpython-38,8738,True,4,pylingual_decompilable,data/artifacts/pypi/causal-test-again/0.1.67/causal_test_again-0.1.67.tar.gz
marshal,error,marshal_parse_failure,"marshal_failed:offset16:ValueError:bad marshal data (unknown type code),offset12:not_code,offset8:ValueError:bad marshal data (unknown type code)",causal_test_again-0.1.67.tar.gz,causal-test-again,0.1.67,tar,causal_test_again-0.1.67/causal_test_again/tests/unit/utils/__pycache__/test_ab_preprocess_method.cpython-38-pytest-6.0.1.pyc,cpython-38,8738,True,4,pylingual_decompilable,data/artifacts/pypi/causal-test-again/0.1.67/causal_test_again-0.1.67.tar.gz
decompyle3,exit_2,tool_exit,Unknown magic number 8738 in /tmp/pybcsec-rq2-aafgd9de/sample.pyc,causal_test_again-0.1.67.tar.gz,causal-test-again,0.1.67,tar,causal_test_again-0.1.67/causal_test_again/tests/unit/utils/__pycache__/test_ab_preprocess_method.cpython-38-pytest-6.0.1.pyc,cpython-38,8738,True,4,pylingual_decompilable,data/artifacts/pypi/causal-test-again/0.1.67/causal_test_again-0.1.67.tar.gz
marshal,error,marshal_parse_failure,"marshal_failed:offset16:ValueError:bad marshal data (unknown type code),offset12:not_code,offset8:ValueError:bad marshal data (unknown type code)",causal_test_again-0.1.67.tar.gz,causal-test-again,0.1.67,tar,causal_test_again-0.1.67/causal_test_again/tests/unit/utils/__pycache__/test_common_utils.cpython-38-pytest-6.0.1.pyc,cpython-38,8738,True,4,pylingual_decompilable,data/artifacts/pypi/causal-test-again/0.1.67/causal_test_again-0.1.67.tar.gz
decompyle3,exit_2,tool_exit,Unknown magic number 8738 in /tmp/pybcsec-rq2-7pg4ydnp/sample.pyc,causal_test_again-0.1.67.tar.gz,causal-test-again,0.1.67,tar,causal_test_again-0.1.67/causal_test_again/tests/unit/utils/__pycache__/test_common_utils.cpython-38-pytest-6.0.1.pyc,cpython-38,8738,True,4,pylingual_decompilable,data/artifacts/pypi/causal-test-again/0.1.67/causal_test_again-0.1.67.tar.gz
marshal,error,marshal_parse_failure,"marshal_failed:offset16:ValueError:bad marshal data (unknown type code),offset12:not_code,offset8:ValueError:bad marshal data (unknown type code)",causal_test_again-0.1.67.tar.gz,causal-test-again,0.1.67,tar,causal_test_again-0.1.67/causal_test_again/tests/unit/utils/__pycache__/test_config_utils.cpython-38-pytest-6.0.1.pyc,cpython-38,8738,True,4,pylingual_decompilable,data/artifacts/pypi/causal-test-again/0.1.67/causal_test_again-0.1.67.tar.gz
decompyle3,exit_2,tool_exit,Unknown magic number 8738 in /tmp/pybcsec-rq2-2erd2map/sample.pyc,causal_test_again-0.1.67.tar.gz,causal-test-again,0.1.67,tar,causal_test_again-0.1.67/causal_test_again/tests/unit/utils/__pycache__/test_config_utils.cpython-38-pytest-6.0.1.pyc,cpython-38,8738,True,4,pylingual_decompilable,data/artifacts/pypi/causal-test-again/0.1.67/causal_test_again-0.1.67.tar.gz
marshal,error,marshal_parse_failure,"marshal_failed:offset16:ValueError:bad marshal data (unknown type code),offset12:not_code,offset8:ValueError:bad marshal data (unknown type code)",causal_test_again-0.1.67.tar.gz,causal-test-again,0.1.67,tar,causal_test_again-0.1.67/causal_test_again/tests/unit/utils/__pycache__/test_constants.cpython-38-pytest-6.0.1.pyc,cpython-38,8738,True,4,pylingual_decompilable,data/artifacts/pypi/causal-test-again/0.1.67/causal_test_again-0.1.67.tar.gz
decompyle3,exit_2,tool_exit,Unknown magic number 8738 in /tmp/pybcsec-rq2-l215p8bw/sample.pyc,causal_test_again-0.1.67.tar.gz,causal-test-again,0.1.67,tar,causal_test_again-0.1.67/causal_test_again/tests/unit/utils/__pycache__/test_constants.cpython-38-pytest-6.0.1.pyc,cpython-38,8738,True,4,pylingual_decompilable,data/artifacts/pypi/causal-test-again/0.1.67/causal_test_again-0.1.67.tar.gz
marshal,error,marshal_parse_failure,"marshal_failed:offset16:ValueError:bad marshal data (unknown type code),offset12:not_code,offset8:ValueError:bad marshal data (unknown type code)",causal_test_again-0.1.67.tar.gz,causal-test-again,0.1.67,tar,causal_test_again-0.1.67/causal_test_again/tests/unit/utils/__pycache__/test_delta_method.cpython-38-pytest-6.0.1.pyc,cpython-38,8738,True,4,pylingual_decompilable,data/artifacts/pypi/causal-test-again/0.1.67/causal_test_again-0.1.67.tar.gz
decompyle3,exit_2,tool_exit,Unknown magic number 8738 in /tmp/pybcsec-rq2-oyx8dxlj/sample.pyc,causal_test_again-0.1.67.tar.gz,causal-test-again,0.1.67,tar,causal_test_again-0.1.67/causal_test_again/tests/unit/utils/__pycache__/test_delta_method.cpython-38-pytest-6.0.1.pyc,cpython-38,8738,True,4,pylingual_decompilable,data/artifacts/pypi/causal-test-again/0.1.67/causal_test_again-0.1.67.tar.gz
marshal,error,marshal_parse_failure,"marshal_failed:offset16:ValueError:bad marshal data (unknown type code),offset12:not_code,offset8:ValueError:bad marshal data (unknown type code)",causal_test_again-0.1.67.tar.gz,causal-test-again,0.1.67,tar,causal_test_again-0.1.67/causal_test_again/tests/unit/utils/__pycache__/test_diff_in_diff_utils.cpython-38-pytest-6.0.1.pyc,cpython-38,8738,True,4,pylingual_decompilable,data/artifacts/pypi/causal-test-again/0.1.67/causal_test_again-0.1.67.tar.gz
decompyle3,exit_2,tool_exit,Unknown magic number 8738 in /tmp/pybcsec-rq2-09__px5a/sample.pyc,causal_test_again-0.1.67.tar.gz,causal-test-again,0.1.67,tar,causal_test_again-0.1.67/causal_test_again/tests/unit/utils/__pycache__/test_diff_in_diff_utils.cpython-38-pytest-6.0.1.pyc,cpython-38,8738,True,4,pylingual_decompilable,data/artifacts/pypi/causal-test-again/0.1.67/causal_test_again-0.1.67.tar.gz
marshal,error,marshal_parse_failure,"marshal_failed:offset16:ValueError:bad marshal data (unknown type code),offset12:not_code,offset8:ValueError:bad marshal data (unknown type code)",causal_test_again-0.1.67.tar.gz,causal-test-again,0.1.67,tar,causal_test_again-0.1.67/causal_test_again/tests/unit/utils/__pycache__/test_moments_data_process.cpython-38-pytest-6.0.1.pyc,cpython-38,8738,False,4,pylingual_decompilable,data/artifacts/pypi/causal-test-again/0.1.67/causal_test_again-0.1.67.tar.gz
decompyle3,exit_2,tool_exit,Unknown magic number 8738 in /tmp/pybcsec-rq2-phaaajqd/sample.pyc,causal_test_again-0.1.67.tar.gz,causal-test-again,0.1.67,tar,causal_test_again-0.1.67/causal_test_again/tests/unit/utils/__pycache__/test_moments_data_process.cpython-38-pytest-6.0.1.pyc,cpython-38,8738,False,4,pylingual_decompilable,data/artifacts/pypi/causal-test-again/0.1.67/causal_test_again-0.1.67.tar.gz
marshal,error,marshal_parse_failure,"marshal_failed:offset16:ValueError:bad marshal data (unknown type code),offset12:not_code,offset8:ValueError:bad marshal data (unknown type code)",causal_test_again-0.1.67.tar.gz,causal-test-again,0.1.67,tar,causal_test_again-0.1.67/causal_test_again/tests/unit/utils/__pycache__/test_moments_delta_method.cpython-38-pytest-6.0.1.pyc,cpython-38,8738,False,4,pylingual_decompilable,data/artifacts/pypi/causal-test-again/0.1.67/causal_test_again-0.1.67.tar.gz
decompyle3,exit_2,tool_exit,Unknown magic number 8738 in /tmp/pybcsec-rq2-9vfg44qi/sample.pyc,causal_test_again-0.1.67.tar.gz,causal-test-again,0.1.67,tar,causal_test_again-0.1.67/causal_test_again/tests/unit/utils/__pycache__/test_moments_delta_method.cpython-38-pytest-6.0.1.pyc,cpython-38,8738,False,4,pylingual_decompilable,data/artifacts/pypi/causal-test-again/0.1.67/causal_test_again-0.1.67.tar.gz
marshal,error,marshal_parse_failure,"marshal_failed:offset16:ValueError:bad marshal data (unknown type code),offset12:not_code,offset8:ValueError:bad marshal data (unknown type code)",causal_test_again-0.1.67.tar.gz,causal-test-again,0.1.67,tar,causal_test_again-0.1.67/causal_test_again/tests/unit/utils/__pycache__/test_simulation_utils.cpython-38-pytest-6.0.1.pyc,cpython-38,8738,False,4,pylingual_decompilable,data/artifacts/pypi/causal-test-again/0.1.67/causal_test_again-0.1.67.tar.gz
decompyle3,exit_2,tool_exit,Unknown magic number 8738 in /tmp/pybcsec-rq2-13z3i5h4/sample.pyc,causal_test_again-0.1.67.tar.gz,causal-test-again,0.1.67,tar,causal_test_again-0.1.67/causal_test_again/tests/unit/utils/__pycache__/test_simulation_utils.cpython-38-pytest-6.0.1.pyc,cpython-38,8738,False,4,pylingual_decompilable,data/artifacts/pypi/causal-test-again/0.1.67/causal_test_again-0.1.67.tar.gz
marshal,error,marshal_parse_failure,"marshal_failed:offset16:ValueError:bad marshal data (unknown type code),offset12:not_code,offset8:ValueError:bad marshal data (unknown type code)",causal_test_again-0.1.67.tar.gz,causal-test-again,0.1.67,tar,causal_test_again-0.1.67/causal_test_again/tests/unit/utils/__pycache__/test_srm_check.cpython-38-pytest-6.0.1.pyc,cpython-38,8738,False,4,pylingual_decompilable,data/artifacts/pypi/causal-test-again/0.1.67/causal_test_again-0.1.67.tar.gz
decompyle3,exit_2,tool_exit,Unknown magic number 8738 in /tmp/pybcsec-rq2-ahmz_dgw/sample.pyc,causal_test_again-0.1.67.tar.gz,causal-test-again,0.1.67,tar,causal_test_again-0.1.67/causal_test_again/tests/unit/utils/__pycache__/test_srm_check.cpython-38-pytest-6.0.1.pyc,cpython-38,8738,False,4,pylingual_decompilable,data/artifacts/pypi/causal-test-again/0.1.67/causal_test_again-0.1.67.tar.gz
marshal,error,marshal_parse_failure,"marshal_failed:offset16:ValueError:bad marshal data (unknown type code),offset12:not_code,offset8:ValueError:bad marshal data (unknown type code)",causal_test_again-0.1.67.tar.gz,causal-test-again,0.1.67,tar,causal_test_again-0.1.67/causal_test_again/tests/unit/utils/__pycache__/test_validation_utils.cpython-38-pytest-6.0.1.pyc,cpython-38,8738,True,4,pylingual_decompilable,data/artifacts/pypi/causal-test-again/0.1.67/causal_test_again-0.1.67.tar.gz
decompyle3,exit_2,tool_exit,Unknown magic number 8738 in /tmp/pybcsec-rq2-gjosd3p5/sample.pyc,causal_test_again-0.1.67.tar.gz,causal-test-again,0.1.67,tar,causal_test_again-0.1.67/causal_test_again/tests/unit/utils/__pycache__/test_validation_utils.cpython-38-pytest-6.0.1.pyc,cpython-38,8738,True,4,pylingual_decompilable,data/artifacts/pypi/causal-test-again/0.1.67/causal_test_again-0.1.67.tar.gz
marshal,error,marshal_parse_failure,"marshal_failed:offset16:ValueError:bad marshal data (unknown type code),offset12:not_code,offset8:ValueError:bad marshal data (unknown type code)",causal_test_again-0.1.67.tar.gz,causal-test-again,0.1.67,tar,causal_test_again-0.1.67/causal_test_again/tests/unit/utils/experiment/__pycache__/test_bootstrap.cpython-38-pytest-6.0.1.pyc,cpython-38,8738,True,4,pylingual_decompilable,data/artifacts/pypi/causal-test-again/0.1.67/causal_test_again-0.1.67.tar.gz
decompyle3,exit_2,tool_exit,Unknown magic number 8738 in /tmp/pybcsec-rq2-odnv905a/sample.pyc,causal_test_again-0.1.67.tar.gz,causal-test-again,0.1.67,tar,causal_test_again-0.1.67/causal_test_again/tests/unit/utils/experiment/__pycache__/test_bootstrap.cpython-38-pytest-6.0.1.pyc,cpython-38,8738,True,4,pylingual_decompilable,data/artifacts/pypi/causal-test-again/0.1.67/causal_test_again-0.1.67.tar.gz
marshal,error,marshal_parse_failure,"marshal_failed:offset16:ValueError:bad marshal data (unknown type code),offset12:not_code,offset8:ValueError:bad marshal data (unknown type code)",causal_test_again-0.1.67.tar.gz,causal-test-again,0.1.67,tar,causal_test_again-0.1.67/causal_test_again/tests/unit/utils/experiment/__pycache__/test_group_sequential.cpython-38-pytest-6.0.1.pyc,cpython-38,8738,True,4,pylingual_decompilable,data/artifacts/pypi/causal-test-again/0.1.67/causal_test_again-0.1.67.tar.gz
decompyle3,exit_2,tool_exit,Unknown magic number 8738 in /tmp/pybcsec-rq2-wsxzg2y_/sample.pyc,causal_test_again-0.1.67.tar.gz,causal-test-again,0.1.67,tar,causal_test_again-0.1.67/causal_test_again/tests/unit/utils/experiment/__pycache__/test_group_sequential.cpython-38-pytest-6.0.1.pyc,cpython-38,8738,True,4,pylingual_decompilable,data/artifacts/pypi/causal-test-again/0.1.67/causal_test_again-0.1.67.tar.gz
marshal,error,marshal_parse_failure,"marshal_failed:offset16:ValueError:bad marshal data (unknown type code),offset12:not_code,offset8:ValueError:bad marshal data (unknown type code)",causal_test_again-0.1.67.tar.gz,causal-test-again,0.1.67,tar,causal_test_again-0.1.67/causal_test_again/tests/unit/utils/experiment/__pycache__/test_result_utils.cpython-38-pytest-6.0.1.pyc,cpython-38,8738,True,4,pylingual_decompilable,data/artifacts/pypi/causal-test-again/0.1.67/causal_test_again-0.1.67.tar.gz
decompyle3,exit_2,tool_exit,Unknown magic number 8738 in /tmp/pybcsec-rq2-bg9hrmot/sample.pyc,causal_test_again-0.1.67.tar.gz,causal-test-again,0.1.67,tar,causal_test_again-0.1.67/causal_test_again/tests/unit/utils/experiment/__pycache__/test_result_utils.cpython-38-pytest-6.0.1.pyc,cpython-38,8738,True,4,pylingual_decompilable,data/artifacts/pypi/causal-test-again/0.1.67/causal_test_again-0.1.67.tar.gz
marshal,error,marshal_parse_failure,"marshal_failed:offset16:ValueError:bad marshal data (unknown type code),offset12:not_code,offset8:ValueError:bad marshal data (unknown type code)",causal_test_again-0.1.67.tar.gz,causal-test-again,0.1.67,tar,causal_test_again-0.1.67/causal_test_again/tests/unit/utils/experiment/__pycache__/test_use_t.cpython-38-pytest-6.0.1.pyc,cpython-38,8738,True,4,pylingual_decompilable,data/artifacts/pypi/causal-test-again/0.1.67/causal_test_again-0.1.67.tar.gz
decompyle3,exit_2,tool_exit,Unknown magic number 8738 in /tmp/pybcsec-rq2-i1odl4up/sample.pyc,causal_test_again-0.1.67.tar.gz,causal-test-again,0.1.67,tar,causal_test_again-0.1.67/causal_test_again/tests/unit/utils/experiment/__pycache__/test_use_t.cpython-38-pytest-6.0.1.pyc,cpython-38,8738,True,4,pylingual_decompilable,data/artifacts/pypi/causal-test-again/0.1.67/causal_test_again-0.1.67.tar.gz
marshal,error,marshal_parse_failure,marshal_failed:,corrfitter-8.2.tar.gz,corrfitter,8.2,tar,corrfitter-8.2/examples/__pycache__/etab.cpython-38.pyc,cpython-38,,True,4,pylingual_decompilable,data/artifacts/pypi/corrfitter/8.2/corrfitter-8.2.tar.gz
decompyle3,exit_2,tool_exit,File name: '/tmp/pybcsec-rq2-p3jmfq2u/sample.pyc (0 bytes)' is too short to be a valid pyc file,corrfitter-8.2.tar.gz,corrfitter,8.2,tar,corrfitter-8.2/examples/__pycache__/etab.cpython-38.pyc,cpython-38,,True,4,pylingual_decompilable,data/artifacts/pypi/corrfitter/8.2/corrfitter-8.2.tar.gz
marshal,error,marshal_parse_failure,marshal_failed:,corrfitter-8.2.tar.gz,corrfitter,8.2,tar,corrfitter-8.2/examples/__pycache__/etab.cpython-39.pyc,cpython-39,,True,4,pylingual_decompilable,data/artifacts/pypi/corrfitter/8.2/corrfitter-8.2.tar.gz
decompyle3,exit_2,tool_exit,File name: '/tmp/pybcsec-rq2-4ga6p77m/sample.pyc (0 bytes)' is too short to be a valid pyc file,corrfitter-8.2.tar.gz,corrfitter,8.2,tar,corrfitter-8.2/examples/__pycache__/etab.cpython-39.pyc,cpython-39,,True,4,pylingual_decompilable,data/artifacts/pypi/corrfitter/8.2/corrfitter-8.2.tar.gz
marshal,error,marshal_parse_failure,marshal_failed:,corrfitter-8.2.tar.gz,corrfitter,8.2,tar,corrfitter-8.2/examples/__pycache__/etas-Ds.cpython-38.pyc,cpython-38,,True,4,pylingual_decompilable,data/artifacts/pypi/corrfitter/8.2/corrfitter-8.2.tar.gz
decompyle3,exit_2,tool_exit,File name: '/tmp/pybcsec-rq2-qsiu1iqq/sample.pyc (0 bytes)' is too short to be a valid pyc file,corrfitter-8.2.tar.gz,corrfitter,8.2,tar,corrfitter-8.2/examples/__pycache__/etas-Ds.cpython-38.pyc,cpython-38,,True,4,pylingual_decompilable,data/artifacts/pypi/corrfitter/8.2/corrfitter-8.2.tar.gz
marshal,error,marshal_parse_failure,marshal_failed:,corrfitter-8.2.tar.gz,corrfitter,8.2,tar,corrfitter-8.2/examples/__pycache__/etas-Ds.cpython-39.pyc,cpython-39,,True,4,pylingual_decompilable,data/artifacts/pypi/corrfitter/8.2/corrfitter-8.2.tar.gz
decompyle3,exit_2,tool_exit,File name: '/tmp/pybcsec-rq2-ez49hvjw/sample.pyc (0 bytes)' is too short to be a valid pyc file,corrfitter-8.2.tar.gz,corrfitter,8.2,tar,corrfitter-8.2/examples/__pycache__/etas-Ds.cpython-39.pyc,cpython-39,,True,4,pylingual_decompilable,data/artifacts/pypi/corrfitter/8.2/corrfitter-8.2.tar.gz
decompyle3,exit_2,tool_exit,"Traceback (most recent call last): File ""/root/PyBC-Sec/pybcSEC/data/rq2/envs/cpython-38/lib/python3.8/site-packages/xdis/load.py"", line 328, in load_module_from_file_object co = marshal.loads(bytecode) ValueError: bad marshal data (unkn...",delphai_search_utils-0.2.1.tar.gz,delphai-search-utils,0.2.1,tar,delphai_search_utils-0.2.1/delphai_search_utils/tests/__pycache__/test_utils.cpython-38-pytest-5.4.3.pyc,cpython-38,3413,True,4,pylingual_decompilable,data/artifacts/pypi/delphai-search-utils/0.2.1/delphai_search_utils-0.2.1.tar.gz
marshal,error,marshal_parse_failure,"marshal_failed:offset16:ValueError:bad marshal data (unknown type code),offset12:not_code,offset8:ValueError:bad marshal data (unknown type code)",datadashr-0.2.5.tar.gz,datadashr,0.2.5,tar,datadashr-0.2.5/datadashr/api/__pycache__/crud.cpython-312(1).pyc,cpython-312,28783,True,4,pylingual_decompilable,data/artifacts/pypi/datadashr/0.2.5/datadashr-0.2.5.tar.gz
decompyle3,exit_2,tool_exit,/root/PyBC-Sec/pybcSEC/data/rq2/envs/cpython-312/lib/python3.12/site-packages/click/core.py:1262: UserWarning: The parameter --version is used more than once. Remove its duplicate as parameters should be unique. parser = self.make_parser...,datadashr-0.2.5.tar.gz,datadashr,0.2.5,tar,datadashr-0.2.5/datadashr/api/__pycache__/crud.cpython-312(1).pyc,cpython-312,28783,True,4,pylingual_decompilable,data/artifacts/pypi/datadashr/0.2.5/datadashr-0.2.5.tar.gz
decompyle3,exit_2,tool_exit,"Traceback (most recent call last): File ""/root/PyBC-Sec/pybcSEC/data/rq2/envs/cpython-38/lib/python3.8/site-packages/xdis/load.py"", line 328, in load_module_from_file_object co = marshal.loads(bytecode) ValueError: bad marshal data (unkn...",decompyle3-3.9.3.tar.gz,decompyle3,3.9.3,tar,decompyle3-3.9.3/test/__pycache__/test_pyenvlib.cpython-38-PYTEST.pyc,cpython-38,3413,True,4,pylingual_decompilable,data/artifacts/pypi/decompyle3/3.9.3/decompyle3-3.9.3.tar.gz
decompyle3,exit_2,tool_exit,"Traceback (most recent call last): File ""/root/PyBC-Sec/pybcSEC/data/rq2/envs/cpython-38/lib/python3.8/site-packages/xdis/load.py"", line 328, in load_module_from_file_object co = marshal.loads(bytecode) ValueError: bad marshal data (unkn...",decompyle3-3.9.3.tar.gz,decompyle3,3.9.3,tar,decompyle3-3.9.3/test/__pycache__/test_pythonlib.cpython-38-PYTEST.pyc,cpython-38,3413,True,4,pylingual_decompilable,data/artifacts/pypi/decompyle3/3.9.3/decompyle3-3.9.3.tar.gz
decompyle3,exit_2,tool_exit,"Traceback (most recent call last): File ""/root/PyBC-Sec/pybcSEC/data/rq2/envs/cpython-38/lib/python3.8/site-packages/xdis/load.py"", line 328, in load_module_from_file_object co = marshal.loads(bytecode) ValueError: bad marshal data (unkn...",decompyle3-3.9.3.tar.gz,decompyle3,3.9.3,tar,decompyle3-3.9.3/test/__pycache__/test_unpy37.cpython-38-PYTEST.pyc,cpython-38,3413,True,4,pylingual_decompilable,data/artifacts/pypi/decompyle3/3.9.3/decompyle3-3.9.3.tar.gz
decompyle3,exit_2,tool_exit,"Traceback (most recent call last): File ""/root/PyBC-Sec/pybcSEC/data/rq2/envs/cpython-38/lib/python3.8/site-packages/xdis/load.py"", line 328, in load_module_from_file_object co = marshal.loads(bytecode) ValueError: bad marshal data (unkn...",decompyle3-3.9.3.tar.gz,decompyle3,3.9.3,tar,decompyle3-3.9.3/test/decompyle/__pycache__/test_empty.cpython-38-PYTEST.pyc,cpython-38,3413,True,4,pylingual_decompilable,data/artifacts/pypi/decompyle3/3.9.3/decompyle3-3.9.3.tar.gz
decompyle3,exit_2,tool_exit,"Traceback (most recent call last): File ""/root/PyBC-Sec/pybcSEC/data/rq2/envs/cpython-38/lib/python3.8/site-packages/xdis/load.py"", line 328, in load_module_from_file_object co = marshal.loads(bytecode) ValueError: bad marshal data (unkn...",decompyle3-3.9.3.tar.gz,decompyle3,3.9.3,tar,decompyle3-3.9.3/test/decompyle/__pycache__/test_exceptions.cpython-38-PYTEST.pyc,cpython-38,3413,True,4,pylingual_decompilable,data/artifacts/pypi/decompyle3/3.9.3/decompyle3-3.9.3.tar.gz
decompyle3,exit_2,tool_exit,"Traceback (most recent call last): File ""/root/PyBC-Sec/pybcSEC/data/rq2/envs/cpython-38/lib/python3.8/site-packages/xdis/load.py"", line 328, in load_module_from_file_object co = marshal.loads(bytecode) ValueError: bad marshal data (unkn...",decompyle3-3.9.3.tar.gz,decompyle3,3.9.3,tar,decompyle3-3.9.3/test/decompyle/__pycache__/test_expressions.cpython-38-PYTEST.pyc,cpython-38,3413,True,4,pylingual_decompilable,data/artifacts/pypi/decompyle3/3.9.3/decompyle3-3.9.3.tar.gz
decompyle3,exit_2,tool_exit,"Traceback (most recent call last): File ""/root/PyBC-Sec/pybcSEC/data/rq2/envs/cpython-38/lib/python3.8/site-packages/xdis/load.py"", line 328, in load_module_from_file_object co = marshal.loads(bytecode) ValueError: bad marshal data (unkn...",decompyle3-3.9.3.tar.gz,decompyle3,3.9.3,tar,decompyle3-3.9.3/test/decompyle/__pycache__/test_extendedPrint.cpython-38-PYTEST.pyc,cpython-38,3413,True,4,pylingual_decompilable,data/artifacts/pypi/decompyle3/3.9.3/decompyle3-3.9.3.tar.gz
decompyle3,exit_2,tool_exit,"Traceback (most recent call last): File ""/root/PyBC-Sec/pybcSEC/data/rq2/envs/cpython-38/lib/python3.8/site-packages/xdis/load.py"", line 328, in load_module_from_file_object co = marshal.loads(bytecode) ValueError: bad marshal data (unkn...",decompyle3-3.9.3.tar.gz,decompyle3,3.9.3,tar,decompyle3-3.9.3/test/decompyle/__pycache__/test_loops2.cpython-38-PYTEST.pyc,cpython-38,3413,True,4,pylingual_decompilable,data/artifacts/pypi/decompyle3/3.9.3/decompyle3-3.9.3.tar.gz
decompyle3,exit_2,tool_exit,"Traceback (most recent call last): File ""/root/PyBC-Sec/pybcSEC/data/rq2/envs/cpython-38/lib/python3.8/site-packages/xdis/load.py"", line 328, in load_module_from_file_object co = marshal.loads(bytecode) ValueError: bad marshal data (unkn...",decompyle3-3.9.3.tar.gz,decompyle3,3.9.3,tar,decompyle3-3.9.3/test/decompyle/__pycache__/test_prettyprint.cpython-38-PYTEST.pyc,cpython-38,3413,True,4,pylingual_decompilable,data/artifacts/pypi/decompyle3/3.9.3/decompyle3-3.9.3.tar.gz
decompyle3,exit_2,tool_exit,"Traceback (most recent call last): File ""/root/PyBC-Sec/pybcSEC/data/rq2/envs/cpython-38/lib/python3.8/site-packages/xdis/load.py"", line 328, in load_module_from_file_object co = marshal.loads(bytecode) ValueError: bad marshal data (unkn...",decompyle3-3.9.3.tar.gz,decompyle3,3.9.3,tar,decompyle3-3.9.3/test/decompyle/__pycache__/test_print_to.cpython-38-PYTEST.pyc,cpython-38,3413,True,4,pylingual_decompilable,data/artifacts/pypi/decompyle3/3.9.3/decompyle3-3.9.3.tar.gz
decompyle3,exit_2,tool_exit,"Traceback (most recent call last): File ""/root/PyBC-Sec/pybcSEC/data/rq2/envs/cpython-38/lib/python3.8/site-packages/xdis/load.py"", line 328, in load_module_from_file_object co = marshal.loads(bytecode) ValueError: bad marshal data (unkn...",decompyle3-3.9.3.tar.gz,decompyle3,3.9.3,tar,decompyle3-3.9.3/test/decompyle/__pycache__/test_slices.cpython-38-PYTEST.pyc,cpython-38,3413,True,4,pylingual_decompilable,data/artifacts/pypi/decompyle3/3.9.3/decompyle3-3.9.3.tar.gz
decompyle3,exit_2,tool_exit,"Traceback (most recent call last): File ""/root/PyBC-Sec/pybcSEC/data/rq2/envs/cpython-38/lib/python3.8/site-packages/xdis/load.py"", line 328, in load_module_from_file_object co = marshal.loads(bytecode) ValueError: bad marshal data (unkn...",decompyle3-3.9.3.tar.gz,decompyle3,3.9.3,tar,decompyle3-3.9.3/test/simple_source/bug31/__pycache__/05_abc_test.cpython-38-PYTEST.pyc,cpython-38,3413,True,4,pylingual_decompilable,data/artifacts/pypi/decompyle3/3.9.3/decompyle3-3.9.3.tar.gz
decompyle3,exit_1,tool_exit,"Traceback (most recent call last): File ""data/rq2/envs/cpython-38/bin/decompyle3"", line 8, in <module> sys.exit(main_bin()) File ""/root/PyBC-Sec/pybcSEC/data/rq2/envs/cpython-38/lib/python3.8/site-packages/click/core.py"", line 1161, in _...",django_connectwise-1.20.0-py3-none-any.whl,django-connectwise,1.20.0,wheel,djconnectwise/__pycache__/api.cpython-38.pyc,cpython-38,3413,True,4,pylingual_decompilable,data/artifacts/pypi/django-connectwise/1.20.0/django_connectwise-1.20.0-py3-none-any.whl
marshal,error,marshal_parse_failure,marshal_failed:,factory_farm-1.2.6.tar.gz,factory-farm,1.2.6,tar,factory_farm-1.2.6/venues/stages/factory_farm/procedures/implicit_procedure/process/keg/spaces/__pycache__/done_with_path.cpython-310.pyc,cpython-310,3439,False,4,pylingual_decompilable,data/artifacts/pypi/factory-farm/1.2.6/factory_farm-1.2.6.tar.gz
decompyle3,exit_2,tool_exit,/root/PyBC-Sec/pybcSEC/data/rq2/envs/cpython-310/lib/python3.10/site-packages/click/core.py:1262: UserWarning: The parameter --version is used more than once. Remove its duplicate as parameters should be unique. parser = self.make_parser...,factory_farm-1.2.6.tar.gz,factory-farm,1.2.6,tar,factory_farm-1.2.6/venues/stages/factory_farm/procedures/implicit_procedure/process/keg/spaces/__pycache__/done_with_path.cpython-310.pyc,cpython-310,3439,False,4,pylingual_decompilable,data/artifacts/pypi/factory-farm/1.2.6/factory_farm-1.2.6.tar.gz
decompyle3,exit_2,tool_exit,"Traceback (most recent call last): File ""/root/PyBC-Sec/pybcSEC/data/rq2/envs/cpython-38/lib/python3.8/site-packages/xdis/load.py"", line 328, in load_module_from_file_object co = marshal.loads(bytecode) ValueError: bad marshal data (unkn...",flasgger-0.9.7.1.tar.gz,flasgger,0.9.7.1,tar,flasgger-0.9.7.1/tests/__pycache__/conftest.cpython-38-pytest-6.1.1.pyc,cpython-38,3413,True,4,pylingual_decompilable,data/artifacts/pypi/flasgger/0.9.7.1/flasgger-0.9.7.1.tar.gz
marshal,error,marshal_parse_failure,marshal_failed:,euphoria-1.0.0.tar.gz,euphoria,1.0.0,tar,euphoria-1.0.0/venues/stages/euphoria/clouds/supp_NIH/nature/form/serving_size/amount/__pycache__/__init__.cpython-311.pyc,cpython-311,42946,True,4,pylingual_decompilable,data/artifacts/pypi/euphoria/1.0.0/euphoria-1.0.0.tar.gz
decompyle3,exit_2,tool_exit,/root/PyBC-Sec/pybcSEC/data/rq2/envs/cpython-311/lib/python3.11/site-packages/click/core.py:1262: UserWarning: The parameter --version is used more than once. Remove its duplicate as parameters should be unique. parser = self.make_parser...,euphoria-1.0.0.tar.gz,euphoria,1.0.0,tar,euphoria-1.0.0/venues/stages/euphoria/clouds/supp_NIH/nature/form/serving_size/amount/__pycache__/__init__.cpython-311.pyc,cpython-311,42946,True,4,pylingual_decompilable,data/artifacts/pypi/euphoria/1.0.0/euphoria-1.0.0.tar.gz
marshal,error,marshal_parse_failure,marshal_failed:,euphoria-1.0.0.tar.gz,euphoria,1.0.0,tar,euphoria-1.0.0/venues/stages/euphoria/clouds/supp_NIH/nature/form/unit/__pycache__/__init__.cpython-311.pyc,cpython-311,42946,True,4,pylingual_decompilable,data/artifacts/pypi/euphoria/1.0.0/euphoria-1.0.0.tar.gz
decompyle3,exit_2,tool_exit,/root/PyBC-Sec/pybcSEC/data/rq2/envs/cpython-311/lib/python3.11/site-packages/click/core.py:1262: UserWarning: The parameter --version is used more than once. Remove its duplicate as parameters should be unique. parser = self.make_parser...,euphoria-1.0.0.tar.gz,euphoria,1.0.0,tar,euphoria-1.0.0/venues/stages/euphoria/clouds/supp_NIH/nature/form/unit/__pycache__/__init__.cpython-311.pyc,cpython-311,42946,True,4,pylingual_decompilable,data/artifacts/pypi/euphoria/1.0.0/euphoria-1.0.0.tar.gz
marshal,error,marshal_parse_failure,marshal_failed:,euphoria-1.0.0.tar.gz,euphoria,1.0.0,tar,euphoria-1.0.0/venues/stages/euphoria/mixes/insure/__pycache__/equalities.cpython-311.pyc,cpython-311,42946,True,4,pylingual_decompilable,data/artifacts/pypi/euphoria/1.0.0/euphoria-1.0.0.tar.gz
decompyle3,exit_2,tool_exit,/root/PyBC-Sec/pybcSEC/data/rq2/envs/cpython-311/lib/python3.11/site-packages/click/core.py:1262: UserWarning: The parameter --version is used more than once. Remove its duplicate as parameters should be unique. parser = self.make_parser...,euphoria-1.0.0.tar.gz,euphoria,1.0.0,tar,euphoria-1.0.0/venues/stages/euphoria/mixes/insure/__pycache__/equalities.cpython-311.pyc,cpython-311,42946,True,4,pylingual_decompilable,data/artifacts/pypi/euphoria/1.0.0/euphoria-1.0.0.tar.gz
marshal,error,marshal_parse_failure,marshal_failed:,euphoria-1.0.0.tar.gz,euphoria,1.0.0,tar,euphoria-1.0.0/venues/stages/euphoria/mixes/insure/__pycache__/equality.cpython-311.pyc,cpython-311,42946,True,4,pylingual_decompilable,data/artifacts/pypi/euphoria/1.0.0/euphoria-1.0.0.tar.gz
decompyle3,exit_2,tool_exit,/root/PyBC-Sec/pybcSEC/data/rq2/envs/cpython-311/lib/python3.11/site-packages/click/core.py:1262: UserWarning: The parameter --version is used more than once. Remove its duplicate as parameters should be unique. parser = self.make_parser...,euphoria-1.0.0.tar.gz,euphoria,1.0.0,tar,euphoria-1.0.0/venues/stages/euphoria/mixes/insure/__pycache__/equality.cpython-311.pyc,cpython-311,42946,True,4,pylingual_decompilable,data/artifacts/pypi/euphoria/1.0.0/euphoria-1.0.0.tar.gz
marshal,error,marshal_parse_failure,marshal_failed:,euphoria-1.0.0.tar.gz,euphoria,1.0.0,tar,euphoria-1.0.0/venues/stages/euphoria/mixes/insure/__pycache__/override_print.cpython-311.pyc,cpython-311,42946,True,4,pylingual_decompilable,data/artifacts/pypi/euphoria/1.0.0/euphoria-1.0.0.tar.gz
decompyle3,exit_2,tool_exit,/root/PyBC-Sec/pybcSEC/data/rq2/envs/cpython-311/lib/python3.11/site-packages/click/core.py:1262: UserWarning: The parameter --version is used more than once. Remove its duplicate as parameters should be unique. parser = self.make_parser...,euphoria-1.0.0.tar.gz,euphoria,1.0.0,tar,euphoria-1.0.0/venues/stages/euphoria/mixes/insure/__pycache__/override_print.cpython-311.pyc,cpython-311,42946,True,4,pylingual_decompilable,data/artifacts/pypi/euphoria/1.0.0/euphoria-1.0.0.tar.gz
marshal,error,marshal_parse_failure,marshal_failed:,foam_hair-1.6.1.tar.gz,foam-hair,1.6.1,tar,foam_hair-1.6.1/vehicles/foam_hair/_clique/group/__pycache__/__init__.cpython-311.pyc,cpython-311,42946,True,4,pylingual_decompilable,data/artifacts/pypi/foam-hair/1.6.1/foam_hair-1.6.1.tar.gz
decompyle3,exit_2,tool_exit,/root/PyBC-Sec/pybcSEC/data/rq2/envs/cpython-311/lib/python3.11/site-packages/click/core.py:1262: UserWarning: The parameter --version is used more than once. Remove its duplicate as parameters should be unique. parser = self.make_parser...,foam_hair-1.6.1.tar.gz,foam-hair,1.6.1,tar,foam_hair-1.6.1/vehicles/foam_hair/_clique/group/__pycache__/__init__.cpython-311.pyc,cpython-311,42946,True,4,pylingual_decompilable,data/artifacts/pypi/foam-hair/1.6.1/foam_hair-1.6.1.tar.gz
marshal,error,marshal_parse_failure,marshal_failed:,foam_rodeo-0.0.1.tar.gz,foam-rodeo,0.0.1,tar,foam_rodeo-0.0.1/vehicles/foam_rodeo/_clique/group/__pycache__/__init__.cpython-311.pyc,cpython-311,42946,True,4,pylingual_decompilable,data/artifacts/pypi/foam-rodeo/0.0.1/foam_rodeo-0.0.1.tar.gz
decompyle3,exit_2,tool_exit,/root/PyBC-Sec/pybcSEC/data/rq2/envs/cpython-311/lib/python3.11/site-packages/click/core.py:1262: UserWarning: The parameter --version is used more than once. Remove its duplicate as parameters should be unique. parser = self.make_parser...,foam_rodeo-0.0.1.tar.gz,foam-rodeo,0.0.1,tar,foam_rodeo-0.0.1/vehicles/foam_rodeo/_clique/group/__pycache__/__init__.cpython-311.pyc,cpython-311,42946,True,4,pylingual_decompilable,data/artifacts/pypi/foam-rodeo/0.0.1/foam_rodeo-0.0.1.tar.gz
pylingual,timeout,timeout,timeout_after_600s,dovado_rtl-0.10.12.tar.gz,dovado-rtl,0.10.12,tar,dovado_rtl-0.10.12/dovado_rtl/parsers/system_verilog/generated/__pycache__/SystemVerilogParser.cpython-39.pyc,cpython-39,3425,True,3,decompyle3_decompilable,data/artifacts/pypi/dovado-rtl/0.10.12/dovado_rtl-0.10.12.tar.gz
decompyle3,timeout,timeout,timeout_after_600s,dovado_rtl-0.10.12.tar.gz,dovado-rtl,0.10.12,tar,dovado_rtl-0.10.12/dovado_rtl/parsers/utilities/antlr/__pycache__/vhdlParser.cpython-38.pyc,cpython-38,3413,False,4,pylingual_decompilable,data/artifacts/pypi/dovado-rtl/0.10.12/dovado_rtl-0.10.12.tar.gz
marshal,error,marshal_parse_failure,marshal_failed:,hemoglycin-2.0.0.tar.gz,hemoglycin,2.0.0,tar,hemoglycin-2.0.0/vehicles/Hemoglycin/_clique/group/__pycache__/__init__.cpython-311.pyc,cpython-311,42946,True,4,pylingual_decompilable,data/artifacts/pypi/hemoglycin/2.0.0/hemoglycin-2.0.0.tar.gz
decompyle3,exit_2,tool_exit,/root/PyBC-Sec/pybcSEC/data/rq2/envs/cpython-311/lib/python3.11/site-packages/click/core.py:1262: UserWarning: The parameter --version is used more than once. Remove its duplicate as parameters should be unique. parser = self.make_parser...,hemoglycin-2.0.0.tar.gz,hemoglycin,2.0.0,tar,hemoglycin-2.0.0/vehicles/Hemoglycin/_clique/group/__pycache__/__init__.cpython-311.pyc,cpython-311,42946,True,4,pylingual_decompilable,data/artifacts/pypi/hemoglycin/2.0.0/hemoglycin-2.0.0.tar.gz
decompyle3,timeout,timeout,timeout_after_600s,flask_admin_plus-1.6.22.tar.gz,flask-admin-plus,1.6.22,tar,flask_admin_plus-1.6.22/flask_admin/tests/mongoengine/__pycache__/test_basic.cpython-38-pytest-7.1.2.pyc,cpython-38,3413,True,4,pylingual_decompilable,data/artifacts/pypi/flask-admin-plus/1.6.22/flask_admin_plus-1.6.22.tar.gz
decompyle3,timeout,timeout,timeout_after_600s,flask_admin_plus-1.6.22.tar.gz,flask-admin-plus,1.6.22,tar,flask_admin_plus-1.6.22/flask_admin/tests/peeweemodel/__pycache__/test_basic.cpython-38-pytest-7.1.2.pyc,cpython-38,3413,True,4,pylingual_decompilable,data/artifacts/pypi/flask-admin-plus/1.6.22/flask_admin_plus-1.6.22.tar.gz
decompyle3,timeout,timeout,timeout_after_600s,flask_admin_plus-1.6.22.tar.gz,flask-admin-plus,1.6.22,tar,flask_admin_plus-1.6.22/flask_admin/tests/sqla/__pycache__/test_basic.cpython-38-pytest-7.1.2.pyc,cpython-38,3413,True,4,pylingual_decompilable,data/artifacts/pypi/flask-admin-plus/1.6.22/flask_admin_plus-1.6.22.tar.gz
decompyle3,timeout,timeout,timeout_after_600s,GSEIM-1.4.tar.gz,gseim,1.4,tar,GSEIM-1.4/src/grc/gui/__pycache__/Application.cpython-38.pyc,cpython-38,3413,True,4,pylingual_decompilable,data/artifacts/pypi/gseim/1.4/GSEIM-1.4.tar.gz
decompyle3,timeout,timeout,timeout_after_600s,GSEIM-1.4.tar.gz,gseim,1.4,tar,GSEIM-1.4/src/grc/gui/canvas/__pycache__/block.cpython-38.pyc,cpython-38,3413,True,4,pylingual_decompilable,data/artifacts/pypi/gseim/1.4/GSEIM-1.4.tar.gz
decompyle3,timeout,timeout,timeout_after_600s,GSEIM-1.4.tar.gz,gseim,1.4,tar,GSEIM-1.4/src/grc/gui/canvas/__pycache__/rect_wiring.cpython-38.pyc,cpython-38,3413,True,4,pylingual_decompilable,data/artifacts/pypi/gseim/1.4/GSEIM-1.4.tar.gz
decompyle3,timeout,timeout,timeout_after_600s,GSEIMIITB-1.1.tar.gz,gseimiitb,1.1,tar,GSEIMIITB-1.1/src/grc/gui/__pycache__/Application.cpython-38.pyc,cpython-38,3413,True,4,pylingual_decompilable,data/artifacts/pypi/gseimiitb/1.1/GSEIMIITB-1.1.tar.gz
decompyle3,timeout,timeout,timeout_after_600s,GSEIMIITB-1.1.tar.gz,gseimiitb,1.1,tar,GSEIMIITB-1.1/src/grc/gui/canvas/__pycache__/block.cpython-38.pyc,cpython-38,3413,True,4,pylingual_decompilable,data/artifacts/pypi/gseimiitb/1.1/GSEIMIITB-1.1.tar.gz
decompyle3,timeout,timeout,timeout_after_600s,GSEIMIITB-1.1.tar.gz,gseimiitb,1.1,tar,GSEIMIITB-1.1/src/grc/gui/canvas/__pycache__/rect_wiring.cpython-38.pyc,cpython-38,3413,True,4,pylingual_decompilable,data/artifacts/pypi/gseimiitb/1.1/GSEIMIITB-1.1.tar.gz
decompyle3,timeout,timeout,timeout_after_600s,gluoncv2-0.0.64.linux-x86_64.tar.gz,gluoncv2,0.0.64,tar,usr/local/lib/python3.8/dist-packages/gluoncv2/models/__pycache__/resnext_cifar.cpython-38.pyc,cpython-38,3413,True,4,pylingual_decompilable,data/artifacts/pypi/gluoncv2/0.0.64/gluoncv2-0.0.64.linux-x86_64.tar.gz
decompyle3,timeout,timeout,timeout_after_600s,investment-0.2.17-py3-none-any.whl,investment,0.2.17,wheel,investment/data/__pycache__/_data.cpython-38.pyc,cpython-38,3413,True,4,pylingual_decompilable,data/artifacts/pypi/investment/0.2.17/investment-0.2.17-py3-none-any.whl
decompyle3,exit_1,tool_exit,"Traceback (most recent call last): File ""data/rq2/envs/cpython-38/bin/decompyle3"", line 8, in <module> sys.exit(main_bin()) File ""/root/PyBC-Sec/pybcSEC/data/rq2/envs/cpython-38/lib/python3.8/site-packages/click/core.py"", line 1161, in _...",jembe-0.3.15-py3-none-any.whl,jembe,0.3.15,wheel,jembe/__pycache__/processor.cpython-38.pyc,cpython-38,3413,True,4,pylingual_decompilable,data/artifacts/pypi/jembe/0.3.15/jembe-0.3.15-py3-none-any.whl
decompyle3,exit_1,tool_exit,"Traceback (most recent call last): File ""data/rq2/envs/cpython-38/bin/decompyle3"", line 8, in <module> sys.exit(main_bin()) File ""/root/PyBC-Sec/pybcSEC/data/rq2/envs/cpython-38/lib/python3.8/site-packages/click/core.py"", line 1161, in _...",jembe-0.3.15.tar.gz,jembe,0.3.15,tar,jembe-0.3.15/jembe/__pycache__/processor.cpython-38.pyc,cpython-38,3413,True,4,pylingual_decompilable,data/artifacts/pypi/jembe/0.3.15/jembe-0.3.15.tar.gz
dis,error,disassembly_failure,dis_failed:IndexError:tuple index out of range,libmercury-0.85-py3-none-any.whl,libmercury,0.85,wheel,libmercury/__pycache__/__init__.cpython-314.pyc,cpython-314,3606,True,4,pylingual_decompilable,data/artifacts/pypi/libmercury/0.85/libmercury-0.85-py3-none-any.whl
dis,error,disassembly_failure,dis_failed:IndexError:tuple index out of range,libmercury-0.85.tar.gz,libmercury,0.85,tar,libmercury-0.85/src/libmercury/__pycache__/__init__.cpython-314.pyc,cpython-314,3606,True,4,pylingual_decompilable,data/artifacts/pypi/libmercury/0.85/libmercury-0.85.tar.gz
decompyle3,exit_2,tool_exit,"Traceback (most recent call last): File ""/root/PyBC-Sec/pybcSEC/data/rq2/envs/cpython-38/lib/python3.8/site-packages/xdis/load.py"", line 328, in load_module_from_file_object co = marshal.loads(bytecode) ValueError: bad marshal data (unkn...",lifedata-0.1.1-py3-none-any.whl,lifedata,0.1.1,wheel,lifedata/cli/__pycache__/init_test.cpython-38-pytest-6.0.1.pyc,cpython-38,3413,True,4,pylingual_decompilable,data/artifacts/pypi/lifedata/0.1.1/lifedata-0.1.1-py3-none-any.whl
decompyle3,exit_2,tool_exit,"Traceback (most recent call last): File ""/root/PyBC-Sec/pybcSEC/data/rq2/envs/cpython-38/lib/python3.8/site-packages/xdis/load.py"", line 328, in load_module_from_file_object co = marshal.loads(bytecode) ValueError: bad marshal data (unkn...",lifedata-0.1.1-py3-none-any.whl,lifedata,0.1.1,wheel,lifedata/cli/__pycache__/main_test.cpython-38-pytest-6.0.1.pyc,cpython-38,3413,False,4,pylingual_decompilable,data/artifacts/pypi/lifedata/0.1.1/lifedata-0.1.1-py3-none-any.whl
decompyle3,exit_2,tool_exit,"Traceback (most recent call last): File ""/root/PyBC-Sec/pybcSEC/data/rq2/envs/cpython-38/lib/python3.8/site-packages/xdis/load.py"", line 328, in load_module_from_file_object co = marshal.loads(bytecode) ValueError: bad marshal data (unkn...",lifedata-0.1.1-py3-none-any.whl,lifedata,0.1.1,wheel,lifedata/cli/__pycache__/start_test.cpython-38-pytest-6.0.1.pyc,cpython-38,3413,True,4,pylingual_decompilable,data/artifacts/pypi/lifedata/0.1.1/lifedata-0.1.1-py3-none-any.whl
decompyle3,exit_2,tool_exit,"Traceback (most recent call last): File ""/root/PyBC-Sec/pybcSEC/data/rq2/envs/cpython-38/lib/python3.8/site-packages/xdis/load.py"", line 328, in load_module_from_file_object co = marshal.loads(bytecode) ValueError: bad marshal data (unkn...",lifedata-0.1.1-py3-none-any.whl,lifedata,0.1.1,wheel,lifedata/webapi/__pycache__/records_test.cpython-38-pytest-6.0.1.pyc,cpython-38,3413,False,4,pylingual_decompilable,data/artifacts/pypi/lifedata/0.1.1/lifedata-0.1.1-py3-none-any.whl
decompyle3,exit_2,tool_exit,"Traceback (most recent call last): File ""/root/PyBC-Sec/pybcSEC/data/rq2/envs/cpython-38/lib/python3.8/site-packages/xdis/load.py"", line 328, in load_module_from_file_object co = marshal.loads(bytecode) ValueError: bad marshal data (unkn...",lifedata-0.1.1-py3-none-any.whl,lifedata,0.1.1,wheel,lifedata/webapi/__pycache__/samples_test.cpython-38-pytest-6.0.1.pyc,cpython-38,3413,True,4,pylingual_decompilable,data/artifacts/pypi/lifedata/0.1.1/lifedata-0.1.1-py3-none-any.whl
decompyle3,exit_2,tool_exit,"Traceback (most recent call last): File ""/root/PyBC-Sec/pybcSEC/data/rq2/envs/cpython-38/lib/python3.8/site-packages/xdis/load.py"", line 328, in load_module_from_file_object co = marshal.loads(bytecode) ValueError: bad marshal data (unkn...",lifedata-0.1.1.tar.gz,lifedata,0.1.1,tar,lifedata-0.1.1/lifedata/cli/__pycache__/init_test.cpython-38-pytest-6.0.1.pyc,cpython-38,3413,True,4,pylingual_decompilable,data/artifacts/pypi/lifedata/0.1.1/lifedata-0.1.1.tar.gz
decompyle3,exit_2,tool_exit,"Traceback (most recent call last): File ""/root/PyBC-Sec/pybcSEC/data/rq2/envs/cpython-38/lib/python3.8/site-packages/xdis/load.py"", line 328, in load_module_from_file_object co = marshal.loads(bytecode) ValueError: bad marshal data (unkn...",lifedata-0.1.1.tar.gz,lifedata,0.1.1,tar,lifedata-0.1.1/lifedata/cli/__pycache__/main_test.cpython-38-pytest-6.0.1.pyc,cpython-38,3413,False,4,pylingual_decompilable,data/artifacts/pypi/lifedata/0.1.1/lifedata-0.1.1.tar.gz
decompyle3,exit_2,tool_exit,"Traceback (most recent call last): File ""/root/PyBC-Sec/pybcSEC/data/rq2/envs/cpython-38/lib/python3.8/site-packages/xdis/load.py"", line 328, in load_module_from_file_object co = marshal.loads(bytecode) ValueError: bad marshal data (unkn...",lifedata-0.1.1.tar.gz,lifedata,0.1.1,tar,lifedata-0.1.1/lifedata/cli/__pycache__/start_test.cpython-38-pytest-6.0.1.pyc,cpython-38,3413,True,4,pylingual_decompilable,data/artifacts/pypi/lifedata/0.1.1/lifedata-0.1.1.tar.gz
decompyle3,exit_2,tool_exit,"Traceback (most recent call last): File ""/root/PyBC-Sec/pybcSEC/data/rq2/envs/cpython-38/lib/python3.8/site-packages/xdis/load.py"", line 328, in load_module_from_file_object co = marshal.loads(bytecode) ValueError: bad marshal data (unkn...",lifedata-0.1.1.tar.gz,lifedata,0.1.1,tar,lifedata-0.1.1/lifedata/webapi/__pycache__/records_test.cpython-38-pytest-6.0.1.pyc,cpython-38,3413,False,4,pylingual_decompilable,data/artifacts/pypi/lifedata/0.1.1/lifedata-0.1.1.tar.gz
decompyle3,exit_2,tool_exit,"Traceback (most recent call last): File ""/root/PyBC-Sec/pybcSEC/data/rq2/envs/cpython-38/lib/python3.8/site-packages/xdis/load.py"", line 328, in load_module_from_file_object co = marshal.loads(bytecode) ValueError: bad marshal data (unkn...",lifedata-0.1.1.tar.gz,lifedata,0.1.1,tar,lifedata-0.1.1/lifedata/webapi/__pycache__/samples_test.cpython-38-pytest-6.0.1.pyc,cpython-38,3413,True,4,pylingual_decompilable,data/artifacts/pypi/lifedata/0.1.1/lifedata-0.1.1.tar.gz
decompyle3,exit_2,tool_exit,"Traceback (most recent call last): File ""/root/PyBC-Sec/pybcSEC/data/rq2/envs/cpython-38/lib/python3.8/site-packages/xdis/load.py"", line 328, in load_module_from_file_object co = marshal.loads(bytecode) ValueError: bad marshal data (unkn...",magicinvoke-2.4.6-py2-none-any.whl,magicinvoke,2.4.6,wheel,invoke/completion/__pycache__/__init__.cpython-38-pytest-5.3.5.pyc,cpython-38,3413,True,4,pylingual_decompilable,data/artifacts/pypi/magicinvoke/2.4.6/magicinvoke-2.4.6-py2-none-any.whl
decompyle3,exit_2,tool_exit,"Traceback (most recent call last): File ""/root/PyBC-Sec/pybcSEC/data/rq2/envs/cpython-38/lib/python3.8/site-packages/xdis/load.py"", line 328, in load_module_from_file_object co = marshal.loads(bytecode) ValueError: bad marshal data (unkn...",magicinvoke-2.4.6-py2-none-any.whl,magicinvoke,2.4.6,wheel,invoke/completion/__pycache__/complete.cpython-38-PYTEST.pyc,cpython-38,3413,True,4,pylingual_decompilable,data/artifacts/pypi/magicinvoke/2.4.6/magicinvoke-2.4.6-py2-none-any.whl
decompyle3,exit_2,tool_exit,"Traceback (most recent call last): File ""/root/PyBC-Sec/pybcSEC/data/rq2/envs/cpython-38/lib/python3.8/site-packages/xdis/load.py"", line 328, in load_module_from_file_object co = marshal.loads(bytecode) ValueError: bad marshal data (unkn...",magicinvoke-2.4.6-py2-none-any.whl,magicinvoke,2.4.6,wheel,invoke/completion/__pycache__/complete.cpython-38-pytest-5.3.5.pyc,cpython-38,3413,True,4,pylingual_decompilable,data/artifacts/pypi/magicinvoke/2.4.6/magicinvoke-2.4.6-py2-none-any.whl
decompyle3,exit_2,tool_exit,"Traceback (most recent call last): File ""/root/PyBC-Sec/pybcSEC/data/rq2/envs/cpython-38/lib/python3.8/site-packages/xdis/load.py"", line 328, in load_module_from_file_object co = marshal.loads(bytecode) ValueError: bad marshal data (unkn...",magicinvoke-2.4.6.tar.gz,magicinvoke,2.4.6,tar,magicinvoke-2.4.6/invoke/completion/__pycache__/__init__.cpython-38-pytest-5.3.5.pyc,cpython-38,3413,True,4,pylingual_decompilable,data/artifacts/pypi/magicinvoke/2.4.6/magicinvoke-2.4.6.tar.gz
decompyle3,exit_2,tool_exit,"Traceback (most recent call last): File ""/root/PyBC-Sec/pybcSEC/data/rq2/envs/cpython-38/lib/python3.8/site-packages/xdis/load.py"", line 328, in load_module_from_file_object co = marshal.loads(bytecode) ValueError: bad marshal data (unkn...",magicinvoke-2.4.6.tar.gz,magicinvoke,2.4.6,tar,magicinvoke-2.4.6/invoke/completion/__pycache__/complete.cpython-38-PYTEST.pyc,cpython-38,3413,True,4,pylingual_decompilable,data/artifacts/pypi/magicinvoke/2.4.6/magicinvoke-2.4.6.tar.gz
decompyle3,exit_2,tool_exit,"Traceback (most recent call last): File ""/root/PyBC-Sec/pybcSEC/data/rq2/envs/cpython-38/lib/python3.8/site-packages/xdis/load.py"", line 328, in load_module_from_file_object co = marshal.loads(bytecode) ValueError: bad marshal data (unkn...",magicinvoke-2.4.6.tar.gz,magicinvoke,2.4.6,tar,magicinvoke-2.4.6/invoke/completion/__pycache__/complete.cpython-38-pytest-5.3.5.pyc,cpython-38,3413,True,4,pylingual_decompilable,data/artifacts/pypi/magicinvoke/2.4.6/magicinvoke-2.4.6.tar.gz
decompyle3,exit_2,tool_exit,"Traceback (most recent call last): File ""/root/PyBC-Sec/pybcSEC/data/rq2/envs/cpython-38/lib/python3.8/site-packages/xdis/load.py"", line 328, in load_module_from_file_object co = marshal.loads(bytecode) ValueError: bad marshal data (unkn...",magicinvoke-2.4.6.tar.gz,magicinvoke,2.4.6,tar,magicinvoke-2.4.6/sites/magic_docs/examples/data-pipeline/__pycache__/tasks.cpython-38-PYTEST.pyc,cpython-38,3413,True,4,pylingual_decompilable,data/artifacts/pypi/magicinvoke/2.4.6/magicinvoke-2.4.6.tar.gz
decompyle3,exit_2,tool_exit,"Traceback (most recent call last): File ""/root/PyBC-Sec/pybcSEC/data/rq2/envs/cpython-38/lib/python3.8/site-packages/xdis/load.py"", line 328, in load_module_from_file_object co = marshal.loads(bytecode) ValueError: bad marshal data (unkn...",magicinvoke-2.4.6.tar.gz,magicinvoke,2.4.6,tar,magicinvoke-2.4.6/sites/magic_docs/examples/data-pipeline/__pycache__/tests.cpython-38-PYTEST.pyc,cpython-38,3413,True,4,pylingual_decompilable,data/artifacts/pypi/magicinvoke/2.4.6/magicinvoke-2.4.6.tar.gz
marshal,error,marshal_parse_failure,marshal_failed:,mediphy-2.2.0.tar.gz,mediphy,2.2.0,tar,mediphy-2.2.0/parties/mediphy/frontiers/trends/monetary/DB_mediphy_trends/collection_vernacular/__pycache__/connect.cpython-310.pyc,cpython-310,3439,False,4,pylingual_decompilable,data/artifacts/pypi/mediphy/2.2.0/mediphy-2.2.0.tar.gz
decompyle3,exit_2,tool_exit,/root/PyBC-Sec/pybcSEC/data/rq2/envs/cpython-310/lib/python3.10/site-packages/click/core.py:1262: UserWarning: The parameter --version is used more than once. Remove its duplicate as parameters should be unique. parser = self.make_parser...,mediphy-2.2.0.tar.gz,mediphy,2.2.0,tar,mediphy-2.2.0/parties/mediphy/frontiers/trends/monetary/DB_mediphy_trends/collection_vernacular/__pycache__/connect.cpython-310.pyc,cpython-310,3439,False,4,pylingual_decompilable,data/artifacts/pypi/mediphy/2.2.0/mediphy-2.2.0.tar.gz
marshal,error,marshal_parse_failure,marshal_failed:,mediphy-2.2.0.tar.gz,mediphy,2.2.0,tar,mediphy-2.2.0/parties/mediphy/frontiers/trends/monetary/DB_mediphy_trends/collection_vernacular/document/__pycache__/find.cpython-310.pyc,cpython-310,3439,False,4,pylingual_decompilable,data/artifacts/pypi/mediphy/2.2.0/mediphy-2.2.0.tar.gz
decompyle3,exit_2,tool_exit,/root/PyBC-Sec/pybcSEC/data/rq2/envs/cpython-310/lib/python3.10/site-packages/click/core.py:1262: UserWarning: The parameter --version is used more than once. Remove its duplicate as parameters should be unique. parser = self.make_parser...,mediphy-2.2.0.tar.gz,mediphy,2.2.0,tar,mediphy-2.2.0/parties/mediphy/frontiers/trends/monetary/DB_mediphy_trends/collection_vernacular/document/__pycache__/find.cpython-310.pyc,cpython-310,3439,False,4,pylingual_decompilable,data/artifacts/pypi/mediphy/2.2.0/mediphy-2.2.0.tar.gz
marshal,error,marshal_parse_failure,marshal_failed:,mediphy-2.2.0.tar.gz,mediphy,2.2.0,tar,mediphy-2.2.0/parties/mediphy/frontiers/trends/monetary/_controls/__pycache__/_clique.cpython-310.pyc,cpython-310,3439,True,4,pylingual_decompilable,data/artifacts/pypi/mediphy/2.2.0/mediphy-2.2.0.tar.gz
decompyle3,exit_2,tool_exit,/root/PyBC-Sec/pybcSEC/data/rq2/envs/cpython-310/lib/python3.10/site-packages/click/core.py:1262: UserWarning: The parameter --version is used more than once. Remove its duplicate as parameters should be unique. parser = self.make_parser...,mediphy-2.2.0.tar.gz,mediphy,2.2.0,tar,mediphy-2.2.0/parties/mediphy/frontiers/trends/monetary/_controls/__pycache__/_clique.cpython-310.pyc,cpython-310,3439,True,4,pylingual_decompilable,data/artifacts/pypi/mediphy/2.2.0/mediphy-2.2.0.tar.gz
marshal,error,marshal_parse_failure,marshal_failed:,mediphy-2.2.0.tar.gz,mediphy,2.2.0,tar,mediphy-2.2.0/parties/mediphy/frontiers/trends/monetary/_controls/__pycache__/build.cpython-310.pyc,cpython-310,3439,True,4,pylingual_decompilable,data/artifacts/pypi/mediphy/2.2.0/mediphy-2.2.0.tar.gz
decompyle3,exit_2,tool_exit,/root/PyBC-Sec/pybcSEC/data/rq2/envs/cpython-310/lib/python3.10/site-packages/click/core.py:1262: UserWarning: The parameter --version is used more than once. Remove its duplicate as parameters should be unique. parser = self.make_parser...,mediphy-2.2.0.tar.gz,mediphy,2.2.0,tar,mediphy-2.2.0/parties/mediphy/frontiers/trends/monetary/_controls/__pycache__/build.cpython-310.pyc,cpython-310,3439,True,4,pylingual_decompilable,data/artifacts/pypi/mediphy/2.2.0/mediphy-2.2.0.tar.gz
marshal,error,marshal_parse_failure,marshal_failed:,mediphy-2.2.0.tar.gz,mediphy,2.2.0,tar,mediphy-2.2.0/parties/mediphy/mixes/insure/__pycache__/equalities.cpython-311.pyc,cpython-311,42946,True,4,pylingual_decompilable,data/artifacts/pypi/mediphy/2.2.0/mediphy-2.2.0.tar.gz
decompyle3,exit_2,tool_exit,/root/PyBC-Sec/pybcSEC/data/rq2/envs/cpython-311/lib/python3.11/site-packages/click/core.py:1262: UserWarning: The parameter --version is used more than once. Remove its duplicate as parameters should be unique. parser = self.make_parser...,mediphy-2.2.0.tar.gz,mediphy,2.2.0,tar,mediphy-2.2.0/parties/mediphy/mixes/insure/__pycache__/equalities.cpython-311.pyc,cpython-311,42946,True,4,pylingual_decompilable,data/artifacts/pypi/mediphy/2.2.0/mediphy-2.2.0.tar.gz
marshal,error,marshal_parse_failure,marshal_failed:,mediphy-2.2.0.tar.gz,mediphy,2.2.0,tar,mediphy-2.2.0/parties/mediphy/mixes/insure/__pycache__/equality.cpython-311.pyc,cpython-311,42946,True,4,pylingual_decompilable,data/artifacts/pypi/mediphy/2.2.0/mediphy-2.2.0.tar.gz
decompyle3,exit_2,tool_exit,/root/PyBC-Sec/pybcSEC/data/rq2/envs/cpython-311/lib/python3.11/site-packages/click/core.py:1262: UserWarning: The parameter --version is used more than once. Remove its duplicate as parameters should be unique. parser = self.make_parser...,mediphy-2.2.0.tar.gz,mediphy,2.2.0,tar,mediphy-2.2.0/parties/mediphy/mixes/insure/__pycache__/equality.cpython-311.pyc,cpython-311,42946,True,4,pylingual_decompilable,data/artifacts/pypi/mediphy/2.2.0/mediphy-2.2.0.tar.gz
marshal,error,marshal_parse_failure,marshal_failed:,mediphy-2.2.0.tar.gz,mediphy,2.2.0,tar,mediphy-2.2.0/parties/mediphy/mixes/insure/__pycache__/override_print.cpython-311.pyc,cpython-311,42946,True,4,pylingual_decompilable,data/artifacts/pypi/mediphy/2.2.0/mediphy-2.2.0.tar.gz
decompyle3,exit_2,tool_exit,/root/PyBC-Sec/pybcSEC/data/rq2/envs/cpython-311/lib/python3.11/site-packages/click/core.py:1262: UserWarning: The parameter --version is used more than once. Remove its duplicate as parameters should be unique. parser = self.make_parser...,mediphy-2.2.0.tar.gz,mediphy,2.2.0,tar,mediphy-2.2.0/parties/mediphy/mixes/insure/__pycache__/override_print.cpython-311.pyc,cpython-311,42946,True,4,pylingual_decompilable,data/artifacts/pypi/mediphy/2.2.0/mediphy-2.2.0.tar.gz
marshal,error,marshal_parse_failure,marshal_failed:,mediphy-2.2.0.tar.gz,mediphy,2.2.0,tar,mediphy-2.2.0/parties/mediphy/modules/freight--/__pycache__/save.cpython-310.pyc,cpython-310,3439,True,4,pylingual_decompilable,data/artifacts/pypi/mediphy/2.2.0/mediphy-2.2.0.tar.gz
decompyle3,exit_2,tool_exit,/root/PyBC-Sec/pybcSEC/data/rq2/envs/cpython-310/lib/python3.10/site-packages/click/core.py:1262: UserWarning: The parameter --version is used more than once. Remove its duplicate as parameters should be unique. parser = self.make_parser...,mediphy-2.2.0.tar.gz,mediphy,2.2.0,tar,mediphy-2.2.0/parties/mediphy/modules/freight--/__pycache__/save.cpython-310.pyc,cpython-310,3439,True,4,pylingual_decompilable,data/artifacts/pypi/mediphy/2.2.0/mediphy-2.2.0.tar.gz
marshal,error,marshal_parse_failure,marshal_failed:,mediphy-2.2.0.tar.gz,mediphy,2.2.0,tar,mediphy-2.2.0/parties/mediphy/modules/moves/__pycache__/mint_to_trends.cpython-310.pyc,cpython-310,3439,True,4,pylingual_decompilable,data/artifacts/pypi/mediphy/2.2.0/mediphy-2.2.0.tar.gz
decompyle3,exit_2,tool_exit,/root/PyBC-Sec/pybcSEC/data/rq2/envs/cpython-310/lib/python3.10/site-packages/click/core.py:1262: UserWarning: The parameter --version is used more than once. Remove its duplicate as parameters should be unique. parser = self.make_parser...,mediphy-2.2.0.tar.gz,mediphy,2.2.0,tar,mediphy-2.2.0/parties/mediphy/modules/moves/__pycache__/mint_to_trends.cpython-310.pyc,cpython-310,3439,True,4,pylingual_decompilable,data/artifacts/pypi/mediphy/2.2.0/mediphy-2.2.0.tar.gz
marshal,error,marshal_parse_failure,marshal_failed:,mediphy-2.2.0.tar.gz,mediphy,2.2.0,tar,mediphy-2.2.0/parties/mediphy/modules/moves/__pycache__/on.cpython-310.pyc,cpython-310,3439,False,4,pylingual_decompilable,data/artifacts/pypi/mediphy/2.2.0/mediphy-2.2.0.tar.gz
decompyle3,exit_2,tool_exit,/root/PyBC-Sec/pybcSEC/data/rq2/envs/cpython-310/lib/python3.10/site-packages/click/core.py:1262: UserWarning: The parameter --version is used more than once. Remove its duplicate as parameters should be unique. parser = self.make_parser...,mediphy-2.2.0.tar.gz,mediphy,2.2.0,tar,mediphy-2.2.0/parties/mediphy/modules/moves/__pycache__/on.cpython-310.pyc,cpython-310,3439,False,4,pylingual_decompilable,data/artifacts/pypi/mediphy/2.2.0/mediphy-2.2.0.tar.gz
marshal,error,marshal_parse_failure,marshal_failed:,mediphy-2.2.0.tar.gz,mediphy,2.2.0,tar,mediphy-2.2.0/parties/mediphy/modules/moves/__pycache__/show.cpython-310.pyc,cpython-310,3439,False,4,pylingual_decompilable,data/artifacts/pypi/mediphy/2.2.0/mediphy-2.2.0.tar.gz
decompyle3,exit_2,tool_exit,/root/PyBC-Sec/pybcSEC/data/rq2/envs/cpython-310/lib/python3.10/site-packages/click/core.py:1262: UserWarning: The parameter --version is used more than once. Remove its duplicate as parameters should be unique. parser = self.make_parser...,mediphy-2.2.0.tar.gz,mediphy,2.2.0,tar,mediphy-2.2.0/parties/mediphy/modules/moves/__pycache__/show.cpython-310.pyc,cpython-310,3439,False,4,pylingual_decompilable,data/artifacts/pypi/mediphy/2.2.0/mediphy-2.2.0.tar.gz
marshal,error,marshal_parse_failure,marshal_failed:,monies-0.0.2.tar.gz,monies,0.0.2,tar,monies-0.0.2/tracts/houses/monies/_ops/_clique/__pycache__/__init__.cpython-311.pyc,cpython-311,42946,True,4,pylingual_decompilable,data/artifacts/pypi/monies/0.0.2/monies-0.0.2.tar.gz
decompyle3,exit_2,tool_exit,/root/PyBC-Sec/pybcSEC/data/rq2/envs/cpython-311/lib/python3.11/site-packages/click/core.py:1262: UserWarning: The parameter --version is used more than once. Remove its duplicate as parameters should be unique. parser = self.make_parser...,monies-0.0.2.tar.gz,monies,0.0.2,tar,monies-0.0.2/tracts/houses/monies/_ops/_clique/__pycache__/__init__.cpython-311.pyc,cpython-311,42946,True,4,pylingual_decompilable,data/artifacts/pypi/monies/0.0.2/monies-0.0.2.tar.gz
marshal,error,marshal_parse_failure,marshal_failed:,monies-0.0.2.tar.gz,monies,0.0.2,tar,monies-0.0.2/tracts/houses/monies/_ops/_clique/group/__pycache__/__init__.cpython-311.pyc,cpython-311,42946,True,4,pylingual_decompilable,data/artifacts/pypi/monies/0.0.2/monies-0.0.2.tar.gz
decompyle3,exit_2,tool_exit,/root/PyBC-Sec/pybcSEC/data/rq2/envs/cpython-311/lib/python3.11/site-packages/click/core.py:1262: UserWarning: The parameter --version is used more than once. Remove its duplicate as parameters should be unique. parser = self.make_parser...,monies-0.0.2.tar.gz,monies,0.0.2,tar,monies-0.0.2/tracts/houses/monies/_ops/_clique/group/__pycache__/__init__.cpython-311.pyc,cpython-311,42946,True,4,pylingual_decompilable,data/artifacts/pypi/monies/0.0.2/monies-0.0.2.tar.gz
marshal,error,marshal_parse_failure,marshal_failed:,moolib-0.0.9b0.tar.gz,moolib,0.0.9b0,tar,moolib-0.0.9b0/examples/__pycache__/.!92793!__init__.cpython-38.pyc,cpython-38,3413,False,4,pylingual_decompilable,data/artifacts/pypi/moolib/0.0.9b0/moolib-0.0.9b0.tar.gz
decompyle3,exit_2,tool_exit,File name: '/tmp/pybcsec-rq2-5na26tze/sample.pyc (4 bytes)' is too short to be a valid pyc file,moolib-0.0.9b0.tar.gz,moolib,0.0.9b0,tar,moolib-0.0.9b0/examples/__pycache__/.!92793!__init__.cpython-38.pyc,cpython-38,3413,False,4,pylingual_decompilable,data/artifacts/pypi/moolib/0.0.9b0/moolib-0.0.9b0.tar.gz
marshal,error,marshal_parse_failure,marshal_failed:,moolib-0.0.9b0.tar.gz,moolib,0.0.9b0,tar,moolib-0.0.9b0/examples/__pycache__/.!92794!a2c.cpython-38.pyc,cpython-38,3413,False,4,pylingual_decompilable,data/artifacts/pypi/moolib/0.0.9b0/moolib-0.0.9b0.tar.gz
decompyle3,exit_2,tool_exit,File name: '/tmp/pybcsec-rq2-7w12dx44/sample.pyc (4 bytes)' is too short to be a valid pyc file,moolib-0.0.9b0.tar.gz,moolib,0.0.9b0,tar,moolib-0.0.9b0/examples/__pycache__/.!92794!a2c.cpython-38.pyc,cpython-38,3413,False,4,pylingual_decompilable,data/artifacts/pypi/moolib/0.0.9b0/moolib-0.0.9b0.tar.gz
marshal,error,marshal_parse_failure,marshal_failed:,moolib-0.0.9b0.tar.gz,moolib,0.0.9b0,tar,moolib-0.0.9b0/py/moolib/__pycache__/.!92592!__init__.cpython-38.pyc,cpython-38,3413,False,4,pylingual_decompilable,data/artifacts/pypi/moolib/0.0.9b0/moolib-0.0.9b0.tar.gz
decompyle3,exit_2,tool_exit,File name: '/tmp/pybcsec-rq2-siod8evs/sample.pyc (4 bytes)' is too short to be a valid pyc file,moolib-0.0.9b0.tar.gz,moolib,0.0.9b0,tar,moolib-0.0.9b0/py/moolib/__pycache__/.!92592!__init__.cpython-38.pyc,cpython-38,3413,False,4,pylingual_decompilable,data/artifacts/pypi/moolib/0.0.9b0/moolib-0.0.9b0.tar.gz
marshal,error,marshal_parse_failure,marshal_failed:,moolib-0.0.9b0.tar.gz,moolib,0.0.9b0,tar,moolib-0.0.9b0/py/moolib/examples/__pycache__/.!92793!__init__.cpython-38.pyc,cpython-38,3413,False,4,pylingual_decompilable,data/artifacts/pypi/moolib/0.0.9b0/moolib-0.0.9b0.tar.gz
decompyle3,exit_2,tool_exit,File name: '/tmp/pybcsec-rq2-0oisi5q7/sample.pyc (4 bytes)' is too short to be a valid pyc file,moolib-0.0.9b0.tar.gz,moolib,0.0.9b0,tar,moolib-0.0.9b0/py/moolib/examples/__pycache__/.!92793!__init__.cpython-38.pyc,cpython-38,3413,False,4,pylingual_decompilable,data/artifacts/pypi/moolib/0.0.9b0/moolib-0.0.9b0.tar.gz
marshal,error,marshal_parse_failure,marshal_failed:,moolib-0.0.9b0.tar.gz,moolib,0.0.9b0,tar,moolib-0.0.9b0/py/moolib/examples/__pycache__/.!92794!a2c.cpython-38.pyc,cpython-38,3413,False,4,pylingual_decompilable,data/artifacts/pypi/moolib/0.0.9b0/moolib-0.0.9b0.tar.gz
decompyle3,exit_2,tool_exit,File name: '/tmp/pybcsec-rq2-e_j6ez83/sample.pyc (4 bytes)' is too short to be a valid pyc file,moolib-0.0.9b0.tar.gz,moolib,0.0.9b0,tar,moolib-0.0.9b0/py/moolib/examples/__pycache__/.!92794!a2c.cpython-38.pyc,cpython-38,3413,False,4,pylingual_decompilable,data/artifacts/pypi/moolib/0.0.9b0/moolib-0.0.9b0.tar.gz
marshal,error,marshal_parse_failure,marshal_failed:offset8:ValueError:bad marshal data (unknown type code),moolib-0.0.9b0.tar.gz,moolib,0.0.9b0,tar,moolib-0.0.9b0/test/integration/__pycache__/.!92633!test_a2c.cpython-38-pytest-6.2.4.pyc,cpython-38,3413,False,4,pylingual_decompilable,data/artifacts/pypi/moolib/0.0.9b0/moolib-0.0.9b0.tar.gz
decompyle3,exit_2,tool_exit,File name: '/tmp/pybcsec-rq2-a26uxkx8/sample.pyc (9 bytes)' is too short to be a valid pyc file,moolib-0.0.9b0.tar.gz,moolib,0.0.9b0,tar,moolib-0.0.9b0/test/integration/__pycache__/.!92633!test_a2c.cpython-38-pytest-6.2.4.pyc,cpython-38,3413,False,4,pylingual_decompilable,data/artifacts/pypi/moolib/0.0.9b0/moolib-0.0.9b0.tar.gz
marshal,error,marshal_parse_failure,marshal_failed:,moolib-0.0.9b0.tar.gz,moolib,0.0.9b0,tar,moolib-0.0.9b0/test/unit/__pycache__/.!92613!test_accumulator.cpython-38.pyc,cpython-38,3413,False,4,pylingual_decompilable,data/artifacts/pypi/moolib/0.0.9b0/moolib-0.0.9b0.tar.gz
decompyle3,exit_2,tool_exit,File name: '/tmp/pybcsec-rq2-cu21s_4s/sample.pyc (4 bytes)' is too short to be a valid pyc file,moolib-0.0.9b0.tar.gz,moolib,0.0.9b0,tar,moolib-0.0.9b0/test/unit/__pycache__/.!92613!test_accumulator.cpython-38.pyc,cpython-38,3413,False,4,pylingual_decompilable,data/artifacts/pypi/moolib/0.0.9b0/moolib-0.0.9b0.tar.gz
marshal,error,marshal_parse_failure,marshal_failed:,moolib-0.0.9b0.tar.gz,moolib,0.0.9b0,tar,moolib-0.0.9b0/test/unit/__pycache__/.!92614!test_envpool.cpython-38-pytest-6.2.4.pyc,cpython-38,3413,False,4,pylingual_decompilable,data/artifacts/pypi/moolib/0.0.9b0/moolib-0.0.9b0.tar.gz
decompyle3,exit_2,tool_exit,File name: '/tmp/pybcsec-rq2-ko4gv1fs/sample.pyc (4 bytes)' is too short to be a valid pyc file,moolib-0.0.9b0.tar.gz,moolib,0.0.9b0,tar,moolib-0.0.9b0/test/unit/__pycache__/.!92614!test_envpool.cpython-38-pytest-6.2.4.pyc,cpython-38,3413,False,4,pylingual_decompilable,data/artifacts/pypi/moolib/0.0.9b0/moolib-0.0.9b0.tar.gz
marshal,error,marshal_parse_failure,marshal_failed:,moolib-0.0.9b0.tar.gz,moolib,0.0.9b0,tar,moolib-0.0.9b0/test/unit/__pycache__/.!92615!test_import_broker.cpython-38-pytest-6.2.4.pyc,cpython-38,3413,False,4,pylingual_decompilable,data/artifacts/pypi/moolib/0.0.9b0/moolib-0.0.9b0.tar.gz
decompyle3,exit_2,tool_exit,File name: '/tmp/pybcsec-rq2-r6wno_4n/sample.pyc (4 bytes)' is too short to be a valid pyc file,moolib-0.0.9b0.tar.gz,moolib,0.0.9b0,tar,moolib-0.0.9b0/test/unit/__pycache__/.!92615!test_import_broker.cpython-38-pytest-6.2.4.pyc,cpython-38,3413,False,4,pylingual_decompilable,data/artifacts/pypi/moolib/0.0.9b0/moolib-0.0.9b0.tar.gz
marshal,error,marshal_parse_failure,marshal_failed:,moolib-0.0.9b0.tar.gz,moolib,0.0.9b0,tar,moolib-0.0.9b0/test/unit/__pycache__/.!92616!test_broker.cpython-38-pytest-6.2.4.pyc,cpython-38,3413,False,4,pylingual_decompilable,data/artifacts/pypi/moolib/0.0.9b0/moolib-0.0.9b0.tar.gz
decompyle3,exit_2,tool_exit,File name: '/tmp/pybcsec-rq2-nijwzmnr/sample.pyc (4 bytes)' is too short to be a valid pyc file,moolib-0.0.9b0.tar.gz,moolib,0.0.9b0,tar,moolib-0.0.9b0/test/unit/__pycache__/.!92616!test_broker.cpython-38-pytest-6.2.4.pyc,cpython-38,3413,False,4,pylingual_decompilable,data/artifacts/pypi/moolib/0.0.9b0/moolib-0.0.9b0.tar.gz
marshal,error,marshal_parse_failure,marshal_failed:,moolib-0.0.9b0.tar.gz,moolib,0.0.9b0,tar,moolib-0.0.9b0/test/unit/__pycache__/.!92617!test_pickle.cpython-38-pytest-6.2.4.pyc,cpython-38,3413,False,4,pylingual_decompilable,data/artifacts/pypi/moolib/0.0.9b0/moolib-0.0.9b0.tar.gz
decompyle3,exit_2,tool_exit,File name: '/tmp/pybcsec-rq2-gm4fb1lb/sample.pyc (4 bytes)' is too short to be a valid pyc file,moolib-0.0.9b0.tar.gz,moolib,0.0.9b0,tar,moolib-0.0.9b0/test/unit/__pycache__/.!92617!test_pickle.cpython-38-pytest-6.2.4.pyc,cpython-38,3413,False,4,pylingual_decompilable,data/artifacts/pypi/moolib/0.0.9b0/moolib-0.0.9b0.tar.gz
marshal,error,marshal_parse_failure,marshal_failed:,moolib-0.0.9b0.tar.gz,moolib,0.0.9b0,tar,moolib-0.0.9b0/test/unit/__pycache__/.!92621!test_simple.cpython-38-pytest-6.2.4.pyc,cpython-38,3413,False,4,pylingual_decompilable,data/artifacts/pypi/moolib/0.0.9b0/moolib-0.0.9b0.tar.gz
decompyle3,exit_2,tool_exit,File name: '/tmp/pybcsec-rq2-v688ddqk/sample.pyc (4 bytes)' is too short to be a valid pyc file,moolib-0.0.9b0.tar.gz,moolib,0.0.9b0,tar,moolib-0.0.9b0/test/unit/__pycache__/.!92621!test_simple.cpython-38-pytest-6.2.4.pyc,cpython-38,3413,False,4,pylingual_decompilable,data/artifacts/pypi/moolib/0.0.9b0/moolib-0.0.9b0.tar.gz
marshal,error,marshal_parse_failure,marshal_failed:,moolib-0.0.9b0.tar.gz,moolib,0.0.9b0,tar,moolib-0.0.9b0/test/unit/__pycache__/.!92622!test_tensors.cpython-38-pytest-6.2.4.pyc,cpython-38,3413,False,4,pylingual_decompilable,data/artifacts/pypi/moolib/0.0.9b0/moolib-0.0.9b0.tar.gz
decompyle3,exit_2,tool_exit,File name: '/tmp/pybcsec-rq2-z7ximvk2/sample.pyc (4 bytes)' is too short to be a valid pyc file,moolib-0.0.9b0.tar.gz,moolib,0.0.9b0,tar,moolib-0.0.9b0/test/unit/__pycache__/.!92622!test_tensors.cpython-38-pytest-6.2.4.pyc,cpython-38,3413,False,4,pylingual_decompilable,data/artifacts/pypi/moolib/0.0.9b0/moolib-0.0.9b0.tar.gz
marshal,error,marshal_parse_failure,marshal_failed:,moolib-0.0.9b0.tar.gz,moolib,0.0.9b0,tar,moolib-0.0.9b0/test/unit/__pycache__/.!92623!test_batcher.cpython-38-pytest-6.2.4.pyc,cpython-38,3413,False,4,pylingual_decompilable,data/artifacts/pypi/moolib/0.0.9b0/moolib-0.0.9b0.tar.gz
decompyle3,exit_2,tool_exit,File name: '/tmp/pybcsec-rq2-v5gojm1u/sample.pyc (4 bytes)' is too short to be a valid pyc file,moolib-0.0.9b0.tar.gz,moolib,0.0.9b0,tar,moolib-0.0.9b0/test/unit/__pycache__/.!92623!test_batcher.cpython-38-pytest-6.2.4.pyc,cpython-38,3413,False,4,pylingual_decompilable,data/artifacts/pypi/moolib/0.0.9b0/moolib-0.0.9b0.tar.gz
marshal,error,marshal_parse_failure,marshal_failed:,moolib-0.0.9b0.tar.gz,moolib,0.0.9b0,tar,moolib-0.0.9b0/test/unit/__pycache__/.!92624!test_accumulator.cpython-38-pytest-6.2.4.pyc,cpython-38,3413,False,4,pylingual_decompilable,data/artifacts/pypi/moolib/0.0.9b0/moolib-0.0.9b0.tar.gz
decompyle3,exit_2,tool_exit,File name: '/tmp/pybcsec-rq2-zb5cwy4n/sample.pyc (4 bytes)' is too short to be a valid pyc file,moolib-0.0.9b0.tar.gz,moolib,0.0.9b0,tar,moolib-0.0.9b0/test/unit/__pycache__/.!92624!test_accumulator.cpython-38-pytest-6.2.4.pyc,cpython-38,3413,False,4,pylingual_decompilable,data/artifacts/pypi/moolib/0.0.9b0/moolib-0.0.9b0.tar.gz
decompyle3,exit_1,tool_exit,"Traceback (most recent call last): File ""data/rq2/envs/cpython-38/bin/decompyle3"", line 8, in <module> sys.exit(main_bin()) File ""/root/PyBC-Sec/pybcSEC/data/rq2/envs/cpython-38/lib/python3.8/site-packages/click/core.py"", line 1161, in _...",mqc-2.0.2-py3-none-any.whl,mqc,2.0.2,wheel,mqc/control/__pycache__/atp_control.cpython-38.pyc,cpython-38,3413,True,4,pylingual_decompilable,data/artifacts/pypi/mqc/2.0.2/mqc-2.0.2-py3-none-any.whl
decompyle3,exit_1,tool_exit,"Traceback (most recent call last): File ""data/rq2/envs/cpython-38/bin/decompyle3"", line 8, in <module> sys.exit(main_bin()) File ""/root/PyBC-Sec/pybcSEC/data/rq2/envs/cpython-38/lib/python3.8/site-packages/click/core.py"", line 1161, in _...",mqc-2.0.2.tar.gz,mqc,2.0.2,tar,mqc-2.0.2/mqc/control/__pycache__/atp_control.cpython-38.pyc,cpython-38,3413,True,4,pylingual_decompilable,data/artifacts/pypi/mqc/2.0.2/mqc-2.0.2.tar.gz
decompyle3,exit_1,tool_exit,"Traceback (most recent call last): File ""data/rq2/envs/cpython-38/bin/decompyle3"", line 8, in <module> sys.exit(main_bin()) File ""/root/PyBC-Sec/pybcSEC/data/rq2/envs/cpython-38/lib/python3.8/site-packages/click/core.py"", line 1161, in _...",mwahpy-2.1.5-py3-none-any.whl,mwahpy,2.1.5,wheel,mwahpy/__pycache__/plot.cpython-38.pyc,cpython-38,3413,True,4,pylingual_decompilable,data/artifacts/pypi/mwahpy/2.1.5/mwahpy-2.1.5-py3-none-any.whl
decompyle3,exit_2,tool_exit,"Traceback (most recent call last): File ""/root/PyBC-Sec/pybcSEC/data/rq2/envs/cpython-38/lib/python3.8/site-packages/xdis/load.py"", line 328, in load_module_from_file_object co = marshal.loads(bytecode) ValueError: bad marshal data (unkn...",myfitnesspal-2.1.2.tar.gz,myfitnesspal,2.1.2,tar,myfitnesspal-2.1.2/tests/__pycache__/test_client.cpython-38-pytest-5.4.3.pyc,cpython-38,3413,True,4,pylingual_decompilable,data/artifacts/pypi/myfitnesspal/2.1.2/myfitnesspal-2.1.2.tar.gz
decompyle3,exit_2,tool_exit,"Traceback (most recent call last): File ""/root/PyBC-Sec/pybcSEC/data/rq2/envs/cpython-38/lib/python3.8/site-packages/xdis/load.py"", line 328, in load_module_from_file_object co = marshal.loads(bytecode) ValueError: bad marshal data (unkn...",myfitnesspal-2.1.2.tar.gz,myfitnesspal,2.1.2,tar,myfitnesspal-2.1.2/tests/__pycache__/test_integration.cpython-38-pytest-5.4.3.pyc,cpython-38,3413,True,4,pylingual_decompilable,data/artifacts/pypi/myfitnesspal/2.1.2/myfitnesspal-2.1.2.tar.gz
decompyle3,exit_2,tool_exit,"Traceback (most recent call last): File ""/root/PyBC-Sec/pybcSEC/data/rq2/envs/cpython-38/lib/python3.8/site-packages/xdis/load.py"", line 328, in load_module_from_file_object co = marshal.loads(bytecode) ValueError: bad marshal data (unkn...",new-flask-app-1.0.4.tar.gz,new-flask-app,1.0.4,tar,new-flask-app-1.0.4/create_flask_app/app/tests/__pycache__/test_app.cpython-38-pytest-6.0.1.pyc,cpython-38,3413,True,4,pylingual_decompilable,data/artifacts/pypi/new-flask-app/1.0.4/new-flask-app-1.0.4.tar.gz
decompyle3,exit_2,tool_exit,"Traceback (most recent call last): File ""/root/PyBC-Sec/pybcSEC/data/rq2/envs/cpython-38/lib/python3.8/site-packages/xdis/load.py"", line 328, in load_module_from_file_object co = marshal.loads(bytecode) ValueError: bad marshal data (unkn...",new_flask_app-1.0.4-py3-none-any.whl,new-flask-app,1.0.4,wheel,create_flask_app/app/tests/__pycache__/test_app.cpython-38-pytest-6.0.1.pyc,cpython-38,3413,True,4,pylingual_decompilable,data/artifacts/pypi/new-flask-app/1.0.4/new_flask_app-1.0.4-py3-none-any.whl
decompyle3,exit_2,tool_exit,"Traceback (most recent call last): File ""/root/PyBC-Sec/pybcSEC/data/rq2/envs/cpython-39/lib/python3.9/site-packages/xdis/load.py"", line 328, in load_module_from_file_object co = marshal.loads(bytecode) ValueError: bad marshal data (unkn...",neurocollage-0.3.7.tar.gz,neurocollage,0.3.7,tar,neurocollage-0.3.7/tests/__pycache__/conftest.cpython-39-pytest-6.0.0.pyc,cpython-39,3425,True,4,pylingual_decompilable,data/artifacts/pypi/neurocollage/0.3.7/neurocollage-0.3.7.tar.gz
decompyle3,exit_2,tool_exit,"Traceback (most recent call last): File ""/root/PyBC-Sec/pybcSEC/data/rq2/envs/cpython-39/lib/python3.9/site-packages/xdis/load.py"", line 328, in load_module_from_file_object co = marshal.loads(bytecode) ValueError: bad marshal data (unkn...",neurocollage-0.3.7.tar.gz,neurocollage,0.3.7,tar,neurocollage-0.3.7/tests/__pycache__/conftest.cpython-39-pytest-6.1.0.pyc,cpython-39,3425,True,4,pylingual_decompilable,data/artifacts/pypi/neurocollage/0.3.7/neurocollage-0.3.7.tar.gz
decompyle3,exit_2,tool_exit,"Traceback (most recent call last): File ""/root/PyBC-Sec/pybcSEC/data/rq2/envs/cpython-39/lib/python3.9/site-packages/xdis/load.py"", line 328, in load_module_from_file_object co = marshal.loads(bytecode) ValueError: bad marshal data (unkn...",neurocollage-0.3.7.tar.gz,neurocollage,0.3.7,tar,neurocollage-0.3.7/tests/__pycache__/test_cli.cpython-39-pytest-6.0.0.pyc,cpython-39,3425,True,4,pylingual_decompilable,data/artifacts/pypi/neurocollage/0.3.7/neurocollage-0.3.7.tar.gz
decompyle3,exit_2,tool_exit,"Traceback (most recent call last): File ""/root/PyBC-Sec/pybcSEC/data/rq2/envs/cpython-39/lib/python3.9/site-packages/xdis/load.py"", line 328, in load_module_from_file_object co = marshal.loads(bytecode) ValueError: bad marshal data (unkn...",neurocollage-0.3.7.tar.gz,neurocollage,0.3.7,tar,neurocollage-0.3.7/tests/__pycache__/test_cli.cpython-39-pytest-6.1.0.pyc,cpython-39,3425,True,4,pylingual_decompilable,data/artifacts/pypi/neurocollage/0.3.7/neurocollage-0.3.7.tar.gz
decompyle3,exit_2,tool_exit,"Traceback (most recent call last): File ""/root/PyBC-Sec/pybcSEC/data/rq2/envs/cpython-39/lib/python3.9/site-packages/xdis/load.py"", line 328, in load_module_from_file_object co = marshal.loads(bytecode) ValueError: bad marshal data (unkn...",neurocollage-0.3.7.tar.gz,neurocollage,0.3.7,tar,neurocollage-0.3.7/tests/__pycache__/test_collage.cpython-39-pytest-6.0.0.pyc,cpython-39,3425,True,4,pylingual_decompilable,data/artifacts/pypi/neurocollage/0.3.7/neurocollage-0.3.7.tar.gz
decompyle3,exit_2,tool_exit,"Traceback (most recent call last): File ""/root/PyBC-Sec/pybcSEC/data/rq2/envs/cpython-39/lib/python3.9/site-packages/xdis/load.py"", line 328, in load_module_from_file_object co = marshal.loads(bytecode) ValueError: bad marshal data (unkn...",neurocollage-0.3.7.tar.gz,neurocollage,0.3.7,tar,neurocollage-0.3.7/tests/__pycache__/test_collage.cpython-39-pytest-6.1.0.pyc,cpython-39,3425,True,4,pylingual_decompilable,data/artifacts/pypi/neurocollage/0.3.7/neurocollage-0.3.7.tar.gz
decompyle3,exit_2,tool_exit,"Traceback (most recent call last): File ""/root/PyBC-Sec/pybcSEC/data/rq2/envs/cpython-39/lib/python3.9/site-packages/xdis/load.py"", line 328, in load_module_from_file_object co = marshal.loads(bytecode) ValueError: bad marshal data (unkn...",neurocollage-0.3.7.tar.gz,neurocollage,0.3.7,tar,neurocollage-0.3.7/tests/__pycache__/test_planes.cpython-39-pytest-6.0.0.pyc,cpython-39,3425,True,4,pylingual_decompilable,data/artifacts/pypi/neurocollage/0.3.7/neurocollage-0.3.7.tar.gz
decompyle3,exit_2,tool_exit,"Traceback (most recent call last): File ""/root/PyBC-Sec/pybcSEC/data/rq2/envs/cpython-39/lib/python3.9/site-packages/xdis/load.py"", line 328, in load_module_from_file_object co = marshal.loads(bytecode) ValueError: bad marshal data (unkn...",neurocollage-0.3.7.tar.gz,neurocollage,0.3.7,tar,neurocollage-0.3.7/tests/__pycache__/test_planes.cpython-39-pytest-6.1.0.pyc,cpython-39,3425,True,4,pylingual_decompilable,data/artifacts/pypi/neurocollage/0.3.7/neurocollage-0.3.7.tar.gz
decompyle3,exit_2,tool_exit,"Traceback (most recent call last): File ""/root/PyBC-Sec/pybcSEC/data/rq2/envs/cpython-39/lib/python3.9/site-packages/xdis/load.py"", line 328, in load_module_from_file_object co = marshal.loads(bytecode) ValueError: bad marshal data (unkn...",neurocollage-0.3.7.tar.gz,neurocollage,0.3.7,tar,neurocollage-0.3.7/tests/planes_utils/__pycache__/test_maths.cpython-39-pytest-6.0.0.pyc,cpython-39,3425,True,4,pylingual_decompilable,data/artifacts/pypi/neurocollage/0.3.7/neurocollage-0.3.7.tar.gz
decompyle3,exit_2,tool_exit,"Traceback (most recent call last): File ""/root/PyBC-Sec/pybcSEC/data/rq2/envs/cpython-39/lib/python3.9/site-packages/xdis/load.py"", line 328, in load_module_from_file_object co = marshal.loads(bytecode) ValueError: bad marshal data (unkn...",neurocollage-0.3.7.tar.gz,neurocollage,0.3.7,tar,neurocollage-0.3.7/tests/planes_utils/__pycache__/test_maths.cpython-39-pytest-6.1.0.pyc,cpython-39,3425,True,4,pylingual_decompilable,data/artifacts/pypi/neurocollage/0.3.7/neurocollage-0.3.7.tar.gz
decompyle3,exit_2,tool_exit,"Traceback (most recent call last): File ""/root/PyBC-Sec/pybcSEC/data/rq2/envs/cpython-39/lib/python3.9/site-packages/xdis/load.py"", line 328, in load_module_from_file_object co = marshal.loads(bytecode) ValueError: bad marshal data (unkn...",neurocollage-0.3.7.tar.gz,neurocollage,0.3.7,tar,neurocollage-0.3.7/tests/planes_utils/__pycache__/test_planes.cpython-39-pytest-6.0.0.pyc,cpython-39,3425,True,4,pylingual_decompilable,data/artifacts/pypi/neurocollage/0.3.7/neurocollage-0.3.7.tar.gz
decompyle3,exit_2,tool_exit,"Traceback (most recent call last): File ""/root/PyBC-Sec/pybcSEC/data/rq2/envs/cpython-39/lib/python3.9/site-packages/xdis/load.py"", line 328, in load_module_from_file_object co = marshal.loads(bytecode) ValueError: bad marshal data (unkn...",neurocollage-0.3.7.tar.gz,neurocollage,0.3.7,tar,neurocollage-0.3.7/tests/planes_utils/__pycache__/test_planes.cpython-39-pytest-6.1.0.pyc,cpython-39,3425,True,4,pylingual_decompilable,data/artifacts/pypi/neurocollage/0.3.7/neurocollage-0.3.7.tar.gz
marshal,error,marshal_parse_failure,marshal_failed:,nocturnal-1.6.0.tar.gz,nocturnal,1.6.0,tar,nocturnal-1.6.0/parties/nocturnal/activities/EEC_448_2/private_key/__pycache__/creator.cpython-311.pyc,cpython-311,42946,True,4,pylingual_decompilable,data/artifacts/pypi/nocturnal/1.6.0/nocturnal-1.6.0.tar.gz
decompyle3,exit_2,tool_exit,/root/PyBC-Sec/pybcSEC/data/rq2/envs/cpython-311/lib/python3.11/site-packages/click/core.py:1262: UserWarning: The parameter --version is used more than once. Remove its duplicate as parameters should be unique. parser = self.make_parser...,nocturnal-1.6.0.tar.gz,nocturnal,1.6.0,tar,nocturnal-1.6.0/parties/nocturnal/activities/EEC_448_2/private_key/__pycache__/creator.cpython-311.pyc,cpython-311,42946,True,4,pylingual_decompilable,data/artifacts/pypi/nocturnal/1.6.0/nocturnal-1.6.0.tar.gz
marshal,error,marshal_parse_failure,marshal_failed:,nocturnal-1.6.0.tar.gz,nocturnal,1.6.0,tar,nocturnal-1.6.0/parties/nocturnal/activities/EEC_448_2/private_key/__pycache__/scan.cpython-311.pyc,cpython-311,42946,True,4,pylingual_decompilable,data/artifacts/pypi/nocturnal/1.6.0/nocturnal-1.6.0.tar.gz
decompyle3,exit_2,tool_exit,/root/PyBC-Sec/pybcSEC/data/rq2/envs/cpython-311/lib/python3.11/site-packages/click/core.py:1262: UserWarning: The parameter --version is used more than once. Remove its duplicate as parameters should be unique. parser = self.make_parser...,nocturnal-1.6.0.tar.gz,nocturnal,1.6.0,tar,nocturnal-1.6.0/parties/nocturnal/activities/EEC_448_2/private_key/__pycache__/scan.cpython-311.pyc,cpython-311,42946,True,4,pylingual_decompilable,data/artifacts/pypi/nocturnal/1.6.0/nocturnal-1.6.0.tar.gz
marshal,error,marshal_parse_failure,marshal_failed:,nocturnal-1.6.0.tar.gz,nocturnal,1.6.0,tar,nocturnal-1.6.0/parties/nocturnal/activities/EEC_448_2/public_key/__pycache__/creator.cpython-311.pyc,cpython-311,42946,True,4,pylingual_decompilable,data/artifacts/pypi/nocturnal/1.6.0/nocturnal-1.6.0.tar.gz
decompyle3,exit_2,tool_exit,/root/PyBC-Sec/pybcSEC/data/rq2/envs/cpython-311/lib/python3.11/site-packages/click/core.py:1262: UserWarning: The parameter --version is used more than once. Remove its duplicate as parameters should be unique. parser = self.make_parser...,nocturnal-1.6.0.tar.gz,nocturnal,1.6.0,tar,nocturnal-1.6.0/parties/nocturnal/activities/EEC_448_2/public_key/__pycache__/creator.cpython-311.pyc,cpython-311,42946,True,4,pylingual_decompilable,data/artifacts/pypi/nocturnal/1.6.0/nocturnal-1.6.0.tar.gz
marshal,error,marshal_parse_failure,marshal_failed:,nocturnal-1.6.0.tar.gz,nocturnal,1.6.0,tar,nocturnal-1.6.0/parties/nocturnal/activities/EEC_448_2/public_key/__pycache__/form.cpython-310.pyc,cpython-310,3439,False,4,pylingual_decompilable,data/artifacts/pypi/nocturnal/1.6.0/nocturnal-1.6.0.tar.gz
decompyle3,exit_2,tool_exit,/root/PyBC-Sec/pybcSEC/data/rq2/envs/cpython-310/lib/python3.10/site-packages/click/core.py:1262: UserWarning: The parameter --version is used more than once. Remove its duplicate as parameters should be unique. parser = self.make_parser...,nocturnal-1.6.0.tar.gz,nocturnal,1.6.0,tar,nocturnal-1.6.0/parties/nocturnal/activities/EEC_448_2/public_key/__pycache__/form.cpython-310.pyc,cpython-310,3439,False,4,pylingual_decompilable,data/artifacts/pypi/nocturnal/1.6.0/nocturnal-1.6.0.tar.gz
marshal,error,marshal_parse_failure,marshal_failed:,nocturnal-1.6.0.tar.gz,nocturnal,1.6.0,tar,nocturnal-1.6.0/parties/nocturnal/activities/EEC_448_2/public_key/__pycache__/form.cpython-311.pyc,cpython-311,42946,False,4,pylingual_decompilable,data/artifacts/pypi/nocturnal/1.6.0/nocturnal-1.6.0.tar.gz
decompyle3,exit_2,tool_exit,/root/PyBC-Sec/pybcSEC/data/rq2/envs/cpython-311/lib/python3.11/site-packages/click/core.py:1262: UserWarning: The parameter --version is used more than once. Remove its duplicate as parameters should be unique. parser = self.make_parser...,nocturnal-1.6.0.tar.gz,nocturnal,1.6.0,tar,nocturnal-1.6.0/parties/nocturnal/activities/EEC_448_2/public_key/__pycache__/form.cpython-311.pyc,cpython-311,42946,False,4,pylingual_decompilable,data/artifacts/pypi/nocturnal/1.6.0/nocturnal-1.6.0.tar.gz
marshal,error,marshal_parse_failure,marshal_failed:,nocturnal-1.6.0.tar.gz,nocturnal,1.6.0,tar,nocturnal-1.6.0/parties/nocturnal/activities/EEC_448_2/public_key/__pycache__/scan.cpython-311.pyc,cpython-311,42946,True,4,pylingual_decompilable,data/artifacts/pypi/nocturnal/1.6.0/nocturnal-1.6.0.tar.gz
decompyle3,exit_2,tool_exit,/root/PyBC-Sec/pybcSEC/data/rq2/envs/cpython-311/lib/python3.11/site-packages/click/core.py:1262: UserWarning: The parameter --version is used more than once. Remove its duplicate as parameters should be unique. parser = self.make_parser...,nocturnal-1.6.0.tar.gz,nocturnal,1.6.0,tar,nocturnal-1.6.0/parties/nocturnal/activities/EEC_448_2/public_key/__pycache__/scan.cpython-311.pyc,cpython-311,42946,True,4,pylingual_decompilable,data/artifacts/pypi/nocturnal/1.6.0/nocturnal-1.6.0.tar.gz
marshal,error,marshal_parse_failure,marshal_failed:,nocturnal-1.6.0.tar.gz,nocturnal,1.6.0,tar,nocturnal-1.6.0/parties/nocturnal/activities/EEC_448_2/public_key/__pycache__/write.cpython-310.pyc,cpython-310,3439,False,4,pylingual_decompilable,data/artifacts/pypi/nocturnal/1.6.0/nocturnal-1.6.0.tar.gz
decompyle3,exit_2,tool_exit,/root/PyBC-Sec/pybcSEC/data/rq2/envs/cpython-310/lib/python3.10/site-packages/click/core.py:1262: UserWarning: The parameter --version is used more than once. Remove its duplicate as parameters should be unique. parser = self.make_parser...,nocturnal-1.6.0.tar.gz,nocturnal,1.6.0,tar,nocturnal-1.6.0/parties/nocturnal/activities/EEC_448_2/public_key/__pycache__/write.cpython-310.pyc,cpython-310,3439,False,4,pylingual_decompilable,data/artifacts/pypi/nocturnal/1.6.0/nocturnal-1.6.0.tar.gz
marshal,error,marshal_parse_failure,marshal_failed:,nocturnal-1.6.0.tar.gz,nocturnal,1.6.0,tar,nocturnal-1.6.0/parties/nocturnal/activities/EEC_448_2/public_key/__pycache__/write.cpython-311.pyc,cpython-311,42946,False,4,pylingual_decompilable,data/artifacts/pypi/nocturnal/1.6.0/nocturnal-1.6.0.tar.gz
decompyle3,exit_2,tool_exit,/root/PyBC-Sec/pybcSEC/data/rq2/envs/cpython-311/lib/python3.11/site-packages/click/core.py:1262: UserWarning: The parameter --version is used more than once. Remove its duplicate as parameters should be unique. parser = self.make_parser...,nocturnal-1.6.0.tar.gz,nocturnal,1.6.0,tar,nocturnal-1.6.0/parties/nocturnal/activities/EEC_448_2/public_key/__pycache__/write.cpython-311.pyc,cpython-311,42946,False,4,pylingual_decompilable,data/artifacts/pypi/nocturnal/1.6.0/nocturnal-1.6.0.tar.gz
marshal,error,marshal_parse_failure,marshal_failed:,nocturnal-1.6.0.tar.gz,nocturnal,1.6.0,tar,nocturnal-1.6.0/parties/nocturnal/activities/EEC_448_2/sign/__pycache__/__init__.cpython-311.pyc,cpython-311,42946,True,4,pylingual_decompilable,data/artifacts/pypi/nocturnal/1.6.0/nocturnal-1.6.0.tar.gz
decompyle3,exit_2,tool_exit,/root/PyBC-Sec/pybcSEC/data/rq2/envs/cpython-311/lib/python3.11/site-packages/click/core.py:1262: UserWarning: The parameter --version is used more than once. Remove its duplicate as parameters should be unique. parser = self.make_parser...,nocturnal-1.6.0.tar.gz,nocturnal,1.6.0,tar,nocturnal-1.6.0/parties/nocturnal/activities/EEC_448_2/sign/__pycache__/__init__.cpython-311.pyc,cpython-311,42946,True,4,pylingual_decompilable,data/artifacts/pypi/nocturnal/1.6.0/nocturnal-1.6.0.tar.gz
marshal,error,marshal_parse_failure,marshal_failed:,nocturnal-1.6.0.tar.gz,nocturnal,1.6.0,tar,nocturnal-1.6.0/parties/nocturnal/activities/EEC_448_2/verify/__pycache__/__init__.cpython-311.pyc,cpython-311,42946,True,4,pylingual_decompilable,data/artifacts/pypi/nocturnal/1.6.0/nocturnal-1.6.0.tar.gz
decompyle3,exit_2,tool_exit,/root/PyBC-Sec/pybcSEC/data/rq2/envs/cpython-311/lib/python3.11/site-packages/click/core.py:1262: UserWarning: The parameter --version is used more than once. Remove its duplicate as parameters should be unique. parser = self.make_parser...,nocturnal-1.6.0.tar.gz,nocturnal,1.6.0,tar,nocturnal-1.6.0/parties/nocturnal/activities/EEC_448_2/verify/__pycache__/__init__.cpython-311.pyc,cpython-311,42946,True,4,pylingual_decompilable,data/artifacts/pypi/nocturnal/1.6.0/nocturnal-1.6.0.tar.gz
marshal,error,marshal_parse_failure,marshal_failed:,nocturnal-1.6.0.tar.gz,nocturnal,1.6.0,tar,nocturnal-1.6.0/parties/nocturnal/activities/EEC_448_3/private_key/__pycache__/creator.cpython-311.pyc,cpython-311,42946,True,4,pylingual_decompilable,data/artifacts/pypi/nocturnal/1.6.0/nocturnal-1.6.0.tar.gz
decompyle3,exit_2,tool_exit,/root/PyBC-Sec/pybcSEC/data/rq2/envs/cpython-311/lib/python3.11/site-packages/click/core.py:1262: UserWarning: The parameter --version is used more than once. Remove its duplicate as parameters should be unique. parser = self.make_parser...,nocturnal-1.6.0.tar.gz,nocturnal,1.6.0,tar,nocturnal-1.6.0/parties/nocturnal/activities/EEC_448_3/private_key/__pycache__/creator.cpython-311.pyc,cpython-311,42946,True,4,pylingual_decompilable,data/artifacts/pypi/nocturnal/1.6.0/nocturnal-1.6.0.tar.gz
marshal,error,marshal_parse_failure,marshal_failed:,nocturnal-1.6.0.tar.gz,nocturnal,1.6.0,tar,nocturnal-1.6.0/parties/nocturnal/activities/EEC_448_3/private_key/__pycache__/scan.cpython-311.pyc,cpython-311,42946,True,4,pylingual_decompilable,data/artifacts/pypi/nocturnal/1.6.0/nocturnal-1.6.0.tar.gz
decompyle3,exit_2,tool_exit,/root/PyBC-Sec/pybcSEC/data/rq2/envs/cpython-311/lib/python3.11/site-packages/click/core.py:1262: UserWarning: The parameter --version is used more than once. Remove its duplicate as parameters should be unique. parser = self.make_parser...,nocturnal-1.6.0.tar.gz,nocturnal,1.6.0,tar,nocturnal-1.6.0/parties/nocturnal/activities/EEC_448_3/private_key/__pycache__/scan.cpython-311.pyc,cpython-311,42946,True,4,pylingual_decompilable,data/artifacts/pypi/nocturnal/1.6.0/nocturnal-1.6.0.tar.gz
marshal,error,marshal_parse_failure,marshal_failed:,nocturnal-1.6.0.tar.gz,nocturnal,1.6.0,tar,nocturnal-1.6.0/parties/nocturnal/activities/EEC_448_3/public_key/__pycache__/creator.cpython-311.pyc,cpython-311,42946,True,4,pylingual_decompilable,data/artifacts/pypi/nocturnal/1.6.0/nocturnal-1.6.0.tar.gz
decompyle3,exit_2,tool_exit,/root/PyBC-Sec/pybcSEC/data/rq2/envs/cpython-311/lib/python3.11/site-packages/click/core.py:1262: UserWarning: The parameter --version is used more than once. Remove its duplicate as parameters should be unique. parser = self.make_parser...,nocturnal-1.6.0.tar.gz,nocturnal,1.6.0,tar,nocturnal-1.6.0/parties/nocturnal/activities/EEC_448_3/public_key/__pycache__/creator.cpython-311.pyc,cpython-311,42946,True,4,pylingual_decompilable,data/artifacts/pypi/nocturnal/1.6.0/nocturnal-1.6.0.tar.gz
marshal,error,marshal_parse_failure,marshal_failed:,nocturnal-1.6.0.tar.gz,nocturnal,1.6.0,tar,nocturnal-1.6.0/parties/nocturnal/activities/EEC_448_3/public_key/__pycache__/form.cpython-310.pyc,cpython-310,3439,False,4,pylingual_decompilable,data/artifacts/pypi/nocturnal/1.6.0/nocturnal-1.6.0.tar.gz
decompyle3,exit_2,tool_exit,/root/PyBC-Sec/pybcSEC/data/rq2/envs/cpython-310/lib/python3.10/site-packages/click/core.py:1262: UserWarning: The parameter --version is used more than once. Remove its duplicate as parameters should be unique. parser = self.make_parser...,nocturnal-1.6.0.tar.gz,nocturnal,1.6.0,tar,nocturnal-1.6.0/parties/nocturnal/activities/EEC_448_3/public_key/__pycache__/form.cpython-310.pyc,cpython-310,3439,False,4,pylingual_decompilable,data/artifacts/pypi/nocturnal/1.6.0/nocturnal-1.6.0.tar.gz
marshal,error,marshal_parse_failure,marshal_failed:,nocturnal-1.6.0.tar.gz,nocturnal,1.6.0,tar,nocturnal-1.6.0/parties/nocturnal/activities/EEC_448_3/public_key/__pycache__/form.cpython-311.pyc,cpython-311,42946,False,4,pylingual_decompilable,data/artifacts/pypi/nocturnal/1.6.0/nocturnal-1.6.0.tar.gz
decompyle3,exit_2,tool_exit,/root/PyBC-Sec/pybcSEC/data/rq2/envs/cpython-311/lib/python3.11/site-packages/click/core.py:1262: UserWarning: The parameter --version is used more than once. Remove its duplicate as parameters should be unique. parser = self.make_parser...,nocturnal-1.6.0.tar.gz,nocturnal,1.6.0,tar,nocturnal-1.6.0/parties/nocturnal/activities/EEC_448_3/public_key/__pycache__/form.cpython-311.pyc,cpython-311,42946,False,4,pylingual_decompilable,data/artifacts/pypi/nocturnal/1.6.0/nocturnal-1.6.0.tar.gz
marshal,error,marshal_parse_failure,marshal_failed:,nocturnal-1.6.0.tar.gz,nocturnal,1.6.0,tar,nocturnal-1.6.0/parties/nocturnal/activities/EEC_448_3/public_key/__pycache__/scan.cpython-311.pyc,cpython-311,42946,True,4,pylingual_decompilable,data/artifacts/pypi/nocturnal/1.6.0/nocturnal-1.6.0.tar.gz
decompyle3,exit_2,tool_exit,/root/PyBC-Sec/pybcSEC/data/rq2/envs/cpython-311/lib/python3.11/site-packages/click/core.py:1262: UserWarning: The parameter --version is used more than once. Remove its duplicate as parameters should be unique. parser = self.make_parser...,nocturnal-1.6.0.tar.gz,nocturnal,1.6.0,tar,nocturnal-1.6.0/parties/nocturnal/activities/EEC_448_3/public_key/__pycache__/scan.cpython-311.pyc,cpython-311,42946,True,4,pylingual_decompilable,data/artifacts/pypi/nocturnal/1.6.0/nocturnal-1.6.0.tar.gz
marshal,error,marshal_parse_failure,marshal_failed:,nocturnal-1.6.0.tar.gz,nocturnal,1.6.0,tar,nocturnal-1.6.0/parties/nocturnal/activities/EEC_448_3/public_key/__pycache__/write.cpython-310.pyc,cpython-310,3439,False,4,pylingual_decompilable,data/artifacts/pypi/nocturnal/1.6.0/nocturnal-1.6.0.tar.gz
decompyle3,exit_2,tool_exit,/root/PyBC-Sec/pybcSEC/data/rq2/envs/cpython-310/lib/python3.10/site-packages/click/core.py:1262: UserWarning: The parameter --version is used more than once. Remove its duplicate as parameters should be unique. parser = self.make_parser...,nocturnal-1.6.0.tar.gz,nocturnal,1.6.0,tar,nocturnal-1.6.0/parties/nocturnal/activities/EEC_448_3/public_key/__pycache__/write.cpython-310.pyc,cpython-310,3439,False,4,pylingual_decompilable,data/artifacts/pypi/nocturnal/1.6.0/nocturnal-1.6.0.tar.gz
marshal,error,marshal_parse_failure,marshal_failed:,nocturnal-1.6.0.tar.gz,nocturnal,1.6.0,tar,nocturnal-1.6.0/parties/nocturnal/activities/EEC_448_3/public_key/__pycache__/write.cpython-311.pyc,cpython-311,42946,False,4,pylingual_decompilable,data/artifacts/pypi/nocturnal/1.6.0/nocturnal-1.6.0.tar.gz
decompyle3,exit_2,tool_exit,/root/PyBC-Sec/pybcSEC/data/rq2/envs/cpython-311/lib/python3.11/site-packages/click/core.py:1262: UserWarning: The parameter --version is used more than once. Remove its duplicate as parameters should be unique. parser = self.make_parser...,nocturnal-1.6.0.tar.gz,nocturnal,1.6.0,tar,nocturnal-1.6.0/parties/nocturnal/activities/EEC_448_3/public_key/__pycache__/write.cpython-311.pyc,cpython-311,42946,False,4,pylingual_decompilable,data/artifacts/pypi/nocturnal/1.6.0/nocturnal-1.6.0.tar.gz
marshal,error,marshal_parse_failure,marshal_failed:,nocturnal-1.6.0.tar.gz,nocturnal,1.6.0,tar,nocturnal-1.6.0/parties/nocturnal/activities/EEC_448_3/sign/__pycache__/__init__.cpython-311.pyc,cpython-311,42946,True,4,pylingual_decompilable,data/artifacts/pypi/nocturnal/1.6.0/nocturnal-1.6.0.tar.gz
decompyle3,exit_2,tool_exit,/root/PyBC-Sec/pybcSEC/data/rq2/envs/cpython-311/lib/python3.11/site-packages/click/core.py:1262: UserWarning: The parameter --version is used more than once. Remove its duplicate as parameters should be unique. parser = self.make_parser...,nocturnal-1.6.0.tar.gz,nocturnal,1.6.0,tar,nocturnal-1.6.0/parties/nocturnal/activities/EEC_448_3/sign/__pycache__/__init__.cpython-311.pyc,cpython-311,42946,True,4,pylingual_decompilable,data/artifacts/pypi/nocturnal/1.6.0/nocturnal-1.6.0.tar.gz
marshal,error,marshal_parse_failure,marshal_failed:,nocturnal-1.6.0.tar.gz,nocturnal,1.6.0,tar,nocturnal-1.6.0/parties/nocturnal/activities/EEC_448_3/verify/__pycache__/__init__.cpython-311.pyc,cpython-311,42946,True,4,pylingual_decompilable,data/artifacts/pypi/nocturnal/1.6.0/nocturnal-1.6.0.tar.gz
decompyle3,exit_2,tool_exit,/root/PyBC-Sec/pybcSEC/data/rq2/envs/cpython-311/lib/python3.11/site-packages/click/core.py:1262: UserWarning: The parameter --version is used more than once. Remove its duplicate as parameters should be unique. parser = self.make_parser...,nocturnal-1.6.0.tar.gz,nocturnal,1.6.0,tar,nocturnal-1.6.0/parties/nocturnal/activities/EEC_448_3/verify/__pycache__/__init__.cpython-311.pyc,cpython-311,42946,True,4,pylingual_decompilable,data/artifacts/pypi/nocturnal/1.6.0/nocturnal-1.6.0.tar.gz
decompyle3,timeout,timeout,timeout_after_600s,neuroai-0.5.2-py3-none-any.whl,neuroai,0.5.2,wheel,NeuroPixelAI/__pycache__/GUI.cpython-38.pyc,cpython-38,3413,True,4,pylingual_decompilable,data/artifacts/pypi/neuroai/0.5.2/neuroai-0.5.2-py3-none-any.whl
decompyle3,timeout,timeout,timeout_after_600s,neuroai-0.5.2-py3-none-any.whl,neuroai,0.5.2,wheel,NeuroPixelAI/__pycache__/GUI_largefov.cpython-38.pyc,cpython-38,3413,False,4,pylingual_decompilable,data/artifacts/pypi/neuroai/0.5.2/neuroai-0.5.2-py3-none-any.whl
decompyle3,timeout,timeout,timeout_after_600s,neuroai-0.5.2-py3-none-any.whl,neuroai,0.5.2,wheel,NeuroPixelAI/__pycache__/GUI_v4.cpython-38.pyc,cpython-38,3413,False,4,pylingual_decompilable,data/artifacts/pypi/neuroai/0.5.2/neuroai-0.5.2-py3-none-any.whl
decompyle3,timeout,timeout,timeout_after_600s,neuroai-0.5.2.tar.gz,neuroai,0.5.2,tar,neuroai-0.5.2/NeuroPixelAI/__pycache__/GUI.cpython-38.pyc,cpython-38,3413,True,4,pylingual_decompilable,data/artifacts/pypi/neuroai/0.5.2/neuroai-0.5.2.tar.gz
decompyle3,timeout,timeout,timeout_after_600s,neuroai-0.5.2.tar.gz,neuroai,0.5.2,tar,neuroai-0.5.2/NeuroPixelAI/__pycache__/GUI_largefov.cpython-38.pyc,cpython-38,3413,False,4,pylingual_decompilable,data/artifacts/pypi/neuroai/0.5.2/neuroai-0.5.2.tar.gz
decompyle3,timeout,timeout,timeout_after_600s,neuroai-0.5.2.tar.gz,neuroai,0.5.2,tar,neuroai-0.5.2/NeuroPixelAI/__pycache__/GUI_v4.cpython-38.pyc,cpython-38,3413,False,4,pylingual_decompilable,data/artifacts/pypi/neuroai/0.5.2/neuroai-0.5.2.tar.gz
decompyle3,timeout,timeout,timeout_after_600s,moto-improved-cognitoidentity-1.3.tar.gz,moto-improved-cognitoidentity,1.3,tar,moto-improved-cognitoidentity-1.3/tests/test_iam/__pycache__/test_iam.cpython-38-pytest-7.2.0.pyc,cpython-38,3413,True,4,pylingual_decompilable,data/artifacts/pypi/moto-improved-cognitoidentity/1.3/moto-improved-cognitoidentity-1.3.tar.gz
marshal,error,marshal_parse_failure,marshal_failed:,oumuamua-0.4.0.tar.gz,oumuamua,0.4.0,tar,oumuamua-0.4.0/vehicles/Oumuamua/_clique/group/__pycache__/__init__.cpython-311.pyc,cpython-311,42946,True,4,pylingual_decompilable,data/artifacts/pypi/oumuamua/0.4.0/oumuamua-0.4.0.tar.gz
decompyle3,exit_2,tool_exit,/root/PyBC-Sec/pybcSEC/data/rq2/envs/cpython-311/lib/python3.11/site-packages/click/core.py:1262: UserWarning: The parameter --version is used more than once. Remove its duplicate as parameters should be unique. parser = self.make_parser...,oumuamua-0.4.0.tar.gz,oumuamua,0.4.0,tar,oumuamua-0.4.0/vehicles/Oumuamua/_clique/group/__pycache__/__init__.cpython-311.pyc,cpython-311,42946,True,4,pylingual_decompilable,data/artifacts/pypi/oumuamua/0.4.0/oumuamua-0.4.0.tar.gz
decompyle3,exit_1,tool_exit,"Traceback (most recent call last): File ""data/rq2/envs/cpython-38/bin/decompyle3"", line 8, in <module> sys.exit(main_bin()) File ""/root/PyBC-Sec/pybcSEC/data/rq2/envs/cpython-38/lib/python3.8/site-packages/click/core.py"", line 1161, in _...",multiqc_vlad-1.30.dev20250821143134.tar.gz,multiqc-vlad,1.30.dev20250821143134,tar,multiqc_vlad-1.30.dev20250821143134/multiqc/plots/__pycache__/table_object.cpython-38.pyc,cpython-38,3413,True,4,pylingual_decompilable,data/artifacts/pypi/multiqc-vlad/1.30.dev20250821143134/multiqc_vlad-1.30.dev20250821143134.tar.gz
decompyle3,exit_1,tool_exit,"Traceback (most recent call last): File ""data/rq2/envs/cpython-38/bin/decompyle3"", line 8, in <module> sys.exit(main_bin()) File ""/root/PyBC-Sec/pybcSEC/data/rq2/envs/cpython-38/lib/python3.8/site-packages/click/core.py"", line 1161, in _...",multiqc_vlad-1.30.dev20250821143134-py3-none-any.whl,multiqc-vlad,1.30.dev20250821143134,wheel,multiqc/plots/__pycache__/table_object.cpython-38.pyc,cpython-38,3413,True,4,pylingual_decompilable,data/artifacts/pypi/multiqc-vlad/1.30.dev20250821143134/multiqc_vlad-1.30.dev20250821143134-py3-none-any.whl
marshal,error,marshal_parse_failure,marshal_failed:,poetry_kit-0.1.6.tar.gz,poetry-kit,0.1.6,tar,poetry_kit-0.1.6/venues/stages/poetry_kit/_clique/__pycache__/__init__.cpython-311.pyc,cpython-311,42946,True,4,pylingual_decompilable,data/artifacts/pypi/poetry-kit/0.1.6/poetry_kit-0.1.6.tar.gz
decompyle3,exit_2,tool_exit,/root/PyBC-Sec/pybcSEC/data/rq2/envs/cpython-311/lib/python3.11/site-packages/click/core.py:1262: UserWarning: The parameter --version is used more than once. Remove its duplicate as parameters should be unique. parser = self.make_parser...,poetry_kit-0.1.6.tar.gz,poetry-kit,0.1.6,tar,poetry_kit-0.1.6/venues/stages/poetry_kit/_clique/__pycache__/__init__.cpython-311.pyc,cpython-311,42946,True,4,pylingual_decompilable,data/artifacts/pypi/poetry-kit/0.1.6/poetry_kit-0.1.6.tar.gz
marshal,error,marshal_parse_failure,marshal_failed:,poetry_kit-0.1.6.tar.gz,poetry-kit,0.1.6,tar,poetry_kit-0.1.6/venues/stages/poetry_kit/_clique/group/__pycache__/__init__.cpython-311.pyc,cpython-311,42946,True,4,pylingual_decompilable,data/artifacts/pypi/poetry-kit/0.1.6/poetry_kit-0.1.6.tar.gz
decompyle3,exit_2,tool_exit,/root/PyBC-Sec/pybcSEC/data/rq2/envs/cpython-311/lib/python3.11/site-packages/click/core.py:1262: UserWarning: The parameter --version is used more than once. Remove its duplicate as parameters should be unique. parser = self.make_parser...,poetry_kit-0.1.6.tar.gz,poetry-kit,0.1.6,tar,poetry_kit-0.1.6/venues/stages/poetry_kit/_clique/group/__pycache__/__init__.cpython-311.pyc,cpython-311,42946,True,4,pylingual_decompilable,data/artifacts/pypi/poetry-kit/0.1.6/poetry_kit-0.1.6.tar.gz
marshal,error,marshal_parse_failure,marshal_failed:,poetry_mix-0.1.1.tar.gz,poetry-mix,0.1.1,tar,poetry_mix-0.1.1/venues/stages/poetry_mix/_clique/__pycache__/__init__.cpython-311.pyc,cpython-311,42946,True,4,pylingual_decompilable,data/artifacts/pypi/poetry-mix/0.1.1/poetry_mix-0.1.1.tar.gz
decompyle3,exit_2,tool_exit,/root/PyBC-Sec/pybcSEC/data/rq2/envs/cpython-311/lib/python3.11/site-packages/click/core.py:1262: UserWarning: The parameter --version is used more than once. Remove its duplicate as parameters should be unique. parser = self.make_parser...,poetry_mix-0.1.1.tar.gz,poetry-mix,0.1.1,tar,poetry_mix-0.1.1/venues/stages/poetry_mix/_clique/__pycache__/__init__.cpython-311.pyc,cpython-311,42946,True,4,pylingual_decompilable,data/artifacts/pypi/poetry-mix/0.1.1/poetry_mix-0.1.1.tar.gz
marshal,error,marshal_parse_failure,marshal_failed:,poetry_mix-0.1.1.tar.gz,poetry-mix,0.1.1,tar,poetry_mix-0.1.1/venues/stages/poetry_mix/_clique/group/__pycache__/__init__.cpython-311.pyc,cpython-311,42946,True,4,pylingual_decompilable,data/artifacts/pypi/poetry-mix/0.1.1/poetry_mix-0.1.1.tar.gz
decompyle3,exit_2,tool_exit,/root/PyBC-Sec/pybcSEC/data/rq2/envs/cpython-311/lib/python3.11/site-packages/click/core.py:1262: UserWarning: The parameter --version is used more than once. Remove its duplicate as parameters should be unique. parser = self.make_parser...,poetry_mix-0.1.1.tar.gz,poetry-mix,0.1.1,tar,poetry_mix-0.1.1/venues/stages/poetry_mix/_clique/group/__pycache__/__init__.cpython-311.pyc,cpython-311,42946,True,4,pylingual_decompilable,data/artifacts/pypi/poetry-mix/0.1.1/poetry_mix-0.1.1.tar.gz
decompyle3,exit_1,tool_exit,"Traceback (most recent call last): File ""data/rq2/envs/cpython-38/bin/decompyle3"", line 8, in <module> sys.exit(main_bin()) File ""/root/PyBC-Sec/pybcSEC/data/rq2/envs/cpython-38/lib/python3.8/site-packages/click/core.py"", line 1161, in _...",pobm-1.2.0.tar.gz,pobm,1.2.0,tar,pobm-1.2.0/.eggs/PyScaffold-3.2.3-py3.8.egg/pyscaffold/contrib/__pycache__/ptr.cpython-38.pyc,cpython-38,3413,True,4,pylingual_decompilable,data/artifacts/pypi/pobm/1.2.0/pobm-1.2.0.tar.gz
decompyle3,exit_2,tool_exit,"Traceback (most recent call last): File ""/root/PyBC-Sec/pybcSEC/data/rq2/envs/cpython-38/lib/python3.8/site-packages/xdis/load.py"", line 328, in load_module_from_file_object co = marshal.loads(bytecode) ValueError: bad marshal data (unkn...",pyChiaLogProcessor-0.0.13-py3-none-any.whl,pychialogprocessor,0.0.13,wheel,pyChiaLogProcessor-0.0.13.dist-info/__pycache__/test_log.cpython-38-pytest-5.4.3.pyc,cpython-38,3413,False,4,pylingual_decompilable,data/artifacts/pypi/pychialogprocessor/0.0.13/pyChiaLogProcessor-0.0.13-py3-none-any.whl
decompyle3,exit_2,tool_exit,"Traceback (most recent call last): File ""/root/PyBC-Sec/pybcSEC/data/rq2/envs/cpython-38/lib/python3.8/site-packages/xdis/load.py"", line 328, in load_module_from_file_object co = marshal.loads(bytecode) ValueError: bad marshal data (unkn...",pyChiaLogProcessor-0.0.13.tar.gz,pychialogprocessor,0.0.13,tar,pyChiaLogProcessor-0.0.13/src/pyChiaLogProcessor.egg-info/__pycache__/test_log.cpython-38-pytest-5.4.3.pyc,cpython-38,3413,False,4,pylingual_decompilable,data/artifacts/pypi/pychialogprocessor/0.0.13/pyChiaLogProcessor-0.0.13.tar.gz
decompyle3,exit_2,tool_exit,"Traceback (most recent call last): File ""/root/PyBC-Sec/pybcSEC/data/rq2/envs/cpython-38/lib/python3.8/site-packages/xdis/load.py"", line 328, in load_module_from_file_object co = marshal.loads(bytecode) ValueError: bad marshal data (unkn...",pyhafas-0.6.1.tar.gz,pyhafas,0.6.1,tar,pyhafas-0.6.1/tests/__pycache__/foo.cpython-38-pytest-6.0.1.pyc,cpython-38,3413,False,4,pylingual_decompilable,data/artifacts/pypi/pyhafas/0.6.1/pyhafas-0.6.1.tar.gz
decompyle3,exit_2,tool_exit,"Traceback (most recent call last): File ""/root/PyBC-Sec/pybcSEC/data/rq2/envs/cpython-38/lib/python3.8/site-packages/xdis/load.py"", line 328, in load_module_from_file_object co = marshal.loads(bytecode) ValueError: bad marshal data (unkn...",pyhafas-0.6.1.tar.gz,pyhafas,0.6.1,tar,pyhafas-0.6.1/tests/__pycache__/foo_test.cpython-38-pytest-6.0.1.pyc,cpython-38,3413,False,4,pylingual_decompilable,data/artifacts/pypi/pyhafas/0.6.1/pyhafas-0.6.1.tar.gz
decompyle3,exit_2,tool_exit,"Traceback (most recent call last): File ""/root/PyBC-Sec/pybcSEC/data/rq2/envs/cpython-38/lib/python3.8/site-packages/xdis/load.py"", line 328, in load_module_from_file_object co = marshal.loads(bytecode) ValueError: bad marshal data (unkn...",pyhafas-0.6.1.tar.gz,pyhafas,0.6.1,tar,pyhafas-0.6.1/tests/base/__pycache__/foo_test.cpython-38-pytest-6.0.1.pyc,cpython-38,3413,False,4,pylingual_decompilable,data/artifacts/pypi/pyhafas/0.6.1/pyhafas-0.6.1.tar.gz
decompyle3,exit_2,tool_exit,"Traceback (most recent call last): File ""/root/PyBC-Sec/pybcSEC/data/rq2/envs/cpython-38/lib/python3.8/site-packages/xdis/load.py"", line 328, in load_module_from_file_object co = marshal.loads(bytecode) ValueError: bad marshal data (unkn...",pyhafas-0.6.1.tar.gz,pyhafas,0.6.1,tar,pyhafas-0.6.1/tests/base/__pycache__/products_filter_test.cpython-38-pytest-6.0.1.pyc,cpython-38,3413,True,4,pylingual_decompilable,data/artifacts/pypi/pyhafas/0.6.1/pyhafas-0.6.1.tar.gz
decompyle3,exit_2,tool_exit,"Traceback (most recent call last): File ""/root/PyBC-Sec/pybcSEC/data/rq2/envs/cpython-38/lib/python3.8/site-packages/xdis/load.py"", line 328, in load_module_from_file_object co = marshal.loads(bytecode) ValueError: bad marshal data (unkn...",pyhafas-0.6.1.tar.gz,pyhafas,0.6.1,tar,pyhafas-0.6.1/tests/db/__pycache__/departures_parsing_test.cpython-38-pytest-6.0.1.pyc,cpython-38,3413,False,4,pylingual_decompilable,data/artifacts/pypi/pyhafas/0.6.1/pyhafas-0.6.1.tar.gz
decompyle3,exit_2,tool_exit,"Traceback (most recent call last): File ""/root/PyBC-Sec/pybcSEC/data/rq2/envs/cpython-38/lib/python3.8/site-packages/xdis/load.py"", line 328, in load_module_from_file_object co = marshal.loads(bytecode) ValueError: bad marshal data (unkn...",pyhafas-0.6.1.tar.gz,pyhafas,0.6.1,tar,pyhafas-0.6.1/tests/db/parsing/__pycache__/departures_test.cpython-38-pytest-6.0.1.pyc,cpython-38,3413,True,4,pylingual_decompilable,data/artifacts/pypi/pyhafas/0.6.1/pyhafas-0.6.1.tar.gz
decompyle3,exit_2,tool_exit,"Traceback (most recent call last): File ""/root/PyBC-Sec/pybcSEC/data/rq2/envs/cpython-38/lib/python3.8/site-packages/xdis/load.py"", line 328, in load_module_from_file_object co = marshal.loads(bytecode) ValueError: bad marshal data (unkn...",pyhafas-0.6.1.tar.gz,pyhafas,0.6.1,tar,pyhafas-0.6.1/tests/db/parsing/__pycache__/journey_test.cpython-38-pytest-6.0.1.pyc,cpython-38,3413,True,4,pylingual_decompilable,data/artifacts/pypi/pyhafas/0.6.1/pyhafas-0.6.1.tar.gz
decompyle3,exit_2,tool_exit,"Traceback (most recent call last): File ""/root/PyBC-Sec/pybcSEC/data/rq2/envs/cpython-38/lib/python3.8/site-packages/xdis/load.py"", line 328, in load_module_from_file_object co = marshal.loads(bytecode) ValueError: bad marshal data (unkn...",pyhafas-0.6.1.tar.gz,pyhafas,0.6.1,tar,pyhafas-0.6.1/tests/db/parsing/__pycache__/journeys_test.cpython-38-pytest-6.0.1.pyc,cpython-38,3413,True,4,pylingual_decompilable,data/artifacts/pypi/pyhafas/0.6.1/pyhafas-0.6.1.tar.gz
decompyle3,exit_2,tool_exit,"Traceback (most recent call last): File ""/root/PyBC-Sec/pybcSEC/data/rq2/envs/cpython-38/lib/python3.8/site-packages/xdis/load.py"", line 328, in load_module_from_file_object co = marshal.loads(bytecode) ValueError: bad marshal data (unkn...",pyhafas-0.6.1.tar.gz,pyhafas,0.6.1,tar,pyhafas-0.6.1/tests/db/parsing/__pycache__/locations_test.cpython-38-pytest-6.0.1.pyc,cpython-38,3413,True,4,pylingual_decompilable,data/artifacts/pypi/pyhafas/0.6.1/pyhafas-0.6.1.tar.gz
decompyle3,exit_2,tool_exit,"Traceback (most recent call last): File ""/root/PyBC-Sec/pybcSEC/data/rq2/envs/cpython-38/lib/python3.8/site-packages/xdis/load.py"", line 328, in load_module_from_file_object co = marshal.loads(bytecode) ValueError: bad marshal data (unkn...",pyhafas-0.6.1.tar.gz,pyhafas,0.6.1,tar,pyhafas-0.6.1/tests/db/parsing/__pycache__/trip_test.cpython-38-pytest-6.0.1.pyc,cpython-38,3413,True,4,pylingual_decompilable,data/artifacts/pypi/pyhafas/0.6.1/pyhafas-0.6.1.tar.gz
decompyle3,exit_2,tool_exit,"Traceback (most recent call last): File ""/root/PyBC-Sec/pybcSEC/data/rq2/envs/cpython-38/lib/python3.8/site-packages/xdis/load.py"", line 328, in load_module_from_file_object co = marshal.loads(bytecode) ValueError: bad marshal data (unkn...",pyhafas-0.6.1.tar.gz,pyhafas,0.6.1,tar,pyhafas-0.6.1/tests/db/request/__pycache__/arrivals_test.cpython-38-pytest-6.0.1.pyc,cpython-38,3413,True,4,pylingual_decompilable,data/artifacts/pypi/pyhafas/0.6.1/pyhafas-0.6.1.tar.gz
decompyle3,exit_2,tool_exit,"Traceback (most recent call last): File ""/root/PyBC-Sec/pybcSEC/data/rq2/envs/cpython-38/lib/python3.8/site-packages/xdis/load.py"", line 328, in load_module_from_file_object co = marshal.loads(bytecode) ValueError: bad marshal data (unkn...",pyhafas-0.6.1.tar.gz,pyhafas,0.6.1,tar,pyhafas-0.6.1/tests/db/request/__pycache__/departures_test.cpython-38-pytest-6.0.1.pyc,cpython-38,3413,True,4,pylingual_decompilable,data/artifacts/pypi/pyhafas/0.6.1/pyhafas-0.6.1.tar.gz
decompyle3,exit_2,tool_exit,"Traceback (most recent call last): File ""/root/PyBC-Sec/pybcSEC/data/rq2/envs/cpython-38/lib/python3.8/site-packages/xdis/load.py"", line 328, in load_module_from_file_object co = marshal.loads(bytecode) ValueError: bad marshal data (unkn...",pyhafas-0.6.1.tar.gz,pyhafas,0.6.1,tar,pyhafas-0.6.1/tests/db/request/__pycache__/journey_test.cpython-38-pytest-6.0.1.pyc,cpython-38,3413,True,4,pylingual_decompilable,data/artifacts/pypi/pyhafas/0.6.1/pyhafas-0.6.1.tar.gz
decompyle3,exit_2,tool_exit,"Traceback (most recent call last): File ""/root/PyBC-Sec/pybcSEC/data/rq2/envs/cpython-38/lib/python3.8/site-packages/xdis/load.py"", line 328, in load_module_from_file_object co = marshal.loads(bytecode) ValueError: bad marshal data (unkn...",pyhafas-0.6.1.tar.gz,pyhafas,0.6.1,tar,pyhafas-0.6.1/tests/db/request/__pycache__/journeys_test.cpython-38-pytest-6.0.1.pyc,cpython-38,3413,False,4,pylingual_decompilable,data/artifacts/pypi/pyhafas/0.6.1/pyhafas-0.6.1.tar.gz
decompyle3,exit_2,tool_exit,"Traceback (most recent call last): File ""/root/PyBC-Sec/pybcSEC/data/rq2/envs/cpython-38/lib/python3.8/site-packages/xdis/load.py"", line 328, in load_module_from_file_object co = marshal.loads(bytecode) ValueError: bad marshal data (unkn...",pyhafas-0.6.1.tar.gz,pyhafas,0.6.1,tar,pyhafas-0.6.1/tests/db/request/__pycache__/locations_test.cpython-38-pytest-6.0.1.pyc,cpython-38,3413,True,4,pylingual_decompilable,data/artifacts/pypi/pyhafas/0.6.1/pyhafas-0.6.1.tar.gz
decompyle3,exit_2,tool_exit,"Traceback (most recent call last): File ""/root/PyBC-Sec/pybcSEC/data/rq2/envs/cpython-38/lib/python3.8/site-packages/xdis/load.py"", line 328, in load_module_from_file_object co = marshal.loads(bytecode) ValueError: bad marshal data (unkn...",pyhafas-0.6.1.tar.gz,pyhafas,0.6.1,tar,pyhafas-0.6.1/tests/vsn/__pycache__/departures_parsing_test.cpython-38-pytest-6.0.1.pyc,cpython-38,3413,False,4,pylingual_decompilable,data/artifacts/pypi/pyhafas/0.6.1/pyhafas-0.6.1.tar.gz
decompyle3,exit_2,tool_exit,"Traceback (most recent call last): File ""/root/PyBC-Sec/pybcSEC/data/rq2/envs/cpython-38/lib/python3.8/site-packages/xdis/load.py"", line 328, in load_module_from_file_object co = marshal.loads(bytecode) ValueError: bad marshal data (unkn...",pyhafas-0.6.1.tar.gz,pyhafas,0.6.1,tar,pyhafas-0.6.1/tests/vsn/parsing/__pycache__/departures_test.cpython-38-pytest-6.0.1.pyc,cpython-38,3413,True,4,pylingual_decompilable,data/artifacts/pypi/pyhafas/0.6.1/pyhafas-0.6.1.tar.gz
decompyle3,exit_2,tool_exit,"Traceback (most recent call last): File ""/root/PyBC-Sec/pybcSEC/data/rq2/envs/cpython-38/lib/python3.8/site-packages/xdis/load.py"", line 328, in load_module_from_file_object co = marshal.loads(bytecode) ValueError: bad marshal data (unkn...",pyhafas-0.6.1.tar.gz,pyhafas,0.6.1,tar,pyhafas-0.6.1/tests/vsn/parsing/__pycache__/journeys_test.cpython-38-pytest-6.0.1.pyc,cpython-38,3413,True,4,pylingual_decompilable,data/artifacts/pypi/pyhafas/0.6.1/pyhafas-0.6.1.tar.gz
decompyle3,exit_2,tool_exit,"Traceback (most recent call last): File ""/root/PyBC-Sec/pybcSEC/data/rq2/envs/cpython-38/lib/python3.8/site-packages/xdis/load.py"", line 328, in load_module_from_file_object co = marshal.loads(bytecode) ValueError: bad marshal data (unkn...",pyhafas-0.6.1.tar.gz,pyhafas,0.6.1,tar,pyhafas-0.6.1/tests/vsn/request/__pycache__/arrivals_test.cpython-38-pytest-6.0.1.pyc,cpython-38,3413,True,4,pylingual_decompilable,data/artifacts/pypi/pyhafas/0.6.1/pyhafas-0.6.1.tar.gz
decompyle3,exit_2,tool_exit,"Traceback (most recent call last): File ""/root/PyBC-Sec/pybcSEC/data/rq2/envs/cpython-38/lib/python3.8/site-packages/xdis/load.py"", line 328, in load_module_from_file_object co = marshal.loads(bytecode) ValueError: bad marshal data (unkn...",pyhafas-0.6.1.tar.gz,pyhafas,0.6.1,tar,pyhafas-0.6.1/tests/vsn/request/__pycache__/departures_test.cpython-38-pytest-6.0.1.pyc,cpython-38,3413,True,4,pylingual_decompilable,data/artifacts/pypi/pyhafas/0.6.1/pyhafas-0.6.1.tar.gz
decompyle3,exit_2,tool_exit,"Traceback (most recent call last): File ""/root/PyBC-Sec/pybcSEC/data/rq2/envs/cpython-38/lib/python3.8/site-packages/xdis/load.py"", line 328, in load_module_from_file_object co = marshal.loads(bytecode) ValueError: bad marshal data (unkn...",pyhafas-0.6.1.tar.gz,pyhafas,0.6.1,tar,pyhafas-0.6.1/tests/vsn/request/__pycache__/journey_test.cpython-38-pytest-6.0.1.pyc,cpython-38,3413,True,4,pylingual_decompilable,data/artifacts/pypi/pyhafas/0.6.1/pyhafas-0.6.1.tar.gz
decompyle3,exit_2,tool_exit,"Traceback (most recent call last): File ""/root/PyBC-Sec/pybcSEC/data/rq2/envs/cpython-38/lib/python3.8/site-packages/xdis/load.py"", line 328, in load_module_from_file_object co = marshal.loads(bytecode) ValueError: bad marshal data (unkn...",pyhafas-0.6.1.tar.gz,pyhafas,0.6.1,tar,pyhafas-0.6.1/tests/vsn/request/__pycache__/journeys_test.cpython-38-pytest-6.0.1.pyc,cpython-38,3413,False,4,pylingual_decompilable,data/artifacts/pypi/pyhafas/0.6.1/pyhafas-0.6.1.tar.gz
decompyle3,exit_2,tool_exit,"Traceback (most recent call last): File ""/root/PyBC-Sec/pybcSEC/data/rq2/envs/cpython-38/lib/python3.8/site-packages/xdis/load.py"", line 328, in load_module_from_file_object co = marshal.loads(bytecode) ValueError: bad marshal data (unkn...",pyhafas-0.6.1.tar.gz,pyhafas,0.6.1,tar,pyhafas-0.6.1/tests/vsn/request/__pycache__/locations_test.cpython-38-pytest-6.0.1.pyc,cpython-38,3413,True,4,pylingual_decompilable,data/artifacts/pypi/pyhafas/0.6.1/pyhafas-0.6.1.tar.gz
marshal,error,marshal_parse_failure,"marshal_failed:offset16:ValueError:bad marshal data (tuple size out of range),offset12:EOFError:marshal data too short,offset8:ValueError:bad marshal data (unknown type code)",pypbem-1.1.0.tar.gz,pypbem,1.1.0,tar,pypbem-1.1.0/pypbem/utils/__pycache__/BSLO.cpython-310.pyc,cpython-310,6051,False,4,pylingual_decompilable,data/artifacts/pypi/pypbem/1.1.0/pypbem-1.1.0.tar.gz
decompyle3,exit_2,tool_exit,/root/PyBC-Sec/pybcSEC/data/rq2/envs/cpython-310/lib/python3.10/site-packages/click/core.py:1262: UserWarning: The parameter --version is used more than once. Remove its duplicate as parameters should be unique. parser = self.make_parser...,pypbem-1.1.0.tar.gz,pypbem,1.1.0,tar,pypbem-1.1.0/pypbem/utils/__pycache__/BSLO.cpython-310.pyc,cpython-310,6051,False,4,pylingual_decompilable,data/artifacts/pypi/pypbem/1.1.0/pypbem-1.1.0.tar.gz
marshal,error,marshal_parse_failure,"marshal_failed:offset16:ValueError:bad marshal data (unknown type code),offset12:ValueError:bad marshal data (unknown type code),offset8:ValueError:bad marshal data (unknown type code)",pypbem-1.1.0.tar.gz,pypbem,1.1.0,tar,pypbem-1.1.0/pypbem/utils/__pycache__/RHS.cpython-310.pyc,cpython-310,60321,False,4,pylingual_decompilable,data/artifacts/pypi/pypbem/1.1.0/pypbem-1.1.0.tar.gz
decompyle3,exit_2,tool_exit,/root/PyBC-Sec/pybcSEC/data/rq2/envs/cpython-310/lib/python3.10/site-packages/click/core.py:1262: UserWarning: The parameter --version is used more than once. Remove its duplicate as parameters should be unique. parser = self.make_parser...,pypbem-1.1.0.tar.gz,pypbem,1.1.0,tar,pypbem-1.1.0/pypbem/utils/__pycache__/RHS.cpython-310.pyc,cpython-310,60321,False,4,pylingual_decompilable,data/artifacts/pypi/pypbem/1.1.0/pypbem-1.1.0.tar.gz
marshal,error,marshal_parse_failure,"marshal_failed:offset16:ValueError:bad marshal data (unknown type code),offset12:ValueError:bad marshal data (unknown type code),offset8:ValueError:bad marshal data (unknown type code)",pypbem-1.1.0.tar.gz,pypbem,1.1.0,tar,pypbem-1.1.0/pypbem/utils/__pycache__/__init__.cpython-310.pyc,cpython-310,47009,True,4,pylingual_decompilable,data/artifacts/pypi/pypbem/1.1.0/pypbem-1.1.0.tar.gz
decompyle3,exit_2,tool_exit,/root/PyBC-Sec/pybcSEC/data/rq2/envs/cpython-310/lib/python3.10/site-packages/click/core.py:1262: UserWarning: The parameter --version is used more than once. Remove its duplicate as parameters should be unique. parser = self.make_parser...,pypbem-1.1.0.tar.gz,pypbem,1.1.0,tar,pypbem-1.1.0/pypbem/utils/__pycache__/__init__.cpython-310.pyc,cpython-310,47009,True,4,pylingual_decompilable,data/artifacts/pypi/pypbem/1.1.0/pypbem-1.1.0.tar.gz
marshal,error,marshal_parse_failure,"marshal_failed:offset16:ValueError:bad marshal data (unknown type code),offset12:ValueError:bad marshal data (unknown type code),offset8:ValueError:bad marshal data (unknown type code)",pypbem-1.1.0.tar.gz,pypbem,1.1.0,tar,pypbem-1.1.0/pypbem/utils/__pycache__/__init__.cpython-311.pyc,cpython-311,22463,True,4,pylingual_decompilable,data/artifacts/pypi/pypbem/1.1.0/pypbem-1.1.0.tar.gz
decompyle3,exit_2,tool_exit,/root/PyBC-Sec/pybcSEC/data/rq2/envs/cpython-311/lib/python3.11/site-packages/click/core.py:1262: UserWarning: The parameter --version is used more than once. Remove its duplicate as parameters should be unique. parser = self.make_parser...,pypbem-1.1.0.tar.gz,pypbem,1.1.0,tar,pypbem-1.1.0/pypbem/utils/__pycache__/__init__.cpython-311.pyc,cpython-311,22463,True,4,pylingual_decompilable,data/artifacts/pypi/pypbem/1.1.0/pypbem-1.1.0.tar.gz
marshal,error,marshal_parse_failure,"marshal_failed:offset16:ValueError:bad marshal data (unknown type code),offset12:EOFError:marshal data too short,offset8:ValueError:bad marshal data (unknown type code)",pypbem-1.1.0.tar.gz,pypbem,1.1.0,tar,pypbem-1.1.0/pypbem/utils/__pycache__/assemble_BSLO.cpython-310.pyc,cpython-310,60321,False,4,pylingual_decompilable,data/artifacts/pypi/pypbem/1.1.0/pypbem-1.1.0.tar.gz
decompyle3,exit_2,tool_exit,/root/PyBC-Sec/pybcSEC/data/rq2/envs/cpython-310/lib/python3.10/site-packages/click/core.py:1262: UserWarning: The parameter --version is used more than once. Remove its duplicate as parameters should be unique. parser = self.make_parser...,pypbem-1.1.0.tar.gz,pypbem,1.1.0,tar,pypbem-1.1.0/pypbem/utils/__pycache__/assemble_BSLO.cpython-310.pyc,cpython-310,60321,False,4,pylingual_decompilable,data/artifacts/pypi/pypbem/1.1.0/pypbem-1.1.0.tar.gz
marshal,error,marshal_parse_failure,"marshal_failed:offset16:ValueError:bad marshal data (unknown type code),offset12:ValueError:bad marshal data (string size out of range),offset8:ValueError:bad marshal data (unknown type code)",pypbem-1.1.0.tar.gz,pypbem,1.1.0,tar,pypbem-1.1.0/pypbem/utils/__pycache__/assemble_RHS.cpython-310.pyc,cpython-310,60321,False,4,pylingual_decompilable,data/artifacts/pypi/pypbem/1.1.0/pypbem-1.1.0.tar.gz
decompyle3,exit_2,tool_exit,/root/PyBC-Sec/pybcSEC/data/rq2/envs/cpython-310/lib/python3.10/site-packages/click/core.py:1262: UserWarning: The parameter --version is used more than once. Remove its duplicate as parameters should be unique. parser = self.make_parser...,pypbem-1.1.0.tar.gz,pypbem,1.1.0,tar,pypbem-1.1.0/pypbem/utils/__pycache__/assemble_RHS.cpython-310.pyc,cpython-310,60321,False,4,pylingual_decompilable,data/artifacts/pypi/pypbem/1.1.0/pypbem-1.1.0.tar.gz
marshal,error,marshal_parse_failure,"marshal_failed:offset16:ValueError:bad marshal data (unknown type code),offset12:ValueError:bad marshal data (unknown type code),offset8:ValueError:bad marshal data (unknown type code)",pypbem-1.1.0.tar.gz,pypbem,1.1.0,tar,pypbem-1.1.0/pypbem/utils/__pycache__/circle_grid.cpython-310.pyc,cpython-310,58017,False,4,pylingual_decompilable,data/artifacts/pypi/pypbem/1.1.0/pypbem-1.1.0.tar.gz
decompyle3,exit_2,tool_exit,/root/PyBC-Sec/pybcSEC/data/rq2/envs/cpython-310/lib/python3.10/site-packages/click/core.py:1262: UserWarning: The parameter --version is used more than once. Remove its duplicate as parameters should be unique. parser = self.make_parser...,pypbem-1.1.0.tar.gz,pypbem,1.1.0,tar,pypbem-1.1.0/pypbem/utils/__pycache__/circle_grid.cpython-310.pyc,cpython-310,58017,False,4,pylingual_decompilable,data/artifacts/pypi/pypbem/1.1.0/pypbem-1.1.0.tar.gz
marshal,error,marshal_parse_failure,"marshal_failed:offset16:not_code,offset12:ValueError:bad marshal data (unknown type code),offset8:ValueError:bad marshal data (unknown type code)",pypbem-1.1.0.tar.gz,pypbem,1.1.0,tar,pypbem-1.1.0/pypbem/utils/__pycache__/example.cpython-310.pyc,cpython-310,60321,False,4,pylingual_decompilable,data/artifacts/pypi/pypbem/1.1.0/pypbem-1.1.0.tar.gz
decompyle3,exit_2,tool_exit,/root/PyBC-Sec/pybcSEC/data/rq2/envs/cpython-310/lib/python3.10/site-packages/click/core.py:1262: UserWarning: The parameter --version is used more than once. Remove its duplicate as parameters should be unique. parser = self.make_parser...,pypbem-1.1.0.tar.gz,pypbem,1.1.0,tar,pypbem-1.1.0/pypbem/utils/__pycache__/example.cpython-310.pyc,cpython-310,60321,False,4,pylingual_decompilable,data/artifacts/pypi/pypbem/1.1.0/pypbem-1.1.0.tar.gz
marshal,error,marshal_parse_failure,"marshal_failed:offset16:ValueError:bad marshal data (unknown type code),offset12:ValueError:bad marshal data (string size out of range),offset8:ValueError:bad marshal data (unknown type code)",pypbem-1.1.0.tar.gz,pypbem,1.1.0,tar,pypbem-1.1.0/pypbem/utils/__pycache__/example.cpython-311.pyc,cpython-311,59349,False,4,pylingual_decompilable,data/artifacts/pypi/pypbem/1.1.0/pypbem-1.1.0.tar.gz
decompyle3,exit_2,tool_exit,/root/PyBC-Sec/pybcSEC/data/rq2/envs/cpython-311/lib/python3.11/site-packages/click/core.py:1262: UserWarning: The parameter --version is used more than once. Remove its duplicate as parameters should be unique. parser = self.make_parser...,pypbem-1.1.0.tar.gz,pypbem,1.1.0,tar,pypbem-1.1.0/pypbem/utils/__pycache__/example.cpython-311.pyc,cpython-311,59349,False,4,pylingual_decompilable,data/artifacts/pypi/pypbem/1.1.0/pypbem-1.1.0.tar.gz
marshal,error,marshal_parse_failure,"marshal_failed:offset16:ValueError:bad marshal data (unknown type code),offset12:ValueError:bad marshal data (unknown type code),offset8:ValueError:bad marshal data (unknown type code)",pypbem-1.1.0.tar.gz,pypbem,1.1.0,tar,pypbem-1.1.0/pypbem/utils/__pycache__/get_circle_grid.cpython-310.pyc,cpython-310,57505,False,4,pylingual_decompilable,data/artifacts/pypi/pypbem/1.1.0/pypbem-1.1.0.tar.gz
decompyle3,exit_2,tool_exit,/root/PyBC-Sec/pybcSEC/data/rq2/envs/cpython-310/lib/python3.10/site-packages/click/core.py:1262: UserWarning: The parameter --version is used more than once. Remove its duplicate as parameters should be unique. parser = self.make_parser...,pypbem-1.1.0.tar.gz,pypbem,1.1.0,tar,pypbem-1.1.0/pypbem/utils/__pycache__/get_circle_grid.cpython-310.pyc,cpython-310,57505,False,4,pylingual_decompilable,data/artifacts/pypi/pypbem/1.1.0/pypbem-1.1.0.tar.gz
marshal,error,marshal_parse_failure,"marshal_failed:offset16:ValueError:bad marshal data (unknown type code),offset12:ValueError:bad marshal data (unknown type code),offset8:ValueError:bad marshal data (unknown type code)",pypbem-1.1.0.tar.gz,pypbem,1.1.0,tar,pypbem-1.1.0/pypbem/utils/__pycache__/green_evaluation.cpython-310.pyc,cpython-310,58273,False,4,pylingual_decompilable,data/artifacts/pypi/pypbem/1.1.0/pypbem-1.1.0.tar.gz
decompyle3,exit_2,tool_exit,/root/PyBC-Sec/pybcSEC/data/rq2/envs/cpython-310/lib/python3.10/site-packages/click/core.py:1262: UserWarning: The parameter --version is used more than once. Remove its duplicate as parameters should be unique. parser = self.make_parser...,pypbem-1.1.0.tar.gz,pypbem,1.1.0,tar,pypbem-1.1.0/pypbem/utils/__pycache__/green_evaluation.cpython-310.pyc,cpython-310,58273,False,4,pylingual_decompilable,data/artifacts/pypi/pypbem/1.1.0/pypbem-1.1.0.tar.gz
marshal,error,marshal_parse_failure,"marshal_failed:offset16:ValueError:bad marshal data (unknown type code),offset12:EOFError:marshal data too short,offset8:ValueError:could not convert string to float: 'f]u�Yu#`����ږ
�z޽�v��n�w��mu�]��m���u���'d��mt;]u��&���nj׬��z��v'zY��[s���[�rب�ȧ���)��#ڭ'",pypbem-1.1.0.tar.gz,pypbem,1.1.0,tar,pypbem-1.1.0/pypbem/utils/__pycache__/potential.cpython-310.pyc,cpython-310,61345,False,4,pylingual_decompilable,data/artifacts/pypi/pypbem/1.1.0/pypbem-1.1.0.tar.gz
decompyle3,exit_2,tool_exit,/root/PyBC-Sec/pybcSEC/data/rq2/envs/cpython-310/lib/python3.10/site-packages/click/core.py:1262: UserWarning: The parameter --version is used more than once. Remove its duplicate as parameters should be unique. parser = self.make_parser...,pypbem-1.1.0.tar.gz,pypbem,1.1.0,tar,pypbem-1.1.0/pypbem/utils/__pycache__/potential.cpython-310.pyc,cpython-310,61345,False,4,pylingual_decompilable,data/artifacts/pypi/pypbem/1.1.0/pypbem-1.1.0.tar.gz
marshal,error,marshal_parse_failure,"marshal_failed:offset16:ValueError:bad marshal data (unknown type code),offset12:ValueError:bad marshal data (unknown type code),offset8:ValueError:bad marshal data (unknown type code)",pypbem-1.1.0.tar.gz,pypbem,1.1.0,tar,pypbem-1.1.0/pypbem/utils/threeD/__pycache__/BSLO.cpython-310.pyc,cpython-310,60321,True,4,pylingual_decompilable,data/artifacts/pypi/pypbem/1.1.0/pypbem-1.1.0.tar.gz
decompyle3,exit_2,tool_exit,/root/PyBC-Sec/pybcSEC/data/rq2/envs/cpython-310/lib/python3.10/site-packages/click/core.py:1262: UserWarning: The parameter --version is used more than once. Remove its duplicate as parameters should be unique. parser = self.make_parser...,pypbem-1.1.0.tar.gz,pypbem,1.1.0,tar,pypbem-1.1.0/pypbem/utils/threeD/__pycache__/BSLO.cpython-310.pyc,cpython-310,60321,True,4,pylingual_decompilable,data/artifacts/pypi/pypbem/1.1.0/pypbem-1.1.0.tar.gz
marshal,error,marshal_parse_failure,"marshal_failed:offset16:ValueError:bad marshal data (unknown type code),offset12:not_code,offset8:ValueError:bad marshal data (unknown type code)",pypbem-1.1.0.tar.gz,pypbem,1.1.0,tar,pypbem-1.1.0/pypbem/utils/threeD/__pycache__/RHS.cpython-310.pyc,cpython-310,10147,True,4,pylingual_decompilable,data/artifacts/pypi/pypbem/1.1.0/pypbem-1.1.0.tar.gz
decompyle3,exit_2,tool_exit,/root/PyBC-Sec/pybcSEC/data/rq2/envs/cpython-310/lib/python3.10/site-packages/click/core.py:1262: UserWarning: The parameter --version is used more than once. Remove its duplicate as parameters should be unique. parser = self.make_parser...,pypbem-1.1.0.tar.gz,pypbem,1.1.0,tar,pypbem-1.1.0/pypbem/utils/threeD/__pycache__/RHS.cpython-310.pyc,cpython-310,10147,True,4,pylingual_decompilable,data/artifacts/pypi/pypbem/1.1.0/pypbem-1.1.0.tar.gz
marshal,error,marshal_parse_failure,"marshal_failed:offset16:ValueError:bad marshal data (unknown type code),offset12:ValueError:bad marshal data (unknown type code),offset8:ValueError:bad marshal data (unknown type code)",pypbem-1.1.0.tar.gz,pypbem,1.1.0,tar,pypbem-1.1.0/pypbem/utils/threeD/__pycache__/__init__.cpython-310.pyc,cpython-310,47010,True,4,pylingual_decompilable,data/artifacts/pypi/pypbem/1.1.0/pypbem-1.1.0.tar.gz
decompyle3,exit_2,tool_exit,/root/PyBC-Sec/pybcSEC/data/rq2/envs/cpython-310/lib/python3.10/site-packages/click/core.py:1262: UserWarning: The parameter --version is used more than once. Remove its duplicate as parameters should be unique. parser = self.make_parser...,pypbem-1.1.0.tar.gz,pypbem,1.1.0,tar,pypbem-1.1.0/pypbem/utils/threeD/__pycache__/__init__.cpython-310.pyc,cpython-310,47010,True,4,pylingual_decompilable,data/artifacts/pypi/pypbem/1.1.0/pypbem-1.1.0.tar.gz
marshal,error,marshal_parse_failure,"marshal_failed:offset16:ValueError:bad marshal data (unknown type code),offset12:ValueError:bad marshal data (unknown type code),offset8:ValueError:bad marshal data (unknown type code)",pypbem-1.1.0.tar.gz,pypbem,1.1.0,tar,pypbem-1.1.0/pypbem/utils/threeD/__pycache__/circle_grid.cpython-310.pyc,cpython-310,58017,False,4,pylingual_decompilable,data/artifacts/pypi/pypbem/1.1.0/pypbem-1.1.0.tar.gz
decompyle3,exit_2,tool_exit,/root/PyBC-Sec/pybcSEC/data/rq2/envs/cpython-310/lib/python3.10/site-packages/click/core.py:1262: UserWarning: The parameter --version is used more than once. Remove its duplicate as parameters should be unique. parser = self.make_parser...,pypbem-1.1.0.tar.gz,pypbem,1.1.0,tar,pypbem-1.1.0/pypbem/utils/threeD/__pycache__/circle_grid.cpython-310.pyc,cpython-310,58017,False,4,pylingual_decompilable,data/artifacts/pypi/pypbem/1.1.0/pypbem-1.1.0.tar.gz
marshal,error,marshal_parse_failure,"marshal_failed:offset16:ValueError:bad marshal data (unknown type code),offset12:ValueError:bad marshal data (string size out of range),offset8:ValueError:bad marshal data (unknown type code)",pypbem-1.1.0.tar.gz,pypbem,1.1.0,tar,pypbem-1.1.0/pypbem/utils/threeD/__pycache__/green_evaluation.cpython-310.pyc,cpython-310,60321,True,4,pylingual_decompilable,data/artifacts/pypi/pypbem/1.1.0/pypbem-1.1.0.tar.gz
decompyle3,exit_2,tool_exit,/root/PyBC-Sec/pybcSEC/data/rq2/envs/cpython-310/lib/python3.10/site-packages/click/core.py:1262: UserWarning: The parameter --version is used more than once. Remove its duplicate as parameters should be unique. parser = self.make_parser...,pypbem-1.1.0.tar.gz,pypbem,1.1.0,tar,pypbem-1.1.0/pypbem/utils/threeD/__pycache__/green_evaluation.cpython-310.pyc,cpython-310,60321,True,4,pylingual_decompilable,data/artifacts/pypi/pypbem/1.1.0/pypbem-1.1.0.tar.gz
marshal,error,marshal_parse_failure,"marshal_failed:offset16:ValueError:bad marshal data (unknown type code),offset12:ValueError:bad marshal data (unknown type code),offset8:ValueError:bad marshal data (unknown type code)",pypbem-1.1.0.tar.gz,pypbem,1.1.0,tar,pypbem-1.1.0/pypbem/utils/threeD/__pycache__/potential.cpython-310.pyc,cpython-310,60577,True,4,pylingual_decompilable,data/artifacts/pypi/pypbem/1.1.0/pypbem-1.1.0.tar.gz
decompyle3,exit_2,tool_exit,/root/PyBC-Sec/pybcSEC/data/rq2/envs/cpython-310/lib/python3.10/site-packages/click/core.py:1262: UserWarning: The parameter --version is used more than once. Remove its duplicate as parameters should be unique. parser = self.make_parser...,pypbem-1.1.0.tar.gz,pypbem,1.1.0,tar,pypbem-1.1.0/pypbem/utils/threeD/__pycache__/potential.cpython-310.pyc,cpython-310,60577,True,4,pylingual_decompilable,data/artifacts/pypi/pypbem/1.1.0/pypbem-1.1.0.tar.gz
marshal,error,marshal_parse_failure,"marshal_failed:offset16:not_code,offset12:ValueError:bad marshal data (string size out of range),offset8:ValueError:bad marshal data (unknown type code)",pypbem-1.1.0.tar.gz,pypbem,1.1.0,tar,pypbem-1.1.0/pypbem/utils/threeD/__pycache__/sphere_grid.cpython-310.pyc,cpython-310,61345,True,4,pylingual_decompilable,data/artifacts/pypi/pypbem/1.1.0/pypbem-1.1.0.tar.gz
decompyle3,exit_2,tool_exit,/root/PyBC-Sec/pybcSEC/data/rq2/envs/cpython-310/lib/python3.10/site-packages/click/core.py:1262: UserWarning: The parameter --version is used more than once. Remove its duplicate as parameters should be unique. parser = self.make_parser...,pypbem-1.1.0.tar.gz,pypbem,1.1.0,tar,pypbem-1.1.0/pypbem/utils/threeD/__pycache__/sphere_grid.cpython-310.pyc,cpython-310,61345,True,4,pylingual_decompilable,data/artifacts/pypi/pypbem/1.1.0/pypbem-1.1.0.tar.gz
decompyle3,exit_2,tool_exit,"Traceback (most recent call last): File ""/root/PyBC-Sec/pybcSEC/data/rq2/envs/cpython-38/lib/python3.8/site-packages/xdis/load.py"", line 328, in load_module_from_file_object co = marshal.loads(bytecode) ValueError: bad marshal data (unkn...",pytest_exploratory-0.9.1.tar.gz,pytest-exploratory,0.9.1,tar,pytest_exploratory-0.9.1/tests/__pycache__/__init__.cpython-38-pytest-5.3.5.pyc,cpython-38,3413,True,4,pylingual_decompilable,data/artifacts/pypi/pytest-exploratory/0.9.1/pytest_exploratory-0.9.1.tar.gz
decompyle3,exit_2,tool_exit,"Traceback (most recent call last): File ""/root/PyBC-Sec/pybcSEC/data/rq2/envs/cpython-39/lib/python3.9/site-packages/xdis/load.py"", line 328, in load_module_from_file_object co = marshal.loads(bytecode) ValueError: bad marshal data (unkn...",pytest_exploratory-0.9.1.tar.gz,pytest-exploratory,0.9.1,tar,pytest_exploratory-0.9.1/tests/__pycache__/__init__.cpython-39-pytest-5.3.5.pyc,cpython-39,3425,True,4,pylingual_decompilable,data/artifacts/pypi/pytest-exploratory/0.9.1/pytest_exploratory-0.9.1.tar.gz
decompyle3,exit_2,tool_exit,"Traceback (most recent call last): File ""/root/PyBC-Sec/pybcSEC/data/rq2/envs/cpython-38/lib/python3.8/site-packages/xdis/load.py"", line 328, in load_module_from_file_object co = marshal.loads(bytecode) ValueError: bad marshal data (unkn...",pytest_exploratory-0.9.1.tar.gz,pytest-exploratory,0.9.1,tar,pytest_exploratory-0.9.1/tests/__pycache__/test_console.cpython-38-pytest-5.3.5.pyc,cpython-38,3413,False,4,pylingual_decompilable,data/artifacts/pypi/pytest-exploratory/0.9.1/pytest_exploratory-0.9.1.tar.gz
decompyle3,exit_2,tool_exit,"Traceback (most recent call last): File ""/root/PyBC-Sec/pybcSEC/data/rq2/envs/cpython-38/lib/python3.8/site-packages/xdis/load.py"", line 328, in load_module_from_file_object co = marshal.loads(bytecode) ValueError: bad marshal data (unkn...",pytest_exploratory-0.9.1.tar.gz,pytest-exploratory,0.9.1,tar,pytest_exploratory-0.9.1/tests/__pycache__/test_interactive.cpython-38-PYTEST.pyc,cpython-38,3413,True,4,pylingual_decompilable,data/artifacts/pypi/pytest-exploratory/0.9.1/pytest_exploratory-0.9.1.tar.gz
decompyle3,exit_2,tool_exit,"Traceback (most recent call last): File ""/root/PyBC-Sec/pybcSEC/data/rq2/envs/cpython-38/lib/python3.8/site-packages/xdis/load.py"", line 328, in load_module_from_file_object co = marshal.loads(bytecode) ValueError: bad marshal data (unkn...",pytest_exploratory-0.9.1.tar.gz,pytest-exploratory,0.9.1,tar,pytest_exploratory-0.9.1/tests/__pycache__/test_interactive.cpython-38-pytest-5.3.4.pyc,cpython-38,3413,True,4,pylingual_decompilable,data/artifacts/pypi/pytest-exploratory/0.9.1/pytest_exploratory-0.9.1.tar.gz
decompyle3,exit_2,tool_exit,"Traceback (most recent call last): File ""/root/PyBC-Sec/pybcSEC/data/rq2/envs/cpython-38/lib/python3.8/site-packages/xdis/load.py"", line 328, in load_module_from_file_object co = marshal.loads(bytecode) ValueError: bad marshal data (unkn...",pytest_exploratory-0.9.1.tar.gz,pytest-exploratory,0.9.1,tar,pytest_exploratory-0.9.1/tests/__pycache__/test_interactive.cpython-38-pytest-5.3.5.pyc,cpython-38,3413,True,4,pylingual_decompilable,data/artifacts/pypi/pytest-exploratory/0.9.1/pytest_exploratory-0.9.1.tar.gz
decompyle3,exit_2,tool_exit,"Traceback (most recent call last): File ""/root/PyBC-Sec/pybcSEC/data/rq2/envs/cpython-38/lib/python3.8/site-packages/xdis/load.py"", line 328, in load_module_from_file_object co = marshal.loads(bytecode) ValueError: bad marshal data (unkn...",pytest_exploratory-0.9.1.tar.gz,pytest-exploratory,0.9.1,tar,pytest_exploratory-0.9.1/tests/__pycache__/test_interactive.cpython-38-pytest-6.0.0.pyc,cpython-38,3413,True,4,pylingual_decompilable,data/artifacts/pypi/pytest-exploratory/0.9.1/pytest_exploratory-0.9.1.tar.gz
decompyle3,exit_2,tool_exit,"Traceback (most recent call last): File ""/root/PyBC-Sec/pybcSEC/data/rq2/envs/cpython-39/lib/python3.9/site-packages/xdis/load.py"", line 328, in load_module_from_file_object co = marshal.loads(bytecode) ValueError: bad marshal data (unkn...",pytest_exploratory-0.9.1.tar.gz,pytest-exploratory,0.9.1,tar,pytest_exploratory-0.9.1/tests/__pycache__/test_interactive.cpython-39-pytest-5.3.5.pyc,cpython-39,3425,True,4,pylingual_decompilable,data/artifacts/pypi/pytest-exploratory/0.9.1/pytest_exploratory-0.9.1.tar.gz
decompyle3,exit_2,tool_exit,"Traceback (most recent call last): File ""/root/PyBC-Sec/pybcSEC/data/rq2/envs/cpython-39/lib/python3.9/site-packages/xdis/load.py"", line 328, in load_module_from_file_object co = marshal.loads(bytecode) ValueError: bad marshal data (unkn...",pytest_exploratory-0.9.1.tar.gz,pytest-exploratory,0.9.1,tar,pytest_exploratory-0.9.1/tests/__pycache__/test_interactive.cpython-39-pytest-5.4.3.pyc,cpython-39,3425,True,4,pylingual_decompilable,data/artifacts/pypi/pytest-exploratory/0.9.1/pytest_exploratory-0.9.1.tar.gz
decompyle3,exit_2,tool_exit,"Traceback (most recent call last): File ""/root/PyBC-Sec/pybcSEC/data/rq2/envs/cpython-39/lib/python3.9/site-packages/xdis/load.py"", line 328, in load_module_from_file_object co = marshal.loads(bytecode) ValueError: bad marshal data (unkn...",pytest_exploratory-0.9.1.tar.gz,pytest-exploratory,0.9.1,tar,pytest_exploratory-0.9.1/tests/__pycache__/test_interactive.cpython-39-pytest-6.0.0rc1.pyc,cpython-39,3425,True,4,pylingual_decompilable,data/artifacts/pypi/pytest-exploratory/0.9.1/pytest_exploratory-0.9.1.tar.gz
decompyle3,exit_2,tool_exit,"Traceback (most recent call last): File ""/root/PyBC-Sec/pybcSEC/data/rq2/envs/cpython-39/lib/python3.9/site-packages/xdis/load.py"", line 328, in load_module_from_file_object co = marshal.loads(bytecode) ValueError: bad marshal data (unkn...",pytest_exploratory-0.9.1.tar.gz,pytest-exploratory,0.9.1,tar,pytest_exploratory-0.9.1/tests/__pycache__/test_interactive.cpython-39-pytest-6.0.2.pyc,cpython-39,3425,True,4,pylingual_decompilable,data/artifacts/pypi/pytest-exploratory/0.9.1/pytest_exploratory-0.9.1.tar.gz
decompyle3,exit_2,tool_exit,"Traceback (most recent call last): File ""/root/PyBC-Sec/pybcSEC/data/rq2/envs/cpython-39/lib/python3.9/site-packages/xdis/load.py"", line 328, in load_module_from_file_object co = marshal.loads(bytecode) ValueError: bad marshal data (unkn...",pytest_exploratory-0.9.1.tar.gz,pytest-exploratory,0.9.1,tar,pytest_exploratory-0.9.1/tests/__pycache__/test_interactive.cpython-39-pytest-6.1.2.pyc,cpython-39,3425,True,4,pylingual_decompilable,data/artifacts/pypi/pytest-exploratory/0.9.1/pytest_exploratory-0.9.1.tar.gz
decompyle3,timeout,timeout,timeout_after_600s,Pyomic-1.2.9-py3-none-any.whl,pyomic,1.2.9,wheel,Pyomic/bulk/__pycache__/_dynamicTree.cpython-38.pyc,cpython-38,3413,True,4,pylingual_decompilable,data/artifacts/pypi/pyomic/1.2.9/Pyomic-1.2.9-py3-none-any.whl
decompyle3,timeout,timeout,timeout_after_600s,qt_pyqt_pyside_custom_widgets-2.1.9-py3-none-any.whl,qt-pyqt-pyside-custom-widgets,2.1.9,wheel,Custom_Widgets/JSonStyles/__pycache__/__init__.cpython-38.pyc,cpython-38,3413,True,4,pylingual_decompilable,data/artifacts/pypi/qt-pyqt-pyside-custom-widgets/2.1.9/qt_pyqt_pyside_custom_widgets-2.1.9-py3-none-any.whl
decompyle3,timeout,timeout,timeout_after_600s,qt_pyqt_pyside_custom_widgets-2.1.9.tar.gz,qt-pyqt-pyside-custom-widgets,2.1.9,tar,qt_pyqt_pyside_custom_widgets-2.1.9/Custom_Widgets/JSonStyles/__pycache__/__init__.cpython-38.pyc,cpython-38,3413,True,4,pylingual_decompilable,data/artifacts/pypi/qt-pyqt-pyside-custom-widgets/2.1.9/qt_pyqt_pyside_custom_widgets-2.1.9.tar.gz
marshal,error,marshal_parse_failure,marshal_failed:,ramps_galactic-1.1.2.tar.gz,ramps-galactic,1.1.2,tar,ramps_galactic-1.1.2/venues/stages/ramps_galactic/charts/__pycache__/majestic_line.cpython-310.pyc,cpython-310,3439,False,4,pylingual_decompilable,data/artifacts/pypi/ramps-galactic/1.1.2/ramps_galactic-1.1.2.tar.gz
decompyle3,exit_2,tool_exit,/root/PyBC-Sec/pybcSEC/data/rq2/envs/cpython-310/lib/python3.10/site-packages/click/core.py:1262: UserWarning: The parameter --version is used more than once. Remove its duplicate as parameters should be unique. parser = self.make_parser...,ramps_galactic-1.1.2.tar.gz,ramps-galactic,1.1.2,tar,ramps_galactic-1.1.2/venues/stages/ramps_galactic/charts/__pycache__/majestic_line.cpython-310.pyc,cpython-310,3439,False,4,pylingual_decompilable,data/artifacts/pypi/ramps-galactic/1.1.2/ramps_galactic-1.1.2.tar.gz
marshal,error,marshal_parse_failure,marshal_failed:,ramps_galactic-1.1.2.tar.gz,ramps-galactic,1.1.2,tar,ramps_galactic-1.1.2/venues/stages/ramps_galactic/charts/__pycache__/pivots.cpython-310.pyc,cpython-310,3439,False,4,pylingual_decompilable,data/artifacts/pypi/ramps-galactic/1.1.2/ramps_galactic-1.1.2.tar.gz
decompyle3,exit_2,tool_exit,/root/PyBC-Sec/pybcSEC/data/rq2/envs/cpython-310/lib/python3.10/site-packages/click/core.py:1262: UserWarning: The parameter --version is used more than once. Remove its duplicate as parameters should be unique. parser = self.make_parser...,ramps_galactic-1.1.2.tar.gz,ramps-galactic,1.1.2,tar,ramps_galactic-1.1.2/venues/stages/ramps_galactic/charts/__pycache__/pivots.cpython-310.pyc,cpython-310,3439,False,4,pylingual_decompilable,data/artifacts/pypi/ramps-galactic/1.1.2/ramps_galactic-1.1.2.tar.gz
marshal,error,marshal_parse_failure,marshal_failed:,ramps_galactic-1.1.2.tar.gz,ramps-galactic,1.1.2,tar,ramps_galactic-1.1.2/venues/stages/ramps_galactic/charts/__pycache__/superb_line.cpython-310.pyc,cpython-310,3439,False,4,pylingual_decompilable,data/artifacts/pypi/ramps-galactic/1.1.2/ramps_galactic-1.1.2.tar.gz
decompyle3,exit_2,tool_exit,/root/PyBC-Sec/pybcSEC/data/rq2/envs/cpython-310/lib/python3.10/site-packages/click/core.py:1262: UserWarning: The parameter --version is used more than once. Remove its duplicate as parameters should be unique. parser = self.make_parser...,ramps_galactic-1.1.2.tar.gz,ramps-galactic,1.1.2,tar,ramps_galactic-1.1.2/venues/stages/ramps_galactic/charts/__pycache__/superb_line.cpython-310.pyc,cpython-310,3439,False,4,pylingual_decompilable,data/artifacts/pypi/ramps-galactic/1.1.2/ramps_galactic-1.1.2.tar.gz
marshal,error,marshal_parse_failure,marshal_failed:,ramps_galactic-1.1.2.tar.gz,ramps-galactic,1.1.2,tar,ramps_galactic-1.1.2/venues/stages/ramps_galactic/charts/__pycache__/trend_side_circles.cpython-310.pyc,cpython-310,3439,True,4,pylingual_decompilable,data/artifacts/pypi/ramps-galactic/1.1.2/ramps_galactic-1.1.2.tar.gz
decompyle3,exit_2,tool_exit,/root/PyBC-Sec/pybcSEC/data/rq2/envs/cpython-310/lib/python3.10/site-packages/click/core.py:1262: UserWarning: The parameter --version is used more than once. Remove its duplicate as parameters should be unique. parser = self.make_parser...,ramps_galactic-1.1.2.tar.gz,ramps-galactic,1.1.2,tar,ramps_galactic-1.1.2/venues/stages/ramps_galactic/charts/__pycache__/trend_side_circles.cpython-310.pyc,cpython-310,3439,True,4,pylingual_decompilable,data/artifacts/pypi/ramps-galactic/1.1.2/ramps_galactic-1.1.2.tar.gz
marshal,error,marshal_parse_failure,marshal_failed:,ramps_galactic-1.1.2.tar.gz,ramps-galactic,1.1.2,tar,ramps_galactic-1.1.2/venues/stages/ramps_galactic/furniture/__pycache__/places.cpython-310.pyc,cpython-310,3439,True,4,pylingual_decompilable,data/artifacts/pypi/ramps-galactic/1.1.2/ramps_galactic-1.1.2.tar.gz
decompyle3,exit_2,tool_exit,/root/PyBC-Sec/pybcSEC/data/rq2/envs/cpython-310/lib/python3.10/site-packages/click/core.py:1262: UserWarning: The parameter --version is used more than once. Remove its duplicate as parameters should be unique. parser = self.make_parser...,ramps_galactic-1.1.2.tar.gz,ramps-galactic,1.1.2,tar,ramps_galactic-1.1.2/venues/stages/ramps_galactic/furniture/__pycache__/places.cpython-310.pyc,cpython-310,3439,True,4,pylingual_decompilable,data/artifacts/pypi/ramps-galactic/1.1.2/ramps_galactic-1.1.2.tar.gz
marshal,error,marshal_parse_failure,marshal_failed:,ramps_galactic-1.1.2.tar.gz,ramps-galactic,1.1.2,tar,ramps_galactic-1.1.2/venues/stages/ramps_galactic/victory_multiplier/__pycache__/holding.cpython-310.pyc,cpython-310,3439,False,4,pylingual_decompilable,data/artifacts/pypi/ramps-galactic/1.1.2/ramps_galactic-1.1.2.tar.gz
decompyle3,exit_2,tool_exit,/root/PyBC-Sec/pybcSEC/data/rq2/envs/cpython-310/lib/python3.10/site-packages/click/core.py:1262: UserWarning: The parameter --version is used more than once. Remove its duplicate as parameters should be unique. parser = self.make_parser...,ramps_galactic-1.1.2.tar.gz,ramps-galactic,1.1.2,tar,ramps_galactic-1.1.2/venues/stages/ramps_galactic/victory_multiplier/__pycache__/holding.cpython-310.pyc,cpython-310,3439,False,4,pylingual_decompilable,data/artifacts/pypi/ramps-galactic/1.1.2/ramps_galactic-1.1.2.tar.gz
marshal,error,marshal_parse_failure,marshal_failed:,ramps_galactic-1.1.2.tar.gz,ramps-galactic,1.1.2,tar,ramps_galactic-1.1.2/venues/stages/ramps_galactic/victory_multiplier/__pycache__/ramp.cpython-310.pyc,cpython-310,3439,False,4,pylingual_decompilable,data/artifacts/pypi/ramps-galactic/1.1.2/ramps_galactic-1.1.2.tar.gz
decompyle3,exit_2,tool_exit,/root/PyBC-Sec/pybcSEC/data/rq2/envs/cpython-310/lib/python3.10/site-packages/click/core.py:1262: UserWarning: The parameter --version is used more than once. Remove its duplicate as parameters should be unique. parser = self.make_parser...,ramps_galactic-1.1.2.tar.gz,ramps-galactic,1.1.2,tar,ramps_galactic-1.1.2/venues/stages/ramps_galactic/victory_multiplier/__pycache__/ramp.cpython-310.pyc,cpython-310,3439,False,4,pylingual_decompilable,data/artifacts/pypi/ramps-galactic/1.1.2/ramps_galactic-1.1.2.tar.gz
marshal,error,marshal_parse_failure,marshal_failed:,ramps_galactic-1.1.2.tar.gz,ramps-galactic,1.1.2,tar,ramps_galactic-1.1.2/venues/stages/ramps_galactic/victory_multiplier/__pycache__/treasure_purchase.cpython-310.pyc,cpython-310,3439,False,4,pylingual_decompilable,data/artifacts/pypi/ramps-galactic/1.1.2/ramps_galactic-1.1.2.tar.gz
decompyle3,exit_2,tool_exit,/root/PyBC-Sec/pybcSEC/data/rq2/envs/cpython-310/lib/python3.10/site-packages/click/core.py:1262: UserWarning: The parameter --version is used more than once. Remove its duplicate as parameters should be unique. parser = self.make_parser...,ramps_galactic-1.1.2.tar.gz,ramps-galactic,1.1.2,tar,ramps_galactic-1.1.2/venues/stages/ramps_galactic/victory_multiplier/__pycache__/treasure_purchase.cpython-310.pyc,cpython-310,3439,False,4,pylingual_decompilable,data/artifacts/pypi/ramps-galactic/1.1.2/ramps_galactic-1.1.2.tar.gz
marshal,error,marshal_parse_failure,"marshal_failed:offset16:ValueError:bad marshal data (unknown type code),offset12:ValueError:bad marshal data (unknown type code),offset8:ValueError:bad marshal data (unknown type code)",radboy-0.0.1054-py3-none-any.whl,radboy,0.0.1054,wheel,radboy/Collector2/__pycache__/Collector2.cpython-311.pyc,cpython-311,3495,True,4,pylingual_decompilable,data/artifacts/pypi/radboy/0.0.1054/radboy-0.0.1054-py3-none-any.whl
decompyle3,exit_2,tool_exit,/root/PyBC-Sec/pybcSEC/data/rq2/envs/cpython-311/lib/python3.11/site-packages/click/core.py:1262: UserWarning: The parameter --version is used more than once. Remove its duplicate as parameters should be unique. parser = self.make_parser...,radboy-0.0.1054-py3-none-any.whl,radboy,0.0.1054,wheel,radboy/Collector2/__pycache__/Collector2.cpython-311.pyc,cpython-311,3495,True,4,pylingual_decompilable,data/artifacts/pypi/radboy/0.0.1054/radboy-0.0.1054-py3-none-any.whl
marshal,error,marshal_parse_failure,"marshal_failed:offset16:EOFError:marshal data too short,offset12:ValueError:bad marshal data (bytes object size out of range),offset8:ValueError:bad marshal data (unknown type code)",radboy-0.0.1054-py3-none-any.whl,radboy,0.0.1054,wheel,radboy/Conversion/__pycache__/Conversion.cpython-311.pyc,cpython-311,3495,True,4,pylingual_decompilable,data/artifacts/pypi/radboy/0.0.1054/radboy-0.0.1054-py3-none-any.whl
decompyle3,exit_2,tool_exit,/root/PyBC-Sec/pybcSEC/data/rq2/envs/cpython-311/lib/python3.11/site-packages/click/core.py:1262: UserWarning: The parameter --version is used more than once. Remove its duplicate as parameters should be unique. parser = self.make_parser...,radboy-0.0.1054-py3-none-any.whl,radboy,0.0.1054,wheel,radboy/Conversion/__pycache__/Conversion.cpython-311.pyc,cpython-311,3495,True,4,pylingual_decompilable,data/artifacts/pypi/radboy/0.0.1054/radboy-0.0.1054-py3-none-any.whl
marshal,error,marshal_parse_failure,"marshal_failed:offset16:ValueError:bad marshal data (unknown type code),offset12:ValueError:bad marshal data (unknown type code),offset8:ValueError:bad marshal data (unknown type code)",radboy-0.0.1054-py3-none-any.whl,radboy,0.0.1054,wheel,radboy/DB/__pycache__/DatePicker.cpython-311.pyc,cpython-311,3495,True,4,pylingual_decompilable,data/artifacts/pypi/radboy/0.0.1054/radboy-0.0.1054-py3-none-any.whl
decompyle3,exit_2,tool_exit,/root/PyBC-Sec/pybcSEC/data/rq2/envs/cpython-311/lib/python3.11/site-packages/click/core.py:1262: UserWarning: The parameter --version is used more than once. Remove its duplicate as parameters should be unique. parser = self.make_parser...,radboy-0.0.1054-py3-none-any.whl,radboy,0.0.1054,wheel,radboy/DB/__pycache__/DatePicker.cpython-311.pyc,cpython-311,3495,True,4,pylingual_decompilable,data/artifacts/pypi/radboy/0.0.1054/radboy-0.0.1054-py3-none-any.whl
marshal,error,marshal_parse_failure,"marshal_failed:offset16:ValueError:bad marshal data (unknown type code),offset12:ValueError:bad marshal data (unknown type code),offset8:ValueError:bad marshal data (tuple size out of range)",radboy-0.0.1054-py3-none-any.whl,radboy,0.0.1054,wheel,radboy/DB/__pycache__/FormBuilder.cpython-312.pyc,cpython-312,3531,False,4,pylingual_decompilable,data/artifacts/pypi/radboy/0.0.1054/radboy-0.0.1054-py3-none-any.whl
decompyle3,exit_2,tool_exit,/root/PyBC-Sec/pybcSEC/data/rq2/envs/cpython-312/lib/python3.12/site-packages/click/core.py:1262: UserWarning: The parameter --version is used more than once. Remove its duplicate as parameters should be unique. parser = self.make_parser...,radboy-0.0.1054-py3-none-any.whl,radboy,0.0.1054,wheel,radboy/DB/__pycache__/FormBuilder.cpython-312.pyc,cpython-312,3531,False,4,pylingual_decompilable,data/artifacts/pypi/radboy/0.0.1054/radboy-0.0.1054-py3-none-any.whl
marshal,error,marshal_parse_failure,"marshal_failed:offset16:EOFError:marshal data too short,offset12:not_code,offset8:ValueError:bad marshal data (unknown type code)",radboy-0.0.1054-py3-none-any.whl,radboy,0.0.1054,wheel,radboy/DB/__pycache__/ResetTools.cpython-311.pyc,cpython-311,3495,True,4,pylingual_decompilable,data/artifacts/pypi/radboy/0.0.1054/radboy-0.0.1054-py3-none-any.whl
decompyle3,exit_2,tool_exit,/root/PyBC-Sec/pybcSEC/data/rq2/envs/cpython-311/lib/python3.11/site-packages/click/core.py:1262: UserWarning: The parameter --version is used more than once. Remove its duplicate as parameters should be unique. parser = self.make_parser...,radboy-0.0.1054-py3-none-any.whl,radboy,0.0.1054,wheel,radboy/DB/__pycache__/ResetTools.cpython-311.pyc,cpython-311,3495,True,4,pylingual_decompilable,data/artifacts/pypi/radboy/0.0.1054/radboy-0.0.1054-py3-none-any.whl
marshal,error,marshal_parse_failure,"marshal_failed:offset16:ValueError:bad marshal data (unknown type code),offset12:ValueError:bad marshal data (unknown type code),offset8:ValueError:bad marshal data (unknown type code)",radboy-0.0.1054-py3-none-any.whl,radboy,0.0.1054,wheel,radboy/DB/__pycache__/SMLabelImporter.cpython-311.pyc,cpython-311,3495,True,4,pylingual_decompilable,data/artifacts/pypi/radboy/0.0.1054/radboy-0.0.1054-py3-none-any.whl
decompyle3,exit_2,tool_exit,/root/PyBC-Sec/pybcSEC/data/rq2/envs/cpython-311/lib/python3.11/site-packages/click/core.py:1262: UserWarning: The parameter --version is used more than once. Remove its duplicate as parameters should be unique. parser = self.make_parser...,radboy-0.0.1054-py3-none-any.whl,radboy,0.0.1054,wheel,radboy/DB/__pycache__/SMLabelImporter.cpython-311.pyc,cpython-311,3495,True,4,pylingual_decompilable,data/artifacts/pypi/radboy/0.0.1054/radboy-0.0.1054-py3-none-any.whl
marshal,error,marshal_parse_failure,"marshal_failed:offset16:ValueError:bad marshal data (unknown type code),offset12:ValueError:bad marshal data (unknown type code),offset8:ValueError:bad marshal data (unknown type code)",radboy-0.0.1054-py3-none-any.whl,radboy,0.0.1054,wheel,radboy/DB/__pycache__/db.cpython-311.pyc,cpython-311,3495,True,4,pylingual_decompilable,data/artifacts/pypi/radboy/0.0.1054/radboy-0.0.1054-py3-none-any.whl
decompyle3,exit_2,tool_exit,/root/PyBC-Sec/pybcSEC/data/rq2/envs/cpython-311/lib/python3.11/site-packages/click/core.py:1262: UserWarning: The parameter --version is used more than once. Remove its duplicate as parameters should be unique. parser = self.make_parser...,radboy-0.0.1054-py3-none-any.whl,radboy,0.0.1054,wheel,radboy/DB/__pycache__/db.cpython-311.pyc,cpython-311,3495,True,4,pylingual_decompilable,data/artifacts/pypi/radboy/0.0.1054/radboy-0.0.1054-py3-none-any.whl
marshal,error,marshal_parse_failure,"marshal_failed:offset16:ValueError:bad marshal data (unknown type code),offset12:ValueError:bad marshal data (unknown type code),offset8:ValueError:bad marshal data (unknown type code)",radboy-0.0.1054-py3-none-any.whl,radboy,0.0.1054,wheel,radboy/DayLog/__pycache__/DayLogger.cpython-311.pyc,cpython-311,3495,True,4,pylingual_decompilable,data/artifacts/pypi/radboy/0.0.1054/radboy-0.0.1054-py3-none-any.whl
decompyle3,exit_2,tool_exit,/root/PyBC-Sec/pybcSEC/data/rq2/envs/cpython-311/lib/python3.11/site-packages/click/core.py:1262: UserWarning: The parameter --version is used more than once. Remove its duplicate as parameters should be unique. parser = self.make_parser...,radboy-0.0.1054-py3-none-any.whl,radboy,0.0.1054,wheel,radboy/DayLog/__pycache__/DayLogger.cpython-311.pyc,cpython-311,3495,True,4,pylingual_decompilable,data/artifacts/pypi/radboy/0.0.1054/radboy-0.0.1054-py3-none-any.whl
marshal,error,marshal_parse_failure,"marshal_failed:offset16:EOFError:marshal data too short,offset12:ValueError:bad marshal data (unknown type code),offset8:ValueError:bad marshal data (unknown type code)",radboy-0.0.1054-py3-none-any.whl,radboy,0.0.1054,wheel,radboy/ExportList/__pycache__/ExportListCurrent.cpython-311.pyc,cpython-311,3495,True,4,pylingual_decompilable,data/artifacts/pypi/radboy/0.0.1054/radboy-0.0.1054-py3-none-any.whl
decompyle3,exit_2,tool_exit,/root/PyBC-Sec/pybcSEC/data/rq2/envs/cpython-311/lib/python3.11/site-packages/click/core.py:1262: UserWarning: The parameter --version is used more than once. Remove its duplicate as parameters should be unique. parser = self.make_parser...,radboy-0.0.1054-py3-none-any.whl,radboy,0.0.1054,wheel,radboy/ExportList/__pycache__/ExportListCurrent.cpython-311.pyc,cpython-311,3495,True,4,pylingual_decompilable,data/artifacts/pypi/radboy/0.0.1054/radboy-0.0.1054-py3-none-any.whl
marshal,error,marshal_parse_failure,"marshal_failed:offset16:ValueError:bad marshal data (unknown type code),offset12:ValueError:bad marshal data (unknown type code),offset8:ValueError:bad marshal data (unknown type code)",radboy-0.0.1054-py3-none-any.whl,radboy,0.0.1054,wheel,radboy/ExtractPkg/__pycache__/ExtractPkg2.cpython-311.pyc,cpython-311,3495,True,4,pylingual_decompilable,data/artifacts/pypi/radboy/0.0.1054/radboy-0.0.1054-py3-none-any.whl
decompyle3,exit_2,tool_exit,/root/PyBC-Sec/pybcSEC/data/rq2/envs/cpython-311/lib/python3.11/site-packages/click/core.py:1262: UserWarning: The parameter --version is used more than once. Remove its duplicate as parameters should be unique. parser = self.make_parser...,radboy-0.0.1054-py3-none-any.whl,radboy,0.0.1054,wheel,radboy/ExtractPkg/__pycache__/ExtractPkg2.cpython-311.pyc,cpython-311,3495,True,4,pylingual_decompilable,data/artifacts/pypi/radboy/0.0.1054/radboy-0.0.1054-py3-none-any.whl
marshal,error,marshal_parse_failure,"marshal_failed:offset16:ValueError:bad marshal data (unknown type code),offset12:ValueError:bad marshal data (unknown type code),offset8:ValueError:bad marshal data (unknown type code)",radboy-0.0.1054-py3-none-any.whl,radboy,0.0.1054,wheel,radboy/ListMode2/__pycache__/ListMode2.cpython-311.pyc,cpython-311,3495,True,4,pylingual_decompilable,data/artifacts/pypi/radboy/0.0.1054/radboy-0.0.1054-py3-none-any.whl
decompyle3,exit_2,tool_exit,/root/PyBC-Sec/pybcSEC/data/rq2/envs/cpython-311/lib/python3.11/site-packages/click/core.py:1262: UserWarning: The parameter --version is used more than once. Remove its duplicate as parameters should be unique. parser = self.make_parser...,radboy-0.0.1054-py3-none-any.whl,radboy,0.0.1054,wheel,radboy/ListMode2/__pycache__/ListMode2.cpython-311.pyc,cpython-311,3495,True,4,pylingual_decompilable,data/artifacts/pypi/radboy/0.0.1054/radboy-0.0.1054-py3-none-any.whl
marshal,error,marshal_parse_failure,"marshal_failed:offset16:EOFError:marshal data too short,offset12:ValueError:bad marshal data (unknown type code),offset8:ValueError:bad marshal data (unknown type code)",radboy-0.0.1054-py3-none-any.whl,radboy,0.0.1054,wheel,radboy/LocationSequencer/__pycache__/LocationSequencer.cpython-311.pyc,cpython-311,3495,True,4,pylingual_decompilable,data/artifacts/pypi/radboy/0.0.1054/radboy-0.0.1054-py3-none-any.whl
decompyle3,exit_2,tool_exit,/root/PyBC-Sec/pybcSEC/data/rq2/envs/cpython-311/lib/python3.11/site-packages/click/core.py:1262: UserWarning: The parameter --version is used more than once. Remove its duplicate as parameters should be unique. parser = self.make_parser...,radboy-0.0.1054-py3-none-any.whl,radboy,0.0.1054,wheel,radboy/LocationSequencer/__pycache__/LocationSequencer.cpython-311.pyc,cpython-311,3495,True,4,pylingual_decompilable,data/artifacts/pypi/radboy/0.0.1054/radboy-0.0.1054-py3-none-any.whl
marshal,error,marshal_parse_failure,"marshal_failed:offset16:EOFError:marshal data too short,offset12:ValueError:bad marshal data (unknown type code),offset8:ValueError:bad marshal data (unknown type code)",radboy-0.0.1054-py3-none-any.whl,radboy,0.0.1054,wheel,radboy/Locator/__pycache__/Locator.cpython-311.pyc,cpython-311,3495,True,4,pylingual_decompilable,data/artifacts/pypi/radboy/0.0.1054/radboy-0.0.1054-py3-none-any.whl
decompyle3,exit_2,tool_exit,/root/PyBC-Sec/pybcSEC/data/rq2/envs/cpython-311/lib/python3.11/site-packages/click/core.py:1262: UserWarning: The parameter --version is used more than once. Remove its duplicate as parameters should be unique. parser = self.make_parser...,radboy-0.0.1054-py3-none-any.whl,radboy,0.0.1054,wheel,radboy/Locator/__pycache__/Locator.cpython-311.pyc,cpython-311,3495,True,4,pylingual_decompilable,data/artifacts/pypi/radboy/0.0.1054/radboy-0.0.1054-py3-none-any.whl
marshal,error,marshal_parse_failure,"marshal_failed:offset16:ValueError:bad marshal data (unknown type code),offset12:ValueError:bad marshal data (digit out of range in long),offset8:ValueError:bad marshal data (unknown type code)",radboy-0.0.1054-py3-none-any.whl,radboy,0.0.1054,wheel,radboy/Locator/__pycache__/__init__.cpython-311.pyc,cpython-311,3495,True,4,pylingual_decompilable,data/artifacts/pypi/radboy/0.0.1054/radboy-0.0.1054-py3-none-any.whl
decompyle3,exit_2,tool_exit,/root/PyBC-Sec/pybcSEC/data/rq2/envs/cpython-311/lib/python3.11/site-packages/click/core.py:1262: UserWarning: The parameter --version is used more than once. Remove its duplicate as parameters should be unique. parser = self.make_parser...,radboy-0.0.1054-py3-none-any.whl,radboy,0.0.1054,wheel,radboy/Locator/__pycache__/__init__.cpython-311.pyc,cpython-311,3495,True,4,pylingual_decompilable,data/artifacts/pypi/radboy/0.0.1054/radboy-0.0.1054-py3-none-any.whl
marshal,error,marshal_parse_failure,"marshal_failed:offset16:ValueError:bad marshal data (unknown type code),offset12:ValueError:bad marshal data (unknown type code),offset8:ValueError:bad marshal data (unknown type code)",radboy-0.0.1054-py3-none-any.whl,radboy,0.0.1054,wheel,radboy/Lookup/__pycache__/Lookup.cpython-311.pyc,cpython-311,3495,True,4,pylingual_decompilable,data/artifacts/pypi/radboy/0.0.1054/radboy-0.0.1054-py3-none-any.whl
decompyle3,exit_2,tool_exit,/root/PyBC-Sec/pybcSEC/data/rq2/envs/cpython-311/lib/python3.11/site-packages/click/core.py:1262: UserWarning: The parameter --version is used more than once. Remove its duplicate as parameters should be unique. parser = self.make_parser...,radboy-0.0.1054-py3-none-any.whl,radboy,0.0.1054,wheel,radboy/Lookup/__pycache__/Lookup.cpython-311.pyc,cpython-311,3495,True,4,pylingual_decompilable,data/artifacts/pypi/radboy/0.0.1054/radboy-0.0.1054-py3-none-any.whl
marshal,error,marshal_parse_failure,"marshal_failed:offset16:ValueError:bad marshal data (unknown type code),offset12:ValueError:bad marshal data (bytes object size out of range),offset8:ValueError:bad marshal data (unknown type code)",radboy-0.0.1054-py3-none-any.whl,radboy,0.0.1054,wheel,radboy/ModuleTemplate/__pycache__/Tasks.cpython-311.pyc,cpython-311,3495,True,4,pylingual_decompilable,data/artifacts/pypi/radboy/0.0.1054/radboy-0.0.1054-py3-none-any.whl
decompyle3,exit_2,tool_exit,/root/PyBC-Sec/pybcSEC/data/rq2/envs/cpython-311/lib/python3.11/site-packages/click/core.py:1262: UserWarning: The parameter --version is used more than once. Remove its duplicate as parameters should be unique. parser = self.make_parser...,radboy-0.0.1054-py3-none-any.whl,radboy,0.0.1054,wheel,radboy/ModuleTemplate/__pycache__/Tasks.cpython-311.pyc,cpython-311,3495,True,4,pylingual_decompilable,data/artifacts/pypi/radboy/0.0.1054/radboy-0.0.1054-py3-none-any.whl
marshal,error,marshal_parse_failure,"marshal_failed:offset16:EOFError:marshal data too short,offset12:ValueError:bad marshal data (unknown type code),offset8:ValueError:bad marshal data (unknown type code)",radboy-0.0.1054-py3-none-any.whl,radboy,0.0.1054,wheel,radboy/POS/__pycache__/POS.cpython-311.pyc,cpython-311,3495,True,4,pylingual_decompilable,data/artifacts/pypi/radboy/0.0.1054/radboy-0.0.1054-py3-none-any.whl
decompyle3,exit_2,tool_exit,/root/PyBC-Sec/pybcSEC/data/rq2/envs/cpython-311/lib/python3.11/site-packages/click/core.py:1262: UserWarning: The parameter --version is used more than once. Remove its duplicate as parameters should be unique. parser = self.make_parser...,radboy-0.0.1054-py3-none-any.whl,radboy,0.0.1054,wheel,radboy/POS/__pycache__/POS.cpython-311.pyc,cpython-311,3495,True,4,pylingual_decompilable,data/artifacts/pypi/radboy/0.0.1054/radboy-0.0.1054-py3-none-any.whl
marshal,error,marshal_parse_failure,"marshal_failed:offset16:ValueError:bad marshal data (invalid reference),offset12:ValueError:bad marshal data (unknown type code),offset8:ValueError:bad marshal data (unknown type code)",radboy-0.0.1054-py3-none-any.whl,radboy,0.0.1054,wheel,radboy/PunchCard/__pycache__/CalcTimePad.cpython-311.pyc,cpython-311,3495,True,4,pylingual_decompilable,data/artifacts/pypi/radboy/0.0.1054/radboy-0.0.1054-py3-none-any.whl
decompyle3,exit_2,tool_exit,/root/PyBC-Sec/pybcSEC/data/rq2/envs/cpython-311/lib/python3.11/site-packages/click/core.py:1262: UserWarning: The parameter --version is used more than once. Remove its duplicate as parameters should be unique. parser = self.make_parser...,radboy-0.0.1054-py3-none-any.whl,radboy,0.0.1054,wheel,radboy/PunchCard/__pycache__/CalcTimePad.cpython-311.pyc,cpython-311,3495,True,4,pylingual_decompilable,data/artifacts/pypi/radboy/0.0.1054/radboy-0.0.1054-py3-none-any.whl
marshal,error,marshal_parse_failure,"marshal_failed:offset16:EOFError:marshal data too short,offset12:ValueError:bad marshal data (unknown type code),offset8:ValueError:bad marshal data (unknown type code)",radboy-0.0.1054-py3-none-any.whl,radboy,0.0.1054,wheel,radboy/PunchCard/__pycache__/PunchCard.cpython-311.pyc,cpython-311,3495,True,4,pylingual_decompilable,data/artifacts/pypi/radboy/0.0.1054/radboy-0.0.1054-py3-none-any.whl
decompyle3,exit_2,tool_exit,/root/PyBC-Sec/pybcSEC/data/rq2/envs/cpython-311/lib/python3.11/site-packages/click/core.py:1262: UserWarning: The parameter --version is used more than once. Remove its duplicate as parameters should be unique. parser = self.make_parser...,radboy-0.0.1054-py3-none-any.whl,radboy,0.0.1054,wheel,radboy/PunchCard/__pycache__/PunchCard.cpython-311.pyc,cpython-311,3495,True,4,pylingual_decompilable,data/artifacts/pypi/radboy/0.0.1054/radboy-0.0.1054-py3-none-any.whl
marshal,error,marshal_parse_failure,"marshal_failed:offset16:EOFError:marshal data too short,offset12:ValueError:bad marshal data (unknown type code),offset8:ValueError:bad marshal data (unknown type code)",radboy-0.0.1054-py3-none-any.whl,radboy,0.0.1054,wheel,radboy/Repack/__pycache__/Repack.cpython-311.pyc,cpython-311,3495,True,4,pylingual_decompilable,data/artifacts/pypi/radboy/0.0.1054/radboy-0.0.1054-py3-none-any.whl
decompyle3,exit_2,tool_exit,/root/PyBC-Sec/pybcSEC/data/rq2/envs/cpython-311/lib/python3.11/site-packages/click/core.py:1262: UserWarning: The parameter --version is used more than once. Remove its duplicate as parameters should be unique. parser = self.make_parser...,radboy-0.0.1054-py3-none-any.whl,radboy,0.0.1054,wheel,radboy/Repack/__pycache__/Repack.cpython-311.pyc,cpython-311,3495,True,4,pylingual_decompilable,data/artifacts/pypi/radboy/0.0.1054/radboy-0.0.1054-py3-none-any.whl
marshal,error,marshal_parse_failure,"marshal_failed:offset16:ValueError:bad marshal data (unknown type code),offset12:ValueError:bad marshal data (string size out of range),offset8:ValueError:bad marshal data (unknown type code)",radboy-0.0.1054-py3-none-any.whl,radboy,0.0.1054,wheel,radboy/TasksMode/__pycache__/Tasks.cpython-311.pyc,cpython-311,3495,True,4,pylingual_decompilable,data/artifacts/pypi/radboy/0.0.1054/radboy-0.0.1054-py3-none-any.whl
decompyle3,exit_2,tool_exit,/root/PyBC-Sec/pybcSEC/data/rq2/envs/cpython-311/lib/python3.11/site-packages/click/core.py:1262: UserWarning: The parameter --version is used more than once. Remove its duplicate as parameters should be unique. parser = self.make_parser...,radboy-0.0.1054-py3-none-any.whl,radboy,0.0.1054,wheel,radboy/TasksMode/__pycache__/Tasks.cpython-311.pyc,cpython-311,3495,True,4,pylingual_decompilable,data/artifacts/pypi/radboy/0.0.1054/radboy-0.0.1054-py3-none-any.whl
marshal,error,marshal_parse_failure,"marshal_failed:offset16:EOFError:marshal data too short,offset12:not_code,offset8:ValueError:bad marshal data (unknown type code)",radboy-0.0.1054-py3-none-any.whl,radboy,0.0.1054,wheel,radboy/TouchStampC/__pycache__/TouchStampC.cpython-311.pyc,cpython-311,3495,True,4,pylingual_decompilable,data/artifacts/pypi/radboy/0.0.1054/radboy-0.0.1054-py3-none-any.whl
decompyle3,exit_2,tool_exit,/root/PyBC-Sec/pybcSEC/data/rq2/envs/cpython-311/lib/python3.11/site-packages/click/core.py:1262: UserWarning: The parameter --version is used more than once. Remove its duplicate as parameters should be unique. parser = self.make_parser...,radboy-0.0.1054-py3-none-any.whl,radboy,0.0.1054,wheel,radboy/TouchStampC/__pycache__/TouchStampC.cpython-311.pyc,cpython-311,3495,True,4,pylingual_decompilable,data/artifacts/pypi/radboy/0.0.1054/radboy-0.0.1054-py3-none-any.whl
marshal,error,marshal_parse_failure,"marshal_failed:offset16:ValueError:bad marshal data (unknown type code),offset12:ValueError:bad marshal data (unknown type code),offset8:ValueError:bad marshal data (unknown type code)",radboy-0.0.1054-py3-none-any.whl,radboy,0.0.1054,wheel,radboy/Unified/__pycache__/Unified.cpython-311.pyc,cpython-311,3495,True,4,pylingual_decompilable,data/artifacts/pypi/radboy/0.0.1054/radboy-0.0.1054-py3-none-any.whl
decompyle3,exit_2,tool_exit,/root/PyBC-Sec/pybcSEC/data/rq2/envs/cpython-311/lib/python3.11/site-packages/click/core.py:1262: UserWarning: The parameter --version is used more than once. Remove its duplicate as parameters should be unique. parser = self.make_parser...,radboy-0.0.1054-py3-none-any.whl,radboy,0.0.1054,wheel,radboy/Unified/__pycache__/Unified.cpython-311.pyc,cpython-311,3495,True,4,pylingual_decompilable,data/artifacts/pypi/radboy/0.0.1054/radboy-0.0.1054-py3-none-any.whl
marshal,error,marshal_parse_failure,"marshal_failed:offset16:EOFError:marshal data too short,offset12:ValueError:bad marshal data (unknown type code),offset8:ValueError:bad marshal data (unknown type code)",radboy-0.0.1054-py3-none-any.whl,radboy,0.0.1054,wheel,radboy/UpdatesAndImports/__pycache__/UpdatesAndImports.cpython-311.pyc,cpython-311,3495,True,4,pylingual_decompilable,data/artifacts/pypi/radboy/0.0.1054/radboy-0.0.1054-py3-none-any.whl
decompyle3,exit_2,tool_exit,/root/PyBC-Sec/pybcSEC/data/rq2/envs/cpython-311/lib/python3.11/site-packages/click/core.py:1262: UserWarning: The parameter --version is used more than once. Remove its duplicate as parameters should be unique. parser = self.make_parser...,radboy-0.0.1054-py3-none-any.whl,radboy,0.0.1054,wheel,radboy/UpdatesAndImports/__pycache__/UpdatesAndImports.cpython-311.pyc,cpython-311,3495,True,4,pylingual_decompilable,data/artifacts/pypi/radboy/0.0.1054/radboy-0.0.1054-py3-none-any.whl
marshal,error,marshal_parse_failure,"marshal_failed:offset16:ValueError:bad marshal data (unknown type code),offset12:ValueError:bad marshal data (unknown type code),offset8:ValueError:bad marshal data (unknown type code)",radboy-0.0.1054-py3-none-any.whl,radboy,0.0.1054,wheel,radboy/__pycache__/MainAssist.cpython-312.pyc,cpython-312,3531,False,4,pylingual_decompilable,data/artifacts/pypi/radboy/0.0.1054/radboy-0.0.1054-py3-none-any.whl
decompyle3,exit_2,tool_exit,/root/PyBC-Sec/pybcSEC/data/rq2/envs/cpython-312/lib/python3.12/site-packages/click/core.py:1262: UserWarning: The parameter --version is used more than once. Remove its duplicate as parameters should be unique. parser = self.make_parser...,radboy-0.0.1054-py3-none-any.whl,radboy,0.0.1054,wheel,radboy/__pycache__/MainAssist.cpython-312.pyc,cpython-312,3531,False,4,pylingual_decompilable,data/artifacts/pypi/radboy/0.0.1054/radboy-0.0.1054-py3-none-any.whl
marshal,error,marshal_parse_failure,"marshal_failed:offset16:EOFError:marshal data too short,offset12:ValueError:bad marshal data (unknown type code),offset8:ValueError:bad marshal data (unknown type code)",radboy-0.0.1054-py3-none-any.whl,radboy,0.0.1054,wheel,radboy/__pycache__/RecordMyCodes.cpython-311.pyc,cpython-311,3495,True,4,pylingual_decompilable,data/artifacts/pypi/radboy/0.0.1054/radboy-0.0.1054-py3-none-any.whl
decompyle3,exit_2,tool_exit,/root/PyBC-Sec/pybcSEC/data/rq2/envs/cpython-311/lib/python3.11/site-packages/click/core.py:1262: UserWarning: The parameter --version is used more than once. Remove its duplicate as parameters should be unique. parser = self.make_parser...,radboy-0.0.1054-py3-none-any.whl,radboy,0.0.1054,wheel,radboy/__pycache__/RecordMyCodes.cpython-311.pyc,cpython-311,3495,True,4,pylingual_decompilable,data/artifacts/pypi/radboy/0.0.1054/radboy-0.0.1054-py3-none-any.whl
marshal,error,marshal_parse_failure,"marshal_failed:offset16:EOFError:marshal data too short,offset12:ValueError:bad marshal data (unknown type code),offset8:ValueError:bad marshal data (unknown type code)",radboy-0.0.1054-py3-none-any.whl,radboy,0.0.1054,wheel,radboy/__pycache__/RecordMyCodes.cpython-39.pyc,cpython-39,3425,True,4,pylingual_decompilable,data/artifacts/pypi/radboy/0.0.1054/radboy-0.0.1054-py3-none-any.whl
decompyle3,exit_2,tool_exit,"Traceback (most recent call last): File ""/root/PyBC-Sec/pybcSEC/data/rq2/envs/cpython-39/lib/python3.9/site-packages/xdis/load.py"", line 328, in load_module_from_file_object co = marshal.loads(bytecode) EOFError: marshal data too short",radboy-0.0.1054-py3-none-any.whl,radboy,0.0.1054,wheel,radboy/__pycache__/RecordMyCodes.cpython-39.pyc,cpython-39,3425,True,4,pylingual_decompilable,data/artifacts/pypi/radboy/0.0.1054/radboy-0.0.1054-py3-none-any.whl
marshal,error,marshal_parse_failure,"marshal_failed:offset16:ValueError:bad marshal data (unknown type code),offset12:not_code,offset8:ValueError:bad marshal data (unknown type code)",radboy-0.0.1054-py3-none-any.whl,radboy,0.0.1054,wheel,radboy/__pycache__/Run.cpython-311.pyc,cpython-311,3495,True,4,pylingual_decompilable,data/artifacts/pypi/radboy/0.0.1054/radboy-0.0.1054-py3-none-any.whl
decompyle3,exit_2,tool_exit,/root/PyBC-Sec/pybcSEC/data/rq2/envs/cpython-311/lib/python3.11/site-packages/click/core.py:1262: UserWarning: The parameter --version is used more than once. Remove its duplicate as parameters should be unique. parser = self.make_parser...,radboy-0.0.1054-py3-none-any.whl,radboy,0.0.1054,wheel,radboy/__pycache__/Run.cpython-311.pyc,cpython-311,3495,True,4,pylingual_decompilable,data/artifacts/pypi/radboy/0.0.1054/radboy-0.0.1054-py3-none-any.whl
marshal,error,marshal_parse_failure,"marshal_failed:offset16:ValueError:bad marshal data (unknown type code),offset12:ValueError:bad marshal data (unknown type code),offset8:ValueError:bad marshal data (unknown type code)",radboy-0.0.1054-py3-none-any.whl,radboy,0.0.1054,wheel,radboy/__pycache__/possibleCode.cpython-311.pyc,cpython-311,3495,True,4,pylingual_decompilable,data/artifacts/pypi/radboy/0.0.1054/radboy-0.0.1054-py3-none-any.whl
decompyle3,exit_2,tool_exit,/root/PyBC-Sec/pybcSEC/data/rq2/envs/cpython-311/lib/python3.11/site-packages/click/core.py:1262: UserWarning: The parameter --version is used more than once. Remove its duplicate as parameters should be unique. parser = self.make_parser...,radboy-0.0.1054-py3-none-any.whl,radboy,0.0.1054,wheel,radboy/__pycache__/possibleCode.cpython-311.pyc,cpython-311,3495,True,4,pylingual_decompilable,data/artifacts/pypi/radboy/0.0.1054/radboy-0.0.1054-py3-none-any.whl
marshal,error,marshal_parse_failure,"marshal_failed:offset16:ValueError:could not convert string to float: '',offset12:ValueError:bad marshal data (unknown type code),offset8:ValueError:bad marshal data (unknown type code)",radboy-0.0.1054-py3-none-any.whl,radboy,0.0.1054,wheel,radboy/setCode/__pycache__/setCode.cpython-311.pyc,cpython-311,3495,True,4,pylingual_decompilable,data/artifacts/pypi/radboy/0.0.1054/radboy-0.0.1054-py3-none-any.whl
decompyle3,exit_2,tool_exit,/root/PyBC-Sec/pybcSEC/data/rq2/envs/cpython-311/lib/python3.11/site-packages/click/core.py:1262: UserWarning: The parameter --version is used more than once. Remove its duplicate as parameters should be unique. parser = self.make_parser...,radboy-0.0.1054-py3-none-any.whl,radboy,0.0.1054,wheel,radboy/setCode/__pycache__/setCode.cpython-311.pyc,cpython-311,3495,True,4,pylingual_decompilable,data/artifacts/pypi/radboy/0.0.1054/radboy-0.0.1054-py3-none-any.whl
marshal,error,marshal_parse_failure,"marshal_failed:offset16:ValueError:bad marshal data (invalid reference),offset12:ValueError:bad marshal data (unknown type code),offset8:ValueError:bad marshal data (unknown type code)",radboy-0.0.1054-py3-none-any.whl,radboy,0.0.1054,wheel,radboy/tkGui/__pycache__/Review.cpython-311.pyc,cpython-311,3495,True,4,pylingual_decompilable,data/artifacts/pypi/radboy/0.0.1054/radboy-0.0.1054-py3-none-any.whl
decompyle3,exit_2,tool_exit,/root/PyBC-Sec/pybcSEC/data/rq2/envs/cpython-311/lib/python3.11/site-packages/click/core.py:1262: UserWarning: The parameter --version is used more than once. Remove its duplicate as parameters should be unique. parser = self.make_parser...,radboy-0.0.1054-py3-none-any.whl,radboy,0.0.1054,wheel,radboy/tkGui/__pycache__/Review.cpython-311.pyc,cpython-311,3495,True,4,pylingual_decompilable,data/artifacts/pypi/radboy/0.0.1054/radboy-0.0.1054-py3-none-any.whl
marshal,error,marshal_parse_failure,"marshal_failed:offset16:ValueError:bad marshal data (unknown type code),offset12:ValueError:bad marshal data (unknown type code),offset8:ValueError:bad marshal data (unknown type code)",radboy-0.0.1054.tar.gz,radboy,0.0.1054,tar,radboy-0.0.1054/radboy/Collector2/__pycache__/Collector2.cpython-311.pyc,cpython-311,3495,True,4,pylingual_decompilable,data/artifacts/pypi/radboy/0.0.1054/radboy-0.0.1054.tar.gz
decompyle3,exit_2,tool_exit,/root/PyBC-Sec/pybcSEC/data/rq2/envs/cpython-311/lib/python3.11/site-packages/click/core.py:1262: UserWarning: The parameter --version is used more than once. Remove its duplicate as parameters should be unique. parser = self.make_parser...,radboy-0.0.1054.tar.gz,radboy,0.0.1054,tar,radboy-0.0.1054/radboy/Collector2/__pycache__/Collector2.cpython-311.pyc,cpython-311,3495,True,4,pylingual_decompilable,data/artifacts/pypi/radboy/0.0.1054/radboy-0.0.1054.tar.gz
marshal,error,marshal_parse_failure,"marshal_failed:offset16:EOFError:marshal data too short,offset12:ValueError:bad marshal data (bytes object size out of range),offset8:ValueError:bad marshal data (unknown type code)",radboy-0.0.1054.tar.gz,radboy,0.0.1054,tar,radboy-0.0.1054/radboy/Conversion/__pycache__/Conversion.cpython-311.pyc,cpython-311,3495,True,4,pylingual_decompilable,data/artifacts/pypi/radboy/0.0.1054/radboy-0.0.1054.tar.gz
decompyle3,exit_2,tool_exit,/root/PyBC-Sec/pybcSEC/data/rq2/envs/cpython-311/lib/python3.11/site-packages/click/core.py:1262: UserWarning: The parameter --version is used more than once. Remove its duplicate as parameters should be unique. parser = self.make_parser...,radboy-0.0.1054.tar.gz,radboy,0.0.1054,tar,radboy-0.0.1054/radboy/Conversion/__pycache__/Conversion.cpython-311.pyc,cpython-311,3495,True,4,pylingual_decompilable,data/artifacts/pypi/radboy/0.0.1054/radboy-0.0.1054.tar.gz
marshal,error,marshal_parse_failure,"marshal_failed:offset16:ValueError:bad marshal data (unknown type code),offset12:ValueError:bad marshal data (unknown type code),offset8:ValueError:bad marshal data (unknown type code)",radboy-0.0.1054.tar.gz,radboy,0.0.1054,tar,radboy-0.0.1054/radboy/DB/__pycache__/DatePicker.cpython-311.pyc,cpython-311,3495,True,4,pylingual_decompilable,data/artifacts/pypi/radboy/0.0.1054/radboy-0.0.1054.tar.gz
decompyle3,exit_2,tool_exit,/root/PyBC-Sec/pybcSEC/data/rq2/envs/cpython-311/lib/python3.11/site-packages/click/core.py:1262: UserWarning: The parameter --version is used more than once. Remove its duplicate as parameters should be unique. parser = self.make_parser...,radboy-0.0.1054.tar.gz,radboy,0.0.1054,tar,radboy-0.0.1054/radboy/DB/__pycache__/DatePicker.cpython-311.pyc,cpython-311,3495,True,4,pylingual_decompilable,data/artifacts/pypi/radboy/0.0.1054/radboy-0.0.1054.tar.gz
marshal,error,marshal_parse_failure,"marshal_failed:offset16:ValueError:bad marshal data (unknown type code),offset12:ValueError:bad marshal data (unknown type code),offset8:ValueError:bad marshal data (tuple size out of range)",radboy-0.0.1054.tar.gz,radboy,0.0.1054,tar,radboy-0.0.1054/radboy/DB/__pycache__/FormBuilder.cpython-312.pyc,cpython-312,3531,False,4,pylingual_decompilable,data/artifacts/pypi/radboy/0.0.1054/radboy-0.0.1054.tar.gz
decompyle3,exit_2,tool_exit,/root/PyBC-Sec/pybcSEC/data/rq2/envs/cpython-312/lib/python3.12/site-packages/click/core.py:1262: UserWarning: The parameter --version is used more than once. Remove its duplicate as parameters should be unique. parser = self.make_parser...,radboy-0.0.1054.tar.gz,radboy,0.0.1054,tar,radboy-0.0.1054/radboy/DB/__pycache__/FormBuilder.cpython-312.pyc,cpython-312,3531,False,4,pylingual_decompilable,data/artifacts/pypi/radboy/0.0.1054/radboy-0.0.1054.tar.gz
marshal,error,marshal_parse_failure,"marshal_failed:offset16:EOFError:marshal data too short,offset12:not_code,offset8:ValueError:bad marshal data (unknown type code)",radboy-0.0.1054.tar.gz,radboy,0.0.1054,tar,radboy-0.0.1054/radboy/DB/__pycache__/ResetTools.cpython-311.pyc,cpython-311,3495,True,4,pylingual_decompilable,data/artifacts/pypi/radboy/0.0.1054/radboy-0.0.1054.tar.gz
decompyle3,exit_2,tool_exit,/root/PyBC-Sec/pybcSEC/data/rq2/envs/cpython-311/lib/python3.11/site-packages/click/core.py:1262: UserWarning: The parameter --version is used more than once. Remove its duplicate as parameters should be unique. parser = self.make_parser...,radboy-0.0.1054.tar.gz,radboy,0.0.1054,tar,radboy-0.0.1054/radboy/DB/__pycache__/ResetTools.cpython-311.pyc,cpython-311,3495,True,4,pylingual_decompilable,data/artifacts/pypi/radboy/0.0.1054/radboy-0.0.1054.tar.gz
marshal,error,marshal_parse_failure,"marshal_failed:offset16:ValueError:bad marshal data (unknown type code),offset12:ValueError:bad marshal data (unknown type code),offset8:ValueError:bad marshal data (unknown type code)",radboy-0.0.1054.tar.gz,radboy,0.0.1054,tar,radboy-0.0.1054/radboy/DB/__pycache__/SMLabelImporter.cpython-311.pyc,cpython-311,3495,True,4,pylingual_decompilable,data/artifacts/pypi/radboy/0.0.1054/radboy-0.0.1054.tar.gz
decompyle3,exit_2,tool_exit,/root/PyBC-Sec/pybcSEC/data/rq2/envs/cpython-311/lib/python3.11/site-packages/click/core.py:1262: UserWarning: The parameter --version is used more than once. Remove its duplicate as parameters should be unique. parser = self.make_parser...,radboy-0.0.1054.tar.gz,radboy,0.0.1054,tar,radboy-0.0.1054/radboy/DB/__pycache__/SMLabelImporter.cpython-311.pyc,cpython-311,3495,True,4,pylingual_decompilable,data/artifacts/pypi/radboy/0.0.1054/radboy-0.0.1054.tar.gz
marshal,error,marshal_parse_failure,"marshal_failed:offset16:ValueError:bad marshal data (unknown type code),offset12:ValueError:bad marshal data (unknown type code),offset8:ValueError:bad marshal data (unknown type code)",radboy-0.0.1054.tar.gz,radboy,0.0.1054,tar,radboy-0.0.1054/radboy/DB/__pycache__/db.cpython-311.pyc,cpython-311,3495,True,4,pylingual_decompilable,data/artifacts/pypi/radboy/0.0.1054/radboy-0.0.1054.tar.gz
decompyle3,exit_2,tool_exit,/root/PyBC-Sec/pybcSEC/data/rq2/envs/cpython-311/lib/python3.11/site-packages/click/core.py:1262: UserWarning: The parameter --version is used more than once. Remove its duplicate as parameters should be unique. parser = self.make_parser...,radboy-0.0.1054.tar.gz,radboy,0.0.1054,tar,radboy-0.0.1054/radboy/DB/__pycache__/db.cpython-311.pyc,cpython-311,3495,True,4,pylingual_decompilable,data/artifacts/pypi/radboy/0.0.1054/radboy-0.0.1054.tar.gz
marshal,error,marshal_parse_failure,"marshal_failed:offset16:ValueError:bad marshal data (unknown type code),offset12:ValueError:bad marshal data (unknown type code),offset8:ValueError:bad marshal data (unknown type code)",radboy-0.0.1054.tar.gz,radboy,0.0.1054,tar,radboy-0.0.1054/radboy/DayLog/__pycache__/DayLogger.cpython-311.pyc,cpython-311,3495,True,4,pylingual_decompilable,data/artifacts/pypi/radboy/0.0.1054/radboy-0.0.1054.tar.gz
decompyle3,exit_2,tool_exit,/root/PyBC-Sec/pybcSEC/data/rq2/envs/cpython-311/lib/python3.11/site-packages/click/core.py:1262: UserWarning: The parameter --version is used more than once. Remove its duplicate as parameters should be unique. parser = self.make_parser...,radboy-0.0.1054.tar.gz,radboy,0.0.1054,tar,radboy-0.0.1054/radboy/DayLog/__pycache__/DayLogger.cpython-311.pyc,cpython-311,3495,True,4,pylingual_decompilable,data/artifacts/pypi/radboy/0.0.1054/radboy-0.0.1054.tar.gz
marshal,error,marshal_parse_failure,"marshal_failed:offset16:EOFError:marshal data too short,offset12:ValueError:bad marshal data (unknown type code),offset8:ValueError:bad marshal data (unknown type code)",radboy-0.0.1054.tar.gz,radboy,0.0.1054,tar,radboy-0.0.1054/radboy/ExportList/__pycache__/ExportListCurrent.cpython-311.pyc,cpython-311,3495,True,4,pylingual_decompilable,data/artifacts/pypi/radboy/0.0.1054/radboy-0.0.1054.tar.gz
decompyle3,exit_2,tool_exit,/root/PyBC-Sec/pybcSEC/data/rq2/envs/cpython-311/lib/python3.11/site-packages/click/core.py:1262: UserWarning: The parameter --version is used more than once. Remove its duplicate as parameters should be unique. parser = self.make_parser...,radboy-0.0.1054.tar.gz,radboy,0.0.1054,tar,radboy-0.0.1054/radboy/ExportList/__pycache__/ExportListCurrent.cpython-311.pyc,cpython-311,3495,True,4,pylingual_decompilable,data/artifacts/pypi/radboy/0.0.1054/radboy-0.0.1054.tar.gz
marshal,error,marshal_parse_failure,"marshal_failed:offset16:ValueError:bad marshal data (unknown type code),offset12:ValueError:bad marshal data (unknown type code),offset8:ValueError:bad marshal data (unknown type code)",radboy-0.0.1054.tar.gz,radboy,0.0.1054,tar,radboy-0.0.1054/radboy/ExtractPkg/__pycache__/ExtractPkg2.cpython-311.pyc,cpython-311,3495,True,4,pylingual_decompilable,data/artifacts/pypi/radboy/0.0.1054/radboy-0.0.1054.tar.gz
decompyle3,exit_2,tool_exit,/root/PyBC-Sec/pybcSEC/data/rq2/envs/cpython-311/lib/python3.11/site-packages/click/core.py:1262: UserWarning: The parameter --version is used more than once. Remove its duplicate as parameters should be unique. parser = self.make_parser...,radboy-0.0.1054.tar.gz,radboy,0.0.1054,tar,radboy-0.0.1054/radboy/ExtractPkg/__pycache__/ExtractPkg2.cpython-311.pyc,cpython-311,3495,True,4,pylingual_decompilable,data/artifacts/pypi/radboy/0.0.1054/radboy-0.0.1054.tar.gz
marshal,error,marshal_parse_failure,"marshal_failed:offset16:ValueError:bad marshal data (unknown type code),offset12:ValueError:bad marshal data (unknown type code),offset8:ValueError:bad marshal data (unknown type code)",radboy-0.0.1054.tar.gz,radboy,0.0.1054,tar,radboy-0.0.1054/radboy/ListMode2/__pycache__/ListMode2.cpython-311.pyc,cpython-311,3495,True,4,pylingual_decompilable,data/artifacts/pypi/radboy/0.0.1054/radboy-0.0.1054.tar.gz
decompyle3,exit_2,tool_exit,/root/PyBC-Sec/pybcSEC/data/rq2/envs/cpython-311/lib/python3.11/site-packages/click/core.py:1262: UserWarning: The parameter --version is used more than once. Remove its duplicate as parameters should be unique. parser = self.make_parser...,radboy-0.0.1054.tar.gz,radboy,0.0.1054,tar,radboy-0.0.1054/radboy/ListMode2/__pycache__/ListMode2.cpython-311.pyc,cpython-311,3495,True,4,pylingual_decompilable,data/artifacts/pypi/radboy/0.0.1054/radboy-0.0.1054.tar.gz
marshal,error,marshal_parse_failure,"marshal_failed:offset16:EOFError:marshal data too short,offset12:ValueError:bad marshal data (unknown type code),offset8:ValueError:bad marshal data (unknown type code)",radboy-0.0.1054.tar.gz,radboy,0.0.1054,tar,radboy-0.0.1054/radboy/LocationSequencer/__pycache__/LocationSequencer.cpython-311.pyc,cpython-311,3495,True,4,pylingual_decompilable,data/artifacts/pypi/radboy/0.0.1054/radboy-0.0.1054.tar.gz
decompyle3,exit_2,tool_exit,/root/PyBC-Sec/pybcSEC/data/rq2/envs/cpython-311/lib/python3.11/site-packages/click/core.py:1262: UserWarning: The parameter --version is used more than once. Remove its duplicate as parameters should be unique. parser = self.make_parser...,radboy-0.0.1054.tar.gz,radboy,0.0.1054,tar,radboy-0.0.1054/radboy/LocationSequencer/__pycache__/LocationSequencer.cpython-311.pyc,cpython-311,3495,True,4,pylingual_decompilable,data/artifacts/pypi/radboy/0.0.1054/radboy-0.0.1054.tar.gz
marshal,error,marshal_parse_failure,"marshal_failed:offset16:EOFError:marshal data too short,offset12:ValueError:bad marshal data (unknown type code),offset8:ValueError:bad marshal data (unknown type code)",radboy-0.0.1054.tar.gz,radboy,0.0.1054,tar,radboy-0.0.1054/radboy/Locator/__pycache__/Locator.cpython-311.pyc,cpython-311,3495,True,4,pylingual_decompilable,data/artifacts/pypi/radboy/0.0.1054/radboy-0.0.1054.tar.gz
decompyle3,exit_2,tool_exit,/root/PyBC-Sec/pybcSEC/data/rq2/envs/cpython-311/lib/python3.11/site-packages/click/core.py:1262: UserWarning: The parameter --version is used more than once. Remove its duplicate as parameters should be unique. parser = self.make_parser...,radboy-0.0.1054.tar.gz,radboy,0.0.1054,tar,radboy-0.0.1054/radboy/Locator/__pycache__/Locator.cpython-311.pyc,cpython-311,3495,True,4,pylingual_decompilable,data/artifacts/pypi/radboy/0.0.1054/radboy-0.0.1054.tar.gz
marshal,error,marshal_parse_failure,"marshal_failed:offset16:ValueError:bad marshal data (unknown type code),offset12:ValueError:bad marshal data (digit out of range in long),offset8:ValueError:bad marshal data (unknown type code)",radboy-0.0.1054.tar.gz,radboy,0.0.1054,tar,radboy-0.0.1054/radboy/Locator/__pycache__/__init__.cpython-311.pyc,cpython-311,3495,True,4,pylingual_decompilable,data/artifacts/pypi/radboy/0.0.1054/radboy-0.0.1054.tar.gz
decompyle3,exit_2,tool_exit,/root/PyBC-Sec/pybcSEC/data/rq2/envs/cpython-311/lib/python3.11/site-packages/click/core.py:1262: UserWarning: The parameter --version is used more than once. Remove its duplicate as parameters should be unique. parser = self.make_parser...,radboy-0.0.1054.tar.gz,radboy,0.0.1054,tar,radboy-0.0.1054/radboy/Locator/__pycache__/__init__.cpython-311.pyc,cpython-311,3495,True,4,pylingual_decompilable,data/artifacts/pypi/radboy/0.0.1054/radboy-0.0.1054.tar.gz
marshal,error,marshal_parse_failure,"marshal_failed:offset16:ValueError:bad marshal data (unknown type code),offset12:ValueError:bad marshal data (unknown type code),offset8:ValueError:bad marshal data (unknown type code)",radboy-0.0.1054.tar.gz,radboy,0.0.1054,tar,radboy-0.0.1054/radboy/Lookup/__pycache__/Lookup.cpython-311.pyc,cpython-311,3495,True,4,pylingual_decompilable,data/artifacts/pypi/radboy/0.0.1054/radboy-0.0.1054.tar.gz
decompyle3,exit_2,tool_exit,/root/PyBC-Sec/pybcSEC/data/rq2/envs/cpython-311/lib/python3.11/site-packages/click/core.py:1262: UserWarning: The parameter --version is used more than once. Remove its duplicate as parameters should be unique. parser = self.make_parser...,radboy-0.0.1054.tar.gz,radboy,0.0.1054,tar,radboy-0.0.1054/radboy/Lookup/__pycache__/Lookup.cpython-311.pyc,cpython-311,3495,True,4,pylingual_decompilable,data/artifacts/pypi/radboy/0.0.1054/radboy-0.0.1054.tar.gz
marshal,error,marshal_parse_failure,"marshal_failed:offset16:ValueError:bad marshal data (unknown type code),offset12:ValueError:bad marshal data (bytes object size out of range),offset8:ValueError:bad marshal data (unknown type code)",radboy-0.0.1054.tar.gz,radboy,0.0.1054,tar,radboy-0.0.1054/radboy/ModuleTemplate/__pycache__/Tasks.cpython-311.pyc,cpython-311,3495,True,4,pylingual_decompilable,data/artifacts/pypi/radboy/0.0.1054/radboy-0.0.1054.tar.gz
decompyle3,exit_2,tool_exit,/root/PyBC-Sec/pybcSEC/data/rq2/envs/cpython-311/lib/python3.11/site-packages/click/core.py:1262: UserWarning: The parameter --version is used more than once. Remove its duplicate as parameters should be unique. parser = self.make_parser...,radboy-0.0.1054.tar.gz,radboy,0.0.1054,tar,radboy-0.0.1054/radboy/ModuleTemplate/__pycache__/Tasks.cpython-311.pyc,cpython-311,3495,True,4,pylingual_decompilable,data/artifacts/pypi/radboy/0.0.1054/radboy-0.0.1054.tar.gz
marshal,error,marshal_parse_failure,"marshal_failed:offset16:EOFError:marshal data too short,offset12:ValueError:bad marshal data (unknown type code),offset8:ValueError:bad marshal data (unknown type code)",radboy-0.0.1054.tar.gz,radboy,0.0.1054,tar,radboy-0.0.1054/radboy/POS/__pycache__/POS.cpython-311.pyc,cpython-311,3495,True,4,pylingual_decompilable,data/artifacts/pypi/radboy/0.0.1054/radboy-0.0.1054.tar.gz
decompyle3,exit_2,tool_exit,/root/PyBC-Sec/pybcSEC/data/rq2/envs/cpython-311/lib/python3.11/site-packages/click/core.py:1262: UserWarning: The parameter --version is used more than once. Remove its duplicate as parameters should be unique. parser = self.make_parser...,radboy-0.0.1054.tar.gz,radboy,0.0.1054,tar,radboy-0.0.1054/radboy/POS/__pycache__/POS.cpython-311.pyc,cpython-311,3495,True,4,pylingual_decompilable,data/artifacts/pypi/radboy/0.0.1054/radboy-0.0.1054.tar.gz
marshal,error,marshal_parse_failure,"marshal_failed:offset16:ValueError:bad marshal data (invalid reference),offset12:ValueError:bad marshal data (unknown type code),offset8:ValueError:bad marshal data (unknown type code)",radboy-0.0.1054.tar.gz,radboy,0.0.1054,tar,radboy-0.0.1054/radboy/PunchCard/__pycache__/CalcTimePad.cpython-311.pyc,cpython-311,3495,True,4,pylingual_decompilable,data/artifacts/pypi/radboy/0.0.1054/radboy-0.0.1054.tar.gz
decompyle3,exit_2,tool_exit,/root/PyBC-Sec/pybcSEC/data/rq2/envs/cpython-311/lib/python3.11/site-packages/click/core.py:1262: UserWarning: The parameter --version is used more than once. Remove its duplicate as parameters should be unique. parser = self.make_parser...,radboy-0.0.1054.tar.gz,radboy,0.0.1054,tar,radboy-0.0.1054/radboy/PunchCard/__pycache__/CalcTimePad.cpython-311.pyc,cpython-311,3495,True,4,pylingual_decompilable,data/artifacts/pypi/radboy/0.0.1054/radboy-0.0.1054.tar.gz
marshal,error,marshal_parse_failure,"marshal_failed:offset16:EOFError:marshal data too short,offset12:ValueError:bad marshal data (unknown type code),offset8:ValueError:bad marshal data (unknown type code)",radboy-0.0.1054.tar.gz,radboy,0.0.1054,tar,radboy-0.0.1054/radboy/PunchCard/__pycache__/PunchCard.cpython-311.pyc,cpython-311,3495,True,4,pylingual_decompilable,data/artifacts/pypi/radboy/0.0.1054/radboy-0.0.1054.tar.gz
decompyle3,exit_2,tool_exit,/root/PyBC-Sec/pybcSEC/data/rq2/envs/cpython-311/lib/python3.11/site-packages/click/core.py:1262: UserWarning: The parameter --version is used more than once. Remove its duplicate as parameters should be unique. parser = self.make_parser...,radboy-0.0.1054.tar.gz,radboy,0.0.1054,tar,radboy-0.0.1054/radboy/PunchCard/__pycache__/PunchCard.cpython-311.pyc,cpython-311,3495,True,4,pylingual_decompilable,data/artifacts/pypi/radboy/0.0.1054/radboy-0.0.1054.tar.gz
marshal,error,marshal_parse_failure,"marshal_failed:offset16:EOFError:marshal data too short,offset12:ValueError:bad marshal data (unknown type code),offset8:ValueError:bad marshal data (unknown type code)",radboy-0.0.1054.tar.gz,radboy,0.0.1054,tar,radboy-0.0.1054/radboy/Repack/__pycache__/Repack.cpython-311.pyc,cpython-311,3495,True,4,pylingual_decompilable,data/artifacts/pypi/radboy/0.0.1054/radboy-0.0.1054.tar.gz
decompyle3,exit_2,tool_exit,/root/PyBC-Sec/pybcSEC/data/rq2/envs/cpython-311/lib/python3.11/site-packages/click/core.py:1262: UserWarning: The parameter --version is used more than once. Remove its duplicate as parameters should be unique. parser = self.make_parser...,radboy-0.0.1054.tar.gz,radboy,0.0.1054,tar,radboy-0.0.1054/radboy/Repack/__pycache__/Repack.cpython-311.pyc,cpython-311,3495,True,4,pylingual_decompilable,data/artifacts/pypi/radboy/0.0.1054/radboy-0.0.1054.tar.gz
marshal,error,marshal_parse_failure,"marshal_failed:offset16:ValueError:bad marshal data (unknown type code),offset12:ValueError:bad marshal data (string size out of range),offset8:ValueError:bad marshal data (unknown type code)",radboy-0.0.1054.tar.gz,radboy,0.0.1054,tar,radboy-0.0.1054/radboy/TasksMode/__pycache__/Tasks.cpython-311.pyc,cpython-311,3495,True,4,pylingual_decompilable,data/artifacts/pypi/radboy/0.0.1054/radboy-0.0.1054.tar.gz
decompyle3,exit_2,tool_exit,/root/PyBC-Sec/pybcSEC/data/rq2/envs/cpython-311/lib/python3.11/site-packages/click/core.py:1262: UserWarning: The parameter --version is used more than once. Remove its duplicate as parameters should be unique. parser = self.make_parser...,radboy-0.0.1054.tar.gz,radboy,0.0.1054,tar,radboy-0.0.1054/radboy/TasksMode/__pycache__/Tasks.cpython-311.pyc,cpython-311,3495,True,4,pylingual_decompilable,data/artifacts/pypi/radboy/0.0.1054/radboy-0.0.1054.tar.gz
marshal,error,marshal_parse_failure,"marshal_failed:offset16:EOFError:marshal data too short,offset12:not_code,offset8:ValueError:bad marshal data (unknown type code)",radboy-0.0.1054.tar.gz,radboy,0.0.1054,tar,radboy-0.0.1054/radboy/TouchStampC/__pycache__/TouchStampC.cpython-311.pyc,cpython-311,3495,True,4,pylingual_decompilable,data/artifacts/pypi/radboy/0.0.1054/radboy-0.0.1054.tar.gz
decompyle3,exit_2,tool_exit,/root/PyBC-Sec/pybcSEC/data/rq2/envs/cpython-311/lib/python3.11/site-packages/click/core.py:1262: UserWarning: The parameter --version is used more than once. Remove its duplicate as parameters should be unique. parser = self.make_parser...,radboy-0.0.1054.tar.gz,radboy,0.0.1054,tar,radboy-0.0.1054/radboy/TouchStampC/__pycache__/TouchStampC.cpython-311.pyc,cpython-311,3495,True,4,pylingual_decompilable,data/artifacts/pypi/radboy/0.0.1054/radboy-0.0.1054.tar.gz
marshal,error,marshal_parse_failure,"marshal_failed:offset16:ValueError:bad marshal data (unknown type code),offset12:ValueError:bad marshal data (unknown type code),offset8:ValueError:bad marshal data (unknown type code)",radboy-0.0.1054.tar.gz,radboy,0.0.1054,tar,radboy-0.0.1054/radboy/Unified/__pycache__/Unified.cpython-311.pyc,cpython-311,3495,True,4,pylingual_decompilable,data/artifacts/pypi/radboy/0.0.1054/radboy-0.0.1054.tar.gz
decompyle3,exit_2,tool_exit,/root/PyBC-Sec/pybcSEC/data/rq2/envs/cpython-311/lib/python3.11/site-packages/click/core.py:1262: UserWarning: The parameter --version is used more than once. Remove its duplicate as parameters should be unique. parser = self.make_parser...,radboy-0.0.1054.tar.gz,radboy,0.0.1054,tar,radboy-0.0.1054/radboy/Unified/__pycache__/Unified.cpython-311.pyc,cpython-311,3495,True,4,pylingual_decompilable,data/artifacts/pypi/radboy/0.0.1054/radboy-0.0.1054.tar.gz
marshal,error,marshal_parse_failure,"marshal_failed:offset16:EOFError:marshal data too short,offset12:ValueError:bad marshal data (unknown type code),offset8:ValueError:bad marshal data (unknown type code)",radboy-0.0.1054.tar.gz,radboy,0.0.1054,tar,radboy-0.0.1054/radboy/UpdatesAndImports/__pycache__/UpdatesAndImports.cpython-311.pyc,cpython-311,3495,True,4,pylingual_decompilable,data/artifacts/pypi/radboy/0.0.1054/radboy-0.0.1054.tar.gz
decompyle3,exit_2,tool_exit,/root/PyBC-Sec/pybcSEC/data/rq2/envs/cpython-311/lib/python3.11/site-packages/click/core.py:1262: UserWarning: The parameter --version is used more than once. Remove its duplicate as parameters should be unique. parser = self.make_parser...,radboy-0.0.1054.tar.gz,radboy,0.0.1054,tar,radboy-0.0.1054/radboy/UpdatesAndImports/__pycache__/UpdatesAndImports.cpython-311.pyc,cpython-311,3495,True,4,pylingual_decompilable,data/artifacts/pypi/radboy/0.0.1054/radboy-0.0.1054.tar.gz
marshal,error,marshal_parse_failure,"marshal_failed:offset16:ValueError:bad marshal data (unknown type code),offset12:ValueError:bad marshal data (unknown type code),offset8:ValueError:bad marshal data (unknown type code)",radboy-0.0.1054.tar.gz,radboy,0.0.1054,tar,radboy-0.0.1054/radboy/__pycache__/MainAssist.cpython-312.pyc,cpython-312,3531,False,4,pylingual_decompilable,data/artifacts/pypi/radboy/0.0.1054/radboy-0.0.1054.tar.gz
decompyle3,exit_2,tool_exit,/root/PyBC-Sec/pybcSEC/data/rq2/envs/cpython-312/lib/python3.12/site-packages/click/core.py:1262: UserWarning: The parameter --version is used more than once. Remove its duplicate as parameters should be unique. parser = self.make_parser...,radboy-0.0.1054.tar.gz,radboy,0.0.1054,tar,radboy-0.0.1054/radboy/__pycache__/MainAssist.cpython-312.pyc,cpython-312,3531,False,4,pylingual_decompilable,data/artifacts/pypi/radboy/0.0.1054/radboy-0.0.1054.tar.gz
marshal,error,marshal_parse_failure,"marshal_failed:offset16:EOFError:marshal data too short,offset12:ValueError:bad marshal data (unknown type code),offset8:ValueError:bad marshal data (unknown type code)",radboy-0.0.1054.tar.gz,radboy,0.0.1054,tar,radboy-0.0.1054/radboy/__pycache__/RecordMyCodes.cpython-311.pyc,cpython-311,3495,True,4,pylingual_decompilable,data/artifacts/pypi/radboy/0.0.1054/radboy-0.0.1054.tar.gz
decompyle3,exit_2,tool_exit,/root/PyBC-Sec/pybcSEC/data/rq2/envs/cpython-311/lib/python3.11/site-packages/click/core.py:1262: UserWarning: The parameter --version is used more than once. Remove its duplicate as parameters should be unique. parser = self.make_parser...,radboy-0.0.1054.tar.gz,radboy,0.0.1054,tar,radboy-0.0.1054/radboy/__pycache__/RecordMyCodes.cpython-311.pyc,cpython-311,3495,True,4,pylingual_decompilable,data/artifacts/pypi/radboy/0.0.1054/radboy-0.0.1054.tar.gz
marshal,error,marshal_parse_failure,"marshal_failed:offset16:EOFError:marshal data too short,offset12:ValueError:bad marshal data (unknown type code),offset8:ValueError:bad marshal data (unknown type code)",radboy-0.0.1054.tar.gz,radboy,0.0.1054,tar,radboy-0.0.1054/radboy/__pycache__/RecordMyCodes.cpython-39.pyc,cpython-39,3425,True,4,pylingual_decompilable,data/artifacts/pypi/radboy/0.0.1054/radboy-0.0.1054.tar.gz
decompyle3,exit_2,tool_exit,"Traceback (most recent call last): File ""/root/PyBC-Sec/pybcSEC/data/rq2/envs/cpython-39/lib/python3.9/site-packages/xdis/load.py"", line 328, in load_module_from_file_object co = marshal.loads(bytecode) EOFError: marshal data too short",radboy-0.0.1054.tar.gz,radboy,0.0.1054,tar,radboy-0.0.1054/radboy/__pycache__/RecordMyCodes.cpython-39.pyc,cpython-39,3425,True,4,pylingual_decompilable,data/artifacts/pypi/radboy/0.0.1054/radboy-0.0.1054.tar.gz
marshal,error,marshal_parse_failure,"marshal_failed:offset16:ValueError:bad marshal data (unknown type code),offset12:not_code,offset8:ValueError:bad marshal data (unknown type code)",radboy-0.0.1054.tar.gz,radboy,0.0.1054,tar,radboy-0.0.1054/radboy/__pycache__/Run.cpython-311.pyc,cpython-311,3495,True,4,pylingual_decompilable,data/artifacts/pypi/radboy/0.0.1054/radboy-0.0.1054.tar.gz
decompyle3,exit_2,tool_exit,/root/PyBC-Sec/pybcSEC/data/rq2/envs/cpython-311/lib/python3.11/site-packages/click/core.py:1262: UserWarning: The parameter --version is used more than once. Remove its duplicate as parameters should be unique. parser = self.make_parser...,radboy-0.0.1054.tar.gz,radboy,0.0.1054,tar,radboy-0.0.1054/radboy/__pycache__/Run.cpython-311.pyc,cpython-311,3495,True,4,pylingual_decompilable,data/artifacts/pypi/radboy/0.0.1054/radboy-0.0.1054.tar.gz
marshal,error,marshal_parse_failure,"marshal_failed:offset16:ValueError:bad marshal data (unknown type code),offset12:ValueError:bad marshal data (unknown type code),offset8:ValueError:bad marshal data (unknown type code)",radboy-0.0.1054.tar.gz,radboy,0.0.1054,tar,radboy-0.0.1054/radboy/__pycache__/possibleCode.cpython-311.pyc,cpython-311,3495,True,4,pylingual_decompilable,data/artifacts/pypi/radboy/0.0.1054/radboy-0.0.1054.tar.gz
decompyle3,exit_2,tool_exit,/root/PyBC-Sec/pybcSEC/data/rq2/envs/cpython-311/lib/python3.11/site-packages/click/core.py:1262: UserWarning: The parameter --version is used more than once. Remove its duplicate as parameters should be unique. parser = self.make_parser...,radboy-0.0.1054.tar.gz,radboy,0.0.1054,tar,radboy-0.0.1054/radboy/__pycache__/possibleCode.cpython-311.pyc,cpython-311,3495,True,4,pylingual_decompilable,data/artifacts/pypi/radboy/0.0.1054/radboy-0.0.1054.tar.gz
marshal,error,marshal_parse_failure,"marshal_failed:offset16:ValueError:could not convert string to float: '',offset12:ValueError:bad marshal data (unknown type code),offset8:ValueError:bad marshal data (unknown type code)",radboy-0.0.1054.tar.gz,radboy,0.0.1054,tar,radboy-0.0.1054/radboy/setCode/__pycache__/setCode.cpython-311.pyc,cpython-311,3495,True,4,pylingual_decompilable,data/artifacts/pypi/radboy/0.0.1054/radboy-0.0.1054.tar.gz
decompyle3,exit_2,tool_exit,/root/PyBC-Sec/pybcSEC/data/rq2/envs/cpython-311/lib/python3.11/site-packages/click/core.py:1262: UserWarning: The parameter --version is used more than once. Remove its duplicate as parameters should be unique. parser = self.make_parser...,radboy-0.0.1054.tar.gz,radboy,0.0.1054,tar,radboy-0.0.1054/radboy/setCode/__pycache__/setCode.cpython-311.pyc,cpython-311,3495,True,4,pylingual_decompilable,data/artifacts/pypi/radboy/0.0.1054/radboy-0.0.1054.tar.gz
marshal,error,marshal_parse_failure,"marshal_failed:offset16:ValueError:bad marshal data (invalid reference),offset12:ValueError:bad marshal data (unknown type code),offset8:ValueError:bad marshal data (unknown type code)",radboy-0.0.1054.tar.gz,radboy,0.0.1054,tar,radboy-0.0.1054/radboy/tkGui/__pycache__/Review.cpython-311.pyc,cpython-311,3495,True,4,pylingual_decompilable,data/artifacts/pypi/radboy/0.0.1054/radboy-0.0.1054.tar.gz
decompyle3,exit_2,tool_exit,/root/PyBC-Sec/pybcSEC/data/rq2/envs/cpython-311/lib/python3.11/site-packages/click/core.py:1262: UserWarning: The parameter --version is used more than once. Remove its duplicate as parameters should be unique. parser = self.make_parser...,radboy-0.0.1054.tar.gz,radboy,0.0.1054,tar,radboy-0.0.1054/radboy/tkGui/__pycache__/Review.cpython-311.pyc,cpython-311,3495,True,4,pylingual_decompilable,data/artifacts/pypi/radboy/0.0.1054/radboy-0.0.1054.tar.gz
marshal,error,marshal_parse_failure,marshal_failed:,receptors-0.0.1.tar.gz,receptors,0.0.1,tar,receptors-0.0.1/venues/stages/receptors/_clique/__pycache__/__init__.cpython-311.pyc,cpython-311,42946,True,4,pylingual_decompilable,data/artifacts/pypi/receptors/0.0.1/receptors-0.0.1.tar.gz
decompyle3,exit_2,tool_exit,/root/PyBC-Sec/pybcSEC/data/rq2/envs/cpython-311/lib/python3.11/site-packages/click/core.py:1262: UserWarning: The parameter --version is used more than once. Remove its duplicate as parameters should be unique. parser = self.make_parser...,receptors-0.0.1.tar.gz,receptors,0.0.1,tar,receptors-0.0.1/venues/stages/receptors/_clique/__pycache__/__init__.cpython-311.pyc,cpython-311,42946,True,4,pylingual_decompilable,data/artifacts/pypi/receptors/0.0.1/receptors-0.0.1.tar.gz
marshal,error,marshal_parse_failure,marshal_failed:,receptors-0.0.1.tar.gz,receptors,0.0.1,tar,receptors-0.0.1/venues/stages/receptors/_clique/group/__pycache__/__init__.cpython-311.pyc,cpython-311,42946,True,4,pylingual_decompilable,data/artifacts/pypi/receptors/0.0.1/receptors-0.0.1.tar.gz
decompyle3,exit_2,tool_exit,/root/PyBC-Sec/pybcSEC/data/rq2/envs/cpython-311/lib/python3.11/site-packages/click/core.py:1262: UserWarning: The parameter --version is used more than once. Remove its duplicate as parameters should be unique. parser = self.make_parser...,receptors-0.0.1.tar.gz,receptors,0.0.1,tar,receptors-0.0.1/venues/stages/receptors/_clique/group/__pycache__/__init__.cpython-311.pyc,cpython-311,42946,True,4,pylingual_decompilable,data/artifacts/pypi/receptors/0.0.1/receptors-0.0.1.tar.gz
decompyle3,exit_2,tool_exit,"Traceback (most recent call last): File ""/root/PyBC-Sec/pybcSEC/data/rq2/envs/cpython-39/lib/python3.9/site-packages/xdis/load.py"", line 328, in load_module_from_file_object co = marshal.loads(bytecode) ValueError: bad marshal data (unkn...",refex-0.1.1.tar.gz,refex,0.1.1,tar,refex-0.1.1/refex/fix/__pycache__/test_fixer.cpython-39-pytest-6.0.1.pyc,cpython-39,3425,True,4,pylingual_decompilable,data/artifacts/pypi/refex/0.1.1/refex-0.1.1.tar.gz
decompyle3,exit_2,tool_exit,"Traceback (most recent call last): File ""/root/PyBC-Sec/pybcSEC/data/rq2/envs/cpython-39/lib/python3.9/site-packages/xdis/load.py"", line 328, in load_module_from_file_object co = marshal.loads(bytecode) ValueError: bad marshal data (unkn...",refex-0.1.1.tar.gz,refex,0.1.1,tar,refex-0.1.1/refex/fix/__pycache__/test_generate_example.cpython-39-pytest-6.0.1.pyc,cpython-39,3425,True,4,pylingual_decompilable,data/artifacts/pypi/refex/0.1.1/refex-0.1.1.tar.gz
decompyle3,exit_2,tool_exit,"Traceback (most recent call last): File ""/root/PyBC-Sec/pybcSEC/data/rq2/envs/cpython-39/lib/python3.9/site-packages/xdis/load.py"", line 328, in load_module_from_file_object co = marshal.loads(bytecode) ValueError: bad marshal data (unkn...",refex-0.1.1.tar.gz,refex,0.1.1,tar,refex-0.1.1/refex/fix/fixers/__pycache__/test_correctness_fixers.cpython-39-pytest-6.0.1.pyc,cpython-39,3425,True,4,pylingual_decompilable,data/artifacts/pypi/refex/0.1.1/refex-0.1.1.tar.gz
decompyle3,exit_2,tool_exit,"Traceback (most recent call last): File ""/root/PyBC-Sec/pybcSEC/data/rq2/envs/cpython-39/lib/python3.9/site-packages/xdis/load.py"", line 328, in load_module_from_file_object co = marshal.loads(bytecode) ValueError: bad marshal data (unkn...",refex-0.1.1.tar.gz,refex,0.1.1,tar,refex-0.1.1/refex/fix/fixers/__pycache__/test_idiom_fixers.cpython-39-pytest-6.0.1.pyc,cpython-39,3425,True,4,pylingual_decompilable,data/artifacts/pypi/refex/0.1.1/refex-0.1.1.tar.gz
decompyle3,exit_2,tool_exit,"Traceback (most recent call last): File ""/root/PyBC-Sec/pybcSEC/data/rq2/envs/cpython-39/lib/python3.9/site-packages/xdis/load.py"", line 328, in load_module_from_file_object co = marshal.loads(bytecode) ValueError: bad marshal data (unkn...",refex-0.1.1.tar.gz,refex,0.1.1,tar,refex-0.1.1/refex/fix/fixers/__pycache__/test_modern_python_fixers.cpython-39-pytest-6.0.1.pyc,cpython-39,3425,True,4,pylingual_decompilable,data/artifacts/pypi/refex/0.1.1/refex-0.1.1.tar.gz
decompyle3,exit_2,tool_exit,"Traceback (most recent call last): File ""/root/PyBC-Sec/pybcSEC/data/rq2/envs/cpython-39/lib/python3.9/site-packages/xdis/load.py"", line 328, in load_module_from_file_object co = marshal.loads(bytecode) ValueError: bad marshal data (unkn...",refex-0.1.1.tar.gz,refex,0.1.1,tar,refex-0.1.1/refex/python/__pycache__/test_error_strings.cpython-39-pytest-6.0.1.pyc,cpython-39,3425,True,4,pylingual_decompilable,data/artifacts/pypi/refex/0.1.1/refex-0.1.1.tar.gz
decompyle3,exit_2,tool_exit,"Traceback (most recent call last): File ""/root/PyBC-Sec/pybcSEC/data/rq2/envs/cpython-39/lib/python3.9/site-packages/xdis/load.py"", line 328, in load_module_from_file_object co = marshal.loads(bytecode) ValueError: bad marshal data (unkn...",refex-0.1.1.tar.gz,refex,0.1.1,tar,refex-0.1.1/refex/python/__pycache__/test_evaluate.cpython-39-pytest-6.0.1.pyc,cpython-39,3425,True,4,pylingual_decompilable,data/artifacts/pypi/refex/0.1.1/refex-0.1.1.tar.gz
decompyle3,exit_2,tool_exit,"Traceback (most recent call last): File ""/root/PyBC-Sec/pybcSEC/data/rq2/envs/cpython-39/lib/python3.9/site-packages/xdis/load.py"", line 328, in load_module_from_file_object co = marshal.loads(bytecode) ValueError: bad marshal data (unkn...",refex-0.1.1.tar.gz,refex,0.1.1,tar,refex-0.1.1/refex/python/__pycache__/test_matcher.cpython-39-pytest-6.0.1.pyc,cpython-39,3425,True,4,pylingual_decompilable,data/artifacts/pypi/refex/0.1.1/refex-0.1.1.tar.gz
decompyle3,exit_2,tool_exit,"Traceback (most recent call last): File ""/root/PyBC-Sec/pybcSEC/data/rq2/envs/cpython-39/lib/python3.9/site-packages/xdis/load.py"", line 328, in load_module_from_file_object co = marshal.loads(bytecode) ValueError: bad marshal data (unkn...",refex-0.1.1.tar.gz,refex,0.1.1,tar,refex-0.1.1/refex/python/__pycache__/test_python_pattern.cpython-39-pytest-6.0.1.pyc,cpython-39,3425,True,4,pylingual_decompilable,data/artifacts/pypi/refex/0.1.1/refex-0.1.1.tar.gz
decompyle3,exit_2,tool_exit,"Traceback (most recent call last): File ""/root/PyBC-Sec/pybcSEC/data/rq2/envs/cpython-39/lib/python3.9/site-packages/xdis/load.py"", line 328, in load_module_from_file_object co = marshal.loads(bytecode) ValueError: bad marshal data (unkn...",refex-0.1.1.tar.gz,refex,0.1.1,tar,refex-0.1.1/refex/python/__pycache__/test_semiliteral_eval.cpython-39-pytest-6.0.1.pyc,cpython-39,3425,True,4,pylingual_decompilable,data/artifacts/pypi/refex/0.1.1/refex-0.1.1.tar.gz
decompyle3,exit_2,tool_exit,"Traceback (most recent call last): File ""/root/PyBC-Sec/pybcSEC/data/rq2/envs/cpython-39/lib/python3.9/site-packages/xdis/load.py"", line 328, in load_module_from_file_object co = marshal.loads(bytecode) ValueError: bad marshal data (unkn...",refex-0.1.1.tar.gz,refex,0.1.1,tar,refex-0.1.1/refex/python/__pycache__/test_syntactic_template.cpython-39-pytest-6.0.1.pyc,cpython-39,3425,True,4,pylingual_decompilable,data/artifacts/pypi/refex/0.1.1/refex-0.1.1.tar.gz
decompyle3,exit_2,tool_exit,"Traceback (most recent call last): File ""/root/PyBC-Sec/pybcSEC/data/rq2/envs/cpython-39/lib/python3.9/site-packages/xdis/load.py"", line 328, in load_module_from_file_object co = marshal.loads(bytecode) ValueError: bad marshal data (unkn...",refex-0.1.1.tar.gz,refex,0.1.1,tar,refex-0.1.1/refex/python/matchers/__pycache__/test_ast_matchers.cpython-39-pytest-6.0.1.pyc,cpython-39,3425,True,4,pylingual_decompilable,data/artifacts/pypi/refex/0.1.1/refex-0.1.1.tar.gz
decompyle3,exit_2,tool_exit,"Traceback (most recent call last): File ""/root/PyBC-Sec/pybcSEC/data/rq2/envs/cpython-39/lib/python3.9/site-packages/xdis/load.py"", line 328, in load_module_from_file_object co = marshal.loads(bytecode) ValueError: bad marshal data (unkn...",refex-0.1.1.tar.gz,refex,0.1.1,tar,refex-0.1.1/refex/python/matchers/__pycache__/test_base_matchers.cpython-39-pytest-6.0.1.pyc,cpython-39,3425,True,4,pylingual_decompilable,data/artifacts/pypi/refex/0.1.1/refex-0.1.1.tar.gz
decompyle3,exit_2,tool_exit,"Traceback (most recent call last): File ""/root/PyBC-Sec/pybcSEC/data/rq2/envs/cpython-39/lib/python3.9/site-packages/xdis/load.py"", line 328, in load_module_from_file_object co = marshal.loads(bytecode) ValueError: bad marshal data (unkn...",refex-0.1.1.tar.gz,refex,0.1.1,tar,refex-0.1.1/refex/python/matchers/__pycache__/test_lexical_matchers.cpython-39-pytest-6.0.1.pyc,cpython-39,3425,True,4,pylingual_decompilable,data/artifacts/pypi/refex/0.1.1/refex-0.1.1.tar.gz
decompyle3,exit_2,tool_exit,"Traceback (most recent call last): File ""/root/PyBC-Sec/pybcSEC/data/rq2/envs/cpython-39/lib/python3.9/site-packages/xdis/load.py"", line 328, in load_module_from_file_object co = marshal.loads(bytecode) ValueError: bad marshal data (unkn...",refex-0.1.1.tar.gz,refex,0.1.1,tar,refex-0.1.1/refex/python/matchers/__pycache__/test_syntax_matchers.cpython-39-pytest-6.0.1.pyc,cpython-39,3425,True,4,pylingual_decompilable,data/artifacts/pypi/refex/0.1.1/refex-0.1.1.tar.gz
marshal,error,marshal_parse_failure,marshal_failed:,recycling-1.1.0.tar.gz,recycling,1.1.0,tar,recycling-1.1.0/venues/stages/recycling/_clique/__pycache__/__init__.cpython-311.pyc,cpython-311,42946,True,4,pylingual_decompilable,data/artifacts/pypi/recycling/1.1.0/recycling-1.1.0.tar.gz
decompyle3,exit_2,tool_exit,/root/PyBC-Sec/pybcSEC/data/rq2/envs/cpython-311/lib/python3.11/site-packages/click/core.py:1262: UserWarning: The parameter --version is used more than once. Remove its duplicate as parameters should be unique. parser = self.make_parser...,recycling-1.1.0.tar.gz,recycling,1.1.0,tar,recycling-1.1.0/venues/stages/recycling/_clique/__pycache__/__init__.cpython-311.pyc,cpython-311,42946,True,4,pylingual_decompilable,data/artifacts/pypi/recycling/1.1.0/recycling-1.1.0.tar.gz
marshal,error,marshal_parse_failure,marshal_failed:,recycling-1.1.0.tar.gz,recycling,1.1.0,tar,recycling-1.1.0/venues/stages/recycling/_clique/__pycache__/intro.cpython-310.pyc,cpython-310,3439,False,4,pylingual_decompilable,data/artifacts/pypi/recycling/1.1.0/recycling-1.1.0.tar.gz
decompyle3,exit_2,tool_exit,/root/PyBC-Sec/pybcSEC/data/rq2/envs/cpython-310/lib/python3.10/site-packages/click/core.py:1262: UserWarning: The parameter --version is used more than once. Remove its duplicate as parameters should be unique. parser = self.make_parser...,recycling-1.1.0.tar.gz,recycling,1.1.0,tar,recycling-1.1.0/venues/stages/recycling/_clique/__pycache__/intro.cpython-310.pyc,cpython-310,3439,False,4,pylingual_decompilable,data/artifacts/pypi/recycling/1.1.0/recycling-1.1.0.tar.gz
marshal,error,marshal_parse_failure,marshal_failed:,recycling-1.1.0.tar.gz,recycling,1.1.0,tar,recycling-1.1.0/venues/stages/recycling/_status/__pycache__/__init__.cpython-311.pyc,cpython-311,42946,True,4,pylingual_decompilable,data/artifacts/pypi/recycling/1.1.0/recycling-1.1.0.tar.gz
decompyle3,exit_2,tool_exit,/root/PyBC-Sec/pybcSEC/data/rq2/envs/cpython-311/lib/python3.11/site-packages/click/core.py:1262: UserWarning: The parameter --version is used more than once. Remove its duplicate as parameters should be unique. parser = self.make_parser...,recycling-1.1.0.tar.gz,recycling,1.1.0,tar,recycling-1.1.0/venues/stages/recycling/_status/__pycache__/__init__.cpython-311.pyc,cpython-311,42946,True,4,pylingual_decompilable,data/artifacts/pypi/recycling/1.1.0/recycling-1.1.0.tar.gz
marshal,error,marshal_parse_failure,marshal_failed:,recycling-1.1.0.tar.gz,recycling,1.1.0,tar,recycling-1.1.0/venues/stages/recycling/instrument/__pycache__/__init__.cpython-311.pyc,cpython-311,42946,True,4,pylingual_decompilable,data/artifacts/pypi/recycling/1.1.0/recycling-1.1.0.tar.gz
decompyle3,exit_2,tool_exit,/root/PyBC-Sec/pybcSEC/data/rq2/envs/cpython-311/lib/python3.11/site-packages/click/core.py:1262: UserWarning: The parameter --version is used more than once. Remove its duplicate as parameters should be unique. parser = self.make_parser...,recycling-1.1.0.tar.gz,recycling,1.1.0,tar,recycling-1.1.0/venues/stages/recycling/instrument/__pycache__/__init__.cpython-311.pyc,cpython-311,42946,True,4,pylingual_decompilable,data/artifacts/pypi/recycling/1.1.0/recycling-1.1.0.tar.gz
marshal,error,marshal_parse_failure,marshal_failed:,recycling-1.1.0.tar.gz,recycling,1.1.0,tar,recycling-1.1.0/venues/stages/recycling/instrument/__pycache__/clique.cpython-310.pyc,cpython-310,3439,False,4,pylingual_decompilable,data/artifacts/pypi/recycling/1.1.0/recycling-1.1.0.tar.gz
decompyle3,exit_2,tool_exit,/root/PyBC-Sec/pybcSEC/data/rq2/envs/cpython-310/lib/python3.10/site-packages/click/core.py:1262: UserWarning: The parameter --version is used more than once. Remove its duplicate as parameters should be unique. parser = self.make_parser...,recycling-1.1.0.tar.gz,recycling,1.1.0,tar,recycling-1.1.0/venues/stages/recycling/instrument/__pycache__/clique.cpython-310.pyc,cpython-310,3439,False,4,pylingual_decompilable,data/artifacts/pypi/recycling/1.1.0/recycling-1.1.0.tar.gz
marshal,error,marshal_parse_failure,marshal_failed:,recycling-1.1.0.tar.gz,recycling,1.1.0,tar,recycling-1.1.0/venues/stages/recycling/instrument/__pycache__/clique.cpython-311.pyc,cpython-311,42946,False,4,pylingual_decompilable,data/artifacts/pypi/recycling/1.1.0/recycling-1.1.0.tar.gz
decompyle3,exit_2,tool_exit,/root/PyBC-Sec/pybcSEC/data/rq2/envs/cpython-311/lib/python3.11/site-packages/click/core.py:1262: UserWarning: The parameter --version is used more than once. Remove its duplicate as parameters should be unique. parser = self.make_parser...,recycling-1.1.0.tar.gz,recycling,1.1.0,tar,recycling-1.1.0/venues/stages/recycling/instrument/__pycache__/clique.cpython-311.pyc,cpython-311,42946,False,4,pylingual_decompilable,data/artifacts/pypi/recycling/1.1.0/recycling-1.1.0.tar.gz
marshal,error,marshal_parse_failure,marshal_failed:,recycling-1.1.0.tar.gz,recycling,1.1.0,tar,recycling-1.1.0/venues/stages/recycling/instrument/__pycache__/clique_socket.cpython-310.pyc,cpython-310,3439,False,4,pylingual_decompilable,data/artifacts/pypi/recycling/1.1.0/recycling-1.1.0.tar.gz
decompyle3,exit_2,tool_exit,/root/PyBC-Sec/pybcSEC/data/rq2/envs/cpython-310/lib/python3.10/site-packages/click/core.py:1262: UserWarning: The parameter --version is used more than once. Remove its duplicate as parameters should be unique. parser = self.make_parser...,recycling-1.1.0.tar.gz,recycling,1.1.0,tar,recycling-1.1.0/venues/stages/recycling/instrument/__pycache__/clique_socket.cpython-310.pyc,cpython-310,3439,False,4,pylingual_decompilable,data/artifacts/pypi/recycling/1.1.0/recycling-1.1.0.tar.gz
marshal,error,marshal_parse_failure,marshal_failed:,recycling-1.1.0.tar.gz,recycling,1.1.0,tar,recycling-1.1.0/venues/stages/recycling/instrument/__pycache__/clique_socket.cpython-311.pyc,cpython-311,42946,False,4,pylingual_decompilable,data/artifacts/pypi/recycling/1.1.0/recycling-1.1.0.tar.gz
decompyle3,exit_2,tool_exit,/root/PyBC-Sec/pybcSEC/data/rq2/envs/cpython-311/lib/python3.11/site-packages/click/core.py:1262: UserWarning: The parameter --version is used more than once. Remove its duplicate as parameters should be unique. parser = self.make_parser...,recycling-1.1.0.tar.gz,recycling,1.1.0,tar,recycling-1.1.0/venues/stages/recycling/instrument/__pycache__/clique_socket.cpython-311.pyc,cpython-311,42946,False,4,pylingual_decompilable,data/artifacts/pypi/recycling/1.1.0/recycling-1.1.0.tar.gz
marshal,error,marshal_parse_failure,marshal_failed:,recycling-1.1.0.tar.gz,recycling,1.1.0,tar,recycling-1.1.0/venues/stages/recycling/instrument/__pycache__/clique_tracks.cpython-310.pyc,cpython-310,3439,False,4,pylingual_decompilable,data/artifacts/pypi/recycling/1.1.0/recycling-1.1.0.tar.gz
decompyle3,exit_2,tool_exit,/root/PyBC-Sec/pybcSEC/data/rq2/envs/cpython-310/lib/python3.10/site-packages/click/core.py:1262: UserWarning: The parameter --version is used more than once. Remove its duplicate as parameters should be unique. parser = self.make_parser...,recycling-1.1.0.tar.gz,recycling,1.1.0,tar,recycling-1.1.0/venues/stages/recycling/instrument/__pycache__/clique_tracks.cpython-310.pyc,cpython-310,3439,False,4,pylingual_decompilable,data/artifacts/pypi/recycling/1.1.0/recycling-1.1.0.tar.gz
marshal,error,marshal_parse_failure,marshal_failed:,recycling-1.1.0.tar.gz,recycling,1.1.0,tar,recycling-1.1.0/venues/stages/recycling/instrument/__pycache__/clique_tracks.cpython-311.pyc,cpython-311,42946,False,4,pylingual_decompilable,data/artifacts/pypi/recycling/1.1.0/recycling-1.1.0.tar.gz
decompyle3,exit_2,tool_exit,/root/PyBC-Sec/pybcSEC/data/rq2/envs/cpython-311/lib/python3.11/site-packages/click/core.py:1262: UserWarning: The parameter --version is used more than once. Remove its duplicate as parameters should be unique. parser = self.make_parser...,recycling-1.1.0.tar.gz,recycling,1.1.0,tar,recycling-1.1.0/venues/stages/recycling/instrument/__pycache__/clique_tracks.cpython-311.pyc,cpython-311,42946,False,4,pylingual_decompilable,data/artifacts/pypi/recycling/1.1.0/recycling-1.1.0.tar.gz
marshal,error,marshal_parse_failure,marshal_failed:,recycling-1.1.0.tar.gz,recycling,1.1.0,tar,recycling-1.1.0/venues/stages/recycling/instrument/adventures/monetary/DB/template/__pycache__/connect.cpython-310.pyc,cpython-310,3439,True,4,pylingual_decompilable,data/artifacts/pypi/recycling/1.1.0/recycling-1.1.0.tar.gz
decompyle3,exit_2,tool_exit,/root/PyBC-Sec/pybcSEC/data/rq2/envs/cpython-310/lib/python3.10/site-packages/click/core.py:1262: UserWarning: The parameter --version is used more than once. Remove its duplicate as parameters should be unique. parser = self.make_parser...,recycling-1.1.0.tar.gz,recycling,1.1.0,tar,recycling-1.1.0/venues/stages/recycling/instrument/adventures/monetary/DB/template/__pycache__/connect.cpython-310.pyc,cpython-310,3439,True,4,pylingual_decompilable,data/artifacts/pypi/recycling/1.1.0/recycling-1.1.0.tar.gz
marshal,error,marshal_parse_failure,marshal_failed:,recycling-1.1.0.tar.gz,recycling,1.1.0,tar,recycling-1.1.0/venues/stages/recycling/instrument/adventures/monetary/DB/template/ion/document/__pycache__/find.cpython-310.pyc,cpython-310,3439,True,4,pylingual_decompilable,data/artifacts/pypi/recycling/1.1.0/recycling-1.1.0.tar.gz
decompyle3,exit_2,tool_exit,/root/PyBC-Sec/pybcSEC/data/rq2/envs/cpython-310/lib/python3.10/site-packages/click/core.py:1262: UserWarning: The parameter --version is used more than once. Remove its duplicate as parameters should be unique. parser = self.make_parser...,recycling-1.1.0.tar.gz,recycling,1.1.0,tar,recycling-1.1.0/venues/stages/recycling/instrument/adventures/monetary/DB/template/ion/document/__pycache__/find.cpython-310.pyc,cpython-310,3439,True,4,pylingual_decompilable,data/artifacts/pypi/recycling/1.1.0/recycling-1.1.0.tar.gz
marshal,error,marshal_parse_failure,marshal_failed:,recycling-1.1.0.tar.gz,recycling,1.1.0,tar,recycling-1.1.0/venues/stages/recycling/instrument/adventures/monetary/DB/template/ion/document/__pycache__/insert.cpython-310.pyc,cpython-310,3439,True,4,pylingual_decompilable,data/artifacts/pypi/recycling/1.1.0/recycling-1.1.0.tar.gz
decompyle3,exit_2,tool_exit,/root/PyBC-Sec/pybcSEC/data/rq2/envs/cpython-310/lib/python3.10/site-packages/click/core.py:1262: UserWarning: The parameter --version is used more than once. Remove its duplicate as parameters should be unique. parser = self.make_parser...,recycling-1.1.0.tar.gz,recycling,1.1.0,tar,recycling-1.1.0/venues/stages/recycling/instrument/adventures/monetary/DB/template/ion/document/__pycache__/insert.cpython-310.pyc,cpython-310,3439,True,4,pylingual_decompilable,data/artifacts/pypi/recycling/1.1.0/recycling-1.1.0.tar.gz
marshal,error,marshal_parse_failure,marshal_failed:,recycling-1.1.0.tar.gz,recycling,1.1.0,tar,recycling-1.1.0/venues/stages/recycling/instrument/adventures/monetary/_controls/__pycache__/_clique.cpython-310.pyc,cpython-310,3439,True,4,pylingual_decompilable,data/artifacts/pypi/recycling/1.1.0/recycling-1.1.0.tar.gz
decompyle3,exit_2,tool_exit,/root/PyBC-Sec/pybcSEC/data/rq2/envs/cpython-310/lib/python3.10/site-packages/click/core.py:1262: UserWarning: The parameter --version is used more than once. Remove its duplicate as parameters should be unique. parser = self.make_parser...,recycling-1.1.0.tar.gz,recycling,1.1.0,tar,recycling-1.1.0/venues/stages/recycling/instrument/adventures/monetary/_controls/__pycache__/_clique.cpython-310.pyc,cpython-310,3439,True,4,pylingual_decompilable,data/artifacts/pypi/recycling/1.1.0/recycling-1.1.0.tar.gz
marshal,error,marshal_parse_failure,marshal_failed:,recycling-1.1.0.tar.gz,recycling,1.1.0,tar,recycling-1.1.0/venues/stages/recycling/instrument/adventures/monetary/_controls/__pycache__/build.cpython-310.pyc,cpython-310,3439,True,4,pylingual_decompilable,data/artifacts/pypi/recycling/1.1.0/recycling-1.1.0.tar.gz
decompyle3,exit_2,tool_exit,/root/PyBC-Sec/pybcSEC/data/rq2/envs/cpython-310/lib/python3.10/site-packages/click/core.py:1262: UserWarning: The parameter --version is used more than once. Remove its duplicate as parameters should be unique. parser = self.make_parser...,recycling-1.1.0.tar.gz,recycling,1.1.0,tar,recycling-1.1.0/venues/stages/recycling/instrument/adventures/monetary/_controls/__pycache__/build.cpython-310.pyc,cpython-310,3439,True,4,pylingual_decompilable,data/artifacts/pypi/recycling/1.1.0/recycling-1.1.0.tar.gz
marshal,error,marshal_parse_failure,marshal_failed:,recycling-1.1.0.tar.gz,recycling,1.1.0,tar,recycling-1.1.0/venues/stages/recycling/instrument/adventures/monetary/_controls/saves/__pycache__/_clique.cpython-310.pyc,cpython-310,3439,True,4,pylingual_decompilable,data/artifacts/pypi/recycling/1.1.0/recycling-1.1.0.tar.gz
decompyle3,exit_2,tool_exit,/root/PyBC-Sec/pybcSEC/data/rq2/envs/cpython-310/lib/python3.10/site-packages/click/core.py:1262: UserWarning: The parameter --version is used more than once. Remove its duplicate as parameters should be unique. parser = self.make_parser...,recycling-1.1.0.tar.gz,recycling,1.1.0,tar,recycling-1.1.0/venues/stages/recycling/instrument/adventures/monetary/_controls/saves/__pycache__/_clique.cpython-310.pyc,cpython-310,3439,True,4,pylingual_decompilable,data/artifacts/pypi/recycling/1.1.0/recycling-1.1.0.tar.gz
marshal,error,marshal_parse_failure,marshal_failed:,recycling-1.1.0.tar.gz,recycling,1.1.0,tar,recycling-1.1.0/venues/stages/recycling/instrument/adventures/monetary/_controls/saves/dumps/__pycache__/dump.cpython-310.pyc,cpython-310,3439,True,4,pylingual_decompilable,data/artifacts/pypi/recycling/1.1.0/recycling-1.1.0.tar.gz
decompyle3,exit_2,tool_exit,/root/PyBC-Sec/pybcSEC/data/rq2/envs/cpython-310/lib/python3.10/site-packages/click/core.py:1262: UserWarning: The parameter --version is used more than once. Remove its duplicate as parameters should be unique. parser = self.make_parser...,recycling-1.1.0.tar.gz,recycling,1.1.0,tar,recycling-1.1.0/venues/stages/recycling/instrument/adventures/monetary/_controls/saves/dumps/__pycache__/dump.cpython-310.pyc,cpython-310,3439,True,4,pylingual_decompilable,data/artifacts/pypi/recycling/1.1.0/recycling-1.1.0.tar.gz
marshal,error,marshal_parse_failure,marshal_failed:,recycling-1.1.0.tar.gz,recycling,1.1.0,tar,recycling-1.1.0/venues/stages/recycling/instrument/adventures/monetary/_controls/saves/dumps/__pycache__/restore.cpython-310.pyc,cpython-310,3439,True,4,pylingual_decompilable,data/artifacts/pypi/recycling/1.1.0/recycling-1.1.0.tar.gz
decompyle3,exit_2,tool_exit,/root/PyBC-Sec/pybcSEC/data/rq2/envs/cpython-310/lib/python3.10/site-packages/click/core.py:1262: UserWarning: The parameter --version is used more than once. Remove its duplicate as parameters should be unique. parser = self.make_parser...,recycling-1.1.0.tar.gz,recycling,1.1.0,tar,recycling-1.1.0/venues/stages/recycling/instrument/adventures/monetary/_controls/saves/dumps/__pycache__/restore.cpython-310.pyc,cpython-310,3439,True,4,pylingual_decompilable,data/artifacts/pypi/recycling/1.1.0/recycling-1.1.0.tar.gz
marshal,error,marshal_parse_failure,marshal_failed:,recycling-1.1.0.tar.gz,recycling,1.1.0,tar,recycling-1.1.0/venues/stages/recycling/instrument/adventures/monetary/_controls/saves/exports/__pycache__/monetary_export.cpython-310.pyc,cpython-310,3439,True,4,pylingual_decompilable,data/artifacts/pypi/recycling/1.1.0/recycling-1.1.0.tar.gz
decompyle3,exit_2,tool_exit,/root/PyBC-Sec/pybcSEC/data/rq2/envs/cpython-310/lib/python3.10/site-packages/click/core.py:1262: UserWarning: The parameter --version is used more than once. Remove its duplicate as parameters should be unique. parser = self.make_parser...,recycling-1.1.0.tar.gz,recycling,1.1.0,tar,recycling-1.1.0/venues/stages/recycling/instrument/adventures/monetary/_controls/saves/exports/__pycache__/monetary_export.cpython-310.pyc,cpython-310,3439,True,4,pylingual_decompilable,data/artifacts/pypi/recycling/1.1.0/recycling-1.1.0.tar.gz
marshal,error,marshal_parse_failure,marshal_failed:,recycling-1.1.0.tar.gz,recycling,1.1.0,tar,recycling-1.1.0/venues/stages/recycling/instrument/adventures/monetary/_controls/saves/exports/__pycache__/monetary_import.cpython-310.pyc,cpython-310,3439,True,4,pylingual_decompilable,data/artifacts/pypi/recycling/1.1.0/recycling-1.1.0.tar.gz
decompyle3,exit_2,tool_exit,/root/PyBC-Sec/pybcSEC/data/rq2/envs/cpython-310/lib/python3.10/site-packages/click/core.py:1262: UserWarning: The parameter --version is used more than once. Remove its duplicate as parameters should be unique. parser = self.make_parser...,recycling-1.1.0.tar.gz,recycling,1.1.0,tar,recycling-1.1.0/venues/stages/recycling/instrument/adventures/monetary/_controls/saves/exports/__pycache__/monetary_import.cpython-310.pyc,cpython-310,3439,True,4,pylingual_decompilable,data/artifacts/pypi/recycling/1.1.0/recycling-1.1.0.tar.gz
marshal,error,marshal_parse_failure,marshal_failed:,recycling-1.1.0.tar.gz,recycling,1.1.0,tar,recycling-1.1.0/venues/stages/recycling/instrument/climate/__pycache__/__init__.cpython-311.pyc,cpython-311,42946,True,4,pylingual_decompilable,data/artifacts/pypi/recycling/1.1.0/recycling-1.1.0.tar.gz
decompyle3,exit_2,tool_exit,/root/PyBC-Sec/pybcSEC/data/rq2/envs/cpython-311/lib/python3.11/site-packages/click/core.py:1262: UserWarning: The parameter --version is used more than once. Remove its duplicate as parameters should be unique. parser = self.make_parser...,recycling-1.1.0.tar.gz,recycling,1.1.0,tar,recycling-1.1.0/venues/stages/recycling/instrument/climate/__pycache__/__init__.cpython-311.pyc,cpython-311,42946,True,4,pylingual_decompilable,data/artifacts/pypi/recycling/1.1.0/recycling-1.1.0.tar.gz
marshal,error,marshal_parse_failure,marshal_failed:,recycling-1.1.0.tar.gz,recycling,1.1.0,tar,recycling-1.1.0/venues/stages/recycling/instrument/clique/__pycache__/intro.cpython-310.pyc,cpython-310,3439,False,4,pylingual_decompilable,data/artifacts/pypi/recycling/1.1.0/recycling-1.1.0.tar.gz
decompyle3,exit_2,tool_exit,/root/PyBC-Sec/pybcSEC/data/rq2/envs/cpython-310/lib/python3.10/site-packages/click/core.py:1262: UserWarning: The parameter --version is used more than once. Remove its duplicate as parameters should be unique. parser = self.make_parser...,recycling-1.1.0.tar.gz,recycling,1.1.0,tar,recycling-1.1.0/venues/stages/recycling/instrument/clique/__pycache__/intro.cpython-310.pyc,cpython-310,3439,False,4,pylingual_decompilable,data/artifacts/pypi/recycling/1.1.0/recycling-1.1.0.tar.gz
marshal,error,marshal_parse_failure,marshal_failed:,recycling-1.1.0.tar.gz,recycling,1.1.0,tar,recycling-1.1.0/venues/stages/recycling/instrument/layer/__pycache__/__init__.cpython-311.pyc,cpython-311,42946,True,4,pylingual_decompilable,data/artifacts/pypi/recycling/1.1.0/recycling-1.1.0.tar.gz
decompyle3,exit_2,tool_exit,/root/PyBC-Sec/pybcSEC/data/rq2/envs/cpython-311/lib/python3.11/site-packages/click/core.py:1262: UserWarning: The parameter --version is used more than once. Remove its duplicate as parameters should be unique. parser = self.make_parser...,recycling-1.1.0.tar.gz,recycling,1.1.0,tar,recycling-1.1.0/venues/stages/recycling/instrument/layer/__pycache__/__init__.cpython-311.pyc,cpython-311,42946,True,4,pylingual_decompilable,data/artifacts/pypi/recycling/1.1.0/recycling-1.1.0.tar.gz
marshal,error,marshal_parse_failure,marshal_failed:,recycling-1.1.0.tar.gz,recycling,1.1.0,tar,recycling-1.1.0/venues/stages/recycling/instrument/layer/__pycache__/start_dev.cpython-311.pyc,cpython-311,42946,True,4,pylingual_decompilable,data/artifacts/pypi/recycling/1.1.0/recycling-1.1.0.tar.gz
decompyle3,exit_2,tool_exit,/root/PyBC-Sec/pybcSEC/data/rq2/envs/cpython-311/lib/python3.11/site-packages/click/core.py:1262: UserWarning: The parameter --version is used more than once. Remove its duplicate as parameters should be unique. parser = self.make_parser...,recycling-1.1.0.tar.gz,recycling,1.1.0,tar,recycling-1.1.0/venues/stages/recycling/instrument/layer/__pycache__/start_dev.cpython-311.pyc,cpython-311,42946,True,4,pylingual_decompilable,data/artifacts/pypi/recycling/1.1.0/recycling-1.1.0.tar.gz
marshal,error,marshal_parse_failure,marshal_failed:,recycling-1.1.0.tar.gz,recycling,1.1.0,tar,recycling-1.1.0/venues/stages/recycling/instrument/layer/routes/__pycache__/card_generator.cpython-310.pyc,cpython-310,3439,False,4,pylingual_decompilable,data/artifacts/pypi/recycling/1.1.0/recycling-1.1.0.tar.gz
decompyle3,exit_2,tool_exit,/root/PyBC-Sec/pybcSEC/data/rq2/envs/cpython-310/lib/python3.10/site-packages/click/core.py:1262: UserWarning: The parameter --version is used more than once. Remove its duplicate as parameters should be unique. parser = self.make_parser...,recycling-1.1.0.tar.gz,recycling,1.1.0,tar,recycling-1.1.0/venues/stages/recycling/instrument/layer/routes/__pycache__/card_generator.cpython-310.pyc,cpython-310,3439,False,4,pylingual_decompilable,data/artifacts/pypi/recycling/1.1.0/recycling-1.1.0.tar.gz
marshal,error,marshal_parse_failure,marshal_failed:,recycling-1.1.0.tar.gz,recycling,1.1.0,tar,recycling-1.1.0/venues/stages/recycling/instrument/layer/routes/__pycache__/seed_generator.cpython-310.pyc,cpython-310,3439,False,4,pylingual_decompilable,data/artifacts/pypi/recycling/1.1.0/recycling-1.1.0.tar.gz
decompyle3,exit_2,tool_exit,/root/PyBC-Sec/pybcSEC/data/rq2/envs/cpython-310/lib/python3.10/site-packages/click/core.py:1262: UserWarning: The parameter --version is used more than once. Remove its duplicate as parameters should be unique. parser = self.make_parser...,recycling-1.1.0.tar.gz,recycling,1.1.0,tar,recycling-1.1.0/venues/stages/recycling/instrument/layer/routes/__pycache__/seed_generator.cpython-310.pyc,cpython-310,3439,False,4,pylingual_decompilable,data/artifacts/pypi/recycling/1.1.0/recycling-1.1.0.tar.gz
marshal,error,marshal_parse_failure,marshal_failed:,recycling-1.1.0.tar.gz,recycling,1.1.0,tar,recycling-1.1.0/venues/stages/recycling/instrument/layer/routes/home/__pycache__/get.cpython-311.pyc,cpython-311,42946,True,4,pylingual_decompilable,data/artifacts/pypi/recycling/1.1.0/recycling-1.1.0.tar.gz
decompyle3,exit_2,tool_exit,/root/PyBC-Sec/pybcSEC/data/rq2/envs/cpython-311/lib/python3.11/site-packages/click/core.py:1262: UserWarning: The parameter --version is used more than once. Remove its duplicate as parameters should be unique. parser = self.make_parser...,recycling-1.1.0.tar.gz,recycling,1.1.0,tar,recycling-1.1.0/venues/stages/recycling/instrument/layer/routes/home/__pycache__/get.cpython-311.pyc,cpython-311,42946,True,4,pylingual_decompilable,data/artifacts/pypi/recycling/1.1.0/recycling-1.1.0.tar.gz
marshal,error,marshal_parse_failure,marshal_failed:,recycling-1.1.0.tar.gz,recycling,1.1.0,tar,recycling-1.1.0/venues/stages/recycling/instrument/layer/routes/vibes/__pycache__/make_ECC_448_2.cpython-310.pyc,cpython-310,3439,True,4,pylingual_decompilable,data/artifacts/pypi/recycling/1.1.0/recycling-1.1.0.tar.gz
decompyle3,exit_2,tool_exit,/root/PyBC-Sec/pybcSEC/data/rq2/envs/cpython-310/lib/python3.10/site-packages/click/core.py:1262: UserWarning: The parameter --version is used more than once. Remove its duplicate as parameters should be unique. parser = self.make_parser...,recycling-1.1.0.tar.gz,recycling,1.1.0,tar,recycling-1.1.0/venues/stages/recycling/instrument/layer/routes/vibes/__pycache__/make_ECC_448_2.cpython-310.pyc,cpython-310,3439,True,4,pylingual_decompilable,data/artifacts/pypi/recycling/1.1.0/recycling-1.1.0.tar.gz
marshal,error,marshal_parse_failure,marshal_failed:,recycling-1.1.0.tar.gz,recycling,1.1.0,tar,recycling-1.1.0/venues/stages/recycling/instrument/moon/__pycache__/__init__.cpython-311.pyc,cpython-311,42946,True,4,pylingual_decompilable,data/artifacts/pypi/recycling/1.1.0/recycling-1.1.0.tar.gz
decompyle3,exit_2,tool_exit,/root/PyBC-Sec/pybcSEC/data/rq2/envs/cpython-311/lib/python3.11/site-packages/click/core.py:1262: UserWarning: The parameter --version is used more than once. Remove its duplicate as parameters should be unique. parser = self.make_parser...,recycling-1.1.0.tar.gz,recycling,1.1.0,tar,recycling-1.1.0/venues/stages/recycling/instrument/moon/__pycache__/__init__.cpython-311.pyc,cpython-311,42946,True,4,pylingual_decompilable,data/artifacts/pypi/recycling/1.1.0/recycling-1.1.0.tar.gz
marshal,error,marshal_parse_failure,marshal_failed:,recycling-1.1.0.tar.gz,recycling,1.1.0,tar,recycling-1.1.0/venues/stages/recycling/instrument/moon/pocket/vibes/__pycache__/make_ECC_448_2.cpython-310.pyc,cpython-310,3439,False,4,pylingual_decompilable,data/artifacts/pypi/recycling/1.1.0/recycling-1.1.0.tar.gz
decompyle3,exit_2,tool_exit,/root/PyBC-Sec/pybcSEC/data/rq2/envs/cpython-310/lib/python3.10/site-packages/click/core.py:1262: UserWarning: The parameter --version is used more than once. Remove its duplicate as parameters should be unique. parser = self.make_parser...,recycling-1.1.0.tar.gz,recycling,1.1.0,tar,recycling-1.1.0/venues/stages/recycling/instrument/moon/pocket/vibes/__pycache__/make_ECC_448_2.cpython-310.pyc,cpython-310,3439,False,4,pylingual_decompilable,data/artifacts/pypi/recycling/1.1.0/recycling-1.1.0.tar.gz
marshal,error,marshal_parse_failure,marshal_failed:,recycling-1.1.0.tar.gz,recycling,1.1.0,tar,recycling-1.1.0/venues/stages/recycling/instrument/moves/__pycache__/__init__.cpython-311.pyc,cpython-311,42946,True,4,pylingual_decompilable,data/artifacts/pypi/recycling/1.1.0/recycling-1.1.0.tar.gz
decompyle3,exit_2,tool_exit,/root/PyBC-Sec/pybcSEC/data/rq2/envs/cpython-311/lib/python3.11/site-packages/click/core.py:1262: UserWarning: The parameter --version is used more than once. Remove its duplicate as parameters should be unique. parser = self.make_parser...,recycling-1.1.0.tar.gz,recycling,1.1.0,tar,recycling-1.1.0/venues/stages/recycling/instrument/moves/__pycache__/__init__.cpython-311.pyc,cpython-311,42946,True,4,pylingual_decompilable,data/artifacts/pypi/recycling/1.1.0/recycling-1.1.0.tar.gz
marshal,error,marshal_parse_failure,marshal_failed:,recycling-1.1.0.tar.gz,recycling,1.1.0,tar,recycling-1.1.0/venues/stages/recycling/instrument/moves/__pycache__/create_wallet.cpython-311.pyc,cpython-311,42946,False,4,pylingual_decompilable,data/artifacts/pypi/recycling/1.1.0/recycling-1.1.0.tar.gz
decompyle3,exit_2,tool_exit,/root/PyBC-Sec/pybcSEC/data/rq2/envs/cpython-311/lib/python3.11/site-packages/click/core.py:1262: UserWarning: The parameter --version is used more than once. Remove its duplicate as parameters should be unique. parser = self.make_parser...,recycling-1.1.0.tar.gz,recycling,1.1.0,tar,recycling-1.1.0/venues/stages/recycling/instrument/moves/__pycache__/create_wallet.cpython-311.pyc,cpython-311,42946,False,4,pylingual_decompilable,data/artifacts/pypi/recycling/1.1.0/recycling-1.1.0.tar.gz
marshal,error,marshal_parse_failure,marshal_failed:,recycling-1.1.0.tar.gz,recycling,1.1.0,tar,recycling-1.1.0/venues/stages/recycling/instrument/moves/__pycache__/form_proposal_keys.cpython-311.pyc,cpython-311,42946,False,4,pylingual_decompilable,data/artifacts/pypi/recycling/1.1.0/recycling-1.1.0.tar.gz
decompyle3,exit_2,tool_exit,/root/PyBC-Sec/pybcSEC/data/rq2/envs/cpython-311/lib/python3.11/site-packages/click/core.py:1262: UserWarning: The parameter --version is used more than once. Remove its duplicate as parameters should be unique. parser = self.make_parser...,recycling-1.1.0.tar.gz,recycling,1.1.0,tar,recycling-1.1.0/venues/stages/recycling/instrument/moves/__pycache__/form_proposal_keys.cpython-311.pyc,cpython-311,42946,False,4,pylingual_decompilable,data/artifacts/pypi/recycling/1.1.0/recycling-1.1.0.tar.gz
marshal,error,marshal_parse_failure,marshal_failed:,recycling-1.1.0.tar.gz,recycling,1.1.0,tar,recycling-1.1.0/venues/stages/recycling/instrument/moves/names/__pycache__/create_safe.cpython-310.pyc,cpython-310,3439,False,4,pylingual_decompilable,data/artifacts/pypi/recycling/1.1.0/recycling-1.1.0.tar.gz
decompyle3,exit_2,tool_exit,/root/PyBC-Sec/pybcSEC/data/rq2/envs/cpython-310/lib/python3.10/site-packages/click/core.py:1262: UserWarning: The parameter --version is used more than once. Remove its duplicate as parameters should be unique. parser = self.make_parser...,recycling-1.1.0.tar.gz,recycling,1.1.0,tar,recycling-1.1.0/venues/stages/recycling/instrument/moves/names/__pycache__/create_safe.cpython-310.pyc,cpython-310,3439,False,4,pylingual_decompilable,data/artifacts/pypi/recycling/1.1.0/recycling-1.1.0.tar.gz
marshal,error,marshal_parse_failure,marshal_failed:,recycling-1.1.0.tar.gz,recycling,1.1.0,tar,recycling-1.1.0/venues/stages/recycling/instrument/moves/names/__pycache__/create_safe.cpython-311.pyc,cpython-311,42946,False,4,pylingual_decompilable,data/artifacts/pypi/recycling/1.1.0/recycling-1.1.0.tar.gz
decompyle3,exit_2,tool_exit,/root/PyBC-Sec/pybcSEC/data/rq2/envs/cpython-311/lib/python3.11/site-packages/click/core.py:1262: UserWarning: The parameter --version is used more than once. Remove its duplicate as parameters should be unique. parser = self.make_parser...,recycling-1.1.0.tar.gz,recycling,1.1.0,tar,recycling-1.1.0/venues/stages/recycling/instrument/moves/names/__pycache__/create_safe.cpython-311.pyc,cpython-311,42946,False,4,pylingual_decompilable,data/artifacts/pypi/recycling/1.1.0/recycling-1.1.0.tar.gz
marshal,error,marshal_parse_failure,marshal_failed:,recycling-1.1.0.tar.gz,recycling,1.1.0,tar,recycling-1.1.0/venues/stages/recycling/instrument/moves/names/__pycache__/create_wallet.cpython-311.pyc,cpython-311,42946,False,4,pylingual_decompilable,data/artifacts/pypi/recycling/1.1.0/recycling-1.1.0.tar.gz
decompyle3,exit_2,tool_exit,/root/PyBC-Sec/pybcSEC/data/rq2/envs/cpython-311/lib/python3.11/site-packages/click/core.py:1262: UserWarning: The parameter --version is used more than once. Remove its duplicate as parameters should be unique. parser = self.make_parser...,recycling-1.1.0.tar.gz,recycling,1.1.0,tar,recycling-1.1.0/venues/stages/recycling/instrument/moves/names/__pycache__/create_wallet.cpython-311.pyc,cpython-311,42946,False,4,pylingual_decompilable,data/artifacts/pypi/recycling/1.1.0/recycling-1.1.0.tar.gz
marshal,error,marshal_parse_failure,marshal_failed:,recycling-1.1.0.tar.gz,recycling,1.1.0,tar,recycling-1.1.0/venues/stages/recycling/instrument/moves/names/__pycache__/form_proposal_keys.cpython-310.pyc,cpython-310,3439,False,4,pylingual_decompilable,data/artifacts/pypi/recycling/1.1.0/recycling-1.1.0.tar.gz
decompyle3,exit_2,tool_exit,/root/PyBC-Sec/pybcSEC/data/rq2/envs/cpython-310/lib/python3.10/site-packages/click/core.py:1262: UserWarning: The parameter --version is used more than once. Remove its duplicate as parameters should be unique. parser = self.make_parser...,recycling-1.1.0.tar.gz,recycling,1.1.0,tar,recycling-1.1.0/venues/stages/recycling/instrument/moves/names/__pycache__/form_proposal_keys.cpython-310.pyc,cpython-310,3439,False,4,pylingual_decompilable,data/artifacts/pypi/recycling/1.1.0/recycling-1.1.0.tar.gz
marshal,error,marshal_parse_failure,marshal_failed:,recycling-1.1.0.tar.gz,recycling,1.1.0,tar,recycling-1.1.0/venues/stages/recycling/instrument/moves/names/__pycache__/form_proposal_keys.cpython-311.pyc,cpython-311,42946,False,4,pylingual_decompilable,data/artifacts/pypi/recycling/1.1.0/recycling-1.1.0.tar.gz
decompyle3,exit_2,tool_exit,/root/PyBC-Sec/pybcSEC/data/rq2/envs/cpython-311/lib/python3.11/site-packages/click/core.py:1262: UserWarning: The parameter --version is used more than once. Remove its duplicate as parameters should be unique. parser = self.make_parser...,recycling-1.1.0.tar.gz,recycling,1.1.0,tar,recycling-1.1.0/venues/stages/recycling/instrument/moves/names/__pycache__/form_proposal_keys.cpython-311.pyc,cpython-311,42946,False,4,pylingual_decompilable,data/artifacts/pypi/recycling/1.1.0/recycling-1.1.0.tar.gz
marshal,error,marshal_parse_failure,marshal_failed:,recycling-1.1.0.tar.gz,recycling,1.1.0,tar,recycling-1.1.0/venues/stages/recycling/instrument/moves/names/__pycache__/start_thermos.cpython-310.pyc,cpython-310,3439,False,4,pylingual_decompilable,data/artifacts/pypi/recycling/1.1.0/recycling-1.1.0.tar.gz
decompyle3,exit_2,tool_exit,/root/PyBC-Sec/pybcSEC/data/rq2/envs/cpython-310/lib/python3.10/site-packages/click/core.py:1262: UserWarning: The parameter --version is used more than once. Remove its duplicate as parameters should be unique. parser = self.make_parser...,recycling-1.1.0.tar.gz,recycling,1.1.0,tar,recycling-1.1.0/venues/stages/recycling/instrument/moves/names/__pycache__/start_thermos.cpython-310.pyc,cpython-310,3439,False,4,pylingual_decompilable,data/artifacts/pypi/recycling/1.1.0/recycling-1.1.0.tar.gz
marshal,error,marshal_parse_failure,marshal_failed:,recycling-1.1.0.tar.gz,recycling,1.1.0,tar,recycling-1.1.0/venues/stages/recycling/instrument/moves/names/performances/__pycache__/perform.cpython-310.pyc,cpython-310,3439,False,4,pylingual_decompilable,data/artifacts/pypi/recycling/1.1.0/recycling-1.1.0.tar.gz
decompyle3,exit_2,tool_exit,/root/PyBC-Sec/pybcSEC/data/rq2/envs/cpython-310/lib/python3.10/site-packages/click/core.py:1262: UserWarning: The parameter --version is used more than once. Remove its duplicate as parameters should be unique. parser = self.make_parser...,recycling-1.1.0.tar.gz,recycling,1.1.0,tar,recycling-1.1.0/venues/stages/recycling/instrument/moves/names/performances/__pycache__/perform.cpython-310.pyc,cpython-310,3439,False,4,pylingual_decompilable,data/artifacts/pypi/recycling/1.1.0/recycling-1.1.0.tar.gz
marshal,error,marshal_parse_failure,marshal_failed:,recycling-1.1.0.tar.gz,recycling,1.1.0,tar,recycling-1.1.0/venues/stages/recycling/instrument/sockets/__pycache__/__init__.cpython-311.pyc,cpython-311,42946,True,4,pylingual_decompilable,data/artifacts/pypi/recycling/1.1.0/recycling-1.1.0.tar.gz
decompyle3,exit_2,tool_exit,/root/PyBC-Sec/pybcSEC/data/rq2/envs/cpython-311/lib/python3.11/site-packages/click/core.py:1262: UserWarning: The parameter --version is used more than once. Remove its duplicate as parameters should be unique. parser = self.make_parser...,recycling-1.1.0.tar.gz,recycling,1.1.0,tar,recycling-1.1.0/venues/stages/recycling/instrument/sockets/__pycache__/__init__.cpython-311.pyc,cpython-311,42946,True,4,pylingual_decompilable,data/artifacts/pypi/recycling/1.1.0/recycling-1.1.0.tar.gz
marshal,error,marshal_parse_failure,marshal_failed:,recycling-1.1.0.tar.gz,recycling,1.1.0,tar,recycling-1.1.0/venues/stages/recycling/mixes/EEC_448_1/private_key/__pycache__/creator.cpython-311.pyc,cpython-311,42946,True,4,pylingual_decompilable,data/artifacts/pypi/recycling/1.1.0/recycling-1.1.0.tar.gz
decompyle3,exit_2,tool_exit,/root/PyBC-Sec/pybcSEC/data/rq2/envs/cpython-311/lib/python3.11/site-packages/click/core.py:1262: UserWarning: The parameter --version is used more than once. Remove its duplicate as parameters should be unique. parser = self.make_parser...,recycling-1.1.0.tar.gz,recycling,1.1.0,tar,recycling-1.1.0/venues/stages/recycling/mixes/EEC_448_1/private_key/__pycache__/creator.cpython-311.pyc,cpython-311,42946,True,4,pylingual_decompilable,data/artifacts/pypi/recycling/1.1.0/recycling-1.1.0.tar.gz
marshal,error,marshal_parse_failure,marshal_failed:,recycling-1.1.0.tar.gz,recycling,1.1.0,tar,recycling-1.1.0/venues/stages/recycling/mixes/EEC_448_1/private_key/__pycache__/scan.cpython-311.pyc,cpython-311,42946,True,4,pylingual_decompilable,data/artifacts/pypi/recycling/1.1.0/recycling-1.1.0.tar.gz
decompyle3,exit_2,tool_exit,/root/PyBC-Sec/pybcSEC/data/rq2/envs/cpython-311/lib/python3.11/site-packages/click/core.py:1262: UserWarning: The parameter --version is used more than once. Remove its duplicate as parameters should be unique. parser = self.make_parser...,recycling-1.1.0.tar.gz,recycling,1.1.0,tar,recycling-1.1.0/venues/stages/recycling/mixes/EEC_448_1/private_key/__pycache__/scan.cpython-311.pyc,cpython-311,42946,True,4,pylingual_decompilable,data/artifacts/pypi/recycling/1.1.0/recycling-1.1.0.tar.gz
marshal,error,marshal_parse_failure,marshal_failed:,recycling-1.1.0.tar.gz,recycling,1.1.0,tar,recycling-1.1.0/venues/stages/recycling/mixes/EEC_448_1/public_key/__pycache__/creator.cpython-311.pyc,cpython-311,42946,True,4,pylingual_decompilable,data/artifacts/pypi/recycling/1.1.0/recycling-1.1.0.tar.gz
decompyle3,exit_2,tool_exit,/root/PyBC-Sec/pybcSEC/data/rq2/envs/cpython-311/lib/python3.11/site-packages/click/core.py:1262: UserWarning: The parameter --version is used more than once. Remove its duplicate as parameters should be unique. parser = self.make_parser...,recycling-1.1.0.tar.gz,recycling,1.1.0,tar,recycling-1.1.0/venues/stages/recycling/mixes/EEC_448_1/public_key/__pycache__/creator.cpython-311.pyc,cpython-311,42946,True,4,pylingual_decompilable,data/artifacts/pypi/recycling/1.1.0/recycling-1.1.0.tar.gz
marshal,error,marshal_parse_failure,marshal_failed:,recycling-1.1.0.tar.gz,recycling,1.1.0,tar,recycling-1.1.0/venues/stages/recycling/mixes/EEC_448_1/public_key/__pycache__/form.cpython-311.pyc,cpython-311,42946,True,4,pylingual_decompilable,data/artifacts/pypi/recycling/1.1.0/recycling-1.1.0.tar.gz
decompyle3,exit_2,tool_exit,/root/PyBC-Sec/pybcSEC/data/rq2/envs/cpython-311/lib/python3.11/site-packages/click/core.py:1262: UserWarning: The parameter --version is used more than once. Remove its duplicate as parameters should be unique. parser = self.make_parser...,recycling-1.1.0.tar.gz,recycling,1.1.0,tar,recycling-1.1.0/venues/stages/recycling/mixes/EEC_448_1/public_key/__pycache__/form.cpython-311.pyc,cpython-311,42946,True,4,pylingual_decompilable,data/artifacts/pypi/recycling/1.1.0/recycling-1.1.0.tar.gz
marshal,error,marshal_parse_failure,marshal_failed:,recycling-1.1.0.tar.gz,recycling,1.1.0,tar,recycling-1.1.0/venues/stages/recycling/mixes/EEC_448_1/public_key/__pycache__/scan.cpython-311.pyc,cpython-311,42946,True,4,pylingual_decompilable,data/artifacts/pypi/recycling/1.1.0/recycling-1.1.0.tar.gz
decompyle3,exit_2,tool_exit,/root/PyBC-Sec/pybcSEC/data/rq2/envs/cpython-311/lib/python3.11/site-packages/click/core.py:1262: UserWarning: The parameter --version is used more than once. Remove its duplicate as parameters should be unique. parser = self.make_parser...,recycling-1.1.0.tar.gz,recycling,1.1.0,tar,recycling-1.1.0/venues/stages/recycling/mixes/EEC_448_1/public_key/__pycache__/scan.cpython-311.pyc,cpython-311,42946,True,4,pylingual_decompilable,data/artifacts/pypi/recycling/1.1.0/recycling-1.1.0.tar.gz
marshal,error,marshal_parse_failure,marshal_failed:,recycling-1.1.0.tar.gz,recycling,1.1.0,tar,recycling-1.1.0/venues/stages/recycling/mixes/EEC_448_1/public_key/__pycache__/write.cpython-311.pyc,cpython-311,42946,True,4,pylingual_decompilable,data/artifacts/pypi/recycling/1.1.0/recycling-1.1.0.tar.gz
decompyle3,exit_2,tool_exit,/root/PyBC-Sec/pybcSEC/data/rq2/envs/cpython-311/lib/python3.11/site-packages/click/core.py:1262: UserWarning: The parameter --version is used more than once. Remove its duplicate as parameters should be unique. parser = self.make_parser...,recycling-1.1.0.tar.gz,recycling,1.1.0,tar,recycling-1.1.0/venues/stages/recycling/mixes/EEC_448_1/public_key/__pycache__/write.cpython-311.pyc,cpython-311,42946,True,4,pylingual_decompilable,data/artifacts/pypi/recycling/1.1.0/recycling-1.1.0.tar.gz
marshal,error,marshal_parse_failure,marshal_failed:,recycling-1.1.0.tar.gz,recycling,1.1.0,tar,recycling-1.1.0/venues/stages/recycling/mixes/EEC_448_1/sign/__pycache__/__init__.cpython-311.pyc,cpython-311,42946,True,4,pylingual_decompilable,data/artifacts/pypi/recycling/1.1.0/recycling-1.1.0.tar.gz
decompyle3,exit_2,tool_exit,/root/PyBC-Sec/pybcSEC/data/rq2/envs/cpython-311/lib/python3.11/site-packages/click/core.py:1262: UserWarning: The parameter --version is used more than once. Remove its duplicate as parameters should be unique. parser = self.make_parser...,recycling-1.1.0.tar.gz,recycling,1.1.0,tar,recycling-1.1.0/venues/stages/recycling/mixes/EEC_448_1/sign/__pycache__/__init__.cpython-311.pyc,cpython-311,42946,True,4,pylingual_decompilable,data/artifacts/pypi/recycling/1.1.0/recycling-1.1.0.tar.gz
marshal,error,marshal_parse_failure,marshal_failed:,recycling-1.1.0.tar.gz,recycling,1.1.0,tar,recycling-1.1.0/venues/stages/recycling/mixes/EEC_448_1/verify/__pycache__/__init__.cpython-311.pyc,cpython-311,42946,True,4,pylingual_decompilable,data/artifacts/pypi/recycling/1.1.0/recycling-1.1.0.tar.gz
decompyle3,exit_2,tool_exit,/root/PyBC-Sec/pybcSEC/data/rq2/envs/cpython-311/lib/python3.11/site-packages/click/core.py:1262: UserWarning: The parameter --version is used more than once. Remove its duplicate as parameters should be unique. parser = self.make_parser...,recycling-1.1.0.tar.gz,recycling,1.1.0,tar,recycling-1.1.0/venues/stages/recycling/mixes/EEC_448_1/verify/__pycache__/__init__.cpython-311.pyc,cpython-311,42946,True,4,pylingual_decompilable,data/artifacts/pypi/recycling/1.1.0/recycling-1.1.0.tar.gz
marshal,error,marshal_parse_failure,marshal_failed:,recycling-1.1.0.tar.gz,recycling,1.1.0,tar,recycling-1.1.0/venues/stages/recycling/mixes/EEC_448_2/private_key/__pycache__/creator.cpython-311.pyc,cpython-311,42946,True,4,pylingual_decompilable,data/artifacts/pypi/recycling/1.1.0/recycling-1.1.0.tar.gz
decompyle3,exit_2,tool_exit,/root/PyBC-Sec/pybcSEC/data/rq2/envs/cpython-311/lib/python3.11/site-packages/click/core.py:1262: UserWarning: The parameter --version is used more than once. Remove its duplicate as parameters should be unique. parser = self.make_parser...,recycling-1.1.0.tar.gz,recycling,1.1.0,tar,recycling-1.1.0/venues/stages/recycling/mixes/EEC_448_2/private_key/__pycache__/creator.cpython-311.pyc,cpython-311,42946,True,4,pylingual_decompilable,data/artifacts/pypi/recycling/1.1.0/recycling-1.1.0.tar.gz
marshal,error,marshal_parse_failure,marshal_failed:,recycling-1.1.0.tar.gz,recycling,1.1.0,tar,recycling-1.1.0/venues/stages/recycling/mixes/EEC_448_2/private_key/__pycache__/scan.cpython-311.pyc,cpython-311,42946,True,4,pylingual_decompilable,data/artifacts/pypi/recycling/1.1.0/recycling-1.1.0.tar.gz
decompyle3,exit_2,tool_exit,/root/PyBC-Sec/pybcSEC/data/rq2/envs/cpython-311/lib/python3.11/site-packages/click/core.py:1262: UserWarning: The parameter --version is used more than once. Remove its duplicate as parameters should be unique. parser = self.make_parser...,recycling-1.1.0.tar.gz,recycling,1.1.0,tar,recycling-1.1.0/venues/stages/recycling/mixes/EEC_448_2/private_key/__pycache__/scan.cpython-311.pyc,cpython-311,42946,True,4,pylingual_decompilable,data/artifacts/pypi/recycling/1.1.0/recycling-1.1.0.tar.gz
marshal,error,marshal_parse_failure,marshal_failed:,recycling-1.1.0.tar.gz,recycling,1.1.0,tar,recycling-1.1.0/venues/stages/recycling/mixes/EEC_448_2/public_key/__pycache__/creator.cpython-311.pyc,cpython-311,42946,True,4,pylingual_decompilable,data/artifacts/pypi/recycling/1.1.0/recycling-1.1.0.tar.gz
decompyle3,exit_2,tool_exit,/root/PyBC-Sec/pybcSEC/data/rq2/envs/cpython-311/lib/python3.11/site-packages/click/core.py:1262: UserWarning: The parameter --version is used more than once. Remove its duplicate as parameters should be unique. parser = self.make_parser...,recycling-1.1.0.tar.gz,recycling,1.1.0,tar,recycling-1.1.0/venues/stages/recycling/mixes/EEC_448_2/public_key/__pycache__/creator.cpython-311.pyc,cpython-311,42946,True,4,pylingual_decompilable,data/artifacts/pypi/recycling/1.1.0/recycling-1.1.0.tar.gz
marshal,error,marshal_parse_failure,marshal_failed:,recycling-1.1.0.tar.gz,recycling,1.1.0,tar,recycling-1.1.0/venues/stages/recycling/mixes/EEC_448_2/public_key/__pycache__/form.cpython-310.pyc,cpython-310,3439,False,4,pylingual_decompilable,data/artifacts/pypi/recycling/1.1.0/recycling-1.1.0.tar.gz
decompyle3,exit_2,tool_exit,/root/PyBC-Sec/pybcSEC/data/rq2/envs/cpython-310/lib/python3.10/site-packages/click/core.py:1262: UserWarning: The parameter --version is used more than once. Remove its duplicate as parameters should be unique. parser = self.make_parser...,recycling-1.1.0.tar.gz,recycling,1.1.0,tar,recycling-1.1.0/venues/stages/recycling/mixes/EEC_448_2/public_key/__pycache__/form.cpython-310.pyc,cpython-310,3439,False,4,pylingual_decompilable,data/artifacts/pypi/recycling/1.1.0/recycling-1.1.0.tar.gz
marshal,error,marshal_parse_failure,marshal_failed:,recycling-1.1.0.tar.gz,recycling,1.1.0,tar,recycling-1.1.0/venues/stages/recycling/mixes/EEC_448_2/public_key/__pycache__/form.cpython-311.pyc,cpython-311,42946,False,4,pylingual_decompilable,data/artifacts/pypi/recycling/1.1.0/recycling-1.1.0.tar.gz
decompyle3,exit_2,tool_exit,/root/PyBC-Sec/pybcSEC/data/rq2/envs/cpython-311/lib/python3.11/site-packages/click/core.py:1262: UserWarning: The parameter --version is used more than once. Remove its duplicate as parameters should be unique. parser = self.make_parser...,recycling-1.1.0.tar.gz,recycling,1.1.0,tar,recycling-1.1.0/venues/stages/recycling/mixes/EEC_448_2/public_key/__pycache__/form.cpython-311.pyc,cpython-311,42946,False,4,pylingual_decompilable,data/artifacts/pypi/recycling/1.1.0/recycling-1.1.0.tar.gz
marshal,error,marshal_parse_failure,marshal_failed:,recycling-1.1.0.tar.gz,recycling,1.1.0,tar,recycling-1.1.0/venues/stages/recycling/mixes/EEC_448_2/public_key/__pycache__/scan.cpython-311.pyc,cpython-311,42946,True,4,pylingual_decompilable,data/artifacts/pypi/recycling/1.1.0/recycling-1.1.0.tar.gz
decompyle3,exit_2,tool_exit,/root/PyBC-Sec/pybcSEC/data/rq2/envs/cpython-311/lib/python3.11/site-packages/click/core.py:1262: UserWarning: The parameter --version is used more than once. Remove its duplicate as parameters should be unique. parser = self.make_parser...,recycling-1.1.0.tar.gz,recycling,1.1.0,tar,recycling-1.1.0/venues/stages/recycling/mixes/EEC_448_2/public_key/__pycache__/scan.cpython-311.pyc,cpython-311,42946,True,4,pylingual_decompilable,data/artifacts/pypi/recycling/1.1.0/recycling-1.1.0.tar.gz
marshal,error,marshal_parse_failure,marshal_failed:,recycling-1.1.0.tar.gz,recycling,1.1.0,tar,recycling-1.1.0/venues/stages/recycling/mixes/EEC_448_2/public_key/__pycache__/write.cpython-310.pyc,cpython-310,3439,False,4,pylingual_decompilable,data/artifacts/pypi/recycling/1.1.0/recycling-1.1.0.tar.gz
decompyle3,exit_2,tool_exit,/root/PyBC-Sec/pybcSEC/data/rq2/envs/cpython-310/lib/python3.10/site-packages/click/core.py:1262: UserWarning: The parameter --version is used more than once. Remove its duplicate as parameters should be unique. parser = self.make_parser...,recycling-1.1.0.tar.gz,recycling,1.1.0,tar,recycling-1.1.0/venues/stages/recycling/mixes/EEC_448_2/public_key/__pycache__/write.cpython-310.pyc,cpython-310,3439,False,4,pylingual_decompilable,data/artifacts/pypi/recycling/1.1.0/recycling-1.1.0.tar.gz
marshal,error,marshal_parse_failure,marshal_failed:,recycling-1.1.0.tar.gz,recycling,1.1.0,tar,recycling-1.1.0/venues/stages/recycling/mixes/EEC_448_2/public_key/__pycache__/write.cpython-311.pyc,cpython-311,42946,False,4,pylingual_decompilable,data/artifacts/pypi/recycling/1.1.0/recycling-1.1.0.tar.gz
decompyle3,exit_2,tool_exit,/root/PyBC-Sec/pybcSEC/data/rq2/envs/cpython-311/lib/python3.11/site-packages/click/core.py:1262: UserWarning: The parameter --version is used more than once. Remove its duplicate as parameters should be unique. parser = self.make_parser...,recycling-1.1.0.tar.gz,recycling,1.1.0,tar,recycling-1.1.0/venues/stages/recycling/mixes/EEC_448_2/public_key/__pycache__/write.cpython-311.pyc,cpython-311,42946,False,4,pylingual_decompilable,data/artifacts/pypi/recycling/1.1.0/recycling-1.1.0.tar.gz
marshal,error,marshal_parse_failure,marshal_failed:,recycling-1.1.0.tar.gz,recycling,1.1.0,tar,recycling-1.1.0/venues/stages/recycling/mixes/EEC_448_2/rhythms/__pycache__/__init__.cpython-310.pyc,cpython-310,3439,True,4,pylingual_decompilable,data/artifacts/pypi/recycling/1.1.0/recycling-1.1.0.tar.gz
decompyle3,exit_2,tool_exit,/root/PyBC-Sec/pybcSEC/data/rq2/envs/cpython-310/lib/python3.10/site-packages/click/core.py:1262: UserWarning: The parameter --version is used more than once. Remove its duplicate as parameters should be unique. parser = self.make_parser...,recycling-1.1.0.tar.gz,recycling,1.1.0,tar,recycling-1.1.0/venues/stages/recycling/mixes/EEC_448_2/rhythms/__pycache__/__init__.cpython-310.pyc,cpython-310,3439,True,4,pylingual_decompilable,data/artifacts/pypi/recycling/1.1.0/recycling-1.1.0.tar.gz
marshal,error,marshal_parse_failure,marshal_failed:,recycling-1.1.0.tar.gz,recycling,1.1.0,tar,recycling-1.1.0/venues/stages/recycling/mixes/EEC_448_2/sign/__pycache__/__init__.cpython-311.pyc,cpython-311,42946,True,4,pylingual_decompilable,data/artifacts/pypi/recycling/1.1.0/recycling-1.1.0.tar.gz
decompyle3,exit_2,tool_exit,/root/PyBC-Sec/pybcSEC/data/rq2/envs/cpython-311/lib/python3.11/site-packages/click/core.py:1262: UserWarning: The parameter --version is used more than once. Remove its duplicate as parameters should be unique. parser = self.make_parser...,recycling-1.1.0.tar.gz,recycling,1.1.0,tar,recycling-1.1.0/venues/stages/recycling/mixes/EEC_448_2/sign/__pycache__/__init__.cpython-311.pyc,cpython-311,42946,True,4,pylingual_decompilable,data/artifacts/pypi/recycling/1.1.0/recycling-1.1.0.tar.gz
marshal,error,marshal_parse_failure,marshal_failed:,recycling-1.1.0.tar.gz,recycling,1.1.0,tar,recycling-1.1.0/venues/stages/recycling/mixes/EEC_448_2/verify/__pycache__/__init__.cpython-311.pyc,cpython-311,42946,True,4,pylingual_decompilable,data/artifacts/pypi/recycling/1.1.0/recycling-1.1.0.tar.gz
decompyle3,exit_2,tool_exit,/root/PyBC-Sec/pybcSEC/data/rq2/envs/cpython-311/lib/python3.11/site-packages/click/core.py:1262: UserWarning: The parameter --version is used more than once. Remove its duplicate as parameters should be unique. parser = self.make_parser...,recycling-1.1.0.tar.gz,recycling,1.1.0,tar,recycling-1.1.0/venues/stages/recycling/mixes/EEC_448_2/verify/__pycache__/__init__.cpython-311.pyc,cpython-311,42946,True,4,pylingual_decompilable,data/artifacts/pypi/recycling/1.1.0/recycling-1.1.0.tar.gz
marshal,error,marshal_parse_failure,marshal_failed:,recycling-1.1.0.tar.gz,recycling,1.1.0,tar,recycling-1.1.0/venues/stages/recycling/mixes/elliptic/SECP256K1/private_key/__pycache__/build.cpython-311.pyc,cpython-311,42946,True,4,pylingual_decompilable,data/artifacts/pypi/recycling/1.1.0/recycling-1.1.0.tar.gz
decompyle3,exit_2,tool_exit,/root/PyBC-Sec/pybcSEC/data/rq2/envs/cpython-311/lib/python3.11/site-packages/click/core.py:1262: UserWarning: The parameter --version is used more than once. Remove its duplicate as parameters should be unique. parser = self.make_parser...,recycling-1.1.0.tar.gz,recycling,1.1.0,tar,recycling-1.1.0/venues/stages/recycling/mixes/elliptic/SECP256K1/private_key/__pycache__/build.cpython-311.pyc,cpython-311,42946,True,4,pylingual_decompilable,data/artifacts/pypi/recycling/1.1.0/recycling-1.1.0.tar.gz
marshal,error,marshal_parse_failure,marshal_failed:,recycling-1.1.0.tar.gz,recycling,1.1.0,tar,recycling-1.1.0/venues/stages/recycling/mixes/proposals/keys/__pycache__/__init__.cpython-311.pyc,cpython-311,42946,False,4,pylingual_decompilable,data/artifacts/pypi/recycling/1.1.0/recycling-1.1.0.tar.gz
decompyle3,exit_2,tool_exit,/root/PyBC-Sec/pybcSEC/data/rq2/envs/cpython-311/lib/python3.11/site-packages/click/core.py:1262: UserWarning: The parameter --version is used more than once. Remove its duplicate as parameters should be unique. parser = self.make_parser...,recycling-1.1.0.tar.gz,recycling,1.1.0,tar,recycling-1.1.0/venues/stages/recycling/mixes/proposals/keys/__pycache__/__init__.cpython-311.pyc,cpython-311,42946,False,4,pylingual_decompilable,data/artifacts/pypi/recycling/1.1.0/recycling-1.1.0.tar.gz
marshal,error,marshal_parse_failure,marshal_failed:,recycling-1.1.0.tar.gz,recycling,1.1.0,tar,recycling-1.1.0/venues/stages/recycling/mixes/proposals/keys/__pycache__/form.cpython-311.pyc,cpython-311,42946,True,4,pylingual_decompilable,data/artifacts/pypi/recycling/1.1.0/recycling-1.1.0.tar.gz
decompyle3,exit_2,tool_exit,/root/PyBC-Sec/pybcSEC/data/rq2/envs/cpython-311/lib/python3.11/site-packages/click/core.py:1262: UserWarning: The parameter --version is used more than once. Remove its duplicate as parameters should be unique. parser = self.make_parser...,recycling-1.1.0.tar.gz,recycling,1.1.0,tar,recycling-1.1.0/venues/stages/recycling/mixes/proposals/keys/__pycache__/form.cpython-311.pyc,cpython-311,42946,True,4,pylingual_decompilable,data/artifacts/pypi/recycling/1.1.0/recycling-1.1.0.tar.gz
marshal,error,marshal_parse_failure,marshal_failed:,recycling-1.1.0.tar.gz,recycling,1.1.0,tar,recycling-1.1.0/venues/stages/recycling/stage/__pycache__/clique.cpython-310.pyc,cpython-310,3439,False,4,pylingual_decompilable,data/artifacts/pypi/recycling/1.1.0/recycling-1.1.0.tar.gz
decompyle3,exit_2,tool_exit,/root/PyBC-Sec/pybcSEC/data/rq2/envs/cpython-310/lib/python3.10/site-packages/click/core.py:1262: UserWarning: The parameter --version is used more than once. Remove its duplicate as parameters should be unique. parser = self.make_parser...,recycling-1.1.0.tar.gz,recycling,1.1.0,tar,recycling-1.1.0/venues/stages/recycling/stage/__pycache__/clique.cpython-310.pyc,cpython-310,3439,False,4,pylingual_decompilable,data/artifacts/pypi/recycling/1.1.0/recycling-1.1.0.tar.gz
marshal,error,marshal_parse_failure,marshal_failed:,recycling-1.1.0.tar.gz,recycling,1.1.0,tar,recycling-1.1.0/venues/stages/recycling/stage/__pycache__/clique.cpython-311.pyc,cpython-311,42946,False,4,pylingual_decompilable,data/artifacts/pypi/recycling/1.1.0/recycling-1.1.0.tar.gz
decompyle3,exit_2,tool_exit,/root/PyBC-Sec/pybcSEC/data/rq2/envs/cpython-311/lib/python3.11/site-packages/click/core.py:1262: UserWarning: The parameter --version is used more than once. Remove its duplicate as parameters should be unique. parser = self.make_parser...,recycling-1.1.0.tar.gz,recycling,1.1.0,tar,recycling-1.1.0/venues/stages/recycling/stage/__pycache__/clique.cpython-311.pyc,cpython-311,42946,False,4,pylingual_decompilable,data/artifacts/pypi/recycling/1.1.0/recycling-1.1.0.tar.gz
marshal,error,marshal_parse_failure,marshal_failed:,recycling-1.1.0.tar.gz,recycling,1.1.0,tar,recycling-1.1.0/venues/stages/recycling/stage/layer/__pycache__/__init__.cpython-311.pyc,cpython-311,42946,True,4,pylingual_decompilable,data/artifacts/pypi/recycling/1.1.0/recycling-1.1.0.tar.gz
decompyle3,exit_2,tool_exit,/root/PyBC-Sec/pybcSEC/data/rq2/envs/cpython-311/lib/python3.11/site-packages/click/core.py:1262: UserWarning: The parameter --version is used more than once. Remove its duplicate as parameters should be unique. parser = self.make_parser...,recycling-1.1.0.tar.gz,recycling,1.1.0,tar,recycling-1.1.0/venues/stages/recycling/stage/layer/__pycache__/__init__.cpython-311.pyc,cpython-311,42946,True,4,pylingual_decompilable,data/artifacts/pypi/recycling/1.1.0/recycling-1.1.0.tar.gz
marshal,error,marshal_parse_failure,marshal_failed:,recycling-1.1.0.tar.gz,recycling,1.1.0,tar,recycling-1.1.0/venues/stages/recycling/stage/layer/__pycache__/start_dev.cpython-311.pyc,cpython-311,42946,True,4,pylingual_decompilable,data/artifacts/pypi/recycling/1.1.0/recycling-1.1.0.tar.gz
decompyle3,exit_2,tool_exit,/root/PyBC-Sec/pybcSEC/data/rq2/envs/cpython-311/lib/python3.11/site-packages/click/core.py:1262: UserWarning: The parameter --version is used more than once. Remove its duplicate as parameters should be unique. parser = self.make_parser...,recycling-1.1.0.tar.gz,recycling,1.1.0,tar,recycling-1.1.0/venues/stages/recycling/stage/layer/__pycache__/start_dev.cpython-311.pyc,cpython-311,42946,True,4,pylingual_decompilable,data/artifacts/pypi/recycling/1.1.0/recycling-1.1.0.tar.gz
marshal,error,marshal_parse_failure,marshal_failed:,recycling-1.1.0.tar.gz,recycling,1.1.0,tar,recycling-1.1.0/venues/stages/recycling/stage/layer/routes/__pycache__/card_generator.cpython-310.pyc,cpython-310,3439,False,4,pylingual_decompilable,data/artifacts/pypi/recycling/1.1.0/recycling-1.1.0.tar.gz
decompyle3,exit_2,tool_exit,/root/PyBC-Sec/pybcSEC/data/rq2/envs/cpython-310/lib/python3.10/site-packages/click/core.py:1262: UserWarning: The parameter --version is used more than once. Remove its duplicate as parameters should be unique. parser = self.make_parser...,recycling-1.1.0.tar.gz,recycling,1.1.0,tar,recycling-1.1.0/venues/stages/recycling/stage/layer/routes/__pycache__/card_generator.cpython-310.pyc,cpython-310,3439,False,4,pylingual_decompilable,data/artifacts/pypi/recycling/1.1.0/recycling-1.1.0.tar.gz
marshal,error,marshal_parse_failure,marshal_failed:,recycling-1.1.0.tar.gz,recycling,1.1.0,tar,recycling-1.1.0/venues/stages/recycling/stage/layer/routes/__pycache__/seed_generator.cpython-310.pyc,cpython-310,3439,False,4,pylingual_decompilable,data/artifacts/pypi/recycling/1.1.0/recycling-1.1.0.tar.gz
decompyle3,exit_2,tool_exit,/root/PyBC-Sec/pybcSEC/data/rq2/envs/cpython-310/lib/python3.10/site-packages/click/core.py:1262: UserWarning: The parameter --version is used more than once. Remove its duplicate as parameters should be unique. parser = self.make_parser...,recycling-1.1.0.tar.gz,recycling,1.1.0,tar,recycling-1.1.0/venues/stages/recycling/stage/layer/routes/__pycache__/seed_generator.cpython-310.pyc,cpython-310,3439,False,4,pylingual_decompilable,data/artifacts/pypi/recycling/1.1.0/recycling-1.1.0.tar.gz
marshal,error,marshal_parse_failure,marshal_failed:,recycling-1.1.0.tar.gz,recycling,1.1.0,tar,recycling-1.1.0/venues/stages/recycling/stage/layer/routes/home/__pycache__/get.cpython-311.pyc,cpython-311,42946,True,4,pylingual_decompilable,data/artifacts/pypi/recycling/1.1.0/recycling-1.1.0.tar.gz
decompyle3,exit_2,tool_exit,/root/PyBC-Sec/pybcSEC/data/rq2/envs/cpython-311/lib/python3.11/site-packages/click/core.py:1262: UserWarning: The parameter --version is used more than once. Remove its duplicate as parameters should be unique. parser = self.make_parser...,recycling-1.1.0.tar.gz,recycling,1.1.0,tar,recycling-1.1.0/venues/stages/recycling/stage/layer/routes/home/__pycache__/get.cpython-311.pyc,cpython-311,42946,True,4,pylingual_decompilable,data/artifacts/pypi/recycling/1.1.0/recycling-1.1.0.tar.gz
marshal,error,marshal_parse_failure,marshal_failed:,recycling-1.1.0.tar.gz,recycling,1.1.0,tar,recycling-1.1.0/venues/stages/recycling/stage/layer/routes/vibes/__pycache__/make_ECC_448_2.cpython-310.pyc,cpython-310,3439,True,4,pylingual_decompilable,data/artifacts/pypi/recycling/1.1.0/recycling-1.1.0.tar.gz
decompyle3,exit_2,tool_exit,/root/PyBC-Sec/pybcSEC/data/rq2/envs/cpython-310/lib/python3.10/site-packages/click/core.py:1262: UserWarning: The parameter --version is used more than once. Remove its duplicate as parameters should be unique. parser = self.make_parser...,recycling-1.1.0.tar.gz,recycling,1.1.0,tar,recycling-1.1.0/venues/stages/recycling/stage/layer/routes/vibes/__pycache__/make_ECC_448_2.cpython-310.pyc,cpython-310,3439,True,4,pylingual_decompilable,data/artifacts/pypi/recycling/1.1.0/recycling-1.1.0.tar.gz
marshal,error,marshal_parse_failure,marshal_failed:,recycling-1.1.0.tar.gz,recycling,1.1.0,tar,recycling-1.1.0/venues/stages/recycling/stage/moves/__pycache__/__init__.cpython-311.pyc,cpython-311,42946,True,4,pylingual_decompilable,data/artifacts/pypi/recycling/1.1.0/recycling-1.1.0.tar.gz
decompyle3,exit_2,tool_exit,/root/PyBC-Sec/pybcSEC/data/rq2/envs/cpython-311/lib/python3.11/site-packages/click/core.py:1262: UserWarning: The parameter --version is used more than once. Remove its duplicate as parameters should be unique. parser = self.make_parser...,recycling-1.1.0.tar.gz,recycling,1.1.0,tar,recycling-1.1.0/venues/stages/recycling/stage/moves/__pycache__/__init__.cpython-311.pyc,cpython-311,42946,True,4,pylingual_decompilable,data/artifacts/pypi/recycling/1.1.0/recycling-1.1.0.tar.gz
marshal,error,marshal_parse_failure,marshal_failed:,recycling-1.1.0.tar.gz,recycling,1.1.0,tar,recycling-1.1.0/venues/stages/recycling/stage/moves/__pycache__/create_wallet.cpython-311.pyc,cpython-311,42946,False,4,pylingual_decompilable,data/artifacts/pypi/recycling/1.1.0/recycling-1.1.0.tar.gz
decompyle3,exit_2,tool_exit,/root/PyBC-Sec/pybcSEC/data/rq2/envs/cpython-311/lib/python3.11/site-packages/click/core.py:1262: UserWarning: The parameter --version is used more than once. Remove its duplicate as parameters should be unique. parser = self.make_parser...,recycling-1.1.0.tar.gz,recycling,1.1.0,tar,recycling-1.1.0/venues/stages/recycling/stage/moves/__pycache__/create_wallet.cpython-311.pyc,cpython-311,42946,False,4,pylingual_decompilable,data/artifacts/pypi/recycling/1.1.0/recycling-1.1.0.tar.gz
marshal,error,marshal_parse_failure,marshal_failed:,recycling-1.1.0.tar.gz,recycling,1.1.0,tar,recycling-1.1.0/venues/stages/recycling/stage/moves/__pycache__/form_proposal_keys.cpython-311.pyc,cpython-311,42946,False,4,pylingual_decompilable,data/artifacts/pypi/recycling/1.1.0/recycling-1.1.0.tar.gz
decompyle3,exit_2,tool_exit,/root/PyBC-Sec/pybcSEC/data/rq2/envs/cpython-311/lib/python3.11/site-packages/click/core.py:1262: UserWarning: The parameter --version is used more than once. Remove its duplicate as parameters should be unique. parser = self.make_parser...,recycling-1.1.0.tar.gz,recycling,1.1.0,tar,recycling-1.1.0/venues/stages/recycling/stage/moves/__pycache__/form_proposal_keys.cpython-311.pyc,cpython-311,42946,False,4,pylingual_decompilable,data/artifacts/pypi/recycling/1.1.0/recycling-1.1.0.tar.gz
marshal,error,marshal_parse_failure,marshal_failed:,recycling-1.1.0.tar.gz,recycling,1.1.0,tar,recycling-1.1.0/venues/stages/recycling/stage/moves/names/scene_1/__pycache__/produce.cpython-310.pyc,cpython-310,3439,False,4,pylingual_decompilable,data/artifacts/pypi/recycling/1.1.0/recycling-1.1.0.tar.gz
decompyle3,exit_2,tool_exit,/root/PyBC-Sec/pybcSEC/data/rq2/envs/cpython-310/lib/python3.10/site-packages/click/core.py:1262: UserWarning: The parameter --version is used more than once. Remove its duplicate as parameters should be unique. parser = self.make_parser...,recycling-1.1.0.tar.gz,recycling,1.1.0,tar,recycling-1.1.0/venues/stages/recycling/stage/moves/names/scene_1/__pycache__/produce.cpython-310.pyc,cpython-310,3439,False,4,pylingual_decompilable,data/artifacts/pypi/recycling/1.1.0/recycling-1.1.0.tar.gz
decompyle3,exit_2,tool_exit,"Traceback (most recent call last): File ""/root/PyBC-Sec/pybcSEC/data/rq2/envs/cpython-38/lib/python3.8/site-packages/xdis/load.py"", line 328, in load_module_from_file_object co = marshal.loads(bytecode) ValueError: bad marshal data (unkn...",restless_dj_utils-0.2b5-py3-none-any.whl,restless-dj-utils,0.2b5,wheel,restless_dj_utils/tests/__pycache__/conftest.cpython-38-pytest-6.0.1.pyc,cpython-38,3413,True,4,pylingual_decompilable,data/artifacts/pypi/restless-dj-utils/0.2b5/restless_dj_utils-0.2b5-py3-none-any.whl
decompyle3,exit_2,tool_exit,"Traceback (most recent call last): File ""/root/PyBC-Sec/pybcSEC/data/rq2/envs/cpython-38/lib/python3.8/site-packages/xdis/load.py"", line 328, in load_module_from_file_object co = marshal.loads(bytecode) ValueError: bad marshal data (unkn...",restless_dj_utils-0.2b5-py3-none-any.whl,restless-dj-utils,0.2b5,wheel,restless_dj_utils/tests/resources/__pycache__/test_auth_resource.cpython-38-pytest-6.0.1.pyc,cpython-38,3413,True,4,pylingual_decompilable,data/artifacts/pypi/restless-dj-utils/0.2b5/restless_dj_utils-0.2b5-py3-none-any.whl
decompyle3,exit_2,tool_exit,"Traceback (most recent call last): File ""/root/PyBC-Sec/pybcSEC/data/rq2/envs/cpython-38/lib/python3.8/site-packages/xdis/load.py"", line 328, in load_module_from_file_object co = marshal.loads(bytecode) ValueError: bad marshal data (unkn...",restless_dj_utils-0.2b5-py3-none-any.whl,restless-dj-utils,0.2b5,wheel,restless_dj_utils/tests/rest_sessions/__pycache__/test_authenticate_token.cpython-38-pytest-6.0.1.pyc,cpython-38,3413,True,4,pylingual_decompilable,data/artifacts/pypi/restless-dj-utils/0.2b5/restless_dj_utils-0.2b5-py3-none-any.whl
decompyle3,exit_2,tool_exit,"Traceback (most recent call last): File ""/root/PyBC-Sec/pybcSEC/data/rq2/envs/cpython-38/lib/python3.8/site-packages/xdis/load.py"", line 328, in load_module_from_file_object co = marshal.loads(bytecode) ValueError: bad marshal data (unkn...",restless_dj_utils-0.2b5-py3-none-any.whl,restless-dj-utils,0.2b5,wheel,restless_dj_utils/tests/rest_sessions/__pycache__/test_authenticate_user.cpython-38-pytest-6.0.1.pyc,cpython-38,3413,True,4,pylingual_decompilable,data/artifacts/pypi/restless-dj-utils/0.2b5/restless_dj_utils-0.2b5-py3-none-any.whl
decompyle3,exit_2,tool_exit,"Traceback (most recent call last): File ""/root/PyBC-Sec/pybcSEC/data/rq2/envs/cpython-38/lib/python3.8/site-packages/xdis/load.py"", line 328, in load_module_from_file_object co = marshal.loads(bytecode) ValueError: bad marshal data (unkn...",restless_dj_utils-0.2b5-py3-none-any.whl,restless-dj-utils,0.2b5,wheel,restless_dj_utils/tests/rest_sessions/__pycache__/test_backends.cpython-38-pytest-6.0.1.pyc,cpython-38,3413,True,4,pylingual_decompilable,data/artifacts/pypi/restless-dj-utils/0.2b5/restless_dj_utils-0.2b5-py3-none-any.whl
decompyle3,exit_2,tool_exit,"Traceback (most recent call last): File ""/root/PyBC-Sec/pybcSEC/data/rq2/envs/cpython-38/lib/python3.8/site-packages/xdis/load.py"", line 328, in load_module_from_file_object co = marshal.loads(bytecode) ValueError: bad marshal data (unkn...",restless_dj_utils-0.2b5-py3-none-any.whl,restless-dj-utils,0.2b5,wheel,restless_dj_utils/tests/rest_sessions/__pycache__/test_cleanup_task.cpython-38-pytest-6.0.1.pyc,cpython-38,3413,True,4,pylingual_decompilable,data/artifacts/pypi/restless-dj-utils/0.2b5/restless_dj_utils-0.2b5-py3-none-any.whl
decompyle3,exit_2,tool_exit,"Traceback (most recent call last): File ""/root/PyBC-Sec/pybcSEC/data/rq2/envs/cpython-38/lib/python3.8/site-packages/xdis/load.py"", line 328, in load_module_from_file_object co = marshal.loads(bytecode) ValueError: bad marshal data (unkn...",restless_dj_utils-0.2b5-py3-none-any.whl,restless-dj-utils,0.2b5,wheel,restless_dj_utils/tests/rest_sessions/__pycache__/test_logout_user.cpython-38-pytest-6.0.1.pyc,cpython-38,3413,True,4,pylingual_decompilable,data/artifacts/pypi/restless-dj-utils/0.2b5/restless_dj_utils-0.2b5-py3-none-any.whl
decompyle3,exit_2,tool_exit,"Traceback (most recent call last): File ""/root/PyBC-Sec/pybcSEC/data/rq2/envs/cpython-38/lib/python3.8/site-packages/xdis/load.py"", line 328, in load_module_from_file_object co = marshal.loads(bytecode) ValueError: bad marshal data (unkn...",restless_dj_utils-0.2b5-py3-none-any.whl,restless-dj-utils,0.2b5,wheel,restless_dj_utils/tests/utils/__pycache__/test_is_true.cpython-38-pytest-6.0.1.pyc,cpython-38,3413,True,4,pylingual_decompilable,data/artifacts/pypi/restless-dj-utils/0.2b5/restless_dj_utils-0.2b5-py3-none-any.whl
decompyle3,exit_2,tool_exit,"Traceback (most recent call last): File ""/root/PyBC-Sec/pybcSEC/data/rq2/envs/cpython-38/lib/python3.8/site-packages/xdis/load.py"", line 328, in load_module_from_file_object co = marshal.loads(bytecode) ValueError: bad marshal data (unkn...",restless_dj_utils-0.2b5.tar.gz,restless-dj-utils,0.2b5,tar,restless_dj_utils-0.2b5/restless_dj_utils/tests/__pycache__/conftest.cpython-38-pytest-6.0.1.pyc,cpython-38,3413,True,4,pylingual_decompilable,data/artifacts/pypi/restless-dj-utils/0.2b5/restless_dj_utils-0.2b5.tar.gz
decompyle3,exit_2,tool_exit,"Traceback (most recent call last): File ""/root/PyBC-Sec/pybcSEC/data/rq2/envs/cpython-38/lib/python3.8/site-packages/xdis/load.py"", line 328, in load_module_from_file_object co = marshal.loads(bytecode) ValueError: bad marshal data (unkn...",restless_dj_utils-0.2b5.tar.gz,restless-dj-utils,0.2b5,tar,restless_dj_utils-0.2b5/restless_dj_utils/tests/resources/__pycache__/test_auth_resource.cpython-38-pytest-6.0.1.pyc,cpython-38,3413,True,4,pylingual_decompilable,data/artifacts/pypi/restless-dj-utils/0.2b5/restless_dj_utils-0.2b5.tar.gz
decompyle3,exit_2,tool_exit,"Traceback (most recent call last): File ""/root/PyBC-Sec/pybcSEC/data/rq2/envs/cpython-38/lib/python3.8/site-packages/xdis/load.py"", line 328, in load_module_from_file_object co = marshal.loads(bytecode) ValueError: bad marshal data (unkn...",restless_dj_utils-0.2b5.tar.gz,restless-dj-utils,0.2b5,tar,restless_dj_utils-0.2b5/restless_dj_utils/tests/rest_sessions/__pycache__/test_authenticate_token.cpython-38-pytest-6.0.1.pyc,cpython-38,3413,True,4,pylingual_decompilable,data/artifacts/pypi/restless-dj-utils/0.2b5/restless_dj_utils-0.2b5.tar.gz
decompyle3,exit_2,tool_exit,"Traceback (most recent call last): File ""/root/PyBC-Sec/pybcSEC/data/rq2/envs/cpython-38/lib/python3.8/site-packages/xdis/load.py"", line 328, in load_module_from_file_object co = marshal.loads(bytecode) ValueError: bad marshal data (unkn...",restless_dj_utils-0.2b5.tar.gz,restless-dj-utils,0.2b5,tar,restless_dj_utils-0.2b5/restless_dj_utils/tests/rest_sessions/__pycache__/test_authenticate_user.cpython-38-pytest-6.0.1.pyc,cpython-38,3413,True,4,pylingual_decompilable,data/artifacts/pypi/restless-dj-utils/0.2b5/restless_dj_utils-0.2b5.tar.gz
decompyle3,exit_2,tool_exit,"Traceback (most recent call last): File ""/root/PyBC-Sec/pybcSEC/data/rq2/envs/cpython-38/lib/python3.8/site-packages/xdis/load.py"", line 328, in load_module_from_file_object co = marshal.loads(bytecode) ValueError: bad marshal data (unkn...",restless_dj_utils-0.2b5.tar.gz,restless-dj-utils,0.2b5,tar,restless_dj_utils-0.2b5/restless_dj_utils/tests/rest_sessions/__pycache__/test_backends.cpython-38-pytest-6.0.1.pyc,cpython-38,3413,True,4,pylingual_decompilable,data/artifacts/pypi/restless-dj-utils/0.2b5/restless_dj_utils-0.2b5.tar.gz
decompyle3,exit_2,tool_exit,"Traceback (most recent call last): File ""/root/PyBC-Sec/pybcSEC/data/rq2/envs/cpython-38/lib/python3.8/site-packages/xdis/load.py"", line 328, in load_module_from_file_object co = marshal.loads(bytecode) ValueError: bad marshal data (unkn...",restless_dj_utils-0.2b5.tar.gz,restless-dj-utils,0.2b5,tar,restless_dj_utils-0.2b5/restless_dj_utils/tests/rest_sessions/__pycache__/test_cleanup_task.cpython-38-pytest-6.0.1.pyc,cpython-38,3413,True,4,pylingual_decompilable,data/artifacts/pypi/restless-dj-utils/0.2b5/restless_dj_utils-0.2b5.tar.gz
decompyle3,exit_2,tool_exit,"Traceback (most recent call last): File ""/root/PyBC-Sec/pybcSEC/data/rq2/envs/cpython-38/lib/python3.8/site-packages/xdis/load.py"", line 328, in load_module_from_file_object co = marshal.loads(bytecode) ValueError: bad marshal data (unkn...",restless_dj_utils-0.2b5.tar.gz,restless-dj-utils,0.2b5,tar,restless_dj_utils-0.2b5/restless_dj_utils/tests/rest_sessions/__pycache__/test_logout_user.cpython-38-pytest-6.0.1.pyc,cpython-38,3413,True,4,pylingual_decompilable,data/artifacts/pypi/restless-dj-utils/0.2b5/restless_dj_utils-0.2b5.tar.gz
decompyle3,exit_2,tool_exit,"Traceback (most recent call last): File ""/root/PyBC-Sec/pybcSEC/data/rq2/envs/cpython-38/lib/python3.8/site-packages/xdis/load.py"", line 328, in load_module_from_file_object co = marshal.loads(bytecode) ValueError: bad marshal data (unkn...",restless_dj_utils-0.2b5.tar.gz,restless-dj-utils,0.2b5,tar,restless_dj_utils-0.2b5/restless_dj_utils/tests/utils/__pycache__/test_is_true.cpython-38-pytest-6.0.1.pyc,cpython-38,3413,True,4,pylingual_decompilable,data/artifacts/pypi/restless-dj-utils/0.2b5/restless_dj_utils-0.2b5.tar.gz
decompyle3,timeout,timeout,timeout_after_600s,rascore-1.0.7.tar.gz,rascore,1.0.7,tar,rascore-1.0.7/src/rascore/util/scripts/__pycache__/write_pymol_script.cpython-38.pyc,cpython-38,3413,True,4,pylingual_decompilable,data/artifacts/pypi/rascore/1.0.7/rascore-1.0.7.tar.gz
decompyle3,exit_2,tool_exit,"Traceback (most recent call last): File ""/root/PyBC-Sec/pybcSEC/data/rq2/envs/cpython-38/lib/python3.8/site-packages/xdis/load.py"", line 328, in load_module_from_file_object co = marshal.loads(bytecode) ValueError: bad marshal data (unkn...",ROSSpy-0.1.7.tar.gz,rosspy,0.1.7,tar,ROSSpy-0.1.7/rosspy/test/__pycache__/test_core.cpython-38-pytest-6.0.1.pyc,cpython-38,3413,False,4,pylingual_decompilable,data/artifacts/pypi/rosspy/0.1.7/ROSSpy-0.1.7.tar.gz
decompyle3,exit_2,tool_exit,"Traceback (most recent call last): File ""/root/PyBC-Sec/pybcSEC/data/rq2/envs/cpython-38/lib/python3.8/site-packages/xdis/load.py"", line 328, in load_module_from_file_object co = marshal.loads(bytecode) ValueError: bad marshal data (unkn...",ROSSpy-0.1.7.tar.gz,rosspy,0.1.7,tar,ROSSpy-0.1.7/rosspy/test/__pycache__/test_ro.cpython-38-pytest-6.0.1.pyc,cpython-38,3413,True,4,pylingual_decompilable,data/artifacts/pypi/rosspy/0.1.7/ROSSpy-0.1.7.tar.gz
decompyle3,timeout,timeout,timeout_after_600s,QuanGuru-0.0.1rc19.tar.gz,quanguru,0.0.1rc19,tar,QuanGuru-0.0.1rc19/tests/classes/QuantumSystem/__pycache__/test_addRemoveSubSysToQuantumSystem.cpython-38-pytest-7.0.1.pyc,cpython-38,3413,True,4,pylingual_decompilable,data/artifacts/pypi/quanguru/0.0.1rc19/QuanGuru-0.0.1rc19.tar.gz
decompyle3,timeout,timeout,timeout_after_600s,QuanGuru-0.0.1rc19.tar.gz,quanguru,0.0.1rc19,tar,QuanGuru-0.0.1rc19/tests/classes/QuantumSystem/__pycache__/test_addRemoveSubSysToQuantumSystem.cpython-38-pytest-7.1.2.pyc,cpython-38,3413,True,4,pylingual_decompilable,data/artifacts/pypi/quanguru/0.0.1rc19/QuanGuru-0.0.1rc19.tar.gz
decompyle3,exit_2,tool_exit,"Traceback (most recent call last): File ""/root/PyBC-Sec/pybcSEC/data/rq2/envs/cpython-38/lib/python3.8/site-packages/xdis/load.py"", line 328, in load_module_from_file_object co = marshal.loads(bytecode) ValueError: bad marshal data (unkn...",rrlfe-1.0.tar.gz,rrlfe,1.0,tar,rrlfe-1.0/rrlfe/tests/__pycache__/test_compile_normalization.cpython-38-pytest-5.4.3.pyc,cpython-38,3413,True,4,pylingual_decompilable,data/artifacts/pypi/rrlfe/1.0/rrlfe-1.0.tar.gz
dis,error,disassembly_failure,dis_failed:IndexError:tuple index out of range,rtx_deep-1.3.9-py310-none-any.whl,rtx-deep,1.3.9,wheel,rtx_deep/__init__.pyc,cpython-310,3439,False,4,pylingual_decompilable,data/artifacts/pypi/rtx-deep/1.3.9/rtx_deep-1.3.9-py310-none-any.whl
dis,error,disassembly_failure,dis_failed:IndexError:tuple index out of range,rtx_deep-1.3.9-py310-none-any.whl,rtx-deep,1.3.9,wheel,rtx_deep/deploy_lib/__init__.pyc,cpython-310,3439,False,4,pylingual_decompilable,data/artifacts/pypi/rtx-deep/1.3.9/rtx_deep-1.3.9-py310-none-any.whl
dis,error,disassembly_failure,dis_failed:IndexError:tuple index out of range,rtx_deep-1.3.9-py310-none-any.whl,rtx-deep,1.3.9,wheel,rtx_deep/deploy_lib/convert_trt.pyc,cpython-310,3439,False,4,pylingual_decompilable,data/artifacts/pypi/rtx-deep/1.3.9/rtx_deep-1.3.9-py310-none-any.whl
dis,error,disassembly_failure,dis_failed:IndexError:tuple index out of range,rtx_deep-1.3.9-py310-none-any.whl,rtx-deep,1.3.9,wheel,rtx_deep/deploy_lib/converter_registry.pyc,cpython-310,3439,False,4,pylingual_decompilable,data/artifacts/pypi/rtx-deep/1.3.9/rtx_deep-1.3.9-py310-none-any.whl
dis,error,disassembly_failure,dis_failed:IndexError:tuple index out of range,rtx_deep-1.3.9-py310-none-any.whl,rtx-deep,1.3.9,wheel,rtx_deep/deploy_lib/converter_utils.pyc,cpython-310,3439,False,4,pylingual_decompilable,data/artifacts/pypi/rtx-deep/1.3.9/rtx_deep-1.3.9-py310-none-any.whl
dis,error,disassembly_failure,dis_failed:IndexError:tuple index out of range,rtx_deep-1.3.9-py310-none-any.whl,rtx-deep,1.3.9,wheel,rtx_deep/deploy_lib/converters/__init__.pyc,cpython-310,3439,False,4,pylingual_decompilable,data/artifacts/pypi/rtx-deep/1.3.9/rtx_deep-1.3.9-py310-none-any.whl
dis,error,disassembly_failure,dis_failed:IndexError:tuple index out of range,rtx_deep-1.3.9-py310-none-any.whl,rtx-deep,1.3.9,wheel,rtx_deep/deploy_lib/converters/activation.pyc,cpython-310,3439,False,4,pylingual_decompilable,data/artifacts/pypi/rtx-deep/1.3.9/rtx_deep-1.3.9-py310-none-any.whl
dis,error,disassembly_failure,dis_failed:IndexError:tuple index out of range,rtx_deep-1.3.9-py310-none-any.whl,rtx-deep,1.3.9,wheel,rtx_deep/deploy_lib/converters/adaptive_pool.pyc,cpython-310,3439,False,4,pylingual_decompilable,data/artifacts/pypi/rtx-deep/1.3.9/rtx_deep-1.3.9-py310-none-any.whl
dis,error,disassembly_failure,dis_failed:IndexError:tuple index out of range,rtx_deep-1.3.9-py310-none-any.whl,rtx-deep,1.3.9,wheel,rtx_deep/deploy_lib/converters/convolution.pyc,cpython-310,3439,False,4,pylingual_decompilable,data/artifacts/pypi/rtx-deep/1.3.9/rtx_deep-1.3.9-py310-none-any.whl
dis,error,disassembly_failure,dis_failed:IndexError:tuple index out of range,rtx_deep-1.3.9-py310-none-any.whl,rtx-deep,1.3.9,wheel,rtx_deep/deploy_lib/converters/deconvolution.pyc,cpython-310,3439,False,4,pylingual_decompilable,data/artifacts/pypi/rtx-deep/1.3.9/rtx_deep-1.3.9-py310-none-any.whl
dis,error,disassembly_failure,dis_failed:IndexError:tuple index out of range,rtx_deep-1.3.9-py310-none-any.whl,rtx-deep,1.3.9,wheel,rtx_deep/deploy_lib/converters/fusion_op.pyc,cpython-310,3439,False,4,pylingual_decompilable,data/artifacts/pypi/rtx-deep/1.3.9/rtx_deep-1.3.9-py310-none-any.whl
dis,error,disassembly_failure,dis_failed:IndexError:tuple index out of range,rtx_deep-1.3.9-py310-none-any.whl,rtx-deep,1.3.9,wheel,rtx_deep/deploy_lib/converters/identity.pyc,cpython-310,3439,False,4,pylingual_decompilable,data/artifacts/pypi/rtx-deep/1.3.9/rtx_deep-1.3.9-py310-none-any.whl
dis,error,disassembly_failure,dis_failed:IndexError:tuple index out of range,rtx_deep-1.3.9-py310-none-any.whl,rtx-deep,1.3.9,wheel,rtx_deep/deploy_lib/converters/interpolate.pyc,cpython-310,3439,False,4,pylingual_decompilable,data/artifacts/pypi/rtx-deep/1.3.9/rtx_deep-1.3.9-py310-none-any.whl
dis,error,disassembly_failure,dis_failed:IndexError:tuple index out of range,rtx_deep-1.3.9-py310-none-any.whl,rtx-deep,1.3.9,wheel,rtx_deep/deploy_lib/converters/normalization.pyc,cpython-310,3439,False,4,pylingual_decompilable,data/artifacts/pypi/rtx-deep/1.3.9/rtx_deep-1.3.9-py310-none-any.whl
dis,error,disassembly_failure,dis_failed:IndexError:tuple index out of range,rtx_deep-1.3.9-py310-none-any.whl,rtx-deep,1.3.9,wheel,rtx_deep/deploy_lib/converters/pool.pyc,cpython-310,3439,False,4,pylingual_decompilable,data/artifacts/pypi/rtx-deep/1.3.9/rtx_deep-1.3.9-py310-none-any.whl
dis,error,disassembly_failure,dis_failed:IndexError:tuple index out of range,rtx_deep-1.3.9-py310-none-any.whl,rtx-deep,1.3.9,wheel,rtx_deep/deploy_lib/converters/quantization.pyc,cpython-310,3439,False,4,pylingual_decompilable,data/artifacts/pypi/rtx-deep/1.3.9/rtx_deep-1.3.9-py310-none-any.whl
dis,error,disassembly_failure,dis_failed:IndexError:tuple index out of range,rtx_deep-1.3.9-py310-none-any.whl,rtx-deep,1.3.9,wheel,rtx_deep/deploy_lib/tools/__init__.pyc,cpython-310,3439,False,4,pylingual_decompilable,data/artifacts/pypi/rtx-deep/1.3.9/rtx_deep-1.3.9-py310-none-any.whl
dis,error,disassembly_failure,dis_failed:IndexError:tuple index out of range,rtx_deep-1.3.9-py310-none-any.whl,rtx-deep,1.3.9,wheel,rtx_deep/deploy_lib/tools/trt_module.pyc,cpython-310,3439,False,4,pylingual_decompilable,data/artifacts/pypi/rtx-deep/1.3.9/rtx_deep-1.3.9-py310-none-any.whl
dis,error,disassembly_failure,dis_failed:IndexError:tuple index out of range,rtx_deep-1.3.9-py310-none-any.whl,rtx-deep,1.3.9,wheel,rtx_deep/deploy_lib/tools/types.pyc,cpython-310,3439,False,4,pylingual_decompilable,data/artifacts/pypi/rtx-deep/1.3.9/rtx_deep-1.3.9-py310-none-any.whl
dis,error,disassembly_failure,dis_failed:IndexError:tuple index out of range,rtx_deep-1.3.9-py310-none-any.whl,rtx-deep,1.3.9,wheel,rtx_deep/deploy_lib/tools/utils.pyc,cpython-310,3439,False,4,pylingual_decompilable,data/artifacts/pypi/rtx-deep/1.3.9/rtx_deep-1.3.9-py310-none-any.whl
dis,error,disassembly_failure,dis_failed:IndexError:tuple index out of range,rtx_deep-1.3.9-py310-none-any.whl,rtx-deep,1.3.9,wheel,rtx_deep/deploy_lib/tools/vis_trt.pyc,cpython-310,3439,False,4,pylingual_decompilable,data/artifacts/pypi/rtx-deep/1.3.9/rtx_deep-1.3.9-py310-none-any.whl
dis,error,disassembly_failure,dis_failed:IndexError:tuple index out of range,rtx_deep-1.3.9-py310-none-any.whl,rtx-deep,1.3.9,wheel,rtx_deep/graph_tracer/__init__.pyc,cpython-310,3439,False,4,pylingual_decompilable,data/artifacts/pypi/rtx-deep/1.3.9/rtx_deep-1.3.9-py310-none-any.whl
dis,error,disassembly_failure,dis_failed:IndexError:tuple index out of range,rtx_deep-1.3.9-py310-none-any.whl,rtx-deep,1.3.9,wheel,rtx_deep/graph_tracer/ad_trace.pyc,cpython-310,3439,False,4,pylingual_decompilable,data/artifacts/pypi/rtx-deep/1.3.9/rtx_deep-1.3.9-py310-none-any.whl
dis,error,disassembly_failure,dis_failed:IndexError:tuple index out of range,rtx_deep-1.3.9-py310-none-any.whl,rtx-deep,1.3.9,wheel,rtx_deep/graph_tracer/ai_modules.pyc,cpython-310,3439,False,4,pylingual_decompilable,data/artifacts/pypi/rtx-deep/1.3.9/rtx_deep-1.3.9-py310-none-any.whl
dis,error,disassembly_failure,dis_failed:IndexError:tuple index out of range,rtx_deep-1.3.9-py310-none-any.whl,rtx-deep,1.3.9,wheel,rtx_deep/graph_tracer/graph_utils.pyc,cpython-310,3439,False,4,pylingual_decompilable,data/artifacts/pypi/rtx-deep/1.3.9/rtx_deep-1.3.9-py310-none-any.whl
dis,error,disassembly_failure,dis_failed:IndexError:tuple index out of range,rtx_deep-1.3.9-py310-none-any.whl,rtx-deep,1.3.9,wheel,rtx_deep/graph_tracer/node_profiler.pyc,cpython-310,3439,False,4,pylingual_decompilable,data/artifacts/pypi/rtx-deep/1.3.9/rtx_deep-1.3.9-py310-none-any.whl
dis,error,disassembly_failure,dis_failed:IndexError:tuple index out of range,rtx_deep-1.3.9-py310-none-any.whl,rtx-deep,1.3.9,wheel,rtx_deep/graph_tracer/vis_model.pyc,cpython-310,3439,False,4,pylingual_decompilable,data/artifacts/pypi/rtx-deep/1.3.9/rtx_deep-1.3.9-py310-none-any.whl
dis,error,disassembly_failure,dis_failed:IndexError:tuple index out of range,rtx_deep-1.3.9-py310-none-any.whl,rtx-deep,1.3.9,wheel,rtx_deep/light_trainer/__init__.pyc,cpython-310,3439,False,4,pylingual_decompilable,data/artifacts/pypi/rtx-deep/1.3.9/rtx_deep-1.3.9-py310-none-any.whl
dis,error,disassembly_failure,dis_failed:IndexError:tuple index out of range,rtx_deep-1.3.9-py310-none-any.whl,rtx-deep,1.3.9,wheel,rtx_deep/light_trainer/recorder/__init__.pyc,cpython-310,3439,False,4,pylingual_decompilable,data/artifacts/pypi/rtx-deep/1.3.9/rtx_deep-1.3.9-py310-none-any.whl
dis,error,disassembly_failure,dis_failed:IndexError:tuple index out of range,rtx_deep-1.3.9-py310-none-any.whl,rtx-deep,1.3.9,wheel,rtx_deep/light_trainer/recorder/base_recorder.pyc,cpython-310,3439,False,4,pylingual_decompilable,data/artifacts/pypi/rtx-deep/1.3.9/rtx_deep-1.3.9-py310-none-any.whl
dis,error,disassembly_failure,dis_failed:IndexError:tuple index out of range,rtx_deep-1.3.9-py310-none-any.whl,rtx-deep,1.3.9,wheel,rtx_deep/light_trainer/recorder/txt_recorder.pyc,cpython-310,3439,False,4,pylingual_decompilable,data/artifacts/pypi/rtx-deep/1.3.9/rtx_deep-1.3.9-py310-none-any.whl
dis,error,disassembly_failure,dis_failed:IndexError:tuple index out of range,rtx_deep-1.3.9-py310-none-any.whl,rtx-deep,1.3.9,wheel,rtx_deep/light_trainer/trainer.pyc,cpython-310,3439,False,4,pylingual_decompilable,data/artifacts/pypi/rtx-deep/1.3.9/rtx_deep-1.3.9-py310-none-any.whl
dis,error,disassembly_failure,dis_failed:IndexError:tuple index out of range,rtx_deep-1.3.9-py310-none-any.whl,rtx-deep,1.3.9,wheel,rtx_deep/prun_lib/__init__.pyc,cpython-310,3439,False,4,pylingual_decompilable,data/artifacts/pypi/rtx-deep/1.3.9/rtx_deep-1.3.9-py310-none-any.whl
dis,error,disassembly_failure,dis_failed:IndexError:tuple index out of range,rtx_deep-1.3.9-py310-none-any.whl,rtx-deep,1.3.9,wheel,rtx_deep/prun_lib/mask_layer.pyc,cpython-310,3439,False,4,pylingual_decompilable,data/artifacts/pypi/rtx-deep/1.3.9/rtx_deep-1.3.9-py310-none-any.whl
dis,error,disassembly_failure,dis_failed:IndexError:tuple index out of range,rtx_deep-1.3.9-py310-none-any.whl,rtx-deep,1.3.9,wheel,rtx_deep/prun_lib/mask_utils.pyc,cpython-310,3439,False,4,pylingual_decompilable,data/artifacts/pypi/rtx-deep/1.3.9/rtx_deep-1.3.9-py310-none-any.whl
dis,error,disassembly_failure,dis_failed:IndexError:tuple index out of range,rtx_deep-1.3.9-py310-none-any.whl,rtx-deep,1.3.9,wheel,rtx_deep/quant_lib/__init__.pyc,cpython-310,3439,False,4,pylingual_decompilable,data/artifacts/pypi/rtx-deep/1.3.9/rtx_deep-1.3.9-py310-none-any.whl
dis,error,disassembly_failure,dis_failed:IndexError:tuple index out of range,rtx_deep-1.3.9-py310-none-any.whl,rtx-deep,1.3.9,wheel,rtx_deep/quant_lib/calib/__init__.pyc,cpython-310,3439,False,4,pylingual_decompilable,data/artifacts/pypi/rtx-deep/1.3.9/rtx_deep-1.3.9-py310-none-any.whl
dis,error,disassembly_failure,dis_failed:IndexError:tuple index out of range,rtx_deep-1.3.9-py310-none-any.whl,rtx-deep,1.3.9,wheel,rtx_deep/quant_lib/calib/minmax_observer.pyc,cpython-310,3439,False,4,pylingual_decompilable,data/artifacts/pypi/rtx-deep/1.3.9/rtx_deep-1.3.9-py310-none-any.whl
dis,error,disassembly_failure,dis_failed:IndexError:tuple index out of range,rtx_deep-1.3.9-py310-none-any.whl,rtx-deep,1.3.9,wheel,rtx_deep/quant_lib/calib/observer_base.pyc,cpython-310,3439,False,4,pylingual_decompilable,data/artifacts/pypi/rtx-deep/1.3.9/rtx_deep-1.3.9-py310-none-any.whl
dis,error,disassembly_failure,dis_failed:IndexError:tuple index out of range,rtx_deep-1.3.9-py310-none-any.whl,rtx-deep,1.3.9,wheel,rtx_deep/quant_lib/fake_quantize.pyc,cpython-310,3439,False,4,pylingual_decompilable,data/artifacts/pypi/rtx-deep/1.3.9/rtx_deep-1.3.9-py310-none-any.whl
dis,error,disassembly_failure,dis_failed:IndexError:tuple index out of range,rtx_deep-1.3.9-py310-none-any.whl,rtx-deep,1.3.9,wheel,rtx_deep/quant_lib/quant_utils.pyc,cpython-310,3439,False,4,pylingual_decompilable,data/artifacts/pypi/rtx-deep/1.3.9/rtx_deep-1.3.9-py310-none-any.whl
dis,error,disassembly_failure,dis_failed:IndexError:tuple index out of range,rtx_deep-1.3.9-py310-none-any.whl,rtx-deep,1.3.9,wheel,rtx_deep/quant_lib/quantize_nn.pyc,cpython-310,3439,False,4,pylingual_decompilable,data/artifacts/pypi/rtx-deep/1.3.9/rtx_deep-1.3.9-py310-none-any.whl
pylingual,timeout,timeout,timeout_after_600s,sceleto2-1.1.2-py3-none-any.whl,sceleto2,1.1.2,wheel,sceleto2/__pycache__/data.cpython-38.pyc,cpython-38,3413,True,3,decompyle3_decompilable,data/artifacts/pypi/sceleto2/1.1.2/sceleto2-1.1.2-py3-none-any.whl
pylingual,timeout,timeout,timeout_after_600s,sceleto2-1.1.2.tar.gz,sceleto2,1.1.2,tar,sceleto2-1.1.2/sceleto2/__pycache__/data.cpython-38.pyc,cpython-38,3413,True,3,decompyle3_decompilable,data/artifacts/pypi/sceleto2/1.1.2/sceleto2-1.1.2.tar.gz
decompyle3,exit_2,tool_exit,"Traceback (most recent call last): File ""/root/PyBC-Sec/pybcSEC/data/rq2/envs/cpython-39/lib/python3.9/site-packages/xdis/load.py"", line 328, in load_module_from_file_object co = marshal.loads(bytecode) ValueError: bad marshal data (unkn...",SiloRider-0.2.1-py3-none-any.whl,silorider,0.2.1,wheel,tests/__pycache__/conftest.cpython-39-PYTEST.pyc,cpython-39,3425,True,4,pylingual_decompilable,data/artifacts/pypi/silorider/0.2.1/SiloRider-0.2.1-py3-none-any.whl
decompyle3,exit_2,tool_exit,"Traceback (most recent call last): File ""/root/PyBC-Sec/pybcSEC/data/rq2/envs/cpython-39/lib/python3.9/site-packages/xdis/load.py"", line 328, in load_module_from_file_object co = marshal.loads(bytecode) ValueError: bad marshal data (unkn...",SiloRider-0.2.1-py3-none-any.whl,silorider,0.2.1,wheel,tests/__pycache__/test_commands_populate.cpython-39-PYTEST.pyc,cpython-39,3425,True,4,pylingual_decompilable,data/artifacts/pypi/silorider/0.2.1/SiloRider-0.2.1-py3-none-any.whl
decompyle3,exit_2,tool_exit,"Traceback (most recent call last): File ""/root/PyBC-Sec/pybcSEC/data/rq2/envs/cpython-39/lib/python3.9/site-packages/xdis/load.py"", line 328, in load_module_from_file_object co = marshal.loads(bytecode) ValueError: bad marshal data (unkn...",SiloRider-0.2.1-py3-none-any.whl,silorider,0.2.1,wheel,tests/__pycache__/test_format.cpython-39-PYTEST.pyc,cpython-39,3425,True,4,pylingual_decompilable,data/artifacts/pypi/silorider/0.2.1/SiloRider-0.2.1-py3-none-any.whl
decompyle3,exit_2,tool_exit,"Traceback (most recent call last): File ""/root/PyBC-Sec/pybcSEC/data/rq2/envs/cpython-39/lib/python3.9/site-packages/xdis/load.py"", line 328, in load_module_from_file_object co = marshal.loads(bytecode) ValueError: bad marshal data (unkn...",SiloRider-0.2.1-py3-none-any.whl,silorider,0.2.1,wheel,tests/__pycache__/test_silos_mastodon.cpython-39-PYTEST.pyc,cpython-39,3425,True,4,pylingual_decompilable,data/artifacts/pypi/silorider/0.2.1/SiloRider-0.2.1-py3-none-any.whl
decompyle3,exit_2,tool_exit,"Traceback (most recent call last): File ""/root/PyBC-Sec/pybcSEC/data/rq2/envs/cpython-39/lib/python3.9/site-packages/xdis/load.py"", line 328, in load_module_from_file_object co = marshal.loads(bytecode) ValueError: bad marshal data (unkn...",SiloRider-0.2.1-py3-none-any.whl,silorider,0.2.1,wheel,tests/__pycache__/test_silos_twitter.cpython-39-PYTEST.pyc,cpython-39,3425,True,4,pylingual_decompilable,data/artifacts/pypi/silorider/0.2.1/SiloRider-0.2.1-py3-none-any.whl
decompyle3,exit_2,tool_exit,"Traceback (most recent call last): File ""/root/PyBC-Sec/pybcSEC/data/rq2/envs/cpython-39/lib/python3.9/site-packages/xdis/load.py"", line 328, in load_module_from_file_object co = marshal.loads(bytecode) ValueError: bad marshal data (unkn...",SiloRider-0.2.1-py3-none-any.whl,silorider,0.2.1,wheel,tests/__pycache__/test_silos_webmention.cpython-39-PYTEST.pyc,cpython-39,3425,True,4,pylingual_decompilable,data/artifacts/pypi/silorider/0.2.1/SiloRider-0.2.1-py3-none-any.whl
decompyle3,exit_2,tool_exit,"Traceback (most recent call last): File ""/root/PyBC-Sec/pybcSEC/data/rq2/envs/cpython-39/lib/python3.9/site-packages/xdis/load.py"", line 328, in load_module_from_file_object co = marshal.loads(bytecode) ValueError: bad marshal data (unkn...",SiloRider-0.2.1.tar.gz,silorider,0.2.1,tar,SiloRider-0.2.1/tests/__pycache__/conftest.cpython-39-PYTEST.pyc,cpython-39,3425,True,4,pylingual_decompilable,data/artifacts/pypi/silorider/0.2.1/SiloRider-0.2.1.tar.gz
decompyle3,exit_2,tool_exit,"Traceback (most recent call last): File ""/root/PyBC-Sec/pybcSEC/data/rq2/envs/cpython-39/lib/python3.9/site-packages/xdis/load.py"", line 328, in load_module_from_file_object co = marshal.loads(bytecode) ValueError: bad marshal data (unkn...",SiloRider-0.2.1.tar.gz,silorider,0.2.1,tar,SiloRider-0.2.1/tests/__pycache__/test_commands_populate.cpython-39-PYTEST.pyc,cpython-39,3425,True,4,pylingual_decompilable,data/artifacts/pypi/silorider/0.2.1/SiloRider-0.2.1.tar.gz
decompyle3,exit_2,tool_exit,"Traceback (most recent call last): File ""/root/PyBC-Sec/pybcSEC/data/rq2/envs/cpython-39/lib/python3.9/site-packages/xdis/load.py"", line 328, in load_module_from_file_object co = marshal.loads(bytecode) ValueError: bad marshal data (unkn...",SiloRider-0.2.1.tar.gz,silorider,0.2.1,tar,SiloRider-0.2.1/tests/__pycache__/test_format.cpython-39-PYTEST.pyc,cpython-39,3425,True,4,pylingual_decompilable,data/artifacts/pypi/silorider/0.2.1/SiloRider-0.2.1.tar.gz
decompyle3,exit_2,tool_exit,"Traceback (most recent call last): File ""/root/PyBC-Sec/pybcSEC/data/rq2/envs/cpython-39/lib/python3.9/site-packages/xdis/load.py"", line 328, in load_module_from_file_object co = marshal.loads(bytecode) ValueError: bad marshal data (unkn...",SiloRider-0.2.1.tar.gz,silorider,0.2.1,tar,SiloRider-0.2.1/tests/__pycache__/test_silos_mastodon.cpython-39-PYTEST.pyc,cpython-39,3425,True,4,pylingual_decompilable,data/artifacts/pypi/silorider/0.2.1/SiloRider-0.2.1.tar.gz
decompyle3,exit_2,tool_exit,"Traceback (most recent call last): File ""/root/PyBC-Sec/pybcSEC/data/rq2/envs/cpython-39/lib/python3.9/site-packages/xdis/load.py"", line 328, in load_module_from_file_object co = marshal.loads(bytecode) ValueError: bad marshal data (unkn...",SiloRider-0.2.1.tar.gz,silorider,0.2.1,tar,SiloRider-0.2.1/tests/__pycache__/test_silos_twitter.cpython-39-PYTEST.pyc,cpython-39,3425,True,4,pylingual_decompilable,data/artifacts/pypi/silorider/0.2.1/SiloRider-0.2.1.tar.gz
decompyle3,exit_2,tool_exit,"Traceback (most recent call last): File ""/root/PyBC-Sec/pybcSEC/data/rq2/envs/cpython-39/lib/python3.9/site-packages/xdis/load.py"", line 328, in load_module_from_file_object co = marshal.loads(bytecode) ValueError: bad marshal data (unkn...",SiloRider-0.2.1.tar.gz,silorider,0.2.1,tar,SiloRider-0.2.1/tests/__pycache__/test_silos_webmention.cpython-39-PYTEST.pyc,cpython-39,3425,True,4,pylingual_decompilable,data/artifacts/pypi/silorider/0.2.1/SiloRider-0.2.1.tar.gz
decompyle3,timeout,timeout,timeout_after_600s,settmhc-1.0.0.tar.gz,settmhc,1.0.0,tar,settmhc-1.0.0/settmhc/mhc-pep-threader/database/__pycache__/HLA_sequences_180.cpython-38.pyc,cpython-38,3413,True,4,pylingual_decompilable,data/artifacts/pypi/settmhc/1.0.0/settmhc-1.0.0.tar.gz
decompyle3,exit_1,tool_exit,"Traceback (most recent call last): File ""data/rq2/envs/cpython-38/bin/decompyle3"", line 8, in <module> sys.exit(main_bin()) File ""/root/PyBC-Sec/pybcSEC/data/rq2/envs/cpython-38/lib/python3.8/site-packages/click/core.py"", line 1161, in _...",bestFit-0.3.tar.gz,bestfit,0.3,tar,bestFit-0.3/venv/lib/python3.8/site-packages/babel/messages/__pycache__/mofile.cpython-38.pyc,cpython-38,3413,False,4,pylingual_decompilable,data/artifacts/pypi/bestfit/0.3/bestFit-0.3.tar.gz
decompyle3,timeout,timeout,timeout_after_600s,bestFit-0.3.tar.gz,bestfit,0.3,tar,bestFit-0.3/venv/lib/python3.8/site-packages/dateutil/__pycache__/rrule.cpython-38.pyc,cpython-38,3413,False,4,pylingual_decompilable,data/artifacts/pypi/bestfit/0.3/bestFit-0.3.tar.gz
decompyle3,exit_1,tool_exit,"Traceback (most recent call last): File ""data/rq2/envs/cpython-38/bin/decompyle3"", line 8, in <module> sys.exit(main_bin()) File ""/root/PyBC-Sec/pybcSEC/data/rq2/envs/cpython-38/lib/python3.8/site-packages/click/core.py"", line 1161, in _...",bestFit-0.3.tar.gz,bestfit,0.3,tar,bestFit-0.3/venv/lib/python3.8/site-packages/matplotlib/axes/__pycache__/_base.cpython-38.pyc,cpython-38,3413,False,4,pylingual_decompilable,data/artifacts/pypi/bestfit/0.3/bestFit-0.3.tar.gz
decompyle3,timeout,timeout,timeout_after_600s,bestFit-0.3.tar.gz,bestfit,0.3,tar,bestFit-0.3/venv/lib/python3.8/site-packages/numpy/typing/tests/data/pass/__pycache__/random.cpython-38.pyc,cpython-38,3413,False,4,pylingual_decompilable,data/artifacts/pypi/bestfit/0.3/bestFit-0.3.tar.gz
decompyle3,exit_1,tool_exit,"Traceback (most recent call last): File ""data/rq2/envs/cpython-38/bin/decompyle3"", line 8, in <module> sys.exit(main_bin()) File ""/root/PyBC-Sec/pybcSEC/data/rq2/envs/cpython-38/lib/python3.8/site-packages/click/core.py"", line 1161, in _...",bestFit-0.3.tar.gz,bestfit,0.3,tar,bestFit-0.3/venv/lib/python3.8/site-packages/poetry/core/_vendor/lark/__pycache__/reconstruct.cpython-38.pyc,cpython-38,3413,False,4,pylingual_decompilable,data/artifacts/pypi/bestfit/0.3/bestFit-0.3.tar.gz
decompyle3,exit_1,tool_exit,"Traceback (most recent call last): File ""data/rq2/envs/cpython-38/bin/decompyle3"", line 8, in <module> sys.exit(main_bin()) File ""/root/PyBC-Sec/pybcSEC/data/rq2/envs/cpython-38/lib/python3.8/site-packages/click/core.py"", line 1161, in _...",bestFit-0.3.tar.gz,bestfit,0.3,tar,bestFit-0.3/venv/lib/python3.8/site-packages/poetry/core/_vendor/lark/__pycache__/reconstruct2.cpython-38.pyc,cpython-38,3413,False,4,pylingual_decompilable,data/artifacts/pypi/bestfit/0.3/bestFit-0.3.tar.gz
decompyle3,timeout,timeout,timeout_after_600s,bestFit-0.3.tar.gz,bestfit,0.3,tar,bestFit-0.3/venv/lib/python3.8/site-packages/snowballstemmer/__pycache__/serbian_stemmer.cpython-38.pyc,cpython-38,3413,False,4,pylingual_decompilable,data/artifacts/pypi/bestfit/0.3/bestFit-0.3.tar.gz
decompyle3,timeout,timeout,timeout_after_600s,bestFit-0.3.tar.gz,bestfit,0.3,tar,bestFit-0.3/venv/lib/python3.8/site-packages/yapf/yapflib/__pycache__/format_decision_state.cpython-38.pyc,cpython-38,3413,False,4,pylingual_decompilable,data/artifacts/pypi/bestfit/0.3/bestFit-0.3.tar.gz
decompyle3,timeout,timeout,timeout_after_600s,bestFit-0.3.tar.gz,bestfit,0.3,tar,bestFit-0.3/venv/lib/python3.8/site-packages/yapf/yapflib/__pycache__/unwrapped_line.cpython-38.pyc,cpython-38,3413,False,4,pylingual_decompilable,data/artifacts/pypi/bestfit/0.3/bestFit-0.3.tar.gz
marshal,error,marshal_parse_failure,marshal_failed:,stadium_jams-1.1.0.tar.gz,stadium-jams,1.1.0,tar,stadium_jams-1.1.0/venues/stages/stadium_jams/_clique/group/__pycache__/__init__.cpython-311.pyc,cpython-311,42946,True,4,pylingual_decompilable,data/artifacts/pypi/stadium-jams/1.1.0/stadium_jams-1.1.0.tar.gz
decompyle3,exit_2,tool_exit,/root/PyBC-Sec/pybcSEC/data/rq2/envs/cpython-311/lib/python3.11/site-packages/click/core.py:1262: UserWarning: The parameter --version is used more than once. Remove its duplicate as parameters should be unique. parser = self.make_parser...,stadium_jams-1.1.0.tar.gz,stadium-jams,1.1.0,tar,stadium_jams-1.1.0/venues/stages/stadium_jams/_clique/group/__pycache__/__init__.cpython-311.pyc,cpython-311,42946,True,4,pylingual_decompilable,data/artifacts/pypi/stadium-jams/1.1.0/stadium_jams-1.1.0.tar.gz
marshal,error,marshal_parse_failure,marshal_failed:,stadium_jams-1.1.0.tar.gz,stadium-jams,1.1.0,tar,stadium_jams-1.1.0/venues/stages/stadium_jams/jams/EEC_448_2/private_key/__pycache__/creator.cpython-311.pyc,cpython-311,42946,True,4,pylingual_decompilable,data/artifacts/pypi/stadium-jams/1.1.0/stadium_jams-1.1.0.tar.gz
decompyle3,exit_2,tool_exit,/root/PyBC-Sec/pybcSEC/data/rq2/envs/cpython-311/lib/python3.11/site-packages/click/core.py:1262: UserWarning: The parameter --version is used more than once. Remove its duplicate as parameters should be unique. parser = self.make_parser...,stadium_jams-1.1.0.tar.gz,stadium-jams,1.1.0,tar,stadium_jams-1.1.0/venues/stages/stadium_jams/jams/EEC_448_2/private_key/__pycache__/creator.cpython-311.pyc,cpython-311,42946,True,4,pylingual_decompilable,data/artifacts/pypi/stadium-jams/1.1.0/stadium_jams-1.1.0.tar.gz
marshal,error,marshal_parse_failure,marshal_failed:,stadium_jams-1.1.0.tar.gz,stadium-jams,1.1.0,tar,stadium_jams-1.1.0/venues/stages/stadium_jams/jams/EEC_448_2/private_key/__pycache__/scan.cpython-311.pyc,cpython-311,42946,True,4,pylingual_decompilable,data/artifacts/pypi/stadium-jams/1.1.0/stadium_jams-1.1.0.tar.gz
decompyle3,exit_2,tool_exit,/root/PyBC-Sec/pybcSEC/data/rq2/envs/cpython-311/lib/python3.11/site-packages/click/core.py:1262: UserWarning: The parameter --version is used more than once. Remove its duplicate as parameters should be unique. parser = self.make_parser...,stadium_jams-1.1.0.tar.gz,stadium-jams,1.1.0,tar,stadium_jams-1.1.0/venues/stages/stadium_jams/jams/EEC_448_2/private_key/__pycache__/scan.cpython-311.pyc,cpython-311,42946,True,4,pylingual_decompilable,data/artifacts/pypi/stadium-jams/1.1.0/stadium_jams-1.1.0.tar.gz
marshal,error,marshal_parse_failure,marshal_failed:,stadium_jams-1.1.0.tar.gz,stadium-jams,1.1.0,tar,stadium_jams-1.1.0/venues/stages/stadium_jams/jams/EEC_448_2/public_key/__pycache__/creator.cpython-311.pyc,cpython-311,42946,True,4,pylingual_decompilable,data/artifacts/pypi/stadium-jams/1.1.0/stadium_jams-1.1.0.tar.gz
decompyle3,exit_2,tool_exit,/root/PyBC-Sec/pybcSEC/data/rq2/envs/cpython-311/lib/python3.11/site-packages/click/core.py:1262: UserWarning: The parameter --version is used more than once. Remove its duplicate as parameters should be unique. parser = self.make_parser...,stadium_jams-1.1.0.tar.gz,stadium-jams,1.1.0,tar,stadium_jams-1.1.0/venues/stages/stadium_jams/jams/EEC_448_2/public_key/__pycache__/creator.cpython-311.pyc,cpython-311,42946,True,4,pylingual_decompilable,data/artifacts/pypi/stadium-jams/1.1.0/stadium_jams-1.1.0.tar.gz
marshal,error,marshal_parse_failure,marshal_failed:,stadium_jams-1.1.0.tar.gz,stadium-jams,1.1.0,tar,stadium_jams-1.1.0/venues/stages/stadium_jams/jams/EEC_448_2/public_key/__pycache__/form.cpython-310.pyc,cpython-310,3439,False,4,pylingual_decompilable,data/artifacts/pypi/stadium-jams/1.1.0/stadium_jams-1.1.0.tar.gz
decompyle3,exit_2,tool_exit,/root/PyBC-Sec/pybcSEC/data/rq2/envs/cpython-310/lib/python3.10/site-packages/click/core.py:1262: UserWarning: The parameter --version is used more than once. Remove its duplicate as parameters should be unique. parser = self.make_parser...,stadium_jams-1.1.0.tar.gz,stadium-jams,1.1.0,tar,stadium_jams-1.1.0/venues/stages/stadium_jams/jams/EEC_448_2/public_key/__pycache__/form.cpython-310.pyc,cpython-310,3439,False,4,pylingual_decompilable,data/artifacts/pypi/stadium-jams/1.1.0/stadium_jams-1.1.0.tar.gz
marshal,error,marshal_parse_failure,marshal_failed:,stadium_jams-1.1.0.tar.gz,stadium-jams,1.1.0,tar,stadium_jams-1.1.0/venues/stages/stadium_jams/jams/EEC_448_2/public_key/__pycache__/form.cpython-311.pyc,cpython-311,42946,False,4,pylingual_decompilable,data/artifacts/pypi/stadium-jams/1.1.0/stadium_jams-1.1.0.tar.gz
decompyle3,exit_2,tool_exit,/root/PyBC-Sec/pybcSEC/data/rq2/envs/cpython-311/lib/python3.11/site-packages/click/core.py:1262: UserWarning: The parameter --version is used more than once. Remove its duplicate as parameters should be unique. parser = self.make_parser...,stadium_jams-1.1.0.tar.gz,stadium-jams,1.1.0,tar,stadium_jams-1.1.0/venues/stages/stadium_jams/jams/EEC_448_2/public_key/__pycache__/form.cpython-311.pyc,cpython-311,42946,False,4,pylingual_decompilable,data/artifacts/pypi/stadium-jams/1.1.0/stadium_jams-1.1.0.tar.gz
marshal,error,marshal_parse_failure,marshal_failed:,stadium_jams-1.1.0.tar.gz,stadium-jams,1.1.0,tar,stadium_jams-1.1.0/venues/stages/stadium_jams/jams/EEC_448_2/public_key/__pycache__/scan.cpython-311.pyc,cpython-311,42946,True,4,pylingual_decompilable,data/artifacts/pypi/stadium-jams/1.1.0/stadium_jams-1.1.0.tar.gz
decompyle3,exit_2,tool_exit,/root/PyBC-Sec/pybcSEC/data/rq2/envs/cpython-311/lib/python3.11/site-packages/click/core.py:1262: UserWarning: The parameter --version is used more than once. Remove its duplicate as parameters should be unique. parser = self.make_parser...,stadium_jams-1.1.0.tar.gz,stadium-jams,1.1.0,tar,stadium_jams-1.1.0/venues/stages/stadium_jams/jams/EEC_448_2/public_key/__pycache__/scan.cpython-311.pyc,cpython-311,42946,True,4,pylingual_decompilable,data/artifacts/pypi/stadium-jams/1.1.0/stadium_jams-1.1.0.tar.gz
marshal,error,marshal_parse_failure,marshal_failed:,stadium_jams-1.1.0.tar.gz,stadium-jams,1.1.0,tar,stadium_jams-1.1.0/venues/stages/stadium_jams/jams/EEC_448_2/public_key/__pycache__/write.cpython-310.pyc,cpython-310,3439,False,4,pylingual_decompilable,data/artifacts/pypi/stadium-jams/1.1.0/stadium_jams-1.1.0.tar.gz
decompyle3,exit_2,tool_exit,/root/PyBC-Sec/pybcSEC/data/rq2/envs/cpython-310/lib/python3.10/site-packages/click/core.py:1262: UserWarning: The parameter --version is used more than once. Remove its duplicate as parameters should be unique. parser = self.make_parser...,stadium_jams-1.1.0.tar.gz,stadium-jams,1.1.0,tar,stadium_jams-1.1.0/venues/stages/stadium_jams/jams/EEC_448_2/public_key/__pycache__/write.cpython-310.pyc,cpython-310,3439,False,4,pylingual_decompilable,data/artifacts/pypi/stadium-jams/1.1.0/stadium_jams-1.1.0.tar.gz
marshal,error,marshal_parse_failure,marshal_failed:,stadium_jams-1.1.0.tar.gz,stadium-jams,1.1.0,tar,stadium_jams-1.1.0/venues/stages/stadium_jams/jams/EEC_448_2/public_key/__pycache__/write.cpython-311.pyc,cpython-311,42946,False,4,pylingual_decompilable,data/artifacts/pypi/stadium-jams/1.1.0/stadium_jams-1.1.0.tar.gz
decompyle3,exit_2,tool_exit,/root/PyBC-Sec/pybcSEC/data/rq2/envs/cpython-311/lib/python3.11/site-packages/click/core.py:1262: UserWarning: The parameter --version is used more than once. Remove its duplicate as parameters should be unique. parser = self.make_parser...,stadium_jams-1.1.0.tar.gz,stadium-jams,1.1.0,tar,stadium_jams-1.1.0/venues/stages/stadium_jams/jams/EEC_448_2/public_key/__pycache__/write.cpython-311.pyc,cpython-311,42946,False,4,pylingual_decompilable,data/artifacts/pypi/stadium-jams/1.1.0/stadium_jams-1.1.0.tar.gz
marshal,error,marshal_parse_failure,marshal_failed:,stadium_jams-1.1.0.tar.gz,stadium-jams,1.1.0,tar,stadium_jams-1.1.0/venues/stages/stadium_jams/jams/EEC_448_2/rhythms/__pycache__/__init__.cpython-310.pyc,cpython-310,3439,True,4,pylingual_decompilable,data/artifacts/pypi/stadium-jams/1.1.0/stadium_jams-1.1.0.tar.gz
decompyle3,exit_2,tool_exit,/root/PyBC-Sec/pybcSEC/data/rq2/envs/cpython-310/lib/python3.10/site-packages/click/core.py:1262: UserWarning: The parameter --version is used more than once. Remove its duplicate as parameters should be unique. parser = self.make_parser...,stadium_jams-1.1.0.tar.gz,stadium-jams,1.1.0,tar,stadium_jams-1.1.0/venues/stages/stadium_jams/jams/EEC_448_2/rhythms/__pycache__/__init__.cpython-310.pyc,cpython-310,3439,True,4,pylingual_decompilable,data/artifacts/pypi/stadium-jams/1.1.0/stadium_jams-1.1.0.tar.gz
marshal,error,marshal_parse_failure,marshal_failed:,stadium_jams-1.1.0.tar.gz,stadium-jams,1.1.0,tar,stadium_jams-1.1.0/venues/stages/stadium_jams/jams/EEC_448_2/sign/__pycache__/__init__.cpython-311.pyc,cpython-311,42946,True,4,pylingual_decompilable,data/artifacts/pypi/stadium-jams/1.1.0/stadium_jams-1.1.0.tar.gz
decompyle3,exit_2,tool_exit,/root/PyBC-Sec/pybcSEC/data/rq2/envs/cpython-311/lib/python3.11/site-packages/click/core.py:1262: UserWarning: The parameter --version is used more than once. Remove its duplicate as parameters should be unique. parser = self.make_parser...,stadium_jams-1.1.0.tar.gz,stadium-jams,1.1.0,tar,stadium_jams-1.1.0/venues/stages/stadium_jams/jams/EEC_448_2/sign/__pycache__/__init__.cpython-311.pyc,cpython-311,42946,True,4,pylingual_decompilable,data/artifacts/pypi/stadium-jams/1.1.0/stadium_jams-1.1.0.tar.gz
marshal,error,marshal_parse_failure,marshal_failed:,stadium_jams-1.1.0.tar.gz,stadium-jams,1.1.0,tar,stadium_jams-1.1.0/venues/stages/stadium_jams/jams/EEC_448_2/verify/__pycache__/__init__.cpython-311.pyc,cpython-311,42946,True,4,pylingual_decompilable,data/artifacts/pypi/stadium-jams/1.1.0/stadium_jams-1.1.0.tar.gz
decompyle3,exit_2,tool_exit,/root/PyBC-Sec/pybcSEC/data/rq2/envs/cpython-311/lib/python3.11/site-packages/click/core.py:1262: UserWarning: The parameter --version is used more than once. Remove its duplicate as parameters should be unique. parser = self.make_parser...,stadium_jams-1.1.0.tar.gz,stadium-jams,1.1.0,tar,stadium_jams-1.1.0/venues/stages/stadium_jams/jams/EEC_448_2/verify/__pycache__/__init__.cpython-311.pyc,cpython-311,42946,True,4,pylingual_decompilable,data/artifacts/pypi/stadium-jams/1.1.0/stadium_jams-1.1.0.tar.gz
decompyle3,timeout,timeout,timeout_after_600s,springheel-7.0.2-py3-none-any.whl,springheel,7.0.2,wheel,springheel/__pycache__/__init__.cpython-38.pyc,cpython-38,3413,True,4,pylingual_decompilable,data/artifacts/pypi/springheel/7.0.2/springheel-7.0.2-py3-none-any.whl
decompyle3,timeout,timeout,timeout_after_600s,springheel-7.0.2.tar.gz,springheel,7.0.2,tar,springheel-7.0.2/springheel/__pycache__/__init__.cpython-38.pyc,cpython-38,3413,True,4,pylingual_decompilable,data/artifacts/pypi/springheel/7.0.2/springheel-7.0.2.tar.gz
marshal,error,marshal_parse_failure,marshal_failed:,tholin-1.0.0.tar.gz,tholin,1.0.0,tar,tholin-1.0.0/vehicles/Tholin/_clique/group/__pycache__/__init__.cpython-311.pyc,cpython-311,42946,True,4,pylingual_decompilable,data/artifacts/pypi/tholin/1.0.0/tholin-1.0.0.tar.gz
decompyle3,exit_2,tool_exit,/root/PyBC-Sec/pybcSEC/data/rq2/envs/cpython-311/lib/python3.11/site-packages/click/core.py:1262: UserWarning: The parameter --version is used more than once. Remove its duplicate as parameters should be unique. parser = self.make_parser...,tholin-1.0.0.tar.gz,tholin,1.0.0,tar,tholin-1.0.0/vehicles/Tholin/_clique/group/__pycache__/__init__.cpython-311.pyc,cpython-311,42946,True,4,pylingual_decompilable,data/artifacts/pypi/tholin/1.0.0/tholin-1.0.0.tar.gz
dis,error,disassembly_failure,dis_failed:IndexError:tuple index out of range,tkfly-0.1.0b3.tar.gz,tkfly,0.1.0b3,tar,tkfly-0.1.0b3/tkfly/_tklib/__pycache__/__init__.cpython-312.pyc,cpython-312,3520,True,4,pylingual_decompilable,data/artifacts/pypi/tkfly/0.1.0b3/tkfly-0.1.0b3.tar.gz
marshal,error,marshal_parse_failure,marshal_failed:,tracts-0.0.2.tar.gz,tracts,0.0.2,tar,tracts-0.0.2/venues/stages/tracts/_ops/_clique/__pycache__/__init__.cpython-311.pyc,cpython-311,42946,True,4,pylingual_decompilable,data/artifacts/pypi/tracts/0.0.2/tracts-0.0.2.tar.gz
decompyle3,exit_2,tool_exit,/root/PyBC-Sec/pybcSEC/data/rq2/envs/cpython-311/lib/python3.11/site-packages/click/core.py:1262: UserWarning: The parameter --version is used more than once. Remove its duplicate as parameters should be unique. parser = self.make_parser...,tracts-0.0.2.tar.gz,tracts,0.0.2,tar,tracts-0.0.2/venues/stages/tracts/_ops/_clique/__pycache__/__init__.cpython-311.pyc,cpython-311,42946,True,4,pylingual_decompilable,data/artifacts/pypi/tracts/0.0.2/tracts-0.0.2.tar.gz
marshal,error,marshal_parse_failure,marshal_failed:,tracts-0.0.2.tar.gz,tracts,0.0.2,tar,tracts-0.0.2/venues/stages/tracts/_ops/_clique/group/__pycache__/__init__.cpython-311.pyc,cpython-311,42946,True,4,pylingual_decompilable,data/artifacts/pypi/tracts/0.0.2/tracts-0.0.2.tar.gz
decompyle3,exit_2,tool_exit,/root/PyBC-Sec/pybcSEC/data/rq2/envs/cpython-311/lib/python3.11/site-packages/click/core.py:1262: UserWarning: The parameter --version is used more than once. Remove its duplicate as parameters should be unique. parser = self.make_parser...,tracts-0.0.2.tar.gz,tracts,0.0.2,tar,tracts-0.0.2/venues/stages/tracts/_ops/_clique/group/__pycache__/__init__.cpython-311.pyc,cpython-311,42946,True,4,pylingual_decompilable,data/artifacts/pypi/tracts/0.0.2/tracts-0.0.2.tar.gz
marshal,error,marshal_parse_failure,marshal_failed:,trysts-0.0.2.tar.gz,trysts,0.0.2,tar,trysts-0.0.2/venues/stages/trysts/_ops/_clique/__pycache__/__init__.cpython-311.pyc,cpython-311,42946,True,4,pylingual_decompilable,data/artifacts/pypi/trysts/0.0.2/trysts-0.0.2.tar.gz
decompyle3,exit_2,tool_exit,/root/PyBC-Sec/pybcSEC/data/rq2/envs/cpython-311/lib/python3.11/site-packages/click/core.py:1262: UserWarning: The parameter --version is used more than once. Remove its duplicate as parameters should be unique. parser = self.make_parser...,trysts-0.0.2.tar.gz,trysts,0.0.2,tar,trysts-0.0.2/venues/stages/trysts/_ops/_clique/__pycache__/__init__.cpython-311.pyc,cpython-311,42946,True,4,pylingual_decompilable,data/artifacts/pypi/trysts/0.0.2/trysts-0.0.2.tar.gz
marshal,error,marshal_parse_failure,marshal_failed:,trysts-0.0.2.tar.gz,trysts,0.0.2,tar,trysts-0.0.2/venues/stages/trysts/_ops/_clique/group/__pycache__/__init__.cpython-311.pyc,cpython-311,42946,True,4,pylingual_decompilable,data/artifacts/pypi/trysts/0.0.2/trysts-0.0.2.tar.gz
decompyle3,exit_2,tool_exit,/root/PyBC-Sec/pybcSEC/data/rq2/envs/cpython-311/lib/python3.11/site-packages/click/core.py:1262: UserWarning: The parameter --version is used more than once. Remove its duplicate as parameters should be unique. parser = self.make_parser...,trysts-0.0.2.tar.gz,trysts,0.0.2,tar,trysts-0.0.2/venues/stages/trysts/_ops/_clique/group/__pycache__/__init__.cpython-311.pyc,cpython-311,42946,True,4,pylingual_decompilable,data/artifacts/pypi/trysts/0.0.2/trysts-0.0.2.tar.gz
marshal,error,marshal_parse_failure,marshal_failed:,ventures-3.0.0.tar.gz,ventures,3.0.0,tar,ventures-3.0.0/venues/stages/ventures/_ops/_clique/__pycache__/__init__.cpython-311.pyc,cpython-311,42946,True,4,pylingual_decompilable,data/artifacts/pypi/ventures/3.0.0/ventures-3.0.0.tar.gz
decompyle3,exit_2,tool_exit,/root/PyBC-Sec/pybcSEC/data/rq2/envs/cpython-311/lib/python3.11/site-packages/click/core.py:1262: UserWarning: The parameter --version is used more than once. Remove its duplicate as parameters should be unique. parser = self.make_parser...,ventures-3.0.0.tar.gz,ventures,3.0.0,tar,ventures-3.0.0/venues/stages/ventures/_ops/_clique/__pycache__/__init__.cpython-311.pyc,cpython-311,42946,True,4,pylingual_decompilable,data/artifacts/pypi/ventures/3.0.0/ventures-3.0.0.tar.gz
marshal,error,marshal_parse_failure,marshal_failed:,ventures-3.0.0.tar.gz,ventures,3.0.0,tar,ventures-3.0.0/venues/stages/ventures/_ops/_clique/group/__pycache__/__init__.cpython-311.pyc,cpython-311,42946,True,4,pylingual_decompilable,data/artifacts/pypi/ventures/3.0.0/ventures-3.0.0.tar.gz
decompyle3,exit_2,tool_exit,/root/PyBC-Sec/pybcSEC/data/rq2/envs/cpython-311/lib/python3.11/site-packages/click/core.py:1262: UserWarning: The parameter --version is used more than once. Remove its duplicate as parameters should be unique. parser = self.make_parser...,ventures-3.0.0.tar.gz,ventures,3.0.0,tar,ventures-3.0.0/venues/stages/ventures/_ops/_clique/group/__pycache__/__init__.cpython-311.pyc,cpython-311,42946,True,4,pylingual_decompilable,data/artifacts/pypi/ventures/3.0.0/ventures-3.0.0.tar.gz
marshal,error,marshal_parse_failure,marshal_failed:,verses-2.2.0.tar.gz,verses,2.2.0,tar,verses-2.2.0/parties/verses/frontiers/trends/monetary/DB_verses_trends/collection_treasures/__pycache__/connect.cpython-310.pyc,cpython-310,3439,False,4,pylingual_decompilable,data/artifacts/pypi/verses/2.2.0/verses-2.2.0.tar.gz
decompyle3,exit_2,tool_exit,/root/PyBC-Sec/pybcSEC/data/rq2/envs/cpython-310/lib/python3.10/site-packages/click/core.py:1262: UserWarning: The parameter --version is used more than once. Remove its duplicate as parameters should be unique. parser = self.make_parser...,verses-2.2.0.tar.gz,verses,2.2.0,tar,verses-2.2.0/parties/verses/frontiers/trends/monetary/DB_verses_trends/collection_treasures/__pycache__/connect.cpython-310.pyc,cpython-310,3439,False,4,pylingual_decompilable,data/artifacts/pypi/verses/2.2.0/verses-2.2.0.tar.gz
marshal,error,marshal_parse_failure,marshal_failed:,verses-2.2.0.tar.gz,verses,2.2.0,tar,verses-2.2.0/parties/verses/frontiers/trends/monetary/DB_verses_trends/collection_treasures/document/__pycache__/find.cpython-310.pyc,cpython-310,3439,False,4,pylingual_decompilable,data/artifacts/pypi/verses/2.2.0/verses-2.2.0.tar.gz
decompyle3,exit_2,tool_exit,/root/PyBC-Sec/pybcSEC/data/rq2/envs/cpython-310/lib/python3.10/site-packages/click/core.py:1262: UserWarning: The parameter --version is used more than once. Remove its duplicate as parameters should be unique. parser = self.make_parser...,verses-2.2.0.tar.gz,verses,2.2.0,tar,verses-2.2.0/parties/verses/frontiers/trends/monetary/DB_verses_trends/collection_treasures/document/__pycache__/find.cpython-310.pyc,cpython-310,3439,False,4,pylingual_decompilable,data/artifacts/pypi/verses/2.2.0/verses-2.2.0.tar.gz
marshal,error,marshal_parse_failure,marshal_failed:,verses-2.2.0.tar.gz,verses,2.2.0,tar,verses-2.2.0/parties/verses/frontiers/trends/monetary/_controls/__pycache__/_clique.cpython-310.pyc,cpython-310,3439,True,4,pylingual_decompilable,data/artifacts/pypi/verses/2.2.0/verses-2.2.0.tar.gz
decompyle3,exit_2,tool_exit,/root/PyBC-Sec/pybcSEC/data/rq2/envs/cpython-310/lib/python3.10/site-packages/click/core.py:1262: UserWarning: The parameter --version is used more than once. Remove its duplicate as parameters should be unique. parser = self.make_parser...,verses-2.2.0.tar.gz,verses,2.2.0,tar,verses-2.2.0/parties/verses/frontiers/trends/monetary/_controls/__pycache__/_clique.cpython-310.pyc,cpython-310,3439,True,4,pylingual_decompilable,data/artifacts/pypi/verses/2.2.0/verses-2.2.0.tar.gz
marshal,error,marshal_parse_failure,marshal_failed:,verses-2.2.0.tar.gz,verses,2.2.0,tar,verses-2.2.0/parties/verses/frontiers/trends/monetary/_controls/__pycache__/build.cpython-310.pyc,cpython-310,3439,True,4,pylingual_decompilable,data/artifacts/pypi/verses/2.2.0/verses-2.2.0.tar.gz
decompyle3,exit_2,tool_exit,/root/PyBC-Sec/pybcSEC/data/rq2/envs/cpython-310/lib/python3.10/site-packages/click/core.py:1262: UserWarning: The parameter --version is used more than once. Remove its duplicate as parameters should be unique. parser = self.make_parser...,verses-2.2.0.tar.gz,verses,2.2.0,tar,verses-2.2.0/parties/verses/frontiers/trends/monetary/_controls/__pycache__/build.cpython-310.pyc,cpython-310,3439,True,4,pylingual_decompilable,data/artifacts/pypi/verses/2.2.0/verses-2.2.0.tar.gz
marshal,error,marshal_parse_failure,marshal_failed:,verses-2.2.0.tar.gz,verses,2.2.0,tar,verses-2.2.0/parties/verses/mixes/insure/__pycache__/equalities.cpython-311.pyc,cpython-311,42946,True,4,pylingual_decompilable,data/artifacts/pypi/verses/2.2.0/verses-2.2.0.tar.gz
decompyle3,exit_2,tool_exit,/root/PyBC-Sec/pybcSEC/data/rq2/envs/cpython-311/lib/python3.11/site-packages/click/core.py:1262: UserWarning: The parameter --version is used more than once. Remove its duplicate as parameters should be unique. parser = self.make_parser...,verses-2.2.0.tar.gz,verses,2.2.0,tar,verses-2.2.0/parties/verses/mixes/insure/__pycache__/equalities.cpython-311.pyc,cpython-311,42946,True,4,pylingual_decompilable,data/artifacts/pypi/verses/2.2.0/verses-2.2.0.tar.gz
marshal,error,marshal_parse_failure,marshal_failed:,verses-2.2.0.tar.gz,verses,2.2.0,tar,verses-2.2.0/parties/verses/mixes/insure/__pycache__/equality.cpython-311.pyc,cpython-311,42946,True,4,pylingual_decompilable,data/artifacts/pypi/verses/2.2.0/verses-2.2.0.tar.gz
decompyle3,exit_2,tool_exit,/root/PyBC-Sec/pybcSEC/data/rq2/envs/cpython-311/lib/python3.11/site-packages/click/core.py:1262: UserWarning: The parameter --version is used more than once. Remove its duplicate as parameters should be unique. parser = self.make_parser...,verses-2.2.0.tar.gz,verses,2.2.0,tar,verses-2.2.0/parties/verses/mixes/insure/__pycache__/equality.cpython-311.pyc,cpython-311,42946,True,4,pylingual_decompilable,data/artifacts/pypi/verses/2.2.0/verses-2.2.0.tar.gz
marshal,error,marshal_parse_failure,marshal_failed:,verses-2.2.0.tar.gz,verses,2.2.0,tar,verses-2.2.0/parties/verses/mixes/insure/__pycache__/override_print.cpython-311.pyc,cpython-311,42946,True,4,pylingual_decompilable,data/artifacts/pypi/verses/2.2.0/verses-2.2.0.tar.gz
decompyle3,exit_2,tool_exit,/root/PyBC-Sec/pybcSEC/data/rq2/envs/cpython-311/lib/python3.11/site-packages/click/core.py:1262: UserWarning: The parameter --version is used more than once. Remove its duplicate as parameters should be unique. parser = self.make_parser...,verses-2.2.0.tar.gz,verses,2.2.0,tar,verses-2.2.0/parties/verses/mixes/insure/__pycache__/override_print.cpython-311.pyc,cpython-311,42946,True,4,pylingual_decompilable,data/artifacts/pypi/verses/2.2.0/verses-2.2.0.tar.gz
marshal,error,marshal_parse_failure,marshal_failed:,verses-2.2.0.tar.gz,verses,2.2.0,tar,verses-2.2.0/parties/verses/modules/freight--/__pycache__/save.cpython-310.pyc,cpython-310,3439,True,4,pylingual_decompilable,data/artifacts/pypi/verses/2.2.0/verses-2.2.0.tar.gz
decompyle3,exit_2,tool_exit,/root/PyBC-Sec/pybcSEC/data/rq2/envs/cpython-310/lib/python3.10/site-packages/click/core.py:1262: UserWarning: The parameter --version is used more than once. Remove its duplicate as parameters should be unique. parser = self.make_parser...,verses-2.2.0.tar.gz,verses,2.2.0,tar,verses-2.2.0/parties/verses/modules/freight--/__pycache__/save.cpython-310.pyc,cpython-310,3439,True,4,pylingual_decompilable,data/artifacts/pypi/verses/2.2.0/verses-2.2.0.tar.gz
marshal,error,marshal_parse_failure,marshal_failed:,verses-2.2.0.tar.gz,verses,2.2.0,tar,verses-2.2.0/parties/verses/modules/moves/__pycache__/mint_to_trends.cpython-310.pyc,cpython-310,3439,True,4,pylingual_decompilable,data/artifacts/pypi/verses/2.2.0/verses-2.2.0.tar.gz
decompyle3,exit_2,tool_exit,/root/PyBC-Sec/pybcSEC/data/rq2/envs/cpython-310/lib/python3.10/site-packages/click/core.py:1262: UserWarning: The parameter --version is used more than once. Remove its duplicate as parameters should be unique. parser = self.make_parser...,verses-2.2.0.tar.gz,verses,2.2.0,tar,verses-2.2.0/parties/verses/modules/moves/__pycache__/mint_to_trends.cpython-310.pyc,cpython-310,3439,True,4,pylingual_decompilable,data/artifacts/pypi/verses/2.2.0/verses-2.2.0.tar.gz
marshal,error,marshal_parse_failure,marshal_failed:,verses-2.2.0.tar.gz,verses,2.2.0,tar,verses-2.2.0/parties/verses/modules/moves/__pycache__/on.cpython-310.pyc,cpython-310,3439,False,4,pylingual_decompilable,data/artifacts/pypi/verses/2.2.0/verses-2.2.0.tar.gz
decompyle3,exit_2,tool_exit,/root/PyBC-Sec/pybcSEC/data/rq2/envs/cpython-310/lib/python3.10/site-packages/click/core.py:1262: UserWarning: The parameter --version is used more than once. Remove its duplicate as parameters should be unique. parser = self.make_parser...,verses-2.2.0.tar.gz,verses,2.2.0,tar,verses-2.2.0/parties/verses/modules/moves/__pycache__/on.cpython-310.pyc,cpython-310,3439,False,4,pylingual_decompilable,data/artifacts/pypi/verses/2.2.0/verses-2.2.0.tar.gz
marshal,error,marshal_parse_failure,marshal_failed:,verses-2.2.0.tar.gz,verses,2.2.0,tar,verses-2.2.0/parties/verses/modules/moves/__pycache__/show.cpython-310.pyc,cpython-310,3439,False,4,pylingual_decompilable,data/artifacts/pypi/verses/2.2.0/verses-2.2.0.tar.gz
decompyle3,exit_2,tool_exit,/root/PyBC-Sec/pybcSEC/data/rq2/envs/cpython-310/lib/python3.10/site-packages/click/core.py:1262: UserWarning: The parameter --version is used more than once. Remove its duplicate as parameters should be unique. parser = self.make_parser...,verses-2.2.0.tar.gz,verses,2.2.0,tar,verses-2.2.0/parties/verses/modules/moves/__pycache__/show.cpython-310.pyc,cpython-310,3439,False,4,pylingual_decompilable,data/artifacts/pypi/verses/2.2.0/verses-2.2.0.tar.gz
decompyle3,exit_2,tool_exit,"Traceback (most recent call last): File ""/root/PyBC-Sec/pybcSEC/data/rq2/envs/cpython-38/lib/python3.8/site-packages/xdis/load.py"", line 328, in load_module_from_file_object co = marshal.loads(bytecode) ValueError: bad marshal data (unkn...",vitis-quantizer-0.1.3.tar.gz,vitis-quantizer,0.1.3,tar,vitis-quantizer-0.1.3/vitis_quantizer/graph_transformations/__pycache__/model_transformer_test.cpython-38-PYTEST.pyc,cpython-38,3413,False,4,pylingual_decompilable,data/artifacts/pypi/vitis-quantizer/0.1.3/vitis-quantizer-0.1.3.tar.gz
decompyle3,exit_2,tool_exit,"Traceback (most recent call last): File ""/root/PyBC-Sec/pybcSEC/data/rq2/envs/cpython-38/lib/python3.8/site-packages/xdis/load.py"", line 328, in load_module_from_file_object co = marshal.loads(bytecode) ValueError: bad marshal data (unkn...",vitis-quantizer-0.1.3.tar.gz,vitis-quantizer,0.1.3,tar,vitis-quantizer-0.1.3/vitis_quantizer/graph_transformations/__pycache__/transforms_test.cpython-38-PYTEST.pyc,cpython-38,3413,False,4,pylingual_decompilable,data/artifacts/pypi/vitis-quantizer/0.1.3/vitis-quantizer-0.1.3.tar.gz
marshal,error,marshal_parse_failure,marshal_failed:,vegan-2.6.0.tar.gz,vegan,2.6.0,tar,vegan-2.6.0/venues/stages/vegan/adventures/monetary/DB/vegan_tract/_land/__pycache__/insert_document.cpython-310.pyc,cpython-310,3439,True,4,pylingual_decompilable,data/artifacts/pypi/vegan/2.6.0/vegan-2.6.0.tar.gz
decompyle3,exit_2,tool_exit,/root/PyBC-Sec/pybcSEC/data/rq2/envs/cpython-310/lib/python3.10/site-packages/click/core.py:1262: UserWarning: The parameter --version is used more than once. Remove its duplicate as parameters should be unique. parser = self.make_parser...,vegan-2.6.0.tar.gz,vegan,2.6.0,tar,vegan-2.6.0/venues/stages/vegan/adventures/monetary/DB/vegan_tract/_land/__pycache__/insert_document.cpython-310.pyc,cpython-310,3439,True,4,pylingual_decompilable,data/artifacts/pypi/vegan/2.6.0/vegan-2.6.0.tar.gz
marshal,error,marshal_parse_failure,marshal_failed:,vegan-2.6.0.tar.gz,vegan,2.6.0,tar,vegan-2.6.0/venues/stages/vegan/besties/supp_NIH/nature_v2/form/serving_size/amount/__pycache__/__init__.cpython-311.pyc,cpython-311,42946,True,4,pylingual_decompilable,data/artifacts/pypi/vegan/2.6.0/vegan-2.6.0.tar.gz
decompyle3,exit_2,tool_exit,/root/PyBC-Sec/pybcSEC/data/rq2/envs/cpython-311/lib/python3.11/site-packages/click/core.py:1262: UserWarning: The parameter --version is used more than once. Remove its duplicate as parameters should be unique. parser = self.make_parser...,vegan-2.6.0.tar.gz,vegan,2.6.0,tar,vegan-2.6.0/venues/stages/vegan/besties/supp_NIH/nature_v2/form/serving_size/amount/__pycache__/__init__.cpython-311.pyc,cpython-311,42946,True,4,pylingual_decompilable,data/artifacts/pypi/vegan/2.6.0/vegan-2.6.0.tar.gz
marshal,error,marshal_parse_failure,marshal_failed:,vegan-2.6.0.tar.gz,vegan,2.6.0,tar,vegan-2.6.0/venues/stages/vegan/besties/supp_NIH/nature_v2/form/unit/__pycache__/__init__.cpython-311.pyc,cpython-311,42946,True,4,pylingual_decompilable,data/artifacts/pypi/vegan/2.6.0/vegan-2.6.0.tar.gz
decompyle3,exit_2,tool_exit,/root/PyBC-Sec/pybcSEC/data/rq2/envs/cpython-311/lib/python3.11/site-packages/click/core.py:1262: UserWarning: The parameter --version is used more than once. Remove its duplicate as parameters should be unique. parser = self.make_parser...,vegan-2.6.0.tar.gz,vegan,2.6.0,tar,vegan-2.6.0/venues/stages/vegan/besties/supp_NIH/nature_v2/form/unit/__pycache__/__init__.cpython-311.pyc,cpython-311,42946,True,4,pylingual_decompilable,data/artifacts/pypi/vegan/2.6.0/vegan-2.6.0.tar.gz
marshal,error,marshal_parse_failure,marshal_failed:,vegan-2.6.0.tar.gz,vegan,2.6.0,tar,vegan-2.6.0/venues/stages/vegan/mixes/insure/__pycache__/equalities.cpython-311.pyc,cpython-311,42946,True,4,pylingual_decompilable,data/artifacts/pypi/vegan/2.6.0/vegan-2.6.0.tar.gz
decompyle3,exit_2,tool_exit,/root/PyBC-Sec/pybcSEC/data/rq2/envs/cpython-311/lib/python3.11/site-packages/click/core.py:1262: UserWarning: The parameter --version is used more than once. Remove its duplicate as parameters should be unique. parser = self.make_parser...,vegan-2.6.0.tar.gz,vegan,2.6.0,tar,vegan-2.6.0/venues/stages/vegan/mixes/insure/__pycache__/equalities.cpython-311.pyc,cpython-311,42946,True,4,pylingual_decompilable,data/artifacts/pypi/vegan/2.6.0/vegan-2.6.0.tar.gz
marshal,error,marshal_parse_failure,marshal_failed:,vegan-2.6.0.tar.gz,vegan,2.6.0,tar,vegan-2.6.0/venues/stages/vegan/mixes/insure/__pycache__/equality.cpython-311.pyc,cpython-311,42946,True,4,pylingual_decompilable,data/artifacts/pypi/vegan/2.6.0/vegan-2.6.0.tar.gz
decompyle3,exit_2,tool_exit,/root/PyBC-Sec/pybcSEC/data/rq2/envs/cpython-311/lib/python3.11/site-packages/click/core.py:1262: UserWarning: The parameter --version is used more than once. Remove its duplicate as parameters should be unique. parser = self.make_parser...,vegan-2.6.0.tar.gz,vegan,2.6.0,tar,vegan-2.6.0/venues/stages/vegan/mixes/insure/__pycache__/equality.cpython-311.pyc,cpython-311,42946,True,4,pylingual_decompilable,data/artifacts/pypi/vegan/2.6.0/vegan-2.6.0.tar.gz
marshal,error,marshal_parse_failure,marshal_failed:,vegan-2.6.0.tar.gz,vegan,2.6.0,tar,vegan-2.6.0/venues/stages/vegan/mixes/insure/__pycache__/override_print.cpython-311.pyc,cpython-311,42946,True,4,pylingual_decompilable,data/artifacts/pypi/vegan/2.6.0/vegan-2.6.0.tar.gz
decompyle3,exit_2,tool_exit,/root/PyBC-Sec/pybcSEC/data/rq2/envs/cpython-311/lib/python3.11/site-packages/click/core.py:1262: UserWarning: The parameter --version is used more than once. Remove its duplicate as parameters should be unique. parser = self.make_parser...,vegan-2.6.0.tar.gz,vegan,2.6.0,tar,vegan-2.6.0/venues/stages/vegan/mixes/insure/__pycache__/override_print.cpython-311.pyc,cpython-311,42946,True,4,pylingual_decompilable,data/artifacts/pypi/vegan/2.6.0/vegan-2.6.0.tar.gz
marshal,error,marshal_parse_failure,marshal_failed:,wedding-1.0.1.tar.gz,wedding,1.0.1,tar,wedding-1.0.1/venues/stages/wedding/_ops/_clique/__pycache__/__init__.cpython-311.pyc,cpython-311,42946,True,4,pylingual_decompilable,data/artifacts/pypi/wedding/1.0.1/wedding-1.0.1.tar.gz
decompyle3,exit_2,tool_exit,/root/PyBC-Sec/pybcSEC/data/rq2/envs/cpython-311/lib/python3.11/site-packages/click/core.py:1262: UserWarning: The parameter --version is used more than once. Remove its duplicate as parameters should be unique. parser = self.make_parser...,wedding-1.0.1.tar.gz,wedding,1.0.1,tar,wedding-1.0.1/venues/stages/wedding/_ops/_clique/__pycache__/__init__.cpython-311.pyc,cpython-311,42946,True,4,pylingual_decompilable,data/artifacts/pypi/wedding/1.0.1/wedding-1.0.1.tar.gz
marshal,error,marshal_parse_failure,marshal_failed:,wedding-1.0.1.tar.gz,wedding,1.0.1,tar,wedding-1.0.1/venues/stages/wedding/_ops/_clique/group/__pycache__/__init__.cpython-311.pyc,cpython-311,42946,True,4,pylingual_decompilable,data/artifacts/pypi/wedding/1.0.1/wedding-1.0.1.tar.gz
decompyle3,exit_2,tool_exit,/root/PyBC-Sec/pybcSEC/data/rq2/envs/cpython-311/lib/python3.11/site-packages/click/core.py:1262: UserWarning: The parameter --version is used more than once. Remove its duplicate as parameters should be unique. parser = self.make_parser...,wedding-1.0.1.tar.gz,wedding,1.0.1,tar,wedding-1.0.1/venues/stages/wedding/_ops/_clique/group/__pycache__/__init__.cpython-311.pyc,cpython-311,42946,True,4,pylingual_decompilable,data/artifacts/pypi/wedding/1.0.1/wedding-1.0.1.tar.gz
decompyle3,exit_2,tool_exit,"Traceback (most recent call last): File ""/root/PyBC-Sec/pybcSEC/data/rq2/envs/cpython-39/lib/python3.9/site-packages/xdis/load.py"", line 328, in load_module_from_file_object co = marshal.loads(bytecode) ValueError: bad marshal data (unkn...",Whale-GoogleAnalytics-1.26.tar.gz,whale-googleanalytics,1.26,tar,Whale-GoogleAnalytics-1.26/whale_googleanalytics/server/__pycache__/test_api.cpython-39-pytest-5.4.3.pyc,cpython-39,3425,True,4,pylingual_decompilable,data/artifacts/pypi/whale-googleanalytics/1.26/Whale-GoogleAnalytics-1.26.tar.gz
marshal,error,marshal_parse_failure,marshal_failed:,womb-1.5.0.tar.gz,womb,1.5.0,tar,womb-1.5.0/venues/stages/womb/_ops/_clique/__pycache__/__init__.cpython-311.pyc,cpython-311,42946,True,4,pylingual_decompilable,data/artifacts/pypi/womb/1.5.0/womb-1.5.0.tar.gz
decompyle3,exit_2,tool_exit,/root/PyBC-Sec/pybcSEC/data/rq2/envs/cpython-311/lib/python3.11/site-packages/click/core.py:1262: UserWarning: The parameter --version is used more than once. Remove its duplicate as parameters should be unique. parser = self.make_parser...,womb-1.5.0.tar.gz,womb,1.5.0,tar,womb-1.5.0/venues/stages/womb/_ops/_clique/__pycache__/__init__.cpython-311.pyc,cpython-311,42946,True,4,pylingual_decompilable,data/artifacts/pypi/womb/1.5.0/womb-1.5.0.tar.gz
marshal,error,marshal_parse_failure,marshal_failed:,womb-1.5.0.tar.gz,womb,1.5.0,tar,womb-1.5.0/venues/stages/womb/_ops/_clique/group/__pycache__/__init__.cpython-311.pyc,cpython-311,42946,True,4,pylingual_decompilable,data/artifacts/pypi/womb/1.5.0/womb-1.5.0.tar.gz
decompyle3,exit_2,tool_exit,/root/PyBC-Sec/pybcSEC/data/rq2/envs/cpython-311/lib/python3.11/site-packages/click/core.py:1262: UserWarning: The parameter --version is used more than once. Remove its duplicate as parameters should be unique. parser = self.make_parser...,womb-1.5.0.tar.gz,womb,1.5.0,tar,womb-1.5.0/venues/stages/womb/_ops/_clique/group/__pycache__/__init__.cpython-311.pyc,cpython-311,42946,True,4,pylingual_decompilable,data/artifacts/pypi/womb/1.5.0/womb-1.5.0.tar.gz
decompyle3,timeout,timeout,timeout_after_600s,workadays-2023.12.30.tar.gz,workadays,2023.12.30,tar,workadays-2023.12.30/workadays/__pycache__/united_states.cpython-38.pyc,cpython-38,3413,True,4,pylingual_decompilable,data/artifacts/pypi/workadays/2023.12.30/workadays-2023.12.30.tar.gz
decompyle3,timeout,timeout,timeout_after_600s,transformerslocal-0.0.4.tar.gz,transformerslocal,0.0.4,tar,transformerslocal-0.0.4/transformerslocal/src/transformers/__pycache__/__init__.cpython-38.pyc,cpython-38,3413,True,4,pylingual_decompilable,data/artifacts/pypi/transformerslocal/0.0.4/transformerslocal-0.0.4.tar.gz
decompyle3,timeout,timeout,timeout_after_600s,transformerslocal-0.0.4.tar.gz,transformerslocal,0.0.4,tar,transformerslocal-0.0.4/transformerslocal/src/transformers/__pycache__/modeling_utils.cpython-38.pyc,cpython-38,3413,True,4,pylingual_decompilable,data/artifacts/pypi/transformerslocal/0.0.4/transformerslocal-0.0.4.tar.gz
decompyle3,timeout,timeout,timeout_after_600s,transformerslocal-0.0.4.tar.gz,transformerslocal,0.0.4,tar,transformerslocal-0.0.4/transformerslocal/src/transformers/__pycache__/training_args.cpython-38.pyc,cpython-38,3413,True,4,pylingual_decompilable,data/artifacts/pypi/transformerslocal/0.0.4/transformerslocal-0.0.4.tar.gz
decompyle3,timeout,timeout,timeout_after_600s,transformerslocal-0.0.4.tar.gz,transformerslocal,0.0.4,tar,transformerslocal-0.0.4/transformerslocal/src/transformers/generation/__pycache__/utils.cpython-38.pyc,cpython-38,3413,True,4,pylingual_decompilable,data/artifacts/pypi/transformerslocal/0.0.4/transformerslocal-0.0.4.tar.gz
decompyle3,exit_2,tool_exit,"Traceback (most recent call last): File ""/root/PyBC-Sec/pybcSEC/data/rq2/envs/cpython-38/lib/python3.8/site-packages/xdis/load.py"", line 328, in load_module_from_file_object co = marshal.loads(bytecode) ValueError: bad marshal data (unkn...",ya-aioclient-0.6.4.tar.gz,ya-aioclient,0.6.4,tar,ya-aioclient-0.6.4/src/ya_activity/test/__pycache__/test_activity_state.cpython-38-pytest-5.4.3.pyc,cpython-38,3413,True,4,pylingual_decompilable,data/artifacts/pypi/ya-aioclient/0.6.4/ya-aioclient-0.6.4.tar.gz
decompyle3,exit_2,tool_exit,"Traceback (most recent call last): File ""/root/PyBC-Sec/pybcSEC/data/rq2/envs/cpython-38/lib/python3.8/site-packages/xdis/load.py"", line 328, in load_module_from_file_object co = marshal.loads(bytecode) ValueError: bad marshal data (unkn...",ya-aioclient-0.6.4.tar.gz,ya-aioclient,0.6.4,tar,ya-aioclient-0.6.4/src/ya_activity/test/__pycache__/test_activity_usage.cpython-38-pytest-5.4.3.pyc,cpython-38,3413,True,4,pylingual_decompilable,data/artifacts/pypi/ya-aioclient/0.6.4/ya-aioclient-0.6.4.tar.gz
decompyle3,exit_2,tool_exit,"Traceback (most recent call last): File ""/root/PyBC-Sec/pybcSEC/data/rq2/envs/cpython-38/lib/python3.8/site-packages/xdis/load.py"", line 328, in load_module_from_file_object co = marshal.loads(bytecode) ValueError: bad marshal data (unkn...",ya-aioclient-0.6.4.tar.gz,ya-aioclient,0.6.4,tar,ya-aioclient-0.6.4/src/ya_activity/test/__pycache__/test_command_output_bin.cpython-38-pytest-5.4.3.pyc,cpython-38,3413,True,4,pylingual_decompilable,data/artifacts/pypi/ya-aioclient/0.6.4/ya-aioclient-0.6.4.tar.gz
decompyle3,exit_2,tool_exit,"Traceback (most recent call last): File ""/root/PyBC-Sec/pybcSEC/data/rq2/envs/cpython-38/lib/python3.8/site-packages/xdis/load.py"", line 328, in load_module_from_file_object co = marshal.loads(bytecode) ValueError: bad marshal data (unkn...",ya-aioclient-0.6.4.tar.gz,ya-aioclient,0.6.4,tar,ya-aioclient-0.6.4/src/ya_activity/test/__pycache__/test_command_output_bin_all_of.cpython-38-pytest-5.4.3.pyc,cpython-38,3413,True,4,pylingual_decompilable,data/artifacts/pypi/ya-aioclient/0.6.4/ya-aioclient-0.6.4.tar.gz
decompyle3,exit_2,tool_exit,"Traceback (most recent call last): File ""/root/PyBC-Sec/pybcSEC/data/rq2/envs/cpython-38/lib/python3.8/site-packages/xdis/load.py"", line 328, in load_module_from_file_object co = marshal.loads(bytecode) ValueError: bad marshal data (unkn...",ya-aioclient-0.6.4.tar.gz,ya-aioclient,0.6.4,tar,ya-aioclient-0.6.4/src/ya_activity/test/__pycache__/test_command_output_str.cpython-38-pytest-5.4.3.pyc,cpython-38,3413,True,4,pylingual_decompilable,data/artifacts/pypi/ya-aioclient/0.6.4/ya-aioclient-0.6.4.tar.gz
decompyle3,exit_2,tool_exit,"Traceback (most recent call last): File ""/root/PyBC-Sec/pybcSEC/data/rq2/envs/cpython-38/lib/python3.8/site-packages/xdis/load.py"", line 328, in load_module_from_file_object co = marshal.loads(bytecode) ValueError: bad marshal data (unkn...",ya-aioclient-0.6.4.tar.gz,ya-aioclient,0.6.4,tar,ya-aioclient-0.6.4/src/ya_activity/test/__pycache__/test_command_output_str_all_of.cpython-38-pytest-5.4.3.pyc,cpython-38,3413,True,4,pylingual_decompilable,data/artifacts/pypi/ya-aioclient/0.6.4/ya-aioclient-0.6.4.tar.gz
decompyle3,exit_2,tool_exit,"Traceback (most recent call last): File ""/root/PyBC-Sec/pybcSEC/data/rq2/envs/cpython-38/lib/python3.8/site-packages/xdis/load.py"", line 328, in load_module_from_file_object co = marshal.loads(bytecode) ValueError: bad marshal data (unkn...",ya-aioclient-0.6.4.tar.gz,ya-aioclient,0.6.4,tar,ya-aioclient-0.6.4/src/ya_activity/test/__pycache__/test_create_activity.cpython-38-pytest-5.4.3.pyc,cpython-38,3413,True,4,pylingual_decompilable,data/artifacts/pypi/ya-aioclient/0.6.4/ya-aioclient-0.6.4.tar.gz
decompyle3,exit_2,tool_exit,"Traceback (most recent call last): File ""/root/PyBC-Sec/pybcSEC/data/rq2/envs/cpython-38/lib/python3.8/site-packages/xdis/load.py"", line 328, in load_module_from_file_object co = marshal.loads(bytecode) ValueError: bad marshal data (unkn...",ya-aioclient-0.6.4.tar.gz,ya-aioclient,0.6.4,tar,ya-aioclient-0.6.4/src/ya_activity/test/__pycache__/test_create_activity_all_of.cpython-38-pytest-5.4.3.pyc,cpython-38,3413,True,4,pylingual_decompilable,data/artifacts/pypi/ya-aioclient/0.6.4/ya-aioclient-0.6.4.tar.gz
decompyle3,exit_2,tool_exit,"Traceback (most recent call last): File ""/root/PyBC-Sec/pybcSEC/data/rq2/envs/cpython-38/lib/python3.8/site-packages/xdis/load.py"", line 328, in load_module_from_file_object co = marshal.loads(bytecode) ValueError: bad marshal data (unkn...",ya-aioclient-0.6.4.tar.gz,ya-aioclient,0.6.4,tar,ya-aioclient-0.6.4/src/ya_activity/test/__pycache__/test_create_activity_request.cpython-38-pytest-5.4.3.pyc,cpython-38,3413,True,4,pylingual_decompilable,data/artifacts/pypi/ya-aioclient/0.6.4/ya-aioclient-0.6.4.tar.gz
decompyle3,exit_2,tool_exit,"Traceback (most recent call last): File ""/root/PyBC-Sec/pybcSEC/data/rq2/envs/cpython-38/lib/python3.8/site-packages/xdis/load.py"", line 328, in load_module_from_file_object co = marshal.loads(bytecode) ValueError: bad marshal data (unkn...",ya-aioclient-0.6.4.tar.gz,ya-aioclient,0.6.4,tar,ya-aioclient-0.6.4/src/ya_activity/test/__pycache__/test_create_activity_result.cpython-38-pytest-5.4.3.pyc,cpython-38,3413,True,4,pylingual_decompilable,data/artifacts/pypi/ya-aioclient/0.6.4/ya-aioclient-0.6.4.tar.gz
decompyle3,exit_2,tool_exit,"Traceback (most recent call last): File ""/root/PyBC-Sec/pybcSEC/data/rq2/envs/cpython-38/lib/python3.8/site-packages/xdis/load.py"", line 328, in load_module_from_file_object co = marshal.loads(bytecode) ValueError: bad marshal data (unkn...",ya-aioclient-0.6.4.tar.gz,ya-aioclient,0.6.4,tar,ya-aioclient-0.6.4/src/ya_activity/test/__pycache__/test_credentials.cpython-38-pytest-5.4.3.pyc,cpython-38,3413,True,4,pylingual_decompilable,data/artifacts/pypi/ya-aioclient/0.6.4/ya-aioclient-0.6.4.tar.gz
decompyle3,exit_2,tool_exit,"Traceback (most recent call last): File ""/root/PyBC-Sec/pybcSEC/data/rq2/envs/cpython-38/lib/python3.8/site-packages/xdis/load.py"", line 328, in load_module_from_file_object co = marshal.loads(bytecode) ValueError: bad marshal data (unkn...",ya-aioclient-0.6.4.tar.gz,ya-aioclient,0.6.4,tar,ya-aioclient-0.6.4/src/ya_activity/test/__pycache__/test_deploy_command.cpython-38-pytest-5.4.3.pyc,cpython-38,3413,True,4,pylingual_decompilable,data/artifacts/pypi/ya-aioclient/0.6.4/ya-aioclient-0.6.4.tar.gz
decompyle3,exit_2,tool_exit,"Traceback (most recent call last): File ""/root/PyBC-Sec/pybcSEC/data/rq2/envs/cpython-38/lib/python3.8/site-packages/xdis/load.py"", line 328, in load_module_from_file_object co = marshal.loads(bytecode) ValueError: bad marshal data (unkn...",ya-aioclient-0.6.4.tar.gz,ya-aioclient,0.6.4,tar,ya-aioclient-0.6.4/src/ya_activity/test/__pycache__/test_deploy_command_all_of.cpython-38-pytest-5.4.3.pyc,cpython-38,3413,True,4,pylingual_decompilable,data/artifacts/pypi/ya-aioclient/0.6.4/ya-aioclient-0.6.4.tar.gz
decompyle3,exit_2,tool_exit,"Traceback (most recent call last): File ""/root/PyBC-Sec/pybcSEC/data/rq2/envs/cpython-38/lib/python3.8/site-packages/xdis/load.py"", line 328, in load_module_from_file_object co = marshal.loads(bytecode) ValueError: bad marshal data (unkn...",ya-aioclient-0.6.4.tar.gz,ya-aioclient,0.6.4,tar,ya-aioclient-0.6.4/src/ya_activity/test/__pycache__/test_deploy_command_body.cpython-38-pytest-5.4.3.pyc,cpython-38,3413,True,4,pylingual_decompilable,data/artifacts/pypi/ya-aioclient/0.6.4/ya-aioclient-0.6.4.tar.gz
decompyle3,exit_2,tool_exit,"Traceback (most recent call last): File ""/root/PyBC-Sec/pybcSEC/data/rq2/envs/cpython-38/lib/python3.8/site-packages/xdis/load.py"", line 328, in load_module_from_file_object co = marshal.loads(bytecode) ValueError: bad marshal data (unkn...",ya-aioclient-0.6.4.tar.gz,ya-aioclient,0.6.4,tar,ya-aioclient-0.6.4/src/ya_activity/test/__pycache__/test_deploy_network.cpython-38-pytest-5.4.3.pyc,cpython-38,3413,True,4,pylingual_decompilable,data/artifacts/pypi/ya-aioclient/0.6.4/ya-aioclient-0.6.4.tar.gz
decompyle3,exit_2,tool_exit,"Traceback (most recent call last): File ""/root/PyBC-Sec/pybcSEC/data/rq2/envs/cpython-38/lib/python3.8/site-packages/xdis/load.py"", line 328, in load_module_from_file_object co = marshal.loads(bytecode) ValueError: bad marshal data (unkn...",ya-aioclient-0.6.4.tar.gz,ya-aioclient,0.6.4,tar,ya-aioclient-0.6.4/src/ya_activity/test/__pycache__/test_destroy_activity.cpython-38-pytest-5.4.3.pyc,cpython-38,3413,True,4,pylingual_decompilable,data/artifacts/pypi/ya-aioclient/0.6.4/ya-aioclient-0.6.4.tar.gz
decompyle3,exit_2,tool_exit,"Traceback (most recent call last): File ""/root/PyBC-Sec/pybcSEC/data/rq2/envs/cpython-38/lib/python3.8/site-packages/xdis/load.py"", line 328, in load_module_from_file_object co = marshal.loads(bytecode) ValueError: bad marshal data (unkn...",ya-aioclient-0.6.4.tar.gz,ya-aioclient,0.6.4,tar,ya-aioclient-0.6.4/src/ya_activity/test/__pycache__/test_error_message.cpython-38-pytest-5.4.3.pyc,cpython-38,3413,True,4,pylingual_decompilable,data/artifacts/pypi/ya-aioclient/0.6.4/ya-aioclient-0.6.4.tar.gz
decompyle3,exit_2,tool_exit,"Traceback (most recent call last): File ""/root/PyBC-Sec/pybcSEC/data/rq2/envs/cpython-38/lib/python3.8/site-packages/xdis/load.py"", line 328, in load_module_from_file_object co = marshal.loads(bytecode) ValueError: bad marshal data (unkn...",ya-aioclient-0.6.4.tar.gz,ya-aioclient,0.6.4,tar,ya-aioclient-0.6.4/src/ya_activity/test/__pycache__/test_exe_script_command_result.cpython-38-pytest-5.4.3.pyc,cpython-38,3413,True,4,pylingual_decompilable,data/artifacts/pypi/ya-aioclient/0.6.4/ya-aioclient-0.6.4.tar.gz
decompyle3,exit_2,tool_exit,"Traceback (most recent call last): File ""/root/PyBC-Sec/pybcSEC/data/rq2/envs/cpython-38/lib/python3.8/site-packages/xdis/load.py"", line 328, in load_module_from_file_object co = marshal.loads(bytecode) ValueError: bad marshal data (unkn...",ya-aioclient-0.6.4.tar.gz,ya-aioclient,0.6.4,tar,ya-aioclient-0.6.4/src/ya_activity/test/__pycache__/test_exe_script_command_state.cpython-38-pytest-5.4.3.pyc,cpython-38,3413,True,4,pylingual_decompilable,data/artifacts/pypi/ya-aioclient/0.6.4/ya-aioclient-0.6.4.tar.gz
decompyle3,exit_2,tool_exit,"Traceback (most recent call last): File ""/root/PyBC-Sec/pybcSEC/data/rq2/envs/cpython-38/lib/python3.8/site-packages/xdis/load.py"", line 328, in load_module_from_file_object co = marshal.loads(bytecode) ValueError: bad marshal data (unkn...",ya-aioclient-0.6.4.tar.gz,ya-aioclient,0.6.4,tar,ya-aioclient-0.6.4/src/ya_activity/test/__pycache__/test_exe_script_request.cpython-38-pytest-5.4.3.pyc,cpython-38,3413,True,4,pylingual_decompilable,data/artifacts/pypi/ya-aioclient/0.6.4/ya-aioclient-0.6.4.tar.gz
decompyle3,exit_2,tool_exit,"Traceback (most recent call last): File ""/root/PyBC-Sec/pybcSEC/data/rq2/envs/cpython-38/lib/python3.8/site-packages/xdis/load.py"", line 328, in load_module_from_file_object co = marshal.loads(bytecode) ValueError: bad marshal data (unkn...",ya-aioclient-0.6.4.tar.gz,ya-aioclient,0.6.4,tar,ya-aioclient-0.6.4/src/ya_activity/test/__pycache__/test_file_set.cpython-38-pytest-5.4.3.pyc,cpython-38,3413,True,4,pylingual_decompilable,data/artifacts/pypi/ya-aioclient/0.6.4/ya-aioclient-0.6.4.tar.gz
decompyle3,exit_2,tool_exit,"Traceback (most recent call last): File ""/root/PyBC-Sec/pybcSEC/data/rq2/envs/cpython-38/lib/python3.8/site-packages/xdis/load.py"", line 328, in load_module_from_file_object co = marshal.loads(bytecode) ValueError: bad marshal data (unkn...",ya-aioclient-0.6.4.tar.gz,ya-aioclient,0.6.4,tar,ya-aioclient-0.6.4/src/ya_activity/test/__pycache__/test_get_activity_state.cpython-38-pytest-5.4.3.pyc,cpython-38,3413,True,4,pylingual_decompilable,data/artifacts/pypi/ya-aioclient/0.6.4/ya-aioclient-0.6.4.tar.gz
decompyle3,exit_2,tool_exit,"Traceback (most recent call last): File ""/root/PyBC-Sec/pybcSEC/data/rq2/envs/cpython-38/lib/python3.8/site-packages/xdis/load.py"", line 328, in load_module_from_file_object co = marshal.loads(bytecode) ValueError: bad marshal data (unkn...",ya-aioclient-0.6.4.tar.gz,ya-aioclient,0.6.4,tar,ya-aioclient-0.6.4/src/ya_activity/test/__pycache__/test_get_activity_usage.cpython-38-pytest-5.4.3.pyc,cpython-38,3413,True,4,pylingual_decompilable,data/artifacts/pypi/ya-aioclient/0.6.4/ya-aioclient-0.6.4.tar.gz
decompyle3,exit_2,tool_exit,"Traceback (most recent call last): File ""/root/PyBC-Sec/pybcSEC/data/rq2/envs/cpython-38/lib/python3.8/site-packages/xdis/load.py"", line 328, in load_module_from_file_object co = marshal.loads(bytecode) ValueError: bad marshal data (unkn...",ya-aioclient-0.6.4.tar.gz,ya-aioclient,0.6.4,tar,ya-aioclient-0.6.4/src/ya_activity/test/__pycache__/test_provider_api.cpython-38-pytest-5.4.3.pyc,cpython-38,3413,True,4,pylingual_decompilable,data/artifacts/pypi/ya-aioclient/0.6.4/ya-aioclient-0.6.4.tar.gz
decompyle3,exit_2,tool_exit,"Traceback (most recent call last): File ""/root/PyBC-Sec/pybcSEC/data/rq2/envs/cpython-38/lib/python3.8/site-packages/xdis/load.py"", line 328, in load_module_from_file_object co = marshal.loads(bytecode) ValueError: bad marshal data (unkn...",ya-aioclient-0.6.4.tar.gz,ya-aioclient,0.6.4,tar,ya-aioclient-0.6.4/src/ya_activity/test/__pycache__/test_provider_event.cpython-38-pytest-5.4.3.pyc,cpython-38,3413,True,4,pylingual_decompilable,data/artifacts/pypi/ya-aioclient/0.6.4/ya-aioclient-0.6.4.tar.gz
decompyle3,exit_2,tool_exit,"Traceback (most recent call last): File ""/root/PyBC-Sec/pybcSEC/data/rq2/envs/cpython-38/lib/python3.8/site-packages/xdis/load.py"", line 328, in load_module_from_file_object co = marshal.loads(bytecode) ValueError: bad marshal data (unkn...",ya-aioclient-0.6.4.tar.gz,ya-aioclient,0.6.4,tar,ya-aioclient-0.6.4/src/ya_activity/test/__pycache__/test_requestor_control_api.cpython-38-pytest-5.4.3.pyc,cpython-38,3413,True,4,pylingual_decompilable,data/artifacts/pypi/ya-aioclient/0.6.4/ya-aioclient-0.6.4.tar.gz
decompyle3,exit_2,tool_exit,"Traceback (most recent call last): File ""/root/PyBC-Sec/pybcSEC/data/rq2/envs/cpython-38/lib/python3.8/site-packages/xdis/load.py"", line 328, in load_module_from_file_object co = marshal.loads(bytecode) ValueError: bad marshal data (unkn...",ya-aioclient-0.6.4.tar.gz,ya-aioclient,0.6.4,tar,ya-aioclient-0.6.4/src/ya_activity/test/__pycache__/test_requestor_state_api.cpython-38-pytest-5.4.3.pyc,cpython-38,3413,True,4,pylingual_decompilable,data/artifacts/pypi/ya-aioclient/0.6.4/ya-aioclient-0.6.4.tar.gz
decompyle3,exit_2,tool_exit,"Traceback (most recent call last): File ""/root/PyBC-Sec/pybcSEC/data/rq2/envs/cpython-38/lib/python3.8/site-packages/xdis/load.py"", line 328, in load_module_from_file_object co = marshal.loads(bytecode) ValueError: bad marshal data (unkn...",ya-aioclient-0.6.4.tar.gz,ya-aioclient,0.6.4,tar,ya-aioclient-0.6.4/src/ya_activity/test/__pycache__/test_run_command.cpython-38-pytest-5.4.3.pyc,cpython-38,3413,True,4,pylingual_decompilable,data/artifacts/pypi/ya-aioclient/0.6.4/ya-aioclient-0.6.4.tar.gz
decompyle3,exit_2,tool_exit,"Traceback (most recent call last): File ""/root/PyBC-Sec/pybcSEC/data/rq2/envs/cpython-38/lib/python3.8/site-packages/xdis/load.py"", line 328, in load_module_from_file_object co = marshal.loads(bytecode) ValueError: bad marshal data (unkn...",ya-aioclient-0.6.4.tar.gz,ya-aioclient,0.6.4,tar,ya-aioclient-0.6.4/src/ya_activity/test/__pycache__/test_run_command_all_of.cpython-38-pytest-5.4.3.pyc,cpython-38,3413,True,4,pylingual_decompilable,data/artifacts/pypi/ya-aioclient/0.6.4/ya-aioclient-0.6.4.tar.gz
decompyle3,exit_2,tool_exit,"Traceback (most recent call last): File ""/root/PyBC-Sec/pybcSEC/data/rq2/envs/cpython-38/lib/python3.8/site-packages/xdis/load.py"", line 328, in load_module_from_file_object co = marshal.loads(bytecode) ValueError: bad marshal data (unkn...",ya-aioclient-0.6.4.tar.gz,ya-aioclient,0.6.4,tar,ya-aioclient-0.6.4/src/ya_activity/test/__pycache__/test_run_command_body.cpython-38-pytest-5.4.3.pyc,cpython-38,3413,True,4,pylingual_decompilable,data/artifacts/pypi/ya-aioclient/0.6.4/ya-aioclient-0.6.4.tar.gz
decompyle3,exit_2,tool_exit,"Traceback (most recent call last): File ""/root/PyBC-Sec/pybcSEC/data/rq2/envs/cpython-38/lib/python3.8/site-packages/xdis/load.py"", line 328, in load_module_from_file_object co = marshal.loads(bytecode) ValueError: bad marshal data (unkn...",ya-aioclient-0.6.4.tar.gz,ya-aioclient,0.6.4,tar,ya-aioclient-0.6.4/src/ya_activity/test/__pycache__/test_runtime_event.cpython-38-pytest-5.4.3.pyc,cpython-38,3413,True,4,pylingual_decompilable,data/artifacts/pypi/ya-aioclient/0.6.4/ya-aioclient-0.6.4.tar.gz
decompyle3,exit_2,tool_exit,"Traceback (most recent call last): File ""/root/PyBC-Sec/pybcSEC/data/rq2/envs/cpython-38/lib/python3.8/site-packages/xdis/load.py"", line 328, in load_module_from_file_object co = marshal.loads(bytecode) ValueError: bad marshal data (unkn...",ya-aioclient-0.6.4.tar.gz,ya-aioclient,0.6.4,tar,ya-aioclient-0.6.4/src/ya_activity/test/__pycache__/test_runtime_event_kind_finished.cpython-38-pytest-5.4.3.pyc,cpython-38,3413,True,4,pylingual_decompilable,data/artifacts/pypi/ya-aioclient/0.6.4/ya-aioclient-0.6.4.tar.gz
decompyle3,exit_2,tool_exit,"Traceback (most recent call last): File ""/root/PyBC-Sec/pybcSEC/data/rq2/envs/cpython-38/lib/python3.8/site-packages/xdis/load.py"", line 328, in load_module_from_file_object co = marshal.loads(bytecode) ValueError: bad marshal data (unkn...",ya-aioclient-0.6.4.tar.gz,ya-aioclient,0.6.4,tar,ya-aioclient-0.6.4/src/ya_activity/test/__pycache__/test_runtime_event_kind_finished_all_of.cpython-38-pytest-5.4.3.pyc,cpython-38,3413,True,4,pylingual_decompilable,data/artifacts/pypi/ya-aioclient/0.6.4/ya-aioclient-0.6.4.tar.gz
decompyle3,exit_2,tool_exit,"Traceback (most recent call last): File ""/root/PyBC-Sec/pybcSEC/data/rq2/envs/cpython-38/lib/python3.8/site-packages/xdis/load.py"", line 328, in load_module_from_file_object co = marshal.loads(bytecode) ValueError: bad marshal data (unkn...",ya-aioclient-0.6.4.tar.gz,ya-aioclient,0.6.4,tar,ya-aioclient-0.6.4/src/ya_activity/test/__pycache__/test_runtime_event_kind_finished_body.cpython-38-pytest-5.4.3.pyc,cpython-38,3413,True,4,pylingual_decompilable,data/artifacts/pypi/ya-aioclient/0.6.4/ya-aioclient-0.6.4.tar.gz
decompyle3,exit_2,tool_exit,"Traceback (most recent call last): File ""/root/PyBC-Sec/pybcSEC/data/rq2/envs/cpython-38/lib/python3.8/site-packages/xdis/load.py"", line 328, in load_module_from_file_object co = marshal.loads(bytecode) ValueError: bad marshal data (unkn...",ya-aioclient-0.6.4.tar.gz,ya-aioclient,0.6.4,tar,ya-aioclient-0.6.4/src/ya_activity/test/__pycache__/test_runtime_event_kind_started.cpython-38-pytest-5.4.3.pyc,cpython-38,3413,True,4,pylingual_decompilable,data/artifacts/pypi/ya-aioclient/0.6.4/ya-aioclient-0.6.4.tar.gz
decompyle3,exit_2,tool_exit,"Traceback (most recent call last): File ""/root/PyBC-Sec/pybcSEC/data/rq2/envs/cpython-38/lib/python3.8/site-packages/xdis/load.py"", line 328, in load_module_from_file_object co = marshal.loads(bytecode) ValueError: bad marshal data (unkn...",ya-aioclient-0.6.4.tar.gz,ya-aioclient,0.6.4,tar,ya-aioclient-0.6.4/src/ya_activity/test/__pycache__/test_runtime_event_kind_started_all_of.cpython-38-pytest-5.4.3.pyc,cpython-38,3413,True,4,pylingual_decompilable,data/artifacts/pypi/ya-aioclient/0.6.4/ya-aioclient-0.6.4.tar.gz
decompyle3,exit_2,tool_exit,"Traceback (most recent call last): File ""/root/PyBC-Sec/pybcSEC/data/rq2/envs/cpython-38/lib/python3.8/site-packages/xdis/load.py"", line 328, in load_module_from_file_object co = marshal.loads(bytecode) ValueError: bad marshal data (unkn...",ya-aioclient-0.6.4.tar.gz,ya-aioclient,0.6.4,tar,ya-aioclient-0.6.4/src/ya_activity/test/__pycache__/test_runtime_event_kind_std_err.cpython-38-pytest-5.4.3.pyc,cpython-38,3413,True,4,pylingual_decompilable,data/artifacts/pypi/ya-aioclient/0.6.4/ya-aioclient-0.6.4.tar.gz
decompyle3,exit_2,tool_exit,"Traceback (most recent call last): File ""/root/PyBC-Sec/pybcSEC/data/rq2/envs/cpython-38/lib/python3.8/site-packages/xdis/load.py"", line 328, in load_module_from_file_object co = marshal.loads(bytecode) ValueError: bad marshal data (unkn...",ya-aioclient-0.6.4.tar.gz,ya-aioclient,0.6.4,tar,ya-aioclient-0.6.4/src/ya_activity/test/__pycache__/test_runtime_event_kind_std_err_all_of.cpython-38-pytest-5.4.3.pyc,cpython-38,3413,True,4,pylingual_decompilable,data/artifacts/pypi/ya-aioclient/0.6.4/ya-aioclient-0.6.4.tar.gz
decompyle3,exit_2,tool_exit,"Traceback (most recent call last): File ""/root/PyBC-Sec/pybcSEC/data/rq2/envs/cpython-38/lib/python3.8/site-packages/xdis/load.py"", line 328, in load_module_from_file_object co = marshal.loads(bytecode) ValueError: bad marshal data (unkn...",ya-aioclient-0.6.4.tar.gz,ya-aioclient,0.6.4,tar,ya-aioclient-0.6.4/src/ya_activity/test/__pycache__/test_runtime_event_kind_std_out.cpython-38-pytest-5.4.3.pyc,cpython-38,3413,True,4,pylingual_decompilable,data/artifacts/pypi/ya-aioclient/0.6.4/ya-aioclient-0.6.4.tar.gz
decompyle3,exit_2,tool_exit,"Traceback (most recent call last): File ""/root/PyBC-Sec/pybcSEC/data/rq2/envs/cpython-38/lib/python3.8/site-packages/xdis/load.py"", line 328, in load_module_from_file_object co = marshal.loads(bytecode) ValueError: bad marshal data (unkn...",ya-aioclient-0.6.4.tar.gz,ya-aioclient,0.6.4,tar,ya-aioclient-0.6.4/src/ya_activity/test/__pycache__/test_runtime_event_kind_std_out_all_of.cpython-38-pytest-5.4.3.pyc,cpython-38,3413,True,4,pylingual_decompilable,data/artifacts/pypi/ya-aioclient/0.6.4/ya-aioclient-0.6.4.tar.gz
decompyle3,exit_2,tool_exit,"Traceback (most recent call last): File ""/root/PyBC-Sec/pybcSEC/data/rq2/envs/cpython-38/lib/python3.8/site-packages/xdis/load.py"", line 328, in load_module_from_file_object co = marshal.loads(bytecode) ValueError: bad marshal data (unkn...",ya-aioclient-0.6.4.tar.gz,ya-aioclient,0.6.4,tar,ya-aioclient-0.6.4/src/ya_activity/test/__pycache__/test_sgx_credentials.cpython-38-pytest-5.4.3.pyc,cpython-38,3413,True,4,pylingual_decompilable,data/artifacts/pypi/ya-aioclient/0.6.4/ya-aioclient-0.6.4.tar.gz
decompyle3,exit_2,tool_exit,"Traceback (most recent call last): File ""/root/PyBC-Sec/pybcSEC/data/rq2/envs/cpython-38/lib/python3.8/site-packages/xdis/load.py"", line 328, in load_module_from_file_object co = marshal.loads(bytecode) ValueError: bad marshal data (unkn...",ya-aioclient-0.6.4.tar.gz,ya-aioclient,0.6.4,tar,ya-aioclient-0.6.4/src/ya_activity/test/__pycache__/test_sign_command.cpython-38-pytest-5.4.3.pyc,cpython-38,3413,True,4,pylingual_decompilable,data/artifacts/pypi/ya-aioclient/0.6.4/ya-aioclient-0.6.4.tar.gz
decompyle3,exit_2,tool_exit,"Traceback (most recent call last): File ""/root/PyBC-Sec/pybcSEC/data/rq2/envs/cpython-38/lib/python3.8/site-packages/xdis/load.py"", line 328, in load_module_from_file_object co = marshal.loads(bytecode) ValueError: bad marshal data (unkn...",ya-aioclient-0.6.4.tar.gz,ya-aioclient,0.6.4,tar,ya-aioclient-0.6.4/src/ya_activity/test/__pycache__/test_sign_command_all_of.cpython-38-pytest-5.4.3.pyc,cpython-38,3413,True,4,pylingual_decompilable,data/artifacts/pypi/ya-aioclient/0.6.4/ya-aioclient-0.6.4.tar.gz
decompyle3,exit_2,tool_exit,"Traceback (most recent call last): File ""/root/PyBC-Sec/pybcSEC/data/rq2/envs/cpython-38/lib/python3.8/site-packages/xdis/load.py"", line 328, in load_module_from_file_object co = marshal.loads(bytecode) ValueError: bad marshal data (unkn...",ya-aioclient-0.6.4.tar.gz,ya-aioclient,0.6.4,tar,ya-aioclient-0.6.4/src/ya_activity/test/__pycache__/test_start_command.cpython-38-pytest-5.4.3.pyc,cpython-38,3413,True,4,pylingual_decompilable,data/artifacts/pypi/ya-aioclient/0.6.4/ya-aioclient-0.6.4.tar.gz
decompyle3,exit_2,tool_exit,"Traceback (most recent call last): File ""/root/PyBC-Sec/pybcSEC/data/rq2/envs/cpython-38/lib/python3.8/site-packages/xdis/load.py"", line 328, in load_module_from_file_object co = marshal.loads(bytecode) ValueError: bad marshal data (unkn...",ya-aioclient-0.6.4.tar.gz,ya-aioclient,0.6.4,tar,ya-aioclient-0.6.4/src/ya_activity/test/__pycache__/test_start_command_all_of.cpython-38-pytest-5.4.3.pyc,cpython-38,3413,True,4,pylingual_decompilable,data/artifacts/pypi/ya-aioclient/0.6.4/ya-aioclient-0.6.4.tar.gz
decompyle3,exit_2,tool_exit,"Traceback (most recent call last): File ""/root/PyBC-Sec/pybcSEC/data/rq2/envs/cpython-38/lib/python3.8/site-packages/xdis/load.py"", line 328, in load_module_from_file_object co = marshal.loads(bytecode) ValueError: bad marshal data (unkn...",ya-aioclient-0.6.4.tar.gz,ya-aioclient,0.6.4,tar,ya-aioclient-0.6.4/src/ya_activity/test/__pycache__/test_start_command_body.cpython-38-pytest-5.4.3.pyc,cpython-38,3413,True,4,pylingual_decompilable,data/artifacts/pypi/ya-aioclient/0.6.4/ya-aioclient-0.6.4.tar.gz
decompyle3,exit_2,tool_exit,"Traceback (most recent call last): File ""/root/PyBC-Sec/pybcSEC/data/rq2/envs/cpython-38/lib/python3.8/site-packages/xdis/load.py"", line 328, in load_module_from_file_object co = marshal.loads(bytecode) ValueError: bad marshal data (unkn...",ya-aioclient-0.6.4.tar.gz,ya-aioclient,0.6.4,tar,ya-aioclient-0.6.4/src/ya_activity/test/__pycache__/test_terminate_command.cpython-38-pytest-5.4.3.pyc,cpython-38,3413,True,4,pylingual_decompilable,data/artifacts/pypi/ya-aioclient/0.6.4/ya-aioclient-0.6.4.tar.gz
decompyle3,exit_2,tool_exit,"Traceback (most recent call last): File ""/root/PyBC-Sec/pybcSEC/data/rq2/envs/cpython-38/lib/python3.8/site-packages/xdis/load.py"", line 328, in load_module_from_file_object co = marshal.loads(bytecode) ValueError: bad marshal data (unkn...",ya-aioclient-0.6.4.tar.gz,ya-aioclient,0.6.4,tar,ya-aioclient-0.6.4/src/ya_activity/test/__pycache__/test_terminate_command_all_of.cpython-38-pytest-5.4.3.pyc,cpython-38,3413,True,4,pylingual_decompilable,data/artifacts/pypi/ya-aioclient/0.6.4/ya-aioclient-0.6.4.tar.gz
decompyle3,exit_2,tool_exit,"Traceback (most recent call last): File ""/root/PyBC-Sec/pybcSEC/data/rq2/envs/cpython-38/lib/python3.8/site-packages/xdis/load.py"", line 328, in load_module_from_file_object co = marshal.loads(bytecode) ValueError: bad marshal data (unkn...",ya-aioclient-0.6.4.tar.gz,ya-aioclient,0.6.4,tar,ya-aioclient-0.6.4/src/ya_activity/test/__pycache__/test_transfer_command.cpython-38-pytest-5.4.3.pyc,cpython-38,3413,True,4,pylingual_decompilable,data/artifacts/pypi/ya-aioclient/0.6.4/ya-aioclient-0.6.4.tar.gz
decompyle3,exit_2,tool_exit,"Traceback (most recent call last): File ""/root/PyBC-Sec/pybcSEC/data/rq2/envs/cpython-38/lib/python3.8/site-packages/xdis/load.py"", line 328, in load_module_from_file_object co = marshal.loads(bytecode) ValueError: bad marshal data (unkn...",ya-aioclient-0.6.4.tar.gz,ya-aioclient,0.6.4,tar,ya-aioclient-0.6.4/src/ya_activity/test/__pycache__/test_transfer_command_all_of.cpython-38-pytest-5.4.3.pyc,cpython-38,3413,True,4,pylingual_decompilable,data/artifacts/pypi/ya-aioclient/0.6.4/ya-aioclient-0.6.4.tar.gz
decompyle3,exit_2,tool_exit,"Traceback (most recent call last): File ""/root/PyBC-Sec/pybcSEC/data/rq2/envs/cpython-38/lib/python3.8/site-packages/xdis/load.py"", line 328, in load_module_from_file_object co = marshal.loads(bytecode) ValueError: bad marshal data (unkn...",ya-aioclient-0.6.4.tar.gz,ya-aioclient,0.6.4,tar,ya-aioclient-0.6.4/src/ya_activity/test/__pycache__/test_transfer_command_body.cpython-38-pytest-5.4.3.pyc,cpython-38,3413,True,4,pylingual_decompilable,data/artifacts/pypi/ya-aioclient/0.6.4/ya-aioclient-0.6.4.tar.gz
decompyle3,exit_2,tool_exit,"Traceback (most recent call last): File ""/root/PyBC-Sec/pybcSEC/data/rq2/envs/cpython-38/lib/python3.8/site-packages/xdis/load.py"", line 328, in load_module_from_file_object co = marshal.loads(bytecode) ValueError: bad marshal data (unkn...",ya-aioclient-0.6.4.tar.gz,ya-aioclient,0.6.4,tar,ya-aioclient-0.6.4/src/ya_market/test/__pycache__/test_agreement.cpython-38-pytest-5.4.3.pyc,cpython-38,3413,True,4,pylingual_decompilable,data/artifacts/pypi/ya-aioclient/0.6.4/ya-aioclient-0.6.4.tar.gz
decompyle3,exit_2,tool_exit,"Traceback (most recent call last): File ""/root/PyBC-Sec/pybcSEC/data/rq2/envs/cpython-38/lib/python3.8/site-packages/xdis/load.py"", line 328, in load_module_from_file_object co = marshal.loads(bytecode) ValueError: bad marshal data (unkn...",ya-aioclient-0.6.4.tar.gz,ya-aioclient,0.6.4,tar,ya-aioclient-0.6.4/src/ya_market/test/__pycache__/test_agreement_approved_event.cpython-38-pytest-5.4.3.pyc,cpython-38,3413,True,4,pylingual_decompilable,data/artifacts/pypi/ya-aioclient/0.6.4/ya-aioclient-0.6.4.tar.gz
decompyle3,exit_2,tool_exit,"Traceback (most recent call last): File ""/root/PyBC-Sec/pybcSEC/data/rq2/envs/cpython-38/lib/python3.8/site-packages/xdis/load.py"", line 328, in load_module_from_file_object co = marshal.loads(bytecode) ValueError: bad marshal data (unkn...",ya-aioclient-0.6.4.tar.gz,ya-aioclient,0.6.4,tar,ya-aioclient-0.6.4/src/ya_market/test/__pycache__/test_agreement_cancelled_event.cpython-38-pytest-5.4.3.pyc,cpython-38,3413,True,4,pylingual_decompilable,data/artifacts/pypi/ya-aioclient/0.6.4/ya-aioclient-0.6.4.tar.gz
decompyle3,exit_2,tool_exit,"Traceback (most recent call last): File ""/root/PyBC-Sec/pybcSEC/data/rq2/envs/cpython-38/lib/python3.8/site-packages/xdis/load.py"", line 328, in load_module_from_file_object co = marshal.loads(bytecode) ValueError: bad marshal data (unkn...",ya-aioclient-0.6.4.tar.gz,ya-aioclient,0.6.4,tar,ya-aioclient-0.6.4/src/ya_market/test/__pycache__/test_agreement_event.cpython-38-pytest-5.4.3.pyc,cpython-38,3413,True,4,pylingual_decompilable,data/artifacts/pypi/ya-aioclient/0.6.4/ya-aioclient-0.6.4.tar.gz
decompyle3,exit_2,tool_exit,"Traceback (most recent call last): File ""/root/PyBC-Sec/pybcSEC/data/rq2/envs/cpython-38/lib/python3.8/site-packages/xdis/load.py"", line 328, in load_module_from_file_object co = marshal.loads(bytecode) ValueError: bad marshal data (unkn...",ya-aioclient-0.6.4.tar.gz,ya-aioclient,0.6.4,tar,ya-aioclient-0.6.4/src/ya_market/test/__pycache__/test_agreement_event_all_of.cpython-38-pytest-5.4.3.pyc,cpython-38,3413,True,4,pylingual_decompilable,data/artifacts/pypi/ya-aioclient/0.6.4/ya-aioclient-0.6.4.tar.gz
decompyle3,exit_2,tool_exit,"Traceback (most recent call last): File ""/root/PyBC-Sec/pybcSEC/data/rq2/envs/cpython-38/lib/python3.8/site-packages/xdis/load.py"", line 328, in load_module_from_file_object co = marshal.loads(bytecode) ValueError: bad marshal data (unkn...",ya-aioclient-0.6.4.tar.gz,ya-aioclient,0.6.4,tar,ya-aioclient-0.6.4/src/ya_market/test/__pycache__/test_agreement_operation_event.cpython-38-pytest-5.4.3.pyc,cpython-38,3413,True,4,pylingual_decompilable,data/artifacts/pypi/ya-aioclient/0.6.4/ya-aioclient-0.6.4.tar.gz
decompyle3,exit_2,tool_exit,"Traceback (most recent call last): File ""/root/PyBC-Sec/pybcSEC/data/rq2/envs/cpython-38/lib/python3.8/site-packages/xdis/load.py"", line 328, in load_module_from_file_object co = marshal.loads(bytecode) ValueError: bad marshal data (unkn...",ya-aioclient-0.6.4.tar.gz,ya-aioclient,0.6.4,tar,ya-aioclient-0.6.4/src/ya_market/test/__pycache__/test_agreement_proposal.cpython-38-pytest-5.4.3.pyc,cpython-38,3413,True,4,pylingual_decompilable,data/artifacts/pypi/ya-aioclient/0.6.4/ya-aioclient-0.6.4.tar.gz
decompyle3,exit_2,tool_exit,"Traceback (most recent call last): File ""/root/PyBC-Sec/pybcSEC/data/rq2/envs/cpython-38/lib/python3.8/site-packages/xdis/load.py"", line 328, in load_module_from_file_object co = marshal.loads(bytecode) ValueError: bad marshal data (unkn...",ya-aioclient-0.6.4.tar.gz,ya-aioclient,0.6.4,tar,ya-aioclient-0.6.4/src/ya_market/test/__pycache__/test_agreement_rejected_event.cpython-38-pytest-5.4.3.pyc,cpython-38,3413,True,4,pylingual_decompilable,data/artifacts/pypi/ya-aioclient/0.6.4/ya-aioclient-0.6.4.tar.gz
decompyle3,exit_2,tool_exit,"Traceback (most recent call last): File ""/root/PyBC-Sec/pybcSEC/data/rq2/envs/cpython-38/lib/python3.8/site-packages/xdis/load.py"", line 328, in load_module_from_file_object co = marshal.loads(bytecode) ValueError: bad marshal data (unkn...",ya-aioclient-0.6.4.tar.gz,ya-aioclient,0.6.4,tar,ya-aioclient-0.6.4/src/ya_market/test/__pycache__/test_agreement_rejected_event_all_of.cpython-38-pytest-5.4.3.pyc,cpython-38,3413,True,4,pylingual_decompilable,data/artifacts/pypi/ya-aioclient/0.6.4/ya-aioclient-0.6.4.tar.gz
decompyle3,exit_2,tool_exit,"Traceback (most recent call last): File ""/root/PyBC-Sec/pybcSEC/data/rq2/envs/cpython-38/lib/python3.8/site-packages/xdis/load.py"", line 328, in load_module_from_file_object co = marshal.loads(bytecode) ValueError: bad marshal data (unkn...",ya-aioclient-0.6.4.tar.gz,ya-aioclient,0.6.4,tar,ya-aioclient-0.6.4/src/ya_market/test/__pycache__/test_agreement_terminated_event.cpython-38-pytest-5.4.3.pyc,cpython-38,3413,True,4,pylingual_decompilable,data/artifacts/pypi/ya-aioclient/0.6.4/ya-aioclient-0.6.4.tar.gz
decompyle3,exit_2,tool_exit,"Traceback (most recent call last): File ""/root/PyBC-Sec/pybcSEC/data/rq2/envs/cpython-38/lib/python3.8/site-packages/xdis/load.py"", line 328, in load_module_from_file_object co = marshal.loads(bytecode) ValueError: bad marshal data (unkn...",ya-aioclient-0.6.4.tar.gz,ya-aioclient,0.6.4,tar,ya-aioclient-0.6.4/src/ya_market/test/__pycache__/test_agreement_terminated_event_all_of.cpython-38-pytest-5.4.3.pyc,cpython-38,3413,True,4,pylingual_decompilable,data/artifacts/pypi/ya-aioclient/0.6.4/ya-aioclient-0.6.4.tar.gz
decompyle3,exit_2,tool_exit,"Traceback (most recent call last): File ""/root/PyBC-Sec/pybcSEC/data/rq2/envs/cpython-38/lib/python3.8/site-packages/xdis/load.py"", line 328, in load_module_from_file_object co = marshal.loads(bytecode) ValueError: bad marshal data (unkn...",ya-aioclient-0.6.4.tar.gz,ya-aioclient,0.6.4,tar,ya-aioclient-0.6.4/src/ya_market/test/__pycache__/test_demand.cpython-38-pytest-5.4.3.pyc,cpython-38,3413,True,4,pylingual_decompilable,data/artifacts/pypi/ya-aioclient/0.6.4/ya-aioclient-0.6.4.tar.gz
decompyle3,exit_2,tool_exit,"Traceback (most recent call last): File ""/root/PyBC-Sec/pybcSEC/data/rq2/envs/cpython-38/lib/python3.8/site-packages/xdis/load.py"", line 328, in load_module_from_file_object co = marshal.loads(bytecode) ValueError: bad marshal data (unkn...",ya-aioclient-0.6.4.tar.gz,ya-aioclient,0.6.4,tar,ya-aioclient-0.6.4/src/ya_market/test/__pycache__/test_demand_all_of.cpython-38-pytest-5.4.3.pyc,cpython-38,3413,True,4,pylingual_decompilable,data/artifacts/pypi/ya-aioclient/0.6.4/ya-aioclient-0.6.4.tar.gz
decompyle3,exit_2,tool_exit,"Traceback (most recent call last): File ""/root/PyBC-Sec/pybcSEC/data/rq2/envs/cpython-38/lib/python3.8/site-packages/xdis/load.py"", line 328, in load_module_from_file_object co = marshal.loads(bytecode) ValueError: bad marshal data (unkn...",ya-aioclient-0.6.4.tar.gz,ya-aioclient,0.6.4,tar,ya-aioclient-0.6.4/src/ya_market/test/__pycache__/test_demand_offer_base.cpython-38-pytest-5.4.3.pyc,cpython-38,3413,True,4,pylingual_decompilable,data/artifacts/pypi/ya-aioclient/0.6.4/ya-aioclient-0.6.4.tar.gz
decompyle3,exit_2,tool_exit,"Traceback (most recent call last): File ""/root/PyBC-Sec/pybcSEC/data/rq2/envs/cpython-38/lib/python3.8/site-packages/xdis/load.py"", line 328, in load_module_from_file_object co = marshal.loads(bytecode) ValueError: bad marshal data (unkn...",ya-aioclient-0.6.4.tar.gz,ya-aioclient,0.6.4,tar,ya-aioclient-0.6.4/src/ya_market/test/__pycache__/test_error_message.cpython-38-pytest-5.4.3.pyc,cpython-38,3413,True,4,pylingual_decompilable,data/artifacts/pypi/ya-aioclient/0.6.4/ya-aioclient-0.6.4.tar.gz
decompyle3,exit_2,tool_exit,"Traceback (most recent call last): File ""/root/PyBC-Sec/pybcSEC/data/rq2/envs/cpython-38/lib/python3.8/site-packages/xdis/load.py"", line 328, in load_module_from_file_object co = marshal.loads(bytecode) ValueError: bad marshal data (unkn...",ya-aioclient-0.6.4.tar.gz,ya-aioclient,0.6.4,tar,ya-aioclient-0.6.4/src/ya_market/test/__pycache__/test_event.cpython-38-pytest-5.4.3.pyc,cpython-38,3413,True,4,pylingual_decompilable,data/artifacts/pypi/ya-aioclient/0.6.4/ya-aioclient-0.6.4.tar.gz
decompyle3,exit_2,tool_exit,"Traceback (most recent call last): File ""/root/PyBC-Sec/pybcSEC/data/rq2/envs/cpython-38/lib/python3.8/site-packages/xdis/load.py"", line 328, in load_module_from_file_object co = marshal.loads(bytecode) ValueError: bad marshal data (unkn...",ya-aioclient-0.6.4.tar.gz,ya-aioclient,0.6.4,tar,ya-aioclient-0.6.4/src/ya_market/test/__pycache__/test_offer.cpython-38-pytest-5.4.3.pyc,cpython-38,3413,True,4,pylingual_decompilable,data/artifacts/pypi/ya-aioclient/0.6.4/ya-aioclient-0.6.4.tar.gz
decompyle3,exit_2,tool_exit,"Traceback (most recent call last): File ""/root/PyBC-Sec/pybcSEC/data/rq2/envs/cpython-38/lib/python3.8/site-packages/xdis/load.py"", line 328, in load_module_from_file_object co = marshal.loads(bytecode) ValueError: bad marshal data (unkn...",ya-aioclient-0.6.4.tar.gz,ya-aioclient,0.6.4,tar,ya-aioclient-0.6.4/src/ya_market/test/__pycache__/test_offer_all_of.cpython-38-pytest-5.4.3.pyc,cpython-38,3413,True,4,pylingual_decompilable,data/artifacts/pypi/ya-aioclient/0.6.4/ya-aioclient-0.6.4.tar.gz
decompyle3,exit_2,tool_exit,"Traceback (most recent call last): File ""/root/PyBC-Sec/pybcSEC/data/rq2/envs/cpython-38/lib/python3.8/site-packages/xdis/load.py"", line 328, in load_module_from_file_object co = marshal.loads(bytecode) ValueError: bad marshal data (unkn...",ya-aioclient-0.6.4.tar.gz,ya-aioclient,0.6.4,tar,ya-aioclient-0.6.4/src/ya_market/test/__pycache__/test_property_query.cpython-38-pytest-5.4.3.pyc,cpython-38,3413,True,4,pylingual_decompilable,data/artifacts/pypi/ya-aioclient/0.6.4/ya-aioclient-0.6.4.tar.gz
decompyle3,exit_2,tool_exit,"Traceback (most recent call last): File ""/root/PyBC-Sec/pybcSEC/data/rq2/envs/cpython-38/lib/python3.8/site-packages/xdis/load.py"", line 328, in load_module_from_file_object co = marshal.loads(bytecode) ValueError: bad marshal data (unkn...",ya-aioclient-0.6.4.tar.gz,ya-aioclient,0.6.4,tar,ya-aioclient-0.6.4/src/ya_market/test/__pycache__/test_property_query_event.cpython-38-pytest-5.4.3.pyc,cpython-38,3413,True,4,pylingual_decompilable,data/artifacts/pypi/ya-aioclient/0.6.4/ya-aioclient-0.6.4.tar.gz
decompyle3,exit_2,tool_exit,"Traceback (most recent call last): File ""/root/PyBC-Sec/pybcSEC/data/rq2/envs/cpython-38/lib/python3.8/site-packages/xdis/load.py"", line 328, in load_module_from_file_object co = marshal.loads(bytecode) ValueError: bad marshal data (unkn...",ya-aioclient-0.6.4.tar.gz,ya-aioclient,0.6.4,tar,ya-aioclient-0.6.4/src/ya_market/test/__pycache__/test_property_query_event_all_of.cpython-38-pytest-5.4.3.pyc,cpython-38,3413,True,4,pylingual_decompilable,data/artifacts/pypi/ya-aioclient/0.6.4/ya-aioclient-0.6.4.tar.gz
decompyle3,exit_2,tool_exit,"Traceback (most recent call last): File ""/root/PyBC-Sec/pybcSEC/data/rq2/envs/cpython-38/lib/python3.8/site-packages/xdis/load.py"", line 328, in load_module_from_file_object co = marshal.loads(bytecode) ValueError: bad marshal data (unkn...",ya-aioclient-0.6.4.tar.gz,ya-aioclient,0.6.4,tar,ya-aioclient-0.6.4/src/ya_market/test/__pycache__/test_proposal.cpython-38-pytest-5.4.3.pyc,cpython-38,3413,True,4,pylingual_decompilable,data/artifacts/pypi/ya-aioclient/0.6.4/ya-aioclient-0.6.4.tar.gz
decompyle3,exit_2,tool_exit,"Traceback (most recent call last): File ""/root/PyBC-Sec/pybcSEC/data/rq2/envs/cpython-38/lib/python3.8/site-packages/xdis/load.py"", line 328, in load_module_from_file_object co = marshal.loads(bytecode) ValueError: bad marshal data (unkn...",ya-aioclient-0.6.4.tar.gz,ya-aioclient,0.6.4,tar,ya-aioclient-0.6.4/src/ya_market/test/__pycache__/test_proposal_all_of.cpython-38-pytest-5.4.3.pyc,cpython-38,3413,True,4,pylingual_decompilable,data/artifacts/pypi/ya-aioclient/0.6.4/ya-aioclient-0.6.4.tar.gz
decompyle3,exit_2,tool_exit,"Traceback (most recent call last): File ""/root/PyBC-Sec/pybcSEC/data/rq2/envs/cpython-38/lib/python3.8/site-packages/xdis/load.py"", line 328, in load_module_from_file_object co = marshal.loads(bytecode) ValueError: bad marshal data (unkn...",ya-aioclient-0.6.4.tar.gz,ya-aioclient,0.6.4,tar,ya-aioclient-0.6.4/src/ya_market/test/__pycache__/test_proposal_event.cpython-38-pytest-5.4.3.pyc,cpython-38,3413,True,4,pylingual_decompilable,data/artifacts/pypi/ya-aioclient/0.6.4/ya-aioclient-0.6.4.tar.gz
decompyle3,exit_2,tool_exit,"Traceback (most recent call last): File ""/root/PyBC-Sec/pybcSEC/data/rq2/envs/cpython-38/lib/python3.8/site-packages/xdis/load.py"", line 328, in load_module_from_file_object co = marshal.loads(bytecode) ValueError: bad marshal data (unkn...",ya-aioclient-0.6.4.tar.gz,ya-aioclient,0.6.4,tar,ya-aioclient-0.6.4/src/ya_market/test/__pycache__/test_proposal_event_all_of.cpython-38-pytest-5.4.3.pyc,cpython-38,3413,True,4,pylingual_decompilable,data/artifacts/pypi/ya-aioclient/0.6.4/ya-aioclient-0.6.4.tar.gz
decompyle3,exit_2,tool_exit,"Traceback (most recent call last): File ""/root/PyBC-Sec/pybcSEC/data/rq2/envs/cpython-38/lib/python3.8/site-packages/xdis/load.py"", line 328, in load_module_from_file_object co = marshal.loads(bytecode) ValueError: bad marshal data (unkn...",ya-aioclient-0.6.4.tar.gz,ya-aioclient,0.6.4,tar,ya-aioclient-0.6.4/src/ya_market/test/__pycache__/test_proposal_rejected_event.cpython-38-pytest-5.4.3.pyc,cpython-38,3413,True,4,pylingual_decompilable,data/artifacts/pypi/ya-aioclient/0.6.4/ya-aioclient-0.6.4.tar.gz
decompyle3,exit_2,tool_exit,"Traceback (most recent call last): File ""/root/PyBC-Sec/pybcSEC/data/rq2/envs/cpython-38/lib/python3.8/site-packages/xdis/load.py"", line 328, in load_module_from_file_object co = marshal.loads(bytecode) ValueError: bad marshal data (unkn...",ya-aioclient-0.6.4.tar.gz,ya-aioclient,0.6.4,tar,ya-aioclient-0.6.4/src/ya_market/test/__pycache__/test_proposal_rejected_event_all_of.cpython-38-pytest-5.4.3.pyc,cpython-38,3413,True,4,pylingual_decompilable,data/artifacts/pypi/ya-aioclient/0.6.4/ya-aioclient-0.6.4.tar.gz
decompyle3,exit_2,tool_exit,"Traceback (most recent call last): File ""/root/PyBC-Sec/pybcSEC/data/rq2/envs/cpython-38/lib/python3.8/site-packages/xdis/load.py"", line 328, in load_module_from_file_object co = marshal.loads(bytecode) ValueError: bad marshal data (unkn...",ya-aioclient-0.6.4.tar.gz,ya-aioclient,0.6.4,tar,ya-aioclient-0.6.4/src/ya_market/test/__pycache__/test_provider_api.cpython-38-pytest-5.4.3.pyc,cpython-38,3413,True,4,pylingual_decompilable,data/artifacts/pypi/ya-aioclient/0.6.4/ya-aioclient-0.6.4.tar.gz
decompyle3,exit_2,tool_exit,"Traceback (most recent call last): File ""/root/PyBC-Sec/pybcSEC/data/rq2/envs/cpython-38/lib/python3.8/site-packages/xdis/load.py"", line 328, in load_module_from_file_object co = marshal.loads(bytecode) ValueError: bad marshal data (unkn...",ya-aioclient-0.6.4.tar.gz,ya-aioclient,0.6.4,tar,ya-aioclient-0.6.4/src/ya_market/test/__pycache__/test_reason.cpython-38-pytest-5.4.3.pyc,cpython-38,3413,True,4,pylingual_decompilable,data/artifacts/pypi/ya-aioclient/0.6.4/ya-aioclient-0.6.4.tar.gz
decompyle3,exit_2,tool_exit,"Traceback (most recent call last): File ""/root/PyBC-Sec/pybcSEC/data/rq2/envs/cpython-38/lib/python3.8/site-packages/xdis/load.py"", line 328, in load_module_from_file_object co = marshal.loads(bytecode) ValueError: bad marshal data (unkn...",ya-aioclient-0.6.4.tar.gz,ya-aioclient,0.6.4,tar,ya-aioclient-0.6.4/src/ya_market/test/__pycache__/test_requestor_api.cpython-38-pytest-5.4.3.pyc,cpython-38,3413,True,4,pylingual_decompilable,data/artifacts/pypi/ya-aioclient/0.6.4/ya-aioclient-0.6.4.tar.gz
decompyle3,exit_2,tool_exit,"Traceback (most recent call last): File ""/root/PyBC-Sec/pybcSEC/data/rq2/envs/cpython-38/lib/python3.8/site-packages/xdis/load.py"", line 328, in load_module_from_file_object co = marshal.loads(bytecode) ValueError: bad marshal data (unkn...",ya-aioclient-0.6.4.tar.gz,ya-aioclient,0.6.4,tar,ya-aioclient-0.6.4/src/ya_net/test/__pycache__/test_address.cpython-38-pytest-5.4.3.pyc,cpython-38,3413,True,4,pylingual_decompilable,data/artifacts/pypi/ya-aioclient/0.6.4/ya-aioclient-0.6.4.tar.gz
decompyle3,exit_2,tool_exit,"Traceback (most recent call last): File ""/root/PyBC-Sec/pybcSEC/data/rq2/envs/cpython-38/lib/python3.8/site-packages/xdis/load.py"", line 328, in load_module_from_file_object co = marshal.loads(bytecode) ValueError: bad marshal data (unkn...",ya-aioclient-0.6.4.tar.gz,ya-aioclient,0.6.4,tar,ya-aioclient-0.6.4/src/ya_net/test/__pycache__/test_connection.cpython-38-pytest-5.4.3.pyc,cpython-38,3413,True,4,pylingual_decompilable,data/artifacts/pypi/ya-aioclient/0.6.4/ya-aioclient-0.6.4.tar.gz
decompyle3,exit_2,tool_exit,"Traceback (most recent call last): File ""/root/PyBC-Sec/pybcSEC/data/rq2/envs/cpython-38/lib/python3.8/site-packages/xdis/load.py"", line 328, in load_module_from_file_object co = marshal.loads(bytecode) ValueError: bad marshal data (unkn...",ya-aioclient-0.6.4.tar.gz,ya-aioclient,0.6.4,tar,ya-aioclient-0.6.4/src/ya_net/test/__pycache__/test_error_message.cpython-38-pytest-5.4.3.pyc,cpython-38,3413,True,4,pylingual_decompilable,data/artifacts/pypi/ya-aioclient/0.6.4/ya-aioclient-0.6.4.tar.gz
decompyle3,exit_2,tool_exit,"Traceback (most recent call last): File ""/root/PyBC-Sec/pybcSEC/data/rq2/envs/cpython-38/lib/python3.8/site-packages/xdis/load.py"", line 328, in load_module_from_file_object co = marshal.loads(bytecode) ValueError: bad marshal data (unkn...",ya-aioclient-0.6.4.tar.gz,ya-aioclient,0.6.4,tar,ya-aioclient-0.6.4/src/ya_net/test/__pycache__/test_network.cpython-38-pytest-5.4.3.pyc,cpython-38,3413,True,4,pylingual_decompilable,data/artifacts/pypi/ya-aioclient/0.6.4/ya-aioclient-0.6.4.tar.gz
decompyle3,exit_2,tool_exit,"Traceback (most recent call last): File ""/root/PyBC-Sec/pybcSEC/data/rq2/envs/cpython-38/lib/python3.8/site-packages/xdis/load.py"", line 328, in load_module_from_file_object co = marshal.loads(bytecode) ValueError: bad marshal data (unkn...",ya-aioclient-0.6.4.tar.gz,ya-aioclient,0.6.4,tar,ya-aioclient-0.6.4/src/ya_net/test/__pycache__/test_node.cpython-38-pytest-5.4.3.pyc,cpython-38,3413,True,4,pylingual_decompilable,data/artifacts/pypi/ya-aioclient/0.6.4/ya-aioclient-0.6.4.tar.gz
decompyle3,exit_2,tool_exit,"Traceback (most recent call last): File ""/root/PyBC-Sec/pybcSEC/data/rq2/envs/cpython-38/lib/python3.8/site-packages/xdis/load.py"", line 328, in load_module_from_file_object co = marshal.loads(bytecode) ValueError: bad marshal data (unkn...",ya-aioclient-0.6.4.tar.gz,ya-aioclient,0.6.4,tar,ya-aioclient-0.6.4/src/ya_net/test/__pycache__/test_requestor_api.cpython-38-pytest-5.4.3.pyc,cpython-38,3413,True,4,pylingual_decompilable,data/artifacts/pypi/ya-aioclient/0.6.4/ya-aioclient-0.6.4.tar.gz
decompyle3,exit_2,tool_exit,"Traceback (most recent call last): File ""/root/PyBC-Sec/pybcSEC/data/rq2/envs/cpython-38/lib/python3.8/site-packages/xdis/load.py"", line 328, in load_module_from_file_object co = marshal.loads(bytecode) ValueError: bad marshal data (unkn...",ya-aioclient-0.6.4.tar.gz,ya-aioclient,0.6.4,tar,ya-aioclient-0.6.4/src/ya_payment/test/__pycache__/test_acceptance.cpython-38-pytest-5.4.3.pyc,cpython-38,3413,True,4,pylingual_decompilable,data/artifacts/pypi/ya-aioclient/0.6.4/ya-aioclient-0.6.4.tar.gz
decompyle3,exit_2,tool_exit,"Traceback (most recent call last): File ""/root/PyBC-Sec/pybcSEC/data/rq2/envs/cpython-38/lib/python3.8/site-packages/xdis/load.py"", line 328, in load_module_from_file_object co = marshal.loads(bytecode) ValueError: bad marshal data (unkn...",ya-aioclient-0.6.4.tar.gz,ya-aioclient,0.6.4,tar,ya-aioclient-0.6.4/src/ya_payment/test/__pycache__/test_account.cpython-38-pytest-5.4.3.pyc,cpython-38,3413,True,4,pylingual_decompilable,data/artifacts/pypi/ya-aioclient/0.6.4/ya-aioclient-0.6.4.tar.gz
decompyle3,exit_2,tool_exit,"Traceback (most recent call last): File ""/root/PyBC-Sec/pybcSEC/data/rq2/envs/cpython-38/lib/python3.8/site-packages/xdis/load.py"", line 328, in load_module_from_file_object co = marshal.loads(bytecode) ValueError: bad marshal data (unkn...",ya-aioclient-0.6.4.tar.gz,ya-aioclient,0.6.4,tar,ya-aioclient-0.6.4/src/ya_payment/test/__pycache__/test_activity_payment.cpython-38-pytest-5.4.3.pyc,cpython-38,3413,True,4,pylingual_decompilable,data/artifacts/pypi/ya-aioclient/0.6.4/ya-aioclient-0.6.4.tar.gz
decompyle3,exit_2,tool_exit,"Traceback (most recent call last): File ""/root/PyBC-Sec/pybcSEC/data/rq2/envs/cpython-38/lib/python3.8/site-packages/xdis/load.py"", line 328, in load_module_from_file_object co = marshal.loads(bytecode) ValueError: bad marshal data (unkn...",ya-aioclient-0.6.4.tar.gz,ya-aioclient,0.6.4,tar,ya-aioclient-0.6.4/src/ya_payment/test/__pycache__/test_agreement_payment.cpython-38-pytest-5.4.3.pyc,cpython-38,3413,True,4,pylingual_decompilable,data/artifacts/pypi/ya-aioclient/0.6.4/ya-aioclient-0.6.4.tar.gz
decompyle3,exit_2,tool_exit,"Traceback (most recent call last): File ""/root/PyBC-Sec/pybcSEC/data/rq2/envs/cpython-38/lib/python3.8/site-packages/xdis/load.py"", line 328, in load_module_from_file_object co = marshal.loads(bytecode) ValueError: bad marshal data (unkn...",ya-aioclient-0.6.4.tar.gz,ya-aioclient,0.6.4,tar,ya-aioclient-0.6.4/src/ya_payment/test/__pycache__/test_allocation.cpython-38-pytest-5.4.3.pyc,cpython-38,3413,True,4,pylingual_decompilable,data/artifacts/pypi/ya-aioclient/0.6.4/ya-aioclient-0.6.4.tar.gz
decompyle3,exit_2,tool_exit,"Traceback (most recent call last): File ""/root/PyBC-Sec/pybcSEC/data/rq2/envs/cpython-38/lib/python3.8/site-packages/xdis/load.py"", line 328, in load_module_from_file_object co = marshal.loads(bytecode) ValueError: bad marshal data (unkn...",ya-aioclient-0.6.4.tar.gz,ya-aioclient,0.6.4,tar,ya-aioclient-0.6.4/src/ya_payment/test/__pycache__/test_debit_note.cpython-38-pytest-5.4.3.pyc,cpython-38,3413,True,4,pylingual_decompilable,data/artifacts/pypi/ya-aioclient/0.6.4/ya-aioclient-0.6.4.tar.gz
decompyle3,exit_2,tool_exit,"Traceback (most recent call last): File ""/root/PyBC-Sec/pybcSEC/data/rq2/envs/cpython-38/lib/python3.8/site-packages/xdis/load.py"", line 328, in load_module_from_file_object co = marshal.loads(bytecode) ValueError: bad marshal data (unkn...",ya-aioclient-0.6.4.tar.gz,ya-aioclient,0.6.4,tar,ya-aioclient-0.6.4/src/ya_payment/test/__pycache__/test_debit_note_accepted_event.cpython-38-pytest-5.4.3.pyc,cpython-38,3413,True,4,pylingual_decompilable,data/artifacts/pypi/ya-aioclient/0.6.4/ya-aioclient-0.6.4.tar.gz
decompyle3,exit_2,tool_exit,"Traceback (most recent call last): File ""/root/PyBC-Sec/pybcSEC/data/rq2/envs/cpython-38/lib/python3.8/site-packages/xdis/load.py"", line 328, in load_module_from_file_object co = marshal.loads(bytecode) ValueError: bad marshal data (unkn...",ya-aioclient-0.6.4.tar.gz,ya-aioclient,0.6.4,tar,ya-aioclient-0.6.4/src/ya_payment/test/__pycache__/test_debit_note_cancelled_event.cpython-38-pytest-5.4.3.pyc,cpython-38,3413,True,4,pylingual_decompilable,data/artifacts/pypi/ya-aioclient/0.6.4/ya-aioclient-0.6.4.tar.gz
decompyle3,exit_2,tool_exit,"Traceback (most recent call last): File ""/root/PyBC-Sec/pybcSEC/data/rq2/envs/cpython-38/lib/python3.8/site-packages/xdis/load.py"", line 328, in load_module_from_file_object co = marshal.loads(bytecode) ValueError: bad marshal data (unkn...",ya-aioclient-0.6.4.tar.gz,ya-aioclient,0.6.4,tar,ya-aioclient-0.6.4/src/ya_payment/test/__pycache__/test_debit_note_event.cpython-38-pytest-5.4.3.pyc,cpython-38,3413,True,4,pylingual_decompilable,data/artifacts/pypi/ya-aioclient/0.6.4/ya-aioclient-0.6.4.tar.gz
decompyle3,exit_2,tool_exit,"Traceback (most recent call last): File ""/root/PyBC-Sec/pybcSEC/data/rq2/envs/cpython-38/lib/python3.8/site-packages/xdis/load.py"", line 328, in load_module_from_file_object co = marshal.loads(bytecode) ValueError: bad marshal data (unkn...",ya-aioclient-0.6.4.tar.gz,ya-aioclient,0.6.4,tar,ya-aioclient-0.6.4/src/ya_payment/test/__pycache__/test_debit_note_failed_event.cpython-38-pytest-5.4.3.pyc,cpython-38,3413,True,4,pylingual_decompilable,data/artifacts/pypi/ya-aioclient/0.6.4/ya-aioclient-0.6.4.tar.gz
decompyle3,exit_2,tool_exit,"Traceback (most recent call last): File ""/root/PyBC-Sec/pybcSEC/data/rq2/envs/cpython-38/lib/python3.8/site-packages/xdis/load.py"", line 328, in load_module_from_file_object co = marshal.loads(bytecode) ValueError: bad marshal data (unkn...",ya-aioclient-0.6.4.tar.gz,ya-aioclient,0.6.4,tar,ya-aioclient-0.6.4/src/ya_payment/test/__pycache__/test_debit_note_received_event.cpython-38-pytest-5.4.3.pyc,cpython-38,3413,True,4,pylingual_decompilable,data/artifacts/pypi/ya-aioclient/0.6.4/ya-aioclient-0.6.4.tar.gz
decompyle3,exit_2,tool_exit,"Traceback (most recent call last): File ""/root/PyBC-Sec/pybcSEC/data/rq2/envs/cpython-38/lib/python3.8/site-packages/xdis/load.py"", line 328, in load_module_from_file_object co = marshal.loads(bytecode) ValueError: bad marshal data (unkn...",ya-aioclient-0.6.4.tar.gz,ya-aioclient,0.6.4,tar,ya-aioclient-0.6.4/src/ya_payment/test/__pycache__/test_debit_note_received_event_all_of.cpython-38-pytest-5.4.3.pyc,cpython-38,3413,True,4,pylingual_decompilable,data/artifacts/pypi/ya-aioclient/0.6.4/ya-aioclient-0.6.4.tar.gz
decompyle3,exit_2,tool_exit,"Traceback (most recent call last): File ""/root/PyBC-Sec/pybcSEC/data/rq2/envs/cpython-38/lib/python3.8/site-packages/xdis/load.py"", line 328, in load_module_from_file_object co = marshal.loads(bytecode) ValueError: bad marshal data (unkn...",ya-aioclient-0.6.4.tar.gz,ya-aioclient,0.6.4,tar,ya-aioclient-0.6.4/src/ya_payment/test/__pycache__/test_debit_note_rejected_event.cpython-38-pytest-5.4.3.pyc,cpython-38,3413,True,4,pylingual_decompilable,data/artifacts/pypi/ya-aioclient/0.6.4/ya-aioclient-0.6.4.tar.gz
decompyle3,exit_2,tool_exit,"Traceback (most recent call last): File ""/root/PyBC-Sec/pybcSEC/data/rq2/envs/cpython-38/lib/python3.8/site-packages/xdis/load.py"", line 328, in load_module_from_file_object co = marshal.loads(bytecode) ValueError: bad marshal data (unkn...",ya-aioclient-0.6.4.tar.gz,ya-aioclient,0.6.4,tar,ya-aioclient-0.6.4/src/ya_payment/test/__pycache__/test_debit_note_rejected_event_all_of.cpython-38-pytest-5.4.3.pyc,cpython-38,3413,True,4,pylingual_decompilable,data/artifacts/pypi/ya-aioclient/0.6.4/ya-aioclient-0.6.4.tar.gz
decompyle3,exit_2,tool_exit,"Traceback (most recent call last): File ""/root/PyBC-Sec/pybcSEC/data/rq2/envs/cpython-38/lib/python3.8/site-packages/xdis/load.py"", line 328, in load_module_from_file_object co = marshal.loads(bytecode) ValueError: bad marshal data (unkn...",ya-aioclient-0.6.4.tar.gz,ya-aioclient,0.6.4,tar,ya-aioclient-0.6.4/src/ya_payment/test/__pycache__/test_debit_note_settled_event.cpython-38-pytest-5.4.3.pyc,cpython-38,3413,True,4,pylingual_decompilable,data/artifacts/pypi/ya-aioclient/0.6.4/ya-aioclient-0.6.4.tar.gz
decompyle3,exit_2,tool_exit,"Traceback (most recent call last): File ""/root/PyBC-Sec/pybcSEC/data/rq2/envs/cpython-38/lib/python3.8/site-packages/xdis/load.py"", line 328, in load_module_from_file_object co = marshal.loads(bytecode) ValueError: bad marshal data (unkn...",ya-aioclient-0.6.4.tar.gz,ya-aioclient,0.6.4,tar,ya-aioclient-0.6.4/src/ya_payment/test/__pycache__/test_error_message.cpython-38-pytest-5.4.3.pyc,cpython-38,3413,True,4,pylingual_decompilable,data/artifacts/pypi/ya-aioclient/0.6.4/ya-aioclient-0.6.4.tar.gz
decompyle3,exit_2,tool_exit,"Traceback (most recent call last): File ""/root/PyBC-Sec/pybcSEC/data/rq2/envs/cpython-38/lib/python3.8/site-packages/xdis/load.py"", line 328, in load_module_from_file_object co = marshal.loads(bytecode) ValueError: bad marshal data (unkn...",ya-aioclient-0.6.4.tar.gz,ya-aioclient,0.6.4,tar,ya-aioclient-0.6.4/src/ya_payment/test/__pycache__/test_invoice.cpython-38-pytest-5.4.3.pyc,cpython-38,3413,True,4,pylingual_decompilable,data/artifacts/pypi/ya-aioclient/0.6.4/ya-aioclient-0.6.4.tar.gz
decompyle3,exit_2,tool_exit,"Traceback (most recent call last): File ""/root/PyBC-Sec/pybcSEC/data/rq2/envs/cpython-38/lib/python3.8/site-packages/xdis/load.py"", line 328, in load_module_from_file_object co = marshal.loads(bytecode) ValueError: bad marshal data (unkn...",ya-aioclient-0.6.4.tar.gz,ya-aioclient,0.6.4,tar,ya-aioclient-0.6.4/src/ya_payment/test/__pycache__/test_invoice_accepted_event.cpython-38-pytest-5.4.3.pyc,cpython-38,3413,True,4,pylingual_decompilable,data/artifacts/pypi/ya-aioclient/0.6.4/ya-aioclient-0.6.4.tar.gz
decompyle3,exit_2,tool_exit,"Traceback (most recent call last): File ""/root/PyBC-Sec/pybcSEC/data/rq2/envs/cpython-38/lib/python3.8/site-packages/xdis/load.py"", line 328, in load_module_from_file_object co = marshal.loads(bytecode) ValueError: bad marshal data (unkn...",ya-aioclient-0.6.4.tar.gz,ya-aioclient,0.6.4,tar,ya-aioclient-0.6.4/src/ya_payment/test/__pycache__/test_invoice_cancelled_event.cpython-38-pytest-5.4.3.pyc,cpython-38,3413,True,4,pylingual_decompilable,data/artifacts/pypi/ya-aioclient/0.6.4/ya-aioclient-0.6.4.tar.gz
decompyle3,exit_2,tool_exit,"Traceback (most recent call last): File ""/root/PyBC-Sec/pybcSEC/data/rq2/envs/cpython-38/lib/python3.8/site-packages/xdis/load.py"", line 328, in load_module_from_file_object co = marshal.loads(bytecode) ValueError: bad marshal data (unkn...",ya-aioclient-0.6.4.tar.gz,ya-aioclient,0.6.4,tar,ya-aioclient-0.6.4/src/ya_payment/test/__pycache__/test_invoice_event.cpython-38-pytest-5.4.3.pyc,cpython-38,3413,True,4,pylingual_decompilable,data/artifacts/pypi/ya-aioclient/0.6.4/ya-aioclient-0.6.4.tar.gz
decompyle3,exit_2,tool_exit,"Traceback (most recent call last): File ""/root/PyBC-Sec/pybcSEC/data/rq2/envs/cpython-38/lib/python3.8/site-packages/xdis/load.py"", line 328, in load_module_from_file_object co = marshal.loads(bytecode) ValueError: bad marshal data (unkn...",ya-aioclient-0.6.4.tar.gz,ya-aioclient,0.6.4,tar,ya-aioclient-0.6.4/src/ya_payment/test/__pycache__/test_invoice_failed_event.cpython-38-pytest-5.4.3.pyc,cpython-38,3413,True,4,pylingual_decompilable,data/artifacts/pypi/ya-aioclient/0.6.4/ya-aioclient-0.6.4.tar.gz
decompyle3,exit_2,tool_exit,"Traceback (most recent call last): File ""/root/PyBC-Sec/pybcSEC/data/rq2/envs/cpython-38/lib/python3.8/site-packages/xdis/load.py"", line 328, in load_module_from_file_object co = marshal.loads(bytecode) ValueError: bad marshal data (unkn...",ya-aioclient-0.6.4.tar.gz,ya-aioclient,0.6.4,tar,ya-aioclient-0.6.4/src/ya_payment/test/__pycache__/test_invoice_received_event.cpython-38-pytest-5.4.3.pyc,cpython-38,3413,True,4,pylingual_decompilable,data/artifacts/pypi/ya-aioclient/0.6.4/ya-aioclient-0.6.4.tar.gz
decompyle3,exit_2,tool_exit,"Traceback (most recent call last): File ""/root/PyBC-Sec/pybcSEC/data/rq2/envs/cpython-38/lib/python3.8/site-packages/xdis/load.py"", line 328, in load_module_from_file_object co = marshal.loads(bytecode) ValueError: bad marshal data (unkn...",ya-aioclient-0.6.4.tar.gz,ya-aioclient,0.6.4,tar,ya-aioclient-0.6.4/src/ya_payment/test/__pycache__/test_invoice_received_event_all_of.cpython-38-pytest-5.4.3.pyc,cpython-38,3413,True,4,pylingual_decompilable,data/artifacts/pypi/ya-aioclient/0.6.4/ya-aioclient-0.6.4.tar.gz
decompyle3,exit_2,tool_exit,"Traceback (most recent call last): File ""/root/PyBC-Sec/pybcSEC/data/rq2/envs/cpython-38/lib/python3.8/site-packages/xdis/load.py"", line 328, in load_module_from_file_object co = marshal.loads(bytecode) ValueError: bad marshal data (unkn...",ya-aioclient-0.6.4.tar.gz,ya-aioclient,0.6.4,tar,ya-aioclient-0.6.4/src/ya_payment/test/__pycache__/test_invoice_rejected_event.cpython-38-pytest-5.4.3.pyc,cpython-38,3413,True,4,pylingual_decompilable,data/artifacts/pypi/ya-aioclient/0.6.4/ya-aioclient-0.6.4.tar.gz
decompyle3,exit_2,tool_exit,"Traceback (most recent call last): File ""/root/PyBC-Sec/pybcSEC/data/rq2/envs/cpython-38/lib/python3.8/site-packages/xdis/load.py"", line 328, in load_module_from_file_object co = marshal.loads(bytecode) ValueError: bad marshal data (unkn...",ya-aioclient-0.6.4.tar.gz,ya-aioclient,0.6.4,tar,ya-aioclient-0.6.4/src/ya_payment/test/__pycache__/test_invoice_rejected_event_all_of.cpython-38-pytest-5.4.3.pyc,cpython-38,3413,True,4,pylingual_decompilable,data/artifacts/pypi/ya-aioclient/0.6.4/ya-aioclient-0.6.4.tar.gz
decompyle3,exit_2,tool_exit,"Traceback (most recent call last): File ""/root/PyBC-Sec/pybcSEC/data/rq2/envs/cpython-38/lib/python3.8/site-packages/xdis/load.py"", line 328, in load_module_from_file_object co = marshal.loads(bytecode) ValueError: bad marshal data (unkn...",ya-aioclient-0.6.4.tar.gz,ya-aioclient,0.6.4,tar,ya-aioclient-0.6.4/src/ya_payment/test/__pycache__/test_invoice_settled_event.cpython-38-pytest-5.4.3.pyc,cpython-38,3413,True,4,pylingual_decompilable,data/artifacts/pypi/ya-aioclient/0.6.4/ya-aioclient-0.6.4.tar.gz
decompyle3,exit_2,tool_exit,"Traceback (most recent call last): File ""/root/PyBC-Sec/pybcSEC/data/rq2/envs/cpython-38/lib/python3.8/site-packages/xdis/load.py"", line 328, in load_module_from_file_object co = marshal.loads(bytecode) ValueError: bad marshal data (unkn...",ya-aioclient-0.6.4.tar.gz,ya-aioclient,0.6.4,tar,ya-aioclient-0.6.4/src/ya_payment/test/__pycache__/test_invoice_status.cpython-38-pytest-5.4.3.pyc,cpython-38,3413,True,4,pylingual_decompilable,data/artifacts/pypi/ya-aioclient/0.6.4/ya-aioclient-0.6.4.tar.gz
decompyle3,exit_2,tool_exit,"Traceback (most recent call last): File ""/root/PyBC-Sec/pybcSEC/data/rq2/envs/cpython-38/lib/python3.8/site-packages/xdis/load.py"", line 328, in load_module_from_file_object co = marshal.loads(bytecode) ValueError: bad marshal data (unkn...",ya-aioclient-0.6.4.tar.gz,ya-aioclient,0.6.4,tar,ya-aioclient-0.6.4/src/ya_payment/test/__pycache__/test_market_decoration.cpython-38-pytest-5.4.3.pyc,cpython-38,3413,True,4,pylingual_decompilable,data/artifacts/pypi/ya-aioclient/0.6.4/ya-aioclient-0.6.4.tar.gz
decompyle3,exit_2,tool_exit,"Traceback (most recent call last): File ""/root/PyBC-Sec/pybcSEC/data/rq2/envs/cpython-38/lib/python3.8/site-packages/xdis/load.py"", line 328, in load_module_from_file_object co = marshal.loads(bytecode) ValueError: bad marshal data (unkn...",ya-aioclient-0.6.4.tar.gz,ya-aioclient,0.6.4,tar,ya-aioclient-0.6.4/src/ya_payment/test/__pycache__/test_market_property.cpython-38-pytest-5.4.3.pyc,cpython-38,3413,True,4,pylingual_decompilable,data/artifacts/pypi/ya-aioclient/0.6.4/ya-aioclient-0.6.4.tar.gz
decompyle3,exit_2,tool_exit,"Traceback (most recent call last): File ""/root/PyBC-Sec/pybcSEC/data/rq2/envs/cpython-38/lib/python3.8/site-packages/xdis/load.py"", line 328, in load_module_from_file_object co = marshal.loads(bytecode) ValueError: bad marshal data (unkn...",ya-aioclient-0.6.4.tar.gz,ya-aioclient,0.6.4,tar,ya-aioclient-0.6.4/src/ya_payment/test/__pycache__/test_payment.cpython-38-pytest-5.4.3.pyc,cpython-38,3413,True,4,pylingual_decompilable,data/artifacts/pypi/ya-aioclient/0.6.4/ya-aioclient-0.6.4.tar.gz
decompyle3,exit_2,tool_exit,"Traceback (most recent call last): File ""/root/PyBC-Sec/pybcSEC/data/rq2/envs/cpython-38/lib/python3.8/site-packages/xdis/load.py"", line 328, in load_module_from_file_object co = marshal.loads(bytecode) ValueError: bad marshal data (unkn...",ya-aioclient-0.6.4.tar.gz,ya-aioclient,0.6.4,tar,ya-aioclient-0.6.4/src/ya_payment/test/__pycache__/test_payment_received_event.cpython-38-pytest-5.4.3.pyc,cpython-38,3413,True,4,pylingual_decompilable,data/artifacts/pypi/ya-aioclient/0.6.4/ya-aioclient-0.6.4.tar.gz
decompyle3,exit_2,tool_exit,"Traceback (most recent call last): File ""/root/PyBC-Sec/pybcSEC/data/rq2/envs/cpython-38/lib/python3.8/site-packages/xdis/load.py"", line 328, in load_module_from_file_object co = marshal.loads(bytecode) ValueError: bad marshal data (unkn...",ya-aioclient-0.6.4.tar.gz,ya-aioclient,0.6.4,tar,ya-aioclient-0.6.4/src/ya_payment/test/__pycache__/test_payment_received_event_all_of.cpython-38-pytest-5.4.3.pyc,cpython-38,3413,True,4,pylingual_decompilable,data/artifacts/pypi/ya-aioclient/0.6.4/ya-aioclient-0.6.4.tar.gz
decompyle3,exit_2,tool_exit,"Traceback (most recent call last): File ""/root/PyBC-Sec/pybcSEC/data/rq2/envs/cpython-38/lib/python3.8/site-packages/xdis/load.py"", line 328, in load_module_from_file_object co = marshal.loads(bytecode) ValueError: bad marshal data (unkn...",ya-aioclient-0.6.4.tar.gz,ya-aioclient,0.6.4,tar,ya-aioclient-0.6.4/src/ya_payment/test/__pycache__/test_provider_api.cpython-38-pytest-5.4.3.pyc,cpython-38,3413,True,4,pylingual_decompilable,data/artifacts/pypi/ya-aioclient/0.6.4/ya-aioclient-0.6.4.tar.gz
decompyle3,exit_2,tool_exit,"Traceback (most recent call last): File ""/root/PyBC-Sec/pybcSEC/data/rq2/envs/cpython-38/lib/python3.8/site-packages/xdis/load.py"", line 328, in load_module_from_file_object co = marshal.loads(bytecode) ValueError: bad marshal data (unkn...",ya-aioclient-0.6.4.tar.gz,ya-aioclient,0.6.4,tar,ya-aioclient-0.6.4/src/ya_payment/test/__pycache__/test_rejection.cpython-38-pytest-5.4.3.pyc,cpython-38,3413,True,4,pylingual_decompilable,data/artifacts/pypi/ya-aioclient/0.6.4/ya-aioclient-0.6.4.tar.gz
decompyle3,exit_2,tool_exit,"Traceback (most recent call last): File ""/root/PyBC-Sec/pybcSEC/data/rq2/envs/cpython-38/lib/python3.8/site-packages/xdis/load.py"", line 328, in load_module_from_file_object co = marshal.loads(bytecode) ValueError: bad marshal data (unkn...",ya-aioclient-0.6.4.tar.gz,ya-aioclient,0.6.4,tar,ya-aioclient-0.6.4/src/ya_payment/test/__pycache__/test_rejection_reason.cpython-38-pytest-5.4.3.pyc,cpython-38,3413,True,4,pylingual_decompilable,data/artifacts/pypi/ya-aioclient/0.6.4/ya-aioclient-0.6.4.tar.gz
decompyle3,exit_2,tool_exit,"Traceback (most recent call last): File ""/root/PyBC-Sec/pybcSEC/data/rq2/envs/cpython-38/lib/python3.8/site-packages/xdis/load.py"", line 328, in load_module_from_file_object co = marshal.loads(bytecode) ValueError: bad marshal data (unkn...",ya-aioclient-0.6.4.tar.gz,ya-aioclient,0.6.4,tar,ya-aioclient-0.6.4/src/ya_payment/test/__pycache__/test_requestor_api.cpython-38-pytest-5.4.3.pyc,cpython-38,3413,True,4,pylingual_decompilable,data/artifacts/pypi/ya-aioclient/0.6.4/ya-aioclient-0.6.4.tar.gz
decompyle3,timeout,timeout,timeout_after_600s,xml_api-0.0.6.tar.gz,xml-api,0.0.6,tar,xml_api-0.0.6/xml_api/function/express/__pycache__/express.cpython-38.pyc,cpython-38,3413,True,4,pylingual_decompilable,data/artifacts/pypi/xml-api/0.0.6/xml_api-0.0.6.tar.gz
decompyle3,exit_1,tool_exit,"Traceback (most recent call last): File ""data/rq2/envs/cpython-38/bin/decompyle3"", line 8, in <module> sys.exit(main_bin()) File ""/root/PyBC-Sec/pybcSEC/data/rq2/envs/cpython-38/lib/python3.8/site-packages/click/core.py"", line 1161, in _...",uniqgift_custom-1.0.7-py3-none-any.whl,uniqgift-custom,1.0.7,wheel,django/db/models/__pycache__/options.cpython-38.pyc,cpython-38,3413,True,4,pylingual_decompilable,data/artifacts/pypi/uniqgift-custom/1.0.7/uniqgift_custom-1.0.7-py3-none-any.whl
decompyle3,exit_1,tool_exit,"Traceback (most recent call last): File ""data/rq2/envs/cpython-38/bin/decompyle3"", line 8, in <module> sys.exit(main_bin()) File ""/root/PyBC-Sec/pybcSEC/data/rq2/envs/cpython-38/lib/python3.8/site-packages/click/core.py"", line 1161, in _...",uniqgift_custom-1.0.7-py3-none-any.whl,uniqgift-custom,1.0.7,wheel,django/forms/__pycache__/models.cpython-38.pyc,cpython-38,3413,True,4,pylingual_decompilable,data/artifacts/pypi/uniqgift-custom/1.0.7/uniqgift_custom-1.0.7-py3-none-any.whl
decompyle3,exit_1,tool_exit,"Traceback (most recent call last): File ""data/rq2/envs/cpython-38/bin/decompyle3"", line 8, in <module> sys.exit(main_bin()) File ""/root/PyBC-Sec/pybcSEC/data/rq2/envs/cpython-38/lib/python3.8/site-packages/click/core.py"", line 1161, in _...",uniqgift_custom-1.0.7-py3-none-any.whl,uniqgift-custom,1.0.7,wheel,django/test/__pycache__/testcases.cpython-38.pyc,cpython-38,3413,True,4,pylingual_decompilable,data/artifacts/pypi/uniqgift-custom/1.0.7/uniqgift_custom-1.0.7-py3-none-any.whl
