python_tag,finding,decompiler,stage,status,reason,bytecode_status,source_path,compiled_pyc
cpython-310,data/rq3/cpython-3.10/unique_bug_pyc/cpython-310-15636d60b9a3.pyc,decompyle3,rerun,exit_1,"Traceback (most recent call last): File ""<string>"", line 10, in <module> File ""data/rq4/source_candidates/cpython-310/cpython-310-15636d60b9a3/decompyle3.py"", line 6 Unsupported Python version, 3.10, for decompilation ^^^^^^ SyntaxError:...",exit_1,data/rq4/source_candidates/cpython-310/cpython-310-15636d60b9a3/decompyle3.py,
cpython-310,data/rq3/cpython-3.10/unique_bug_pyc/cpython-310-0e264d4271f8.pyc,decompyle3,rerun,exit_1,"Traceback (most recent call last): File ""<string>"", line 10, in <module> File ""data/rq4/source_candidates/cpython-310/cpython-310-0e264d4271f8/decompyle3.py"", line 6 Unsupported Python version, 3.10, for decompilation ^^^^^^ SyntaxError:...",crash,data/rq4/source_candidates/cpython-310/cpython-310-0e264d4271f8/decompyle3.py,
cpython-310,data/rq3/cpython-3.10/unique_bug_pyc/cpython-310-1933bbc9617a.pyc,decompyle3,rerun,exit_1,"Traceback (most recent call last): File ""<string>"", line 10, in <module> File ""data/rq4/source_candidates/cpython-310/cpython-310-1933bbc9617a/decompyle3.py"", line 6 Unsupported Python version, 3.10, for decompilation ^^^^^^ SyntaxError:...",crash,data/rq4/source_candidates/cpython-310/cpython-310-1933bbc9617a/decompyle3.py,
cpython-310,data/rq3/cpython-3.10/unique_bug_pyc/cpython-310-09ede1f2a7d5.pyc,decompyle3,rerun,exit_1,"Traceback (most recent call last): File ""<string>"", line 10, in <module> File ""data/rq4/source_candidates/cpython-310/cpython-310-09ede1f2a7d5/decompyle3.py"", line 6 Unsupported Python version, 3.10, for decompilation ^^^^^^ SyntaxError:...",crash,data/rq4/source_candidates/cpython-310/cpython-310-09ede1f2a7d5/decompyle3.py,
cpython-310,data/rq3/cpython-3.10/unique_bug_pyc/cpython-310-185a3358628c.pyc,decompyle3,rerun,exit_1,"Traceback (most recent call last): File ""<string>"", line 10, in <module> File ""data/rq4/source_candidates/cpython-310/cpython-310-185a3358628c/decompyle3.py"", line 6 Unsupported Python version, 3.10, for decompilation ^^^^^^ SyntaxError:...",crash,data/rq4/source_candidates/cpython-310/cpython-310-185a3358628c/decompyle3.py,
cpython-310,data/rq3/cpython-3.10/unique_bug_pyc/cpython-310-0405b92fdf77.pyc,decompyle3,rerun,exit_1,"Traceback (most recent call last): File ""<string>"", line 10, in <module> File ""data/rq4/source_candidates/cpython-310/cpython-310-0405b92fdf77/decompyle3.py"", line 6 Unsupported Python version, 3.10, for decompilation ^^^^^^ SyntaxError:...",crash,data/rq4/source_candidates/cpython-310/cpython-310-0405b92fdf77/decompyle3.py,
cpython-310,data/rq3/cpython-3.10/unique_bug_pyc/cpython-310-13550de95770.pyc,decompyle3,rerun,exit_1,"Traceback (most recent call last): File ""<string>"", line 10, in <module> File ""data/rq4/source_candidates/cpython-310/cpython-310-13550de95770/decompyle3.py"", line 6 Unsupported Python version, 3.10, for decompilation ^^^^^^ SyntaxError:...",crash,data/rq4/source_candidates/cpython-310/cpython-310-13550de95770/decompyle3.py,
cpython-310,data/rq3/cpython-3.10/unique_bug_pyc/cpython-310-051c62d941fa.pyc,decompyle3,rerun,exit_1,"Traceback (most recent call last): File ""<string>"", line 10, in <module> File ""data/rq4/source_candidates/cpython-310/cpython-310-051c62d941fa/decompyle3.py"", line 6 Unsupported Python version, 3.10, for decompilation ^^^^^^ SyntaxError:...",crash,data/rq4/source_candidates/cpython-310/cpython-310-051c62d941fa/decompyle3.py,
cpython-310,data/rq3/cpython-3.10/unique_bug_pyc/cpython-310-1410d9b640bc.pyc,decompyle3,rerun,exit_1,"Traceback (most recent call last): File ""<string>"", line 10, in <module> File ""data/rq4/source_candidates/cpython-310/cpython-310-1410d9b640bc/decompyle3.py"", line 6 Unsupported Python version, 3.10, for decompilation ^^^^^^ SyntaxError:...",crash,data/rq4/source_candidates/cpython-310/cpython-310-1410d9b640bc/decompyle3.py,
cpython-310,data/rq3/cpython-3.10/unique_bug_pyc/cpython-310-05a3ee1d3fc4.pyc,decompyle3,rerun,exit_1,"Traceback (most recent call last): File ""<string>"", line 10, in <module> File ""data/rq4/source_candidates/cpython-310/cpython-310-05a3ee1d3fc4/decompyle3.py"", line 6 Unsupported Python version, 3.10, for decompilation ^^^^^^ SyntaxError:...",crash,data/rq4/source_candidates/cpython-310/cpython-310-05a3ee1d3fc4/decompyle3.py,
cpython-310,data/rq3/cpython-3.10/unique_bug_pyc/cpython-310-2a823146c668.pyc,decompyle3,rerun,exit_1,"Traceback (most recent call last): File ""<string>"", line 10, in <module> File ""data/rq4/source_candidates/cpython-310/cpython-310-2a823146c668/decompyle3.py"", line 6 Unsupported Python version, 3.10, for decompilation ^^^^^^ SyntaxError:...",crash,data/rq4/source_candidates/cpython-310/cpython-310-2a823146c668/decompyle3.py,
cpython-310,data/rq3/cpython-3.10/unique_bug_pyc/cpython-310-2aae60cef2a2.pyc,decompyle3,rerun,exit_1,"Traceback (most recent call last): File ""<string>"", line 10, in <module> File ""data/rq4/source_candidates/cpython-310/cpython-310-2aae60cef2a2/decompyle3.py"", line 6 Unsupported Python version, 3.10, for decompilation ^^^^^^ SyntaxError:...",crash,data/rq4/source_candidates/cpython-310/cpython-310-2aae60cef2a2/decompyle3.py,
cpython-310,data/rq3/cpython-3.10/unique_bug_pyc/cpython-310-2c604c45d5bb.pyc,decompyle3,rerun,exit_1,"Traceback (most recent call last): File ""<string>"", line 10, in <module> File ""data/rq4/source_candidates/cpython-310/cpython-310-2c604c45d5bb/decompyle3.py"", line 6 Unsupported Python version, 3.10, for decompilation ^^^^^^ SyntaxError:...",crash,data/rq4/source_candidates/cpython-310/cpython-310-2c604c45d5bb/decompyle3.py,
cpython-310,data/rq3/cpython-3.10/unique_bug_pyc/cpython-310-2cada3d4af6f.pyc,decompyle3,rerun,exit_1,"Traceback (most recent call last): File ""<string>"", line 10, in <module> File ""data/rq4/source_candidates/cpython-310/cpython-310-2cada3d4af6f/decompyle3.py"", line 6 Unsupported Python version, 3.10, for decompilation ^^^^^^ SyntaxError:...",crash,data/rq4/source_candidates/cpython-310/cpython-310-2cada3d4af6f/decompyle3.py,
cpython-310,data/rq3/cpython-3.10/unique_bug_pyc/cpython-310-2d949721c6f1.pyc,decompyle3,rerun,exit_1,"Traceback (most recent call last): File ""<string>"", line 10, in <module> File ""data/rq4/source_candidates/cpython-310/cpython-310-2d949721c6f1/decompyle3.py"", line 6 Unsupported Python version, 3.10, for decompilation ^^^^^^ SyntaxError:...",crash,data/rq4/source_candidates/cpython-310/cpython-310-2d949721c6f1/decompyle3.py,
cpython-310,data/rq3/cpython-3.10/unique_bug_pyc/cpython-310-3081b5214931.pyc,decompyle3,rerun,exit_1,"Traceback (most recent call last): File ""<string>"", line 10, in <module> File ""data/rq4/source_candidates/cpython-310/cpython-310-3081b5214931/decompyle3.py"", line 6 Unsupported Python version, 3.10, for decompilation ^^^^^^ SyntaxError:...",exit_1,data/rq4/source_candidates/cpython-310/cpython-310-3081b5214931/decompyle3.py,
cpython-310,data/rq3/cpython-3.10/unique_bug_pyc/cpython-310-2ef12fc317db.pyc,decompyle3,rerun,exit_1,"Traceback (most recent call last): File ""<string>"", line 10, in <module> File ""data/rq4/source_candidates/cpython-310/cpython-310-2ef12fc317db/decompyle3.py"", line 6 Unsupported Python version, 3.10, for decompilation ^^^^^^ SyntaxError:...",crash,data/rq4/source_candidates/cpython-310/cpython-310-2ef12fc317db/decompyle3.py,
cpython-310,data/rq3/cpython-3.10/unique_bug_pyc/cpython-310-3213c9117688.pyc,decompyle3,rerun,exit_1,"Traceback (most recent call last): File ""<string>"", line 10, in <module> File ""data/rq4/source_candidates/cpython-310/cpython-310-3213c9117688/decompyle3.py"", line 6 Unsupported Python version, 3.10, for decompilation ^^^^^^ SyntaxError:...",exit_1,data/rq4/source_candidates/cpython-310/cpython-310-3213c9117688/decompyle3.py,
cpython-310,data/rq3/cpython-3.10/unique_bug_pyc/cpython-310-330615b3933c.pyc,decompyle3,rerun,exit_1,"Traceback (most recent call last): File ""<string>"", line 10, in <module> File ""data/rq4/source_candidates/cpython-310/cpython-310-330615b3933c/decompyle3.py"", line 6 Unsupported Python version, 3.10, for decompilation ^^^^^^ SyntaxError:...",crash,data/rq4/source_candidates/cpython-310/cpython-310-330615b3933c/decompyle3.py,
cpython-310,data/rq3/cpython-3.10/unique_bug_pyc/cpython-310-33240e526c1b.pyc,decompyle3,rerun,exit_1,"Traceback (most recent call last): File ""<string>"", line 10, in <module> File ""data/rq4/source_candidates/cpython-310/cpython-310-33240e526c1b/decompyle3.py"", line 6 Unsupported Python version, 3.10, for decompilation ^^^^^^ SyntaxError:...",exit_1,data/rq4/source_candidates/cpython-310/cpython-310-33240e526c1b/decompyle3.py,
cpython-310,data/rq3/cpython-3.10/unique_bug_pyc/cpython-310-3abd3305d713.pyc,decompyle3,rerun,exit_1,"Traceback (most recent call last): File ""<string>"", line 10, in <module> File ""data/rq4/source_candidates/cpython-310/cpython-310-3abd3305d713/decompyle3.py"", line 6 Unsupported Python version, 3.10, for decompilation ^^^^^^ SyntaxError:...",exit_1,data/rq4/source_candidates/cpython-310/cpython-310-3abd3305d713/decompyle3.py,
cpython-310,data/rq3/cpython-3.10/unique_bug_pyc/cpython-310-38b702da3d0c.pyc,decompyle3,rerun,exit_1,"Traceback (most recent call last): File ""<string>"", line 10, in <module> File ""data/rq4/source_candidates/cpython-310/cpython-310-38b702da3d0c/decompyle3.py"", line 6 Unsupported Python version, 3.10, for decompilation ^^^^^^ SyntaxError:...",crash,data/rq4/source_candidates/cpython-310/cpython-310-38b702da3d0c/decompyle3.py,
cpython-310,data/rq3/cpython-3.10/unique_bug_pyc/cpython-310-4049a6b9d887.pyc,decompyle3,rerun,exit_1,"Traceback (most recent call last): File ""<string>"", line 10, in <module> File ""data/rq4/source_candidates/cpython-310/cpython-310-4049a6b9d887/decompyle3.py"", line 6 Unsupported Python version, 3.10, for decompilation ^^^^^^ SyntaxError:...",crash,data/rq4/source_candidates/cpython-310/cpython-310-4049a6b9d887/decompyle3.py,
cpython-310,data/rq3/cpython-3.10/unique_bug_pyc/cpython-310-3b38fa0fe001.pyc,decompyle3,rerun,exit_1,"Traceback (most recent call last): File ""<string>"", line 10, in <module> File ""data/rq4/source_candidates/cpython-310/cpython-310-3b38fa0fe001/decompyle3.py"", line 6 Unsupported Python version, 3.10, for decompilation ^^^^^^ SyntaxError:...",crash,data/rq4/source_candidates/cpython-310/cpython-310-3b38fa0fe001/decompyle3.py,
cpython-310,data/rq3/cpython-3.10/unique_bug_pyc/cpython-310-3e38a1438d9e.pyc,decompyle3,rerun,exit_1,"Traceback (most recent call last): File ""<string>"", line 10, in <module> File ""data/rq4/source_candidates/cpython-310/cpython-310-3e38a1438d9e/decompyle3.py"", line 6 Unsupported Python version, 3.10, for decompilation ^^^^^^ SyntaxError:...",crash,data/rq4/source_candidates/cpython-310/cpython-310-3e38a1438d9e/decompyle3.py,
cpython-310,data/rq3/cpython-3.10/unique_bug_pyc/cpython-310-4087c64bf825.pyc,decompyle3,rerun,exit_1,"Traceback (most recent call last): File ""<string>"", line 10, in <module> File ""data/rq4/source_candidates/cpython-310/cpython-310-4087c64bf825/decompyle3.py"", line 6 Unsupported Python version, 3.10, for decompilation ^^^^^^ SyntaxError:...",exit_1,data/rq4/source_candidates/cpython-310/cpython-310-4087c64bf825/decompyle3.py,
cpython-310,data/rq3/cpython-3.10/unique_bug_pyc/cpython-310-41fe5579485f.pyc,decompyle3,rerun,exit_1,"Traceback (most recent call last): File ""<string>"", line 10, in <module> File ""data/rq4/source_candidates/cpython-310/cpython-310-41fe5579485f/decompyle3.py"", line 6 Unsupported Python version, 3.10, for decompilation ^^^^^^ SyntaxError:...",crash,data/rq4/source_candidates/cpython-310/cpython-310-41fe5579485f/decompyle3.py,
cpython-310,data/rq3/cpython-3.10/unique_bug_pyc/cpython-310-43dd4dca536c.pyc,decompyle3,rerun,exit_1,"Traceback (most recent call last): File ""<string>"", line 10, in <module> File ""data/rq4/source_candidates/cpython-310/cpython-310-43dd4dca536c/decompyle3.py"", line 6 Unsupported Python version, 3.10, for decompilation ^^^^^^ SyntaxError:...",crash,data/rq4/source_candidates/cpython-310/cpython-310-43dd4dca536c/decompyle3.py,
cpython-310,data/rq3/cpython-3.10/unique_bug_pyc/cpython-310-43f52a9cb69f.pyc,decompyle3,rerun,exit_1,"Traceback (most recent call last): File ""<string>"", line 10, in <module> File ""data/rq4/source_candidates/cpython-310/cpython-310-43f52a9cb69f/decompyle3.py"", line 6 Unsupported Python version, 3.10, for decompilation ^^^^^^ SyntaxError:...",crash,data/rq4/source_candidates/cpython-310/cpython-310-43f52a9cb69f/decompyle3.py,
cpython-310,data/rq3/cpython-3.10/unique_bug_pyc/cpython-310-47b91700571e.pyc,decompyle3,rerun,exit_1,"Traceback (most recent call last): File ""<string>"", line 10, in <module> File ""data/rq4/source_candidates/cpython-310/cpython-310-47b91700571e/decompyle3.py"", line 6 Unsupported Python version, 3.10, for decompilation ^^^^^^ SyntaxError:...",exit_1,data/rq4/source_candidates/cpython-310/cpython-310-47b91700571e/decompyle3.py,
cpython-310,data/rq3/cpython-3.10/unique_bug_pyc/cpython-310-49b447d47acd.pyc,decompyle3,rerun,exit_1,"Traceback (most recent call last): File ""<string>"", line 10, in <module> File ""data/rq4/source_candidates/cpython-310/cpython-310-49b447d47acd/decompyle3.py"", line 6 Unsupported Python version, 3.10, for decompilation ^^^^^^ SyntaxError:...",crash,data/rq4/source_candidates/cpython-310/cpython-310-49b447d47acd/decompyle3.py,
cpython-310,data/rq3/cpython-3.10/unique_bug_pyc/cpython-310-4c5f3adafaa8.pyc,decompyle3,rerun,exit_1,"Traceback (most recent call last): File ""<string>"", line 10, in <module> File ""data/rq4/source_candidates/cpython-310/cpython-310-4c5f3adafaa8/decompyle3.py"", line 6 Unsupported Python version, 3.10, for decompilation ^^^^^^ SyntaxError:...",crash,data/rq4/source_candidates/cpython-310/cpython-310-4c5f3adafaa8/decompyle3.py,
cpython-310,data/rq3/cpython-3.10/unique_bug_pyc/cpython-310-58999579f5d2.pyc,decompyle3,rerun,exit_1,"Traceback (most recent call last): File ""<string>"", line 10, in <module> File ""data/rq4/source_candidates/cpython-310/cpython-310-58999579f5d2/decompyle3.py"", line 7 Unsupported Python version, 3.10, for decompilation ^^^^^^ SyntaxError:...",crash,data/rq4/source_candidates/cpython-310/cpython-310-58999579f5d2/decompyle3.py,
cpython-310,data/rq3/cpython-3.10/unique_bug_pyc/cpython-310-506aed50f6e6.pyc,decompyle3,rerun,exit_1,"Traceback (most recent call last): File ""<string>"", line 10, in <module> File ""data/rq4/source_candidates/cpython-310/cpython-310-506aed50f6e6/decompyle3.py"", line 6 Unsupported Python version, 3.10, for decompilation ^^^^^^ SyntaxError:...",exit_1,data/rq4/source_candidates/cpython-310/cpython-310-506aed50f6e6/decompyle3.py,
cpython-310,data/rq3/cpython-3.10/unique_bug_pyc/cpython-310-568e1f5f77e9.pyc,decompyle3,rerun,exit_1,"Traceback (most recent call last): File ""<string>"", line 10, in <module> File ""data/rq4/source_candidates/cpython-310/cpython-310-568e1f5f77e9/decompyle3.py"", line 6 Unsupported Python version, 3.10, for decompilation ^^^^^^ SyntaxError:...",crash,data/rq4/source_candidates/cpython-310/cpython-310-568e1f5f77e9/decompyle3.py,
cpython-310,data/rq3/cpython-3.10/unique_bug_pyc/cpython-310-5c8dd81e480e.pyc,decompyle3,rerun,exit_1,"Traceback (most recent call last): File ""<string>"", line 10, in <module> File ""data/rq4/source_candidates/cpython-310/cpython-310-5c8dd81e480e/decompyle3.py"", line 6 Unsupported Python version, 3.10, for decompilation ^^^^^^ SyntaxError:...",crash,data/rq4/source_candidates/cpython-310/cpython-310-5c8dd81e480e/decompyle3.py,
cpython-310,data/rq3/cpython-3.10/unique_bug_pyc/cpython-310-5d55816ed624.pyc,decompyle3,rerun,exit_1,"Traceback (most recent call last): File ""<string>"", line 10, in <module> File ""data/rq4/source_candidates/cpython-310/cpython-310-5d55816ed624/decompyle3.py"", line 6 Unsupported Python version, 3.10, for decompilation ^^^^^^ SyntaxError:...",crash,data/rq4/source_candidates/cpython-310/cpython-310-5d55816ed624/decompyle3.py,
cpython-310,data/rq3/cpython-3.10/unique_bug_pyc/cpython-310-5dff98827dfd.pyc,decompyle3,rerun,exit_1,"Traceback (most recent call last): File ""<string>"", line 10, in <module> File ""data/rq4/source_candidates/cpython-310/cpython-310-5dff98827dfd/decompyle3.py"", line 6 Unsupported Python version, 3.10, for decompilation ^^^^^^ SyntaxError:...",crash,data/rq4/source_candidates/cpython-310/cpython-310-5dff98827dfd/decompyle3.py,
cpython-310,data/rq3/cpython-3.10/unique_bug_pyc/cpython-310-6381fd66a790.pyc,decompyle3,rerun,exit_1,"Traceback (most recent call last): File ""<string>"", line 10, in <module> File ""data/rq4/source_candidates/cpython-310/cpython-310-6381fd66a790/decompyle3.py"", line 6 Unsupported Python version, 3.10, for decompilation ^^^^^^ SyntaxError:...",crash,data/rq4/source_candidates/cpython-310/cpython-310-6381fd66a790/decompyle3.py,
cpython-310,data/rq3/cpython-3.10/unique_bug_pyc/cpython-310-5f84dccb33a7.pyc,decompyle3,rerun,exit_1,"Traceback (most recent call last): File ""<string>"", line 10, in <module> File ""data/rq4/source_candidates/cpython-310/cpython-310-5f84dccb33a7/decompyle3.py"", line 6 Unsupported Python version, 3.10, for decompilation ^^^^^^ SyntaxError:...",crash,data/rq4/source_candidates/cpython-310/cpython-310-5f84dccb33a7/decompyle3.py,
cpython-310,data/rq3/cpython-3.10/unique_bug_pyc/cpython-310-14fe555e26f3.pyc,decompyle3,rerun,exit_1,"Traceback (most recent call last): File ""<string>"", line 10, in <module> File ""data/rq4/source_candidates/cpython-310/cpython-310-14fe555e26f3/decompyle3.py"", line 6 Unsupported Python version, 3.10, for decompilation ^^^^^^ SyntaxError:...",crash,data/rq4/source_candidates/cpython-310/cpython-310-14fe555e26f3/decompyle3.py,
cpython-310,data/rq3/cpython-3.10/unique_bug_pyc/cpython-310-176fa4283320.pyc,decompyle3,rerun,exit_1,"Traceback (most recent call last): File ""<string>"", line 10, in <module> File ""data/rq4/source_candidates/cpython-310/cpython-310-176fa4283320/decompyle3.py"", line 6 Unsupported Python version, 3.10, for decompilation ^^^^^^ SyntaxError:...",crash,data/rq4/source_candidates/cpython-310/cpython-310-176fa4283320/decompyle3.py,
cpython-310,data/rq3/cpython-3.10/unique_bug_pyc/cpython-310-0b78e6dac771.pyc,decompyle3,rerun,exit_1,"Traceback (most recent call last): File ""<string>"", line 10, in <module> File ""data/rq4/source_candidates/cpython-310/cpython-310-0b78e6dac771/decompyle3.py"", line 6 Unsupported Python version, 3.10, for decompilation ^^^^^^ SyntaxError:...",crash,data/rq4/source_candidates/cpython-310/cpython-310-0b78e6dac771/decompyle3.py,
cpython-310,data/rq3/cpython-3.10/unique_bug_pyc/cpython-310-02136a8dd74b.pyc,decompyle3,rerun,exit_1,"Traceback (most recent call last): File ""<string>"", line 10, in <module> File ""data/rq4/source_candidates/cpython-310/cpython-310-02136a8dd74b/decompyle3.py"", line 6 Unsupported Python version, 3.10, for decompilation ^^^^^^ SyntaxError:...",crash,data/rq4/source_candidates/cpython-310/cpython-310-02136a8dd74b/decompyle3.py,
cpython-310,data/rq3/cpython-3.10/unique_bug_pyc/cpython-310-1904c1b23f3c.pyc,decompyle3,rerun,exit_1,"Traceback (most recent call last): File ""<string>"", line 10, in <module> File ""data/rq4/source_candidates/cpython-310/cpython-310-1904c1b23f3c/decompyle3.py"", line 6 Unsupported Python version, 3.10, for decompilation ^^^^^^ SyntaxError:...",crash,data/rq4/source_candidates/cpython-310/cpython-310-1904c1b23f3c/decompyle3.py,
cpython-310,data/rq3/cpython-3.10/unique_bug_pyc/cpython-310-02173bb381ec.pyc,decompyle3,rerun,exit_1,"Traceback (most recent call last): File ""<string>"", line 10, in <module> File ""data/rq4/source_candidates/cpython-310/cpython-310-02173bb381ec/decompyle3.py"", line 6 Unsupported Python version, 3.10, for decompilation ^^^^^^ SyntaxError:...",crash,data/rq4/source_candidates/cpython-310/cpython-310-02173bb381ec/decompyle3.py,
cpython-310,data/rq3/cpython-3.10/unique_bug_pyc/cpython-310-6be792256da7.pyc,decompyle3,rerun,exit_1,"Traceback (most recent call last): File ""<string>"", line 10, in <module> File ""data/rq4/source_candidates/cpython-310/cpython-310-6be792256da7/decompyle3.py"", line 6 Unsupported Python version, 3.10, for decompilation ^^^^^^ SyntaxError:...",exit_1,data/rq4/source_candidates/cpython-310/cpython-310-6be792256da7/decompyle3.py,
cpython-310,data/rq3/cpython-3.10/unique_bug_pyc/cpython-310-2640fce96d36.pyc,decompyle3,rerun,exit_1,"Traceback (most recent call last): File ""<string>"", line 10, in <module> File ""data/rq4/source_candidates/cpython-310/cpython-310-2640fce96d36/decompyle3.py"", line 6 Unsupported Python version, 3.10, for decompilation ^^^^^^ SyntaxError:...",crash,data/rq4/source_candidates/cpython-310/cpython-310-2640fce96d36/decompyle3.py,
cpython-310,data/rq3/cpython-3.10/unique_bug_pyc/cpython-310-1c4537aeb581.pyc,decompyle3,rerun,exit_1,"Traceback (most recent call last): File ""<string>"", line 10, in <module> ValueError: source code string cannot contain null bytes",crash,data/rq4/source_candidates/cpython-310/cpython-310-1c4537aeb581/decompyle3.py,
cpython-310,data/rq3/cpython-3.10/unique_bug_pyc/cpython-310-2091219e5194.pyc,decompyle3,rerun,exit_1,"Traceback (most recent call last): File ""<string>"", line 10, in <module> File ""data/rq4/source_candidates/cpython-310/cpython-310-2091219e5194/decompyle3.py"", line 6 Unsupported Python version, 3.10, for decompilation ^^^^^^ SyntaxError:...",crash,data/rq4/source_candidates/cpython-310/cpython-310-2091219e5194/decompyle3.py,
cpython-310,data/rq3/cpython-3.10/unique_bug_pyc/cpython-310-65d4b833f586.pyc,decompyle3,rerun,exit_1,"Traceback (most recent call last): File ""<string>"", line 10, in <module> File ""data/rq4/source_candidates/cpython-310/cpython-310-65d4b833f586/decompyle3.py"", line 6 Unsupported Python version, 3.10, for decompilation ^^^^^^ SyntaxError:...",crash,data/rq4/source_candidates/cpython-310/cpython-310-65d4b833f586/decompyle3.py,
cpython-310,data/rq3/cpython-3.10/unique_bug_pyc/cpython-310-232dbdb7643c.pyc,decompyle3,rerun,exit_1,"Traceback (most recent call last): File ""<string>"", line 10, in <module> File ""data/rq4/source_candidates/cpython-310/cpython-310-232dbdb7643c/decompyle3.py"", line 6 Unsupported Python version, 3.10, for decompilation ^^^^^^ SyntaxError:...",crash,data/rq4/source_candidates/cpython-310/cpython-310-232dbdb7643c/decompyle3.py,
cpython-310,data/rq3/cpython-3.10/unique_bug_pyc/cpython-310-680d864ff083.pyc,decompyle3,rerun,exit_1,"Traceback (most recent call last): File ""<string>"", line 10, in <module> File ""data/rq4/source_candidates/cpython-310/cpython-310-680d864ff083/decompyle3.py"", line 6 Unsupported Python version, 3.10, for decompilation ^^^^^^ SyntaxError:...",crash,data/rq4/source_candidates/cpython-310/cpython-310-680d864ff083/decompyle3.py,
cpython-310,data/rq3/cpython-3.10/unique_bug_pyc/cpython-310-686faa2200fc.pyc,decompyle3,decompile,exit_2,/root/PyBC-Sec/pybcSEC/data/rq2/envs/cpython-310/lib/python3.10/site-packages/click/core.py:1262: UserWarning: The parameter --version is used more than once. Remove its duplicate as parameters should be unique. parser = self.make_parser...,crash,,
cpython-310,data/rq3/cpython-3.10/unique_bug_pyc/cpython-310-6a7fd14d880e.pyc,decompyle3,rerun,exit_1,"Traceback (most recent call last): File ""<string>"", line 10, in <module> File ""data/rq4/source_candidates/cpython-310/cpython-310-6a7fd14d880e/decompyle3.py"", line 6 Unsupported Python version, 3.10, for decompilation ^^^^^^ SyntaxError:...",crash,data/rq4/source_candidates/cpython-310/cpython-310-6a7fd14d880e/decompyle3.py,
cpython-310,data/rq3/cpython-3.10/unique_bug_pyc/cpython-310-6cdd9c217f1b.pyc,decompyle3,rerun,exit_1,"Traceback (most recent call last): File ""<string>"", line 10, in <module> File ""data/rq4/source_candidates/cpython-310/cpython-310-6cdd9c217f1b/decompyle3.py"", line 6 Unsupported Python version, 3.10, for decompilation ^^^^^^ SyntaxError:...",crash,data/rq4/source_candidates/cpython-310/cpython-310-6cdd9c217f1b/decompyle3.py,
cpython-310,data/rq3/cpython-3.10/unique_bug_pyc/cpython-310-6d41228373dc.pyc,decompyle3,rerun,exit_1,"Traceback (most recent call last): File ""<string>"", line 10, in <module> File ""data/rq4/source_candidates/cpython-310/cpython-310-6d41228373dc/decompyle3.py"", line 6 Unsupported Python version, 3.10, for decompilation ^^^^^^ SyntaxError:...",crash,data/rq4/source_candidates/cpython-310/cpython-310-6d41228373dc/decompyle3.py,
cpython-310,data/rq3/cpython-3.10/unique_bug_pyc/cpython-310-84eba60d583a.pyc,decompyle3,rerun,exit_1,"Traceback (most recent call last): File ""<string>"", line 10, in <module> File ""data/rq4/source_candidates/cpython-310/cpython-310-84eba60d583a/decompyle3.py"", line 6 Unsupported Python version, 3.10, for decompilation ^^^^^^ SyntaxError:...",exit_1,data/rq4/source_candidates/cpython-310/cpython-310-84eba60d583a/decompyle3.py,
cpython-310,data/rq3/cpython-3.10/unique_bug_pyc/cpython-310-867daa1a12e5.pyc,decompyle3,rerun,exit_1,"Traceback (most recent call last): File ""<string>"", line 10, in <module> File ""data/rq4/source_candidates/cpython-310/cpython-310-867daa1a12e5/decompyle3.py"", line 6 Unsupported Python version, 3.10, for decompilation ^^^^^^ SyntaxError:...",exit_1,data/rq4/source_candidates/cpython-310/cpython-310-867daa1a12e5/decompyle3.py,
cpython-310,data/rq3/cpython-3.10/unique_bug_pyc/cpython-310-7009d80d6209.pyc,decompyle3,rerun,exit_1,"Traceback (most recent call last): File ""<string>"", line 10, in <module> File ""data/rq4/source_candidates/cpython-310/cpython-310-7009d80d6209/decompyle3.py"", line 6 Unsupported Python version, 3.10, for decompilation ^^^^^^ SyntaxError:...",crash,data/rq4/source_candidates/cpython-310/cpython-310-7009d80d6209/decompyle3.py,
cpython-310,data/rq3/cpython-3.10/unique_bug_pyc/cpython-310-77c5cfd67f58.pyc,decompyle3,rerun,exit_1,"Traceback (most recent call last): File ""<string>"", line 10, in <module> File ""data/rq4/source_candidates/cpython-310/cpython-310-77c5cfd67f58/decompyle3.py"", line 6 Unsupported Python version, 3.10, for decompilation ^^^^^^ SyntaxError:...",crash,data/rq4/source_candidates/cpython-310/cpython-310-77c5cfd67f58/decompyle3.py,
cpython-310,data/rq3/cpython-3.10/unique_bug_pyc/cpython-310-779c73b13507.pyc,decompyle3,rerun,exit_1,"Traceback (most recent call last): File ""<string>"", line 10, in <module> File ""data/rq4/source_candidates/cpython-310/cpython-310-779c73b13507/decompyle3.py"", line 6 Unsupported Python version, 3.10, for decompilation ^^^^^^ SyntaxError:...",crash,data/rq4/source_candidates/cpython-310/cpython-310-779c73b13507/decompyle3.py,
cpython-310,data/rq3/cpython-3.10/unique_bug_pyc/cpython-310-76cf17555470.pyc,decompyle3,rerun,exit_1,"Traceback (most recent call last): File ""<string>"", line 10, in <module> File ""data/rq4/source_candidates/cpython-310/cpython-310-76cf17555470/decompyle3.py"", line 6 Unsupported Python version, 3.10, for decompilation ^^^^^^ SyntaxError:...",crash,data/rq4/source_candidates/cpython-310/cpython-310-76cf17555470/decompyle3.py,
cpython-310,data/rq3/cpython-3.10/unique_bug_pyc/cpython-310-788276e8dd39.pyc,decompyle3,rerun,exit_1,"Traceback (most recent call last): File ""<string>"", line 10, in <module> File ""data/rq4/source_candidates/cpython-310/cpython-310-788276e8dd39/decompyle3.py"", line 6 Unsupported Python version, 3.10, for decompilation ^^^^^^ SyntaxError:...",crash,data/rq4/source_candidates/cpython-310/cpython-310-788276e8dd39/decompyle3.py,
cpython-310,data/rq3/cpython-3.10/unique_bug_pyc/cpython-310-79a82faa3fe4.pyc,decompyle3,rerun,exit_1,"Traceback (most recent call last): File ""<string>"", line 10, in <module> File ""data/rq4/source_candidates/cpython-310/cpython-310-79a82faa3fe4/decompyle3.py"", line 6 Unsupported Python version, 3.10, for decompilation ^^^^^^ SyntaxError:...",crash,data/rq4/source_candidates/cpython-310/cpython-310-79a82faa3fe4/decompyle3.py,
cpython-310,data/rq3/cpython-3.10/unique_bug_pyc/cpython-310-8320c023298e.pyc,decompyle3,rerun,exit_1,"Traceback (most recent call last): File ""<string>"", line 10, in <module> File ""data/rq4/source_candidates/cpython-310/cpython-310-8320c023298e/decompyle3.py"", line 6 Unsupported Python version, 3.10, for decompilation ^^^^^^ SyntaxError:...",crash,data/rq4/source_candidates/cpython-310/cpython-310-8320c023298e/decompyle3.py,
cpython-310,data/rq3/cpython-3.10/unique_bug_pyc/cpython-310-915da9f04592.pyc,decompyle3,rerun,exit_1,"Traceback (most recent call last): File ""<string>"", line 10, in <module> File ""data/rq4/source_candidates/cpython-310/cpython-310-915da9f04592/decompyle3.py"", line 6 Unsupported Python version, 3.10, for decompilation ^^^^^^ SyntaxError:...",exit_1,data/rq4/source_candidates/cpython-310/cpython-310-915da9f04592/decompyle3.py,
cpython-310,data/rq3/cpython-3.10/unique_bug_pyc/cpython-310-79753b54b14f.pyc,decompyle3,rerun,exit_1,"Traceback (most recent call last): File ""<string>"", line 10, in <module> File ""data/rq4/source_candidates/cpython-310/cpython-310-79753b54b14f/decompyle3.py"", line 7 Unsupported Python version, 3.10, for decompilation ^^^^^^ SyntaxError:...",crash,data/rq4/source_candidates/cpython-310/cpython-310-79753b54b14f/decompyle3.py,
cpython-310,data/rq3/cpython-3.10/unique_bug_pyc/cpython-310-7c36e44e9194.pyc,decompyle3,rerun,exit_1,"Traceback (most recent call last): File ""<string>"", line 10, in <module> File ""data/rq4/source_candidates/cpython-310/cpython-310-7c36e44e9194/decompyle3.py"", line 6 Unsupported Python version, 3.10, for decompilation ^^^^^^ SyntaxError:...",crash,data/rq4/source_candidates/cpython-310/cpython-310-7c36e44e9194/decompyle3.py,
cpython-310,data/rq3/cpython-3.10/unique_bug_pyc/cpython-310-874a41ac9924.pyc,decompyle3,rerun,exit_1,"Traceback (most recent call last): File ""<string>"", line 10, in <module> File ""data/rq4/source_candidates/cpython-310/cpython-310-874a41ac9924/decompyle3.py"", line 6 Unsupported Python version, 3.10, for decompilation ^^^^^^ SyntaxError:...",crash,data/rq4/source_candidates/cpython-310/cpython-310-874a41ac9924/decompyle3.py,
cpython-310,data/rq3/cpython-3.10/unique_bug_pyc/cpython-310-89fe3eb04cd8.pyc,decompyle3,rerun,exit_1,"Traceback (most recent call last): File ""<string>"", line 10, in <module> File ""data/rq4/source_candidates/cpython-310/cpython-310-89fe3eb04cd8/decompyle3.py"", line 6 Unsupported Python version, 3.10, for decompilation ^^^^^^ SyntaxError:...",crash,data/rq4/source_candidates/cpython-310/cpython-310-89fe3eb04cd8/decompyle3.py,
cpython-310,data/rq3/cpython-3.10/unique_bug_pyc/cpython-310-8d2aa8aa9f9d.pyc,decompyle3,rerun,exit_1,"Traceback (most recent call last): File ""<string>"", line 10, in <module> File ""data/rq4/source_candidates/cpython-310/cpython-310-8d2aa8aa9f9d/decompyle3.py"", line 6 Unsupported Python version, 3.10, for decompilation ^^^^^^ SyntaxError:...",crash,data/rq4/source_candidates/cpython-310/cpython-310-8d2aa8aa9f9d/decompyle3.py,
cpython-310,data/rq3/cpython-3.10/unique_bug_pyc/cpython-310-8f983d858481.pyc,decompyle3,rerun,exit_1,"Traceback (most recent call last): File ""<string>"", line 10, in <module> File ""data/rq4/source_candidates/cpython-310/cpython-310-8f983d858481/decompyle3.py"", line 6 Unsupported Python version, 3.10, for decompilation ^^^^^^ SyntaxError:...",crash,data/rq4/source_candidates/cpython-310/cpython-310-8f983d858481/decompyle3.py,
cpython-310,data/rq3/cpython-3.10/unique_bug_pyc/cpython-310-8f71b782659b.pyc,decompyle3,rerun,exit_1,"Traceback (most recent call last): File ""<string>"", line 10, in <module> File ""data/rq4/source_candidates/cpython-310/cpython-310-8f71b782659b/decompyle3.py"", line 6 Unsupported Python version, 3.10, for decompilation ^^^^^^ SyntaxError:...",crash,data/rq4/source_candidates/cpython-310/cpython-310-8f71b782659b/decompyle3.py,
cpython-310,data/rq3/cpython-3.10/unique_bug_pyc/cpython-310-948487e614eb.pyc,decompyle3,rerun,exit_1,"Traceback (most recent call last): File ""<string>"", line 10, in <module> File ""data/rq4/source_candidates/cpython-310/cpython-310-948487e614eb/decompyle3.py"", line 6 Unsupported Python version, 3.10, for decompilation ^^^^^^ SyntaxError:...",crash,data/rq4/source_candidates/cpython-310/cpython-310-948487e614eb/decompyle3.py,
cpython-310,data/rq3/cpython-3.10/unique_bug_pyc/cpython-310-a96dec179e0a.pyc,decompyle3,rerun,exit_1,"Traceback (most recent call last): File ""<string>"", line 10, in <module> File ""data/rq4/source_candidates/cpython-310/cpython-310-a96dec179e0a/decompyle3.py"", line 6 Unsupported Python version, 3.10, for decompilation ^^^^^^ SyntaxError:...",crash,data/rq4/source_candidates/cpython-310/cpython-310-a96dec179e0a/decompyle3.py,
cpython-310,data/rq3/cpython-3.10/unique_bug_pyc/cpython-310-987b9fe188ce.pyc,decompyle3,rerun,exit_1,"Traceback (most recent call last): File ""<string>"", line 10, in <module> File ""data/rq4/source_candidates/cpython-310/cpython-310-987b9fe188ce/decompyle3.py"", line 6 Unsupported Python version, 3.10, for decompilation ^^^^^^ SyntaxError:...",crash,data/rq4/source_candidates/cpython-310/cpython-310-987b9fe188ce/decompyle3.py,
cpython-310,data/rq3/cpython-3.10/unique_bug_pyc/cpython-310-a9d2ea09ae46.pyc,decompyle3,rerun,exit_1,"Traceback (most recent call last): File ""<string>"", line 10, in <module> File ""data/rq4/source_candidates/cpython-310/cpython-310-a9d2ea09ae46/decompyle3.py"", line 6 Unsupported Python version, 3.10, for decompilation ^^^^^^ SyntaxError:...",exit_1,data/rq4/source_candidates/cpython-310/cpython-310-a9d2ea09ae46/decompyle3.py,
cpython-310,data/rq3/cpython-3.10/unique_bug_pyc/cpython-310-95a7ca01726e.pyc,decompyle3,rerun,exit_1,"Traceback (most recent call last): File ""<string>"", line 10, in <module> File ""data/rq4/source_candidates/cpython-310/cpython-310-95a7ca01726e/decompyle3.py"", line 6 Unsupported Python version, 3.10, for decompilation ^^^^^^ SyntaxError:...",crash,data/rq4/source_candidates/cpython-310/cpython-310-95a7ca01726e/decompyle3.py,
cpython-310,data/rq3/cpython-3.10/unique_bug_pyc/cpython-310-97e9c30c1760.pyc,decompyle3,rerun,exit_1,"Traceback (most recent call last): File ""<string>"", line 10, in <module> File ""data/rq4/source_candidates/cpython-310/cpython-310-97e9c30c1760/decompyle3.py"", line 8 Unsupported Python version, 3.10, for decompilation ^^^^^^ SyntaxError:...",crash,data/rq4/source_candidates/cpython-310/cpython-310-97e9c30c1760/decompyle3.py,
cpython-310,data/rq3/cpython-3.10/unique_bug_pyc/cpython-310-9c7c6f71a688.pyc,decompyle3,rerun,exit_1,"Traceback (most recent call last): File ""<string>"", line 10, in <module> File ""data/rq4/source_candidates/cpython-310/cpython-310-9c7c6f71a688/decompyle3.py"", line 6 Unsupported Python version, 3.10, for decompilation ^^^^^^ SyntaxError:...",crash,data/rq4/source_candidates/cpython-310/cpython-310-9c7c6f71a688/decompyle3.py,
cpython-310,data/rq3/cpython-3.10/unique_bug_pyc/cpython-310-aad98fcf8b72.pyc,decompyle3,rerun,exit_1,"Traceback (most recent call last): File ""<string>"", line 10, in <module> File ""data/rq4/source_candidates/cpython-310/cpython-310-aad98fcf8b72/decompyle3.py"", line 6 Unsupported Python version, 3.10, for decompilation ^^^^^^ SyntaxError:...",exit_1,data/rq4/source_candidates/cpython-310/cpython-310-aad98fcf8b72/decompyle3.py,
cpython-310,data/rq3/cpython-3.10/unique_bug_pyc/cpython-310-9d67ad185f54.pyc,decompyle3,rerun,exit_1,"Traceback (most recent call last): File ""<string>"", line 10, in <module> File ""data/rq4/source_candidates/cpython-310/cpython-310-9d67ad185f54/decompyle3.py"", line 6 Unsupported Python version, 3.10, for decompilation ^^^^^^ SyntaxError:...",crash,data/rq4/source_candidates/cpython-310/cpython-310-9d67ad185f54/decompyle3.py,
cpython-310,data/rq3/cpython-3.10/unique_bug_pyc/cpython-310-a605b6de0d32.pyc,decompyle3,rerun,exit_1,"Traceback (most recent call last): File ""<string>"", line 10, in <module> File ""data/rq4/source_candidates/cpython-310/cpython-310-a605b6de0d32/decompyle3.py"", line 5 dict_OrderedDictTests_test_repr_recurs\\ve.py ^ SyntaxError: unexpected ...",crash,data/rq4/source_candidates/cpython-310/cpython-310-a605b6de0d32/decompyle3.py,
cpython-310,data/rq3/cpython-3.10/unique_bug_pyc/cpython-310-a3c16df57eb1.pyc,decompyle3,rerun,exit_1,"Traceback (most recent call last): File ""<string>"", line 10, in <module> File ""data/rq4/source_candidates/cpython-310/cpython-310-a3c16df57eb1/decompyle3.py"", line 6 Unsupported Python version, 3.10, for decompilation ^^^^^^ SyntaxError:...",crash,data/rq4/source_candidates/cpython-310/cpython-310-a3c16df57eb1/decompyle3.py,
cpython-310,data/rq3/cpython-3.10/unique_bug_pyc/cpython-310-a2845363a4f7.pyc,decompyle3,rerun,exit_1,"Traceback (most recent call last): File ""<string>"", line 10, in <module> File ""data/rq4/source_candidates/cpython-310/cpython-310-a2845363a4f7/decompyle3.py"", line 6 Unsupported Python version, 3.10, for decompilation ^^^^^^ SyntaxError:...",crash,data/rq4/source_candidates/cpython-310/cpython-310-a2845363a4f7/decompyle3.py,
cpython-310,data/rq3/cpython-3.10/unique_bug_pyc/cpython-310-a627885fcbcb.pyc,decompyle3,rerun,exit_1,"Traceback (most recent call last): File ""<string>"", line 10, in <module> File ""data/rq4/source_candidates/cpython-310/cpython-310-a627885fcbcb/decompyle3.py"", line 6 Unsupported Python version, 3.10, for decompilation ^^^^^^ SyntaxError:...",crash,data/rq4/source_candidates/cpython-310/cpython-310-a627885fcbcb/decompyle3.py,
cpython-310,data/rq3/cpython-3.10/unique_bug_pyc/cpython-310-b47c5e123eaf.pyc,decompyle3,rerun,exit_1,"Traceback (most recent call last): File ""<string>"", line 10, in <module> File ""data/rq4/source_candidates/cpython-310/cpython-310-b47c5e123eaf/decompyle3.py"", line 8 Unsupported Python version, 3.10, for decompilation ^^^^^^ SyntaxError:...",exit_1,data/rq4/source_candidates/cpython-310/cpython-310-b47c5e123eaf/decompyle3.py,
cpython-310,data/rq3/cpython-3.10/unique_bug_pyc/cpython-310-a705baf623ff.pyc,decompyle3,rerun,exit_1,"Traceback (most recent call last): File ""<string>"", line 10, in <module> File ""data/rq4/source_candidates/cpython-310/cpython-310-a705baf623ff/decompyle3.py"", line 6 Unsupported Python version, 3.10, for decompilation ^^^^^^ SyntaxError:...",crash,data/rq4/source_candidates/cpython-310/cpython-310-a705baf623ff/decompyle3.py,
cpython-310,data/rq3/cpython-3.10/unique_bug_pyc/cpython-310-bf714da58604.pyc,decompyle3,rerun,exit_1,"Traceback (most recent call last): File ""<string>"", line 10, in <module> File ""data/rq4/source_candidates/cpython-310/cpython-310-bf714da58604/decompyle3.py"", line 6 Unsupported Python version, 3.10, for decompilation ^^^^^^ SyntaxError:...",exit_1,data/rq4/source_candidates/cpython-310/cpython-310-bf714da58604/decompyle3.py,
cpython-310,data/rq3/cpython-3.10/unique_bug_pyc/cpython-310-bdf9161faae9.pyc,decompyle3,decompile,exit_2,/root/PyBC-Sec/pybcSEC/data/rq2/envs/cpython-310/lib/python3.10/site-packages/click/core.py:1262: UserWarning: The parameter --version is used more than once. Remove its duplicate as parameters should be unique. parser = self.make_parser...,exit_1,,
cpython-310,data/rq3/cpython-3.10/unique_bug_pyc/cpython-310-a858800e657b.pyc,decompyle3,rerun,exit_1,"Traceback (most recent call last): File ""<string>"", line 10, in <module> File ""data/rq4/source_candidates/cpython-310/cpython-310-a858800e657b/decompyle3.py"", line 6 Unsupported Python version, 3.10, for decompilation ^^^^^^ SyntaxError:...",crash,data/rq4/source_candidates/cpython-310/cpython-310-a858800e657b/decompyle3.py,
cpython-310,data/rq3/cpython-3.10/unique_bug_pyc/cpython-310-b4a5042ebe27.pyc,decompyle3,rerun,exit_1,"Traceback (most recent call last): File ""<string>"", line 10, in <module> File ""data/rq4/source_candidates/cpython-310/cpython-310-b4a5042ebe27/decompyle3.py"", line 6 Unsupported Python version, 3.10, for decompilation ^^^^^^ SyntaxError:...",crash,data/rq4/source_candidates/cpython-310/cpython-310-b4a5042ebe27/decompyle3.py,
cpython-310,data/rq3/cpython-3.10/unique_bug_pyc/cpython-310-a9e7ed5b7f66.pyc,decompyle3,rerun,exit_1,"Traceback (most recent call last): File ""<string>"", line 10, in <module> File ""data/rq4/source_candidates/cpython-310/cpython-310-a9e7ed5b7f66/decompyle3.py"", line 6 Unsupported Python version, 3.10, for decompilation ^^^^^^ SyntaxError:...",crash,data/rq4/source_candidates/cpython-310/cpython-310-a9e7ed5b7f66/decompyle3.py,
cpython-310,data/rq3/cpython-3.10/unique_bug_pyc/cpython-310-b3dab60bf79e.pyc,decompyle3,rerun,exit_1,"Traceback (most recent call last): File ""<string>"", line 10, in <module> File ""data/rq4/source_candidates/cpython-310/cpython-310-b3dab60bf79e/decompyle3.py"", line 6 Unsupported Python version, 3.10, for decompilation ^^^^^^ SyntaxError:...",crash,data/rq4/source_candidates/cpython-310/cpython-310-b3dab60bf79e/decompyle3.py,
cpython-310,data/rq3/cpython-3.10/unique_bug_pyc/cpython-310-d531cfd01b69.pyc,decompyle3,rerun,exit_1,"Traceback (most recent call last): File ""<string>"", line 10, in <module> File ""data/rq4/source_candidates/cpython-310/cpython-310-d531cfd01b69/decompyle3.py"", line 8 Unsupported Python version, 3.10, for decompilation ^^^^^^ SyntaxError:...",exit_1,data/rq4/source_candidates/cpython-310/cpython-310-d531cfd01b69/decompyle3.py,
cpython-310,data/rq3/cpython-3.10/unique_bug_pyc/cpython-310-b89e5b6e146f.pyc,decompyle3,rerun,exit_1,"Traceback (most recent call last): File ""<string>"", line 10, in <module> File ""data/rq4/source_candidates/cpython-310/cpython-310-b89e5b6e146f/decompyle3.py"", line 6 Unsupported Python version, 3.10, for decompilation ^^^^^^ SyntaxError:...",crash,data/rq4/source_candidates/cpython-310/cpython-310-b89e5b6e146f/decompyle3.py,
cpython-310,data/rq3/cpython-3.10/unique_bug_pyc/cpython-310-d6b4b995e7fa.pyc,decompyle3,rerun,exit_1,"Traceback (most recent call last): File ""<string>"", line 10, in <module> File ""data/rq4/source_candidates/cpython-310/cpython-310-d6b4b995e7fa/decompyle3.py"", line 6 Unsupported Python version, 3.10, for decompilation ^^^^^^ SyntaxError:...",exit_1,data/rq4/source_candidates/cpython-310/cpython-310-d6b4b995e7fa/decompyle3.py,
cpython-310,data/rq3/cpython-3.10/unique_bug_pyc/cpython-310-bfcd094b1431.pyc,decompyle3,rerun,exit_1,"Traceback (most recent call last): File ""<string>"", line 10, in <module> ValueError: source code string cannot contain null bytes",crash,data/rq4/source_candidates/cpython-310/cpython-310-bfcd094b1431/decompyle3.py,
cpython-310,data/rq3/cpython-3.10/unique_bug_pyc/cpython-310-b9f87bc397f0.pyc,decompyle3,rerun,exit_1,"Traceback (most recent call last): File ""<string>"", line 10, in <module> File ""data/rq4/source_candidates/cpython-310/cpython-310-b9f87bc397f0/decompyle3.py"", line 6 Unsupported Python version, 3.10, for decompilation ^^^^^^ SyntaxError:...",crash,data/rq4/source_candidates/cpython-310/cpython-310-b9f87bc397f0/decompyle3.py,
cpython-310,data/rq3/cpython-3.10/unique_bug_pyc/cpython-310-bfa4ec2fcc83.pyc,decompyle3,rerun,exit_1,"Traceback (most recent call last): File ""<string>"", line 10, in <module> File ""data/rq4/source_candidates/cpython-310/cpython-310-bfa4ec2fcc83/decompyle3.py"", line 6 Unsupported Python version, 3.10, for decompilation ^^^^^^ SyntaxError:...",crash,data/rq4/source_candidates/cpython-310/cpython-310-bfa4ec2fcc83/decompyle3.py,
cpython-310,data/rq3/cpython-3.10/unique_bug_pyc/cpython-310-bbafc83b38a2.pyc,decompyle3,decompile,exit_2,/root/PyBC-Sec/pybcSEC/data/rq2/envs/cpython-310/lib/python3.10/site-packages/click/core.py:1262: UserWarning: The parameter --version is used more than once. Remove its duplicate as parameters should be unique. parser = self.make_parser...,crash,,
cpython-310,data/rq3/cpython-3.10/unique_bug_pyc/cpython-310-c04186603693.pyc,decompyle3,rerun,exit_1,"Traceback (most recent call last): File ""<string>"", line 10, in <module> File ""data/rq4/source_candidates/cpython-310/cpython-310-c04186603693/decompyle3.py"", line 7 Unsupported Python version, 3.9.0, for decompilation ^^^^^^ SyntaxError...",crash,data/rq4/source_candidates/cpython-310/cpython-310-c04186603693/decompyle3.py,
cpython-310,data/rq3/cpython-3.10/unique_bug_pyc/cpython-310-c1d0a457f892.pyc,decompyle3,rerun,exit_1,"Traceback (most recent call last): File ""<string>"", line 10, in <module> File ""data/rq4/source_candidates/cpython-310/cpython-310-c1d0a457f892/decompyle3.py"", line 6 Unsupported Python version, 3.10, for decompilation ^^^^^^ SyntaxError:...",crash,data/rq4/source_candidates/cpython-310/cpython-310-c1d0a457f892/decompyle3.py,
cpython-310,data/rq3/cpython-3.10/unique_bug_pyc/cpython-310-e971988aef9a.pyc,decompyle3,rerun,exit_1,"Traceback (most recent call last): File ""<string>"", line 10, in <module> File ""data/rq4/source_candidates/cpython-310/cpython-310-e971988aef9a/decompyle3.py"", line 6 Unsupported Python version, 3.10, for decompilation ^^^^^^ SyntaxError:...",exit_1,data/rq4/source_candidates/cpython-310/cpython-310-e971988aef9a/decompyle3.py,
cpython-310,data/rq3/cpython-3.10/unique_bug_pyc/cpython-310-e30d6d594ff2.pyc,decompyle3,rerun,exit_1,"Traceback (most recent call last): File ""<string>"", line 10, in <module> File ""data/rq4/source_candidates/cpython-310/cpython-310-e30d6d594ff2/decompyle3.py"", line 6 Unsupported Python version, 3.10, for decompilation ^^^^^^ SyntaxError:...",exit_1,data/rq4/source_candidates/cpython-310/cpython-310-e30d6d594ff2/decompyle3.py,
cpython-310,data/rq3/cpython-3.10/unique_bug_pyc/cpython-310-cecf5d74ddcc.pyc,decompyle3,rerun,exit_1,"Traceback (most recent call last): File ""<string>"", line 10, in <module> File ""data/rq4/source_candidates/cpython-310/cpython-310-cecf5d74ddcc/decompyle3.py"", line 6 Unsupported Python version, 3.10, for decompilation ^^^^^^ SyntaxError:...",crash,data/rq4/source_candidates/cpython-310/cpython-310-cecf5d74ddcc/decompyle3.py,
cpython-310,data/rq3/cpython-3.10/unique_bug_pyc/cpython-310-cc0f34a307fa.pyc,decompyle3,rerun,exit_1,"Traceback (most recent call last): File ""<string>"", line 10, in <module> File ""data/rq4/source_candidates/cpython-310/cpython-310-cc0f34a307fa/decompyle3.py"", line 6 Unsupported Python version, 3.10, for decompilation ^^^^^^ SyntaxError:...",crash,data/rq4/source_candidates/cpython-310/cpython-310-cc0f34a307fa/decompyle3.py,
cpython-310,data/rq3/cpython-3.10/unique_bug_pyc/cpython-310-dd6664a8184c.pyc,decompyle3,rerun,exit_1,"Traceback (most recent call last): File ""<string>"", line 10, in <module> ValueError: source code string cannot contain null bytes",crash,data/rq4/source_candidates/cpython-310/cpython-310-dd6664a8184c/decompyle3.py,
cpython-310,data/rq3/cpython-3.10/unique_bug_pyc/cpython-310-d7f149e2ae57.pyc,decompyle3,rerun,exit_1,"Traceback (most recent call last): File ""<string>"", line 10, in <module> File ""data/rq4/source_candidates/cpython-310/cpython-310-d7f149e2ae57/decompyle3.py"", line 6 Unsupported Python version, 3.10, for decompilation ^^^^^^ SyntaxError:...",crash,data/rq4/source_candidates/cpython-310/cpython-310-d7f149e2ae57/decompyle3.py,
cpython-310,data/rq3/cpython-3.10/unique_bug_pyc/cpython-310-def6e6de53d0.pyc,decompyle3,rerun,exit_1,"Traceback (most recent call last): File ""<string>"", line 10, in <module> File ""data/rq4/source_candidates/cpython-310/cpython-310-def6e6de53d0/decompyle3.py"", line 6 Unsupported Python version, 3.10, for decompilation ^^^^^^ SyntaxError:...",crash,data/rq4/source_candidates/cpython-310/cpython-310-def6e6de53d0/decompyle3.py,
cpython-310,data/rq3/cpython-3.10/unique_bug_pyc/cpython-310-df3513339cc7.pyc,decompyle3,rerun,exit_1,"Traceback (most recent call last): File ""<string>"", line 10, in <module> File ""data/rq4/source_candidates/cpython-310/cpython-310-df3513339cc7/decompyle3.py"", line 6 Unsupported Python version, 3.10, for decompilation ^^^^^^ SyntaxError:...",crash,data/rq4/source_candidates/cpython-310/cpython-310-df3513339cc7/decompyle3.py,
cpython-310,data/rq3/cpython-3.10/unique_bug_pyc/cpython-310-eee12f3bfc79.pyc,decompyle3,rerun,exit_1,"Traceback (most recent call last): File ""<string>"", line 10, in <module> File ""data/rq4/source_candidates/cpython-310/cpython-310-eee12f3bfc79/decompyle3.py"", line 6 Unsupported Python version, 3.10, for decompilation ^^^^^^ SyntaxError:...",ok,data/rq4/source_candidates/cpython-310/cpython-310-eee12f3bfc79/decompyle3.py,
cpython-310,data/rq3/cpython-3.10/unique_bug_pyc/cpython-310-ef3a795b7dd4.pyc,decompyle3,decompile,exit_2,/root/PyBC-Sec/pybcSEC/data/rq2/envs/cpython-310/lib/python3.10/site-packages/click/core.py:1262: UserWarning: The parameter --version is used more than once. Remove its duplicate as parameters should be unique. parser = self.make_parser...,exit_1,,
cpython-310,data/rq3/cpython-3.10/unique_bug_pyc/cpython-310-e98e59051196.pyc,decompyle3,rerun,exit_1,"Traceback (most recent call last): File ""<string>"", line 10, in <module> File ""data/rq4/source_candidates/cpython-310/cpython-310-e98e59051196/decompyle3.py"", line 6 Unsupported Python version, 3.10, for decompilation ^^^^^^ SyntaxError:...",crash,data/rq4/source_candidates/cpython-310/cpython-310-e98e59051196/decompyle3.py,
cpython-310,data/rq3/cpython-3.10/unique_bug_pyc/cpython-310-e1ccfc663249.pyc,decompyle3,rerun,exit_1,"Traceback (most recent call last): File ""<string>"", line 10, in <module> File ""data/rq4/source_candidates/cpython-310/cpython-310-e1ccfc663249/decompyle3.py"", line 6 Unsupported Python version, 3.10, for decompilation ^^^^^^ SyntaxError:...",crash,data/rq4/source_candidates/cpython-310/cpython-310-e1ccfc663249/decompyle3.py,
cpython-310,data/rq3/cpython-3.10/unique_bug_pyc/cpython-310-e0faafa935dc.pyc,decompyle3,rerun,exit_1,"Traceback (most recent call last): File ""<string>"", line 10, in <module> File ""data/rq4/source_candidates/cpython-310/cpython-310-e0faafa935dc/decompyle3.py"", line 6 Unsupported Python version, 3.10, for decompilation ^^^^^^ SyntaxError:...",crash,data/rq4/source_candidates/cpython-310/cpython-310-e0faafa935dc/decompyle3.py,
cpython-310,data/rq3/cpython-3.10/unique_bug_pyc/cpython-310-ee013bedb0b0.pyc,decompyle3,rerun,exit_1,"Traceback (most recent call last): File ""<string>"", line 10, in <module> File ""data/rq4/source_candidates/cpython-310/cpython-310-ee013bedb0b0/decompyle3.py"", line 6 Unsupported Python version, 3.10, for decompilation ^^^^^^ SyntaxError:...",exit_1,data/rq4/source_candidates/cpython-310/cpython-310-ee013bedb0b0/decompyle3.py,
cpython-310,data/rq3/cpython-3.10/unique_bug_pyc/cpython-310-ec0e20f3cd41.pyc,decompyle3,rerun,exit_1,"Traceback (most recent call last): File ""<string>"", line 10, in <module> File ""data/rq4/source_candidates/cpython-310/cpython-310-ec0e20f3cd41/decompyle3.py"", line 6 Unsupported Python version, 3.10, for decompilation ^^^^^^ SyntaxError:...",crash,data/rq4/source_candidates/cpython-310/cpython-310-ec0e20f3cd41/decompyle3.py,
cpython-310,data/rq3/cpython-3.10/unique_bug_pyc/cpython-310-e4e59ea0697c.pyc,decompyle3,rerun,exit_1,"Traceback (most recent call last): File ""<string>"", line 10, in <module> ValueError: source code string cannot contain null bytes",crash,data/rq4/source_candidates/cpython-310/cpython-310-e4e59ea0697c/decompyle3.py,
cpython-310,data/rq3/cpython-3.10/unique_bug_pyc/cpython-310-ec514c3facec.pyc,decompyle3,rerun,exit_1,"Traceback (most recent call last): File ""<string>"", line 10, in <module> File ""data/rq4/source_candidates/cpython-310/cpython-310-ec514c3facec/decompyle3.py"", line 6 Unsupported Python version, 3.10, for decompilation ^^^^^^ SyntaxError:...",crash,data/rq4/source_candidates/cpython-310/cpython-310-ec514c3facec/decompyle3.py,
cpython-310,data/rq3/cpython-3.10/unique_bug_pyc/cpython-310-ed6225ecbcc3.pyc,decompyle3,rerun,exit_1,"Traceback (most recent call last): File ""<string>"", line 10, in <module> File ""data/rq4/source_candidates/cpython-310/cpython-310-ed6225ecbcc3/decompyle3.py"", line 6 Unsupported Python version, 3.10, for decompilation ^^^^^^ SyntaxError:...",crash,data/rq4/source_candidates/cpython-310/cpython-310-ed6225ecbcc3/decompyle3.py,
cpython-310,data/rq3/cpython-3.10/unique_bug_pyc/cpython-310-ede5174b77bb.pyc,decompyle3,rerun,exit_1,"Traceback (most recent call last): File ""<string>"", line 10, in <module> File ""data/rq4/source_candidates/cpython-310/cpython-310-ede5174b77bb/decompyle3.py"", line 6 Unsupported Python version, 3.10, for decompilation ^^^^^^ SyntaxError:...",crash,data/rq4/source_candidates/cpython-310/cpython-310-ede5174b77bb/decompyle3.py,
cpython-310,data/rq3/cpython-3.10/unique_bug_pyc/cpython-310-f5ab73935119.pyc,decompyle3,rerun,exit_1,"Traceback (most recent call last): File ""<string>"", line 10, in <module> File ""data/rq4/source_candidates/cpython-310/cpython-310-f5ab73935119/decompyle3.py"", line 6 Unsupported Python version, 3.10, for decompilation ^^^^^^ SyntaxError:...",crash,data/rq4/source_candidates/cpython-310/cpython-310-f5ab73935119/decompyle3.py,
cpython-310,data/rq3/cpython-3.10/unique_bug_pyc/cpython-310-ffd6726c0a4b.pyc,decompyle3,rerun,exit_1,"Traceback (most recent call last): File ""<string>"", line 10, in <module> File ""data/rq4/source_candidates/cpython-310/cpython-310-ffd6726c0a4b/decompyle3.py"", line 6 Unsupported Python version, 3.10, for decompilation ^^^^^^ SyntaxError:...",crash,data/rq4/source_candidates/cpython-310/cpython-310-ffd6726c0a4b/decompyle3.py,
cpython-310,data/rq3/cpython-3.10/unique_bug_pyc/cpython-310-f71c920f34e1.pyc,decompyle3,rerun,exit_1,"Traceback (most recent call last): File ""<string>"", line 10, in <module> File ""data/rq4/source_candidates/cpython-310/cpython-310-f71c920f34e1/decompyle3.py"", line 6 Unsupported Python version, 3.10, for decompilation ^^^^^^ SyntaxError:...",crash,data/rq4/source_candidates/cpython-310/cpython-310-f71c920f34e1/decompyle3.py,
cpython-310,data/rq3/cpython-3.10/unique_bug_pyc/cpython-310-31357a7e2c23.pyc,decompyle3,rerun,exit_1,"Traceback (most recent call last): File ""<string>"", line 10, in <module> File ""data/rq4/source_candidates/cpython-310/cpython-310-31357a7e2c23/decompyle3.py"", line 6 Unsupported Python version, 3.10, for decompilation ^^^^^^ SyntaxError:...",crash,data/rq4/source_candidates/cpython-310/cpython-310-31357a7e2c23/decompyle3.py,
cpython-311,data/rq3/cpython-3.11/unique_bug_pyc/cpython-311-1cf745f3ddfb.pyc,decompyle3,rerun,exit_1,"Traceback (most recent call last): File ""<string>"", line 10, in <module> File ""data/rq4/source_candidates/cpython-311/cpython-311-1cf745f3ddfb/decompyle3.py"", line 6 Unsupported Python version, 3.11, for decompilation ^^^^^^ SyntaxError:...",exit_1,data/rq4/source_candidates/cpython-311/cpython-311-1cf745f3ddfb/decompyle3.py,
cpython-311,data/rq3/cpython-3.11/unique_bug_pyc/cpython-311-19426cff68b5.pyc,decompyle3,rerun,exit_1,"Traceback (most recent call last): File ""<string>"", line 10, in <module> File ""data/rq4/source_candidates/cpython-311/cpython-311-19426cff68b5/decompyle3.py"", line 6 Unsupported Python version, 3.11, for decompilation ^^^^^^ SyntaxError:...",crash,data/rq4/source_candidates/cpython-311/cpython-311-19426cff68b5/decompyle3.py,
cpython-311,data/rq3/cpython-3.11/unique_bug_pyc/cpython-311-04608fe5d29c.pyc,decompyle3,rerun,exit_1,"Traceback (most recent call last): File ""<string>"", line 10, in <module> File ""data/rq4/source_candidates/cpython-311/cpython-311-04608fe5d29c/decompyle3.py"", line 6 Unsupported Python version, 3.11, for decompilation ^^^^^^ SyntaxError:...",exit_1,data/rq4/source_candidates/cpython-311/cpython-311-04608fe5d29c/decompyle3.py,
cpython-311,data/rq3/cpython-3.11/unique_bug_pyc/cpython-311-2350c53c731c.pyc,decompyle3,rerun,exit_1,"Traceback (most recent call last): File ""<string>"", line 10, in <module> File ""data/rq4/source_candidates/cpython-311/cpython-311-2350c53c731c/decompyle3.py"", line 6 Unsupported Python version, 3.11, for decompilation ^^^^^^ SyntaxError:...",crash,data/rq4/source_candidates/cpython-311/cpython-311-2350c53c731c/decompyle3.py,
cpython-311,data/rq3/cpython-3.11/unique_bug_pyc/cpython-311-27abee334929.pyc,decompyle3,rerun,exit_1,"Traceback (most recent call last): File ""<string>"", line 10, in <module> File ""data/rq4/source_candidates/cpython-311/cpython-311-27abee334929/decompyle3.py"", line 6 Unsupported Python version, 3.11, for decompilation ^^^^^^ SyntaxError:...",crash,data/rq4/source_candidates/cpython-311/cpython-311-27abee334929/decompyle3.py,
cpython-311,data/rq3/cpython-3.11/unique_bug_pyc/cpython-311-150c32ac2f32.pyc,decompyle3,rerun,exit_1,"Traceback (most recent call last): File ""<string>"", line 10, in <module> File ""data/rq4/source_candidates/cpython-311/cpython-311-150c32ac2f32/decompyle3.py"", line 6 Unsupported Python version, 3.11, for decompilation ^^^^^^ SyntaxError:...",crash,data/rq4/source_candidates/cpython-311/cpython-311-150c32ac2f32/decompyle3.py,
cpython-311,data/rq3/cpython-3.11/unique_bug_pyc/cpython-311-201b75984cf2.pyc,decompyle3,rerun,exit_1,"Traceback (most recent call last): File ""<string>"", line 10, in <module> File ""data/rq4/source_candidates/cpython-311/cpython-311-201b75984cf2/decompyle3.py"", line 6 Unsupported Python version, 3.11, for decompilation ^^^^^^ SyntaxError:...",crash,data/rq4/source_candidates/cpython-311/cpython-311-201b75984cf2/decompyle3.py,
cpython-311,data/rq3/cpython-3.11/unique_bug_pyc/cpython-311-180849cc3760.pyc,decompyle3,rerun,exit_1,"Traceback (most recent call last): File ""<string>"", line 10, in <module> File ""data/rq4/source_candidates/cpython-311/cpython-311-180849cc3760/decompyle3.py"", line 7 Unsupported Python version, 3.11, for decompilation ^^^^^^ SyntaxError:...",crash,data/rq4/source_candidates/cpython-311/cpython-311-180849cc3760/decompyle3.py,
cpython-311,data/rq3/cpython-3.11/unique_bug_pyc/cpython-311-20f318ca057b.pyc,decompyle3,rerun,exit_1,"Traceback (most recent call last): File ""<string>"", line 10, in <module> File ""data/rq4/source_candidates/cpython-311/cpython-311-20f318ca057b/decompyle3.py"", line 6 Unsupported Python version, 3.11, for decompilation ^^^^^^ SyntaxError:...",crash,data/rq4/source_candidates/cpython-311/cpython-311-20f318ca057b/decompyle3.py,
cpython-311,data/rq3/cpython-3.11/unique_bug_pyc/cpython-311-05297905678a.pyc,decompyle3,decompile,exit_2,/root/PyBC-Sec/pybcSEC/data/rq2/envs/cpython-311/lib/python3.11/site-packages/click/core.py:1262: UserWarning: The parameter --version is used more than once. Remove its duplicate as parameters should be unique. parser = self.make_parser...,crash,,
cpython-311,data/rq3/cpython-3.11/unique_bug_pyc/cpython-311-04dea2474c2e.pyc,decompyle3,rerun,exit_1,"Traceback (most recent call last): File ""<string>"", line 10, in <module> File ""data/rq4/source_candidates/cpython-311/cpython-311-04dea2474c2e/decompyle3.py"", line 6 Unsupported Python version, 3.11, for decompilation ^^^^^^ SyntaxError:...",crash,data/rq4/source_candidates/cpython-311/cpython-311-04dea2474c2e/decompyle3.py,
cpython-311,data/rq3/cpython-3.11/unique_bug_pyc/cpython-311-2a1e022b8f5b.pyc,decompyle3,rerun,exit_1,"Traceback (most recent call last): File ""<string>"", line 10, in <module> File ""data/rq4/source_candidates/cpython-311/cpython-311-2a1e022b8f5b/decompyle3.py"", line 6 Unsupported Python version, 3.11, for decompilation ^^^^^^ SyntaxError:...",exit_1,data/rq4/source_candidates/cpython-311/cpython-311-2a1e022b8f5b/decompyle3.py,
cpython-311,data/rq3/cpython-3.11/unique_bug_pyc/cpython-311-1c620987a67d.pyc,decompyle3,rerun,exit_1,"Traceback (most recent call last): File ""<string>"", line 10, in <module> File ""data/rq4/source_candidates/cpython-311/cpython-311-1c620987a67d/decompyle3.py"", line 6 Unsupported Python version, 3.11, for decompilation ^^^^^^ SyntaxError:...",crash,data/rq4/source_candidates/cpython-311/cpython-311-1c620987a67d/decompyle3.py,
cpython-311,data/rq3/cpython-3.11/unique_bug_pyc/cpython-311-1b3452bdbcde.pyc,decompyle3,rerun,exit_1,"Traceback (most recent call last): File ""<string>"", line 10, in <module> File ""data/rq4/source_candidates/cpython-311/cpython-311-1b3452bdbcde/decompyle3.py"", line 6 Unsupported Python version, 3.11, for decompilation ^^^^^^ SyntaxError:...",crash,data/rq4/source_candidates/cpython-311/cpython-311-1b3452bdbcde/decompyle3.py,
cpython-311,data/rq3/cpython-3.11/unique_bug_pyc/cpython-311-05f23e8f2dc0.pyc,decompyle3,rerun,exit_1,"Traceback (most recent call last): File ""<string>"", line 10, in <module> File ""data/rq4/source_candidates/cpython-311/cpython-311-05f23e8f2dc0/decompyle3.py"", line 6 Unsupported Python version, 3.11, for decompilation ^^^^^^ SyntaxError:...",crash,data/rq4/source_candidates/cpython-311/cpython-311-05f23e8f2dc0/decompyle3.py,
cpython-311,data/rq3/cpython-3.11/unique_bug_pyc/cpython-311-00793480a4f7.pyc,decompyle3,rerun,exit_1,"Traceback (most recent call last): File ""<string>"", line 10, in <module> ValueError: source code string cannot contain null bytes",crash,data/rq4/source_candidates/cpython-311/cpython-311-00793480a4f7/decompyle3.py,
cpython-311,data/rq3/cpython-3.11/unique_bug_pyc/cpython-311-2892d05adfc4.pyc,decompyle3,rerun,exit_1,"Traceback (most recent call last): File ""<string>"", line 10, in <module> File ""data/rq4/source_candidates/cpython-311/cpython-311-2892d05adfc4/decompyle3.py"", line 6 Unsupported Python version, 3.11, for decompilation ^^^^^^ SyntaxError:...",crash,data/rq4/source_candidates/cpython-311/cpython-311-2892d05adfc4/decompyle3.py,
cpython-311,data/rq3/cpython-3.11/unique_bug_pyc/cpython-311-0ac6e10ec012.pyc,decompyle3,rerun,exit_1,"Traceback (most recent call last): File ""<string>"", line 10, in <module> ValueError: source code string cannot contain null bytes",crash,data/rq4/source_candidates/cpython-311/cpython-311-0ac6e10ec012/decompyle3.py,
cpython-311,data/rq3/cpython-3.11/unique_bug_pyc/cpython-311-27eb285f1285.pyc,decompyle3,rerun,exit_1,"Traceback (most recent call last): File ""<string>"", line 10, in <module> File ""data/rq4/source_candidates/cpython-311/cpython-311-27eb285f1285/decompyle3.py"", line 6 Unsupported Python version, 3.11, for decompilation ^^^^^^ SyntaxError:...",crash,data/rq4/source_candidates/cpython-311/cpython-311-27eb285f1285/decompyle3.py,
cpython-311,data/rq3/cpython-3.11/unique_bug_pyc/cpython-311-391d5ea40c55.pyc,decompyle3,rerun,exit_1,"Traceback (most recent call last): File ""<string>"", line 10, in <module> File ""data/rq4/source_candidates/cpython-311/cpython-311-391d5ea40c55/decompyle3.py"", line 6 Unsupported Python version, 3.11, for decompilation ^^^^^^ SyntaxError:...",exit_1,data/rq4/source_candidates/cpython-311/cpython-311-391d5ea40c55/decompyle3.py,
cpython-311,data/rq3/cpython-3.11/unique_bug_pyc/cpython-311-2a17edfc4954.pyc,decompyle3,decompile,exit_2,/root/PyBC-Sec/pybcSEC/data/rq2/envs/cpython-311/lib/python3.11/site-packages/click/core.py:1262: UserWarning: The parameter --version is used more than once. Remove its duplicate as parameters should be unique. parser = self.make_parser...,crash,,
cpython-311,data/rq3/cpython-3.11/unique_bug_pyc/cpython-311-2bde86f7f959.pyc,decompyle3,rerun,exit_1,"Traceback (most recent call last): File ""<string>"", line 10, in <module> File ""data/rq4/source_candidates/cpython-311/cpython-311-2bde86f7f959/decompyle3.py"", line 6 Unsupported Python version, 3.11, for decompilation ^^^^^^ SyntaxError:...",crash,data/rq4/source_candidates/cpython-311/cpython-311-2bde86f7f959/decompyle3.py,
cpython-311,data/rq3/cpython-3.11/unique_bug_pyc/cpython-311-2de9f8a450f8.pyc,decompyle3,rerun,exit_1,"Traceback (most recent call last): File ""<string>"", line 10, in <module> File ""data/rq4/source_candidates/cpython-311/cpython-311-2de9f8a450f8/decompyle3.py"", line 6 Unsupported Python version, 3.11, for decompilation ^^^^^^ SyntaxError:...",crash,data/rq4/source_candidates/cpython-311/cpython-311-2de9f8a450f8/decompyle3.py,
cpython-311,data/rq3/cpython-3.11/unique_bug_pyc/cpython-311-3e8527f976f6.pyc,decompyle3,rerun,exit_1,"Traceback (most recent call last): File ""<string>"", line 10, in <module> File ""data/rq4/source_candidates/cpython-311/cpython-311-3e8527f976f6/decompyle3.py"", line 6 Unsupported Python version, 3.11, for decompilation ^^^^^^ SyntaxError:...",ok,data/rq4/source_candidates/cpython-311/cpython-311-3e8527f976f6/decompyle3.py,
cpython-311,data/rq3/cpython-3.11/unique_bug_pyc/cpython-311-3041ae97dcb2.pyc,decompyle3,rerun,exit_1,"Traceback (most recent call last): File ""<string>"", line 10, in <module> ValueError: source code string cannot contain null bytes",crash,data/rq4/source_candidates/cpython-311/cpython-311-3041ae97dcb2/decompyle3.py,
cpython-311,data/rq3/cpython-3.11/unique_bug_pyc/cpython-311-2f5aa1bc4e0c.pyc,decompyle3,rerun,exit_1,"Traceback (most recent call last): File ""<string>"", line 10, in <module> File ""data/rq4/source_candidates/cpython-311/cpython-311-2f5aa1bc4e0c/decompyle3.py"", line 6 Unsupported Python version, 3.11, for decompilation ^^^^^^ SyntaxError:...",crash,data/rq4/source_candidates/cpython-311/cpython-311-2f5aa1bc4e0c/decompyle3.py,
cpython-311,data/rq3/cpython-3.11/unique_bug_pyc/cpython-311-2e423e9e1359.pyc,decompyle3,rerun,exit_1,"Traceback (most recent call last): File ""<string>"", line 10, in <module> File ""data/rq4/source_candidates/cpython-311/cpython-311-2e423e9e1359/decompyle3.py"", line 6 Unsupported Python version, 3.11, for decompilation ^^^^^^ SyntaxError:...",crash,data/rq4/source_candidates/cpython-311/cpython-311-2e423e9e1359/decompyle3.py,
cpython-311,data/rq3/cpython-3.11/unique_bug_pyc/cpython-311-39a562d100eb.pyc,decompyle3,rerun,exit_1,"Traceback (most recent call last): File ""<string>"", line 10, in <module> File ""data/rq4/source_candidates/cpython-311/cpython-311-39a562d100eb/decompyle3.py"", line 6 Unsupported Python version, 3.11, for decompilation ^^^^^^ SyntaxError:...",crash,data/rq4/source_candidates/cpython-311/cpython-311-39a562d100eb/decompyle3.py,
cpython-311,data/rq3/cpython-3.11/unique_bug_pyc/cpython-311-36b3d4d99e62.pyc,decompyle3,rerun,exit_1,"Traceback (most recent call last): File ""<string>"", line 10, in <module> File ""data/rq4/source_candidates/cpython-311/cpython-311-36b3d4d99e62/decompyle3.py"", line 6 Unsupported Python version, 3.11, for decompilation ^^^^^^ SyntaxError:...",crash,data/rq4/source_candidates/cpython-311/cpython-311-36b3d4d99e62/decompyle3.py,
cpython-311,data/rq3/cpython-3.11/unique_bug_pyc/cpython-311-3d91baaa2a9f.pyc,decompyle3,rerun,exit_1,"Traceback (most recent call last): File ""<string>"", line 10, in <module> File ""data/rq4/source_candidates/cpython-311/cpython-311-3d91baaa2a9f/decompyle3.py"", line 6 Unsupported Python version, 3.11, for decompilation ^^^^^^ SyntaxError:...",crash,data/rq4/source_candidates/cpython-311/cpython-311-3d91baaa2a9f/decompyle3.py,
cpython-311,data/rq3/cpython-3.11/unique_bug_pyc/cpython-311-3264726321f9.pyc,decompyle3,rerun,exit_1,"Traceback (most recent call last): File ""<string>"", line 10, in <module> File ""data/rq4/source_candidates/cpython-311/cpython-311-3264726321f9/decompyle3.py"", line 6 Unsupported Python version, 3.11, for decompilation ^^^^^^ SyntaxError:...",crash,data/rq4/source_candidates/cpython-311/cpython-311-3264726321f9/decompyle3.py,
cpython-311,data/rq3/cpython-3.11/unique_bug_pyc/cpython-311-4f167c8f9636.pyc,decompyle3,rerun,exit_1,"Traceback (most recent call last): File ""<string>"", line 10, in <module> ValueError: source code string cannot contain null bytes",exit_1,data/rq4/source_candidates/cpython-311/cpython-311-4f167c8f9636/decompyle3.py,
cpython-311,data/rq3/cpython-3.11/unique_bug_pyc/cpython-311-3fd7c2097893.pyc,decompyle3,rerun,exit_1,"Traceback (most recent call last): File ""<string>"", line 10, in <module> File ""data/rq4/source_candidates/cpython-311/cpython-311-3fd7c2097893/decompyle3.py"", line 6 Unsupported Python version, 3.11, for decompilation ^^^^^^ SyntaxError:...",crash,data/rq4/source_candidates/cpython-311/cpython-311-3fd7c2097893/decompyle3.py,
cpython-311,data/rq3/cpython-3.11/unique_bug_pyc/cpython-311-3addb7f7df89.pyc,decompyle3,rerun,exit_1,"Traceback (most recent call last): File ""<string>"", line 10, in <module> File ""data/rq4/source_candidates/cpython-311/cpython-311-3addb7f7df89/decompyle3.py"", line 6 Unsupported Python version, 3.11, for decompilation ^^^^^^ SyntaxError:...",crash,data/rq4/source_candidates/cpython-311/cpython-311-3addb7f7df89/decompyle3.py,
cpython-311,data/rq3/cpython-3.11/unique_bug_pyc/cpython-311-4104352150cc.pyc,decompyle3,rerun,exit_1,"Traceback (most recent call last): File ""<string>"", line 10, in <module> File ""data/rq4/source_candidates/cpython-311/cpython-311-4104352150cc/decompyle3.py"", line 6 Unsupported Python version, 3.11, for decompilation ^^^^^^ SyntaxError:...",crash,data/rq4/source_candidates/cpython-311/cpython-311-4104352150cc/decompyle3.py,
cpython-311,data/rq3/cpython-3.11/unique_bug_pyc/cpython-311-51b2310537d9.pyc,decompyle3,rerun,exit_1,"Traceback (most recent call last): File ""<string>"", line 10, in <module> File ""data/rq4/source_candidates/cpython-311/cpython-311-51b2310537d9/decompyle3.py"", line 6 Unsupported Python version, 3.11, for decompilation ^^^^^^ SyntaxError:...",exit_1,data/rq4/source_candidates/cpython-311/cpython-311-51b2310537d9/decompyle3.py,
cpython-311,data/rq3/cpython-3.11/unique_bug_pyc/cpython-311-3fd06f3e7374.pyc,decompyle3,rerun,exit_1,"Traceback (most recent call last): File ""<string>"", line 10, in <module> File ""data/rq4/source_candidates/cpython-311/cpython-311-3fd06f3e7374/decompyle3.py"", line 6 Unsupported Python version, 3.11, for decompilation ^^^^^^ SyntaxError:...",crash,data/rq4/source_candidates/cpython-311/cpython-311-3fd06f3e7374/decompyle3.py,
cpython-311,data/rq3/cpython-3.11/unique_bug_pyc/cpython-311-3dea9da3226b.pyc,decompyle3,rerun,exit_1,"Traceback (most recent call last): File ""<string>"", line 10, in <module> File ""data/rq4/source_candidates/cpython-311/cpython-311-3dea9da3226b/decompyle3.py"", line 6 Unsupported Python version, 3.11, for decompilation ^^^^^^ SyntaxError:...",crash,data/rq4/source_candidates/cpython-311/cpython-311-3dea9da3226b/decompyle3.py,
cpython-311,data/rq3/cpython-3.11/unique_bug_pyc/cpython-311-42ca23aebbae.pyc,decompyle3,rerun,exit_1,"Traceback (most recent call last): File ""<string>"", line 10, in <module> File ""data/rq4/source_candidates/cpython-311/cpython-311-42ca23aebbae/decompyle3.py"", line 6 Unsupported Python version, 3.11, for decompilation ^^^^^^ SyntaxError:...",crash,data/rq4/source_candidates/cpython-311/cpython-311-42ca23aebbae/decompyle3.py,
cpython-311,data/rq3/cpython-3.11/unique_bug_pyc/cpython-311-59f5f21e80ec.pyc,decompyle3,rerun,exit_1,"Traceback (most recent call last): File ""<string>"", line 10, in <module> File ""data/rq4/source_candidates/cpython-311/cpython-311-59f5f21e80ec/decompyle3.py"", line 6 Unsupported Python version, 3.11, for decompilation ^^^^^^ SyntaxError:...",exit_1,data/rq4/source_candidates/cpython-311/cpython-311-59f5f21e80ec/decompyle3.py,
cpython-311,data/rq3/cpython-3.11/unique_bug_pyc/cpython-311-492ff1fe49e3.pyc,decompyle3,rerun,exit_1,"Traceback (most recent call last): File ""<string>"", line 10, in <module> File ""data/rq4/source_candidates/cpython-311/cpython-311-492ff1fe49e3/decompyle3.py"", line 6 Unsupported Python version, 3.11, for decompilation ^^^^^^ SyntaxError:...",crash,data/rq4/source_candidates/cpython-311/cpython-311-492ff1fe49e3/decompyle3.py,
cpython-311,data/rq3/cpython-3.11/unique_bug_pyc/cpython-311-50eef3c67ce7.pyc,decompyle3,rerun,exit_1,"Traceback (most recent call last): File ""<string>"", line 10, in <module> File ""data/rq4/source_candidates/cpython-311/cpython-311-50eef3c67ce7/decompyle3.py"", line 6 Unsupported Python version, 3.11, for decompilation ^^^^^^ SyntaxError:...",crash,data/rq4/source_candidates/cpython-311/cpython-311-50eef3c67ce7/decompyle3.py,
cpython-311,data/rq3/cpython-3.11/unique_bug_pyc/cpython-311-50ceb940552a.pyc,decompyle3,rerun,exit_1,"Traceback (most recent call last): File ""<string>"", line 10, in <module> File ""data/rq4/source_candidates/cpython-311/cpython-311-50ceb940552a/decompyle3.py"", line 6 Unsupported Python version, 3.11, for decompilation ^^^^^^ SyntaxError:...",crash,data/rq4/source_candidates/cpython-311/cpython-311-50ceb940552a/decompyle3.py,
cpython-311,data/rq3/cpython-3.11/unique_bug_pyc/cpython-311-4825097c6720.pyc,decompyle3,rerun,exit_1,"Traceback (most recent call last): File ""<string>"", line 10, in <module> File ""data/rq4/source_candidates/cpython-311/cpython-311-4825097c6720/decompyle3.py"", line 6 Unsupported Python version, 3.11, for decompilation ^^^^^^ SyntaxError:...",crash,data/rq4/source_candidates/cpython-311/cpython-311-4825097c6720/decompyle3.py,
cpython-311,data/rq3/cpython-3.11/unique_bug_pyc/cpython-311-5759b93de53b.pyc,decompyle3,rerun,exit_1,"Traceback (most recent call last): File ""<string>"", line 10, in <module> File ""data/rq4/source_candidates/cpython-311/cpython-311-5759b93de53b/decompyle3.py"", line 6 Unsupported Python version, 3.11, for decompilation ^^^^^^ SyntaxError:...",crash,data/rq4/source_candidates/cpython-311/cpython-311-5759b93de53b/decompyle3.py,
cpython-311,data/rq3/cpython-3.11/unique_bug_pyc/cpython-311-6cca9dce7108.pyc,decompyle3,decompile,exit_2,/root/PyBC-Sec/pybcSEC/data/rq2/envs/cpython-311/lib/python3.11/site-packages/click/core.py:1262: UserWarning: The parameter --version is used more than once. Remove its duplicate as parameters should be unique. parser = self.make_parser...,exit_1,,
cpython-311,data/rq3/cpython-3.11/unique_bug_pyc/cpython-311-5bdaa1635e51.pyc,decompyle3,rerun,exit_1,"Traceback (most recent call last): File ""<string>"", line 10, in <module> File ""data/rq4/source_candidates/cpython-311/cpython-311-5bdaa1635e51/decompyle3.py"", line 6 Unsupported Python version, 3.11, for decompilation ^^^^^^ SyntaxError:...",crash,data/rq4/source_candidates/cpython-311/cpython-311-5bdaa1635e51/decompyle3.py,
cpython-311,data/rq3/cpython-3.11/unique_bug_pyc/cpython-311-5746eeb92335.pyc,decompyle3,rerun,exit_1,"Traceback (most recent call last): File ""<string>"", line 10, in <module> File ""data/rq4/source_candidates/cpython-311/cpython-311-5746eeb92335/decompyle3.py"", line 6 Unsupported Python version, 3.11, for decompilation ^^^^^^ SyntaxError:...",crash,data/rq4/source_candidates/cpython-311/cpython-311-5746eeb92335/decompyle3.py,
cpython-311,data/rq3/cpython-3.11/unique_bug_pyc/cpython-311-5a5088aea356.pyc,decompyle3,decompile,exit_2,/root/PyBC-Sec/pybcSEC/data/rq2/envs/cpython-311/lib/python3.11/site-packages/click/core.py:1262: UserWarning: The parameter --version is used more than once. Remove its duplicate as parameters should be unique. parser = self.make_parser...,crash,,
cpython-311,data/rq3/cpython-3.11/unique_bug_pyc/cpython-311-5821f496f911.pyc,decompyle3,rerun,exit_1,"Traceback (most recent call last): File ""<string>"", line 10, in <module> File ""data/rq4/source_candidates/cpython-311/cpython-311-5821f496f911/decompyle3.py"", line 6 Unsupported Python version, 3.11, for decompilation ^^^^^^ SyntaxError:...",crash,data/rq4/source_candidates/cpython-311/cpython-311-5821f496f911/decompyle3.py,
cpython-311,data/rq3/cpython-3.11/unique_bug_pyc/cpython-311-5ec7fc596442.pyc,decompyle3,rerun,exit_1,"Traceback (most recent call last): File ""<string>"", line 10, in <module> File ""data/rq4/source_candidates/cpython-311/cpython-311-5ec7fc596442/decompyle3.py"", line 6 Unsupported Python version, 3.11, for decompilation ^^^^^^ SyntaxError:...",crash,data/rq4/source_candidates/cpython-311/cpython-311-5ec7fc596442/decompyle3.py,
cpython-311,data/rq3/cpython-3.11/unique_bug_pyc/cpython-311-67e7fa191402.pyc,decompyle3,decompile,exit_2,/root/PyBC-Sec/pybcSEC/data/rq2/envs/cpython-311/lib/python3.11/site-packages/click/core.py:1262: UserWarning: The parameter --version is used more than once. Remove its duplicate as parameters should be unique. parser = self.make_parser...,crash,,
cpython-311,data/rq3/cpython-3.11/unique_bug_pyc/cpython-311-5e17ee64a60a.pyc,decompyle3,rerun,exit_1,"Traceback (most recent call last): File ""<string>"", line 10, in <module> File ""data/rq4/source_candidates/cpython-311/cpython-311-5e17ee64a60a/decompyle3.py"", line 6 Unsupported Python version, 3.11, for decompilation ^^^^^^ SyntaxError:...",crash,data/rq4/source_candidates/cpython-311/cpython-311-5e17ee64a60a/decompyle3.py,
cpython-311,data/rq3/cpython-3.11/unique_bug_pyc/cpython-311-63207017d9b7.pyc,decompyle3,rerun,exit_1,"Traceback (most recent call last): File ""<string>"", line 10, in <module> File ""data/rq4/source_candidates/cpython-311/cpython-311-63207017d9b7/decompyle3.py"", line 6 Unsupported Python version, 3.11, for decompilation ^^^^^^ SyntaxError:...",crash,data/rq4/source_candidates/cpython-311/cpython-311-63207017d9b7/decompyle3.py,
cpython-311,data/rq3/cpython-3.11/unique_bug_pyc/cpython-311-6b1627b229bf.pyc,decompyle3,rerun,exit_1,"Traceback (most recent call last): File ""<string>"", line 10, in <module> File ""data/rq4/source_candidates/cpython-311/cpython-311-6b1627b229bf/decompyle3.py"", line 6 Unsupported Python version, 3.11, for decompilation ^^^^^^ SyntaxError:...",crash,data/rq4/source_candidates/cpython-311/cpython-311-6b1627b229bf/decompyle3.py,
cpython-311,data/rq3/cpython-3.11/unique_bug_pyc/cpython-311-6ffbf440bc0e.pyc,decompyle3,rerun,exit_1,"Traceback (most recent call last): File ""<string>"", line 10, in <module> File ""data/rq4/source_candidates/cpython-311/cpython-311-6ffbf440bc0e/decompyle3.py"", line 6 Unsupported Python version, 3.11, for decompilation ^^^^^^ SyntaxError:...",exit_1,data/rq4/source_candidates/cpython-311/cpython-311-6ffbf440bc0e/decompyle3.py,
cpython-311,data/rq3/cpython-3.11/unique_bug_pyc/cpython-311-6fa6691cd327.pyc,decompyle3,rerun,exit_1,"Traceback (most recent call last): File ""<string>"", line 10, in <module> File ""data/rq4/source_candidates/cpython-311/cpython-311-6fa6691cd327/decompyle3.py"", line 6 Unsupported Python version, 3.11, for decompilation ^^^^^^ SyntaxError:...",crash,data/rq4/source_candidates/cpython-311/cpython-311-6fa6691cd327/decompyle3.py,
cpython-311,data/rq3/cpython-3.11/unique_bug_pyc/cpython-311-697fc254bc06.pyc,decompyle3,rerun,exit_1,"Traceback (most recent call last): File ""<string>"", line 10, in <module> File ""data/rq4/source_candidates/cpython-311/cpython-311-697fc254bc06/decompyle3.py"", line 6 Unsupported Python version, 3.11, for decompilation ^^^^^^ SyntaxError:...",crash,data/rq4/source_candidates/cpython-311/cpython-311-697fc254bc06/decompyle3.py,
cpython-311,data/rq3/cpython-3.11/unique_bug_pyc/cpython-311-7030ba6b9636.pyc,decompyle3,rerun,exit_1,"Traceback (most recent call last): File ""<string>"", line 10, in <module> File ""data/rq4/source_candidates/cpython-311/cpython-311-7030ba6b9636/decompyle3.py"", line 6 Unsupported Python version, 3.11, for decompilation ^^^^^^ SyntaxError:...",crash,data/rq4/source_candidates/cpython-311/cpython-311-7030ba6b9636/decompyle3.py,
cpython-311,data/rq3/cpython-3.11/unique_bug_pyc/cpython-311-6d4ced3ba815.pyc,decompyle3,rerun,exit_1,"Traceback (most recent call last): File ""<string>"", line 10, in <module> File ""data/rq4/source_candidates/cpython-311/cpython-311-6d4ced3ba815/decompyle3.py"", line 6 Unsupported Python version, 3.11, for decompilation ^^^^^^ SyntaxError:...",crash,data/rq4/source_candidates/cpython-311/cpython-311-6d4ced3ba815/decompyle3.py,
cpython-311,data/rq3/cpython-3.11/unique_bug_pyc/cpython-311-7b6ab4e3ddeb.pyc,decompyle3,rerun,exit_1,"Traceback (most recent call last): File ""<string>"", line 10, in <module> File ""data/rq4/source_candidates/cpython-311/cpython-311-7b6ab4e3ddeb/decompyle3.py"", line 6 Unsupported Python version, 3.11, for decompilation ^^^^^^ SyntaxError:...",exit_1,data/rq4/source_candidates/cpython-311/cpython-311-7b6ab4e3ddeb/decompyle3.py,
cpython-311,data/rq3/cpython-3.11/unique_bug_pyc/cpython-311-71d66c0dd918.pyc,decompyle3,rerun,exit_1,"Traceback (most recent call last): File ""<string>"", line 10, in <module> File ""data/rq4/source_candidates/cpython-311/cpython-311-71d66c0dd918/decompyle3.py"", line 6 Unsupported Python version, 3.11, for decompilation ^^^^^^ SyntaxError:...",crash,data/rq4/source_candidates/cpython-311/cpython-311-71d66c0dd918/decompyle3.py,
cpython-311,data/rq3/cpython-3.11/unique_bug_pyc/cpython-311-6cedcfc58d9d.pyc,decompyle3,rerun,exit_1,"Traceback (most recent call last): File ""<string>"", line 10, in <module> File ""data/rq4/source_candidates/cpython-311/cpython-311-6cedcfc58d9d/decompyle3.py"", line 6 Unsupported Python version, 3.11, for decompilation ^^^^^^ SyntaxError:...",crash,data/rq4/source_candidates/cpython-311/cpython-311-6cedcfc58d9d/decompyle3.py,
cpython-311,data/rq3/cpython-3.11/unique_bug_pyc/cpython-311-7750cad7cef0.pyc,decompyle3,rerun,exit_1,"Traceback (most recent call last): File ""<string>"", line 10, in <module> File ""data/rq4/source_candidates/cpython-311/cpython-311-7750cad7cef0/decompyle3.py"", line 6 Unsupported Python version, 3.11, for decompilation ^^^^^^ SyntaxError:...",crash,data/rq4/source_candidates/cpython-311/cpython-311-7750cad7cef0/decompyle3.py,
cpython-311,data/rq3/cpython-3.11/unique_bug_pyc/cpython-311-720d71dace6f.pyc,decompyle3,rerun,exit_1,"Traceback (most recent call last): File ""<string>"", line 10, in <module> File ""data/rq4/source_candidates/cpython-311/cpython-311-720d71dace6f/decompyle3.py"", line 6 Unsupported Python version, 3.11, for decompilation ^^^^^^ SyntaxError:...",crash,data/rq4/source_candidates/cpython-311/cpython-311-720d71dace6f/decompyle3.py,
cpython-311,data/rq3/cpython-3.11/unique_bug_pyc/cpython-311-73ce8e00b684.pyc,decompyle3,rerun,exit_1,"Traceback (most recent call last): File ""<string>"", line 10, in <module> File ""data/rq4/source_candidates/cpython-311/cpython-311-73ce8e00b684/decompyle3.py"", line 6 Unsupported Python version, 3.11, for decompilation ^^^^^^ SyntaxError:...",crash,data/rq4/source_candidates/cpython-311/cpython-311-73ce8e00b684/decompyle3.py,
cpython-311,data/rq3/cpython-3.11/unique_bug_pyc/cpython-311-72d076ae3d30.pyc,decompyle3,rerun,exit_1,"Traceback (most recent call last): File ""<string>"", line 10, in <module> File ""data/rq4/source_candidates/cpython-311/cpython-311-72d076ae3d30/decompyle3.py"", line 6 Unsupported Python version, 3.11, for decompilation ^^^^^^ SyntaxError:...",crash,data/rq4/source_candidates/cpython-311/cpython-311-72d076ae3d30/decompyle3.py,
cpython-311,data/rq3/cpython-3.11/unique_bug_pyc/cpython-311-746ceac13e0e.pyc,decompyle3,rerun,exit_1,"Traceback (most recent call last): File ""<string>"", line 10, in <module> File ""data/rq4/source_candidates/cpython-311/cpython-311-746ceac13e0e/decompyle3.py"", line 6 Unsupported Python version, 3.11, for decompilation ^^^^^^ SyntaxError:...",crash,data/rq4/source_candidates/cpython-311/cpython-311-746ceac13e0e/decompyle3.py,
cpython-311,data/rq3/cpython-3.11/unique_bug_pyc/cpython-311-8983d39ed62d.pyc,decompyle3,rerun,exit_1,"Traceback (most recent call last): File ""<string>"", line 10, in <module> File ""data/rq4/source_candidates/cpython-311/cpython-311-8983d39ed62d/decompyle3.py"", line 6 Unsupported Python version, 3.11, for decompilation ^^^^^^ SyntaxError:...",exit_1,data/rq4/source_candidates/cpython-311/cpython-311-8983d39ed62d/decompyle3.py,
cpython-311,data/rq3/cpython-3.11/unique_bug_pyc/cpython-311-8748dd3d40bc.pyc,decompyle3,rerun,exit_1,"Traceback (most recent call last): File ""<string>"", line 10, in <module> File ""data/rq4/source_candidates/cpython-311/cpython-311-8748dd3d40bc/decompyle3.py"", line 6 Unsupported Python version, 3.11, for decompilation ^^^^^^ SyntaxError:...",exit_1,data/rq4/source_candidates/cpython-311/cpython-311-8748dd3d40bc/decompyle3.py,
cpython-311,data/rq3/cpython-3.11/unique_bug_pyc/cpython-311-8c3236a47c21.pyc,decompyle3,rerun,exit_1,"Traceback (most recent call last): File ""<string>"", line 10, in <module> File ""data/rq4/source_candidates/cpython-311/cpython-311-8c3236a47c21/decompyle3.py"", line 6 Unsupported Python version, 3.11, for decompilation ^^^^^^ SyntaxError:...",exit_1,data/rq4/source_candidates/cpython-311/cpython-311-8c3236a47c21/decompyle3.py,
cpython-311,data/rq3/cpython-3.11/unique_bug_pyc/cpython-311-83a6d7d42ef7.pyc,decompyle3,rerun,exit_1,"Traceback (most recent call last): File ""<string>"", line 10, in <module> ValueError: source code string cannot contain null bytes",crash,data/rq4/source_candidates/cpython-311/cpython-311-83a6d7d42ef7/decompyle3.py,
cpython-311,data/rq3/cpython-3.11/unique_bug_pyc/cpython-311-770410f7c39e.pyc,decompyle3,rerun,exit_1,"Traceback (most recent call last): File ""<string>"", line 10, in <module> File ""data/rq4/source_candidates/cpython-311/cpython-311-770410f7c39e/decompyle3.py"", line 6 Unsupported Python version, 3.11, for decompilation ^^^^^^ SyntaxError:...",crash,data/rq4/source_candidates/cpython-311/cpython-311-770410f7c39e/decompyle3.py,
cpython-311,data/rq3/cpython-3.11/unique_bug_pyc/cpython-311-7eff7866b6bd.pyc,decompyle3,rerun,exit_1,"Traceback (most recent call last): File ""<string>"", line 10, in <module> File ""data/rq4/source_candidates/cpython-311/cpython-311-7eff7866b6bd/decompyle3.py"", line 6 Unsupported Python version, 3.11, for decompilation ^^^^^^ SyntaxError:...",crash,data/rq4/source_candidates/cpython-311/cpython-311-7eff7866b6bd/decompyle3.py,
cpython-311,data/rq3/cpython-3.11/unique_bug_pyc/cpython-311-888432a4eb45.pyc,decompyle3,rerun,exit_1,"Traceback (most recent call last): File ""<string>"", line 10, in <module> File ""data/rq4/source_candidates/cpython-311/cpython-311-888432a4eb45/decompyle3.py"", line 6 Unsupported Python version, 3.11, for decompilation ^^^^^^ SyntaxError:...",crash,data/rq4/source_candidates/cpython-311/cpython-311-888432a4eb45/decompyle3.py,
cpython-311,data/rq3/cpython-3.11/unique_bug_pyc/cpython-311-8e1b0f5516d8.pyc,decompyle3,rerun,exit_1,"Traceback (most recent call last): File ""<string>"", line 10, in <module> File ""data/rq4/source_candidates/cpython-311/cpython-311-8e1b0f5516d8/decompyle3.py"", line 6 Unsupported Python version, 3.11, for decompilation ^^^^^^ SyntaxError:...",exit_1,data/rq4/source_candidates/cpython-311/cpython-311-8e1b0f5516d8/decompyle3.py,
cpython-311,data/rq3/cpython-3.11/unique_bug_pyc/cpython-311-8cd24f311667.pyc,decompyle3,rerun,exit_1,"Traceback (most recent call last): File ""<string>"", line 10, in <module> File ""data/rq4/source_candidates/cpython-311/cpython-311-8cd24f311667/decompyle3.py"", line 6 Unsupported Python version, 3.11, for decompilation ^^^^^^ SyntaxError:...",crash,data/rq4/source_candidates/cpython-311/cpython-311-8cd24f311667/decompyle3.py,
cpython-311,data/rq3/cpython-3.11/unique_bug_pyc/cpython-311-95f998313396.pyc,decompyle3,rerun,exit_1,"Traceback (most recent call last): File ""<string>"", line 10, in <module> File ""data/rq4/source_candidates/cpython-311/cpython-311-95f998313396/decompyle3.py"", line 6 Unsupported Python version, 3.11, for decompilation ^^^^^^ SyntaxError:...",exit_1,data/rq4/source_candidates/cpython-311/cpython-311-95f998313396/decompyle3.py,
cpython-311,data/rq3/cpython-3.11/unique_bug_pyc/cpython-311-8c801609b2b1.pyc,decompyle3,rerun,exit_1,"Traceback (most recent call last): File ""<string>"", line 10, in <module> File ""data/rq4/source_candidates/cpython-311/cpython-311-8c801609b2b1/decompyle3.py"", line 6 Unsupported Python version, 3.11, for decompilation ^^^^^^ SyntaxError:...",crash,data/rq4/source_candidates/cpython-311/cpython-311-8c801609b2b1/decompyle3.py,
cpython-311,data/rq3/cpython-3.11/unique_bug_pyc/cpython-311-945645c697c9.pyc,decompyle3,rerun,exit_1,"Traceback (most recent call last): File ""<string>"", line 10, in <module> ValueError: source code string cannot contain null bytes",crash,data/rq4/source_candidates/cpython-311/cpython-311-945645c697c9/decompyle3.py,
cpython-311,data/rq3/cpython-3.11/unique_bug_pyc/cpython-311-8cd822f69443.pyc,decompyle3,rerun,exit_1,"Traceback (most recent call last): File ""<string>"", line 10, in <module> File ""data/rq4/source_candidates/cpython-311/cpython-311-8cd822f69443/decompyle3.py"", line 6 Unsupported Python version, 3.11, for decompilation ^^^^^^ SyntaxError:...",crash,data/rq4/source_candidates/cpython-311/cpython-311-8cd822f69443/decompyle3.py,
cpython-311,data/rq3/cpython-3.11/unique_bug_pyc/cpython-311-9f6a3f78e00c.pyc,decompyle3,rerun,exit_1,"Traceback (most recent call last): File ""<string>"", line 10, in <module> File ""data/rq4/source_candidates/cpython-311/cpython-311-9f6a3f78e00c/decompyle3.py"", line 6 Unsupported Python version, 3.11, for decompilation ^^^^^^ SyntaxError:...",exit_1,data/rq4/source_candidates/cpython-311/cpython-311-9f6a3f78e00c/decompyle3.py,
cpython-311,data/rq3/cpython-3.11/unique_bug_pyc/cpython-311-950fc8a906cd.pyc,decompyle3,rerun,exit_1,"Traceback (most recent call last): File ""<string>"", line 10, in <module> File ""data/rq4/source_candidates/cpython-311/cpython-311-950fc8a906cd/decompyle3.py"", line 6 Unsupported Python version, 3.11, for decompilation ^^^^^^ SyntaxError:...",crash,data/rq4/source_candidates/cpython-311/cpython-311-950fc8a906cd/decompyle3.py,
cpython-311,data/rq3/cpython-3.11/unique_bug_pyc/cpython-311-98ad41f53fdc.pyc,decompyle3,rerun,exit_1,"Traceback (most recent call last): File ""<string>"", line 10, in <module> File ""data/rq4/source_candidates/cpython-311/cpython-311-98ad41f53fdc/decompyle3.py"", line 6 Unsupported Python version, 3.11, for decompilation ^^^^^^ SyntaxError:...",crash,data/rq4/source_candidates/cpython-311/cpython-311-98ad41f53fdc/decompyle3.py,
cpython-311,data/rq3/cpython-3.11/unique_bug_pyc/cpython-311-9253c1750948.pyc,decompyle3,rerun,exit_1,"Traceback (most recent call last): File ""<string>"", line 10, in <module> File ""data/rq4/source_candidates/cpython-311/cpython-311-9253c1750948/decompyle3.py"", line 6 Unsupported Python version, 3.11, for decompilation ^^^^^^ SyntaxError:...",crash,data/rq4/source_candidates/cpython-311/cpython-311-9253c1750948/decompyle3.py,
cpython-311,data/rq3/cpython-3.11/unique_bug_pyc/cpython-311-92d449ea9158.pyc,decompyle3,rerun,exit_1,"Traceback (most recent call last): File ""<string>"", line 10, in <module> File ""data/rq4/source_candidates/cpython-311/cpython-311-92d449ea9158/decompyle3.py"", line 6 Unsupported Python version, 3.11, for decompilation ^^^^^^ SyntaxError:...",crash,data/rq4/source_candidates/cpython-311/cpython-311-92d449ea9158/decompyle3.py,
cpython-311,data/rq3/cpython-3.11/unique_bug_pyc/cpython-311-9adac033984b.pyc,decompyle3,rerun,exit_1,"Traceback (most recent call last): File ""<string>"", line 10, in <module> File ""data/rq4/source_candidates/cpython-311/cpython-311-9adac033984b/decompyle3.py"", line 6 Unsupported Python version, 3.11, for decompilation ^^^^^^ SyntaxError:...",crash,data/rq4/source_candidates/cpython-311/cpython-311-9adac033984b/decompyle3.py,
cpython-311,data/rq3/cpython-3.11/unique_bug_pyc/cpython-311-97e15c9a417f.pyc,decompyle3,rerun,exit_1,"Traceback (most recent call last): File ""<string>"", line 10, in <module> ValueError: source code string cannot contain null bytes",crash,data/rq4/source_candidates/cpython-311/cpython-311-97e15c9a417f/decompyle3.py,
cpython-311,data/rq3/cpython-3.11/unique_bug_pyc/cpython-311-98a39ece8b90.pyc,decompyle3,rerun,exit_1,"Traceback (most recent call last): File ""<string>"", line 10, in <module> File ""data/rq4/source_candidates/cpython-311/cpython-311-98a39ece8b90/decompyle3.py"", line 6 Unsupported Python version, 3.11, for decompilation ^^^^^^ SyntaxError:...",crash,data/rq4/source_candidates/cpython-311/cpython-311-98a39ece8b90/decompyle3.py,
cpython-311,data/rq3/cpython-3.11/unique_bug_pyc/cpython-311-9ba8e5be4f2f.pyc,decompyle3,rerun,exit_1,"Traceback (most recent call last): File ""<string>"", line 10, in <module> File ""data/rq4/source_candidates/cpython-311/cpython-311-9ba8e5be4f2f/decompyle3.py"", line 6 Unsupported Python version, 3.11, for decompilation ^^^^^^ SyntaxError:...",crash,data/rq4/source_candidates/cpython-311/cpython-311-9ba8e5be4f2f/decompyle3.py,
cpython-311,data/rq3/cpython-3.11/unique_bug_pyc/cpython-311-a0eb21a4490f.pyc,decompyle3,rerun,exit_1,"Traceback (most recent call last): File ""<string>"", line 10, in <module> File ""data/rq4/source_candidates/cpython-311/cpython-311-a0eb21a4490f/decompyle3.py"", line 6 Unsupported Python version, 3.11, for decompilation ^^^^^^ SyntaxError:...",crash,data/rq4/source_candidates/cpython-311/cpython-311-a0eb21a4490f/decompyle3.py,
cpython-311,data/rq3/cpython-3.11/unique_bug_pyc/cpython-311-9f970f80d058.pyc,decompyle3,decompile,exit_2,/root/PyBC-Sec/pybcSEC/data/rq2/envs/cpython-311/lib/python3.11/site-packages/click/core.py:1262: UserWarning: The parameter --version is used more than once. Remove its duplicate as parameters should be unique. parser = self.make_parser...,crash,,
cpython-311,data/rq3/cpython-3.11/unique_bug_pyc/cpython-311-9edf90c27a2c.pyc,decompyle3,rerun,exit_1,"Traceback (most recent call last): File ""<string>"", line 10, in <module> File ""data/rq4/source_candidates/cpython-311/cpython-311-9edf90c27a2c/decompyle3.py"", line 7 Unsupported Python version, 3.11, for decompilation ^^^^^^ SyntaxError:...",crash,data/rq4/source_candidates/cpython-311/cpython-311-9edf90c27a2c/decompyle3.py,
cpython-311,data/rq3/cpython-3.11/unique_bug_pyc/cpython-311-a277dbe2949d.pyc,decompyle3,rerun,exit_1,"Traceback (most recent call last): File ""<string>"", line 10, in <module> File ""data/rq4/source_candidates/cpython-311/cpython-311-a277dbe2949d/decompyle3.py"", line 6 Unsupported Python version, 3.11, for decompilation ^^^^^^ SyntaxError:...",crash,data/rq4/source_candidates/cpython-311/cpython-311-a277dbe2949d/decompyle3.py,
cpython-311,data/rq3/cpython-3.11/unique_bug_pyc/cpython-311-a8f5bd82a6d2.pyc,decompyle3,rerun,exit_1,"Traceback (most recent call last): File ""<string>"", line 10, in <module> File ""data/rq4/source_candidates/cpython-311/cpython-311-a8f5bd82a6d2/decompyle3.py"", line 6 Unsupported Python version, 3.11, for decompilation ^^^^^^ SyntaxError:...",exit_1,data/rq4/source_candidates/cpython-311/cpython-311-a8f5bd82a6d2/decompyle3.py,
cpython-311,data/rq3/cpython-3.11/unique_bug_pyc/cpython-311-a157b6374421.pyc,decompyle3,rerun,exit_1,"Traceback (most recent call last): File ""<string>"", line 10, in <module> File ""data/rq4/source_candidates/cpython-311/cpython-311-a157b6374421/decompyle3.py"", line 6 Unsupported Python version, 3.11, for decompilation ^^^^^^ SyntaxError:...",crash,data/rq4/source_candidates/cpython-311/cpython-311-a157b6374421/decompyle3.py,
cpython-311,data/rq3/cpython-3.11/unique_bug_pyc/cpython-311-a26c375cfa0b.pyc,decompyle3,rerun,exit_1,"Traceback (most recent call last): File ""<string>"", line 10, in <module> File ""data/rq4/source_candidates/cpython-311/cpython-311-a26c375cfa0b/decompyle3.py"", line 6 Unsupported Python version, 3.11, for decompilation ^^^^^^ SyntaxError:...",crash,data/rq4/source_candidates/cpython-311/cpython-311-a26c375cfa0b/decompyle3.py,
cpython-311,data/rq3/cpython-3.11/unique_bug_pyc/cpython-311-aa7f787ee8f1.pyc,decompyle3,rerun,exit_1,"Traceback (most recent call last): File ""<string>"", line 10, in <module> File ""data/rq4/source_candidates/cpython-311/cpython-311-aa7f787ee8f1/decompyle3.py"", line 6 Unsupported Python version, 3.11, for decompilation ^^^^^^ SyntaxError:...",exit_1,data/rq4/source_candidates/cpython-311/cpython-311-aa7f787ee8f1/decompyle3.py,
cpython-311,data/rq3/cpython-3.11/unique_bug_pyc/cpython-311-a369e696b533.pyc,decompyle3,rerun,exit_1,"Traceback (most recent call last): File ""<string>"", line 10, in <module> File ""data/rq4/source_candidates/cpython-311/cpython-311-a369e696b533/decompyle3.py"", line 6 Unsupported Python version, 3.11, for decompilation ^^^^^^ SyntaxError:...",crash,data/rq4/source_candidates/cpython-311/cpython-311-a369e696b533/decompyle3.py,
cpython-311,data/rq3/cpython-3.11/unique_bug_pyc/cpython-311-a59d1cbdafa5.pyc,decompyle3,rerun,exit_1,"Traceback (most recent call last): File ""<string>"", line 10, in <module> File ""data/rq4/source_candidates/cpython-311/cpython-311-a59d1cbdafa5/decompyle3.py"", line 6 Unsupported Python version, 3.11, for decompilation ^^^^^^ SyntaxError:...",crash,data/rq4/source_candidates/cpython-311/cpython-311-a59d1cbdafa5/decompyle3.py,
cpython-311,data/rq3/cpython-3.11/unique_bug_pyc/cpython-311-a39747ed1941.pyc,decompyle3,rerun,exit_1,"Traceback (most recent call last): File ""<string>"", line 10, in <module> File ""data/rq4/source_candidates/cpython-311/cpython-311-a39747ed1941/decompyle3.py"", line 6 Unsupported Python version, 3.11, for decompilation ^^^^^^ SyntaxError:...",crash,data/rq4/source_candidates/cpython-311/cpython-311-a39747ed1941/decompyle3.py,
cpython-311,data/rq3/cpython-3.11/unique_bug_pyc/cpython-311-a9ae065d4b70.pyc,decompyle3,rerun,exit_1,"Traceback (most recent call last): File ""<string>"", line 10, in <module> File ""data/rq4/source_candidates/cpython-311/cpython-311-a9ae065d4b70/decompyle3.py"", line 6 Unsupported Python version, 3.11, for decompilation ^^^^^^ SyntaxError:...",crash,data/rq4/source_candidates/cpython-311/cpython-311-a9ae065d4b70/decompyle3.py,
cpython-311,data/rq3/cpython-3.11/unique_bug_pyc/cpython-311-a519f5d2b8e8.pyc,decompyle3,rerun,exit_1,"Traceback (most recent call last): File ""<string>"", line 10, in <module> File ""data/rq4/source_candidates/cpython-311/cpython-311-a519f5d2b8e8/decompyle3.py"", line 6 Unsupported Python version, 3.11, for decompilation ^^^^^^ SyntaxError:...",crash,data/rq4/source_candidates/cpython-311/cpython-311-a519f5d2b8e8/decompyle3.py,
cpython-311,data/rq3/cpython-3.11/unique_bug_pyc/cpython-311-a757bcc1c7ba.pyc,decompyle3,rerun,exit_1,"Traceback (most recent call last): File ""<string>"", line 10, in <module> File ""data/rq4/source_candidates/cpython-311/cpython-311-a757bcc1c7ba/decompyle3.py"", line 6 Unsupported Python version, 3.11, for decompilation ^^^^^^ SyntaxError:...",crash,data/rq4/source_candidates/cpython-311/cpython-311-a757bcc1c7ba/decompyle3.py,
cpython-311,data/rq3/cpython-3.11/unique_bug_pyc/cpython-311-a95758ba00a8.pyc,decompyle3,rerun,exit_1,"Traceback (most recent call last): File ""<string>"", line 10, in <module> File ""data/rq4/source_candidates/cpython-311/cpython-311-a95758ba00a8/decompyle3.py"", line 6 Unsupported Python version, 3.11, for decompilation ^^^^^^ SyntaxError:...",crash,data/rq4/source_candidates/cpython-311/cpython-311-a95758ba00a8/decompyle3.py,
cpython-311,data/rq3/cpython-3.11/unique_bug_pyc/cpython-311-ae7674847f4e.pyc,decompyle3,rerun,exit_1,"Traceback (most recent call last): File ""<string>"", line 10, in <module> File ""data/rq4/source_candidates/cpython-311/cpython-311-ae7674847f4e/decompyle3.py"", line 6 Unsupported Python version, 3.11, for decompilation ^^^^^^ SyntaxError:...",crash,data/rq4/source_candidates/cpython-311/cpython-311-ae7674847f4e/decompyle3.py,
cpython-311,data/rq3/cpython-3.11/unique_bug_pyc/cpython-311-ad41a465db4a.pyc,decompyle3,rerun,exit_1,"Traceback (most recent call last): File ""<string>"", line 10, in <module> File ""data/rq4/source_candidates/cpython-311/cpython-311-ad41a465db4a/decompyle3.py"", line 6 Unsupported Python version, 3.11, for decompilation ^^^^^^ SyntaxError:...",crash,data/rq4/source_candidates/cpython-311/cpython-311-ad41a465db4a/decompyle3.py,
cpython-311,data/rq3/cpython-3.11/unique_bug_pyc/cpython-311-b80c09455b38.pyc,decompyle3,rerun,exit_1,"Traceback (most recent call last): File ""<string>"", line 10, in <module> File ""data/rq4/source_candidates/cpython-311/cpython-311-b80c09455b38/decompyle3.py"", line 6 Unsupported Python version, 3.11, for decompilation ^^^^^^ SyntaxError:...",crash,data/rq4/source_candidates/cpython-311/cpython-311-b80c09455b38/decompyle3.py,
cpython-311,data/rq3/cpython-3.11/unique_bug_pyc/cpython-311-b2f80d08bf72.pyc,decompyle3,rerun,exit_1,"Traceback (most recent call last): File ""<string>"", line 10, in <module> File ""data/rq4/source_candidates/cpython-311/cpython-311-b2f80d08bf72/decompyle3.py"", line 6 Unsupported Python version, 3.11, for decompilation ^^^^^^ SyntaxError:...",crash,data/rq4/source_candidates/cpython-311/cpython-311-b2f80d08bf72/decompyle3.py,
cpython-311,data/rq3/cpython-3.11/unique_bug_pyc/cpython-311-b2782d3da8b6.pyc,decompyle3,rerun,exit_1,"Traceback (most recent call last): File ""<string>"", line 10, in <module> File ""data/rq4/source_candidates/cpython-311/cpython-311-b2782d3da8b6/decompyle3.py"", line 6 Unsupported Python version, 3.11, for decompilation ^^^^^^ SyntaxError:...",crash,data/rq4/source_candidates/cpython-311/cpython-311-b2782d3da8b6/decompyle3.py,
cpython-311,data/rq3/cpython-3.11/unique_bug_pyc/cpython-311-b98162f742d9.pyc,decompyle3,rerun,exit_1,"Traceback (most recent call last): File ""<string>"", line 10, in <module> File ""data/rq4/source_candidates/cpython-311/cpython-311-b98162f742d9/decompyle3.py"", line 6 Unsupported Python version, 3.11, for decompilation ^^^^^^ SyntaxError:...",crash,data/rq4/source_candidates/cpython-311/cpython-311-b98162f742d9/decompyle3.py,
cpython-311,data/rq3/cpython-3.11/unique_bug_pyc/cpython-311-bb8ef554f4f2.pyc,decompyle3,rerun,exit_1,"Traceback (most recent call last): File ""<string>"", line 10, in <module> File ""data/rq4/source_candidates/cpython-311/cpython-311-bb8ef554f4f2/decompyle3.py"", line 6 Unsupported Python version, 3.11, for decompilation ^^^^^^ SyntaxError:...",crash,data/rq4/source_candidates/cpython-311/cpython-311-bb8ef554f4f2/decompyle3.py,
cpython-311,data/rq3/cpython-3.11/unique_bug_pyc/cpython-311-cb5782851995.pyc,decompyle3,rerun,exit_1,"Traceback (most recent call last): File ""<string>"", line 10, in <module> ValueError: source code string cannot contain null bytes",exit_1,data/rq4/source_candidates/cpython-311/cpython-311-cb5782851995/decompyle3.py,
cpython-311,data/rq3/cpython-3.11/unique_bug_pyc/cpython-311-bb3af8bee813.pyc,decompyle3,rerun,exit_1,"Traceback (most recent call last): File ""<string>"", line 10, in <module> File ""data/rq4/source_candidates/cpython-311/cpython-311-bb3af8bee813/decompyle3.py"", line 6 Unsupported Python version, 3.11, for decompilation ^^^^^^ SyntaxError:...",crash,data/rq4/source_candidates/cpython-311/cpython-311-bb3af8bee813/decompyle3.py,
cpython-311,data/rq3/cpython-3.11/unique_bug_pyc/cpython-311-bea3b9eb1d87.pyc,decompyle3,rerun,exit_1,"Traceback (most recent call last): File ""<string>"", line 10, in <module> File ""data/rq4/source_candidates/cpython-311/cpython-311-bea3b9eb1d87/decompyle3.py"", line 6 Unsupported Python version, 3.11, for decompilation ^^^^^^ SyntaxError:...",crash,data/rq4/source_candidates/cpython-311/cpython-311-bea3b9eb1d87/decompyle3.py,
cpython-311,data/rq3/cpython-3.11/unique_bug_pyc/cpython-311-c0890f534ec4.pyc,decompyle3,rerun,exit_1,"Traceback (most recent call last): File ""<string>"", line 10, in <module> File ""data/rq4/source_candidates/cpython-311/cpython-311-c0890f534ec4/decompyle3.py"", line 6 Unsupported Python version, 3.11, for decompilation ^^^^^^ SyntaxError:...",crash,data/rq4/source_candidates/cpython-311/cpython-311-c0890f534ec4/decompyle3.py,
cpython-311,data/rq3/cpython-3.11/unique_bug_pyc/cpython-311-bb92f63abfa4.pyc,decompyle3,rerun,exit_1,"Traceback (most recent call last): File ""<string>"", line 10, in <module> File ""data/rq4/source_candidates/cpython-311/cpython-311-bb92f63abfa4/decompyle3.py"", line 7 Unsupported Python version, 3.11, for decompilation ^^^^^^ SyntaxError:...",crash,data/rq4/source_candidates/cpython-311/cpython-311-bb92f63abfa4/decompyle3.py,
cpython-311,data/rq3/cpython-3.11/unique_bug_pyc/cpython-311-c06968e4288c.pyc,decompyle3,rerun,exit_1,"Traceback (most recent call last): File ""<string>"", line 10, in <module> File ""data/rq4/source_candidates/cpython-311/cpython-311-c06968e4288c/decompyle3.py"", line 6 Unsupported Python version, 3.11, for decompilation ^^^^^^ SyntaxError:...",crash,data/rq4/source_candidates/cpython-311/cpython-311-c06968e4288c/decompyle3.py,
cpython-311,data/rq3/cpython-3.11/unique_bug_pyc/cpython-311-c35c19a1424f.pyc,decompyle3,rerun,exit_1,"Traceback (most recent call last): File ""<string>"", line 10, in <module> File ""data/rq4/source_candidates/cpython-311/cpython-311-c35c19a1424f/decompyle3.py"", line 6 Unsupported Python version, 3.11, for decompilation ^^^^^^ SyntaxError:...",crash,data/rq4/source_candidates/cpython-311/cpython-311-c35c19a1424f/decompyle3.py,
cpython-311,data/rq3/cpython-3.11/unique_bug_pyc/cpython-311-c1c88e3dce7f.pyc,decompyle3,rerun,exit_1,"Traceback (most recent call last): File ""<string>"", line 10, in <module> File ""data/rq4/source_candidates/cpython-311/cpython-311-c1c88e3dce7f/decompyle3.py"", line 6 Unsupported Python version, 3.11, for decompilation ^^^^^^ SyntaxError:...",crash,data/rq4/source_candidates/cpython-311/cpython-311-c1c88e3dce7f/decompyle3.py,
cpython-311,data/rq3/cpython-3.11/unique_bug_pyc/cpython-311-c8f0225022e8.pyc,decompyle3,rerun,exit_1,"Traceback (most recent call last): File ""<string>"", line 10, in <module> ValueError: source code string cannot contain null bytes",crash,data/rq4/source_candidates/cpython-311/cpython-311-c8f0225022e8/decompyle3.py,
cpython-311,data/rq3/cpython-3.11/unique_bug_pyc/cpython-311-d60fc3bba62b.pyc,decompyle3,rerun,exit_1,"Traceback (most recent call last): File ""<string>"", line 10, in <module> File ""data/rq4/source_candidates/cpython-311/cpython-311-d60fc3bba62b/decompyle3.py"", line 6 Unsupported Python version, 3.11, for decompilation ^^^^^^ SyntaxError:...",crash,data/rq4/source_candidates/cpython-311/cpython-311-d60fc3bba62b/decompyle3.py,
cpython-311,data/rq3/cpython-3.11/unique_bug_pyc/cpython-311-c7e46bf7dec9.pyc,decompyle3,rerun,exit_1,"Traceback (most recent call last): File ""<string>"", line 10, in <module> File ""data/rq4/source_candidates/cpython-311/cpython-311-c7e46bf7dec9/decompyle3.py"", line 6 Unsupported Python version, 3.11, for decompilation ^^^^^^ SyntaxError:...",crash,data/rq4/source_candidates/cpython-311/cpython-311-c7e46bf7dec9/decompyle3.py,
cpython-311,data/rq3/cpython-3.11/unique_bug_pyc/cpython-311-d7ef0f86f491.pyc,decompyle3,rerun,exit_1,"Traceback (most recent call last): File ""<string>"", line 10, in <module> File ""data/rq4/source_candidates/cpython-311/cpython-311-d7ef0f86f491/decompyle3.py"", line 6 Unsupported Python version, 3.11, for decompilation ^^^^^^ SyntaxError:...",crash,data/rq4/source_candidates/cpython-311/cpython-311-d7ef0f86f491/decompyle3.py,
cpython-311,data/rq3/cpython-3.11/unique_bug_pyc/cpython-311-d3e8f4abd503.pyc,decompyle3,rerun,exit_1,"Traceback (most recent call last): File ""<string>"", line 10, in <module> File ""data/rq4/source_candidates/cpython-311/cpython-311-d3e8f4abd503/decompyle3.py"", line 6 Unsupported Python version, 3.11, for decompilation ^^^^^^ SyntaxError:...",crash,data/rq4/source_candidates/cpython-311/cpython-311-d3e8f4abd503/decompyle3.py,
cpython-311,data/rq3/cpython-3.11/unique_bug_pyc/cpython-311-d84049333b64.pyc,decompyle3,rerun,exit_1,"Traceback (most recent call last): File ""<string>"", line 10, in <module> File ""data/rq4/source_candidates/cpython-311/cpython-311-d84049333b64/decompyle3.py"", line 6 Unsupported Python version, 3.11, for decompilation ^^^^^^ SyntaxError:...",crash,data/rq4/source_candidates/cpython-311/cpython-311-d84049333b64/decompyle3.py,
cpython-311,data/rq3/cpython-3.11/unique_bug_pyc/cpython-311-d998ecef0da5.pyc,decompyle3,rerun,exit_1,"Traceback (most recent call last): File ""<string>"", line 10, in <module> File ""data/rq4/source_candidates/cpython-311/cpython-311-d998ecef0da5/decompyle3.py"", line 6 Unsupported Python version, 3.11, for decompilation ^^^^^^ SyntaxError:...",crash,data/rq4/source_candidates/cpython-311/cpython-311-d998ecef0da5/decompyle3.py,
cpython-311,data/rq3/cpython-3.11/unique_bug_pyc/cpython-311-d9b0ec3f5407.pyc,decompyle3,rerun,exit_1,"Traceback (most recent call last): File ""<string>"", line 10, in <module> File ""data/rq4/source_candidates/cpython-311/cpython-311-d9b0ec3f5407/decompyle3.py"", line 6 Unsupported Python version, 3.11, for decompilation ^^^^^^ SyntaxError:...",crash,data/rq4/source_candidates/cpython-311/cpython-311-d9b0ec3f5407/decompyle3.py,
cpython-311,data/rq3/cpython-3.11/unique_bug_pyc/cpython-311-e5db341b3864.pyc,decompyle3,rerun,exit_1,"Traceback (most recent call last): File ""<string>"", line 10, in <module> File ""data/rq4/source_candidates/cpython-311/cpython-311-e5db341b3864/decompyle3.py"", line 6 Unsupported Python version, 3.11, for decompilation ^^^^^^ SyntaxError:...",crash,data/rq4/source_candidates/cpython-311/cpython-311-e5db341b3864/decompyle3.py,
cpython-311,data/rq3/cpython-3.11/unique_bug_pyc/cpython-311-d906218175c2.pyc,decompyle3,rerun,exit_1,"Traceback (most recent call last): File ""<string>"", line 10, in <module> File ""data/rq4/source_candidates/cpython-311/cpython-311-d906218175c2/decompyle3.py"", line 6 Unsupported Python version, 3.11, for decompilation ^^^^^^ SyntaxError:...",crash,data/rq4/source_candidates/cpython-311/cpython-311-d906218175c2/decompyle3.py,
cpython-311,data/rq3/cpython-3.11/unique_bug_pyc/cpython-311-e763a2c86fa7.pyc,decompyle3,rerun,exit_1,"Traceback (most recent call last): File ""<string>"", line 10, in <module> File ""data/rq4/source_candidates/cpython-311/cpython-311-e763a2c86fa7/decompyle3.py"", line 6 Unsupported Python version, 3.11, for decompilation ^^^^^^ SyntaxError:...",crash,data/rq4/source_candidates/cpython-311/cpython-311-e763a2c86fa7/decompyle3.py,
cpython-311,data/rq3/cpython-3.11/unique_bug_pyc/cpython-311-e6716043d9b1.pyc,decompyle3,rerun,exit_1,"Traceback (most recent call last): File ""<string>"", line 10, in <module> File ""data/rq4/source_candidates/cpython-311/cpython-311-e6716043d9b1/decompyle3.py"", line 6 Unsupported Python version, 3.11, for decompilation ^^^^^^ SyntaxError:...",crash,data/rq4/source_candidates/cpython-311/cpython-311-e6716043d9b1/decompyle3.py,
cpython-311,data/rq3/cpython-3.11/unique_bug_pyc/cpython-311-eb5098221d22.pyc,decompyle3,rerun,exit_1,"Traceback (most recent call last): File ""<string>"", line 10, in <module> File ""data/rq4/source_candidates/cpython-311/cpython-311-eb5098221d22/decompyle3.py"", line 6 Unsupported Python version, 3.11, for decompilation ^^^^^^ SyntaxError:...",exit_1,data/rq4/source_candidates/cpython-311/cpython-311-eb5098221d22/decompyle3.py,
cpython-311,data/rq3/cpython-3.11/unique_bug_pyc/cpython-311-e788feba5ef2.pyc,decompyle3,rerun,exit_1,"Traceback (most recent call last): File ""<string>"", line 10, in <module> File ""data/rq4/source_candidates/cpython-311/cpython-311-e788feba5ef2/decompyle3.py"", line 6 Unsupported Python version, 3.11, for decompilation ^^^^^^ SyntaxError:...",crash,data/rq4/source_candidates/cpython-311/cpython-311-e788feba5ef2/decompyle3.py,
cpython-311,data/rq3/cpython-3.11/unique_bug_pyc/cpython-311-de13f63d4a69.pyc,decompyle3,rerun,exit_1,"Traceback (most recent call last): File ""<string>"", line 10, in <module> File ""data/rq4/source_candidates/cpython-311/cpython-311-de13f63d4a69/decompyle3.py"", line 6 Unsupported Python version, 3.11, for decompilation ^^^^^^ SyntaxError:...",crash,data/rq4/source_candidates/cpython-311/cpython-311-de13f63d4a69/decompyle3.py,
cpython-311,data/rq3/cpython-3.11/unique_bug_pyc/cpython-311-de146f7549ab.pyc,decompyle3,rerun,exit_1,"Traceback (most recent call last): File ""<string>"", line 10, in <module> File ""data/rq4/source_candidates/cpython-311/cpython-311-de146f7549ab/decompyle3.py"", line 6 Unsupported Python version, 3.11, for decompilation ^^^^^^ SyntaxError:...",crash,data/rq4/source_candidates/cpython-311/cpython-311-de146f7549ab/decompyle3.py,
cpython-311,data/rq3/cpython-3.11/unique_bug_pyc/cpython-311-fe1f9c5aa0ba.pyc,decompyle3,rerun,exit_1,"Traceback (most recent call last): File ""<string>"", line 10, in <module> File ""data/rq4/source_candidates/cpython-311/cpython-311-fe1f9c5aa0ba/decompyle3.py"", line 6 Unsupported Python version, 3.11, for decompilation ^^^^^^ SyntaxError:...",exit_1,data/rq4/source_candidates/cpython-311/cpython-311-fe1f9c5aa0ba/decompyle3.py,
cpython-311,data/rq3/cpython-3.11/unique_bug_pyc/cpython-311-ec10e80c74ee.pyc,decompyle3,rerun,exit_1,"Traceback (most recent call last): File ""<string>"", line 10, in <module> ValueError: source code string cannot contain null bytes",crash,data/rq4/source_candidates/cpython-311/cpython-311-ec10e80c74ee/decompyle3.py,
cpython-311,data/rq3/cpython-3.11/unique_bug_pyc/cpython-311-f2a6601a913d.pyc,decompyle3,rerun,exit_1,"Traceback (most recent call last): File ""<string>"", line 10, in <module> File ""data/rq4/source_candidates/cpython-311/cpython-311-f2a6601a913d/decompyle3.py"", line 6 Unsupported Python version, 3.11, for decompilation ^^^^^^ SyntaxError:...",crash,data/rq4/source_candidates/cpython-311/cpython-311-f2a6601a913d/decompyle3.py,
cpython-311,data/rq3/cpython-3.11/unique_bug_pyc/cpython-311-edf710a1cafb.pyc,decompyle3,rerun,exit_1,"Traceback (most recent call last): File ""<string>"", line 10, in <module> File ""data/rq4/source_candidates/cpython-311/cpython-311-edf710a1cafb/decompyle3.py"", line 6 Unsupported Python version, 3.11, for decompilation ^^^^^^ SyntaxError:...",crash,data/rq4/source_candidates/cpython-311/cpython-311-edf710a1cafb/decompyle3.py,
cpython-311,data/rq3/cpython-3.11/unique_bug_pyc/cpython-311-e8befefd0ddb.pyc,decompyle3,rerun,exit_1,"Traceback (most recent call last): File ""<string>"", line 10, in <module> File ""data/rq4/source_candidates/cpython-311/cpython-311-e8befefd0ddb/decompyle3.py"", line 6 Unsupported Python version, 3.11, for decompilation ^^^^^^ SyntaxError:...",crash,data/rq4/source_candidates/cpython-311/cpython-311-e8befefd0ddb/decompyle3.py,
cpython-311,data/rq3/cpython-3.11/unique_bug_pyc/cpython-311-f4ffcfa646c0.pyc,decompyle3,rerun,exit_1,"Traceback (most recent call last): File ""<string>"", line 10, in <module> File ""data/rq4/source_candidates/cpython-311/cpython-311-f4ffcfa646c0/decompyle3.py"", line 6 Unsupported Python version, 3.11, for decompilation ^^^^^^ SyntaxError:...",crash,data/rq4/source_candidates/cpython-311/cpython-311-f4ffcfa646c0/decompyle3.py,
cpython-311,data/rq3/cpython-3.11/unique_bug_pyc/cpython-311-f77a5d0f388f.pyc,decompyle3,rerun,exit_1,"Traceback (most recent call last): File ""<string>"", line 10, in <module> File ""data/rq4/source_candidates/cpython-311/cpython-311-f77a5d0f388f/decompyle3.py"", line 6 Unsupported Python version, 3.11, for decompilation ^^^^^^ SyntaxError:...",crash,data/rq4/source_candidates/cpython-311/cpython-311-f77a5d0f388f/decompyle3.py,
cpython-311,data/rq3/cpython-3.11/unique_bug_pyc/cpython-311-f5b1847d453a.pyc,decompyle3,rerun,exit_1,"Traceback (most recent call last): File ""<string>"", line 10, in <module> File ""data/rq4/source_candidates/cpython-311/cpython-311-f5b1847d453a/decompyle3.py"", line 6 Unsupported Python version, 3.11, for decompilation ^^^^^^ SyntaxError:...",crash,data/rq4/source_candidates/cpython-311/cpython-311-f5b1847d453a/decompyle3.py,
cpython-312,data/rq3/cpython-3.12/unique_bug_pyc/cpython-312-0e82a511c4a2.pyc,decompyle3,rerun,exit_1,"Traceback (most recent call last): File ""<string>"", line 10, in <module> File ""data/rq4/source_candidates/cpython-312/cpython-312-0e82a511c4a2/decompyle3.py"", line 6 Unsupported Python version, 3.12.0, for decompilation ^^^^^^ SyntaxErro...",exit_1,data/rq4/source_candidates/cpython-312/cpython-312-0e82a511c4a2/decompyle3.py,
cpython-312,data/rq3/cpython-3.12/unique_bug_pyc/cpython-312-090de9f253b0.pyc,decompyle3,rerun,exit_1,"Traceback (most recent call last): File ""<string>"", line 10, in <module> File ""data/rq4/source_candidates/cpython-312/cpython-312-090de9f253b0/decompyle3.py"", line 6 Unsupported Python version, 3.12.0, for decompilation ^^^^^^ SyntaxErro...",crash,data/rq4/source_candidates/cpython-312/cpython-312-090de9f253b0/decompyle3.py,
cpython-312,data/rq3/cpython-3.12/unique_bug_pyc/cpython-312-0a687ec86931.pyc,decompyle3,rerun,exit_1,"Traceback (most recent call last): File ""<string>"", line 10, in <module> File ""data/rq4/source_candidates/cpython-312/cpython-312-0a687ec86931/decompyle3.py"", line 6 Unsupported Python version, 3.12.0, for decompilation ^^^^^^ SyntaxErro...",exit_1,data/rq4/source_candidates/cpython-312/cpython-312-0a687ec86931/decompyle3.py,
cpython-312,data/rq3/cpython-3.12/unique_bug_pyc/cpython-312-0c510e332b96.pyc,decompyle3,rerun,exit_1,"Traceback (most recent call last): File ""<string>"", line 10, in <module> File ""data/rq4/source_candidates/cpython-312/cpython-312-0c510e332b96/decompyle3.py"", line 6 Unsupported Python version, 3.12.0, for decompilation ^^^^^^ SyntaxErro...",crash,data/rq4/source_candidates/cpython-312/cpython-312-0c510e332b96/decompyle3.py,
cpython-312,data/rq3/cpython-3.12/unique_bug_pyc/cpython-312-191e2a349ee3.pyc,decompyle3,rerun,exit_1,"Traceback (most recent call last): File ""<string>"", line 10, in <module> File ""data/rq4/source_candidates/cpython-312/cpython-312-191e2a349ee3/decompyle3.py"", line 6 Unsupported Python version, 3.12.0, for decompilation ^^^^^^ SyntaxErro...",exit_1,data/rq4/source_candidates/cpython-312/cpython-312-191e2a349ee3/decompyle3.py,
cpython-312,data/rq3/cpython-3.12/unique_bug_pyc/cpython-312-1b42a384e806.pyc,decompyle3,rerun,exit_1,"Traceback (most recent call last): File ""<string>"", line 10, in <module> SyntaxError: source code string cannot contain null bytes",crash,data/rq4/source_candidates/cpython-312/cpython-312-1b42a384e806/decompyle3.py,
cpython-312,data/rq3/cpython-3.12/unique_bug_pyc/cpython-312-0a8e10a2d8b5.pyc,decompyle3,rerun,exit_1,"Traceback (most recent call last): File ""<string>"", line 10, in <module> File ""data/rq4/source_candidates/cpython-312/cpython-312-0a8e10a2d8b5/decompyle3.py"", line 6 Unsupported Python version, 3.12.0, for decompilation ^^^^^^ SyntaxErro...",crash,data/rq4/source_candidates/cpython-312/cpython-312-0a8e10a2d8b5/decompyle3.py,
cpython-312,data/rq3/cpython-3.12/unique_bug_pyc/cpython-312-0fff0eb1f38c.pyc,decompyle3,rerun,exit_1,"Traceback (most recent call last): File ""<string>"", line 10, in <module> File ""data/rq4/source_candidates/cpython-312/cpython-312-0fff0eb1f38c/decompyle3.py"", line 6 Unsupported Python version, 3.12.0, for decompilation ^^^^^^ SyntaxErro...",crash,data/rq4/source_candidates/cpython-312/cpython-312-0fff0eb1f38c/decompyle3.py,
cpython-312,data/rq3/cpython-3.12/unique_bug_pyc/cpython-312-169d43653538.pyc,decompyle3,rerun,exit_1,"Traceback (most recent call last): File ""<string>"", line 10, in <module> File ""data/rq4/source_candidates/cpython-312/cpython-312-169d43653538/decompyle3.py"", line 6 Unsupported Python version, 3.12.0, for decompilation ^^^^^^ SyntaxErro...",crash,data/rq4/source_candidates/cpython-312/cpython-312-169d43653538/decompyle3.py,
cpython-312,data/rq3/cpython-3.12/unique_bug_pyc/cpython-312-078fd396a487.pyc,decompyle3,rerun,exit_1,"Traceback (most recent call last): File ""<string>"", line 10, in <module> File ""data/rq4/source_candidates/cpython-312/cpython-312-078fd396a487/decompyle3.py"", line 6 Unsupported Python version, 3.12.0, for decompilation ^^^^^^ SyntaxErro...",crash,data/rq4/source_candidates/cpython-312/cpython-312-078fd396a487/decompyle3.py,
cpython-312,data/rq3/cpython-3.12/unique_bug_pyc/cpython-312-15fb7a185bb9.pyc,decompyle3,rerun,exit_1,"Traceback (most recent call last): File ""<string>"", line 10, in <module> File ""data/rq4/source_candidates/cpython-312/cpython-312-15fb7a185bb9/decompyle3.py"", line 6 Unsupported Python version, 3.12.0, for decompilation ^^^^^^ SyntaxErro...",crash,data/rq4/source_candidates/cpython-312/cpython-312-15fb7a185bb9/decompyle3.py,
cpython-312,data/rq3/cpython-3.12/unique_bug_pyc/cpython-312-187cea9ef555.pyc,decompyle3,rerun,exit_1,"Traceback (most recent call last): File ""<string>"", line 10, in <module> File ""data/rq4/source_candidates/cpython-312/cpython-312-187cea9ef555/decompyle3.py"", line 6 Unsupported Python version, 3.12.0, for decompilation ^^^^^^ SyntaxErro...",crash,data/rq4/source_candidates/cpython-312/cpython-312-187cea9ef555/decompyle3.py,
cpython-312,data/rq3/cpython-3.12/unique_bug_pyc/cpython-312-061e3a384fb4.pyc,decompyle3,rerun,exit_1,"Traceback (most recent call last): File ""<string>"", line 10, in <module> File ""data/rq4/source_candidates/cpython-312/cpython-312-061e3a384fb4/decompyle3.py"", line 6 Unsupported Python version, 3.12.0, for decompilation ^^^^^^ SyntaxErro...",crash,data/rq4/source_candidates/cpython-312/cpython-312-061e3a384fb4/decompyle3.py,
cpython-312,data/rq3/cpython-3.12/unique_bug_pyc/cpython-312-137d84c32dfb.pyc,decompyle3,rerun,exit_1,"Traceback (most recent call last): File ""<string>"", line 10, in <module> File ""data/rq4/source_candidates/cpython-312/cpython-312-137d84c32dfb/decompyle3.py"", line 6 Unsupported Python version, 3.12.0, for decompilation ^^^^^^ SyntaxErro...",crash,data/rq4/source_candidates/cpython-312/cpython-312-137d84c32dfb/decompyle3.py,
cpython-312,data/rq3/cpython-3.12/unique_bug_pyc/cpython-312-056e0268a396.pyc,decompyle3,rerun,exit_1,"Traceback (most recent call last): File ""<string>"", line 10, in <module> File ""data/rq4/source_candidates/cpython-312/cpython-312-056e0268a396/decompyle3.py"", line 6 Unsupported Python version, 3.12.0, for decompilation ^^^^^^ SyntaxErro...",crash,data/rq4/source_candidates/cpython-312/cpython-312-056e0268a396/decompyle3.py,
cpython-312,data/rq3/cpython-3.12/unique_bug_pyc/cpython-312-28be946ac169.pyc,decompyle3,rerun,exit_1,"Traceback (most recent call last): File ""<string>"", line 10, in <module> File ""data/rq4/source_candidates/cpython-312/cpython-312-28be946ac169/decompyle3.py"", line 6 Unsupported Python version, 3.12.0, for decompilation ^^^^^^ SyntaxErro...",exit_1,data/rq4/source_candidates/cpython-312/cpython-312-28be946ac169/decompyle3.py,
cpython-312,data/rq3/cpython-3.12/unique_bug_pyc/cpython-312-1d40eac1d9ad.pyc,decompyle3,rerun,exit_1,"Traceback (most recent call last): File ""<string>"", line 10, in <module> File ""data/rq4/source_candidates/cpython-312/cpython-312-1d40eac1d9ad/decompyle3.py"", line 6 Unsupported Python version, 3.12.0, for decompilation ^^^^^^ SyntaxErro...",crash,data/rq4/source_candidates/cpython-312/cpython-312-1d40eac1d9ad/decompyle3.py,
cpython-312,data/rq3/cpython-3.12/unique_bug_pyc/cpython-312-1b6ffdc799dd.pyc,decompyle3,rerun,exit_1,"Traceback (most recent call last): File ""<string>"", line 10, in <module> File ""data/rq4/source_candidates/cpython-312/cpython-312-1b6ffdc799dd/decompyle3.py"", line 6 Unsupported Python version, 3.12.0, for decompilation ^^^^^^ SyntaxErro...",crash,data/rq4/source_candidates/cpython-312/cpython-312-1b6ffdc799dd/decompyle3.py,
cpython-312,data/rq3/cpython-3.12/unique_bug_pyc/cpython-312-010c889c5686.pyc,decompyle3,rerun,exit_1,"Traceback (most recent call last): File ""<string>"", line 10, in <module> File ""data/rq4/source_candidates/cpython-312/cpython-312-010c889c5686/decompyle3.py"", line 7 Unsupported Python version, 3.12.0, for decompilation ^^^^^^ SyntaxErro...",crash,data/rq4/source_candidates/cpython-312/cpython-312-010c889c5686/decompyle3.py,
cpython-312,data/rq3/cpython-3.12/unique_bug_pyc/cpython-312-1d8a3dacf8bd.pyc,decompyle3,rerun,exit_1,"Traceback (most recent call last): File ""<string>"", line 10, in <module> File ""data/rq4/source_candidates/cpython-312/cpython-312-1d8a3dacf8bd/decompyle3.py"", line 6 Unsupported Python version, 3.12.0, for decompilation ^^^^^^ SyntaxErro...",crash,data/rq4/source_candidates/cpython-312/cpython-312-1d8a3dacf8bd/decompyle3.py,
cpython-312,data/rq3/cpython-3.12/unique_bug_pyc/cpython-312-2968a13eea15.pyc,decompyle3,rerun,exit_1,"Traceback (most recent call last): File ""<string>"", line 10, in <module> File ""data/rq4/source_candidates/cpython-312/cpython-312-2968a13eea15/decompyle3.py"", line 6 Unsupported Python version, 3.12.0, for decompilation ^^^^^^ SyntaxErro...",exit_1,data/rq4/source_candidates/cpython-312/cpython-312-2968a13eea15/decompyle3.py,
cpython-312,data/rq3/cpython-3.12/unique_bug_pyc/cpython-312-287217f8ee5e.pyc,decompyle3,rerun,exit_1,"Traceback (most recent call last): File ""<string>"", line 10, in <module> File ""data/rq4/source_candidates/cpython-312/cpython-312-287217f8ee5e/decompyle3.py"", line 6 Unsupported Python version, 3.12.0, for decompilation ^^^^^^ SyntaxErro...",crash,data/rq4/source_candidates/cpython-312/cpython-312-287217f8ee5e/decompyle3.py,
cpython-312,data/rq3/cpython-3.12/unique_bug_pyc/cpython-312-21d64628d74b.pyc,decompyle3,rerun,exit_1,"Traceback (most recent call last): File ""<string>"", line 10, in <module> File ""data/rq4/source_candidates/cpython-312/cpython-312-21d64628d74b/decompyle3.py"", line 6 Unsupported Python version, 3.12.0, for decompilation ^^^^^^ SyntaxErro...",crash,data/rq4/source_candidates/cpython-312/cpython-312-21d64628d74b/decompyle3.py,
cpython-312,data/rq3/cpython-3.12/unique_bug_pyc/cpython-312-2a5effb1e7b9.pyc,decompyle3,rerun,exit_1,"Traceback (most recent call last): File ""<string>"", line 10, in <module> File ""data/rq4/source_candidates/cpython-312/cpython-312-2a5effb1e7b9/decompyle3.py"", line 6 Unsupported Python version, 3.12.0, for decompilation ^^^^^^ SyntaxErro...",crash,data/rq4/source_candidates/cpython-312/cpython-312-2a5effb1e7b9/decompyle3.py,
cpython-312,data/rq3/cpython-3.12/unique_bug_pyc/cpython-312-21af7f8c8866.pyc,decompyle3,rerun,exit_1,"Traceback (most recent call last): File ""<string>"", line 10, in <module> File ""data/rq4/source_candidates/cpython-312/cpython-312-21af7f8c8866/decompyle3.py"", line 6 Unsupported Python version, 3.12.0, for decompilation ^^^^^^ SyntaxErro...",crash,data/rq4/source_candidates/cpython-312/cpython-312-21af7f8c8866/decompyle3.py,
cpython-312,data/rq3/cpython-3.12/unique_bug_pyc/cpython-312-32e27ddd9191.pyc,decompyle3,rerun,exit_1,"Traceback (most recent call last): File ""<string>"", line 10, in <module> File ""data/rq4/source_candidates/cpython-312/cpython-312-32e27ddd9191/decompyle3.py"", line 6 Unsupported Python version, 3.12.0, for decompilation ^^^^^^ SyntaxErro...",exit_1,data/rq4/source_candidates/cpython-312/cpython-312-32e27ddd9191/decompyle3.py,
cpython-312,data/rq3/cpython-3.12/unique_bug_pyc/cpython-312-2334830d3a33.pyc,decompyle3,rerun,exit_1,"Traceback (most recent call last): File ""<string>"", line 10, in <module> File ""data/rq4/source_candidates/cpython-312/cpython-312-2334830d3a33/decompyle3.py"", line 6 Unsupported Python version, 3.12.0, for decompilation ^^^^^^ SyntaxErro...",crash,data/rq4/source_candidates/cpython-312/cpython-312-2334830d3a33/decompyle3.py,
cpython-312,data/rq3/cpython-3.12/unique_bug_pyc/cpython-312-330afc90f5cd.pyc,decompyle3,rerun,exit_1,"Traceback (most recent call last): File ""<string>"", line 10, in <module> File ""data/rq4/source_candidates/cpython-312/cpython-312-330afc90f5cd/decompyle3.py"", line 6 Unsupported Python version, 3.12.0, for decompilation ^^^^^^ SyntaxErro...",exit_1,data/rq4/source_candidates/cpython-312/cpython-312-330afc90f5cd/decompyle3.py,
cpython-312,data/rq3/cpython-3.12/unique_bug_pyc/cpython-312-2b79b5012e22.pyc,decompyle3,rerun,exit_1,"Traceback (most recent call last): File ""<string>"", line 10, in <module> File ""data/rq4/source_candidates/cpython-312/cpython-312-2b79b5012e22/decompyle3.py"", line 6 Unsupported Python version, 3.12.0, for decompilation ^^^^^^ SyntaxErro...",crash,data/rq4/source_candidates/cpython-312/cpython-312-2b79b5012e22/decompyle3.py,
cpython-312,data/rq3/cpython-3.12/unique_bug_pyc/cpython-312-2d463551f6bc.pyc,decompyle3,rerun,exit_1,"Traceback (most recent call last): File ""<string>"", line 10, in <module> File ""data/rq4/source_candidates/cpython-312/cpython-312-2d463551f6bc/decompyle3.py"", line 6 Unsupported Python version, 3.12.0, for decompilation ^^^^^^ SyntaxErro...",exit_1,data/rq4/source_candidates/cpython-312/cpython-312-2d463551f6bc/decompyle3.py,
cpython-312,data/rq3/cpython-3.12/unique_bug_pyc/cpython-312-2bcc6ad1f7bb.pyc,decompyle3,decompile,exit_-11,/root/PyBC-Sec/pybcSEC/data/rq2/envs/cpython-312/lib/python3.12/site-packages/click/core.py:1262: UserWarning: The parameter --version is used more than once. Remove its duplicate as parameters should be unique. parser = self.make_parser...,crash,,
cpython-312,data/rq3/cpython-3.12/unique_bug_pyc/cpython-312-342dc3acc689.pyc,decompyle3,rerun,exit_1,"Traceback (most recent call last): File ""<string>"", line 10, in <module> File ""data/rq4/source_candidates/cpython-312/cpython-312-342dc3acc689/decompyle3.py"", line 6 Unsupported Python version, 3.12.0, for decompilation ^^^^^^ SyntaxErro...",crash,data/rq4/source_candidates/cpython-312/cpython-312-342dc3acc689/decompyle3.py,
cpython-312,data/rq3/cpython-3.12/unique_bug_pyc/cpython-312-383a4dc5dae6.pyc,decompyle3,rerun,exit_1,"Traceback (most recent call last): File ""<string>"", line 10, in <module> SyntaxError: source code string cannot contain null bytes",crash,data/rq4/source_candidates/cpython-312/cpython-312-383a4dc5dae6/decompyle3.py,
cpython-312,data/rq3/cpython-3.12/unique_bug_pyc/cpython-312-2bfbda011629.pyc,decompyle3,rerun,exit_1,"Traceback (most recent call last): File ""<string>"", line 10, in <module> File ""data/rq4/source_candidates/cpython-312/cpython-312-2bfbda011629/decompyle3.py"", line 6 Unsupported Python version, 3.12.0, for decompilation ^^^^^^ SyntaxErro...",crash,data/rq4/source_candidates/cpython-312/cpython-312-2bfbda011629/decompyle3.py,
cpython-312,data/rq3/cpython-3.12/unique_bug_pyc/cpython-312-3c22997449a8.pyc,decompyle3,rerun,exit_1,"Traceback (most recent call last): File ""<string>"", line 10, in <module> File ""data/rq4/source_candidates/cpython-312/cpython-312-3c22997449a8/decompyle3.py"", line 6 Unsupported Python version, 3.12.0, for decompilation ^^^^^^ SyntaxErro...",exit_1,data/rq4/source_candidates/cpython-312/cpython-312-3c22997449a8/decompyle3.py,
cpython-312,data/rq3/cpython-3.12/unique_bug_pyc/cpython-312-2e7dbf59c38d.pyc,decompyle3,rerun,exit_1,"Traceback (most recent call last): File ""<string>"", line 10, in <module> File ""data/rq4/source_candidates/cpython-312/cpython-312-2e7dbf59c38d/decompyle3.py"", line 6 Unsupported Python version, 3.12.0, for decompilation ^^^^^^ SyntaxErro...",crash,data/rq4/source_candidates/cpython-312/cpython-312-2e7dbf59c38d/decompyle3.py,
cpython-312,data/rq3/cpython-3.12/unique_bug_pyc/cpython-312-369a4f2f436b.pyc,decompyle3,decompile,exit_1,/root/PyBC-Sec/pybcSEC/data/rq2/envs/cpython-312/lib/python3.12/site-packages/click/core.py:1262: UserWarning: The parameter --version is used more than once. Remove its duplicate as parameters should be unique. parser = self.make_parser...,crash,,
cpython-312,data/rq3/cpython-3.12/unique_bug_pyc/cpython-312-3a84df919de0.pyc,decompyle3,rerun,exit_1,"Traceback (most recent call last): File ""<string>"", line 10, in <module> File ""data/rq4/source_candidates/cpython-312/cpython-312-3a84df919de0/decompyle3.py"", line 6 Unsupported Python version, 3.12.0, for decompilation ^^^^^^ SyntaxErro...",crash,data/rq4/source_candidates/cpython-312/cpython-312-3a84df919de0/decompyle3.py,
cpython-312,data/rq3/cpython-3.12/unique_bug_pyc/cpython-312-39f1b949468c.pyc,decompyle3,rerun,exit_1,"Traceback (most recent call last): File ""<string>"", line 10, in <module> File ""data/rq4/source_candidates/cpython-312/cpython-312-39f1b949468c/decompyle3.py"", line 6 Unsupported Python version, 3.12.0, for decompilation ^^^^^^ SyntaxErro...",crash,data/rq4/source_candidates/cpython-312/cpython-312-39f1b949468c/decompyle3.py,
cpython-312,data/rq3/cpython-3.12/unique_bug_pyc/cpython-312-50c3429f26b7.pyc,decompyle3,rerun,exit_1,"Traceback (most recent call last): File ""<string>"", line 10, in <module> File ""data/rq4/source_candidates/cpython-312/cpython-312-50c3429f26b7/decompyle3.py"", line 6 Unsupported Python version, 3.12.0, for decompilation ^^^^^^ SyntaxErro...",exit_1,data/rq4/source_candidates/cpython-312/cpython-312-50c3429f26b7/decompyle3.py,
cpython-312,data/rq3/cpython-3.12/unique_bug_pyc/cpython-312-45933108c33c.pyc,decompyle3,rerun,exit_1,"Traceback (most recent call last): File ""<string>"", line 10, in <module> File ""data/rq4/source_candidates/cpython-312/cpython-312-45933108c33c/decompyle3.py"", line 6 Unsupported Python version, 3.12.0, for decompilation ^^^^^^ SyntaxErro...",crash,data/rq4/source_candidates/cpython-312/cpython-312-45933108c33c/decompyle3.py,
cpython-312,data/rq3/cpython-3.12/unique_bug_pyc/cpython-312-413e7385bec6.pyc,decompyle3,rerun,exit_1,"Traceback (most recent call last): File ""<string>"", line 10, in <module> File ""data/rq4/source_candidates/cpython-312/cpython-312-413e7385bec6/decompyle3.py"", line 6 Unsupported Python version, 3.12.0, for decompilation ^^^^^^ SyntaxErro...",crash,data/rq4/source_candidates/cpython-312/cpython-312-413e7385bec6/decompyle3.py,
cpython-312,data/rq3/cpython-3.12/unique_bug_pyc/cpython-312-3ce12ddfcd53.pyc,decompyle3,rerun,exit_1,"Traceback (most recent call last): File ""<string>"", line 10, in <module> File ""data/rq4/source_candidates/cpython-312/cpython-312-3ce12ddfcd53/decompyle3.py"", line 6 Unsupported Python version, 3.12.0, for decompilation ^^^^^^ SyntaxErro...",crash,data/rq4/source_candidates/cpython-312/cpython-312-3ce12ddfcd53/decompyle3.py,
cpython-312,data/rq3/cpython-3.12/unique_bug_pyc/cpython-312-456d4a553284.pyc,decompyle3,rerun,exit_1,"Traceback (most recent call last): File ""<string>"", line 10, in <module> File ""data/rq4/source_candidates/cpython-312/cpython-312-456d4a553284/decompyle3.py"", line 6 Unsupported Python version, 3.12.0, for decompilation ^^^^^^ SyntaxErro...",crash,data/rq4/source_candidates/cpython-312/cpython-312-456d4a553284/decompyle3.py,
cpython-312,data/rq3/cpython-3.12/unique_bug_pyc/cpython-312-3e356b350c39.pyc,decompyle3,rerun,exit_1,"Traceback (most recent call last): File ""<string>"", line 10, in <module> File ""data/rq4/source_candidates/cpython-312/cpython-312-3e356b350c39/decompyle3.py"", line 6 Unsupported Python version, 3.12.0, for decompilation ^^^^^^ SyntaxErro...",crash,data/rq4/source_candidates/cpython-312/cpython-312-3e356b350c39/decompyle3.py,
cpython-312,data/rq3/cpython-3.12/unique_bug_pyc/cpython-312-4c2f7b39ed00.pyc,decompyle3,rerun,exit_1,"Traceback (most recent call last): File ""<string>"", line 10, in <module> File ""data/rq4/source_candidates/cpython-312/cpython-312-4c2f7b39ed00/decompyle3.py"", line 6 Unsupported Python version, 3.12.0, for decompilation ^^^^^^ SyntaxErro...",crash,data/rq4/source_candidates/cpython-312/cpython-312-4c2f7b39ed00/decompyle3.py,
cpython-312,data/rq3/cpython-3.12/unique_bug_pyc/cpython-312-4c8e69693fb7.pyc,decompyle3,rerun,exit_1,"Traceback (most recent call last): File ""<string>"", line 10, in <module> File ""data/rq4/source_candidates/cpython-312/cpython-312-4c8e69693fb7/decompyle3.py"", line 7 Unsupported Python version, 3.12.0, for decompilation ^^^^^^ SyntaxErro...",crash,data/rq4/source_candidates/cpython-312/cpython-312-4c8e69693fb7/decompyle3.py,
cpython-312,data/rq3/cpython-3.12/unique_bug_pyc/cpython-312-4e261a8cfcb0.pyc,decompyle3,rerun,exit_1,"Traceback (most recent call last): File ""<string>"", line 10, in <module> File ""data/rq4/source_candidates/cpython-312/cpython-312-4e261a8cfcb0/decompyle3.py"", line 6 Unsupported Python version, 3.12, for decompilation ^^^^^^ SyntaxError:...",crash,data/rq4/source_candidates/cpython-312/cpython-312-4e261a8cfcb0/decompyle3.py,
cpython-312,data/rq3/cpython-3.12/unique_bug_pyc/cpython-312-4c766bd41a3c.pyc,decompyle3,rerun,exit_1,"Traceback (most recent call last): File ""<string>"", line 10, in <module> File ""data/rq4/source_candidates/cpython-312/cpython-312-4c766bd41a3c/decompyle3.py"", line 6 Unsupported Python version, 3.12.0, for decompilation ^^^^^^ SyntaxErro...",crash,data/rq4/source_candidates/cpython-312/cpython-312-4c766bd41a3c/decompyle3.py,
cpython-312,data/rq3/cpython-3.12/unique_bug_pyc/cpython-312-532595dfc465.pyc,decompyle3,rerun,exit_1,"Traceback (most recent call last): File ""<string>"", line 10, in <module> File ""data/rq4/source_candidates/cpython-312/cpython-312-532595dfc465/decompyle3.py"", line 6 Unsupported Python version, 3.12.0, for decompilation ^^^^^^ SyntaxErro...",crash,data/rq4/source_candidates/cpython-312/cpython-312-532595dfc465/decompyle3.py,
cpython-312,data/rq3/cpython-3.12/unique_bug_pyc/cpython-312-495a4a41f8d8.pyc,decompyle3,rerun,exit_1,"Traceback (most recent call last): File ""<string>"", line 10, in <module> File ""data/rq4/source_candidates/cpython-312/cpython-312-495a4a41f8d8/decompyle3.py"", line 6 Unsupported Python version, 3.12.0, for decompilation ^^^^^^ SyntaxErro...",crash,data/rq4/source_candidates/cpython-312/cpython-312-495a4a41f8d8/decompyle3.py,
cpython-312,data/rq3/cpython-3.12/unique_bug_pyc/cpython-312-53bfb6467e1e.pyc,decompyle3,rerun,exit_1,"Traceback (most recent call last): File ""<string>"", line 10, in <module> File ""data/rq4/source_candidates/cpython-312/cpython-312-53bfb6467e1e/decompyle3.py"", line 6 Unsupported Python version, 3.12.0, for decompilation ^^^^^^ SyntaxErro...",crash,data/rq4/source_candidates/cpython-312/cpython-312-53bfb6467e1e/decompyle3.py,
cpython-312,data/rq3/cpython-3.12/unique_bug_pyc/cpython-312-57e84b72505f.pyc,decompyle3,rerun,exit_1,"Traceback (most recent call last): File ""<string>"", line 10, in <module> File ""data/rq4/source_candidates/cpython-312/cpython-312-57e84b72505f/decompyle3.py"", line 6 Unsupported Python version, 3.12.0, for decompilation ^^^^^^ SyntaxErro...",crash,data/rq4/source_candidates/cpython-312/cpython-312-57e84b72505f/decompyle3.py,
cpython-312,data/rq3/cpython-3.12/unique_bug_pyc/cpython-312-5e93a0ca1297.pyc,decompyle3,rerun,exit_1,"Traceback (most recent call last): File ""<string>"", line 10, in <module> File ""data/rq4/source_candidates/cpython-312/cpython-312-5e93a0ca1297/decompyle3.py"", line 6 Unsupported Python version, 3.12.0, for decompilation ^^^^^^ SyntaxErro...",crash,data/rq4/source_candidates/cpython-312/cpython-312-5e93a0ca1297/decompyle3.py,
cpython-312,data/rq3/cpython-3.12/unique_bug_pyc/cpython-312-54e8f45d1fbc.pyc,decompyle3,rerun,exit_1,"Traceback (most recent call last): File ""<string>"", line 10, in <module> File ""data/rq4/source_candidates/cpython-312/cpython-312-54e8f45d1fbc/decompyle3.py"", line 6 Unsupported Python version, 3.12.0, for decompilation ^^^^^^ SyntaxErro...",crash,data/rq4/source_candidates/cpython-312/cpython-312-54e8f45d1fbc/decompyle3.py,
cpython-312,data/rq3/cpython-3.12/unique_bug_pyc/cpython-312-58e8048ac5da.pyc,decompyle3,decompile,exit_-11,/root/PyBC-Sec/pybcSEC/data/rq2/envs/cpython-312/lib/python3.12/site-packages/click/core.py:1262: UserWarning: The parameter --version is used more than once. Remove its duplicate as parameters should be unique. parser = self.make_parser...,crash,,
cpython-312,data/rq3/cpython-3.12/unique_bug_pyc/cpython-312-59a3b8282769.pyc,decompyle3,rerun,exit_1,"Traceback (most recent call last): File ""<string>"", line 10, in <module> File ""data/rq4/source_candidates/cpython-312/cpython-312-59a3b8282769/decompyle3.py"", line 6 Unsupported Python version, 3.12.0, for decompilation ^^^^^^ SyntaxErro...",crash,data/rq4/source_candidates/cpython-312/cpython-312-59a3b8282769/decompyle3.py,
cpython-312,data/rq3/cpython-3.12/unique_bug_pyc/cpython-312-5a1e8ed476ad.pyc,decompyle3,rerun,exit_1,"Traceback (most recent call last): File ""<string>"", line 10, in <module> File ""data/rq4/source_candidates/cpython-312/cpython-312-5a1e8ed476ad/decompyle3.py"", line 6 Unsupported Python version, 3.12.0, for decompilation ^^^^^^ SyntaxErro...",crash,data/rq4/source_candidates/cpython-312/cpython-312-5a1e8ed476ad/decompyle3.py,
cpython-312,data/rq3/cpython-3.12/unique_bug_pyc/cpython-312-606f8a68378a.pyc,decompyle3,decompile,exit_2,/root/PyBC-Sec/pybcSEC/data/rq2/envs/cpython-312/lib/python3.12/site-packages/click/core.py:1262: UserWarning: The parameter --version is used more than once. Remove its duplicate as parameters should be unique. parser = self.make_parser...,crash,,
cpython-312,data/rq3/cpython-3.12/unique_bug_pyc/cpython-312-65fc5a1aeec3.pyc,decompyle3,rerun,exit_1,"Traceback (most recent call last): File ""<string>"", line 10, in <module> File ""data/rq4/source_candidates/cpython-312/cpython-312-65fc5a1aeec3/decompyle3.py"", line 6 Unsupported Python version, 3.12.0, for decompilation ^^^^^^ SyntaxErro...",crash,data/rq4/source_candidates/cpython-312/cpython-312-65fc5a1aeec3/decompyle3.py,
cpython-312,data/rq3/cpython-3.12/unique_bug_pyc/cpython-312-69ad9f738926.pyc,decompyle3,rerun,exit_1,"Traceback (most recent call last): File ""<string>"", line 10, in <module> File ""data/rq4/source_candidates/cpython-312/cpython-312-69ad9f738926/decompyle3.py"", line 6 Unsupported Python version, 3.12.0, for decompilation ^^^^^^ SyntaxErro...",exit_1,data/rq4/source_candidates/cpython-312/cpython-312-69ad9f738926/decompyle3.py,
cpython-312,data/rq3/cpython-3.12/unique_bug_pyc/cpython-312-62d47c49b8b7.pyc,decompyle3,rerun,exit_1,"Traceback (most recent call last): File ""<string>"", line 10, in <module> File ""data/rq4/source_candidates/cpython-312/cpython-312-62d47c49b8b7/decompyle3.py"", line 6 Unsupported Python version, 3.12.0, for decompilation ^^^^^^ SyntaxErro...",crash,data/rq4/source_candidates/cpython-312/cpython-312-62d47c49b8b7/decompyle3.py,
cpython-312,data/rq3/cpython-3.12/unique_bug_pyc/cpython-312-662aa1a047ea.pyc,decompyle3,rerun,exit_1,"Traceback (most recent call last): File ""<string>"", line 10, in <module> File ""data/rq4/source_candidates/cpython-312/cpython-312-662aa1a047ea/decompyle3.py"", line 6 Unsupported Python version, 3.12.0, for decompilation ^^^^^^ SyntaxErro...",crash,data/rq4/source_candidates/cpython-312/cpython-312-662aa1a047ea/decompyle3.py,
cpython-312,data/rq3/cpython-3.12/unique_bug_pyc/cpython-312-67b760c3adb2.pyc,decompyle3,rerun,exit_1,"Traceback (most recent call last): File ""<string>"", line 10, in <module> File ""data/rq4/source_candidates/cpython-312/cpython-312-67b760c3adb2/decompyle3.py"", line 6 Unsupported Python version, 3.12.0, for decompilation ^^^^^^ SyntaxErro...",crash,data/rq4/source_candidates/cpython-312/cpython-312-67b760c3adb2/decompyle3.py,
cpython-312,data/rq3/cpython-3.12/unique_bug_pyc/cpython-312-6c0bf0fbec82.pyc,decompyle3,rerun,exit_1,"Traceback (most recent call last): File ""<string>"", line 10, in <module> File ""data/rq4/source_candidates/cpython-312/cpython-312-6c0bf0fbec82/decompyle3.py"", line 6 Unsupported Python version, 3.12.0, for decompilation ^^^^^^ SyntaxErro...",exit_1,data/rq4/source_candidates/cpython-312/cpython-312-6c0bf0fbec82/decompyle3.py,
cpython-312,data/rq3/cpython-3.12/unique_bug_pyc/cpython-312-672fb9957965.pyc,decompyle3,rerun,exit_1,"Traceback (most recent call last): File ""<string>"", line 10, in <module> File ""data/rq4/source_candidates/cpython-312/cpython-312-672fb9957965/decompyle3.py"", line 6 Unsupported Python version, 3.12.0, for decompilation ^^^^^^ SyntaxErro...",crash,data/rq4/source_candidates/cpython-312/cpython-312-672fb9957965/decompyle3.py,
cpython-312,data/rq3/cpython-3.12/unique_bug_pyc/cpython-312-71da7692ac83.pyc,decompyle3,rerun,exit_1,"Traceback (most recent call last): File ""<string>"", line 10, in <module> File ""data/rq4/source_candidates/cpython-312/cpython-312-71da7692ac83/decompyle3.py"", line 6 Unsupported Python version, 3.12.0, for decompilation ^^^^^^ SyntaxErro...",exit_1,data/rq4/source_candidates/cpython-312/cpython-312-71da7692ac83/decompyle3.py,
cpython-312,data/rq3/cpython-3.12/unique_bug_pyc/cpython-312-740a00eaaa81.pyc,decompyle3,rerun,exit_1,"Traceback (most recent call last): File ""<string>"", line 10, in <module> File ""data/rq4/source_candidates/cpython-312/cpython-312-740a00eaaa81/decompyle3.py"", line 6 Unsupported Python version, 3.12.0, for decompilation ^^^^^^ SyntaxErro...",exit_1,data/rq4/source_candidates/cpython-312/cpython-312-740a00eaaa81/decompyle3.py,
cpython-312,data/rq3/cpython-3.12/unique_bug_pyc/cpython-312-68d6e017dbb5.pyc,decompyle3,rerun,exit_1,"Traceback (most recent call last): File ""<string>"", line 10, in <module> File ""data/rq4/source_candidates/cpython-312/cpython-312-68d6e017dbb5/decompyle3.py"", line 6 Unsupported Python version, 3.12.0, for decompilation ^^^^^^ SyntaxErro...",crash,data/rq4/source_candidates/cpython-312/cpython-312-68d6e017dbb5/decompyle3.py,
cpython-312,data/rq3/cpython-3.12/unique_bug_pyc/cpython-312-72fddaef9dfa.pyc,decompyle3,rerun,exit_1,"Traceback (most recent call last): File ""<string>"", line 10, in <module> File ""data/rq4/source_candidates/cpython-312/cpython-312-72fddaef9dfa/decompyle3.py"", line 6 Unsupported Python version, 3.12.0, for decompilation ^^^^^^ SyntaxErro...",crash,data/rq4/source_candidates/cpython-312/cpython-312-72fddaef9dfa/decompyle3.py,
cpython-312,data/rq3/cpython-3.12/unique_bug_pyc/cpython-312-6bdb985828c8.pyc,decompyle3,rerun,exit_1,"Traceback (most recent call last): File ""<string>"", line 10, in <module> File ""data/rq4/source_candidates/cpython-312/cpython-312-6bdb985828c8/decompyle3.py"", line 6 Unsupported Python version, 3.12.0, for decompilation ^^^^^^ SyntaxErro...",crash,data/rq4/source_candidates/cpython-312/cpython-312-6bdb985828c8/decompyle3.py,
cpython-312,data/rq3/cpython-3.12/unique_bug_pyc/cpython-312-6cb8614d3a0c.pyc,decompyle3,rerun,exit_1,"Traceback (most recent call last): File ""<string>"", line 10, in <module> File ""data/rq4/source_candidates/cpython-312/cpython-312-6cb8614d3a0c/decompyle3.py"", line 6 Unsupported Python version, 3.12.0, for decompilation ^^^^^^ SyntaxErro...",crash,data/rq4/source_candidates/cpython-312/cpython-312-6cb8614d3a0c/decompyle3.py,
cpython-312,data/rq3/cpython-3.12/unique_bug_pyc/cpython-312-6e3193687da1.pyc,decompyle3,rerun,exit_1,"Traceback (most recent call last): File ""<string>"", line 10, in <module> File ""data/rq4/source_candidates/cpython-312/cpython-312-6e3193687da1/decompyle3.py"", line 6 Unsupported Python version, 3.12.0, for decompilation ^^^^^^ SyntaxErro...",crash,data/rq4/source_candidates/cpython-312/cpython-312-6e3193687da1/decompyle3.py,
cpython-312,data/rq3/cpython-3.12/unique_bug_pyc/cpython-312-706f719e7bfd.pyc,decompyle3,rerun,exit_1,"Traceback (most recent call last): File ""<string>"", line 10, in <module> File ""data/rq4/source_candidates/cpython-312/cpython-312-706f719e7bfd/decompyle3.py"", line 6 Unsupported Python version, 3.12.0, for decompilation ^^^^^^ SyntaxErro...",crash,data/rq4/source_candidates/cpython-312/cpython-312-706f719e7bfd/decompyle3.py,
cpython-312,data/rq3/cpython-3.12/unique_bug_pyc/cpython-312-760fae0b621e.pyc,decompyle3,rerun,exit_1,"Traceback (most recent call last): File ""<string>"", line 10, in <module> File ""data/rq4/source_candidates/cpython-312/cpython-312-760fae0b621e/decompyle3.py"", line 6 Unsupported Python version, 3.12.0, for decompilation ^^^^^^ SyntaxErro...",crash,data/rq4/source_candidates/cpython-312/cpython-312-760fae0b621e/decompyle3.py,
cpython-312,data/rq3/cpython-3.12/unique_bug_pyc/cpython-312-76410a66183b.pyc,decompyle3,rerun,exit_1,"Traceback (most recent call last): File ""<string>"", line 10, in <module> File ""data/rq4/source_candidates/cpython-312/cpython-312-76410a66183b/decompyle3.py"", line 6 Unsupported Python version, 3.12.0, for decompilation ^^^^^^ SyntaxErro...",crash,data/rq4/source_candidates/cpython-312/cpython-312-76410a66183b/decompyle3.py,
cpython-312,data/rq3/cpython-3.12/unique_bug_pyc/cpython-312-78ba938cd616.pyc,decompyle3,rerun,exit_1,"Traceback (most recent call last): File ""<string>"", line 10, in <module> File ""data/rq4/source_candidates/cpython-312/cpython-312-78ba938cd616/decompyle3.py"", line 6 Unsupported Python version, 3.12.0, for decompilation ^^^^^^ SyntaxErro...",crash,data/rq4/source_candidates/cpython-312/cpython-312-78ba938cd616/decompyle3.py,
cpython-312,data/rq3/cpython-3.12/unique_bug_pyc/cpython-312-78ceb2a785cc.pyc,decompyle3,rerun,exit_1,"Traceback (most recent call last): File ""<string>"", line 10, in <module> SyntaxError: source code string cannot contain null bytes",crash,data/rq4/source_candidates/cpython-312/cpython-312-78ceb2a785cc/decompyle3.py,
cpython-312,data/rq3/cpython-3.12/unique_bug_pyc/cpython-312-750bc83a1dd6.pyc,decompyle3,rerun,exit_1,"Traceback (most recent call last): File ""<string>"", line 10, in <module> SyntaxError: source code string cannot contain null bytes",crash,data/rq4/source_candidates/cpython-312/cpython-312-750bc83a1dd6/decompyle3.py,
cpython-312,data/rq3/cpython-3.12/unique_bug_pyc/cpython-312-81a633db3a65.pyc,decompyle3,rerun,exit_1,"Traceback (most recent call last): File ""<string>"", line 10, in <module> File ""data/rq4/source_candidates/cpython-312/cpython-312-81a633db3a65/decompyle3.py"", line 6 Unsupported Python version, 3.12.0, for decompilation ^^^^^^ SyntaxErro...",crash,data/rq4/source_candidates/cpython-312/cpython-312-81a633db3a65/decompyle3.py,
cpython-312,data/rq3/cpython-3.12/unique_bug_pyc/cpython-312-76e840af6d96.pyc,decompyle3,rerun,exit_1,"Traceback (most recent call last): File ""<string>"", line 10, in <module> File ""data/rq4/source_candidates/cpython-312/cpython-312-76e840af6d96/decompyle3.py"", line 6 Unsupported Python version, 3.12.0, for decompilation ^^^^^^ SyntaxErro...",crash,data/rq4/source_candidates/cpython-312/cpython-312-76e840af6d96/decompyle3.py,
cpython-312,data/rq3/cpython-3.12/unique_bug_pyc/cpython-312-852060119b25.pyc,decompyle3,rerun,exit_1,"Traceback (most recent call last): File ""<string>"", line 10, in <module> File ""data/rq4/source_candidates/cpython-312/cpython-312-852060119b25/decompyle3.py"", line 6 Unsupported Python version, 3.12.0, for decompilation ^^^^^^ SyntaxErro...",crash,data/rq4/source_candidates/cpython-312/cpython-312-852060119b25/decompyle3.py,
cpython-312,data/rq3/cpython-3.12/unique_bug_pyc/cpython-312-86021da89b2d.pyc,decompyle3,rerun,exit_1,"Traceback (most recent call last): File ""<string>"", line 10, in <module> File ""data/rq4/source_candidates/cpython-312/cpython-312-86021da89b2d/decompyle3.py"", line 6 Unsupported Python version, 3.12.0, for decompilation ^^^^^^ SyntaxErro...",crash,data/rq4/source_candidates/cpython-312/cpython-312-86021da89b2d/decompyle3.py,
cpython-312,data/rq3/cpython-3.12/unique_bug_pyc/cpython-312-8a5e6a12abd7.pyc,decompyle3,rerun,exit_1,"Traceback (most recent call last): File ""<string>"", line 10, in <module> File ""data/rq4/source_candidates/cpython-312/cpython-312-8a5e6a12abd7/decompyle3.py"", line 6 Unsupported Python version, 3.12.0, for decompilation ^^^^^^ SyntaxErro...",exit_1,data/rq4/source_candidates/cpython-312/cpython-312-8a5e6a12abd7/decompyle3.py,
cpython-312,data/rq3/cpython-3.12/unique_bug_pyc/cpython-312-81e5518d0380.pyc,decompyle3,rerun,exit_1,"Traceback (most recent call last): File ""<string>"", line 10, in <module> File ""data/rq4/source_candidates/cpython-312/cpython-312-81e5518d0380/decompyle3.py"", line 6 Unsupported Python version, 3.12.0, for decompilation ^^^^^^ SyntaxErro...",crash,data/rq4/source_candidates/cpython-312/cpython-312-81e5518d0380/decompyle3.py,
cpython-312,data/rq3/cpython-3.12/unique_bug_pyc/cpython-312-88d17e345d21.pyc,decompyle3,rerun,exit_1,"Traceback (most recent call last): File ""<string>"", line 10, in <module> File ""data/rq4/source_candidates/cpython-312/cpython-312-88d17e345d21/decompyle3.py"", line 6 Unsupported Python version, 3.12.0, for decompilation ^^^^^^ SyntaxErro...",crash,data/rq4/source_candidates/cpython-312/cpython-312-88d17e345d21/decompyle3.py,
cpython-312,data/rq3/cpython-3.12/unique_bug_pyc/cpython-312-86aa5574752e.pyc,decompyle3,rerun,exit_1,"Traceback (most recent call last): File ""<string>"", line 10, in <module> File ""data/rq4/source_candidates/cpython-312/cpython-312-86aa5574752e/decompyle3.py"", line 6 Unsupported Python version, 3.12.0, for decompilation ^^^^^^ SyntaxErro...",crash,data/rq4/source_candidates/cpython-312/cpython-312-86aa5574752e/decompyle3.py,
cpython-312,data/rq3/cpython-3.12/unique_bug_pyc/cpython-312-8b76632d306f.pyc,decompyle3,rerun,exit_1,"Traceback (most recent call last): File ""<string>"", line 10, in <module> File ""data/rq4/source_candidates/cpython-312/cpython-312-8b76632d306f/decompyle3.py"", line 6 Unsupported Python version, 3.12.0, for decompilation ^^^^^^ SyntaxErro...",crash,data/rq4/source_candidates/cpython-312/cpython-312-8b76632d306f/decompyle3.py,
cpython-312,data/rq3/cpython-3.12/unique_bug_pyc/cpython-312-83cf07cbffcf.pyc,decompyle3,rerun,exit_1,"Traceback (most recent call last): File ""<string>"", line 10, in <module> File ""data/rq4/source_candidates/cpython-312/cpython-312-83cf07cbffcf/decompyle3.py"", line 6 Unsupported Python version, 3.12.0, for decompilation ^^^^^^ SyntaxErro...",crash,data/rq4/source_candidates/cpython-312/cpython-312-83cf07cbffcf/decompyle3.py,
cpython-312,data/rq3/cpython-3.12/unique_bug_pyc/cpython-312-8ec8f31001ed.pyc,decompyle3,rerun,exit_1,"Traceback (most recent call last): File ""<string>"", line 10, in <module> File ""data/rq4/source_candidates/cpython-312/cpython-312-8ec8f31001ed/decompyle3.py"", line 6 Unsupported Python version, 3.12.0, for decompilation ^^^^^^ SyntaxErro...",crash,data/rq4/source_candidates/cpython-312/cpython-312-8ec8f31001ed/decompyle3.py,
cpython-312,data/rq3/cpython-3.12/unique_bug_pyc/cpython-312-96d3c466438f.pyc,decompyle3,rerun,exit_1,"Traceback (most recent call last): File ""<string>"", line 10, in <module> File ""data/rq4/source_candidates/cpython-312/cpython-312-96d3c466438f/decompyle3.py"", line 6 Unsupported Python version, 3.12.0, for decompilation ^^^^^^ SyntaxErro...",exit_1,data/rq4/source_candidates/cpython-312/cpython-312-96d3c466438f/decompyle3.py,
cpython-312,data/rq3/cpython-3.12/unique_bug_pyc/cpython-312-91c5c12469ce.pyc,decompyle3,rerun,exit_1,"Traceback (most recent call last): File ""<string>"", line 10, in <module> File ""data/rq4/source_candidates/cpython-312/cpython-312-91c5c12469ce/decompyle3.py"", line 6 Unsupported Python version, 3.12.0, for decompilation ^^^^^^ SyntaxErro...",crash,data/rq4/source_candidates/cpython-312/cpython-312-91c5c12469ce/decompyle3.py,
cpython-312,data/rq3/cpython-3.12/unique_bug_pyc/cpython-312-9151c0213448.pyc,decompyle3,rerun,exit_1,"Traceback (most recent call last): File ""<string>"", line 10, in <module> File ""data/rq4/source_candidates/cpython-312/cpython-312-9151c0213448/decompyle3.py"", line 6 Unsupported Python version, 3.12.0, for decompilation ^^^^^^ SyntaxErro...",crash,data/rq4/source_candidates/cpython-312/cpython-312-9151c0213448/decompyle3.py,
cpython-312,data/rq3/cpython-3.12/unique_bug_pyc/cpython-312-a0778f67ae49.pyc,decompyle3,rerun,exit_1,"Traceback (most recent call last): File ""<string>"", line 10, in <module> File ""data/rq4/source_candidates/cpython-312/cpython-312-a0778f67ae49/decompyle3.py"", line 6 Unsupported Python version, 3.12.0, for decompilation ^^^^^^ SyntaxErro...",exit_1,data/rq4/source_candidates/cpython-312/cpython-312-a0778f67ae49/decompyle3.py,
cpython-312,data/rq3/cpython-3.12/unique_bug_pyc/cpython-312-988e1a952dac.pyc,decompyle3,rerun,exit_1,"Traceback (most recent call last): File ""<string>"", line 10, in <module> File ""data/rq4/source_candidates/cpython-312/cpython-312-988e1a952dac/decompyle3.py"", line 6 Unsupported Python version, 3.12.0, for decompilation ^^^^^^ SyntaxErro...",crash,data/rq4/source_candidates/cpython-312/cpython-312-988e1a952dac/decompyle3.py,
cpython-312,data/rq3/cpython-3.12/unique_bug_pyc/cpython-312-a557d123e56f.pyc,decompyle3,rerun,exit_1,"Traceback (most recent call last): File ""<string>"", line 10, in <module> File ""data/rq4/source_candidates/cpython-312/cpython-312-a557d123e56f/decompyle3.py"", line 6 Unsupported Python version, 3.12.0, for decompilation ^^^^^^ SyntaxErro...",exit_1,data/rq4/source_candidates/cpython-312/cpython-312-a557d123e56f/decompyle3.py,
cpython-312,data/rq3/cpython-3.12/unique_bug_pyc/cpython-312-99f714d90531.pyc,decompyle3,rerun,exit_1,"Traceback (most recent call last): File ""<string>"", line 10, in <module> File ""data/rq4/source_candidates/cpython-312/cpython-312-99f714d90531/decompyle3.py"", line 6 Unsupported Python version, 3.12.0, for decompilation ^^^^^^ SyntaxErro...",crash,data/rq4/source_candidates/cpython-312/cpython-312-99f714d90531/decompyle3.py,
cpython-312,data/rq3/cpython-3.12/unique_bug_pyc/cpython-312-91a4bdbf0450.pyc,decompyle3,rerun,exit_1,"Traceback (most recent call last): File ""<string>"", line 10, in <module> File ""data/rq4/source_candidates/cpython-312/cpython-312-91a4bdbf0450/decompyle3.py"", line 6 Unsupported Python version, 3.12.0, for decompilation ^^^^^^ SyntaxErro...",crash,data/rq4/source_candidates/cpython-312/cpython-312-91a4bdbf0450/decompyle3.py,
cpython-312,data/rq3/cpython-3.12/unique_bug_pyc/cpython-312-901be4fc6696.pyc,decompyle3,decompile,exit_-11,/root/PyBC-Sec/pybcSEC/data/rq2/envs/cpython-312/lib/python3.12/site-packages/click/core.py:1262: UserWarning: The parameter --version is used more than once. Remove its duplicate as parameters should be unique. parser = self.make_parser...,crash,,
cpython-312,data/rq3/cpython-3.12/unique_bug_pyc/cpython-312-9e7eadfdb573.pyc,decompyle3,rerun,exit_1,"Traceback (most recent call last): File ""<string>"", line 10, in <module> File ""data/rq4/source_candidates/cpython-312/cpython-312-9e7eadfdb573/decompyle3.py"", line 6 Unsupported Python version, 3.12.0, for decompilation ^^^^^^ SyntaxErro...",crash,data/rq4/source_candidates/cpython-312/cpython-312-9e7eadfdb573/decompyle3.py,
cpython-312,data/rq3/cpython-3.12/unique_bug_pyc/cpython-312-9450f64c0a7a.pyc,decompyle3,rerun,exit_1,"Traceback (most recent call last): File ""<string>"", line 10, in <module> File ""data/rq4/source_candidates/cpython-312/cpython-312-9450f64c0a7a/decompyle3.py"", line 6 Unsupported Python version, 3.12.0, for decompilation ^^^^^^ SyntaxErro...",crash,data/rq4/source_candidates/cpython-312/cpython-312-9450f64c0a7a/decompyle3.py,
cpython-312,data/rq3/cpython-3.12/unique_bug_pyc/cpython-312-9d19bd9b32f9.pyc,decompyle3,rerun,exit_1,"Traceback (most recent call last): File ""<string>"", line 10, in <module> File ""data/rq4/source_candidates/cpython-312/cpython-312-9d19bd9b32f9/decompyle3.py"", line 6 Unsupported Python version, 3.12.0, for decompilation ^^^^^^ SyntaxErro...",crash,data/rq4/source_candidates/cpython-312/cpython-312-9d19bd9b32f9/decompyle3.py,
cpython-312,data/rq3/cpython-3.12/unique_bug_pyc/cpython-312-9a398870b353.pyc,decompyle3,rerun,exit_1,"Traceback (most recent call last): File ""<string>"", line 10, in <module> File ""data/rq4/source_candidates/cpython-312/cpython-312-9a398870b353/decompyle3.py"", line 6 Unsupported Python version, 3.12.0, for decompilation ^^^^^^ SyntaxErro...",crash,data/rq4/source_candidates/cpython-312/cpython-312-9a398870b353/decompyle3.py,
cpython-312,data/rq3/cpython-3.12/unique_bug_pyc/cpython-312-a6cb81db07a3.pyc,decompyle3,rerun,exit_1,"Traceback (most recent call last): File ""<string>"", line 10, in <module> File ""data/rq4/source_candidates/cpython-312/cpython-312-a6cb81db07a3/decompyle3.py"", line 6 Unsupported Python version, 3.12.0, for decompilation ^^^^^^ SyntaxErro...",crash,data/rq4/source_candidates/cpython-312/cpython-312-a6cb81db07a3/decompyle3.py,
cpython-312,data/rq3/cpython-3.12/unique_bug_pyc/cpython-312-9e522100ff2f.pyc,decompyle3,rerun,exit_1,"Traceback (most recent call last): File ""<string>"", line 10, in <module> SyntaxError: source code string cannot contain null bytes",crash,data/rq4/source_candidates/cpython-312/cpython-312-9e522100ff2f/decompyle3.py,
cpython-312,data/rq3/cpython-3.12/unique_bug_pyc/cpython-312-a7ddbf14d3eb.pyc,decompyle3,rerun,exit_1,"Traceback (most recent call last): File ""<string>"", line 10, in <module> File ""data/rq4/source_candidates/cpython-312/cpython-312-a7ddbf14d3eb/decompyle3.py"", line 6 Unsupported Python version, 3.12.0, for decompilation ^^^^^^ SyntaxErro...",crash,data/rq4/source_candidates/cpython-312/cpython-312-a7ddbf14d3eb/decompyle3.py,
cpython-312,data/rq3/cpython-3.12/unique_bug_pyc/cpython-312-a6325ff7b6d1.pyc,decompyle3,rerun,exit_1,"Traceback (most recent call last): File ""<string>"", line 10, in <module> File ""data/rq4/source_candidates/cpython-312/cpython-312-a6325ff7b6d1/decompyle3.py"", line 6 Unsupported Python version, 3.12.0, for decompilation ^^^^^^ SyntaxErro...",crash,data/rq4/source_candidates/cpython-312/cpython-312-a6325ff7b6d1/decompyle3.py,
cpython-312,data/rq3/cpython-3.12/unique_bug_pyc/cpython-312-b4f85b6cca98.pyc,decompyle3,rerun,exit_1,"Traceback (most recent call last): File ""<string>"", line 10, in <module> File ""data/rq4/source_candidates/cpython-312/cpython-312-b4f85b6cca98/decompyle3.py"", line 6 Unsupported Python version, 3.12.0, for decompilation ^^^^^^ SyntaxErro...",exit_1,data/rq4/source_candidates/cpython-312/cpython-312-b4f85b6cca98/decompyle3.py,
cpython-312,data/rq3/cpython-3.12/unique_bug_pyc/cpython-312-a8278b583e56.pyc,decompyle3,rerun,exit_1,"Traceback (most recent call last): File ""<string>"", line 10, in <module> File ""data/rq4/source_candidates/cpython-312/cpython-312-a8278b583e56/decompyle3.py"", line 7 Unsupported Python version, 3.12.0, for decompilation ^^^^^^ SyntaxErro...",crash,data/rq4/source_candidates/cpython-312/cpython-312-a8278b583e56/decompyle3.py,
cpython-312,data/rq3/cpython-3.12/unique_bug_pyc/cpython-312-a121b010b70b.pyc,decompyle3,decompile,exit_-11,/root/PyBC-Sec/pybcSEC/data/rq2/envs/cpython-312/lib/python3.12/site-packages/click/core.py:1262: UserWarning: The parameter --version is used more than once. Remove its duplicate as parameters should be unique. parser = self.make_parser...,crash,,
cpython-312,data/rq3/cpython-3.12/unique_bug_pyc/cpython-312-adab23e05ec4.pyc,decompyle3,rerun,exit_1,"Traceback (most recent call last): File ""<string>"", line 10, in <module> File ""data/rq4/source_candidates/cpython-312/cpython-312-adab23e05ec4/decompyle3.py"", line 6 Unsupported Python version, 3.12.0, for decompilation ^^^^^^ SyntaxErro...",crash,data/rq4/source_candidates/cpython-312/cpython-312-adab23e05ec4/decompyle3.py,
cpython-312,data/rq3/cpython-3.12/unique_bug_pyc/cpython-312-af1ef5c3b365.pyc,decompyle3,rerun,exit_1,"Traceback (most recent call last): File ""<string>"", line 10, in <module> File ""data/rq4/source_candidates/cpython-312/cpython-312-af1ef5c3b365/decompyle3.py"", line 6 Unsupported Python version, 3.12.0, for decompilation ^^^^^^ SyntaxErro...",crash,data/rq4/source_candidates/cpython-312/cpython-312-af1ef5c3b365/decompyle3.py,
cpython-312,data/rq3/cpython-3.12/unique_bug_pyc/cpython-312-ae68b1edd7c9.pyc,decompyle3,rerun,exit_1,"Traceback (most recent call last): File ""<string>"", line 10, in <module> SyntaxError: source code string cannot contain null bytes",crash,data/rq4/source_candidates/cpython-312/cpython-312-ae68b1edd7c9/decompyle3.py,
cpython-312,data/rq3/cpython-3.12/unique_bug_pyc/cpython-312-a99c81f97096.pyc,decompyle3,rerun,exit_1,"Traceback (most recent call last): File ""<string>"", line 10, in <module> File ""data/rq4/source_candidates/cpython-312/cpython-312-a99c81f97096/decompyle3.py"", line 6 Unsupported Python version, 3.12.0, for decompilation ^^^^^^ SyntaxErro...",crash,data/rq4/source_candidates/cpython-312/cpython-312-a99c81f97096/decompyle3.py,
cpython-312,data/rq3/cpython-3.12/unique_bug_pyc/cpython-312-b4414b8cb845.pyc,decompyle3,rerun,exit_1,"Traceback (most recent call last): File ""<string>"", line 10, in <module> File ""data/rq4/source_candidates/cpython-312/cpython-312-b4414b8cb845/decompyle3.py"", line 6 Unsupported Python version, 3.12.0, for decompilation ^^^^^^ SyntaxErro...",crash,data/rq4/source_candidates/cpython-312/cpython-312-b4414b8cb845/decompyle3.py,
cpython-312,data/rq3/cpython-3.12/unique_bug_pyc/cpython-312-ac02937fb34b.pyc,decompyle3,rerun,exit_1,"Traceback (most recent call last): File ""<string>"", line 10, in <module> File ""data/rq4/source_candidates/cpython-312/cpython-312-ac02937fb34b/decompyle3.py"", line 6 Unsupported Python version, 3.12.0, for decompilation ^^^^^^ SyntaxErro...",crash,data/rq4/source_candidates/cpython-312/cpython-312-ac02937fb34b/decompyle3.py,
cpython-312,data/rq3/cpython-3.12/unique_bug_pyc/cpython-312-bcb85f061f85.pyc,decompyle3,rerun,exit_1,"Traceback (most recent call last): File ""<string>"", line 10, in <module> File ""data/rq4/source_candidates/cpython-312/cpython-312-bcb85f061f85/decompyle3.py"", line 6 Unsupported Python version, 3.12.0, for decompilation ^^^^^^ SyntaxErro...",exit_1,data/rq4/source_candidates/cpython-312/cpython-312-bcb85f061f85/decompyle3.py,
cpython-312,data/rq3/cpython-3.12/unique_bug_pyc/cpython-312-b492ea6b4852.pyc,decompyle3,rerun,exit_1,"Traceback (most recent call last): File ""<string>"", line 10, in <module> File ""data/rq4/source_candidates/cpython-312/cpython-312-b492ea6b4852/decompyle3.py"", line 6 Unsupported Python version, 3.12.0, for decompilation ^^^^^^ SyntaxErro...",crash,data/rq4/source_candidates/cpython-312/cpython-312-b492ea6b4852/decompyle3.py,
cpython-312,data/rq3/cpython-3.12/unique_bug_pyc/cpython-312-b7b1bc256f57.pyc,decompyle3,rerun,exit_1,"Traceback (most recent call last): File ""<string>"", line 10, in <module> File ""data/rq4/source_candidates/cpython-312/cpython-312-b7b1bc256f57/decompyle3.py"", line 6 Unsupported Python version, 3.12.0, for decompilation ^^^^^^ SyntaxErro...",crash,data/rq4/source_candidates/cpython-312/cpython-312-b7b1bc256f57/decompyle3.py,
cpython-312,data/rq3/cpython-3.12/unique_bug_pyc/cpython-312-b7d0605ead7e.pyc,decompyle3,rerun,exit_1,"Traceback (most recent call last): File ""<string>"", line 10, in <module> File ""data/rq4/source_candidates/cpython-312/cpython-312-b7d0605ead7e/decompyle3.py"", line 6 Unsupported Python version, 3.12.0, for decompilation ^^^^^^ SyntaxErro...",crash,data/rq4/source_candidates/cpython-312/cpython-312-b7d0605ead7e/decompyle3.py,
cpython-312,data/rq3/cpython-3.12/unique_bug_pyc/cpython-312-b129617679cf.pyc,decompyle3,rerun,exit_1,"Traceback (most recent call last): File ""<string>"", line 10, in <module> File ""data/rq4/source_candidates/cpython-312/cpython-312-b129617679cf/decompyle3.py"", line 6 Unsupported Python version, 3.12.0, for decompilation ^^^^^^ SyntaxErro...",crash,data/rq4/source_candidates/cpython-312/cpython-312-b129617679cf/decompyle3.py,
cpython-312,data/rq3/cpython-3.12/unique_bug_pyc/cpython-312-c21999f361d5.pyc,decompyle3,rerun,exit_1,"Traceback (most recent call last): File ""<string>"", line 10, in <module> File ""data/rq4/source_candidates/cpython-312/cpython-312-c21999f361d5/decompyle3.py"", line 6 Unsupported Python version, 3.12.0, for decompilation ^^^^^^ SyntaxErro...",exit_1,data/rq4/source_candidates/cpython-312/cpython-312-c21999f361d5/decompyle3.py,
cpython-312,data/rq3/cpython-3.12/unique_bug_pyc/cpython-312-c98520483ab2.pyc,decompyle3,rerun,exit_1,"Traceback (most recent call last): File ""<string>"", line 10, in <module> File ""data/rq4/source_candidates/cpython-312/cpython-312-c98520483ab2/decompyle3.py"", line 6 Unsupported Python version, 3.12.0, for decompilation ^^^^^^ SyntaxErro...",exit_1,data/rq4/source_candidates/cpython-312/cpython-312-c98520483ab2/decompyle3.py,
cpython-312,data/rq3/cpython-3.12/unique_bug_pyc/cpython-312-c19386d341ff.pyc,decompyle3,rerun,exit_1,"Traceback (most recent call last): File ""<string>"", line 10, in <module> File ""data/rq4/source_candidates/cpython-312/cpython-312-c19386d341ff/decompyle3.py"", line 6 Unsupported Python version, 3.12.0, for decompilation ^^^^^^ SyntaxErro...",crash,data/rq4/source_candidates/cpython-312/cpython-312-c19386d341ff/decompyle3.py,
cpython-312,data/rq3/cpython-3.12/unique_bug_pyc/cpython-312-c064c6508a43.pyc,decompyle3,rerun,exit_1,"Traceback (most recent call last): File ""<string>"", line 10, in <module> File ""data/rq4/source_candidates/cpython-312/cpython-312-c064c6508a43/decompyle3.py"", line 6 Unsupported Python version, 3.12.0, for decompilation ^^^^^^ SyntaxErro...",crash,data/rq4/source_candidates/cpython-312/cpython-312-c064c6508a43/decompyle3.py,
cpython-312,data/rq3/cpython-3.12/unique_bug_pyc/cpython-312-c5488912e489.pyc,decompyle3,rerun,exit_1,"Traceback (most recent call last): File ""<string>"", line 10, in <module> File ""data/rq4/source_candidates/cpython-312/cpython-312-c5488912e489/decompyle3.py"", line 6 Unsupported Python version, 3.12.0, for decompilation ^^^^^^ SyntaxErro...",crash,data/rq4/source_candidates/cpython-312/cpython-312-c5488912e489/decompyle3.py,
cpython-312,data/rq3/cpython-3.12/unique_bug_pyc/cpython-312-b7f7c1812641.pyc,decompyle3,rerun,exit_1,"Traceback (most recent call last): File ""<string>"", line 10, in <module> File ""data/rq4/source_candidates/cpython-312/cpython-312-b7f7c1812641/decompyle3.py"", line 6 Unsupported Python version, 3.12.0, for decompilation ^^^^^^ SyntaxErro...",crash,data/rq4/source_candidates/cpython-312/cpython-312-b7f7c1812641/decompyle3.py,
cpython-312,data/rq3/cpython-3.12/unique_bug_pyc/cpython-312-ccbd7e9cbf4a.pyc,decompyle3,rerun,exit_1,"Traceback (most recent call last): File ""<string>"", line 10, in <module> File ""data/rq4/source_candidates/cpython-312/cpython-312-ccbd7e9cbf4a/decompyle3.py"", line 6 Unsupported Python version, 3.12.0, for decompilation ^^^^^^ SyntaxErro...",crash,data/rq4/source_candidates/cpython-312/cpython-312-ccbd7e9cbf4a/decompyle3.py,
cpython-312,data/rq3/cpython-3.12/unique_bug_pyc/cpython-312-cc9967aaf3e7.pyc,decompyle3,rerun,exit_1,"Traceback (most recent call last): File ""<string>"", line 10, in <module> File ""data/rq4/source_candidates/cpython-312/cpython-312-cc9967aaf3e7/decompyle3.py"", line 5 m3/cpython-3.12/unittest_seeds/raw/cpython_case_test_rlcompleter_Test...",crash,data/rq4/source_candidates/cpython-312/cpython-312-cc9967aaf3e7/decompyle3.py,
cpython-312,data/rq3/cpython-3.12/unique_bug_pyc/cpython-312-d66de4f360b9.pyc,decompyle3,rerun,exit_1,"Traceback (most recent call last): File ""<string>"", line 10, in <module> File ""data/rq4/source_candidates/cpython-312/cpython-312-d66de4f360b9/decompyle3.py"", line 6 Unsupported Python version, 3.12.0, for decompilation ^^^^^^ SyntaxErro...",exit_1,data/rq4/source_candidates/cpython-312/cpython-312-d66de4f360b9/decompyle3.py,
cpython-312,data/rq3/cpython-3.12/unique_bug_pyc/cpython-312-c82319e42246.pyc,decompyle3,rerun,exit_1,"Traceback (most recent call last): File ""<string>"", line 10, in <module> File ""data/rq4/source_candidates/cpython-312/cpython-312-c82319e42246/decompyle3.py"", line 6 Unsupported Python version, 3.12.0, for decompilation ^^^^^^ SyntaxErro...",crash,data/rq4/source_candidates/cpython-312/cpython-312-c82319e42246/decompyle3.py,
cpython-312,data/rq3/cpython-3.12/unique_bug_pyc/cpython-312-ce39765f5cd7.pyc,decompyle3,rerun,exit_1,"Traceback (most recent call last): File ""<string>"", line 10, in <module> File ""data/rq4/source_candidates/cpython-312/cpython-312-ce39765f5cd7/decompyle3.py"", line 6 Unsupported Python version, 3.12.0, for decompilation ^^^^^^ SyntaxErro...",crash,data/rq4/source_candidates/cpython-312/cpython-312-ce39765f5cd7/decompyle3.py,
cpython-312,data/rq3/cpython-3.12/unique_bug_pyc/cpython-312-dbf10d647779.pyc,decompyle3,rerun,exit_1,"Traceback (most recent call last): File ""<string>"", line 10, in <module> File ""data/rq4/source_candidates/cpython-312/cpython-312-dbf10d647779/decompyle3.py"", line 6 Unsupported Python version, 3.12.0, for decompilation ^^^^^^ SyntaxErro...",exit_1,data/rq4/source_candidates/cpython-312/cpython-312-dbf10d647779/decompyle3.py,
cpython-312,data/rq3/cpython-3.12/unique_bug_pyc/cpython-312-c52891182612.pyc,decompyle3,rerun,exit_1,"Traceback (most recent call last): File ""<string>"", line 10, in <module> File ""data/rq4/source_candidates/cpython-312/cpython-312-c52891182612/decompyle3.py"", line 6 Unsupported Python version, 3.12.0, for decompilation ^^^^^^ SyntaxErro...",crash,data/rq4/source_candidates/cpython-312/cpython-312-c52891182612/decompyle3.py,
cpython-312,data/rq3/cpython-3.12/unique_bug_pyc/cpython-312-d6247f46a639.pyc,decompyle3,rerun,exit_1,"Traceback (most recent call last): File ""<string>"", line 10, in <module> File ""data/rq4/source_candidates/cpython-312/cpython-312-d6247f46a639/decompyle3.py"", line 6 Unsupported Python version, 3.12.0, for decompilation ^^^^^^ SyntaxErro...",exit_1,data/rq4/source_candidates/cpython-312/cpython-312-d6247f46a639/decompyle3.py,
cpython-312,data/rq3/cpython-3.12/unique_bug_pyc/cpython-312-cf494c96c287.pyc,decompyle3,rerun,exit_1,"Traceback (most recent call last): File ""<string>"", line 10, in <module> File ""data/rq4/source_candidates/cpython-312/cpython-312-cf494c96c287/decompyle3.py"", line 6 Unsupported Python version, 3.12.0, for decompilation ^^^^^^ SyntaxErro...",crash,data/rq4/source_candidates/cpython-312/cpython-312-cf494c96c287/decompyle3.py,
cpython-312,data/rq3/cpython-3.12/unique_bug_pyc/cpython-312-d5c7b535c800.pyc,decompyle3,rerun,exit_1,"Traceback (most recent call last): File ""<string>"", line 10, in <module> File ""data/rq4/source_candidates/cpython-312/cpython-312-d5c7b535c800/decompyle3.py"", line 6 Unsupported Python version, 3.12.0, for decompilation ^^^^^^ SyntaxErro...",crash,data/rq4/source_candidates/cpython-312/cpython-312-d5c7b535c800/decompyle3.py,
cpython-312,data/rq3/cpython-3.12/unique_bug_pyc/cpython-312-d8774eaf0062.pyc,decompyle3,rerun,exit_1,"Traceback (most recent call last): File ""<string>"", line 10, in <module> File ""data/rq4/source_candidates/cpython-312/cpython-312-d8774eaf0062/decompyle3.py"", line 6 Unsupported Python version, 3.12.0, for decompilation ^^^^^^ SyntaxErro...",crash,data/rq4/source_candidates/cpython-312/cpython-312-d8774eaf0062/decompyle3.py,
cpython-312,data/rq3/cpython-3.12/unique_bug_pyc/cpython-312-e43736dd9948.pyc,decompyle3,rerun,exit_1,"Traceback (most recent call last): File ""<string>"", line 10, in <module> File ""data/rq4/source_candidates/cpython-312/cpython-312-e43736dd9948/decompyle3.py"", line 6 Unsupported Python version, 3.12.0, for decompilation ^^^^^^ SyntaxErro...",exit_1,data/rq4/source_candidates/cpython-312/cpython-312-e43736dd9948/decompyle3.py,
cpython-312,data/rq3/cpython-3.12/unique_bug_pyc/cpython-312-dbea1374d809.pyc,decompyle3,rerun,exit_1,"Traceback (most recent call last): File ""<string>"", line 10, in <module> File ""data/rq4/source_candidates/cpython-312/cpython-312-dbea1374d809/decompyle3.py"", line 6 Unsupported Python version, 3.12.0, for decompilation ^^^^^^ SyntaxErro...",crash,data/rq4/source_candidates/cpython-312/cpython-312-dbea1374d809/decompyle3.py,
cpython-312,data/rq3/cpython-3.12/unique_bug_pyc/cpython-312-f07027baee13.pyc,decompyle3,decompile,exit_2,/root/PyBC-Sec/pybcSEC/data/rq2/envs/cpython-312/lib/python3.12/site-packages/click/core.py:1262: UserWarning: The parameter --version is used more than once. Remove its duplicate as parameters should be unique. parser = self.make_parser...,exit_1,,
cpython-312,data/rq3/cpython-3.12/unique_bug_pyc/cpython-312-eac274e6a508.pyc,decompyle3,rerun,exit_1,"Traceback (most recent call last): File ""<string>"", line 10, in <module> File ""data/rq4/source_candidates/cpython-312/cpython-312-eac274e6a508/decompyle3.py"", line 6 Unsupported Python version, 3.12.0, for decompilation ^^^^^^ SyntaxErro...",exit_1,data/rq4/source_candidates/cpython-312/cpython-312-eac274e6a508/decompyle3.py,
cpython-312,data/rq3/cpython-3.12/unique_bug_pyc/cpython-312-d752b5d731b7.pyc,decompyle3,rerun,exit_1,"Traceback (most recent call last): File ""<string>"", line 10, in <module> File ""data/rq4/source_candidates/cpython-312/cpython-312-d752b5d731b7/decompyle3.py"", line 6 Unsupported Python version, 3.12.0, for decompilation ^^^^^^ SyntaxErro...",crash,data/rq4/source_candidates/cpython-312/cpython-312-d752b5d731b7/decompyle3.py,
cpython-312,data/rq3/cpython-3.12/unique_bug_pyc/cpython-312-f19faa9c04a1.pyc,decompyle3,rerun,exit_1,"Traceback (most recent call last): File ""<string>"", line 10, in <module> File ""data/rq4/source_candidates/cpython-312/cpython-312-f19faa9c04a1/decompyle3.py"", line 6 Unsupported Python version, 3.12.0, for decompilation ^^^^^^ SyntaxErro...",exit_1,data/rq4/source_candidates/cpython-312/cpython-312-f19faa9c04a1/decompyle3.py,
cpython-312,data/rq3/cpython-3.12/unique_bug_pyc/cpython-312-edd1a7874fc7.pyc,decompyle3,rerun,exit_1,"Traceback (most recent call last): File ""<string>"", line 10, in <module> File ""data/rq4/source_candidates/cpython-312/cpython-312-edd1a7874fc7/decompyle3.py"", line 6 Unsupported Python version, 3.12.0, for decompilation ^^^^^^ SyntaxErro...",exit_1,data/rq4/source_candidates/cpython-312/cpython-312-edd1a7874fc7/decompyle3.py,
cpython-312,data/rq3/cpython-3.12/unique_bug_pyc/cpython-312-e2073aa608af.pyc,decompyle3,rerun,exit_1,"Traceback (most recent call last): File ""<string>"", line 10, in <module> File ""data/rq4/source_candidates/cpython-312/cpython-312-e2073aa608af/decompyle3.py"", line 6 Unsupported Python version, 3.12.0, for decompilation ^^^^^^ SyntaxErro...",crash,data/rq4/source_candidates/cpython-312/cpython-312-e2073aa608af/decompyle3.py,
cpython-312,data/rq3/cpython-3.12/unique_bug_pyc/cpython-312-eb465edbe9f6.pyc,decompyle3,rerun,exit_1,"Traceback (most recent call last): File ""<string>"", line 10, in <module> File ""data/rq4/source_candidates/cpython-312/cpython-312-eb465edbe9f6/decompyle3.py"", line 6 Unsupported Python version, 3.12.0, for decompilation ^^^^^^ SyntaxErro...",crash,data/rq4/source_candidates/cpython-312/cpython-312-eb465edbe9f6/decompyle3.py,
cpython-312,data/rq3/cpython-3.12/unique_bug_pyc/cpython-312-e4a9f9ef474f.pyc,decompyle3,rerun,exit_1,"Traceback (most recent call last): File ""<string>"", line 10, in <module> File ""data/rq4/source_candidates/cpython-312/cpython-312-e4a9f9ef474f/decompyle3.py"", line 6 Unsupported Python version, 3.12.0, for decompilation ^^^^^^ SyntaxErro...",crash,data/rq4/source_candidates/cpython-312/cpython-312-e4a9f9ef474f/decompyle3.py,
cpython-312,data/rq3/cpython-3.12/unique_bug_pyc/cpython-312-e97d60eb216d.pyc,decompyle3,rerun,exit_1,"Traceback (most recent call last): File ""<string>"", line 10, in <module> SyntaxError: source code string cannot contain null bytes",crash,data/rq4/source_candidates/cpython-312/cpython-312-e97d60eb216d/decompyle3.py,
cpython-312,data/rq3/cpython-3.12/unique_bug_pyc/cpython-312-eb581a73e180.pyc,decompyle3,rerun,exit_1,"Traceback (most recent call last): File ""<string>"", line 10, in <module> File ""data/rq4/source_candidates/cpython-312/cpython-312-eb581a73e180/decompyle3.py"", line 6 Unsupported Python version, 3.12.0, for decompilation ^^^^^^ SyntaxErro...",crash,data/rq4/source_candidates/cpython-312/cpython-312-eb581a73e180/decompyle3.py,
cpython-312,data/rq3/cpython-3.12/unique_bug_pyc/cpython-312-ec12a090e51e.pyc,decompyle3,rerun,exit_1,"Traceback (most recent call last): File ""<string>"", line 10, in <module> File ""data/rq4/source_candidates/cpython-312/cpython-312-ec12a090e51e/decompyle3.py"", line 6 Unsupported Python version, 3.12.0, for decompilation ^^^^^^ SyntaxErro...",crash,data/rq4/source_candidates/cpython-312/cpython-312-ec12a090e51e/decompyle3.py,
cpython-312,data/rq3/cpython-3.12/unique_bug_pyc/cpython-312-f022b97452d4.pyc,decompyle3,rerun,exit_1,"Traceback (most recent call last): File ""<string>"", line 10, in <module> File ""data/rq4/source_candidates/cpython-312/cpython-312-f022b97452d4/decompyle3.py"", line 6 Unsupported Python version, 3.12.0, for decompilation ^^^^^^ SyntaxErro...",crash,data/rq4/source_candidates/cpython-312/cpython-312-f022b97452d4/decompyle3.py,
cpython-312,data/rq3/cpython-3.12/unique_bug_pyc/cpython-312-fc8c85bdf3bc.pyc,decompyle3,rerun,exit_1,"Traceback (most recent call last): File ""<string>"", line 10, in <module> File ""data/rq4/source_candidates/cpython-312/cpython-312-fc8c85bdf3bc/decompyle3.py"", line 6 Unsupported Python version, 3.12.0, for decompilation ^^^^^^ SyntaxErro...",crash,data/rq4/source_candidates/cpython-312/cpython-312-fc8c85bdf3bc/decompyle3.py,
cpython-312,data/rq3/cpython-3.12/unique_bug_pyc/cpython-312-fb227b2c7d93.pyc,decompyle3,rerun,exit_1,"Traceback (most recent call last): File ""<string>"", line 10, in <module> File ""data/rq4/source_candidates/cpython-312/cpython-312-fb227b2c7d93/decompyle3.py"", line 6 Unsupported Python version, 3.12.0, for decompilation ^^^^^^ SyntaxErro...",crash,data/rq4/source_candidates/cpython-312/cpython-312-fb227b2c7d93/decompyle3.py,
cpython-312,data/rq3/cpython-3.12/unique_bug_pyc/cpython-312-f9b6093b8e2e.pyc,decompyle3,rerun,exit_1,"Traceback (most recent call last): File ""<string>"", line 10, in <module> File ""data/rq4/source_candidates/cpython-312/cpython-312-f9b6093b8e2e/decompyle3.py"", line 6 Unsupported Python version, 3.12.0, for decompilation ^^^^^^ SyntaxErro...",crash,data/rq4/source_candidates/cpython-312/cpython-312-f9b6093b8e2e/decompyle3.py,
cpython-312,data/rq3/cpython-3.12/unique_bug_pyc/cpython-312-fc8d3aa101b8.pyc,decompyle3,rerun,exit_1,"Traceback (most recent call last): File ""<string>"", line 10, in <module> File ""data/rq4/source_candidates/cpython-312/cpython-312-fc8d3aa101b8/decompyle3.py"", line 6 Unsupported Python version, 3.12.0, for decompilation ^^^^^^ SyntaxErro...",crash,data/rq4/source_candidates/cpython-312/cpython-312-fc8d3aa101b8/decompyle3.py,
cpython-313,data/rq3/cpython-3.13/unique_bug_pyc/cpython-313-04fd729b9cb7.pyc,decompyle3,rerun,exit_1,"Traceback (most recent call last): File ""<string>"", line 10, in <module> code = compile(source.read_text(encoding=""utf-8""), str(source), ""exec"") File ""data/rq4/source_candidates/cpython-313/cpython-313-04fd729b9cb7/decompyle3.py"", line 6...",exit_1,data/rq4/source_candidates/cpython-313/cpython-313-04fd729b9cb7/decompyle3.py,
cpython-313,data/rq3/cpython-3.13/unique_bug_pyc/cpython-313-0be9d440bc4b.pyc,decompyle3,rerun,exit_1,"Traceback (most recent call last): File ""<string>"", line 10, in <module> code = compile(source.read_text(encoding=""utf-8""), str(source), ""exec"") File ""data/rq4/source_candidates/cpython-313/cpython-313-0be9d440bc4b/decompyle3.py"", line 6...",crash,data/rq4/source_candidates/cpython-313/cpython-313-0be9d440bc4b/decompyle3.py,
cpython-313,data/rq3/cpython-3.13/unique_bug_pyc/cpython-313-0b677fda01d1.pyc,decompyle3,rerun,exit_1,"Traceback (most recent call last): File ""<string>"", line 10, in <module> code = compile(source.read_text(encoding=""utf-8""), str(source), ""exec"") File ""data/rq4/source_candidates/cpython-313/cpython-313-0b677fda01d1/decompyle3.py"", line 6...",ok,data/rq4/source_candidates/cpython-313/cpython-313-0b677fda01d1/decompyle3.py,
cpython-313,data/rq3/cpython-3.13/unique_bug_pyc/cpython-313-0b9d64aedcf2.pyc,decompyle3,rerun,exit_1,"Traceback (most recent call last): File ""<string>"", line 10, in <module> code = compile(source.read_text(encoding=""utf-8""), str(source), ""exec"") File ""data/rq4/source_candidates/cpython-313/cpython-313-0b9d64aedcf2/decompyle3.py"", line 6...",crash,data/rq4/source_candidates/cpython-313/cpython-313-0b9d64aedcf2/decompyle3.py,
cpython-313,data/rq3/cpython-3.13/unique_bug_pyc/cpython-313-1260b331fa8d.pyc,decompyle3,rerun,exit_1,"Traceback (most recent call last): File ""<string>"", line 10, in <module> code = compile(source.read_text(encoding=""utf-8""), str(source), ""exec"") File ""data/rq4/source_candidates/cpython-313/cpython-313-1260b331fa8d/decompyle3.py"", line 6...",crash,data/rq4/source_candidates/cpython-313/cpython-313-1260b331fa8d/decompyle3.py,
cpython-313,data/rq3/cpython-3.13/unique_bug_pyc/cpython-313-09ce446b26dd.pyc,decompyle3,rerun,exit_1,"Traceback (most recent call last): File ""<string>"", line 10, in <module> code = compile(source.read_text(encoding=""utf-8""), str(source), ""exec"") File ""data/rq4/source_candidates/cpython-313/cpython-313-09ce446b26dd/decompyle3.py"", line 6...",crash,data/rq4/source_candidates/cpython-313/cpython-313-09ce446b26dd/decompyle3.py,
cpython-313,data/rq3/cpython-3.13/unique_bug_pyc/cpython-313-0ef1c51abe04.pyc,decompyle3,rerun,exit_1,"Traceback (most recent call last): File ""<string>"", line 10, in <module> code = compile(source.read_text(encoding=""utf-8""), str(source), ""exec"") File ""data/rq4/source_candidates/cpython-313/cpython-313-0ef1c51abe04/decompyle3.py"", line 5...",crash,data/rq4/source_candidates/cpython-313/cpython-313-0ef1c51abe04/decompyle3.py,
cpython-313,data/rq3/cpython-3.13/unique_bug_pyc/cpython-313-0d4921d46dd5.pyc,decompyle3,rerun,exit_1,"Traceback (most recent call last): File ""<string>"", line 10, in <module> code = compile(source.read_text(encoding=""utf-8""), str(source), ""exec"") File ""data/rq4/source_candidates/cpython-313/cpython-313-0d4921d46dd5/decompyle3.py"", line 7...",crash,data/rq4/source_candidates/cpython-313/cpython-313-0d4921d46dd5/decompyle3.py,
cpython-313,data/rq3/cpython-3.13/unique_bug_pyc/cpython-313-0c8effed2f6d.pyc,decompyle3,rerun,exit_1,"Traceback (most recent call last): File ""<string>"", line 10, in <module> code = compile(source.read_text(encoding=""utf-8""), str(source), ""exec"") File ""data/rq4/source_candidates/cpython-313/cpython-313-0c8effed2f6d/decompyle3.py"", line 6...",crash,data/rq4/source_candidates/cpython-313/cpython-313-0c8effed2f6d/decompyle3.py,
cpython-313,data/rq3/cpython-3.13/unique_bug_pyc/cpython-313-0e46093e479d.pyc,decompyle3,rerun,exit_1,"Traceback (most recent call last): File ""<string>"", line 10, in <module> code = compile(source.read_text(encoding=""utf-8""), str(source), ""exec"") File ""data/rq4/source_candidates/cpython-313/cpython-313-0e46093e479d/decompyle3.py"", line 6...",crash,data/rq4/source_candidates/cpython-313/cpython-313-0e46093e479d/decompyle3.py,
cpython-313,data/rq3/cpython-3.13/unique_bug_pyc/cpython-313-0c5604bfa3f9.pyc,decompyle3,rerun,exit_1,"Traceback (most recent call last): File ""<string>"", line 10, in <module> code = compile(source.read_text(encoding=""utf-8""), str(source), ""exec"") File ""data/rq4/source_candidates/cpython-313/cpython-313-0c5604bfa3f9/decompyle3.py"", line 6...",crash,data/rq4/source_candidates/cpython-313/cpython-313-0c5604bfa3f9/decompyle3.py,
cpython-313,data/rq3/cpython-3.13/unique_bug_pyc/cpython-313-0296d5540aa6.pyc,decompyle3,rerun,exit_1,"Traceback (most recent call last): File ""<string>"", line 10, in <module> code = compile(source.read_text(encoding=""utf-8""), str(source), ""exec"") File ""data/rq4/source_candidates/cpython-313/cpython-313-0296d5540aa6/decompyle3.py"", line 6...",crash,data/rq4/source_candidates/cpython-313/cpython-313-0296d5540aa6/decompyle3.py,
cpython-313,data/rq3/cpython-3.13/unique_bug_pyc/cpython-313-0f0c3b71c42c.pyc,decompyle3,rerun,exit_1,"Traceback (most recent call last): File ""<string>"", line 10, in <module> code = compile(source.read_text(encoding=""utf-8""), str(source), ""exec"") File ""data/rq4/source_candidates/cpython-313/cpython-313-0f0c3b71c42c/decompyle3.py"", line 6...",crash,data/rq4/source_candidates/cpython-313/cpython-313-0f0c3b71c42c/decompyle3.py,
cpython-313,data/rq3/cpython-3.13/unique_bug_pyc/cpython-313-064550af3ad2.pyc,decompyle3,rerun,exit_1,"Traceback (most recent call last): File ""<string>"", line 10, in <module> code = compile(source.read_text(encoding=""utf-8""), str(source), ""exec"") File ""data/rq4/source_candidates/cpython-313/cpython-313-064550af3ad2/decompyle3.py"", line 6...",crash,data/rq4/source_candidates/cpython-313/cpython-313-064550af3ad2/decompyle3.py,
cpython-313,data/rq3/cpython-3.13/unique_bug_pyc/cpython-313-1bc9ccbfc6bb.pyc,decompyle3,decompile,exit_2,/root/PyBC-Sec/pybcSEC/data/rq2/envs/cpython-313/lib/python3.13/site-packages/click/core.py:1262: UserWarning: The parameter --version is used more than once. Remove its duplicate as parameters should be unique. parser = self.make_parser...,exit_1,,
cpython-313,data/rq3/cpython-3.13/unique_bug_pyc/cpython-313-080cabb04450.pyc,decompyle3,rerun,exit_1,"Traceback (most recent call last): File ""<string>"", line 10, in <module> code = compile(source.read_text(encoding=""utf-8""), str(source), ""exec"") File ""data/rq4/source_candidates/cpython-313/cpython-313-080cabb04450/decompyle3.py"", line 6...",crash,data/rq4/source_candidates/cpython-313/cpython-313-080cabb04450/decompyle3.py,
cpython-313,data/rq3/cpython-3.13/unique_bug_pyc/cpython-313-14c186491f5a.pyc,decompyle3,rerun,exit_1,"Traceback (most recent call last): File ""<string>"", line 10, in <module> code = compile(source.read_text(encoding=""utf-8""), str(source), ""exec"") File ""data/rq4/source_candidates/cpython-313/cpython-313-14c186491f5a/decompyle3.py"", line 6...",crash,data/rq4/source_candidates/cpython-313/cpython-313-14c186491f5a/decompyle3.py,
cpython-313,data/rq3/cpython-3.13/unique_bug_pyc/cpython-313-1542741758cc.pyc,decompyle3,rerun,exit_1,"Traceback (most recent call last): File ""<string>"", line 10, in <module> code = compile(source.read_text(encoding=""utf-8""), str(source), ""exec"") File ""data/rq4/source_candidates/cpython-313/cpython-313-1542741758cc/decompyle3.py"", line 6...",crash,data/rq4/source_candidates/cpython-313/cpython-313-1542741758cc/decompyle3.py,
cpython-313,data/rq3/cpython-3.13/unique_bug_pyc/cpython-313-19b59c31258b.pyc,decompyle3,rerun,exit_1,"Traceback (most recent call last): File ""<string>"", line 10, in <module> code = compile(source.read_text(encoding=""utf-8""), str(source), ""exec"") File ""data/rq4/source_candidates/cpython-313/cpython-313-19b59c31258b/decompyle3.py"", line 6...",exit_1,data/rq4/source_candidates/cpython-313/cpython-313-19b59c31258b/decompyle3.py,
cpython-313,data/rq3/cpython-3.13/unique_bug_pyc/cpython-313-179bd16db932.pyc,decompyle3,rerun,exit_1,"Traceback (most recent call last): File ""<string>"", line 10, in <module> code = compile(source.read_text(encoding=""utf-8""), str(source), ""exec"") File ""data/rq4/source_candidates/cpython-313/cpython-313-179bd16db932/decompyle3.py"", line 6...",crash,data/rq4/source_candidates/cpython-313/cpython-313-179bd16db932/decompyle3.py,
cpython-313,data/rq3/cpython-3.13/unique_bug_pyc/cpython-313-1585a92f8eaa.pyc,decompyle3,rerun,exit_1,"Traceback (most recent call last): File ""<string>"", line 10, in <module> code = compile(source.read_text(encoding=""utf-8""), str(source), ""exec"") File ""data/rq4/source_candidates/cpython-313/cpython-313-1585a92f8eaa/decompyle3.py"", line 6...",crash,data/rq4/source_candidates/cpython-313/cpython-313-1585a92f8eaa/decompyle3.py,
cpython-313,data/rq3/cpython-3.13/unique_bug_pyc/cpython-313-18fa0fa6b111.pyc,decompyle3,rerun,exit_1,"Traceback (most recent call last): File ""<string>"", line 10, in <module> code = compile(source.read_text(encoding=""utf-8""), str(source), ""exec"") File ""data/rq4/source_candidates/cpython-313/cpython-313-18fa0fa6b111/decompyle3.py"", line 6...",crash,data/rq4/source_candidates/cpython-313/cpython-313-18fa0fa6b111/decompyle3.py,
cpython-313,data/rq3/cpython-3.13/unique_bug_pyc/cpython-313-2293b72ed067.pyc,decompyle3,rerun,exit_1,"Traceback (most recent call last): File ""<string>"", line 10, in <module> code = compile(source.read_text(encoding=""utf-8""), str(source), ""exec"") File ""data/rq4/source_candidates/cpython-313/cpython-313-2293b72ed067/decompyle3.py"", line 6...",crash,data/rq4/source_candidates/cpython-313/cpython-313-2293b72ed067/decompyle3.py,
cpython-313,data/rq3/cpython-3.13/unique_bug_pyc/cpython-313-16d45aed7cdd.pyc,decompyle3,rerun,exit_1,"Traceback (most recent call last): File ""<string>"", line 10, in <module> code = compile(source.read_text(encoding=""utf-8""), str(source), ""exec"") File ""data/rq4/source_candidates/cpython-313/cpython-313-16d45aed7cdd/decompyle3.py"", line 6...",crash,data/rq4/source_candidates/cpython-313/cpython-313-16d45aed7cdd/decompyle3.py,
cpython-313,data/rq3/cpython-3.13/unique_bug_pyc/cpython-313-089a998b290e.pyc,decompyle3,decompile,exit_-11,/root/PyBC-Sec/pybcSEC/data/rq2/envs/cpython-313/lib/python3.13/site-packages/click/core.py:1262: UserWarning: The parameter --version is used more than once. Remove its duplicate as parameters should be unique. parser = self.make_parser...,crash,,
cpython-313,data/rq3/cpython-3.13/unique_bug_pyc/cpython-313-2665762e093d.pyc,decompyle3,rerun,exit_1,"Traceback (most recent call last): File ""<string>"", line 10, in <module> code = compile(source.read_text(encoding=""utf-8""), str(source), ""exec"") File ""data/rq4/source_candidates/cpython-313/cpython-313-2665762e093d/decompyle3.py"", line 6...",crash,data/rq4/source_candidates/cpython-313/cpython-313-2665762e093d/decompyle3.py,
cpython-313,data/rq3/cpython-3.13/unique_bug_pyc/cpython-313-295c46132455.pyc,decompyle3,rerun,exit_1,"Traceback (most recent call last): File ""<string>"", line 10, in <module> code = compile(source.read_text(encoding=""utf-8""), str(source), ""exec"") File ""data/rq4/source_candidates/cpython-313/cpython-313-295c46132455/decompyle3.py"", line 7...",crash,data/rq4/source_candidates/cpython-313/cpython-313-295c46132455/decompyle3.py,
cpython-313,data/rq3/cpython-3.13/unique_bug_pyc/cpython-313-249356d3ff80.pyc,decompyle3,rerun,exit_1,"Traceback (most recent call last): File ""<string>"", line 10, in <module> code = compile(source.read_text(encoding=""utf-8""), str(source), ""exec"") File ""data/rq4/source_candidates/cpython-313/cpython-313-249356d3ff80/decompyle3.py"", line 6...",crash,data/rq4/source_candidates/cpython-313/cpython-313-249356d3ff80/decompyle3.py,
cpython-313,data/rq3/cpython-3.13/unique_bug_pyc/cpython-313-24cb6d088b59.pyc,decompyle3,rerun,exit_1,"Traceback (most recent call last): File ""<string>"", line 10, in <module> code = compile(source.read_text(encoding=""utf-8""), str(source), ""exec"") File ""data/rq4/source_candidates/cpython-313/cpython-313-24cb6d088b59/decompyle3.py"", line 6...",crash,data/rq4/source_candidates/cpython-313/cpython-313-24cb6d088b59/decompyle3.py,
cpython-313,data/rq3/cpython-3.13/unique_bug_pyc/cpython-313-28b5d302b523.pyc,decompyle3,rerun,exit_1,"Traceback (most recent call last): File ""<string>"", line 10, in <module> code = compile(source.read_text(encoding=""utf-8""), str(source), ""exec"") File ""data/rq4/source_candidates/cpython-313/cpython-313-28b5d302b523/decompyle3.py"", line 6...",crash,data/rq4/source_candidates/cpython-313/cpython-313-28b5d302b523/decompyle3.py,
cpython-313,data/rq3/cpython-3.13/unique_bug_pyc/cpython-313-29976b5b14f7.pyc,decompyle3,rerun,exit_1,"Traceback (most recent call last): File ""<string>"", line 10, in <module> code = compile(source.read_text(encoding=""utf-8""), str(source), ""exec"") File ""data/rq4/source_candidates/cpython-313/cpython-313-29976b5b14f7/decompyle3.py"", line 6...",crash,data/rq4/source_candidates/cpython-313/cpython-313-29976b5b14f7/decompyle3.py,
cpython-313,data/rq3/cpython-3.13/unique_bug_pyc/cpython-313-260c715a077c.pyc,decompyle3,rerun,exit_1,"Traceback (most recent call last): File ""<string>"", line 10, in <module> code = compile(source.read_text(encoding=""utf-8""), str(source), ""exec"") SyntaxError: source code string cannot contain null bytes",crash,data/rq4/source_candidates/cpython-313/cpython-313-260c715a077c/decompyle3.py,
cpython-313,data/rq3/cpython-3.13/unique_bug_pyc/cpython-313-2a78cb211328.pyc,decompyle3,rerun,exit_1,"Traceback (most recent call last): File ""<string>"", line 10, in <module> code = compile(source.read_text(encoding=""utf-8""), str(source), ""exec"") File ""data/rq4/source_candidates/cpython-313/cpython-313-2a78cb211328/decompyle3.py"", line 6...",crash,data/rq4/source_candidates/cpython-313/cpython-313-2a78cb211328/decompyle3.py,
cpython-313,data/rq3/cpython-3.13/unique_bug_pyc/cpython-313-2ad91eed828a.pyc,decompyle3,rerun,exit_1,"Traceback (most recent call last): File ""<string>"", line 10, in <module> code = compile(source.read_text(encoding=""utf-8""), str(source), ""exec"") File ""data/rq4/source_candidates/cpython-313/cpython-313-2ad91eed828a/decompyle3.py"", line 6...",crash,data/rq4/source_candidates/cpython-313/cpython-313-2ad91eed828a/decompyle3.py,
cpython-313,data/rq3/cpython-3.13/unique_bug_pyc/cpython-313-2b9d8a68b1b6.pyc,decompyle3,rerun,exit_1,"Traceback (most recent call last): File ""<string>"", line 10, in <module> code = compile(source.read_text(encoding=""utf-8""), str(source), ""exec"") File ""data/rq4/source_candidates/cpython-313/cpython-313-2b9d8a68b1b6/decompyle3.py"", line 6...",exit_1,data/rq4/source_candidates/cpython-313/cpython-313-2b9d8a68b1b6/decompyle3.py,
cpython-313,data/rq3/cpython-3.13/unique_bug_pyc/cpython-313-2b3844b1ad7b.pyc,decompyle3,rerun,exit_1,"Traceback (most recent call last): File ""<string>"", line 10, in <module> code = compile(source.read_text(encoding=""utf-8""), str(source), ""exec"") File ""data/rq4/source_candidates/cpython-313/cpython-313-2b3844b1ad7b/decompyle3.py"", line 6...",crash,data/rq4/source_candidates/cpython-313/cpython-313-2b3844b1ad7b/decompyle3.py,
cpython-313,data/rq3/cpython-3.13/unique_bug_pyc/cpython-313-3103d789d816.pyc,decompyle3,rerun,exit_1,"Traceback (most recent call last): File ""<string>"", line 10, in <module> code = compile(source.read_text(encoding=""utf-8""), str(source), ""exec"") File ""data/rq4/source_candidates/cpython-313/cpython-313-3103d789d816/decompyle3.py"", line 6...",crash,data/rq4/source_candidates/cpython-313/cpython-313-3103d789d816/decompyle3.py,
cpython-313,data/rq3/cpython-3.13/unique_bug_pyc/cpython-313-2a21bed1780c.pyc,decompyle3,rerun,exit_1,"Traceback (most recent call last): File ""<string>"", line 10, in <module> code = compile(source.read_text(encoding=""utf-8""), str(source), ""exec"") File ""data/rq4/source_candidates/cpython-313/cpython-313-2a21bed1780c/decompyle3.py"", line 6...",crash,data/rq4/source_candidates/cpython-313/cpython-313-2a21bed1780c/decompyle3.py,
cpython-313,data/rq3/cpython-3.13/unique_bug_pyc/cpython-313-2d1b8bbf49f4.pyc,decompyle3,rerun,exit_1,"Traceback (most recent call last): File ""<string>"", line 10, in <module> code = compile(source.read_text(encoding=""utf-8""), str(source), ""exec"") SyntaxError: source code string cannot contain null bytes",crash,data/rq4/source_candidates/cpython-313/cpython-313-2d1b8bbf49f4/decompyle3.py,
cpython-313,data/rq3/cpython-3.13/unique_bug_pyc/cpython-313-2ebfe7f3beb3.pyc,decompyle3,rerun,exit_1,"Traceback (most recent call last): File ""<string>"", line 10, in <module> code = compile(source.read_text(encoding=""utf-8""), str(source), ""exec"") File ""data/rq4/source_candidates/cpython-313/cpython-313-2ebfe7f3beb3/decompyle3.py"", line 6...",crash,data/rq4/source_candidates/cpython-313/cpython-313-2ebfe7f3beb3/decompyle3.py,
cpython-313,data/rq3/cpython-3.13/unique_bug_pyc/cpython-313-33e492d140df.pyc,decompyle3,rerun,exit_1,"Traceback (most recent call last): File ""<string>"", line 10, in <module> code = compile(source.read_text(encoding=""utf-8""), str(source), ""exec"") File ""data/rq4/source_candidates/cpython-313/cpython-313-33e492d140df/decompyle3.py"", line 6...",crash,data/rq4/source_candidates/cpython-313/cpython-313-33e492d140df/decompyle3.py,
cpython-313,data/rq3/cpython-3.13/unique_bug_pyc/cpython-313-35b57046cf24.pyc,decompyle3,rerun,exit_1,"Traceback (most recent call last): File ""<string>"", line 10, in <module> code = compile(source.read_text(encoding=""utf-8""), str(source), ""exec"") File ""data/rq4/source_candidates/cpython-313/cpython-313-35b57046cf24/decompyle3.py"", line 6...",crash,data/rq4/source_candidates/cpython-313/cpython-313-35b57046cf24/decompyle3.py,
cpython-313,data/rq3/cpython-3.13/unique_bug_pyc/cpython-313-38808faaf1e8.pyc,decompyle3,rerun,exit_1,"Traceback (most recent call last): File ""<string>"", line 10, in <module> code = compile(source.read_text(encoding=""utf-8""), str(source), ""exec"") File ""data/rq4/source_candidates/cpython-313/cpython-313-38808faaf1e8/decompyle3.py"", line 6...",crash,data/rq4/source_candidates/cpython-313/cpython-313-38808faaf1e8/decompyle3.py,
cpython-313,data/rq3/cpython-3.13/unique_bug_pyc/cpython-313-390febf1b60e.pyc,decompyle3,rerun,exit_1,"Traceback (most recent call last): File ""<string>"", line 10, in <module> code = compile(source.read_text(encoding=""utf-8""), str(source), ""exec"") File ""data/rq4/source_candidates/cpython-313/cpython-313-390febf1b60e/decompyle3.py"", line 6...",crash,data/rq4/source_candidates/cpython-313/cpython-313-390febf1b60e/decompyle3.py,
cpython-313,data/rq3/cpython-3.13/unique_bug_pyc/cpython-313-303ca41b2b90.pyc,decompyle3,rerun,exit_1,"Traceback (most recent call last): File ""<string>"", line 10, in <module> code = compile(source.read_text(encoding=""utf-8""), str(source), ""exec"") File ""data/rq4/source_candidates/cpython-313/cpython-313-303ca41b2b90/decompyle3.py"", line 8...",crash,data/rq4/source_candidates/cpython-313/cpython-313-303ca41b2b90/decompyle3.py,
cpython-313,data/rq3/cpython-3.13/unique_bug_pyc/cpython-313-412007f7b81e.pyc,decompyle3,rerun,exit_1,"Traceback (most recent call last): File ""<string>"", line 10, in <module> code = compile(source.read_text(encoding=""utf-8""), str(source), ""exec"") File ""data/rq4/source_candidates/cpython-313/cpython-313-412007f7b81e/decompyle3.py"", line 7...",crash,data/rq4/source_candidates/cpython-313/cpython-313-412007f7b81e/decompyle3.py,
cpython-313,data/rq3/cpython-3.13/unique_bug_pyc/cpython-313-3bd4ca61c902.pyc,decompyle3,rerun,exit_1,"Traceback (most recent call last): File ""<string>"", line 10, in <module> code = compile(source.read_text(encoding=""utf-8""), str(source), ""exec"") File ""data/rq4/source_candidates/cpython-313/cpython-313-3bd4ca61c902/decompyle3.py"", line 6...",crash,data/rq4/source_candidates/cpython-313/cpython-313-3bd4ca61c902/decompyle3.py,
cpython-313,data/rq3/cpython-3.13/unique_bug_pyc/cpython-313-4122cbe7ad3c.pyc,decompyle3,rerun,exit_1,"Traceback (most recent call last): File ""<string>"", line 10, in <module> code = compile(source.read_text(encoding=""utf-8""), str(source), ""exec"") File ""data/rq4/source_candidates/cpython-313/cpython-313-4122cbe7ad3c/decompyle3.py"", line 6...",crash,data/rq4/source_candidates/cpython-313/cpython-313-4122cbe7ad3c/decompyle3.py,
cpython-313,data/rq3/cpython-3.13/unique_bug_pyc/cpython-313-3c235354ab3c.pyc,decompyle3,rerun,exit_1,"Traceback (most recent call last): File ""<string>"", line 10, in <module> code = compile(source.read_text(encoding=""utf-8""), str(source), ""exec"") File ""data/rq4/source_candidates/cpython-313/cpython-313-3c235354ab3c/decompyle3.py"", line 6...",crash,data/rq4/source_candidates/cpython-313/cpython-313-3c235354ab3c/decompyle3.py,
cpython-313,data/rq3/cpython-3.13/unique_bug_pyc/cpython-313-47ac148033bf.pyc,decompyle3,rerun,exit_1,"Traceback (most recent call last): File ""<string>"", line 10, in <module> code = compile(source.read_text(encoding=""utf-8""), str(source), ""exec"") File ""data/rq4/source_candidates/cpython-313/cpython-313-47ac148033bf/decompyle3.py"", line 6...",crash,data/rq4/source_candidates/cpython-313/cpython-313-47ac148033bf/decompyle3.py,
cpython-313,data/rq3/cpython-3.13/unique_bug_pyc/cpython-313-432147075391.pyc,decompyle3,rerun,exit_1,"Traceback (most recent call last): File ""<string>"", line 10, in <module> code = compile(source.read_text(encoding=""utf-8""), str(source), ""exec"") SyntaxError: source code string cannot contain null bytes",crash,data/rq4/source_candidates/cpython-313/cpython-313-432147075391/decompyle3.py,
cpython-313,data/rq3/cpython-3.13/unique_bug_pyc/cpython-313-437dc676a244.pyc,decompyle3,decompile,exit_-11,/root/PyBC-Sec/pybcSEC/data/rq2/envs/cpython-313/lib/python3.13/site-packages/click/core.py:1262: UserWarning: The parameter --version is used more than once. Remove its duplicate as parameters should be unique. parser = self.make_parser...,crash,,
cpython-313,data/rq3/cpython-3.13/unique_bug_pyc/cpython-313-48ef574d8eea.pyc,decompyle3,rerun,exit_1,"Traceback (most recent call last): File ""<string>"", line 10, in <module> code = compile(source.read_text(encoding=""utf-8""), str(source), ""exec"") File ""data/rq4/source_candidates/cpython-313/cpython-313-48ef574d8eea/decompyle3.py"", line 6...",crash,data/rq4/source_candidates/cpython-313/cpython-313-48ef574d8eea/decompyle3.py,
cpython-313,data/rq3/cpython-3.13/unique_bug_pyc/cpython-313-4a45bc2430b5.pyc,decompyle3,rerun,exit_1,"Traceback (most recent call last): File ""<string>"", line 10, in <module> code = compile(source.read_text(encoding=""utf-8""), str(source), ""exec"") File ""data/rq4/source_candidates/cpython-313/cpython-313-4a45bc2430b5/decompyle3.py"", line 6...",crash,data/rq4/source_candidates/cpython-313/cpython-313-4a45bc2430b5/decompyle3.py,
cpython-313,data/rq3/cpython-3.13/unique_bug_pyc/cpython-313-43a680720b8a.pyc,decompyle3,rerun,exit_1,"Traceback (most recent call last): File ""<string>"", line 10, in <module> code = compile(source.read_text(encoding=""utf-8""), str(source), ""exec"") File ""data/rq4/source_candidates/cpython-313/cpython-313-43a680720b8a/decompyle3.py"", line 6...",crash,data/rq4/source_candidates/cpython-313/cpython-313-43a680720b8a/decompyle3.py,
cpython-313,data/rq3/cpython-3.13/unique_bug_pyc/cpython-313-4cd156d2e15d.pyc,decompyle3,rerun,exit_1,"Traceback (most recent call last): File ""<string>"", line 10, in <module> code = compile(source.read_text(encoding=""utf-8""), str(source), ""exec"") File ""data/rq4/source_candidates/cpython-313/cpython-313-4cd156d2e15d/decompyle3.py"", line 7...",crash,data/rq4/source_candidates/cpython-313/cpython-313-4cd156d2e15d/decompyle3.py,
cpython-313,data/rq3/cpython-3.13/unique_bug_pyc/cpython-313-4a0a1ea07bc5.pyc,decompyle3,rerun,exit_1,"Traceback (most recent call last): File ""<string>"", line 10, in <module> code = compile(source.read_text(encoding=""utf-8""), str(source), ""exec"") File ""data/rq4/source_candidates/cpython-313/cpython-313-4a0a1ea07bc5/decompyle3.py"", line 6...",crash,data/rq4/source_candidates/cpython-313/cpython-313-4a0a1ea07bc5/decompyle3.py,
cpython-313,data/rq3/cpython-3.13/unique_bug_pyc/cpython-313-498bff74d1e4.pyc,decompyle3,rerun,exit_1,"Traceback (most recent call last): File ""<string>"", line 10, in <module> code = compile(source.read_text(encoding=""utf-8""), str(source), ""exec"") SyntaxError: source code string cannot contain null bytes",crash,data/rq4/source_candidates/cpython-313/cpython-313-498bff74d1e4/decompyle3.py,
cpython-313,data/rq3/cpython-3.13/unique_bug_pyc/cpython-313-506350080023.pyc,decompyle3,rerun,exit_1,"Traceback (most recent call last): File ""<string>"", line 10, in <module> code = compile(source.read_text(encoding=""utf-8""), str(source), ""exec"") File ""data/rq4/source_candidates/cpython-313/cpython-313-506350080023/decompyle3.py"", line 6...",crash,data/rq4/source_candidates/cpython-313/cpython-313-506350080023/decompyle3.py,
cpython-313,data/rq3/cpython-3.13/unique_bug_pyc/cpython-313-506c1086030d.pyc,decompyle3,rerun,exit_1,"Traceback (most recent call last): File ""<string>"", line 10, in <module> code = compile(source.read_text(encoding=""utf-8""), str(source), ""exec"") File ""data/rq4/source_candidates/cpython-313/cpython-313-506c1086030d/decompyle3.py"", line 6...",crash,data/rq4/source_candidates/cpython-313/cpython-313-506c1086030d/decompyle3.py,
cpython-313,data/rq3/cpython-3.13/unique_bug_pyc/cpython-313-561958c19c5f.pyc,decompyle3,rerun,exit_1,"Traceback (most recent call last): File ""<string>"", line 10, in <module> code = compile(source.read_text(encoding=""utf-8""), str(source), ""exec"") File ""data/rq4/source_candidates/cpython-313/cpython-313-561958c19c5f/decompyle3.py"", line 6...",exit_1,data/rq4/source_candidates/cpython-313/cpython-313-561958c19c5f/decompyle3.py,
cpython-313,data/rq3/cpython-3.13/unique_bug_pyc/cpython-313-520d805a225c.pyc,decompyle3,rerun,exit_1,"Traceback (most recent call last): File ""<string>"", line 10, in <module> code = compile(source.read_text(encoding=""utf-8""), str(source), ""exec"") SyntaxError: source code string cannot contain null bytes",crash,data/rq4/source_candidates/cpython-313/cpython-313-520d805a225c/decompyle3.py,
cpython-313,data/rq3/cpython-3.13/unique_bug_pyc/cpython-313-52a30dd414f0.pyc,decompyle3,rerun,exit_1,"Traceback (most recent call last): File ""<string>"", line 10, in <module> code = compile(source.read_text(encoding=""utf-8""), str(source), ""exec"") File ""data/rq4/source_candidates/cpython-313/cpython-313-52a30dd414f0/decompyle3.py"", line 6...",crash,data/rq4/source_candidates/cpython-313/cpython-313-52a30dd414f0/decompyle3.py,
cpython-313,data/rq3/cpython-3.13/unique_bug_pyc/cpython-313-51b630c9a48a.pyc,decompyle3,rerun,exit_1,"Traceback (most recent call last): File ""<string>"", line 10, in <module> code = compile(source.read_text(encoding=""utf-8""), str(source), ""exec"") File ""data/rq4/source_candidates/cpython-313/cpython-313-51b630c9a48a/decompyle3.py"", line 6...",crash,data/rq4/source_candidates/cpython-313/cpython-313-51b630c9a48a/decompyle3.py,
cpython-313,data/rq3/cpython-3.13/unique_bug_pyc/cpython-313-577dadd26a2c.pyc,decompyle3,rerun,exit_1,"Traceback (most recent call last): File ""<string>"", line 10, in <module> code = compile(source.read_text(encoding=""utf-8""), str(source), ""exec"") File ""data/rq4/source_candidates/cpython-313/cpython-313-577dadd26a2c/decompyle3.py"", line 6...",exit_1,data/rq4/source_candidates/cpython-313/cpython-313-577dadd26a2c/decompyle3.py,
cpython-313,data/rq3/cpython-3.13/unique_bug_pyc/cpython-313-558367acafa1.pyc,decompyle3,rerun,exit_1,"Traceback (most recent call last): File ""<string>"", line 10, in <module> code = compile(source.read_text(encoding=""utf-8""), str(source), ""exec"") File ""data/rq4/source_candidates/cpython-313/cpython-313-558367acafa1/decompyle3.py"", line 6...",crash,data/rq4/source_candidates/cpython-313/cpython-313-558367acafa1/decompyle3.py,
cpython-313,data/rq3/cpython-3.13/unique_bug_pyc/cpython-313-5ca24ef04e91.pyc,decompyle3,rerun,exit_1,"Traceback (most recent call last): File ""<string>"", line 10, in <module> code = compile(source.read_text(encoding=""utf-8""), str(source), ""exec"") File ""data/rq4/source_candidates/cpython-313/cpython-313-5ca24ef04e91/decompyle3.py"", line 6...",crash,data/rq4/source_candidates/cpython-313/cpython-313-5ca24ef04e91/decompyle3.py,
cpython-313,data/rq3/cpython-3.13/unique_bug_pyc/cpython-313-56c3cd5b95ad.pyc,decompyle3,rerun,exit_1,"Traceback (most recent call last): File ""<string>"", line 10, in <module> code = compile(source.read_text(encoding=""utf-8""), str(source), ""exec"") File ""data/rq4/source_candidates/cpython-313/cpython-313-56c3cd5b95ad/decompyle3.py"", line 6...",crash,data/rq4/source_candidates/cpython-313/cpython-313-56c3cd5b95ad/decompyle3.py,
cpython-313,data/rq3/cpython-3.13/unique_bug_pyc/cpython-313-535a3fe93cd6.pyc,decompyle3,rerun,exit_1,"Traceback (most recent call last): File ""<string>"", line 10, in <module> code = compile(source.read_text(encoding=""utf-8""), str(source), ""exec"") File ""data/rq4/source_candidates/cpython-313/cpython-313-535a3fe93cd6/decompyle3.py"", line 6...",crash,data/rq4/source_candidates/cpython-313/cpython-313-535a3fe93cd6/decompyle3.py,
cpython-313,data/rq3/cpython-3.13/unique_bug_pyc/cpython-313-590708470a05.pyc,decompyle3,rerun,exit_1,"Traceback (most recent call last): File ""<string>"", line 10, in <module> code = compile(source.read_text(encoding=""utf-8""), str(source), ""exec"") File ""data/rq4/source_candidates/cpython-313/cpython-313-590708470a05/decompyle3.py"", line 6...",crash,data/rq4/source_candidates/cpython-313/cpython-313-590708470a05/decompyle3.py,
cpython-313,data/rq3/cpython-3.13/unique_bug_pyc/cpython-313-5ea7b9bceeb5.pyc,decompyle3,rerun,exit_1,"Traceback (most recent call last): File ""<string>"", line 10, in <module> code = compile(source.read_text(encoding=""utf-8""), str(source), ""exec"") File ""data/rq4/source_candidates/cpython-313/cpython-313-5ea7b9bceeb5/decompyle3.py"", line 6...",crash,data/rq4/source_candidates/cpython-313/cpython-313-5ea7b9bceeb5/decompyle3.py,
cpython-313,data/rq3/cpython-3.13/unique_bug_pyc/cpython-313-64284420656a.pyc,decompyle3,rerun,exit_1,"Traceback (most recent call last): File ""<string>"", line 10, in <module> code = compile(source.read_text(encoding=""utf-8""), str(source), ""exec"") File ""data/rq4/source_candidates/cpython-313/cpython-313-64284420656a/decompyle3.py"", line 6...",crash,data/rq4/source_candidates/cpython-313/cpython-313-64284420656a/decompyle3.py,
cpython-313,data/rq3/cpython-3.13/unique_bug_pyc/cpython-313-5e7737d50e37.pyc,decompyle3,rerun,exit_1,"Traceback (most recent call last): File ""<string>"", line 10, in <module> code = compile(source.read_text(encoding=""utf-8""), str(source), ""exec"") File ""data/rq4/source_candidates/cpython-313/cpython-313-5e7737d50e37/decompyle3.py"", line 6...",crash,data/rq4/source_candidates/cpython-313/cpython-313-5e7737d50e37/decompyle3.py,
cpython-313,data/rq3/cpython-3.13/unique_bug_pyc/cpython-313-61c6870c8510.pyc,decompyle3,rerun,exit_1,"Traceback (most recent call last): File ""<string>"", line 10, in <module> code = compile(source.read_text(encoding=""utf-8""), str(source), ""exec"") File ""data/rq4/source_candidates/cpython-313/cpython-313-61c6870c8510/decompyle3.py"", line 7...",crash,data/rq4/source_candidates/cpython-313/cpython-313-61c6870c8510/decompyle3.py,
cpython-313,data/rq3/cpython-3.13/unique_bug_pyc/cpython-313-632d045294ff.pyc,decompyle3,rerun,exit_1,"Traceback (most recent call last): File ""<string>"", line 10, in <module> code = compile(source.read_text(encoding=""utf-8""), str(source), ""exec"") SyntaxError: source code string cannot contain null bytes",crash,data/rq4/source_candidates/cpython-313/cpython-313-632d045294ff/decompyle3.py,
cpython-313,data/rq3/cpython-3.13/unique_bug_pyc/cpython-313-66aab05d1c1f.pyc,decompyle3,rerun,exit_1,"Traceback (most recent call last): File ""<string>"", line 10, in <module> code = compile(source.read_text(encoding=""utf-8""), str(source), ""exec"") File ""data/rq4/source_candidates/cpython-313/cpython-313-66aab05d1c1f/decompyle3.py"", line 6...",crash,data/rq4/source_candidates/cpython-313/cpython-313-66aab05d1c1f/decompyle3.py,
cpython-313,data/rq3/cpython-3.13/unique_bug_pyc/cpython-313-6863b298c62a.pyc,decompyle3,rerun,exit_1,"Traceback (most recent call last): File ""<string>"", line 10, in <module> code = compile(source.read_text(encoding=""utf-8""), str(source), ""exec"") File ""data/rq4/source_candidates/cpython-313/cpython-313-6863b298c62a/decompyle3.py"", line 6...",crash,data/rq4/source_candidates/cpython-313/cpython-313-6863b298c62a/decompyle3.py,
cpython-313,data/rq3/cpython-3.13/unique_bug_pyc/cpython-313-64d37cab9c51.pyc,decompyle3,rerun,exit_1,"Traceback (most recent call last): File ""<string>"", line 10, in <module> code = compile(source.read_text(encoding=""utf-8""), str(source), ""exec"") File ""data/rq4/source_candidates/cpython-313/cpython-313-64d37cab9c51/decompyle3.py"", line 6...",crash,data/rq4/source_candidates/cpython-313/cpython-313-64d37cab9c51/decompyle3.py,
cpython-313,data/rq3/cpython-3.13/unique_bug_pyc/cpython-313-69c465c245c7.pyc,decompyle3,rerun,exit_1,"Traceback (most recent call last): File ""<string>"", line 10, in <module> code = compile(source.read_text(encoding=""utf-8""), str(source), ""exec"") File ""data/rq4/source_candidates/cpython-313/cpython-313-69c465c245c7/decompyle3.py"", line 6...",crash,data/rq4/source_candidates/cpython-313/cpython-313-69c465c245c7/decompyle3.py,
cpython-313,data/rq3/cpython-3.13/unique_bug_pyc/cpython-313-693a3b5ecd6f.pyc,decompyle3,rerun,exit_1,"Traceback (most recent call last): File ""<string>"", line 10, in <module> code = compile(source.read_text(encoding=""utf-8""), str(source), ""exec"") File ""data/rq4/source_candidates/cpython-313/cpython-313-693a3b5ecd6f/decompyle3.py"", line 6...",crash,data/rq4/source_candidates/cpython-313/cpython-313-693a3b5ecd6f/decompyle3.py,
cpython-313,data/rq3/cpython-3.13/unique_bug_pyc/cpython-313-6549274fbe2c.pyc,decompyle3,rerun,exit_1,"Traceback (most recent call last): File ""<string>"", line 10, in <module> code = compile(source.read_text(encoding=""utf-8""), str(source), ""exec"") File ""data/rq4/source_candidates/cpython-313/cpython-313-6549274fbe2c/decompyle3.py"", line 6...",crash,data/rq4/source_candidates/cpython-313/cpython-313-6549274fbe2c/decompyle3.py,
cpython-313,data/rq3/cpython-3.13/unique_bug_pyc/cpython-313-6ee34f1783e0.pyc,decompyle3,rerun,exit_1,"Traceback (most recent call last): File ""<string>"", line 10, in <module> code = compile(source.read_text(encoding=""utf-8""), str(source), ""exec"") File ""data/rq4/source_candidates/cpython-313/cpython-313-6ee34f1783e0/decompyle3.py"", line 7...",crash,data/rq4/source_candidates/cpython-313/cpython-313-6ee34f1783e0/decompyle3.py,
cpython-313,data/rq3/cpython-3.13/unique_bug_pyc/cpython-313-71a6b5d83d8c.pyc,decompyle3,rerun,exit_1,"Traceback (most recent call last): File ""<string>"", line 10, in <module> code = compile(source.read_text(encoding=""utf-8""), str(source), ""exec"") File ""data/rq4/source_candidates/cpython-313/cpython-313-71a6b5d83d8c/decompyle3.py"", line 6...",crash,data/rq4/source_candidates/cpython-313/cpython-313-71a6b5d83d8c/decompyle3.py,
cpython-313,data/rq3/cpython-3.13/unique_bug_pyc/cpython-313-758233ecb9fa.pyc,decompyle3,rerun,exit_1,"Traceback (most recent call last): File ""<string>"", line 10, in <module> code = compile(source.read_text(encoding=""utf-8""), str(source), ""exec"") File ""data/rq4/source_candidates/cpython-313/cpython-313-758233ecb9fa/decompyle3.py"", line 6...",crash,data/rq4/source_candidates/cpython-313/cpython-313-758233ecb9fa/decompyle3.py,
cpython-313,data/rq3/cpython-3.13/unique_bug_pyc/cpython-313-6a4767163bae.pyc,decompyle3,rerun,exit_1,"Traceback (most recent call last): File ""<string>"", line 10, in <module> code = compile(source.read_text(encoding=""utf-8""), str(source), ""exec"") File ""data/rq4/source_candidates/cpython-313/cpython-313-6a4767163bae/decompyle3.py"", line 6...",crash,data/rq4/source_candidates/cpython-313/cpython-313-6a4767163bae/decompyle3.py,
cpython-313,data/rq3/cpython-3.13/unique_bug_pyc/cpython-313-67ca27a414de.pyc,decompyle3,decompile,exit_-11,/root/PyBC-Sec/pybcSEC/data/rq2/envs/cpython-313/lib/python3.13/site-packages/click/core.py:1262: UserWarning: The parameter --version is used more than once. Remove its duplicate as parameters should be unique. parser = self.make_parser...,crash,,
cpython-313,data/rq3/cpython-3.13/unique_bug_pyc/cpython-313-76dadecc7f6b.pyc,decompyle3,rerun,exit_1,"Traceback (most recent call last): File ""<string>"", line 10, in <module> code = compile(source.read_text(encoding=""utf-8""), str(source), ""exec"") File ""data/rq4/source_candidates/cpython-313/cpython-313-76dadecc7f6b/decompyle3.py"", line 6...",crash,data/rq4/source_candidates/cpython-313/cpython-313-76dadecc7f6b/decompyle3.py,
cpython-313,data/rq3/cpython-3.13/unique_bug_pyc/cpython-313-76def08b72cb.pyc,decompyle3,rerun,exit_1,"Traceback (most recent call last): File ""<string>"", line 10, in <module> code = compile(source.read_text(encoding=""utf-8""), str(source), ""exec"") File ""data/rq4/source_candidates/cpython-313/cpython-313-76def08b72cb/decompyle3.py"", line 6...",crash,data/rq4/source_candidates/cpython-313/cpython-313-76def08b72cb/decompyle3.py,
cpython-313,data/rq3/cpython-3.13/unique_bug_pyc/cpython-313-7b08a74855a7.pyc,decompyle3,rerun,exit_1,"Traceback (most recent call last): File ""<string>"", line 10, in <module> code = compile(source.read_text(encoding=""utf-8""), str(source), ""exec"") File ""data/rq4/source_candidates/cpython-313/cpython-313-7b08a74855a7/decompyle3.py"", line 6...",crash,data/rq4/source_candidates/cpython-313/cpython-313-7b08a74855a7/decompyle3.py,
cpython-313,data/rq3/cpython-3.13/unique_bug_pyc/cpython-313-7d037d3edbf6.pyc,decompyle3,rerun,exit_1,"Traceback (most recent call last): File ""<string>"", line 10, in <module> code = compile(source.read_text(encoding=""utf-8""), str(source), ""exec"") File ""data/rq4/source_candidates/cpython-313/cpython-313-7d037d3edbf6/decompyle3.py"", line 6...",exit_1,data/rq4/source_candidates/cpython-313/cpython-313-7d037d3edbf6/decompyle3.py,
cpython-313,data/rq3/cpython-3.13/unique_bug_pyc/cpython-313-7e08bd42b83c.pyc,decompyle3,rerun,exit_1,"Traceback (most recent call last): File ""<string>"", line 10, in <module> code = compile(source.read_text(encoding=""utf-8""), str(source), ""exec"") File ""data/rq4/source_candidates/cpython-313/cpython-313-7e08bd42b83c/decompyle3.py"", line 6...",exit_1,data/rq4/source_candidates/cpython-313/cpython-313-7e08bd42b83c/decompyle3.py,
cpython-313,data/rq3/cpython-3.13/unique_bug_pyc/cpython-313-782e3be9d630.pyc,decompyle3,rerun,exit_1,"Traceback (most recent call last): File ""<string>"", line 10, in <module> code = compile(source.read_text(encoding=""utf-8""), str(source), ""exec"") File ""data/rq4/source_candidates/cpython-313/cpython-313-782e3be9d630/decompyle3.py"", line 6...",crash,data/rq4/source_candidates/cpython-313/cpython-313-782e3be9d630/decompyle3.py,
cpython-313,data/rq3/cpython-3.13/unique_bug_pyc/cpython-313-7db927a10894.pyc,decompyle3,rerun,exit_1,"Traceback (most recent call last): File ""<string>"", line 10, in <module> code = compile(source.read_text(encoding=""utf-8""), str(source), ""exec"") File ""data/rq4/source_candidates/cpython-313/cpython-313-7db927a10894/decompyle3.py"", line 6...",exit_1,data/rq4/source_candidates/cpython-313/cpython-313-7db927a10894/decompyle3.py,
cpython-313,data/rq3/cpython-3.13/unique_bug_pyc/cpython-313-783e2ef94b77.pyc,decompyle3,rerun,exit_1,"Traceback (most recent call last): File ""<string>"", line 10, in <module> code = compile(source.read_text(encoding=""utf-8""), str(source), ""exec"") File ""data/rq4/source_candidates/cpython-313/cpython-313-783e2ef94b77/decompyle3.py"", line 6...",crash,data/rq4/source_candidates/cpython-313/cpython-313-783e2ef94b77/decompyle3.py,
cpython-313,data/rq3/cpython-3.13/unique_bug_pyc/cpython-313-7d64b1eadeef.pyc,decompyle3,rerun,exit_1,"Traceback (most recent call last): File ""<string>"", line 10, in <module> code = compile(source.read_text(encoding=""utf-8""), str(source), ""exec"") File ""data/rq4/source_candidates/cpython-313/cpython-313-7d64b1eadeef/decompyle3.py"", line 6...",crash,data/rq4/source_candidates/cpython-313/cpython-313-7d64b1eadeef/decompyle3.py,
cpython-313,data/rq3/cpython-3.13/unique_bug_pyc/cpython-313-803a99e1484f.pyc,decompyle3,rerun,exit_1,"Traceback (most recent call last): File ""<string>"", line 10, in <module> code = compile(source.read_text(encoding=""utf-8""), str(source), ""exec"") File ""data/rq4/source_candidates/cpython-313/cpython-313-803a99e1484f/decompyle3.py"", line 6...",crash,data/rq4/source_candidates/cpython-313/cpython-313-803a99e1484f/decompyle3.py,
cpython-313,data/rq3/cpython-3.13/unique_bug_pyc/cpython-313-7ef4d2dad4e5.pyc,decompyle3,rerun,exit_1,"Traceback (most recent call last): File ""<string>"", line 10, in <module> code = compile(source.read_text(encoding=""utf-8""), str(source), ""exec"") File ""data/rq4/source_candidates/cpython-313/cpython-313-7ef4d2dad4e5/decompyle3.py"", line 6...",crash,data/rq4/source_candidates/cpython-313/cpython-313-7ef4d2dad4e5/decompyle3.py,
cpython-313,data/rq3/cpython-3.13/unique_bug_pyc/cpython-313-899320f7d86c.pyc,decompyle3,rerun,exit_1,"Traceback (most recent call last): File ""<string>"", line 10, in <module> code = compile(source.read_text(encoding=""utf-8""), str(source), ""exec"") File ""data/rq4/source_candidates/cpython-313/cpython-313-899320f7d86c/decompyle3.py"", line 6...",exit_1,data/rq4/source_candidates/cpython-313/cpython-313-899320f7d86c/decompyle3.py,
cpython-313,data/rq3/cpython-3.13/unique_bug_pyc/cpython-313-7f1d083a5c53.pyc,decompyle3,rerun,exit_1,"Traceback (most recent call last): File ""<string>"", line 10, in <module> code = compile(source.read_text(encoding=""utf-8""), str(source), ""exec"") File ""data/rq4/source_candidates/cpython-313/cpython-313-7f1d083a5c53/decompyle3.py"", line 6...",crash,data/rq4/source_candidates/cpython-313/cpython-313-7f1d083a5c53/decompyle3.py,
cpython-313,data/rq3/cpython-3.13/unique_bug_pyc/cpython-313-7c3c7040a8a0.pyc,decompyle3,decompile,exit_-11,/root/PyBC-Sec/pybcSEC/data/rq2/envs/cpython-313/lib/python3.13/site-packages/click/core.py:1262: UserWarning: The parameter --version is used more than once. Remove its duplicate as parameters should be unique. parser = self.make_parser...,crash,,
cpython-313,data/rq3/cpython-3.13/unique_bug_pyc/cpython-313-82438fdc039e.pyc,decompyle3,rerun,exit_1,"Traceback (most recent call last): File ""<string>"", line 10, in <module> code = compile(source.read_text(encoding=""utf-8""), str(source), ""exec"") File ""data/rq4/source_candidates/cpython-313/cpython-313-82438fdc039e/decompyle3.py"", line 6...",crash,data/rq4/source_candidates/cpython-313/cpython-313-82438fdc039e/decompyle3.py,
cpython-313,data/rq3/cpython-3.13/unique_bug_pyc/cpython-313-82b0d51f0414.pyc,decompyle3,rerun,exit_1,"Traceback (most recent call last): File ""<string>"", line 10, in <module> code = compile(source.read_text(encoding=""utf-8""), str(source), ""exec"") File ""data/rq4/source_candidates/cpython-313/cpython-313-82b0d51f0414/decompyle3.py"", line 6...",crash,data/rq4/source_candidates/cpython-313/cpython-313-82b0d51f0414/decompyle3.py,
cpython-313,data/rq3/cpython-3.13/unique_bug_pyc/cpython-313-83268c717577.pyc,decompyle3,rerun,exit_1,"Traceback (most recent call last): File ""<string>"", line 10, in <module> code = compile(source.read_text(encoding=""utf-8""), str(source), ""exec"") File ""data/rq4/source_candidates/cpython-313/cpython-313-83268c717577/decompyle3.py"", line 6...",crash,data/rq4/source_candidates/cpython-313/cpython-313-83268c717577/decompyle3.py,
cpython-313,data/rq3/cpython-3.13/unique_bug_pyc/cpython-313-81dbe738e7a9.pyc,decompyle3,rerun,exit_1,"Traceback (most recent call last): File ""<string>"", line 10, in <module> code = compile(source.read_text(encoding=""utf-8""), str(source), ""exec"") File ""data/rq4/source_candidates/cpython-313/cpython-313-81dbe738e7a9/decompyle3.py"", line 6...",crash,data/rq4/source_candidates/cpython-313/cpython-313-81dbe738e7a9/decompyle3.py,
cpython-313,data/rq3/cpython-3.13/unique_bug_pyc/cpython-313-8b259977140c.pyc,decompyle3,rerun,exit_1,"Traceback (most recent call last): File ""<string>"", line 10, in <module> code = compile(source.read_text(encoding=""utf-8""), str(source), ""exec"") File ""data/rq4/source_candidates/cpython-313/cpython-313-8b259977140c/decompyle3.py"", line 6...",exit_1,data/rq4/source_candidates/cpython-313/cpython-313-8b259977140c/decompyle3.py,
cpython-313,data/rq3/cpython-3.13/unique_bug_pyc/cpython-313-83eea1ccf306.pyc,decompyle3,rerun,exit_1,"Traceback (most recent call last): File ""<string>"", line 10, in <module> code = compile(source.read_text(encoding=""utf-8""), str(source), ""exec"") File ""data/rq4/source_candidates/cpython-313/cpython-313-83eea1ccf306/decompyle3.py"", line 6...",crash,data/rq4/source_candidates/cpython-313/cpython-313-83eea1ccf306/decompyle3.py,
cpython-313,data/rq3/cpython-3.13/unique_bug_pyc/cpython-313-875c4e7f37f7.pyc,decompyle3,rerun,exit_1,"Traceback (most recent call last): File ""<string>"", line 10, in <module> code = compile(source.read_text(encoding=""utf-8""), str(source), ""exec"") File ""data/rq4/source_candidates/cpython-313/cpython-313-875c4e7f37f7/decompyle3.py"", line 6...",crash,data/rq4/source_candidates/cpython-313/cpython-313-875c4e7f37f7/decompyle3.py,
cpython-313,data/rq3/cpython-3.13/unique_bug_pyc/cpython-313-854d96bfd3b9.pyc,decompyle3,rerun,exit_1,"Traceback (most recent call last): File ""<string>"", line 10, in <module> code = compile(source.read_text(encoding=""utf-8""), str(source), ""exec"") File ""data/rq4/source_candidates/cpython-313/cpython-313-854d96bfd3b9/decompyle3.py"", line 6...",crash,data/rq4/source_candidates/cpython-313/cpython-313-854d96bfd3b9/decompyle3.py,
cpython-313,data/rq3/cpython-3.13/unique_bug_pyc/cpython-313-8e26ca7de03e.pyc,decompyle3,rerun,exit_1,"Traceback (most recent call last): File ""<string>"", line 10, in <module> code = compile(source.read_text(encoding=""utf-8""), str(source), ""exec"") File ""data/rq4/source_candidates/cpython-313/cpython-313-8e26ca7de03e/decompyle3.py"", line 6...",exit_1,data/rq4/source_candidates/cpython-313/cpython-313-8e26ca7de03e/decompyle3.py,
cpython-313,data/rq3/cpython-3.13/unique_bug_pyc/cpython-313-8aba73975828.pyc,decompyle3,rerun,exit_1,"Traceback (most recent call last): File ""<string>"", line 10, in <module> code = compile(source.read_text(encoding=""utf-8""), str(source), ""exec"") File ""data/rq4/source_candidates/cpython-313/cpython-313-8aba73975828/decompyle3.py"", line 6...",crash,data/rq4/source_candidates/cpython-313/cpython-313-8aba73975828/decompyle3.py,
cpython-313,data/rq3/cpython-3.13/unique_bug_pyc/cpython-313-8cf84e3947d3.pyc,decompyle3,rerun,exit_1,"Traceback (most recent call last): File ""<string>"", line 10, in <module> code = compile(source.read_text(encoding=""utf-8""), str(source), ""exec"") File ""data/rq4/source_candidates/cpython-313/cpython-313-8cf84e3947d3/decompyle3.py"", line 6...",crash,data/rq4/source_candidates/cpython-313/cpython-313-8cf84e3947d3/decompyle3.py,
cpython-313,data/rq3/cpython-3.13/unique_bug_pyc/cpython-313-8e501416c7cd.pyc,decompyle3,rerun,exit_1,"Traceback (most recent call last): File ""<string>"", line 10, in <module> code = compile(source.read_text(encoding=""utf-8""), str(source), ""exec"") File ""data/rq4/source_candidates/cpython-313/cpython-313-8e501416c7cd/decompyle3.py"", line 7...",crash,data/rq4/source_candidates/cpython-313/cpython-313-8e501416c7cd/decompyle3.py,
cpython-313,data/rq3/cpython-3.13/unique_bug_pyc/cpython-313-8bb3216b6ddf.pyc,decompyle3,rerun,exit_1,"Traceback (most recent call last): File ""<string>"", line 10, in <module> code = compile(source.read_text(encoding=""utf-8""), str(source), ""exec"") File ""data/rq4/source_candidates/cpython-313/cpython-313-8bb3216b6ddf/decompyle3.py"", line 6...",crash,data/rq4/source_candidates/cpython-313/cpython-313-8bb3216b6ddf/decompyle3.py,
cpython-313,data/rq3/cpython-3.13/unique_bug_pyc/cpython-313-8ac23cabb596.pyc,decompyle3,decompile,exit_-11,/root/PyBC-Sec/pybcSEC/data/rq2/envs/cpython-313/lib/python3.13/site-packages/click/core.py:1262: UserWarning: The parameter --version is used more than once. Remove its duplicate as parameters should be unique. parser = self.make_parser...,crash,,
cpython-313,data/rq3/cpython-3.13/unique_bug_pyc/cpython-313-908d05ef08b5.pyc,decompyle3,rerun,exit_1,"Traceback (most recent call last): File ""<string>"", line 10, in <module> code = compile(source.read_text(encoding=""utf-8""), str(source), ""exec"") SyntaxError: source code string cannot contain null bytes",crash,data/rq4/source_candidates/cpython-313/cpython-313-908d05ef08b5/decompyle3.py,
cpython-313,data/rq3/cpython-3.13/unique_bug_pyc/cpython-313-91804c1269fb.pyc,decompyle3,rerun,exit_1,"Traceback (most recent call last): File ""<string>"", line 10, in <module> code = compile(source.read_text(encoding=""utf-8""), str(source), ""exec"") File ""data/rq4/source_candidates/cpython-313/cpython-313-91804c1269fb/decompyle3.py"", line 6...",crash,data/rq4/source_candidates/cpython-313/cpython-313-91804c1269fb/decompyle3.py,
cpython-313,data/rq3/cpython-3.13/unique_bug_pyc/cpython-313-991754bce6f7.pyc,decompyle3,rerun,exit_1,"Traceback (most recent call last): File ""<string>"", line 10, in <module> code = compile(source.read_text(encoding=""utf-8""), str(source), ""exec"") File ""data/rq4/source_candidates/cpython-313/cpython-313-991754bce6f7/decompyle3.py"", line 6...",crash,data/rq4/source_candidates/cpython-313/cpython-313-991754bce6f7/decompyle3.py,
cpython-313,data/rq3/cpython-3.13/unique_bug_pyc/cpython-313-93664ef27778.pyc,decompyle3,rerun,exit_1,"Traceback (most recent call last): File ""<string>"", line 10, in <module> code = compile(source.read_text(encoding=""utf-8""), str(source), ""exec"") File ""data/rq4/source_candidates/cpython-313/cpython-313-93664ef27778/decompyle3.py"", line 6...",crash,data/rq4/source_candidates/cpython-313/cpython-313-93664ef27778/decompyle3.py,
cpython-313,data/rq3/cpython-3.13/unique_bug_pyc/cpython-313-9eb1261f0e90.pyc,decompyle3,rerun,exit_1,"Traceback (most recent call last): File ""<string>"", line 10, in <module> code = compile(source.read_text(encoding=""utf-8""), str(source), ""exec"") File ""data/rq4/source_candidates/cpython-313/cpython-313-9eb1261f0e90/decompyle3.py"", line 6...",crash,data/rq4/source_candidates/cpython-313/cpython-313-9eb1261f0e90/decompyle3.py,
cpython-313,data/rq3/cpython-3.13/unique_bug_pyc/cpython-313-9501d32bec8d.pyc,decompyle3,rerun,exit_1,"Traceback (most recent call last): File ""<string>"", line 10, in <module> code = compile(source.read_text(encoding=""utf-8""), str(source), ""exec"") File ""data/rq4/source_candidates/cpython-313/cpython-313-9501d32bec8d/decompyle3.py"", line 6...",crash,data/rq4/source_candidates/cpython-313/cpython-313-9501d32bec8d/decompyle3.py,
cpython-313,data/rq3/cpython-3.13/unique_bug_pyc/cpython-313-964be44a9f95.pyc,decompyle3,rerun,exit_1,"Traceback (most recent call last): File ""<string>"", line 10, in <module> code = compile(source.read_text(encoding=""utf-8""), str(source), ""exec"") File ""data/rq4/source_candidates/cpython-313/cpython-313-964be44a9f95/decompyle3.py"", line 6...",crash,data/rq4/source_candidates/cpython-313/cpython-313-964be44a9f95/decompyle3.py,
cpython-313,data/rq3/cpython-3.13/unique_bug_pyc/cpython-313-a10d485bf9a1.pyc,decompyle3,decompile,exit_1,/root/PyBC-Sec/pybcSEC/data/rq2/envs/cpython-313/lib/python3.13/site-packages/click/core.py:1262: UserWarning: The parameter --version is used more than once. Remove its duplicate as parameters should be unique. parser = self.make_parser...,crash,,
cpython-313,data/rq3/cpython-3.13/unique_bug_pyc/cpython-313-9d9f2baa2bcd.pyc,decompyle3,rerun,exit_1,"Traceback (most recent call last): File ""<string>"", line 10, in <module> code = compile(source.read_text(encoding=""utf-8""), str(source), ""exec"") File ""data/rq4/source_candidates/cpython-313/cpython-313-9d9f2baa2bcd/decompyle3.py"", line 6...",crash,data/rq4/source_candidates/cpython-313/cpython-313-9d9f2baa2bcd/decompyle3.py,
cpython-313,data/rq3/cpython-3.13/unique_bug_pyc/cpython-313-9fa5077d9d01.pyc,decompyle3,rerun,exit_1,"Traceback (most recent call last): File ""<string>"", line 10, in <module> code = compile(source.read_text(encoding=""utf-8""), str(source), ""exec"") File ""data/rq4/source_candidates/cpython-313/cpython-313-9fa5077d9d01/decompyle3.py"", line 6...",crash,data/rq4/source_candidates/cpython-313/cpython-313-9fa5077d9d01/decompyle3.py,
cpython-313,data/rq3/cpython-3.13/unique_bug_pyc/cpython-313-a1729b3d688a.pyc,decompyle3,rerun,exit_1,"Traceback (most recent call last): File ""<string>"", line 10, in <module> code = compile(source.read_text(encoding=""utf-8""), str(source), ""exec"") File ""data/rq4/source_candidates/cpython-313/cpython-313-a1729b3d688a/decompyle3.py"", line 6...",crash,data/rq4/source_candidates/cpython-313/cpython-313-a1729b3d688a/decompyle3.py,
cpython-313,data/rq3/cpython-3.13/unique_bug_pyc/cpython-313-a9e48d0a3405.pyc,decompyle3,rerun,exit_1,"Traceback (most recent call last): File ""<string>"", line 10, in <module> code = compile(source.read_text(encoding=""utf-8""), str(source), ""exec"") File ""data/rq4/source_candidates/cpython-313/cpython-313-a9e48d0a3405/decompyle3.py"", line 6...",crash,data/rq4/source_candidates/cpython-313/cpython-313-a9e48d0a3405/decompyle3.py,
cpython-313,data/rq3/cpython-3.13/unique_bug_pyc/cpython-313-a65adc8929c4.pyc,decompyle3,rerun,exit_1,"Traceback (most recent call last): File ""<string>"", line 10, in <module> code = compile(source.read_text(encoding=""utf-8""), str(source), ""exec"") File ""data/rq4/source_candidates/cpython-313/cpython-313-a65adc8929c4/decompyle3.py"", line 6...",crash,data/rq4/source_candidates/cpython-313/cpython-313-a65adc8929c4/decompyle3.py,
cpython-313,data/rq3/cpython-3.13/unique_bug_pyc/cpython-313-a5402b3d060a.pyc,decompyle3,rerun,exit_1,"Traceback (most recent call last): File ""<string>"", line 10, in <module> code = compile(source.read_text(encoding=""utf-8""), str(source), ""exec"") File ""data/rq4/source_candidates/cpython-313/cpython-313-a5402b3d060a/decompyle3.py"", line 6...",crash,data/rq4/source_candidates/cpython-313/cpython-313-a5402b3d060a/decompyle3.py,
cpython-313,data/rq3/cpython-3.13/unique_bug_pyc/cpython-313-a5c32e005e21.pyc,decompyle3,rerun,exit_1,"Traceback (most recent call last): File ""<string>"", line 10, in <module> code = compile(source.read_text(encoding=""utf-8""), str(source), ""exec"") File ""data/rq4/source_candidates/cpython-313/cpython-313-a5c32e005e21/decompyle3.py"", line 6...",crash,data/rq4/source_candidates/cpython-313/cpython-313-a5c32e005e21/decompyle3.py,
cpython-313,data/rq3/cpython-3.13/unique_bug_pyc/cpython-313-a217794e6047.pyc,decompyle3,rerun,exit_1,"Traceback (most recent call last): File ""<string>"", line 10, in <module> code = compile(source.read_text(encoding=""utf-8""), str(source), ""exec"") File ""data/rq4/source_candidates/cpython-313/cpython-313-a217794e6047/decompyle3.py"", line 6...",crash,data/rq4/source_candidates/cpython-313/cpython-313-a217794e6047/decompyle3.py,
cpython-313,data/rq3/cpython-3.13/unique_bug_pyc/cpython-313-bb4681fea975.pyc,decompyle3,rerun,exit_1,"Traceback (most recent call last): File ""<string>"", line 10, in <module> code = compile(source.read_text(encoding=""utf-8""), str(source), ""exec"") File ""data/rq4/source_candidates/cpython-313/cpython-313-bb4681fea975/decompyle3.py"", line 6...",exit_1,data/rq4/source_candidates/cpython-313/cpython-313-bb4681fea975/decompyle3.py,
cpython-313,data/rq3/cpython-3.13/unique_bug_pyc/cpython-313-a97e537897e5.pyc,decompyle3,rerun,exit_1,"Traceback (most recent call last): File ""<string>"", line 10, in <module> code = compile(source.read_text(encoding=""utf-8""), str(source), ""exec"") File ""data/rq4/source_candidates/cpython-313/cpython-313-a97e537897e5/decompyle3.py"", line 6...",crash,data/rq4/source_candidates/cpython-313/cpython-313-a97e537897e5/decompyle3.py,
cpython-313,data/rq3/cpython-3.13/unique_bug_pyc/cpython-313-aa9928d31aff.pyc,decompyle3,rerun,exit_1,"Traceback (most recent call last): File ""<string>"", line 10, in <module> code = compile(source.read_text(encoding=""utf-8""), str(source), ""exec"") File ""data/rq4/source_candidates/cpython-313/cpython-313-aa9928d31aff/decompyle3.py"", line 6...",crash,data/rq4/source_candidates/cpython-313/cpython-313-aa9928d31aff/decompyle3.py,
cpython-313,data/rq3/cpython-3.13/unique_bug_pyc/cpython-313-a96cd9e9fb7b.pyc,decompyle3,rerun,exit_1,"Traceback (most recent call last): File ""<string>"", line 10, in <module> code = compile(source.read_text(encoding=""utf-8""), str(source), ""exec"") File ""data/rq4/source_candidates/cpython-313/cpython-313-a96cd9e9fb7b/decompyle3.py"", line 6...",crash,data/rq4/source_candidates/cpython-313/cpython-313-a96cd9e9fb7b/decompyle3.py,
cpython-313,data/rq3/cpython-3.13/unique_bug_pyc/cpython-313-b000b9a2542b.pyc,decompyle3,rerun,exit_1,"Traceback (most recent call last): File ""<string>"", line 10, in <module> code = compile(source.read_text(encoding=""utf-8""), str(source), ""exec"") File ""data/rq4/source_candidates/cpython-313/cpython-313-b000b9a2542b/decompyle3.py"", line 6...",crash,data/rq4/source_candidates/cpython-313/cpython-313-b000b9a2542b/decompyle3.py,
cpython-313,data/rq3/cpython-3.13/unique_bug_pyc/cpython-313-b9e66fd17af1.pyc,decompyle3,rerun,exit_1,"Traceback (most recent call last): File ""<string>"", line 10, in <module> code = compile(source.read_text(encoding=""utf-8""), str(source), ""exec"") File ""data/rq4/source_candidates/cpython-313/cpython-313-b9e66fd17af1/decompyle3.py"", line 6...",crash,data/rq4/source_candidates/cpython-313/cpython-313-b9e66fd17af1/decompyle3.py,
cpython-313,data/rq3/cpython-3.13/unique_bug_pyc/cpython-313-b3821bd0cdcd.pyc,decompyle3,rerun,exit_1,"Traceback (most recent call last): File ""<string>"", line 10, in <module> code = compile(source.read_text(encoding=""utf-8""), str(source), ""exec"") File ""data/rq4/source_candidates/cpython-313/cpython-313-b3821bd0cdcd/decompyle3.py"", line 6...",crash,data/rq4/source_candidates/cpython-313/cpython-313-b3821bd0cdcd/decompyle3.py,
cpython-313,data/rq3/cpython-3.13/unique_bug_pyc/cpython-313-abf59634ba58.pyc,decompyle3,rerun,exit_1,"Traceback (most recent call last): File ""<string>"", line 10, in <module> code = compile(source.read_text(encoding=""utf-8""), str(source), ""exec"") SyntaxError: source code string cannot contain null bytes",crash,data/rq4/source_candidates/cpython-313/cpython-313-abf59634ba58/decompyle3.py,
cpython-313,data/rq3/cpython-3.13/unique_bug_pyc/cpython-313-b2ea95eec746.pyc,decompyle3,rerun,exit_1,"Traceback (most recent call last): File ""<string>"", line 10, in <module> code = compile(source.read_text(encoding=""utf-8""), str(source), ""exec"") File ""data/rq4/source_candidates/cpython-313/cpython-313-b2ea95eec746/decompyle3.py"", line 6...",crash,data/rq4/source_candidates/cpython-313/cpython-313-b2ea95eec746/decompyle3.py,
cpython-313,data/rq3/cpython-3.13/unique_bug_pyc/cpython-313-bb78689226ac.pyc,decompyle3,rerun,exit_1,"Traceback (most recent call last): File ""<string>"", line 10, in <module> code = compile(source.read_text(encoding=""utf-8""), str(source), ""exec"") File ""data/rq4/source_candidates/cpython-313/cpython-313-bb78689226ac/decompyle3.py"", line 6...",crash,data/rq4/source_candidates/cpython-313/cpython-313-bb78689226ac/decompyle3.py,
cpython-313,data/rq3/cpython-3.13/unique_bug_pyc/cpython-313-b7a3790126d5.pyc,decompyle3,rerun,exit_1,"Traceback (most recent call last): File ""<string>"", line 10, in <module> code = compile(source.read_text(encoding=""utf-8""), str(source), ""exec"") File ""data/rq4/source_candidates/cpython-313/cpython-313-b7a3790126d5/decompyle3.py"", line 6...",crash,data/rq4/source_candidates/cpython-313/cpython-313-b7a3790126d5/decompyle3.py,
cpython-313,data/rq3/cpython-3.13/unique_bug_pyc/cpython-313-c054e317548d.pyc,decompyle3,rerun,exit_1,"Traceback (most recent call last): File ""<string>"", line 10, in <module> code = compile(source.read_text(encoding=""utf-8""), str(source), ""exec"") File ""data/rq4/source_candidates/cpython-313/cpython-313-c054e317548d/decompyle3.py"", line 6...",exit_1,data/rq4/source_candidates/cpython-313/cpython-313-c054e317548d/decompyle3.py,
cpython-313,data/rq3/cpython-3.13/unique_bug_pyc/cpython-313-bd96ca60a291.pyc,decompyle3,rerun,exit_1,"Traceback (most recent call last): File ""<string>"", line 10, in <module> code = compile(source.read_text(encoding=""utf-8""), str(source), ""exec"") File ""data/rq4/source_candidates/cpython-313/cpython-313-bd96ca60a291/decompyle3.py"", line 6...",crash,data/rq4/source_candidates/cpython-313/cpython-313-bd96ca60a291/decompyle3.py,
cpython-313,data/rq3/cpython-3.13/unique_bug_pyc/cpython-313-c2c459aa362f.pyc,decompyle3,rerun,exit_1,"Traceback (most recent call last): File ""<string>"", line 10, in <module> code = compile(source.read_text(encoding=""utf-8""), str(source), ""exec"") File ""data/rq4/source_candidates/cpython-313/cpython-313-c2c459aa362f/decompyle3.py"", line 6...",crash,data/rq4/source_candidates/cpython-313/cpython-313-c2c459aa362f/decompyle3.py,
cpython-313,data/rq3/cpython-3.13/unique_bug_pyc/cpython-313-bdc371ce3bd8.pyc,decompyle3,rerun,exit_1,"Traceback (most recent call last): File ""<string>"", line 10, in <module> code = compile(source.read_text(encoding=""utf-8""), str(source), ""exec"") File ""data/rq4/source_candidates/cpython-313/cpython-313-bdc371ce3bd8/decompyle3.py"", line 6...",crash,data/rq4/source_candidates/cpython-313/cpython-313-bdc371ce3bd8/decompyle3.py,
cpython-313,data/rq3/cpython-3.13/unique_bug_pyc/cpython-313-ca945a82af9c.pyc,decompyle3,rerun,exit_1,"Traceback (most recent call last): File ""<string>"", line 10, in <module> code = compile(source.read_text(encoding=""utf-8""), str(source), ""exec"") File ""data/rq4/source_candidates/cpython-313/cpython-313-ca945a82af9c/decompyle3.py"", line 6...",crash,data/rq4/source_candidates/cpython-313/cpython-313-ca945a82af9c/decompyle3.py,
cpython-313,data/rq3/cpython-3.13/unique_bug_pyc/cpython-313-cea915b9c20b.pyc,decompyle3,rerun,exit_1,"Traceback (most recent call last): File ""<string>"", line 10, in <module> code = compile(source.read_text(encoding=""utf-8""), str(source), ""exec"") File ""data/rq4/source_candidates/cpython-313/cpython-313-cea915b9c20b/decompyle3.py"", line 6...",exit_1,data/rq4/source_candidates/cpython-313/cpython-313-cea915b9c20b/decompyle3.py,
cpython-313,data/rq3/cpython-3.13/unique_bug_pyc/cpython-313-c07b62f7ccbe.pyc,decompyle3,rerun,exit_1,"Traceback (most recent call last): File ""<string>"", line 10, in <module> code = compile(source.read_text(encoding=""utf-8""), str(source), ""exec"") File ""data/rq4/source_candidates/cpython-313/cpython-313-c07b62f7ccbe/decompyle3.py"", line 6...",crash,data/rq4/source_candidates/cpython-313/cpython-313-c07b62f7ccbe/decompyle3.py,
cpython-313,data/rq3/cpython-3.13/unique_bug_pyc/cpython-313-be11a5b599ba.pyc,decompyle3,rerun,exit_1,"Traceback (most recent call last): File ""<string>"", line 10, in <module> code = compile(source.read_text(encoding=""utf-8""), str(source), ""exec"") File ""data/rq4/source_candidates/cpython-313/cpython-313-be11a5b599ba/decompyle3.py"", line 6...",crash,data/rq4/source_candidates/cpython-313/cpython-313-be11a5b599ba/decompyle3.py,
cpython-313,data/rq3/cpython-3.13/unique_bug_pyc/cpython-313-cd465dd51d07.pyc,decompyle3,rerun,exit_1,"Traceback (most recent call last): File ""<string>"", line 10, in <module> code = compile(source.read_text(encoding=""utf-8""), str(source), ""exec"") File ""data/rq4/source_candidates/cpython-313/cpython-313-cd465dd51d07/decompyle3.py"", line 6...",exit_1,data/rq4/source_candidates/cpython-313/cpython-313-cd465dd51d07/decompyle3.py,
cpython-313,data/rq3/cpython-3.13/unique_bug_pyc/cpython-313-c5b3638cade2.pyc,decompyle3,rerun,exit_1,"Traceback (most recent call last): File ""<string>"", line 10, in <module> code = compile(source.read_text(encoding=""utf-8""), str(source), ""exec"") File ""data/rq4/source_candidates/cpython-313/cpython-313-c5b3638cade2/decompyle3.py"", line 6...",crash,data/rq4/source_candidates/cpython-313/cpython-313-c5b3638cade2/decompyle3.py,
cpython-313,data/rq3/cpython-3.13/unique_bug_pyc/cpython-313-cc32f2de601c.pyc,decompyle3,rerun,exit_1,"Traceback (most recent call last): File ""<string>"", line 10, in <module> code = compile(source.read_text(encoding=""utf-8""), str(source), ""exec"") File ""data/rq4/source_candidates/cpython-313/cpython-313-cc32f2de601c/decompyle3.py"", line 6...",crash,data/rq4/source_candidates/cpython-313/cpython-313-cc32f2de601c/decompyle3.py,
cpython-313,data/rq3/cpython-3.13/unique_bug_pyc/cpython-313-cefb3da10e42.pyc,decompyle3,rerun,exit_1,"Traceback (most recent call last): File ""<string>"", line 10, in <module> code = compile(source.read_text(encoding=""utf-8""), str(source), ""exec"") File ""data/rq4/source_candidates/cpython-313/cpython-313-cefb3da10e42/decompyle3.py"", line 6...",crash,data/rq4/source_candidates/cpython-313/cpython-313-cefb3da10e42/decompyle3.py,
cpython-313,data/rq3/cpython-3.13/unique_bug_pyc/cpython-313-cc0e867d3137.pyc,decompyle3,rerun,exit_1,"Traceback (most recent call last): File ""<string>"", line 10, in <module> code = compile(source.read_text(encoding=""utf-8""), str(source), ""exec"") File ""data/rq4/source_candidates/cpython-313/cpython-313-cc0e867d3137/decompyle3.py"", line 6...",crash,data/rq4/source_candidates/cpython-313/cpython-313-cc0e867d3137/decompyle3.py,
cpython-313,data/rq3/cpython-3.13/unique_bug_pyc/cpython-313-d284963a08f0.pyc,decompyle3,rerun,exit_1,"Traceback (most recent call last): File ""<string>"", line 10, in <module> code = compile(source.read_text(encoding=""utf-8""), str(source), ""exec"") File ""data/rq4/source_candidates/cpython-313/cpython-313-d284963a08f0/decompyle3.py"", line 6...",crash,data/rq4/source_candidates/cpython-313/cpython-313-d284963a08f0/decompyle3.py,
cpython-313,data/rq3/cpython-3.13/unique_bug_pyc/cpython-313-c3a99da4d0ff.pyc,decompyle3,rerun,exit_1,"Traceback (most recent call last): File ""<string>"", line 10, in <module> code = compile(source.read_text(encoding=""utf-8""), str(source), ""exec"") File ""data/rq4/source_candidates/cpython-313/cpython-313-c3a99da4d0ff/decompyle3.py"", line 6...",crash,data/rq4/source_candidates/cpython-313/cpython-313-c3a99da4d0ff/decompyle3.py,
cpython-313,data/rq3/cpython-3.13/unique_bug_pyc/cpython-313-d5e0e2676581.pyc,decompyle3,rerun,exit_1,"Traceback (most recent call last): File ""<string>"", line 10, in <module> code = compile(source.read_text(encoding=""utf-8""), str(source), ""exec"") File ""data/rq4/source_candidates/cpython-313/cpython-313-d5e0e2676581/decompyle3.py"", line 6...",crash,data/rq4/source_candidates/cpython-313/cpython-313-d5e0e2676581/decompyle3.py,
cpython-313,data/rq3/cpython-3.13/unique_bug_pyc/cpython-313-dc4f85502591.pyc,decompyle3,rerun,exit_1,"Traceback (most recent call last): File ""<string>"", line 10, in <module> code = compile(source.read_text(encoding=""utf-8""), str(source), ""exec"") File ""data/rq4/source_candidates/cpython-313/cpython-313-dc4f85502591/decompyle3.py"", line 6...",exit_1,data/rq4/source_candidates/cpython-313/cpython-313-dc4f85502591/decompyle3.py,
cpython-313,data/rq3/cpython-3.13/unique_bug_pyc/cpython-313-d9718803c19d.pyc,decompyle3,rerun,exit_1,"Traceback (most recent call last): File ""<string>"", line 10, in <module> code = compile(source.read_text(encoding=""utf-8""), str(source), ""exec"") File ""data/rq4/source_candidates/cpython-313/cpython-313-d9718803c19d/decompyle3.py"", line 6...",crash,data/rq4/source_candidates/cpython-313/cpython-313-d9718803c19d/decompyle3.py,
cpython-313,data/rq3/cpython-3.13/unique_bug_pyc/cpython-313-dc8f177debc5.pyc,decompyle3,rerun,exit_1,"Traceback (most recent call last): File ""<string>"", line 10, in <module> code = compile(source.read_text(encoding=""utf-8""), str(source), ""exec"") File ""data/rq4/source_candidates/cpython-313/cpython-313-dc8f177debc5/decompyle3.py"", line 6...",exit_1,data/rq4/source_candidates/cpython-313/cpython-313-dc8f177debc5/decompyle3.py,
cpython-313,data/rq3/cpython-3.13/unique_bug_pyc/cpython-313-d93917b869eb.pyc,decompyle3,rerun,exit_1,"Traceback (most recent call last): File ""<string>"", line 10, in <module> code = compile(source.read_text(encoding=""utf-8""), str(source), ""exec"") File ""data/rq4/source_candidates/cpython-313/cpython-313-d93917b869eb/decompyle3.py"", line 6...",crash,data/rq4/source_candidates/cpython-313/cpython-313-d93917b869eb/decompyle3.py,
cpython-313,data/rq3/cpython-3.13/unique_bug_pyc/cpython-313-d9a066d477f8.pyc,decompyle3,rerun,exit_1,"Traceback (most recent call last): File ""<string>"", line 10, in <module> code = compile(source.read_text(encoding=""utf-8""), str(source), ""exec"") File ""data/rq4/source_candidates/cpython-313/cpython-313-d9a066d477f8/decompyle3.py"", line 6...",crash,data/rq4/source_candidates/cpython-313/cpython-313-d9a066d477f8/decompyle3.py,
cpython-313,data/rq3/cpython-3.13/unique_bug_pyc/cpython-313-dc3b32b1a302.pyc,decompyle3,rerun,exit_1,"Traceback (most recent call last): File ""<string>"", line 10, in <module> code = compile(source.read_text(encoding=""utf-8""), str(source), ""exec"") File ""data/rq4/source_candidates/cpython-313/cpython-313-dc3b32b1a302/decompyle3.py"", line 6...",crash,data/rq4/source_candidates/cpython-313/cpython-313-dc3b32b1a302/decompyle3.py,
cpython-313,data/rq3/cpython-3.13/unique_bug_pyc/cpython-313-d75a0ae6b86a.pyc,decompyle3,rerun,exit_1,"Traceback (most recent call last): File ""<string>"", line 10, in <module> code = compile(source.read_text(encoding=""utf-8""), str(source), ""exec"") File ""data/rq4/source_candidates/cpython-313/cpython-313-d75a0ae6b86a/decompyle3.py"", line 6...",crash,data/rq4/source_candidates/cpython-313/cpython-313-d75a0ae6b86a/decompyle3.py,
cpython-313,data/rq3/cpython-3.13/unique_bug_pyc/cpython-313-dcf5358ac8c4.pyc,decompyle3,rerun,exit_1,"Traceback (most recent call last): File ""<string>"", line 10, in <module> code = compile(source.read_text(encoding=""utf-8""), str(source), ""exec"") File ""data/rq4/source_candidates/cpython-313/cpython-313-dcf5358ac8c4/decompyle3.py"", line 6...",crash,data/rq4/source_candidates/cpython-313/cpython-313-dcf5358ac8c4/decompyle3.py,
cpython-313,data/rq3/cpython-3.13/unique_bug_pyc/cpython-313-e3ab86eba907.pyc,decompyle3,rerun,exit_1,"Traceback (most recent call last): File ""<string>"", line 10, in <module> code = compile(source.read_text(encoding=""utf-8""), str(source), ""exec"") File ""data/rq4/source_candidates/cpython-313/cpython-313-e3ab86eba907/decompyle3.py"", line 6...",exit_1,data/rq4/source_candidates/cpython-313/cpython-313-e3ab86eba907/decompyle3.py,
cpython-313,data/rq3/cpython-3.13/unique_bug_pyc/cpython-313-dec8fe9c2f66.pyc,decompyle3,rerun,exit_1,"Traceback (most recent call last): File ""<string>"", line 10, in <module> code = compile(source.read_text(encoding=""utf-8""), str(source), ""exec"") File ""data/rq4/source_candidates/cpython-313/cpython-313-dec8fe9c2f66/decompyle3.py"", line 6...",crash,data/rq4/source_candidates/cpython-313/cpython-313-dec8fe9c2f66/decompyle3.py,
cpython-313,data/rq3/cpython-3.13/unique_bug_pyc/cpython-313-de45c0ef55a1.pyc,decompyle3,rerun,exit_1,"Traceback (most recent call last): File ""<string>"", line 10, in <module> code = compile(source.read_text(encoding=""utf-8""), str(source), ""exec"") File ""data/rq4/source_candidates/cpython-313/cpython-313-de45c0ef55a1/decompyle3.py"", line 6...",crash,data/rq4/source_candidates/cpython-313/cpython-313-de45c0ef55a1/decompyle3.py,
cpython-313,data/rq3/cpython-3.13/unique_bug_pyc/cpython-313-dea31034d95f.pyc,decompyle3,rerun,exit_1,"Traceback (most recent call last): File ""<string>"", line 10, in <module> code = compile(source.read_text(encoding=""utf-8""), str(source), ""exec"") File ""data/rq4/source_candidates/cpython-313/cpython-313-dea31034d95f/decompyle3.py"", line 6...",crash,data/rq4/source_candidates/cpython-313/cpython-313-dea31034d95f/decompyle3.py,
cpython-313,data/rq3/cpython-3.13/unique_bug_pyc/cpython-313-e179d2d586c9.pyc,decompyle3,rerun,exit_1,"Traceback (most recent call last): File ""<string>"", line 10, in <module> code = compile(source.read_text(encoding=""utf-8""), str(source), ""exec"") File ""data/rq4/source_candidates/cpython-313/cpython-313-e179d2d586c9/decompyle3.py"", line 6...",crash,data/rq4/source_candidates/cpython-313/cpython-313-e179d2d586c9/decompyle3.py,
cpython-313,data/rq3/cpython-3.13/unique_bug_pyc/cpython-313-e00883e864c5.pyc,decompyle3,rerun,exit_1,"Traceback (most recent call last): File ""<string>"", line 10, in <module> code = compile(source.read_text(encoding=""utf-8""), str(source), ""exec"") File ""data/rq4/source_candidates/cpython-313/cpython-313-e00883e864c5/decompyle3.py"", line 6...",crash,data/rq4/source_candidates/cpython-313/cpython-313-e00883e864c5/decompyle3.py,
cpython-313,data/rq3/cpython-3.13/unique_bug_pyc/cpython-313-e232326b90a6.pyc,decompyle3,rerun,exit_1,"Traceback (most recent call last): File ""<string>"", line 10, in <module> code = compile(source.read_text(encoding=""utf-8""), str(source), ""exec"") File ""data/rq4/source_candidates/cpython-313/cpython-313-e232326b90a6/decompyle3.py"", line 6...",crash,data/rq4/source_candidates/cpython-313/cpython-313-e232326b90a6/decompyle3.py,
cpython-313,data/rq3/cpython-3.13/unique_bug_pyc/cpython-313-e354e216505e.pyc,decompyle3,rerun,exit_1,"Traceback (most recent call last): File ""<string>"", line 10, in <module> code = compile(source.read_text(encoding=""utf-8""), str(source), ""exec"") File ""data/rq4/source_candidates/cpython-313/cpython-313-e354e216505e/decompyle3.py"", line 7...",crash,data/rq4/source_candidates/cpython-313/cpython-313-e354e216505e/decompyle3.py,
cpython-313,data/rq3/cpython-3.13/unique_bug_pyc/cpython-313-e1160566c937.pyc,decompyle3,decompile,exit_-11,/root/PyBC-Sec/pybcSEC/data/rq2/envs/cpython-313/lib/python3.13/site-packages/click/core.py:1262: UserWarning: The parameter --version is used more than once. Remove its duplicate as parameters should be unique. parser = self.make_parser...,crash,,
cpython-313,data/rq3/cpython-3.13/unique_bug_pyc/cpython-313-e443acdd062c.pyc,decompyle3,decompile,exit_2,/root/PyBC-Sec/pybcSEC/data/rq2/envs/cpython-313/lib/python3.13/site-packages/click/core.py:1262: UserWarning: The parameter --version is used more than once. Remove its duplicate as parameters should be unique. parser = self.make_parser...,crash,,
cpython-313,data/rq3/cpython-3.13/unique_bug_pyc/cpython-313-e0efdad962a5.pyc,decompyle3,rerun,exit_1,"Traceback (most recent call last): File ""<string>"", line 10, in <module> code = compile(source.read_text(encoding=""utf-8""), str(source), ""exec"") File ""data/rq4/source_candidates/cpython-313/cpython-313-e0efdad962a5/decompyle3.py"", line 6...",crash,data/rq4/source_candidates/cpython-313/cpython-313-e0efdad962a5/decompyle3.py,
cpython-313,data/rq3/cpython-3.13/unique_bug_pyc/cpython-313-e4261a6c6a43.pyc,decompyle3,rerun,exit_1,"Traceback (most recent call last): File ""<string>"", line 10, in <module> code = compile(source.read_text(encoding=""utf-8""), str(source), ""exec"") File ""data/rq4/source_candidates/cpython-313/cpython-313-e4261a6c6a43/decompyle3.py"", line 6...",crash,data/rq4/source_candidates/cpython-313/cpython-313-e4261a6c6a43/decompyle3.py,
cpython-313,data/rq3/cpython-3.13/unique_bug_pyc/cpython-313-e20359943625.pyc,decompyle3,rerun,exit_1,"Traceback (most recent call last): File ""<string>"", line 10, in <module> code = compile(source.read_text(encoding=""utf-8""), str(source), ""exec"") File ""data/rq4/source_candidates/cpython-313/cpython-313-e20359943625/decompyle3.py"", line 6...",crash,data/rq4/source_candidates/cpython-313/cpython-313-e20359943625/decompyle3.py,
cpython-313,data/rq3/cpython-3.13/unique_bug_pyc/cpython-313-e9db7550cccd.pyc,decompyle3,rerun,exit_1,"Traceback (most recent call last): File ""<string>"", line 10, in <module> code = compile(source.read_text(encoding=""utf-8""), str(source), ""exec"") File ""data/rq4/source_candidates/cpython-313/cpython-313-e9db7550cccd/decompyle3.py"", line 6...",crash,data/rq4/source_candidates/cpython-313/cpython-313-e9db7550cccd/decompyle3.py,
cpython-313,data/rq3/cpython-3.13/unique_bug_pyc/cpython-313-e415d286c5fe.pyc,decompyle3,rerun,exit_1,"Traceback (most recent call last): File ""<string>"", line 10, in <module> code = compile(source.read_text(encoding=""utf-8""), str(source), ""exec"") File ""data/rq4/source_candidates/cpython-313/cpython-313-e415d286c5fe/decompyle3.py"", line 6...",crash,data/rq4/source_candidates/cpython-313/cpython-313-e415d286c5fe/decompyle3.py,
cpython-313,data/rq3/cpython-3.13/unique_bug_pyc/cpython-313-ebb025dc2f18.pyc,decompyle3,rerun,exit_1,"Traceback (most recent call last): File ""<string>"", line 10, in <module> code = compile(source.read_text(encoding=""utf-8""), str(source), ""exec"") File ""data/rq4/source_candidates/cpython-313/cpython-313-ebb025dc2f18/decompyle3.py"", line 6...",crash,data/rq4/source_candidates/cpython-313/cpython-313-ebb025dc2f18/decompyle3.py,
cpython-313,data/rq3/cpython-3.13/unique_bug_pyc/cpython-313-ee3a539d0b9b.pyc,decompyle3,rerun,exit_1,"Traceback (most recent call last): File ""<string>"", line 10, in <module> code = compile(source.read_text(encoding=""utf-8""), str(source), ""exec"") File ""data/rq4/source_candidates/cpython-313/cpython-313-ee3a539d0b9b/decompyle3.py"", line 6...",crash,data/rq4/source_candidates/cpython-313/cpython-313-ee3a539d0b9b/decompyle3.py,
cpython-313,data/rq3/cpython-3.13/unique_bug_pyc/cpython-313-f0f8c3963da7.pyc,decompyle3,rerun,exit_1,"Traceback (most recent call last): File ""<string>"", line 10, in <module> code = compile(source.read_text(encoding=""utf-8""), str(source), ""exec"") File ""data/rq4/source_candidates/cpython-313/cpython-313-f0f8c3963da7/decompyle3.py"", line 6...",crash,data/rq4/source_candidates/cpython-313/cpython-313-f0f8c3963da7/decompyle3.py,
cpython-313,data/rq3/cpython-3.13/unique_bug_pyc/cpython-313-f244c003d6fd.pyc,decompyle3,rerun,exit_1,"Traceback (most recent call last): File ""<string>"", line 10, in <module> code = compile(source.read_text(encoding=""utf-8""), str(source), ""exec"") File ""data/rq4/source_candidates/cpython-313/cpython-313-f244c003d6fd/decompyle3.py"", line 6...",crash,data/rq4/source_candidates/cpython-313/cpython-313-f244c003d6fd/decompyle3.py,
cpython-313,data/rq3/cpython-3.13/unique_bug_pyc/cpython-313-eb9e88278d09.pyc,decompyle3,rerun,exit_1,"Traceback (most recent call last): File ""<string>"", line 10, in <module> code = compile(source.read_text(encoding=""utf-8""), str(source), ""exec"") File ""data/rq4/source_candidates/cpython-313/cpython-313-eb9e88278d09/decompyle3.py"", line 6...",crash,data/rq4/source_candidates/cpython-313/cpython-313-eb9e88278d09/decompyle3.py,
cpython-313,data/rq3/cpython-3.13/unique_bug_pyc/cpython-313-f25e891b89ea.pyc,decompyle3,rerun,exit_1,"Traceback (most recent call last): File ""<string>"", line 10, in <module> code = compile(source.read_text(encoding=""utf-8""), str(source), ""exec"") File ""data/rq4/source_candidates/cpython-313/cpython-313-f25e891b89ea/decompyle3.py"", line 6...",crash,data/rq4/source_candidates/cpython-313/cpython-313-f25e891b89ea/decompyle3.py,
cpython-313,data/rq3/cpython-3.13/unique_bug_pyc/cpython-313-f55a0c30230f.pyc,decompyle3,rerun,exit_1,"Traceback (most recent call last): File ""<string>"", line 10, in <module> code = compile(source.read_text(encoding=""utf-8""), str(source), ""exec"") File ""data/rq4/source_candidates/cpython-313/cpython-313-f55a0c30230f/decompyle3.py"", line 6...",crash,data/rq4/source_candidates/cpython-313/cpython-313-f55a0c30230f/decompyle3.py,
cpython-313,data/rq3/cpython-3.13/unique_bug_pyc/cpython-313-f34514bf58a9.pyc,decompyle3,rerun,exit_1,"Traceback (most recent call last): File ""<string>"", line 10, in <module> code = compile(source.read_text(encoding=""utf-8""), str(source), ""exec"") File ""data/rq4/source_candidates/cpython-313/cpython-313-f34514bf58a9/decompyle3.py"", line 6...",crash,data/rq4/source_candidates/cpython-313/cpython-313-f34514bf58a9/decompyle3.py,
cpython-313,data/rq3/cpython-3.13/unique_bug_pyc/cpython-313-fea3ac5def63.pyc,decompyle3,rerun,exit_1,"Traceback (most recent call last): File ""<string>"", line 10, in <module> code = compile(source.read_text(encoding=""utf-8""), str(source), ""exec"") File ""data/rq4/source_candidates/cpython-313/cpython-313-fea3ac5def63/decompyle3.py"", line 6...",exit_1,data/rq4/source_candidates/cpython-313/cpython-313-fea3ac5def63/decompyle3.py,
cpython-313,data/rq3/cpython-3.13/unique_bug_pyc/cpython-313-f28de420cae1.pyc,decompyle3,rerun,exit_1,"Traceback (most recent call last): File ""<string>"", line 10, in <module> code = compile(source.read_text(encoding=""utf-8""), str(source), ""exec"") File ""data/rq4/source_candidates/cpython-313/cpython-313-f28de420cae1/decompyle3.py"", line 6...",crash,data/rq4/source_candidates/cpython-313/cpython-313-f28de420cae1/decompyle3.py,
cpython-313,data/rq3/cpython-3.13/unique_bug_pyc/cpython-313-f77aac3aaf4a.pyc,decompyle3,rerun,exit_1,"Traceback (most recent call last): File ""<string>"", line 10, in <module> code = compile(source.read_text(encoding=""utf-8""), str(source), ""exec"") File ""data/rq4/source_candidates/cpython-313/cpython-313-f77aac3aaf4a/decompyle3.py"", line 6...",crash,data/rq4/source_candidates/cpython-313/cpython-313-f77aac3aaf4a/decompyle3.py,
cpython-313,data/rq3/cpython-3.13/unique_bug_pyc/cpython-313-fd371fac9441.pyc,decompyle3,rerun,exit_1,"Traceback (most recent call last): File ""<string>"", line 10, in <module> code = compile(source.read_text(encoding=""utf-8""), str(source), ""exec"") File ""data/rq4/source_candidates/cpython-313/cpython-313-fd371fac9441/decompyle3.py"", line 6...",crash,data/rq4/source_candidates/cpython-313/cpython-313-fd371fac9441/decompyle3.py,
cpython-313,data/rq3/cpython-3.13/unique_bug_pyc/cpython-313-f6cd2a182872.pyc,decompyle3,rerun,exit_1,"Traceback (most recent call last): File ""<string>"", line 10, in <module> code = compile(source.read_text(encoding=""utf-8""), str(source), ""exec"") File ""data/rq4/source_candidates/cpython-313/cpython-313-f6cd2a182872/decompyle3.py"", line 6...",crash,data/rq4/source_candidates/cpython-313/cpython-313-f6cd2a182872/decompyle3.py,
cpython-313,data/rq3/cpython-3.13/unique_bug_pyc/cpython-313-f61352fc1791.pyc,decompyle3,rerun,exit_1,"Traceback (most recent call last): File ""<string>"", line 10, in <module> code = compile(source.read_text(encoding=""utf-8""), str(source), ""exec"") File ""data/rq4/source_candidates/cpython-313/cpython-313-f61352fc1791/decompyle3.py"", line 6...",crash,data/rq4/source_candidates/cpython-313/cpython-313-f61352fc1791/decompyle3.py,
cpython-313,data/rq3/cpython-3.13/unique_bug_pyc/cpython-313-ffa2dff1bba9.pyc,decompyle3,rerun,exit_1,"Traceback (most recent call last): File ""<string>"", line 10, in <module> code = compile(source.read_text(encoding=""utf-8""), str(source), ""exec"") File ""data/rq4/source_candidates/cpython-313/cpython-313-ffa2dff1bba9/decompyle3.py"", line 6...",crash,data/rq4/source_candidates/cpython-313/cpython-313-ffa2dff1bba9/decompyle3.py,
cpython-313,data/rq3/cpython-3.13/unique_bug_pyc/cpython-313-f9b688bca289.pyc,decompyle3,rerun,exit_1,"Traceback (most recent call last): File ""<string>"", line 10, in <module> code = compile(source.read_text(encoding=""utf-8""), str(source), ""exec"") File ""data/rq4/source_candidates/cpython-313/cpython-313-f9b688bca289/decompyle3.py"", line 6...",crash,data/rq4/source_candidates/cpython-313/cpython-313-f9b688bca289/decompyle3.py,
cpython-313,data/rq3/cpython-3.13/unique_bug_pyc/cpython-313-fd83d3057265.pyc,decompyle3,rerun,exit_1,"Traceback (most recent call last): File ""<string>"", line 10, in <module> code = compile(source.read_text(encoding=""utf-8""), str(source), ""exec"") File ""data/rq4/source_candidates/cpython-313/cpython-313-fd83d3057265/decompyle3.py"", line 6...",crash,data/rq4/source_candidates/cpython-313/cpython-313-fd83d3057265/decompyle3.py,
cpython-313,data/rq3/cpython-3.13/unique_bug_pyc/cpython-313-ff3f31b3b4ff.pyc,decompyle3,rerun,exit_1,"Traceback (most recent call last): File ""<string>"", line 10, in <module> code = compile(source.read_text(encoding=""utf-8""), str(source), ""exec"") File ""data/rq4/source_candidates/cpython-313/cpython-313-ff3f31b3b4ff/decompyle3.py"", line 6...",crash,data/rq4/source_candidates/cpython-313/cpython-313-ff3f31b3b4ff/decompyle3.py,
cpython-314,data/rq3/cpython-3.14/unique_bug_pyc/cpython-314-083687ef1f51.pyc,decompyle3,decompile,exit_2,/root/PyBC-Sec/pybcSEC/data/rq2/envs/cpython-314/lib/python3.14/site-packages/click/core.py:1262: UserWarning: The parameter --version is used more than once. Remove its duplicate as parameters should be unique. parser = self.make_parser...,crash,,
cpython-314,data/rq3/cpython-3.14/unique_bug_pyc/cpython-314-0e42af385a47.pyc,decompyle3,rerun,exit_1,"Traceback (most recent call last): File ""<string>"", line 10, in <module> code = compile(source.read_text(encoding=""utf-8""), str(source), ""exec"") File ""data/rq4/source_candidates/cpython-314/cpython-314-0e42af385a47/decompyle3.py"", line 6...",crash,data/rq4/source_candidates/cpython-314/cpython-314-0e42af385a47/decompyle3.py,
cpython-314,data/rq3/cpython-3.14/unique_bug_pyc/cpython-314-0b0ec4b427e1.pyc,decompyle3,rerun,exit_1,"Traceback (most recent call last): File ""<string>"", line 10, in <module> code = compile(source.read_text(encoding=""utf-8""), str(source), ""exec"") File ""data/rq4/source_candidates/cpython-314/cpython-314-0b0ec4b427e1/decompyle3.py"", line 6...",crash,data/rq4/source_candidates/cpython-314/cpython-314-0b0ec4b427e1/decompyle3.py,
cpython-314,data/rq3/cpython-3.14/unique_bug_pyc/cpython-314-0b42a779eeaa.pyc,decompyle3,rerun,exit_1,"Traceback (most recent call last): File ""<string>"", line 10, in <module> code = compile(source.read_text(encoding=""utf-8""), str(source), ""exec"") File ""data/rq4/source_candidates/cpython-314/cpython-314-0b42a779eeaa/decompyle3.py"", line 6...",crash,data/rq4/source_candidates/cpython-314/cpython-314-0b42a779eeaa/decompyle3.py,
cpython-314,data/rq3/cpython-3.14/unique_bug_pyc/cpython-314-092032c9f8c9.pyc,decompyle3,rerun,exit_1,"Traceback (most recent call last): File ""<string>"", line 10, in <module> code = compile(source.read_text(encoding=""utf-8""), str(source), ""exec"") SyntaxError: source code string cannot contain null bytes",crash,data/rq4/source_candidates/cpython-314/cpython-314-092032c9f8c9/decompyle3.py,
cpython-314,data/rq3/cpython-3.14/unique_bug_pyc/cpython-314-1464e9aea0a8.pyc,decompyle3,decompile,exit_2,/root/PyBC-Sec/pybcSEC/data/rq2/envs/cpython-314/lib/python3.14/site-packages/click/core.py:1262: UserWarning: The parameter --version is used more than once. Remove its duplicate as parameters should be unique. parser = self.make_parser...,crash,,
cpython-314,data/rq3/cpython-3.14/unique_bug_pyc/cpython-314-14b940f07337.pyc,decompyle3,rerun,exit_1,"Traceback (most recent call last): File ""<string>"", line 10, in <module> code = compile(source.read_text(encoding=""utf-8""), str(source), ""exec"") File ""data/rq4/source_candidates/cpython-314/cpython-314-14b940f07337/decompyle3.py"", line 6...",crash,data/rq4/source_candidates/cpython-314/cpython-314-14b940f07337/decompyle3.py,
cpython-314,data/rq3/cpython-3.14/unique_bug_pyc/cpython-314-1b437dcc028e.pyc,decompyle3,rerun,exit_1,"Traceback (most recent call last): File ""<string>"", line 10, in <module> code = compile(source.read_text(encoding=""utf-8""), str(source), ""exec"") File ""data/rq4/source_candidates/cpython-314/cpython-314-1b437dcc028e/decompyle3.py"", line 6...",crash,data/rq4/source_candidates/cpython-314/cpython-314-1b437dcc028e/decompyle3.py,
cpython-314,data/rq3/cpython-3.14/unique_bug_pyc/cpython-314-1a567efb20a8.pyc,decompyle3,rerun,exit_1,"Traceback (most recent call last): File ""<string>"", line 10, in <module> code = compile(source.read_text(encoding=""utf-8""), str(source), ""exec"") File ""data/rq4/source_candidates/cpython-314/cpython-314-1a567efb20a8/decompyle3.py"", line 6...",crash,data/rq4/source_candidates/cpython-314/cpython-314-1a567efb20a8/decompyle3.py,
cpython-314,data/rq3/cpython-3.14/unique_bug_pyc/cpython-314-00ac0664c4bf.pyc,decompyle3,rerun,exit_1,"Traceback (most recent call last): File ""<string>"", line 10, in <module> code = compile(source.read_text(encoding=""utf-8""), str(source), ""exec"") File ""data/rq4/source_candidates/cpython-314/cpython-314-00ac0664c4bf/decompyle3.py"", line 6...",crash,data/rq4/source_candidates/cpython-314/cpython-314-00ac0664c4bf/decompyle3.py,
cpython-314,data/rq3/cpython-3.14/unique_bug_pyc/cpython-314-1cd2f4c7e119.pyc,decompyle3,rerun,exit_1,"Traceback (most recent call last): File ""<string>"", line 10, in <module> code = compile(source.read_text(encoding=""utf-8""), str(source), ""exec"") File ""data/rq4/source_candidates/cpython-314/cpython-314-1cd2f4c7e119/decompyle3.py"", line 6...",exit_1,data/rq4/source_candidates/cpython-314/cpython-314-1cd2f4c7e119/decompyle3.py,
cpython-314,data/rq3/cpython-3.14/unique_bug_pyc/cpython-314-02287c7c72ac.pyc,decompyle3,rerun,exit_1,"Traceback (most recent call last): File ""<string>"", line 10, in <module> code = compile(source.read_text(encoding=""utf-8""), str(source), ""exec"") File ""data/rq4/source_candidates/cpython-314/cpython-314-02287c7c72ac/decompyle3.py"", line 6...",crash,data/rq4/source_candidates/cpython-314/cpython-314-02287c7c72ac/decompyle3.py,
cpython-314,data/rq3/cpython-3.14/unique_bug_pyc/cpython-314-1a107825fb68.pyc,decompyle3,rerun,exit_1,"Traceback (most recent call last): File ""<string>"", line 10, in <module> code = compile(source.read_text(encoding=""utf-8""), str(source), ""exec"") File ""data/rq4/source_candidates/cpython-314/cpython-314-1a107825fb68/decompyle3.py"", line 6...",crash,data/rq4/source_candidates/cpython-314/cpython-314-1a107825fb68/decompyle3.py,
cpython-314,data/rq3/cpython-3.14/unique_bug_pyc/cpython-314-12f7609bd909.pyc,decompyle3,rerun,exit_1,"Traceback (most recent call last): File ""<string>"", line 10, in <module> code = compile(source.read_text(encoding=""utf-8""), str(source), ""exec"") File ""data/rq4/source_candidates/cpython-314/cpython-314-12f7609bd909/decompyle3.py"", line 6...",crash,data/rq4/source_candidates/cpython-314/cpython-314-12f7609bd909/decompyle3.py,
cpython-314,data/rq3/cpython-3.14/unique_bug_pyc/cpython-314-11b920f01aa1.pyc,decompyle3,rerun,exit_1,"Traceback (most recent call last): File ""<string>"", line 10, in <module> code = compile(source.read_text(encoding=""utf-8""), str(source), ""exec"") File ""data/rq4/source_candidates/cpython-314/cpython-314-11b920f01aa1/decompyle3.py"", line 6...",crash,data/rq4/source_candidates/cpython-314/cpython-314-11b920f01aa1/decompyle3.py,
cpython-314,data/rq3/cpython-3.14/unique_bug_pyc/cpython-314-02afc6315bd3.pyc,decompyle3,rerun,exit_1,"Traceback (most recent call last): File ""<string>"", line 10, in <module> code = compile(source.read_text(encoding=""utf-8""), str(source), ""exec"") File ""data/rq4/source_candidates/cpython-314/cpython-314-02afc6315bd3/decompyle3.py"", line 6...",crash,data/rq4/source_candidates/cpython-314/cpython-314-02afc6315bd3/decompyle3.py,
cpython-314,data/rq3/cpython-3.14/unique_bug_pyc/cpython-314-1b9c69d2f57f.pyc,decompyle3,rerun,exit_1,"Traceback (most recent call last): File ""<string>"", line 10, in <module> code = compile(source.read_text(encoding=""utf-8""), str(source), ""exec"") File ""data/rq4/source_candidates/cpython-314/cpython-314-1b9c69d2f57f/decompyle3.py"", line 6...",crash,data/rq4/source_candidates/cpython-314/cpython-314-1b9c69d2f57f/decompyle3.py,
cpython-314,data/rq3/cpython-3.14/unique_bug_pyc/cpython-314-19cd834351f6.pyc,decompyle3,rerun,exit_1,"Traceback (most recent call last): File ""<string>"", line 10, in <module> code = compile(source.read_text(encoding=""utf-8""), str(source), ""exec"") File ""data/rq4/source_candidates/cpython-314/cpython-314-19cd834351f6/decompyle3.py"", line 6...",crash,data/rq4/source_candidates/cpython-314/cpython-314-19cd834351f6/decompyle3.py,
cpython-314,data/rq3/cpython-3.14/unique_bug_pyc/cpython-314-1c7d9a9ca99e.pyc,decompyle3,rerun,exit_1,"Traceback (most recent call last): File ""<string>"", line 10, in <module> code = compile(source.read_text(encoding=""utf-8""), str(source), ""exec"") File ""data/rq4/source_candidates/cpython-314/cpython-314-1c7d9a9ca99e/decompyle3.py"", line 6...",exit_1,data/rq4/source_candidates/cpython-314/cpython-314-1c7d9a9ca99e/decompyle3.py,
cpython-314,data/rq3/cpython-3.14/unique_bug_pyc/cpython-314-1ca0138d59e0.pyc,decompyle3,rerun,exit_1,"Traceback (most recent call last): File ""<string>"", line 10, in <module> code = compile(source.read_text(encoding=""utf-8""), str(source), ""exec"") File ""data/rq4/source_candidates/cpython-314/cpython-314-1ca0138d59e0/decompyle3.py"", line 6...",crash,data/rq4/source_candidates/cpython-314/cpython-314-1ca0138d59e0/decompyle3.py,
cpython-314,data/rq3/cpython-3.14/unique_bug_pyc/cpython-314-2384dbfb92e9.pyc,decompyle3,rerun,exit_1,"Traceback (most recent call last): File ""<string>"", line 10, in <module> code = compile(source.read_text(encoding=""utf-8""), str(source), ""exec"") File ""data/rq4/source_candidates/cpython-314/cpython-314-2384dbfb92e9/decompyle3.py"", line 6...",crash,data/rq4/source_candidates/cpython-314/cpython-314-2384dbfb92e9/decompyle3.py,
cpython-314,data/rq3/cpython-3.14/unique_bug_pyc/cpython-314-2245f81c4d89.pyc,decompyle3,rerun,exit_1,"Traceback (most recent call last): File ""<string>"", line 10, in <module> code = compile(source.read_text(encoding=""utf-8""), str(source), ""exec"") File ""data/rq4/source_candidates/cpython-314/cpython-314-2245f81c4d89/decompyle3.py"", line 6...",crash,data/rq4/source_candidates/cpython-314/cpython-314-2245f81c4d89/decompyle3.py,
cpython-314,data/rq3/cpython-3.14/unique_bug_pyc/cpython-314-1e444f5d35a6.pyc,decompyle3,rerun,exit_1,"Traceback (most recent call last): File ""<string>"", line 10, in <module> code = compile(source.read_text(encoding=""utf-8""), str(source), ""exec"") File ""data/rq4/source_candidates/cpython-314/cpython-314-1e444f5d35a6/decompyle3.py"", line 6...",crash,data/rq4/source_candidates/cpython-314/cpython-314-1e444f5d35a6/decompyle3.py,
cpython-314,data/rq3/cpython-3.14/unique_bug_pyc/cpython-314-2e0e66158055.pyc,decompyle3,rerun,exit_1,"Traceback (most recent call last): File ""<string>"", line 10, in <module> code = compile(source.read_text(encoding=""utf-8""), str(source), ""exec"") File ""data/rq4/source_candidates/cpython-314/cpython-314-2e0e66158055/decompyle3.py"", line 6...",exit_1,data/rq4/source_candidates/cpython-314/cpython-314-2e0e66158055/decompyle3.py,
cpython-314,data/rq3/cpython-3.14/unique_bug_pyc/cpython-314-27d06bc58ba5.pyc,decompyle3,rerun,exit_1,"Traceback (most recent call last): File ""<string>"", line 10, in <module> code = compile(source.read_text(encoding=""utf-8""), str(source), ""exec"") File ""data/rq4/source_candidates/cpython-314/cpython-314-27d06bc58ba5/decompyle3.py"", line 6...",crash,data/rq4/source_candidates/cpython-314/cpython-314-27d06bc58ba5/decompyle3.py,
cpython-314,data/rq3/cpython-3.14/unique_bug_pyc/cpython-314-24073b6c9701.pyc,decompyle3,rerun,exit_1,"Traceback (most recent call last): File ""<string>"", line 10, in <module> code = compile(source.read_text(encoding=""utf-8""), str(source), ""exec"") File ""data/rq4/source_candidates/cpython-314/cpython-314-24073b6c9701/decompyle3.py"", line 6...",crash,data/rq4/source_candidates/cpython-314/cpython-314-24073b6c9701/decompyle3.py,
cpython-314,data/rq3/cpython-3.14/unique_bug_pyc/cpython-314-239827fbeeea.pyc,decompyle3,rerun,exit_1,"Traceback (most recent call last): File ""<string>"", line 10, in <module> code = compile(source.read_text(encoding=""utf-8""), str(source), ""exec"") File ""data/rq4/source_candidates/cpython-314/cpython-314-239827fbeeea/decompyle3.py"", line 6...",crash,data/rq4/source_candidates/cpython-314/cpython-314-239827fbeeea/decompyle3.py,
cpython-314,data/rq3/cpython-3.14/unique_bug_pyc/cpython-314-2dcebf5ac9b0.pyc,decompyle3,rerun,exit_1,"Traceback (most recent call last): File ""<string>"", line 10, in <module> code = compile(source.read_text(encoding=""utf-8""), str(source), ""exec"") File ""data/rq4/source_candidates/cpython-314/cpython-314-2dcebf5ac9b0/decompyle3.py"", line 6...",crash,data/rq4/source_candidates/cpython-314/cpython-314-2dcebf5ac9b0/decompyle3.py,
cpython-314,data/rq3/cpython-3.14/unique_bug_pyc/cpython-314-29bb1767ab2e.pyc,decompyle3,rerun,exit_1,"Traceback (most recent call last): File ""<string>"", line 10, in <module> code = compile(source.read_text(encoding=""utf-8""), str(source), ""exec"") File ""data/rq4/source_candidates/cpython-314/cpython-314-29bb1767ab2e/decompyle3.py"", line 6...",crash,data/rq4/source_candidates/cpython-314/cpython-314-29bb1767ab2e/decompyle3.py,
cpython-314,data/rq3/cpython-3.14/unique_bug_pyc/cpython-314-36055c105cfd.pyc,decompyle3,rerun,exit_1,"Traceback (most recent call last): File ""<string>"", line 10, in <module> code = compile(source.read_text(encoding=""utf-8""), str(source), ""exec"") File ""data/rq4/source_candidates/cpython-314/cpython-314-36055c105cfd/decompyle3.py"", line 6...",crash,data/rq4/source_candidates/cpython-314/cpython-314-36055c105cfd/decompyle3.py,
cpython-314,data/rq3/cpython-3.14/unique_bug_pyc/cpython-314-2ead3bcc8682.pyc,decompyle3,rerun,exit_1,"Traceback (most recent call last): File ""<string>"", line 10, in <module> code = compile(source.read_text(encoding=""utf-8""), str(source), ""exec"") File ""data/rq4/source_candidates/cpython-314/cpython-314-2ead3bcc8682/decompyle3.py"", line 6...",crash,data/rq4/source_candidates/cpython-314/cpython-314-2ead3bcc8682/decompyle3.py,
cpython-314,data/rq3/cpython-3.14/unique_bug_pyc/cpython-314-2de064e1a739.pyc,decompyle3,rerun,exit_1,"Traceback (most recent call last): File ""<string>"", line 10, in <module> code = compile(source.read_text(encoding=""utf-8""), str(source), ""exec"") File ""data/rq4/source_candidates/cpython-314/cpython-314-2de064e1a739/decompyle3.py"", line 6...",crash,data/rq4/source_candidates/cpython-314/cpython-314-2de064e1a739/decompyle3.py,
cpython-314,data/rq3/cpython-3.14/unique_bug_pyc/cpython-314-340de7654c69.pyc,decompyle3,rerun,exit_1,"Traceback (most recent call last): File ""<string>"", line 10, in <module> code = compile(source.read_text(encoding=""utf-8""), str(source), ""exec"") File ""data/rq4/source_candidates/cpython-314/cpython-314-340de7654c69/decompyle3.py"", line 6...",crash,data/rq4/source_candidates/cpython-314/cpython-314-340de7654c69/decompyle3.py,
cpython-314,data/rq3/cpython-3.14/unique_bug_pyc/cpython-314-372753e1f97c.pyc,decompyle3,rerun,exit_1,"Traceback (most recent call last): File ""<string>"", line 10, in <module> code = compile(source.read_text(encoding=""utf-8""), str(source), ""exec"") File ""data/rq4/source_candidates/cpython-314/cpython-314-372753e1f97c/decompyle3.py"", line 7...",crash,data/rq4/source_candidates/cpython-314/cpython-314-372753e1f97c/decompyle3.py,
cpython-314,data/rq3/cpython-3.14/unique_bug_pyc/cpython-314-32e6a9bcdf0e.pyc,decompyle3,rerun,exit_1,"Traceback (most recent call last): File ""<string>"", line 10, in <module> code = compile(source.read_text(encoding=""utf-8""), str(source), ""exec"") File ""data/rq4/source_candidates/cpython-314/cpython-314-32e6a9bcdf0e/decompyle3.py"", line 6...",crash,data/rq4/source_candidates/cpython-314/cpython-314-32e6a9bcdf0e/decompyle3.py,
cpython-314,data/rq3/cpython-3.14/unique_bug_pyc/cpython-314-3763e27db3d6.pyc,decompyle3,rerun,exit_1,"Traceback (most recent call last): File ""<string>"", line 10, in <module> code = compile(source.read_text(encoding=""utf-8""), str(source), ""exec"") File ""data/rq4/source_candidates/cpython-314/cpython-314-3763e27db3d6/decompyle3.py"", line 6...",crash,data/rq4/source_candidates/cpython-314/cpython-314-3763e27db3d6/decompyle3.py,
cpython-314,data/rq3/cpython-3.14/unique_bug_pyc/cpython-314-37c1cfa82085.pyc,decompyle3,rerun,exit_1,"Traceback (most recent call last): File ""<string>"", line 10, in <module> code = compile(source.read_text(encoding=""utf-8""), str(source), ""exec"") File ""data/rq4/source_candidates/cpython-314/cpython-314-37c1cfa82085/decompyle3.py"", line 6...",crash,data/rq4/source_candidates/cpython-314/cpython-314-37c1cfa82085/decompyle3.py,
cpython-314,data/rq3/cpython-3.14/unique_bug_pyc/cpython-314-394bc1ed5115.pyc,decompyle3,rerun,exit_1,"Traceback (most recent call last): File ""<string>"", line 10, in <module> code = compile(source.read_text(encoding=""utf-8""), str(source), ""exec"") File ""data/rq4/source_candidates/cpython-314/cpython-314-394bc1ed5115/decompyle3.py"", line 6...",crash,data/rq4/source_candidates/cpython-314/cpython-314-394bc1ed5115/decompyle3.py,
cpython-314,data/rq3/cpython-3.14/unique_bug_pyc/cpython-314-3d8822f9d812.pyc,decompyle3,rerun,exit_1,"Traceback (most recent call last): File ""<string>"", line 10, in <module> code = compile(source.read_text(encoding=""utf-8""), str(source), ""exec"") File ""data/rq4/source_candidates/cpython-314/cpython-314-3d8822f9d812/decompyle3.py"", line 6...",crash,data/rq4/source_candidates/cpython-314/cpython-314-3d8822f9d812/decompyle3.py,
cpython-314,data/rq3/cpython-3.14/unique_bug_pyc/cpython-314-41f196907bd1.pyc,decompyle3,rerun,exit_1,"Traceback (most recent call last): File ""<string>"", line 10, in <module> code = compile(source.read_text(encoding=""utf-8""), str(source), ""exec"") File ""data/rq4/source_candidates/cpython-314/cpython-314-41f196907bd1/decompyle3.py"", line 6...",crash,data/rq4/source_candidates/cpython-314/cpython-314-41f196907bd1/decompyle3.py,
cpython-314,data/rq3/cpython-3.14/unique_bug_pyc/cpython-314-3af8ef45739a.pyc,decompyle3,rerun,exit_1,"Traceback (most recent call last): File ""<string>"", line 10, in <module> code = compile(source.read_text(encoding=""utf-8""), str(source), ""exec"") File ""data/rq4/source_candidates/cpython-314/cpython-314-3af8ef45739a/decompyle3.py"", line 6...",crash,data/rq4/source_candidates/cpython-314/cpython-314-3af8ef45739a/decompyle3.py,
cpython-314,data/rq3/cpython-3.14/unique_bug_pyc/cpython-314-4451f7743b8e.pyc,decompyle3,rerun,exit_1,"Traceback (most recent call last): File ""<string>"", line 10, in <module> code = compile(source.read_text(encoding=""utf-8""), str(source), ""exec"") File ""data/rq4/source_candidates/cpython-314/cpython-314-4451f7743b8e/decompyle3.py"", line 6...",exit_1,data/rq4/source_candidates/cpython-314/cpython-314-4451f7743b8e/decompyle3.py,
cpython-314,data/rq3/cpython-3.14/unique_bug_pyc/cpython-314-3b6718027102.pyc,decompyle3,rerun,exit_1,"Traceback (most recent call last): File ""<string>"", line 10, in <module> code = compile(source.read_text(encoding=""utf-8""), str(source), ""exec"") File ""data/rq4/source_candidates/cpython-314/cpython-314-3b6718027102/decompyle3.py"", line 6...",crash,data/rq4/source_candidates/cpython-314/cpython-314-3b6718027102/decompyle3.py,
cpython-314,data/rq3/cpython-3.14/unique_bug_pyc/cpython-314-3b7f2e229313.pyc,decompyle3,decompile,exit_2,/root/PyBC-Sec/pybcSEC/data/rq2/envs/cpython-314/lib/python3.14/site-packages/click/core.py:1262: UserWarning: The parameter --version is used more than once. Remove its duplicate as parameters should be unique. parser = self.make_parser...,crash,,
cpython-314,data/rq3/cpython-3.14/unique_bug_pyc/cpython-314-4672d03336e1.pyc,decompyle3,rerun,exit_1,"Traceback (most recent call last): File ""<string>"", line 10, in <module> code = compile(source.read_text(encoding=""utf-8""), str(source), ""exec"") File ""data/rq4/source_candidates/cpython-314/cpython-314-4672d03336e1/decompyle3.py"", line 6...",exit_1,data/rq4/source_candidates/cpython-314/cpython-314-4672d03336e1/decompyle3.py,
cpython-314,data/rq3/cpython-3.14/unique_bug_pyc/cpython-314-3cecff100317.pyc,decompyle3,rerun,exit_1,"Traceback (most recent call last): File ""<string>"", line 10, in <module> code = compile(source.read_text(encoding=""utf-8""), str(source), ""exec"") File ""data/rq4/source_candidates/cpython-314/cpython-314-3cecff100317/decompyle3.py"", line 6...",crash,data/rq4/source_candidates/cpython-314/cpython-314-3cecff100317/decompyle3.py,
cpython-314,data/rq3/cpython-3.14/unique_bug_pyc/cpython-314-42c6d34ba67b.pyc,decompyle3,rerun,exit_1,"Traceback (most recent call last): File ""<string>"", line 10, in <module> code = compile(source.read_text(encoding=""utf-8""), str(source), ""exec"") File ""data/rq4/source_candidates/cpython-314/cpython-314-42c6d34ba67b/decompyle3.py"", line 7...",crash,data/rq4/source_candidates/cpython-314/cpython-314-42c6d34ba67b/decompyle3.py,
cpython-314,data/rq3/cpython-3.14/unique_bug_pyc/cpython-314-4007ace5be00.pyc,decompyle3,rerun,exit_1,"Traceback (most recent call last): File ""<string>"", line 10, in <module> code = compile(source.read_text(encoding=""utf-8""), str(source), ""exec"") File ""data/rq4/source_candidates/cpython-314/cpython-314-4007ace5be00/decompyle3.py"", line 6...",crash,data/rq4/source_candidates/cpython-314/cpython-314-4007ace5be00/decompyle3.py,
cpython-314,data/rq3/cpython-3.14/unique_bug_pyc/cpython-314-43b0915fd729.pyc,decompyle3,rerun,exit_1,"Traceback (most recent call last): File ""<string>"", line 10, in <module> code = compile(source.read_text(encoding=""utf-8""), str(source), ""exec"") File ""data/rq4/source_candidates/cpython-314/cpython-314-43b0915fd729/decompyle3.py"", line 6...",crash,data/rq4/source_candidates/cpython-314/cpython-314-43b0915fd729/decompyle3.py,
cpython-314,data/rq3/cpython-3.14/unique_bug_pyc/cpython-314-45b43c49912b.pyc,decompyle3,rerun,exit_1,"Traceback (most recent call last): File ""<string>"", line 10, in <module> code = compile(source.read_text(encoding=""utf-8""), str(source), ""exec"") File ""data/rq4/source_candidates/cpython-314/cpython-314-45b43c49912b/decompyle3.py"", line 6...",crash,data/rq4/source_candidates/cpython-314/cpython-314-45b43c49912b/decompyle3.py,
cpython-314,data/rq3/cpython-3.14/unique_bug_pyc/cpython-314-45be6f4d9405.pyc,decompyle3,rerun,exit_1,"Traceback (most recent call last): File ""<string>"", line 10, in <module> code = compile(source.read_text(encoding=""utf-8""), str(source), ""exec"") File ""data/rq4/source_candidates/cpython-314/cpython-314-45be6f4d9405/decompyle3.py"", line 6...",crash,data/rq4/source_candidates/cpython-314/cpython-314-45be6f4d9405/decompyle3.py,
cpython-314,data/rq3/cpython-3.14/unique_bug_pyc/cpython-314-57ec8cbdbfdc.pyc,decompyle3,rerun,exit_1,"Traceback (most recent call last): File ""<string>"", line 10, in <module> code = compile(source.read_text(encoding=""utf-8""), str(source), ""exec"") File ""data/rq4/source_candidates/cpython-314/cpython-314-57ec8cbdbfdc/decompyle3.py"", line 7...",exit_1,data/rq4/source_candidates/cpython-314/cpython-314-57ec8cbdbfdc/decompyle3.py,
cpython-314,data/rq3/cpython-3.14/unique_bug_pyc/cpython-314-4730d25409e3.pyc,decompyle3,rerun,exit_1,"Traceback (most recent call last): File ""<string>"", line 10, in <module> code = compile(source.read_text(encoding=""utf-8""), str(source), ""exec"") File ""data/rq4/source_candidates/cpython-314/cpython-314-4730d25409e3/decompyle3.py"", line 6...",crash,data/rq4/source_candidates/cpython-314/cpython-314-4730d25409e3/decompyle3.py,
cpython-314,data/rq3/cpython-3.14/unique_bug_pyc/cpython-314-45f6a94ed304.pyc,decompyle3,rerun,exit_1,"Traceback (most recent call last): File ""<string>"", line 10, in <module> code = compile(source.read_text(encoding=""utf-8""), str(source), ""exec"") File ""data/rq4/source_candidates/cpython-314/cpython-314-45f6a94ed304/decompyle3.py"", line 6...",crash,data/rq4/source_candidates/cpython-314/cpython-314-45f6a94ed304/decompyle3.py,
cpython-314,data/rq3/cpython-3.14/unique_bug_pyc/cpython-314-5ba1c64cb0c6.pyc,decompyle3,rerun,exit_1,"Traceback (most recent call last): File ""<string>"", line 10, in <module> code = compile(source.read_text(encoding=""utf-8""), str(source), ""exec"") File ""data/rq4/source_candidates/cpython-314/cpython-314-5ba1c64cb0c6/decompyle3.py"", line 6...",exit_1,data/rq4/source_candidates/cpython-314/cpython-314-5ba1c64cb0c6/decompyle3.py,
cpython-314,data/rq3/cpython-3.14/unique_bug_pyc/cpython-314-49b6d2364653.pyc,decompyle3,rerun,exit_1,"Traceback (most recent call last): File ""<string>"", line 10, in <module> code = compile(source.read_text(encoding=""utf-8""), str(source), ""exec"") File ""data/rq4/source_candidates/cpython-314/cpython-314-49b6d2364653/decompyle3.py"", line 6...",crash,data/rq4/source_candidates/cpython-314/cpython-314-49b6d2364653/decompyle3.py,
cpython-314,data/rq3/cpython-3.14/unique_bug_pyc/cpython-314-566f2d7a0006.pyc,decompyle3,rerun,exit_1,"Traceback (most recent call last): File ""<string>"", line 10, in <module> code = compile(source.read_text(encoding=""utf-8""), str(source), ""exec"") File ""data/rq4/source_candidates/cpython-314/cpython-314-566f2d7a0006/decompyle3.py"", line 6...",crash,data/rq4/source_candidates/cpython-314/cpython-314-566f2d7a0006/decompyle3.py,
cpython-314,data/rq3/cpython-3.14/unique_bug_pyc/cpython-314-528a9e7ce27d.pyc,decompyle3,rerun,exit_1,"Traceback (most recent call last): File ""<string>"", line 10, in <module> code = compile(source.read_text(encoding=""utf-8""), str(source), ""exec"") File ""data/rq4/source_candidates/cpython-314/cpython-314-528a9e7ce27d/decompyle3.py"", line 6...",crash,data/rq4/source_candidates/cpython-314/cpython-314-528a9e7ce27d/decompyle3.py,
cpython-314,data/rq3/cpython-3.14/unique_bug_pyc/cpython-314-5e18894b0b71.pyc,decompyle3,rerun,exit_1,"Traceback (most recent call last): File ""<string>"", line 10, in <module> code = compile(source.read_text(encoding=""utf-8""), str(source), ""exec"") SyntaxError: source code string cannot contain null bytes",crash,data/rq4/source_candidates/cpython-314/cpython-314-5e18894b0b71/decompyle3.py,
cpython-314,data/rq3/cpython-3.14/unique_bug_pyc/cpython-314-58a01e278deb.pyc,decompyle3,rerun,exit_1,"Traceback (most recent call last): File ""<string>"", line 10, in <module> code = compile(source.read_text(encoding=""utf-8""), str(source), ""exec"") File ""data/rq4/source_candidates/cpython-314/cpython-314-58a01e278deb/decompyle3.py"", line 6...",crash,data/rq4/source_candidates/cpython-314/cpython-314-58a01e278deb/decompyle3.py,
cpython-314,data/rq3/cpython-3.14/unique_bug_pyc/cpython-314-55d0f0bc2e65.pyc,decompyle3,rerun,exit_1,"Traceback (most recent call last): File ""<string>"", line 10, in <module> code = compile(source.read_text(encoding=""utf-8""), str(source), ""exec"") File ""data/rq4/source_candidates/cpython-314/cpython-314-55d0f0bc2e65/decompyle3.py"", line 6...",crash,data/rq4/source_candidates/cpython-314/cpython-314-55d0f0bc2e65/decompyle3.py,
cpython-314,data/rq3/cpython-3.14/unique_bug_pyc/cpython-314-5f36f6197104.pyc,decompyle3,rerun,exit_1,"Traceback (most recent call last): File ""<string>"", line 10, in <module> code = compile(source.read_text(encoding=""utf-8""), str(source), ""exec"") File ""data/rq4/source_candidates/cpython-314/cpython-314-5f36f6197104/decompyle3.py"", line 6...",crash,data/rq4/source_candidates/cpython-314/cpython-314-5f36f6197104/decompyle3.py,
cpython-314,data/rq3/cpython-3.14/unique_bug_pyc/cpython-314-60a068ec2e9b.pyc,decompyle3,rerun,exit_1,"Traceback (most recent call last): File ""<string>"", line 10, in <module> code = compile(source.read_text(encoding=""utf-8""), str(source), ""exec"") File ""data/rq4/source_candidates/cpython-314/cpython-314-60a068ec2e9b/decompyle3.py"", line 6...",crash,data/rq4/source_candidates/cpython-314/cpython-314-60a068ec2e9b/decompyle3.py,
cpython-314,data/rq3/cpython-3.14/unique_bug_pyc/cpython-314-5dc3bba5650a.pyc,decompyle3,rerun,exit_1,"Traceback (most recent call last): File ""<string>"", line 10, in <module> code = compile(source.read_text(encoding=""utf-8""), str(source), ""exec"") File ""data/rq4/source_candidates/cpython-314/cpython-314-5dc3bba5650a/decompyle3.py"", line 6...",crash,data/rq4/source_candidates/cpython-314/cpython-314-5dc3bba5650a/decompyle3.py,
cpython-314,data/rq3/cpython-3.14/unique_bug_pyc/cpython-314-6989597e4a59.pyc,decompyle3,rerun,exit_1,"Traceback (most recent call last): File ""<string>"", line 10, in <module> code = compile(source.read_text(encoding=""utf-8""), str(source), ""exec"") File ""data/rq4/source_candidates/cpython-314/cpython-314-6989597e4a59/decompyle3.py"", line 6...",crash,data/rq4/source_candidates/cpython-314/cpython-314-6989597e4a59/decompyle3.py,
cpython-314,data/rq3/cpython-3.14/unique_bug_pyc/cpython-314-6656c213349e.pyc,decompyle3,rerun,exit_1,"Traceback (most recent call last): File ""<string>"", line 10, in <module> code = compile(source.read_text(encoding=""utf-8""), str(source), ""exec"") File ""data/rq4/source_candidates/cpython-314/cpython-314-6656c213349e/decompyle3.py"", line 6...",crash,data/rq4/source_candidates/cpython-314/cpython-314-6656c213349e/decompyle3.py,
cpython-314,data/rq3/cpython-3.14/unique_bug_pyc/cpython-314-6960e4378938.pyc,decompyle3,rerun,exit_1,"Traceback (most recent call last): File ""<string>"", line 10, in <module> code = compile(source.read_text(encoding=""utf-8""), str(source), ""exec"") File ""data/rq4/source_candidates/cpython-314/cpython-314-6960e4378938/decompyle3.py"", line 6...",crash,data/rq4/source_candidates/cpython-314/cpython-314-6960e4378938/decompyle3.py,
cpython-314,data/rq3/cpython-3.14/unique_bug_pyc/cpython-314-6e124de3e719.pyc,decompyle3,rerun,exit_1,"Traceback (most recent call last): File ""<string>"", line 10, in <module> code = compile(source.read_text(encoding=""utf-8""), str(source), ""exec"") File ""data/rq4/source_candidates/cpython-314/cpython-314-6e124de3e719/decompyle3.py"", line 6...",crash,data/rq4/source_candidates/cpython-314/cpython-314-6e124de3e719/decompyle3.py,
cpython-314,data/rq3/cpython-3.14/unique_bug_pyc/cpython-314-6f6560ae3e00.pyc,decompyle3,rerun,exit_1,"Traceback (most recent call last): File ""<string>"", line 10, in <module> code = compile(source.read_text(encoding=""utf-8""), str(source), ""exec"") File ""data/rq4/source_candidates/cpython-314/cpython-314-6f6560ae3e00/decompyle3.py"", line 6...",crash,data/rq4/source_candidates/cpython-314/cpython-314-6f6560ae3e00/decompyle3.py,
cpython-314,data/rq3/cpython-3.14/unique_bug_pyc/cpython-314-6a00dd534696.pyc,decompyle3,rerun,exit_1,"Traceback (most recent call last): File ""<string>"", line 10, in <module> code = compile(source.read_text(encoding=""utf-8""), str(source), ""exec"") File ""data/rq4/source_candidates/cpython-314/cpython-314-6a00dd534696/decompyle3.py"", line 6...",crash,data/rq4/source_candidates/cpython-314/cpython-314-6a00dd534696/decompyle3.py,
cpython-314,data/rq3/cpython-3.14/unique_bug_pyc/cpython-314-6f676d5713c8.pyc,decompyle3,rerun,exit_1,"Traceback (most recent call last): File ""<string>"", line 10, in <module> code = compile(source.read_text(encoding=""utf-8""), str(source), ""exec"") File ""data/rq4/source_candidates/cpython-314/cpython-314-6f676d5713c8/decompyle3.py"", line 6...",crash,data/rq4/source_candidates/cpython-314/cpython-314-6f676d5713c8/decompyle3.py,
cpython-314,data/rq3/cpython-3.14/unique_bug_pyc/cpython-314-6a6c8f0a6c53.pyc,decompyle3,rerun,exit_1,"Traceback (most recent call last): File ""<string>"", line 10, in <module> code = compile(source.read_text(encoding=""utf-8""), str(source), ""exec"") File ""data/rq4/source_candidates/cpython-314/cpython-314-6a6c8f0a6c53/decompyle3.py"", line 6...",crash,data/rq4/source_candidates/cpython-314/cpython-314-6a6c8f0a6c53/decompyle3.py,
cpython-314,data/rq3/cpython-3.14/unique_bug_pyc/cpython-314-721f4c39495d.pyc,decompyle3,rerun,exit_1,"Traceback (most recent call last): File ""<string>"", line 10, in <module> code = compile(source.read_text(encoding=""utf-8""), str(source), ""exec"") File ""data/rq4/source_candidates/cpython-314/cpython-314-721f4c39495d/decompyle3.py"", line 6...",crash,data/rq4/source_candidates/cpython-314/cpython-314-721f4c39495d/decompyle3.py,
cpython-314,data/rq3/cpython-3.14/unique_bug_pyc/cpython-314-77d93e6b2d51.pyc,decompyle3,rerun,exit_1,"Traceback (most recent call last): File ""<string>"", line 10, in <module> code = compile(source.read_text(encoding=""utf-8""), str(source), ""exec"") File ""data/rq4/source_candidates/cpython-314/cpython-314-77d93e6b2d51/decompyle3.py"", line 6...",crash,data/rq4/source_candidates/cpython-314/cpython-314-77d93e6b2d51/decompyle3.py,
cpython-314,data/rq3/cpython-3.14/unique_bug_pyc/cpython-314-72c705318ba7.pyc,decompyle3,rerun,exit_1,"Traceback (most recent call last): File ""<string>"", line 10, in <module> code = compile(source.read_text(encoding=""utf-8""), str(source), ""exec"") File ""data/rq4/source_candidates/cpython-314/cpython-314-72c705318ba7/decompyle3.py"", line 6...",crash,data/rq4/source_candidates/cpython-314/cpython-314-72c705318ba7/decompyle3.py,
cpython-314,data/rq3/cpython-3.14/unique_bug_pyc/cpython-314-7631ed736457.pyc,decompyle3,rerun,exit_1,"Traceback (most recent call last): File ""<string>"", line 10, in <module> code = compile(source.read_text(encoding=""utf-8""), str(source), ""exec"") File ""data/rq4/source_candidates/cpython-314/cpython-314-7631ed736457/decompyle3.py"", line 6...",crash,data/rq4/source_candidates/cpython-314/cpython-314-7631ed736457/decompyle3.py,
cpython-314,data/rq3/cpython-3.14/unique_bug_pyc/cpython-314-84cd65d4d68a.pyc,decompyle3,rerun,exit_1,"Traceback (most recent call last): File ""<string>"", line 10, in <module> code = compile(source.read_text(encoding=""utf-8""), str(source), ""exec"") File ""data/rq4/source_candidates/cpython-314/cpython-314-84cd65d4d68a/decompyle3.py"", line 6...",crash,data/rq4/source_candidates/cpython-314/cpython-314-84cd65d4d68a/decompyle3.py,
cpython-314,data/rq3/cpython-3.14/unique_bug_pyc/cpython-314-7c13f82af3e8.pyc,decompyle3,rerun,exit_1,"Traceback (most recent call last): File ""<string>"", line 10, in <module> code = compile(source.read_text(encoding=""utf-8""), str(source), ""exec"") File ""data/rq4/source_candidates/cpython-314/cpython-314-7c13f82af3e8/decompyle3.py"", line 6...",crash,data/rq4/source_candidates/cpython-314/cpython-314-7c13f82af3e8/decompyle3.py,
cpython-314,data/rq3/cpython-3.14/unique_bug_pyc/cpython-314-81c2d2f52663.pyc,decompyle3,rerun,exit_1,"Traceback (most recent call last): File ""<string>"", line 10, in <module> code = compile(source.read_text(encoding=""utf-8""), str(source), ""exec"") File ""data/rq4/source_candidates/cpython-314/cpython-314-81c2d2f52663/decompyle3.py"", line 6...",crash,data/rq4/source_candidates/cpython-314/cpython-314-81c2d2f52663/decompyle3.py,
cpython-314,data/rq3/cpython-3.14/unique_bug_pyc/cpython-314-88347ca21998.pyc,decompyle3,rerun,exit_1,"Traceback (most recent call last): File ""<string>"", line 10, in <module> code = compile(source.read_text(encoding=""utf-8""), str(source), ""exec"") File ""data/rq4/source_candidates/cpython-314/cpython-314-88347ca21998/decompyle3.py"", line 6...",crash,data/rq4/source_candidates/cpython-314/cpython-314-88347ca21998/decompyle3.py,
cpython-314,data/rq3/cpython-3.14/unique_bug_pyc/cpython-314-7a6c21b1ab20.pyc,decompyle3,rerun,exit_1,"Traceback (most recent call last): File ""<string>"", line 10, in <module> code = compile(source.read_text(encoding=""utf-8""), str(source), ""exec"") File ""data/rq4/source_candidates/cpython-314/cpython-314-7a6c21b1ab20/decompyle3.py"", line 7...",crash,data/rq4/source_candidates/cpython-314/cpython-314-7a6c21b1ab20/decompyle3.py,
cpython-314,data/rq3/cpython-3.14/unique_bug_pyc/cpython-314-85f31b2909d5.pyc,decompyle3,rerun,exit_1,"Traceback (most recent call last): File ""<string>"", line 10, in <module> code = compile(source.read_text(encoding=""utf-8""), str(source), ""exec"") File ""data/rq4/source_candidates/cpython-314/cpython-314-85f31b2909d5/decompyle3.py"", line 6...",crash,data/rq4/source_candidates/cpython-314/cpython-314-85f31b2909d5/decompyle3.py,
cpython-314,data/rq3/cpython-3.14/unique_bug_pyc/cpython-314-84f9f5f13c48.pyc,decompyle3,rerun,exit_1,"Traceback (most recent call last): File ""<string>"", line 10, in <module> code = compile(source.read_text(encoding=""utf-8""), str(source), ""exec"") File ""data/rq4/source_candidates/cpython-314/cpython-314-84f9f5f13c48/decompyle3.py"", line 6...",crash,data/rq4/source_candidates/cpython-314/cpython-314-84f9f5f13c48/decompyle3.py,
cpython-314,data/rq3/cpython-3.14/unique_bug_pyc/cpython-314-89a398fea635.pyc,decompyle3,rerun,exit_1,"Traceback (most recent call last): File ""<string>"", line 10, in <module> code = compile(source.read_text(encoding=""utf-8""), str(source), ""exec"") File ""data/rq4/source_candidates/cpython-314/cpython-314-89a398fea635/decompyle3.py"", line 6...",crash,data/rq4/source_candidates/cpython-314/cpython-314-89a398fea635/decompyle3.py,
cpython-314,data/rq3/cpython-3.14/unique_bug_pyc/cpython-314-8dd38acbef98.pyc,decompyle3,rerun,exit_1,"Traceback (most recent call last): File ""<string>"", line 10, in <module> code = compile(source.read_text(encoding=""utf-8""), str(source), ""exec"") File ""data/rq4/source_candidates/cpython-314/cpython-314-8dd38acbef98/decompyle3.py"", line 6...",crash,data/rq4/source_candidates/cpython-314/cpython-314-8dd38acbef98/decompyle3.py,
cpython-314,data/rq3/cpython-3.14/unique_bug_pyc/cpython-314-8eedf87ba074.pyc,decompyle3,decompile,exit_2,/root/PyBC-Sec/pybcSEC/data/rq2/envs/cpython-314/lib/python3.14/site-packages/click/core.py:1262: UserWarning: The parameter --version is used more than once. Remove its duplicate as parameters should be unique. parser = self.make_parser...,crash,,
cpython-314,data/rq3/cpython-3.14/unique_bug_pyc/cpython-314-8c80b6523cbf.pyc,decompyle3,rerun,exit_1,"Traceback (most recent call last): File ""<string>"", line 10, in <module> code = compile(source.read_text(encoding=""utf-8""), str(source), ""exec"") File ""data/rq4/source_candidates/cpython-314/cpython-314-8c80b6523cbf/decompyle3.py"", line 7...",crash,data/rq4/source_candidates/cpython-314/cpython-314-8c80b6523cbf/decompyle3.py,
cpython-314,data/rq3/cpython-3.14/unique_bug_pyc/cpython-314-8b8b47fe3052.pyc,decompyle3,rerun,exit_1,"Traceback (most recent call last): File ""<string>"", line 10, in <module> code = compile(source.read_text(encoding=""utf-8""), str(source), ""exec"") File ""data/rq4/source_candidates/cpython-314/cpython-314-8b8b47fe3052/decompyle3.py"", line 6...",crash,data/rq4/source_candidates/cpython-314/cpython-314-8b8b47fe3052/decompyle3.py,
cpython-314,data/rq3/cpython-3.14/unique_bug_pyc/cpython-314-921c50665222.pyc,decompyle3,rerun,exit_1,"Traceback (most recent call last): File ""<string>"", line 10, in <module> code = compile(source.read_text(encoding=""utf-8""), str(source), ""exec"") File ""data/rq4/source_candidates/cpython-314/cpython-314-921c50665222/decompyle3.py"", line 6...",crash,data/rq4/source_candidates/cpython-314/cpython-314-921c50665222/decompyle3.py,
cpython-314,data/rq3/cpython-3.14/unique_bug_pyc/cpython-314-963caa8cb959.pyc,decompyle3,rerun,exit_1,"Traceback (most recent call last): File ""<string>"", line 10, in <module> code = compile(source.read_text(encoding=""utf-8""), str(source), ""exec"") File ""data/rq4/source_candidates/cpython-314/cpython-314-963caa8cb959/decompyle3.py"", line 6...",crash,data/rq4/source_candidates/cpython-314/cpython-314-963caa8cb959/decompyle3.py,
cpython-314,data/rq3/cpython-3.14/unique_bug_pyc/cpython-314-8f2c998ac5d7.pyc,decompyle3,rerun,exit_1,"Traceback (most recent call last): File ""<string>"", line 10, in <module> code = compile(source.read_text(encoding=""utf-8""), str(source), ""exec"") File ""data/rq4/source_candidates/cpython-314/cpython-314-8f2c998ac5d7/decompyle3.py"", line 6...",crash,data/rq4/source_candidates/cpython-314/cpython-314-8f2c998ac5d7/decompyle3.py,
cpython-314,data/rq3/cpython-3.14/unique_bug_pyc/cpython-314-958163a0f55b.pyc,decompyle3,rerun,exit_1,"Traceback (most recent call last): File ""<string>"", line 10, in <module> code = compile(source.read_text(encoding=""utf-8""), str(source), ""exec"") File ""data/rq4/source_candidates/cpython-314/cpython-314-958163a0f55b/decompyle3.py"", line 6...",crash,data/rq4/source_candidates/cpython-314/cpython-314-958163a0f55b/decompyle3.py,
cpython-314,data/rq3/cpython-3.14/unique_bug_pyc/cpython-314-971defb42615.pyc,decompyle3,rerun,exit_1,"Traceback (most recent call last): File ""<string>"", line 10, in <module> code = compile(source.read_text(encoding=""utf-8""), str(source), ""exec"") File ""data/rq4/source_candidates/cpython-314/cpython-314-971defb42615/decompyle3.py"", line 6...",crash,data/rq4/source_candidates/cpython-314/cpython-314-971defb42615/decompyle3.py,
cpython-314,data/rq3/cpython-3.14/unique_bug_pyc/cpython-314-99d0f371ddda.pyc,decompyle3,rerun,exit_1,"Traceback (most recent call last): File ""<string>"", line 10, in <module> code = compile(source.read_text(encoding=""utf-8""), str(source), ""exec"") File ""data/rq4/source_candidates/cpython-314/cpython-314-99d0f371ddda/decompyle3.py"", line 6...",crash,data/rq4/source_candidates/cpython-314/cpython-314-99d0f371ddda/decompyle3.py,
cpython-314,data/rq3/cpython-3.14/unique_bug_pyc/cpython-314-9717c7b0223f.pyc,decompyle3,rerun,exit_1,"Traceback (most recent call last): File ""<string>"", line 10, in <module> code = compile(source.read_text(encoding=""utf-8""), str(source), ""exec"") File ""data/rq4/source_candidates/cpython-314/cpython-314-9717c7b0223f/decompyle3.py"", line 6...",crash,data/rq4/source_candidates/cpython-314/cpython-314-9717c7b0223f/decompyle3.py,
cpython-314,data/rq3/cpython-3.14/unique_bug_pyc/cpython-314-93a43115c07d.pyc,decompyle3,rerun,exit_1,"Traceback (most recent call last): File ""<string>"", line 10, in <module> code = compile(source.read_text(encoding=""utf-8""), str(source), ""exec"") File ""data/rq4/source_candidates/cpython-314/cpython-314-93a43115c07d/decompyle3.py"", line 6...",crash,data/rq4/source_candidates/cpython-314/cpython-314-93a43115c07d/decompyle3.py,
cpython-314,data/rq3/cpython-3.14/unique_bug_pyc/cpython-314-9b8b8a5cb85e.pyc,decompyle3,decompile,exit_2,/root/PyBC-Sec/pybcSEC/data/rq2/envs/cpython-314/lib/python3.14/site-packages/click/core.py:1262: UserWarning: The parameter --version is used more than once. Remove its duplicate as parameters should be unique. parser = self.make_parser...,crash,,
cpython-314,data/rq3/cpython-3.14/unique_bug_pyc/cpython-314-9eed9ce8cf89.pyc,decompyle3,rerun,exit_1,"Traceback (most recent call last): File ""<string>"", line 10, in <module> code = compile(source.read_text(encoding=""utf-8""), str(source), ""exec"") SyntaxError: source code string cannot contain null bytes",crash,data/rq4/source_candidates/cpython-314/cpython-314-9eed9ce8cf89/decompyle3.py,
cpython-314,data/rq3/cpython-3.14/unique_bug_pyc/cpython-314-9ed8e5b39c0d.pyc,decompyle3,rerun,exit_1,"Traceback (most recent call last): File ""<string>"", line 10, in <module> code = compile(source.read_text(encoding=""utf-8""), str(source), ""exec"") File ""data/rq4/source_candidates/cpython-314/cpython-314-9ed8e5b39c0d/decompyle3.py"", line 6...",crash,data/rq4/source_candidates/cpython-314/cpython-314-9ed8e5b39c0d/decompyle3.py,
cpython-314,data/rq3/cpython-3.14/unique_bug_pyc/cpython-314-9b5a84390886.pyc,decompyle3,rerun,exit_1,"Traceback (most recent call last): File ""<string>"", line 10, in <module> code = compile(source.read_text(encoding=""utf-8""), str(source), ""exec"") File ""data/rq4/source_candidates/cpython-314/cpython-314-9b5a84390886/decompyle3.py"", line 6...",crash,data/rq4/source_candidates/cpython-314/cpython-314-9b5a84390886/decompyle3.py,
cpython-314,data/rq3/cpython-3.14/unique_bug_pyc/cpython-314-a25467872f80.pyc,decompyle3,rerun,exit_1,"Traceback (most recent call last): File ""<string>"", line 10, in <module> code = compile(source.read_text(encoding=""utf-8""), str(source), ""exec"") File ""data/rq4/source_candidates/cpython-314/cpython-314-a25467872f80/decompyle3.py"", line 6...",crash,data/rq4/source_candidates/cpython-314/cpython-314-a25467872f80/decompyle3.py,
cpython-314,data/rq3/cpython-3.14/unique_bug_pyc/cpython-314-a5054adec2db.pyc,decompyle3,rerun,exit_1,"Traceback (most recent call last): File ""<string>"", line 10, in <module> code = compile(source.read_text(encoding=""utf-8""), str(source), ""exec"") File ""data/rq4/source_candidates/cpython-314/cpython-314-a5054adec2db/decompyle3.py"", line 6...",exit_1,data/rq4/source_candidates/cpython-314/cpython-314-a5054adec2db/decompyle3.py,
cpython-314,data/rq3/cpython-3.14/unique_bug_pyc/cpython-314-9ff90fa61c20.pyc,decompyle3,rerun,exit_1,"Traceback (most recent call last): File ""<string>"", line 10, in <module> code = compile(source.read_text(encoding=""utf-8""), str(source), ""exec"") File ""data/rq4/source_candidates/cpython-314/cpython-314-9ff90fa61c20/decompyle3.py"", line 6...",crash,data/rq4/source_candidates/cpython-314/cpython-314-9ff90fa61c20/decompyle3.py,
cpython-314,data/rq3/cpython-3.14/unique_bug_pyc/cpython-314-afab230f5062.pyc,decompyle3,rerun,exit_1,"Traceback (most recent call last): File ""<string>"", line 10, in <module> code = compile(source.read_text(encoding=""utf-8""), str(source), ""exec"") File ""data/rq4/source_candidates/cpython-314/cpython-314-afab230f5062/decompyle3.py"", line 6...",ok,data/rq4/source_candidates/cpython-314/cpython-314-afab230f5062/decompyle3.py,
cpython-314,data/rq3/cpython-3.14/unique_bug_pyc/cpython-314-af8e04998ff7.pyc,decompyle3,rerun,exit_1,"Traceback (most recent call last): File ""<string>"", line 10, in <module> code = compile(source.read_text(encoding=""utf-8""), str(source), ""exec"") File ""data/rq4/source_candidates/cpython-314/cpython-314-af8e04998ff7/decompyle3.py"", line 7...",exit_1,data/rq4/source_candidates/cpython-314/cpython-314-af8e04998ff7/decompyle3.py,
cpython-314,data/rq3/cpython-3.14/unique_bug_pyc/cpython-314-a39d85a8a874.pyc,decompyle3,rerun,exit_1,"Traceback (most recent call last): File ""<string>"", line 10, in <module> code = compile(source.read_text(encoding=""utf-8""), str(source), ""exec"") File ""data/rq4/source_candidates/cpython-314/cpython-314-a39d85a8a874/decompyle3.py"", line 6...",crash,data/rq4/source_candidates/cpython-314/cpython-314-a39d85a8a874/decompyle3.py,
cpython-314,data/rq3/cpython-3.14/unique_bug_pyc/cpython-314-b3997c218d20.pyc,decompyle3,rerun,exit_1,"Traceback (most recent call last): File ""<string>"", line 10, in <module> code = compile(source.read_text(encoding=""utf-8""), str(source), ""exec"") File ""data/rq4/source_candidates/cpython-314/cpython-314-b3997c218d20/decompyle3.py"", line 6...",exit_1,data/rq4/source_candidates/cpython-314/cpython-314-b3997c218d20/decompyle3.py,
cpython-314,data/rq3/cpython-3.14/unique_bug_pyc/cpython-314-a4da24606206.pyc,decompyle3,rerun,exit_1,"Traceback (most recent call last): File ""<string>"", line 10, in <module> code = compile(source.read_text(encoding=""utf-8""), str(source), ""exec"") File ""data/rq4/source_candidates/cpython-314/cpython-314-a4da24606206/decompyle3.py"", line 6...",crash,data/rq4/source_candidates/cpython-314/cpython-314-a4da24606206/decompyle3.py,
cpython-314,data/rq3/cpython-3.14/unique_bug_pyc/cpython-314-b4bc94e03f55.pyc,decompyle3,rerun,exit_1,"Traceback (most recent call last): File ""<string>"", line 10, in <module> code = compile(source.read_text(encoding=""utf-8""), str(source), ""exec"") File ""data/rq4/source_candidates/cpython-314/cpython-314-b4bc94e03f55/decompyle3.py"", line 6...",crash,data/rq4/source_candidates/cpython-314/cpython-314-b4bc94e03f55/decompyle3.py,
cpython-314,data/rq3/cpython-3.14/unique_bug_pyc/cpython-314-a50cc29da930.pyc,decompyle3,rerun,exit_1,"Traceback (most recent call last): File ""<string>"", line 10, in <module> code = compile(source.read_text(encoding=""utf-8""), str(source), ""exec"") File ""data/rq4/source_candidates/cpython-314/cpython-314-a50cc29da930/decompyle3.py"", line 6...",crash,data/rq4/source_candidates/cpython-314/cpython-314-a50cc29da930/decompyle3.py,
cpython-314,data/rq3/cpython-3.14/unique_bug_pyc/cpython-314-b66161d39d74.pyc,decompyle3,rerun,exit_1,"Traceback (most recent call last): File ""<string>"", line 10, in <module> code = compile(source.read_text(encoding=""utf-8""), str(source), ""exec"") File ""data/rq4/source_candidates/cpython-314/cpython-314-b66161d39d74/decompyle3.py"", line 6...",crash,data/rq4/source_candidates/cpython-314/cpython-314-b66161d39d74/decompyle3.py,
cpython-314,data/rq3/cpython-3.14/unique_bug_pyc/cpython-314-b5313e2bfde8.pyc,decompyle3,rerun,exit_1,"Traceback (most recent call last): File ""<string>"", line 10, in <module> code = compile(source.read_text(encoding=""utf-8""), str(source), ""exec"") File ""data/rq4/source_candidates/cpython-314/cpython-314-b5313e2bfde8/decompyle3.py"", line 6...",crash,data/rq4/source_candidates/cpython-314/cpython-314-b5313e2bfde8/decompyle3.py,
cpython-314,data/rq3/cpython-3.14/unique_bug_pyc/cpython-314-b2a9cb42a41e.pyc,decompyle3,rerun,exit_1,"Traceback (most recent call last): File ""<string>"", line 10, in <module> code = compile(source.read_text(encoding=""utf-8""), str(source), ""exec"") File ""data/rq4/source_candidates/cpython-314/cpython-314-b2a9cb42a41e/decompyle3.py"", line 6...",crash,data/rq4/source_candidates/cpython-314/cpython-314-b2a9cb42a41e/decompyle3.py,
cpython-314,data/rq3/cpython-3.14/unique_bug_pyc/cpython-314-a98379fe6f8a.pyc,decompyle3,rerun,exit_1,"Traceback (most recent call last): File ""<string>"", line 10, in <module> code = compile(source.read_text(encoding=""utf-8""), str(source), ""exec"") File ""data/rq4/source_candidates/cpython-314/cpython-314-a98379fe6f8a/decompyle3.py"", line 6...",crash,data/rq4/source_candidates/cpython-314/cpython-314-a98379fe6f8a/decompyle3.py,
cpython-314,data/rq3/cpython-3.14/unique_bug_pyc/cpython-314-b2ba4816da1b.pyc,decompyle3,rerun,exit_1,"Traceback (most recent call last): File ""<string>"", line 10, in <module> code = compile(source.read_text(encoding=""utf-8""), str(source), ""exec"") File ""data/rq4/source_candidates/cpython-314/cpython-314-b2ba4816da1b/decompyle3.py"", line 6...",crash,data/rq4/source_candidates/cpython-314/cpython-314-b2ba4816da1b/decompyle3.py,
cpython-314,data/rq3/cpython-3.14/unique_bug_pyc/cpython-314-b77174ccf994.pyc,decompyle3,rerun,exit_1,"Traceback (most recent call last): File ""<string>"", line 10, in <module> code = compile(source.read_text(encoding=""utf-8""), str(source), ""exec"") File ""data/rq4/source_candidates/cpython-314/cpython-314-b77174ccf994/decompyle3.py"", line 6...",crash,data/rq4/source_candidates/cpython-314/cpython-314-b77174ccf994/decompyle3.py,
cpython-314,data/rq3/cpython-3.14/unique_bug_pyc/cpython-314-bb0b8b0a4a2c.pyc,decompyle3,rerun,exit_1,"Traceback (most recent call last): File ""<string>"", line 10, in <module> code = compile(source.read_text(encoding=""utf-8""), str(source), ""exec"") File ""data/rq4/source_candidates/cpython-314/cpython-314-bb0b8b0a4a2c/decompyle3.py"", line 7...",crash,data/rq4/source_candidates/cpython-314/cpython-314-bb0b8b0a4a2c/decompyle3.py,
cpython-314,data/rq3/cpython-3.14/unique_bug_pyc/cpython-314-bd0dadf3e034.pyc,decompyle3,rerun,exit_1,"Traceback (most recent call last): File ""<string>"", line 10, in <module> code = compile(source.read_text(encoding=""utf-8""), str(source), ""exec"") File ""data/rq4/source_candidates/cpython-314/cpython-314-bd0dadf3e034/decompyle3.py"", line 6...",exit_1,data/rq4/source_candidates/cpython-314/cpython-314-bd0dadf3e034/decompyle3.py,
cpython-314,data/rq3/cpython-3.14/unique_bug_pyc/cpython-314-bce326a89d02.pyc,decompyle3,rerun,exit_1,"Traceback (most recent call last): File ""<string>"", line 10, in <module> code = compile(source.read_text(encoding=""utf-8""), str(source), ""exec"") File ""data/rq4/source_candidates/cpython-314/cpython-314-bce326a89d02/decompyle3.py"", line 6...",crash,data/rq4/source_candidates/cpython-314/cpython-314-bce326a89d02/decompyle3.py,
cpython-314,data/rq3/cpython-3.14/unique_bug_pyc/cpython-314-c25f63bdefb5.pyc,decompyle3,rerun,exit_1,"Traceback (most recent call last): File ""<string>"", line 10, in <module> code = compile(source.read_text(encoding=""utf-8""), str(source), ""exec"") File ""data/rq4/source_candidates/cpython-314/cpython-314-c25f63bdefb5/decompyle3.py"", line 6...",crash,data/rq4/source_candidates/cpython-314/cpython-314-c25f63bdefb5/decompyle3.py,
cpython-314,data/rq3/cpython-3.14/unique_bug_pyc/cpython-314-bcb8e4fa1ea3.pyc,decompyle3,rerun,exit_1,"Traceback (most recent call last): File ""<string>"", line 10, in <module> code = compile(source.read_text(encoding=""utf-8""), str(source), ""exec"") File ""data/rq4/source_candidates/cpython-314/cpython-314-bcb8e4fa1ea3/decompyle3.py"", line 6...",crash,data/rq4/source_candidates/cpython-314/cpython-314-bcb8e4fa1ea3/decompyle3.py,
cpython-314,data/rq3/cpython-3.14/unique_bug_pyc/cpython-314-b7c89ad6c93d.pyc,decompyle3,rerun,exit_1,"Traceback (most recent call last): File ""<string>"", line 10, in <module> code = compile(source.read_text(encoding=""utf-8""), str(source), ""exec"") File ""data/rq4/source_candidates/cpython-314/cpython-314-b7c89ad6c93d/decompyle3.py"", line 6...",crash,data/rq4/source_candidates/cpython-314/cpython-314-b7c89ad6c93d/decompyle3.py,
cpython-314,data/rq3/cpython-3.14/unique_bug_pyc/cpython-314-c3af53ce4a7d.pyc,decompyle3,rerun,exit_1,"Traceback (most recent call last): File ""<string>"", line 10, in <module> code = compile(source.read_text(encoding=""utf-8""), str(source), ""exec"") File ""data/rq4/source_candidates/cpython-314/cpython-314-c3af53ce4a7d/decompyle3.py"", line 6...",crash,data/rq4/source_candidates/cpython-314/cpython-314-c3af53ce4a7d/decompyle3.py,
cpython-314,data/rq3/cpython-3.14/unique_bug_pyc/cpython-314-bc8c7f4ade99.pyc,decompyle3,rerun,exit_1,"Traceback (most recent call last): File ""<string>"", line 10, in <module> code = compile(source.read_text(encoding=""utf-8""), str(source), ""exec"") File ""data/rq4/source_candidates/cpython-314/cpython-314-bc8c7f4ade99/decompyle3.py"", line 6...",crash,data/rq4/source_candidates/cpython-314/cpython-314-bc8c7f4ade99/decompyle3.py,
cpython-314,data/rq3/cpython-3.14/unique_bug_pyc/cpython-314-c4ccfcbcb633.pyc,decompyle3,rerun,exit_1,"Traceback (most recent call last): File ""<string>"", line 10, in <module> code = compile(source.read_text(encoding=""utf-8""), str(source), ""exec"") File ""data/rq4/source_candidates/cpython-314/cpython-314-c4ccfcbcb633/decompyle3.py"", line 6...",crash,data/rq4/source_candidates/cpython-314/cpython-314-c4ccfcbcb633/decompyle3.py,
cpython-314,data/rq3/cpython-3.14/unique_bug_pyc/cpython-314-c2f84713031f.pyc,decompyle3,rerun,exit_1,"Traceback (most recent call last): File ""<string>"", line 10, in <module> code = compile(source.read_text(encoding=""utf-8""), str(source), ""exec"") File ""data/rq4/source_candidates/cpython-314/cpython-314-c2f84713031f/decompyle3.py"", line 6...",crash,data/rq4/source_candidates/cpython-314/cpython-314-c2f84713031f/decompyle3.py,
cpython-314,data/rq3/cpython-3.14/unique_bug_pyc/cpython-314-c4c7adc3aa5c.pyc,decompyle3,rerun,exit_1,"Traceback (most recent call last): File ""<string>"", line 10, in <module> code = compile(source.read_text(encoding=""utf-8""), str(source), ""exec"") File ""data/rq4/source_candidates/cpython-314/cpython-314-c4c7adc3aa5c/decompyle3.py"", line 6...",crash,data/rq4/source_candidates/cpython-314/cpython-314-c4c7adc3aa5c/decompyle3.py,
cpython-314,data/rq3/cpython-3.14/unique_bug_pyc/cpython-314-ca6f34500562.pyc,decompyle3,rerun,exit_1,"Traceback (most recent call last): File ""<string>"", line 10, in <module> code = compile(source.read_text(encoding=""utf-8""), str(source), ""exec"") File ""data/rq4/source_candidates/cpython-314/cpython-314-ca6f34500562/decompyle3.py"", line 6...",crash,data/rq4/source_candidates/cpython-314/cpython-314-ca6f34500562/decompyle3.py,
cpython-314,data/rq3/cpython-3.14/unique_bug_pyc/cpython-314-c4f171621deb.pyc,decompyle3,rerun,exit_1,"Traceback (most recent call last): File ""<string>"", line 10, in <module> code = compile(source.read_text(encoding=""utf-8""), str(source), ""exec"") File ""data/rq4/source_candidates/cpython-314/cpython-314-c4f171621deb/decompyle3.py"", line 6...",crash,data/rq4/source_candidates/cpython-314/cpython-314-c4f171621deb/decompyle3.py,
cpython-314,data/rq3/cpython-3.14/unique_bug_pyc/cpython-314-c3f0ef717ef5.pyc,decompyle3,rerun,exit_1,"Traceback (most recent call last): File ""<string>"", line 10, in <module> code = compile(source.read_text(encoding=""utf-8""), str(source), ""exec"") File ""data/rq4/source_candidates/cpython-314/cpython-314-c3f0ef717ef5/decompyle3.py"", line 6...",crash,data/rq4/source_candidates/cpython-314/cpython-314-c3f0ef717ef5/decompyle3.py,
cpython-314,data/rq3/cpython-3.14/unique_bug_pyc/cpython-314-c6a8a83046c4.pyc,decompyle3,rerun,exit_1,"Traceback (most recent call last): File ""<string>"", line 10, in <module> code = compile(source.read_text(encoding=""utf-8""), str(source), ""exec"") File ""data/rq4/source_candidates/cpython-314/cpython-314-c6a8a83046c4/decompyle3.py"", line 6...",crash,data/rq4/source_candidates/cpython-314/cpython-314-c6a8a83046c4/decompyle3.py,
cpython-314,data/rq3/cpython-3.14/unique_bug_pyc/cpython-314-cab91e43dace.pyc,decompyle3,rerun,exit_1,"Traceback (most recent call last): File ""<string>"", line 10, in <module> code = compile(source.read_text(encoding=""utf-8""), str(source), ""exec"") File ""data/rq4/source_candidates/cpython-314/cpython-314-cab91e43dace/decompyle3.py"", line 6...",crash,data/rq4/source_candidates/cpython-314/cpython-314-cab91e43dace/decompyle3.py,
cpython-314,data/rq3/cpython-3.14/unique_bug_pyc/cpython-314-caa330050033.pyc,decompyle3,rerun,exit_1,"Traceback (most recent call last): File ""<string>"", line 10, in <module> code = compile(source.read_text(encoding=""utf-8""), str(source), ""exec"") File ""data/rq4/source_candidates/cpython-314/cpython-314-caa330050033/decompyle3.py"", line 6...",crash,data/rq4/source_candidates/cpython-314/cpython-314-caa330050033/decompyle3.py,
cpython-314,data/rq3/cpython-3.14/unique_bug_pyc/cpython-314-c705b9a6ef29.pyc,decompyle3,rerun,exit_1,"Traceback (most recent call last): File ""<string>"", line 10, in <module> code = compile(source.read_text(encoding=""utf-8""), str(source), ""exec"") File ""data/rq4/source_candidates/cpython-314/cpython-314-c705b9a6ef29/decompyle3.py"", line 6...",crash,data/rq4/source_candidates/cpython-314/cpython-314-c705b9a6ef29/decompyle3.py,
cpython-314,data/rq3/cpython-3.14/unique_bug_pyc/cpython-314-cefb7db9ff11.pyc,decompyle3,rerun,exit_1,"Traceback (most recent call last): File ""<string>"", line 10, in <module> code = compile(source.read_text(encoding=""utf-8""), str(source), ""exec"") File ""data/rq4/source_candidates/cpython-314/cpython-314-cefb7db9ff11/decompyle3.py"", line 6...",crash,data/rq4/source_candidates/cpython-314/cpython-314-cefb7db9ff11/decompyle3.py,
cpython-314,data/rq3/cpython-3.14/unique_bug_pyc/cpython-314-dae309de59f7.pyc,decompyle3,rerun,exit_1,"Traceback (most recent call last): File ""<string>"", line 10, in <module> code = compile(source.read_text(encoding=""utf-8""), str(source), ""exec"") File ""data/rq4/source_candidates/cpython-314/cpython-314-dae309de59f7/decompyle3.py"", line 6...",exit_1,data/rq4/source_candidates/cpython-314/cpython-314-dae309de59f7/decompyle3.py,
cpython-314,data/rq3/cpython-3.14/unique_bug_pyc/cpython-314-cbbfc8160fd6.pyc,decompyle3,rerun,exit_1,"Traceback (most recent call last): File ""<string>"", line 10, in <module> code = compile(source.read_text(encoding=""utf-8""), str(source), ""exec"") File ""data/rq4/source_candidates/cpython-314/cpython-314-cbbfc8160fd6/decompyle3.py"", line 6...",crash,data/rq4/source_candidates/cpython-314/cpython-314-cbbfc8160fd6/decompyle3.py,
cpython-314,data/rq3/cpython-3.14/unique_bug_pyc/cpython-314-d25679df4413.pyc,decompyle3,rerun,exit_1,"Traceback (most recent call last): File ""<string>"", line 10, in <module> code = compile(source.read_text(encoding=""utf-8""), str(source), ""exec"") File ""data/rq4/source_candidates/cpython-314/cpython-314-d25679df4413/decompyle3.py"", line 6...",crash,data/rq4/source_candidates/cpython-314/cpython-314-d25679df4413/decompyle3.py,
cpython-314,data/rq3/cpython-3.14/unique_bug_pyc/cpython-314-cc4192d85f8d.pyc,decompyle3,rerun,exit_1,"Traceback (most recent call last): File ""<string>"", line 10, in <module> code = compile(source.read_text(encoding=""utf-8""), str(source), ""exec"") File ""data/rq4/source_candidates/cpython-314/cpython-314-cc4192d85f8d/decompyle3.py"", line 6...",crash,data/rq4/source_candidates/cpython-314/cpython-314-cc4192d85f8d/decompyle3.py,
cpython-314,data/rq3/cpython-3.14/unique_bug_pyc/cpython-314-d6637caea8f3.pyc,decompyle3,rerun,exit_1,"Traceback (most recent call last): File ""<string>"", line 10, in <module> code = compile(source.read_text(encoding=""utf-8""), str(source), ""exec"") File ""data/rq4/source_candidates/cpython-314/cpython-314-d6637caea8f3/decompyle3.py"", line 6...",crash,data/rq4/source_candidates/cpython-314/cpython-314-d6637caea8f3/decompyle3.py,
cpython-314,data/rq3/cpython-3.14/unique_bug_pyc/cpython-314-d61f84e1f075.pyc,decompyle3,rerun,exit_1,"Traceback (most recent call last): File ""<string>"", line 10, in <module> code = compile(source.read_text(encoding=""utf-8""), str(source), ""exec"") File ""data/rq4/source_candidates/cpython-314/cpython-314-d61f84e1f075/decompyle3.py"", line 6...",crash,data/rq4/source_candidates/cpython-314/cpython-314-d61f84e1f075/decompyle3.py,
cpython-314,data/rq3/cpython-3.14/unique_bug_pyc/cpython-314-d8bb7e1cbf04.pyc,decompyle3,rerun,exit_1,"Traceback (most recent call last): File ""<string>"", line 10, in <module> code = compile(source.read_text(encoding=""utf-8""), str(source), ""exec"") File ""data/rq4/source_candidates/cpython-314/cpython-314-d8bb7e1cbf04/decompyle3.py"", line 6...",crash,data/rq4/source_candidates/cpython-314/cpython-314-d8bb7e1cbf04/decompyle3.py,
cpython-314,data/rq3/cpython-3.14/unique_bug_pyc/cpython-314-dbbc92b81578.pyc,decompyle3,rerun,exit_1,"Traceback (most recent call last): File ""<string>"", line 10, in <module> code = compile(source.read_text(encoding=""utf-8""), str(source), ""exec"") File ""data/rq4/source_candidates/cpython-314/cpython-314-dbbc92b81578/decompyle3.py"", line 6...",crash,data/rq4/source_candidates/cpython-314/cpython-314-dbbc92b81578/decompyle3.py,
cpython-314,data/rq3/cpython-3.14/unique_bug_pyc/cpython-314-ddba89fc4e35.pyc,decompyle3,rerun,exit_1,"Traceback (most recent call last): File ""<string>"", line 10, in <module> code = compile(source.read_text(encoding=""utf-8""), str(source), ""exec"") File ""data/rq4/source_candidates/cpython-314/cpython-314-ddba89fc4e35/decompyle3.py"", line 6...",crash,data/rq4/source_candidates/cpython-314/cpython-314-ddba89fc4e35/decompyle3.py,
cpython-314,data/rq3/cpython-3.14/unique_bug_pyc/cpython-314-e5ac43c8e32c.pyc,decompyle3,rerun,exit_1,"Traceback (most recent call last): File ""<string>"", line 10, in <module> code = compile(source.read_text(encoding=""utf-8""), str(source), ""exec"") File ""data/rq4/source_candidates/cpython-314/cpython-314-e5ac43c8e32c/decompyle3.py"", line 6...",exit_1,data/rq4/source_candidates/cpython-314/cpython-314-e5ac43c8e32c/decompyle3.py,
cpython-314,data/rq3/cpython-3.14/unique_bug_pyc/cpython-314-e00529dd6c74.pyc,decompyle3,rerun,exit_1,"Traceback (most recent call last): File ""<string>"", line 10, in <module> code = compile(source.read_text(encoding=""utf-8""), str(source), ""exec"") File ""data/rq4/source_candidates/cpython-314/cpython-314-e00529dd6c74/decompyle3.py"", line 6...",crash,data/rq4/source_candidates/cpython-314/cpython-314-e00529dd6c74/decompyle3.py,
cpython-314,data/rq3/cpython-3.14/unique_bug_pyc/cpython-314-dd587e35c843.pyc,decompyle3,rerun,exit_1,"Traceback (most recent call last): File ""<string>"", line 10, in <module> code = compile(source.read_text(encoding=""utf-8""), str(source), ""exec"") File ""data/rq4/source_candidates/cpython-314/cpython-314-dd587e35c843/decompyle3.py"", line 6...",crash,data/rq4/source_candidates/cpython-314/cpython-314-dd587e35c843/decompyle3.py,
cpython-314,data/rq3/cpython-3.14/unique_bug_pyc/cpython-314-e0a4eb230da4.pyc,decompyle3,rerun,exit_1,"Traceback (most recent call last): File ""<string>"", line 10, in <module> code = compile(source.read_text(encoding=""utf-8""), str(source), ""exec"") File ""data/rq4/source_candidates/cpython-314/cpython-314-e0a4eb230da4/decompyle3.py"", line 6...",crash,data/rq4/source_candidates/cpython-314/cpython-314-e0a4eb230da4/decompyle3.py,
cpython-314,data/rq3/cpython-3.14/unique_bug_pyc/cpython-314-deabe1530e13.pyc,decompyle3,rerun,exit_1,"Traceback (most recent call last): File ""<string>"", line 10, in <module> code = compile(source.read_text(encoding=""utf-8""), str(source), ""exec"") File ""data/rq4/source_candidates/cpython-314/cpython-314-deabe1530e13/decompyle3.py"", line 6...",crash,data/rq4/source_candidates/cpython-314/cpython-314-deabe1530e13/decompyle3.py,
cpython-314,data/rq3/cpython-3.14/unique_bug_pyc/cpython-314-e277c1ba137f.pyc,decompyle3,rerun,exit_1,"Traceback (most recent call last): File ""<string>"", line 10, in <module> code = compile(source.read_text(encoding=""utf-8""), str(source), ""exec"") File ""data/rq4/source_candidates/cpython-314/cpython-314-e277c1ba137f/decompyle3.py"", line 6...",crash,data/rq4/source_candidates/cpython-314/cpython-314-e277c1ba137f/decompyle3.py,
cpython-314,data/rq3/cpython-3.14/unique_bug_pyc/cpython-314-e5f4fd12aa75.pyc,decompyle3,rerun,exit_1,"Traceback (most recent call last): File ""<string>"", line 10, in <module> code = compile(source.read_text(encoding=""utf-8""), str(source), ""exec"") File ""data/rq4/source_candidates/cpython-314/cpython-314-e5f4fd12aa75/decompyle3.py"", line 6...",crash,data/rq4/source_candidates/cpython-314/cpython-314-e5f4fd12aa75/decompyle3.py,
cpython-314,data/rq3/cpython-3.14/unique_bug_pyc/cpython-314-e5fb94f61f4e.pyc,decompyle3,rerun,exit_1,"Traceback (most recent call last): File ""<string>"", line 10, in <module> code = compile(source.read_text(encoding=""utf-8""), str(source), ""exec"") File ""data/rq4/source_candidates/cpython-314/cpython-314-e5fb94f61f4e/decompyle3.py"", line 6...",crash,data/rq4/source_candidates/cpython-314/cpython-314-e5fb94f61f4e/decompyle3.py,
cpython-314,data/rq3/cpython-3.14/unique_bug_pyc/cpython-314-e10e81fe8db0.pyc,decompyle3,rerun,exit_1,"Traceback (most recent call last): File ""<string>"", line 10, in <module> code = compile(source.read_text(encoding=""utf-8""), str(source), ""exec"") SyntaxError: source code string cannot contain null bytes",crash,data/rq4/source_candidates/cpython-314/cpython-314-e10e81fe8db0/decompyle3.py,
cpython-314,data/rq3/cpython-3.14/unique_bug_pyc/cpython-314-e97aa6dc1048.pyc,decompyle3,rerun,exit_1,"Traceback (most recent call last): File ""<string>"", line 10, in <module> code = compile(source.read_text(encoding=""utf-8""), str(source), ""exec"") File ""data/rq4/source_candidates/cpython-314/cpython-314-e97aa6dc1048/decompyle3.py"", line 6...",crash,data/rq4/source_candidates/cpython-314/cpython-314-e97aa6dc1048/decompyle3.py,
cpython-314,data/rq3/cpython-3.14/unique_bug_pyc/cpython-314-f200976d9042.pyc,decompyle3,decompile,exit_2,/root/PyBC-Sec/pybcSEC/data/rq2/envs/cpython-314/lib/python3.14/site-packages/click/core.py:1262: UserWarning: The parameter --version is used more than once. Remove its duplicate as parameters should be unique. parser = self.make_parser...,crash,,
cpython-314,data/rq3/cpython-3.14/unique_bug_pyc/cpython-314-f2f244994ac7.pyc,decompyle3,rerun,exit_1,"Traceback (most recent call last): File ""<string>"", line 10, in <module> code = compile(source.read_text(encoding=""utf-8""), str(source), ""exec"") File ""data/rq4/source_candidates/cpython-314/cpython-314-f2f244994ac7/decompyle3.py"", line 6...",crash,data/rq4/source_candidates/cpython-314/cpython-314-f2f244994ac7/decompyle3.py,
cpython-314,data/rq3/cpython-3.14/unique_bug_pyc/cpython-314-f1c8e49dddf7.pyc,decompyle3,rerun,exit_1,"Traceback (most recent call last): File ""<string>"", line 10, in <module> code = compile(source.read_text(encoding=""utf-8""), str(source), ""exec"") File ""data/rq4/source_candidates/cpython-314/cpython-314-f1c8e49dddf7/decompyle3.py"", line 6...",crash,data/rq4/source_candidates/cpython-314/cpython-314-f1c8e49dddf7/decompyle3.py,
cpython-314,data/rq3/cpython-3.14/unique_bug_pyc/cpython-314-ec3d95b3d4c3.pyc,decompyle3,rerun,exit_1,"Traceback (most recent call last): File ""<string>"", line 10, in <module> code = compile(source.read_text(encoding=""utf-8""), str(source), ""exec"") File ""data/rq4/source_candidates/cpython-314/cpython-314-ec3d95b3d4c3/decompyle3.py"", line 6...",crash,data/rq4/source_candidates/cpython-314/cpython-314-ec3d95b3d4c3/decompyle3.py,
cpython-314,data/rq3/cpython-3.14/unique_bug_pyc/cpython-314-fdb81fc0ec9d.pyc,decompyle3,rerun,exit_1,"Traceback (most recent call last): File ""<string>"", line 10, in <module> code = compile(source.read_text(encoding=""utf-8""), str(source), ""exec"") File ""data/rq4/source_candidates/cpython-314/cpython-314-fdb81fc0ec9d/decompyle3.py"", line 6...",crash,data/rq4/source_candidates/cpython-314/cpython-314-fdb81fc0ec9d/decompyle3.py,
cpython-314,data/rq3/cpython-3.14/unique_bug_pyc/cpython-314-ff2e19ab702e.pyc,decompyle3,rerun,exit_1,"Traceback (most recent call last): File ""<string>"", line 10, in <module> code = compile(source.read_text(encoding=""utf-8""), str(source), ""exec"") File ""data/rq4/source_candidates/cpython-314/cpython-314-ff2e19ab702e/decompyle3.py"", line 6...",crash,data/rq4/source_candidates/cpython-314/cpython-314-ff2e19ab702e/decompyle3.py,
cpython-314,data/rq3/cpython-3.14/unique_bug_pyc/cpython-314-fd3f53dc4bd4.pyc,decompyle3,rerun,exit_1,"Traceback (most recent call last): File ""<string>"", line 10, in <module> code = compile(source.read_text(encoding=""utf-8""), str(source), ""exec"") File ""data/rq4/source_candidates/cpython-314/cpython-314-fd3f53dc4bd4/decompyle3.py"", line 6...",crash,data/rq4/source_candidates/cpython-314/cpython-314-fd3f53dc4bd4/decompyle3.py,
cpython-314,data/rq3/cpython-3.14/unique_bug_pyc/cpython-314-faec1a90026d.pyc,decompyle3,rerun,exit_1,"Traceback (most recent call last): File ""<string>"", line 10, in <module> code = compile(source.read_text(encoding=""utf-8""), str(source), ""exec"") File ""data/rq4/source_candidates/cpython-314/cpython-314-faec1a90026d/decompyle3.py"", line 6...",crash,data/rq4/source_candidates/cpython-314/cpython-314-faec1a90026d/decompyle3.py,
cpython-314,data/rq3/cpython-3.14/unique_bug_pyc/cpython-314-ff92b733b4c2.pyc,decompyle3,rerun,exit_1,"Traceback (most recent call last): File ""<string>"", line 10, in <module> code = compile(source.read_text(encoding=""utf-8""), str(source), ""exec"") File ""data/rq4/source_candidates/cpython-314/cpython-314-ff92b733b4c2/decompyle3.py"", line 6...",crash,data/rq4/source_candidates/cpython-314/cpython-314-ff92b733b4c2/decompyle3.py,
cpython-38,data/rq3/cpython-3.8/unique_bug_pyc/cpython-38-1023437964e6.pyc,decompyle3,decompile,exit_1,"Traceback (most recent call last): File ""data/rq2/envs/cpython-38/bin/decompyle3"", line 8, in <module> sys.exit(main_bin()) File ""/root/PyBC-Sec/pybcSEC/data/rq2/envs/cpython-38/lib/python3.8/site-packages/click/core.py"", line 1161, in _...",exit_1,,
cpython-38,data/rq3/cpython-3.8/unique_bug_pyc/cpython-38-172b46bc6f63.pyc,decompyle3,decompile,exit_1,"Traceback (most recent call last): File ""data/rq2/envs/cpython-38/bin/decompyle3"", line 8, in <module> sys.exit(main_bin()) File ""/root/PyBC-Sec/pybcSEC/data/rq2/envs/cpython-38/lib/python3.8/site-packages/click/core.py"", line 1161, in _...",exit_1,,
cpython-38,data/rq3/cpython-3.8/unique_bug_pyc/cpython-38-1f2a015a29bd.pyc,decompyle3,rerun,exit_1,"Traceback (most recent call last): File ""<string>"", line 10, in <module> File ""data/rq4/source_candidates/cpython-38/cpython-38-1f2a015a29bd/decompyle3.py"", line 6 expr ::= LOAD_CODE (1) ^ IndentationError: unexpected indent",exit_1,data/rq4/source_candidates/cpython-38/cpython-38-1f2a015a29bd/decompyle3.py,
cpython-38,data/rq3/cpython-3.8/unique_bug_pyc/cpython-38-0e6ea9f74fdd.pyc,decompyle3,decompile,exit_1,"Traceback (most recent call last): File ""data/rq2/envs/cpython-38/bin/decompyle3"", line 8, in <module> sys.exit(main_bin()) File ""/root/PyBC-Sec/pybcSEC/data/rq2/envs/cpython-38/lib/python3.8/site-packages/click/core.py"", line 1161, in _...",exit_1,,
cpython-38,data/rq3/cpython-3.8/unique_bug_pyc/cpython-38-05df3261717a.pyc,decompyle3,decompile,exit_1,"Traceback (most recent call last): File ""data/rq2/envs/cpython-38/bin/decompyle3"", line 8, in <module> sys.exit(main_bin()) File ""/root/PyBC-Sec/pybcSEC/data/rq2/envs/cpython-38/lib/python3.8/site-packages/click/core.py"", line 1161, in _...",crash,,
cpython-38,data/rq3/cpython-3.8/unique_bug_pyc/cpython-38-249214d51726.pyc,decompyle3,rerun,exit_1,"Traceback (most recent call last): File ""<string>"", line 10, in <module> File ""data/rq4/source_candidates/cpython-38/cpython-38-249214d51726/decompyle3.py"", line 7 -- Stacks of completed symbols: ^ SyntaxError: invalid syntax",crash,data/rq4/source_candidates/cpython-38/cpython-38-249214d51726/decompyle3.py,
cpython-38,data/rq3/cpython-3.8/unique_bug_pyc/cpython-38-066caaa07121.pyc,decompyle3,rerun,exit_1,"Traceback (most recent call last): File ""<string>"", line 10, in <module> File ""data/rq4/source_candidates/cpython-38/cpython-38-066caaa07121/decompyle3.py"", line 6 expr ::= LOAD_CODE (1) ^ IndentationError: unexpected indent",crash,data/rq4/source_candidates/cpython-38/cpython-38-066caaa07121/decompyle3.py,
cpython-38,data/rq3/cpython-3.8/unique_bug_pyc/cpython-38-2b1955af2c5d.pyc,decompyle3,rerun,exit_1,"Traceback (most recent call last): File ""<string>"", line 10, in <module> File ""data/rq4/source_candidates/cpython-38/cpython-38-2b1955af2c5d/decompyle3.py"", line 7 -- Stacks of completed symbols: ^ SyntaxError: invalid syntax",crash,data/rq4/source_candidates/cpython-38/cpython-38-2b1955af2c5d/decompyle3.py,
cpython-38,data/rq3/cpython-3.8/unique_bug_pyc/cpython-38-19240d2dd11b.pyc,decompyle3,rerun,exit_1,"Traceback (most recent call last): File ""<string>"", line 10, in <module> File ""data/rq4/source_candidates/cpython-38/cpython-38-19240d2dd11b/decompyle3.py"", line 6 expr ::= LOAD_CODE (1) ^ IndentationError: unexpected indent",crash,data/rq4/source_candidates/cpython-38/cpython-38-19240d2dd11b/decompyle3.py,
cpython-38,data/rq3/cpython-3.8/unique_bug_pyc/cpython-38-2e8fd71ffa83.pyc,decompyle3,rerun,exit_1,"Traceback (most recent call last): File ""<string>"", line 10, in <module> File ""data/rq4/source_candidates/cpython-38/cpython-38-2e8fd71ffa83/decompyle3.py"", line 6 expr ::= LOAD_CODE (1) ^ IndentationError: unexpected indent",crash,data/rq4/source_candidates/cpython-38/cpython-38-2e8fd71ffa83/decompyle3.py,
cpython-38,data/rq3/cpython-3.8/unique_bug_pyc/cpython-38-09cf932ac7c9.pyc,decompyle3,decompile,exit_2,"Unknown type 64 (hex 40) @ Unknown type 0 (hex 0)   Unknown type 0 (hex 0)   Unknown type 0 (hex 0)   Traceback (most recent call last): File ""/root/PyBC-Sec/pybcSEC/data/rq2/envs/cpython-38/lib/python3.8/site-packages/xdis/load.py"", lin...",crash,,
cpython-38,data/rq3/cpython-3.8/unique_bug_pyc/cpython-38-090d20812f42.pyc,decompyle3,rerun,exit_1,"Traceback (most recent call last): File ""<string>"", line 10, in <module> File ""data/rq4/source_candidates/cpython-38/cpython-38-090d20812f42/decompyle3.py"", line 6 expr ::= LOAD_STR (1) ^ IndentationError: unexpected indent",crash,data/rq4/source_candidates/cpython-38/cpython-38-090d20812f42/decompyle3.py,
cpython-38,data/rq3/cpython-3.8/unique_bug_pyc/cpython-38-0854bfe32a3d.pyc,decompyle3,rerun,exit_1,"Traceback (most recent call last): File ""<string>"", line 10, in <module> ValueError: source code string cannot contain null bytes",crash,data/rq4/source_candidates/cpython-38/cpython-38-0854bfe32a3d/decompyle3.py,
cpython-38,data/rq3/cpython-3.8/unique_bug_pyc/cpython-38-3a9ae46839a6.pyc,decompyle3,rerun,exit_1,"Traceback (most recent call last): File ""<string>"", line 10, in <module> File ""data/rq4/source_candidates/cpython-38/cpython-38-3a9ae46839a6/decompyle3.py"", line 6 expr ::= LOAD_CODE (1) ^ IndentationError: unexpected indent",exit_1,data/rq4/source_candidates/cpython-38/cpython-38-3a9ae46839a6/decompyle3.py,
cpython-38,data/rq3/cpython-3.8/unique_bug_pyc/cpython-38-24c19c696e1b.pyc,decompyle3,rerun,exit_1,"Traceback (most recent call last): File ""<string>"", line 10, in <module> File ""data/rq4/source_candidates/cpython-38/cpython-38-24c19c696e1b/decompyle3.py"", line 6 expr ::= LOAD_CODE (1) ^ IndentationError: unexpected indent",crash,data/rq4/source_candidates/cpython-38/cpython-38-24c19c696e1b/decompyle3.py,
cpython-38,data/rq3/cpython-3.8/unique_bug_pyc/cpython-38-3243125a336d.pyc,decompyle3,decompile,exit_2,Unknown magic number 9557 in data/rq3/cpython-3.8/unique_bug_pyc/cpython-38-3243125a336d.pyc,crash,,
cpython-38,data/rq3/cpython-3.8/unique_bug_pyc/cpython-38-20708f610337.pyc,decompyle3,rerun,exit_1,"Traceback (most recent call last): File ""<string>"", line 10, in <module> File ""data/rq4/source_candidates/cpython-38/cpython-38-20708f610337/decompyle3.py"", line 6 expr ::= LOAD_CODE (1) ^ IndentationError: unexpected indent",crash,data/rq4/source_candidates/cpython-38/cpython-38-20708f610337/decompyle3.py,
cpython-38,data/rq3/cpython-3.8/unique_bug_pyc/cpython-38-3cebf488677b.pyc,decompyle3,decompile,exit_1,"Traceback (most recent call last): File ""data/rq2/envs/cpython-38/bin/decompyle3"", line 8, in <module> sys.exit(main_bin()) File ""/root/PyBC-Sec/pybcSEC/data/rq2/envs/cpython-38/lib/python3.8/site-packages/click/core.py"", line 1161, in _...",exit_1,,
cpython-38,data/rq3/cpython-3.8/unique_bug_pyc/cpython-38-0d8d30d8e4ff.pyc,decompyle3,rerun,exit_1,"Traceback (most recent call last): File ""<string>"", line 10, in <module> File ""data/rq4/source_candidates/cpython-38/cpython-38-0d8d30d8e4ff/decompyle3.py"", line 6 expr ::= LOAD_CODE (1) ^ IndentationError: unexpected indent",crash,data/rq4/source_candidates/cpython-38/cpython-38-0d8d30d8e4ff/decompyle3.py,
cpython-38,data/rq3/cpython-3.8/unique_bug_pyc/cpython-38-3ab86658b6dc.pyc,decompyle3,rerun,exit_1,"Traceback (most recent call last): File ""<string>"", line 10, in <module> File ""data/rq4/source_candidates/cpython-38/cpython-38-3ab86658b6dc/decompyle3.py"", line 6 expr ::= LOAD_CODE (1) ^ IndentationError: unexpected indent",crash,data/rq4/source_candidates/cpython-38/cpython-38-3ab86658b6dc/decompyle3.py,
cpython-38,data/rq3/cpython-3.8/unique_bug_pyc/cpython-38-3aadd7663e56.pyc,decompyle3,rerun,exit_1,"Traceback (most recent call last): File ""<string>"", line 10, in <module> File ""data/rq4/source_candidates/cpython-38/cpython-38-3aadd7663e56/decompyle3.py"", line 6 expr ::= LOAD_CODE (1) ^ IndentationError: unexpected indent",exit_1,data/rq4/source_candidates/cpython-38/cpython-38-3aadd7663e56/decompyle3.py,
cpython-38,data/rq3/cpython-3.8/unique_bug_pyc/cpython-38-428375de16b7.pyc,decompyle3,decompile,exit_1,"Traceback (most recent call last): File ""data/rq2/envs/cpython-38/bin/decompyle3"", line 8, in <module> sys.exit(main_bin()) File ""/root/PyBC-Sec/pybcSEC/data/rq2/envs/cpython-38/lib/python3.8/site-packages/click/core.py"", line 1161, in _...",exit_1,,
cpython-38,data/rq3/cpython-3.8/unique_bug_pyc/cpython-38-3e047c1c71a3.pyc,decompyle3,rerun,exit_1,"Traceback (most recent call last): File ""<string>"", line 10, in <module> File ""data/rq4/source_candidates/cpython-38/cpython-38-3e047c1c71a3/decompyle3.py"", line 6 expr ::= LOAD_CODE (1) ^ IndentationError: unexpected indent",crash,data/rq4/source_candidates/cpython-38/cpython-38-3e047c1c71a3/decompyle3.py,
cpython-38,data/rq3/cpython-3.8/unique_bug_pyc/cpython-38-3161b78f9aee.pyc,decompyle3,rerun,exit_1,"Traceback (most recent call last): File ""<string>"", line 10, in <module> File ""data/rq4/source_candidates/cpython-38/cpython-38-3161b78f9aee/decompyle3.py"", line 6 expr ::= LOAD_CODE (1) ^ IndentationError: unexpected indent",crash,data/rq4/source_candidates/cpython-38/cpython-38-3161b78f9aee/decompyle3.py,
cpython-38,data/rq3/cpython-3.8/unique_bug_pyc/cpython-38-44ebdca69235.pyc,decompyle3,rerun,exit_1,"Traceback (most recent call last): File ""<string>"", line 10, in <module> File ""data/rq4/source_candidates/cpython-38/cpython-38-44ebdca69235/decompyle3.py"", line 6 expr ::= LOAD_CODE (1) ^ IndentationError: unexpected indent",crash,data/rq4/source_candidates/cpython-38/cpython-38-44ebdca69235/decompyle3.py,
cpython-38,data/rq3/cpython-3.8/unique_bug_pyc/cpython-38-303ca82731f8.pyc,decompyle3,rerun,exit_1,"Traceback (most recent call last): File ""<string>"", line 10, in <module> File ""data/rq4/source_candidates/cpython-38/cpython-38-303ca82731f8/decompyle3.py"", line 6 expr ::= LOAD_CODE (1) ^ IndentationError: unexpected indent",crash,data/rq4/source_candidates/cpython-38/cpython-38-303ca82731f8/decompyle3.py,
cpython-38,data/rq3/cpython-3.8/unique_bug_pyc/cpython-38-454c478e6d71.pyc,decompyle3,rerun,exit_1,"Traceback (most recent call last): File ""<string>"", line 10, in <module> File ""data/rq4/source_candidates/cpython-38/cpython-38-454c478e6d71/decompyle3.py"", line 6 expr ::= LOAD_CODE (1) ^ IndentationError: unexpected indent",crash,data/rq4/source_candidates/cpython-38/cpython-38-454c478e6d71/decompyle3.py,
cpython-38,data/rq3/cpython-3.8/unique_bug_pyc/cpython-38-46a59a1a86c9.pyc,decompyle3,decompile,exit_1,"Traceback (most recent call last): File ""data/rq2/envs/cpython-38/bin/decompyle3"", line 8, in <module> sys.exit(main_bin()) File ""/root/PyBC-Sec/pybcSEC/data/rq2/envs/cpython-38/lib/python3.8/site-packages/click/core.py"", line 1161, in _...",crash,,
cpython-38,data/rq3/cpython-3.8/unique_bug_pyc/cpython-38-3f61d8bdc16f.pyc,decompyle3,rerun,exit_1,"Traceback (most recent call last): File ""<string>"", line 10, in <module> File ""data/rq4/source_candidates/cpython-38/cpython-38-3f61d8bdc16f/decompyle3.py"", line 6 expr ::= LOAD_CODE (1) ^ IndentationError: unexpected indent",crash,data/rq4/source_candidates/cpython-38/cpython-38-3f61d8bdc16f/decompyle3.py,
cpython-38,data/rq3/cpython-3.8/unique_bug_pyc/cpython-38-53f6a7b34475.pyc,decompyle3,rerun,exit_1,"Traceback (most recent call last): File ""<string>"", line 10, in <module> File ""data/rq4/source_candidates/cpython-38/cpython-38-53f6a7b34475/decompyle3.py"", line 6 expr ::= LOAD_CODE (1) ^ IndentationError: unexpected indent",crash,data/rq4/source_candidates/cpython-38/cpython-38-53f6a7b34475/decompyle3.py,
cpython-38,data/rq3/cpython-3.8/unique_bug_pyc/cpython-38-4938b2ed0078.pyc,decompyle3,rerun,exit_1,"Traceback (most recent call last): File ""<string>"", line 10, in <module> File ""data/rq4/source_candidates/cpython-38/cpython-38-4938b2ed0078/decompyle3.py"", line 7 -- Stacks of completed symbols: ^ SyntaxError: invalid syntax",crash,data/rq4/source_candidates/cpython-38/cpython-38-4938b2ed0078/decompyle3.py,
cpython-38,data/rq3/cpython-3.8/unique_bug_pyc/cpython-38-5e5346c1cf8a.pyc,decompyle3,decompile,exit_1,"Traceback (most recent call last): File ""data/rq2/envs/cpython-38/bin/decompyle3"", line 8, in <module> sys.exit(main_bin()) File ""/root/PyBC-Sec/pybcSEC/data/rq2/envs/cpython-38/lib/python3.8/site-packages/click/core.py"", line 1161, in _...",crash,,
cpython-38,data/rq3/cpython-3.8/unique_bug_pyc/cpython-38-44ba254511c5.pyc,decompyle3,rerun,exit_1,"Traceback (most recent call last): File ""<string>"", line 10, in <module> ValueError: source code string cannot contain null bytes",crash,data/rq4/source_candidates/cpython-38/cpython-38-44ba254511c5/decompyle3.py,
cpython-38,data/rq3/cpython-3.8/unique_bug_pyc/cpython-38-5ae2b60981c2.pyc,decompyle3,rerun,exit_1,"Traceback (most recent call last): File ""<string>"", line 10, in <module> File ""data/rq4/source_candidates/cpython-38/cpython-38-5ae2b60981c2/decompyle3.py"", line 6 expr ::= LOAD_CODE (1) ^ IndentationError: unexpected indent",crash,data/rq4/source_candidates/cpython-38/cpython-38-5ae2b60981c2/decompyle3.py,
cpython-38,data/rq3/cpython-3.8/unique_bug_pyc/cpython-38-6273a738710f.pyc,decompyle3,decompile,exit_1,"Traceback (most recent call last): File ""data/rq2/envs/cpython-38/bin/decompyle3"", line 8, in <module> sys.exit(main_bin()) File ""/root/PyBC-Sec/pybcSEC/data/rq2/envs/cpython-38/lib/python3.8/site-packages/click/core.py"", line 1161, in _...",crash,,
cpython-38,data/rq3/cpython-3.8/unique_bug_pyc/cpython-38-5fed7e6d958a.pyc,decompyle3,rerun,exit_1,"Traceback (most recent call last): File ""<string>"", line 10, in <module> File ""data/rq4/source_candidates/cpython-38/cpython-38-5fed7e6d958a/decompyle3.py"", line 6 expr ::= LOAD_CODE (1) ^ IndentationError: unexpected indent",crash,data/rq4/source_candidates/cpython-38/cpython-38-5fed7e6d958a/decompyle3.py,
cpython-38,data/rq3/cpython-3.8/unique_bug_pyc/cpython-38-6b5e51e4cff1.pyc,decompyle3,rerun,exit_1,"Traceback (most recent call last): File ""<string>"", line 10, in <module> File ""data/rq4/source_candidates/cpython-38/cpython-38-6b5e51e4cff1/decompyle3.py"", line 6 expr ::= LOAD_CODE (1) ^ IndentationError: unexpected indent",ok,data/rq4/source_candidates/cpython-38/cpython-38-6b5e51e4cff1/decompyle3.py,
cpython-38,data/rq3/cpython-3.8/unique_bug_pyc/cpython-38-4c86157e7344.pyc,decompyle3,rerun,exit_1,"Traceback (most recent call last): File ""<string>"", line 10, in <module> File ""data/rq4/source_candidates/cpython-38/cpython-38-4c86157e7344/decompyle3.py"", line 6 expr ::= LOAD_CODE (1) ^ IndentationError: unexpected indent",crash,data/rq4/source_candidates/cpython-38/cpython-38-4c86157e7344/decompyle3.py,
cpython-38,data/rq3/cpython-3.8/unique_bug_pyc/cpython-38-55547475b2b6.pyc,decompyle3,rerun,exit_1,"Traceback (most recent call last): File ""<string>"", line 10, in <module> File ""data/rq4/source_candidates/cpython-38/cpython-38-55547475b2b6/decompyle3.py"", line 6 expr ::= LOAD_CODE (1) ^ IndentationError: unexpected indent",crash,data/rq4/source_candidates/cpython-38/cpython-38-55547475b2b6/decompyle3.py,
cpython-38,data/rq3/cpython-3.8/unique_bug_pyc/cpython-38-6551fb46f713.pyc,decompyle3,rerun,exit_1,"Traceback (most recent call last): File ""<string>"", line 10, in <module> File ""data/rq4/source_candidates/cpython-38/cpython-38-6551fb46f713/decompyle3.py"", line 6 expr ::= LOAD_CODE (1) ^ IndentationError: unexpected indent",crash,data/rq4/source_candidates/cpython-38/cpython-38-6551fb46f713/decompyle3.py,
cpython-38,data/rq3/cpython-3.8/unique_bug_pyc/cpython-38-6fc7c4e73992.pyc,decompyle3,decompile,exit_1,"Traceback (most recent call last): File ""data/rq2/envs/cpython-38/bin/decompyle3"", line 8, in <module> sys.exit(main_bin()) File ""/root/PyBC-Sec/pybcSEC/data/rq2/envs/cpython-38/lib/python3.8/site-packages/click/core.py"", line 1161, in _...",exit_1,,
cpython-38,data/rq3/cpython-3.8/unique_bug_pyc/cpython-38-6de77a88335e.pyc,decompyle3,rerun,exit_1,"Traceback (most recent call last): File ""<string>"", line 10, in <module> File ""data/rq4/source_candidates/cpython-38/cpython-38-6de77a88335e/decompyle3.py"", line 6 expr ::= LOAD_CODE (1) ^ IndentationError: unexpected indent",crash,data/rq4/source_candidates/cpython-38/cpython-38-6de77a88335e/decompyle3.py,
cpython-38,data/rq3/cpython-3.8/unique_bug_pyc/cpython-38-6fb3d8ce888e.pyc,decompyle3,rerun,exit_1,"Traceback (most recent call last): File ""<string>"", line 10, in <module> File ""data/rq4/source_candidates/cpython-38/cpython-38-6fb3d8ce888e/decompyle3.py"", line 6 expr ::= LOAD_CODE (1) ^ IndentationError: unexpected indent",crash,data/rq4/source_candidates/cpython-38/cpython-38-6fb3d8ce888e/decompyle3.py,
cpython-38,data/rq3/cpython-3.8/unique_bug_pyc/cpython-38-66f0f4fe0b84.pyc,decompyle3,rerun,exit_1,"Traceback (most recent call last): File ""<string>"", line 10, in <module> File ""data/rq4/source_candidates/cpython-38/cpython-38-66f0f4fe0b84/decompyle3.py"", line 6 expr ::= LOAD_CODE (1) ^ IndentationError: unexpected indent",crash,data/rq4/source_candidates/cpython-38/cpython-38-66f0f4fe0b84/decompyle3.py,
cpython-38,data/rq3/cpython-3.8/unique_bug_pyc/cpython-38-7335358966d6.pyc,decompyle3,rerun,exit_1,"Traceback (most recent call last): File ""<string>"", line 10, in <module> File ""data/rq4/source_candidates/cpython-38/cpython-38-7335358966d6/decompyle3.py"", line 6 expr ::= LOAD_CODE (1) ^ IndentationError: unexpected indent",crash,data/rq4/source_candidates/cpython-38/cpython-38-7335358966d6/decompyle3.py,
cpython-38,data/rq3/cpython-3.8/unique_bug_pyc/cpython-38-6c06f9a11e31.pyc,decompyle3,rerun,exit_1,"Traceback (most recent call last): File ""<string>"", line 10, in <module> File ""data/rq4/source_candidates/cpython-38/cpython-38-6c06f9a11e31/decompyle3.py"", line 6 expr ::= LOAD_CODE (1) ^ IndentationError: unexpected indent",crash,data/rq4/source_candidates/cpython-38/cpython-38-6c06f9a11e31/decompyle3.py,
cpython-38,data/rq3/cpython-3.8/unique_bug_pyc/cpython-38-717ef7a927e1.pyc,decompyle3,decompile,exit_1,"Traceback (most recent call last): File ""data/rq2/envs/cpython-38/bin/decompyle3"", line 8, in <module> sys.exit(main_bin()) File ""/root/PyBC-Sec/pybcSEC/data/rq2/envs/cpython-38/lib/python3.8/site-packages/click/core.py"", line 1161, in _...",crash,,
cpython-38,data/rq3/cpython-3.8/unique_bug_pyc/cpython-38-793547593aaa.pyc,decompyle3,rerun,exit_1,"Traceback (most recent call last): File ""<string>"", line 10, in <module> File ""data/rq4/source_candidates/cpython-38/cpython-38-793547593aaa/decompyle3.py"", line 7 -- Stacks of completed symbols: ^ SyntaxError: invalid syntax",crash,data/rq4/source_candidates/cpython-38/cpython-38-793547593aaa/decompyle3.py,
cpython-38,data/rq3/cpython-3.8/unique_bug_pyc/cpython-38-7566662ffbf6.pyc,decompyle3,rerun,exit_1,"Traceback (most recent call last): File ""<string>"", line 10, in <module> File ""data/rq4/source_candidates/cpython-38/cpython-38-7566662ffbf6/decompyle3.py"", line 6 expr ::= LOAD_CODE (1) ^ IndentationError: unexpected indent",crash,data/rq4/source_candidates/cpython-38/cpython-38-7566662ffbf6/decompyle3.py,
cpython-38,data/rq3/cpython-3.8/unique_bug_pyc/cpython-38-73580b33c58d.pyc,decompyle3,rerun,exit_1,"Traceback (most recent call last): File ""<string>"", line 10, in <module> File ""data/rq4/source_candidates/cpython-38/cpython-38-73580b33c58d/decompyle3.py"", line 6 expr ::= LOAD_CODE (1) ^ IndentationError: unexpected indent",crash,data/rq4/source_candidates/cpython-38/cpython-38-73580b33c58d/decompyle3.py,
cpython-38,data/rq3/cpython-3.8/unique_bug_pyc/cpython-38-770a9e21632b.pyc,decompyle3,decompile,exit_-6,"Fatal Python error: non-string found in code slot Python runtime state: initialized Current thread 0x000073d3575e9740 (most recent call first): File ""/root/PyBC-Sec/pybcSEC/data/rq2/envs/cpython-38/lib/python3.8/site-packages/xdis/load.p...",crash,,
cpython-38,data/rq3/cpython-3.8/unique_bug_pyc/cpython-38-7b90ad31f7e8.pyc,decompyle3,decompile,exit_1,"Traceback (most recent call last): File ""data/rq2/envs/cpython-38/bin/decompyle3"", line 8, in <module> sys.exit(main_bin()) File ""/root/PyBC-Sec/pybcSEC/data/rq2/envs/cpython-38/lib/python3.8/site-packages/click/core.py"", line 1161, in _...",crash,,
cpython-38,data/rq3/cpython-3.8/unique_bug_pyc/cpython-38-80372b990fd5.pyc,decompyle3,rerun,exit_1,"Traceback (most recent call last): File ""<string>"", line 10, in <module> File ""data/rq4/source_candidates/cpython-38/cpython-38-80372b990fd5/decompyle3.py"", line 6 expr ::= LOAD_CODE (1) ^ IndentationError: unexpected indent",crash,data/rq4/source_candidates/cpython-38/cpython-38-80372b990fd5/decompyle3.py,
cpython-38,data/rq3/cpython-3.8/unique_bug_pyc/cpython-38-7da5aa3e5f8d.pyc,decompyle3,rerun,exit_1,"Traceback (most recent call last): File ""<string>"", line 10, in <module> File ""data/rq4/source_candidates/cpython-38/cpython-38-7da5aa3e5f8d/decompyle3.py"", line 6 expr ::= LOAD_CODE (1) ^ IndentationError: unexpected indent",crash,data/rq4/source_candidates/cpython-38/cpython-38-7da5aa3e5f8d/decompyle3.py,
cpython-38,data/rq3/cpython-3.8/unique_bug_pyc/cpython-38-81bcfd26a9f9.pyc,decompyle3,decompile,exit_2,Unknown magic number 11605 in data/rq3/cpython-3.8/unique_bug_pyc/cpython-38-81bcfd26a9f9.pyc,crash,,
cpython-38,data/rq3/cpython-3.8/unique_bug_pyc/cpython-38-8300d10ad497.pyc,decompyle3,rerun,exit_1,"Traceback (most recent call last): File ""<string>"", line 10, in <module> File ""data/rq4/source_candidates/cpython-38/cpython-38-8300d10ad497/decompyle3.py"", line 6 expr ::= LOAD_CODE (1) ^ IndentationError: unexpected indent",crash,data/rq4/source_candidates/cpython-38/cpython-38-8300d10ad497/decompyle3.py,
cpython-38,data/rq3/cpython-3.8/unique_bug_pyc/cpython-38-78d6803724f3.pyc,decompyle3,rerun,exit_1,"Traceback (most recent call last): File ""<string>"", line 10, in <module> File ""data/rq4/source_candidates/cpython-38/cpython-38-78d6803724f3/decompyle3.py"", line 6 expr ::= LOAD_CODE (1) ^ IndentationError: unexpected indent",crash,data/rq4/source_candidates/cpython-38/cpython-38-78d6803724f3/decompyle3.py,
cpython-38,data/rq3/cpython-3.8/unique_bug_pyc/cpython-38-841855c41b4b.pyc,decompyle3,rerun,exit_1,"Traceback (most recent call last): File ""<string>"", line 10, in <module> File ""data/rq4/source_candidates/cpython-38/cpython-38-841855c41b4b/decompyle3.py"", line 6 expr ::= LOAD_CODE (1) ^ IndentationError: unexpected indent",crash,data/rq4/source_candidates/cpython-38/cpython-38-841855c41b4b/decompyle3.py,
cpython-38,data/rq3/cpython-3.8/unique_bug_pyc/cpython-38-7996683b49eb.pyc,decompyle3,rerun,exit_1,"Traceback (most recent call last): File ""<string>"", line 10, in <module> File ""data/rq4/source_candidates/cpython-38/cpython-38-7996683b49eb/decompyle3.py"", line 6 expr ::= LOAD_CODE (1) ^ IndentationError: unexpected indent",crash,data/rq4/source_candidates/cpython-38/cpython-38-7996683b49eb/decompyle3.py,
cpython-38,data/rq3/cpython-3.8/unique_bug_pyc/cpython-38-886323b36fb5.pyc,decompyle3,rerun,exit_1,"Traceback (most recent call last): File ""<string>"", line 10, in <module> File ""data/rq4/source_candidates/cpython-38/cpython-38-886323b36fb5/decompyle3.py"", line 6 expr ::= LOAD_CODE (1) ^ IndentationError: unexpected indent",crash,data/rq4/source_candidates/cpython-38/cpython-38-886323b36fb5/decompyle3.py,
cpython-38,data/rq3/cpython-3.8/unique_bug_pyc/cpython-38-815e82a62d43.pyc,decompyle3,rerun,exit_1,"Traceback (most recent call last): File ""<string>"", line 10, in <module> File ""data/rq4/source_candidates/cpython-38/cpython-38-815e82a62d43/decompyle3.py"", line 6 expr ::= LOAD_CODE (1) ^ IndentationError: unexpected indent",crash,data/rq4/source_candidates/cpython-38/cpython-38-815e82a62d43/decompyle3.py,
cpython-38,data/rq3/cpython-3.8/unique_bug_pyc/cpython-38-900ad152fb75.pyc,decompyle3,rerun,ok,behavior diverged from original bytecode,crash,data/rq4/source_candidates/cpython-38/cpython-38-900ad152fb75/decompyle3.py,data/rq4/source_candidates/cpython-38/cpython-38-900ad152fb75/decompyle3.pyc
cpython-38,data/rq3/cpython-3.8/unique_bug_pyc/cpython-38-938f003d8af4.pyc,decompyle3,rerun,exit_1,"Traceback (most recent call last): File ""<string>"", line 10, in <module> File ""data/rq4/source_candidates/cpython-38/cpython-38-938f003d8af4/decompyle3.py"", line 6 expr ::= LOAD_CODE (1) ^ IndentationError: unexpected indent",crash,data/rq4/source_candidates/cpython-38/cpython-38-938f003d8af4/decompyle3.py,
cpython-38,data/rq3/cpython-3.8/unique_bug_pyc/cpython-38-84fc1dfbcb1d.pyc,decompyle3,rerun,exit_1,"Traceback (most recent call last): File ""<string>"", line 10, in <module> File ""data/rq4/source_candidates/cpython-38/cpython-38-84fc1dfbcb1d/decompyle3.py"", line 6 expr ::= LOAD_CODE (1) ^ IndentationError: unexpected indent",crash,data/rq4/source_candidates/cpython-38/cpython-38-84fc1dfbcb1d/decompyle3.py,
cpython-38,data/rq3/cpython-3.8/unique_bug_pyc/cpython-38-8757a6d804b7.pyc,decompyle3,rerun,exit_1,"Traceback (most recent call last): File ""<string>"", line 10, in <module> File ""data/rq4/source_candidates/cpython-38/cpython-38-8757a6d804b7/decompyle3.py"", line 6 expr ::= LOAD_CODE (1) ^ IndentationError: unexpected indent",crash,data/rq4/source_candidates/cpython-38/cpython-38-8757a6d804b7/decompyle3.py,
cpython-38,data/rq3/cpython-3.8/unique_bug_pyc/cpython-38-8c725bdab8e8.pyc,decompyle3,rerun,exit_1,"Traceback (most recent call last): File ""<string>"", line 10, in <module> File ""data/rq4/source_candidates/cpython-38/cpython-38-8c725bdab8e8/decompyle3.py"", line 6 expr ::= LOAD_CODE (1) ^ IndentationError: unexpected indent",crash,data/rq4/source_candidates/cpython-38/cpython-38-8c725bdab8e8/decompyle3.py,
cpython-38,data/rq3/cpython-3.8/unique_bug_pyc/cpython-38-9a9fb65de558.pyc,decompyle3,decompile,exit_1,"Traceback (most recent call last): File ""data/rq2/envs/cpython-38/bin/decompyle3"", line 8, in <module> sys.exit(main_bin()) File ""/root/PyBC-Sec/pybcSEC/data/rq2/envs/cpython-38/lib/python3.8/site-packages/click/core.py"", line 1161, in _...",crash,,
cpython-38,data/rq3/cpython-3.8/unique_bug_pyc/cpython-38-9556344e34d4.pyc,decompyle3,rerun,exit_1,"Traceback (most recent call last): File ""<string>"", line 10, in <module> File ""data/rq4/source_candidates/cpython-38/cpython-38-9556344e34d4/decompyle3.py"", line 6 expr ::= LOAD_CODE (1) ^ IndentationError: unexpected indent",crash,data/rq4/source_candidates/cpython-38/cpython-38-9556344e34d4/decompyle3.py,
cpython-38,data/rq3/cpython-3.8/unique_bug_pyc/cpython-38-a3f6eddbacd6.pyc,decompyle3,rerun,exit_1,"Traceback (most recent call last): File ""<string>"", line 10, in <module> File ""data/rq4/source_candidates/cpython-38/cpython-38-a3f6eddbacd6/decompyle3.py"", line 6 expr ::= LOAD_CODE (1) ^ IndentationError: unexpected indent",exit_1,data/rq4/source_candidates/cpython-38/cpython-38-a3f6eddbacd6/decompyle3.py,
cpython-38,data/rq3/cpython-3.8/unique_bug_pyc/cpython-38-893af7e18376.pyc,decompyle3,rerun,exit_1,"Traceback (most recent call last): File ""<string>"", line 10, in <module> File ""data/rq4/source_candidates/cpython-38/cpython-38-893af7e18376/decompyle3.py"", line 6 expr ::= LOAD_CODE (1) ^ IndentationError: unexpected indent",crash,data/rq4/source_candidates/cpython-38/cpython-38-893af7e18376/decompyle3.py,
cpython-38,data/rq3/cpython-3.8/unique_bug_pyc/cpython-38-97ab55a08403.pyc,decompyle3,rerun,exit_1,"Traceback (most recent call last): File ""<string>"", line 10, in <module> File ""data/rq4/source_candidates/cpython-38/cpython-38-97ab55a08403/decompyle3.py"", line 6 expr ::= LOAD_CODE (1) ^ IndentationError: unexpected indent",crash,data/rq4/source_candidates/cpython-38/cpython-38-97ab55a08403/decompyle3.py,
cpython-38,data/rq3/cpython-3.8/unique_bug_pyc/cpython-38-ab31090f1182.pyc,decompyle3,rerun,exit_1,"Traceback (most recent call last): File ""<string>"", line 10, in <module> File ""data/rq4/source_candidates/cpython-38/cpython-38-ab31090f1182/decompyle3.py"", line 6 expr ::= LOAD_CODE (1) ^ IndentationError: unexpected indent",exit_1,data/rq4/source_candidates/cpython-38/cpython-38-ab31090f1182/decompyle3.py,
cpython-38,data/rq3/cpython-3.8/unique_bug_pyc/cpython-38-9f3469545052.pyc,decompyle3,rerun,exit_1,"Traceback (most recent call last): File ""<string>"", line 10, in <module> File ""data/rq4/source_candidates/cpython-38/cpython-38-9f3469545052/decompyle3.py"", line 6 expr ::= LOAD_CODE (1) ^ IndentationError: unexpected indent",crash,data/rq4/source_candidates/cpython-38/cpython-38-9f3469545052/decompyle3.py,
cpython-38,data/rq3/cpython-3.8/unique_bug_pyc/cpython-38-ad04dd028214.pyc,decompyle3,rerun,exit_1,"Traceback (most recent call last): File ""<string>"", line 10, in <module> File ""data/rq4/source_candidates/cpython-38/cpython-38-ad04dd028214/decompyle3.py"", line 6 expr ::= LOAD_CODE (1) ^ IndentationError: unexpected indent",crash,data/rq4/source_candidates/cpython-38/cpython-38-ad04dd028214/decompyle3.py,
cpython-38,data/rq3/cpython-3.8/unique_bug_pyc/cpython-38-ad4d26a34a5f.pyc,decompyle3,rerun,exit_1,"Traceback (most recent call last): File ""<string>"", line 10, in <module> File ""data/rq4/source_candidates/cpython-38/cpython-38-ad4d26a34a5f/decompyle3.py"", line 6 expr ::= LOAD_CODE (1) ^ IndentationError: unexpected indent",crash,data/rq4/source_candidates/cpython-38/cpython-38-ad4d26a34a5f/decompyle3.py,
cpython-38,data/rq3/cpython-3.8/unique_bug_pyc/cpython-38-a4c49563c42f.pyc,decompyle3,rerun,exit_1,"Traceback (most recent call last): File ""<string>"", line 10, in <module> File ""data/rq4/source_candidates/cpython-38/cpython-38-a4c49563c42f/decompyle3.py"", line 6 expr ::= LOAD_CODE (1) ^ IndentationError: unexpected indent",crash,data/rq4/source_candidates/cpython-38/cpython-38-a4c49563c42f/decompyle3.py,
cpython-38,data/rq3/cpython-3.8/unique_bug_pyc/cpython-38-ad5da279dcbc.pyc,decompyle3,rerun,exit_1,"Traceback (most recent call last): File ""<string>"", line 10, in <module> File ""data/rq4/source_candidates/cpython-38/cpython-38-ad5da279dcbc/decompyle3.py"", line 6 expr ::= LOAD_CODE (1) ^ IndentationError: unexpected indent",crash,data/rq4/source_candidates/cpython-38/cpython-38-ad5da279dcbc/decompyle3.py,
cpython-38,data/rq3/cpython-3.8/unique_bug_pyc/cpython-38-b7bd807aa2e6.pyc,decompyle3,decompile,exit_2,Unknown magic number 0 in data/rq3/cpython-3.8/unique_bug_pyc/cpython-38-b7bd807aa2e6.pyc,crash,,
cpython-38,data/rq3/cpython-3.8/unique_bug_pyc/cpython-38-a6ca3295e09c.pyc,decompyle3,rerun,exit_1,"Traceback (most recent call last): File ""<string>"", line 10, in <module> File ""data/rq4/source_candidates/cpython-38/cpython-38-a6ca3295e09c/decompyle3.py"", line 6 expr ::= LOAD_CODE (1) ^ IndentationError: unexpected indent",crash,data/rq4/source_candidates/cpython-38/cpython-38-a6ca3295e09c/decompyle3.py,
cpython-38,data/rq3/cpython-3.8/unique_bug_pyc/cpython-38-b0c2992e0f7d.pyc,decompyle3,decompile,exit_1,"Traceback (most recent call last): File ""data/rq2/envs/cpython-38/bin/decompyle3"", line 8, in <module> sys.exit(main_bin()) File ""/root/PyBC-Sec/pybcSEC/data/rq2/envs/cpython-38/lib/python3.8/site-packages/click/core.py"", line 1161, in _...",crash,,
cpython-38,data/rq3/cpython-3.8/unique_bug_pyc/cpython-38-b2e0276d86d8.pyc,decompyle3,rerun,exit_1,"Traceback (most recent call last): File ""<string>"", line 10, in <module> File ""data/rq4/source_candidates/cpython-38/cpython-38-b2e0276d86d8/decompyle3.py"", line 6 expr ::= LOAD_CODE (1) ^ IndentationError: unexpected indent",crash,data/rq4/source_candidates/cpython-38/cpython-38-b2e0276d86d8/decompyle3.py,
cpython-38,data/rq3/cpython-3.8/unique_bug_pyc/cpython-38-c18f3ce00206.pyc,decompyle3,decompile,exit_1,"Traceback (most recent call last): File ""data/rq2/envs/cpython-38/bin/decompyle3"", line 8, in <module> sys.exit(main_bin()) File ""/root/PyBC-Sec/pybcSEC/data/rq2/envs/cpython-38/lib/python3.8/site-packages/click/core.py"", line 1161, in _...",crash,,
cpython-38,data/rq3/cpython-3.8/unique_bug_pyc/cpython-38-b7dde4e5920e.pyc,decompyle3,rerun,exit_1,"Traceback (most recent call last): File ""<string>"", line 10, in <module> File ""data/rq4/source_candidates/cpython-38/cpython-38-b7dde4e5920e/decompyle3.py"", line 6 expr ::= LOAD_CODE (1) ^ IndentationError: unexpected indent",crash,data/rq4/source_candidates/cpython-38/cpython-38-b7dde4e5920e/decompyle3.py,
cpython-38,data/rq3/cpython-3.8/unique_bug_pyc/cpython-38-c2fa264aa16f.pyc,decompyle3,decompile,exit_1,"Traceback (most recent call last): File ""data/rq2/envs/cpython-38/bin/decompyle3"", line 8, in <module> sys.exit(main_bin()) File ""/root/PyBC-Sec/pybcSEC/data/rq2/envs/cpython-38/lib/python3.8/site-packages/click/core.py"", line 1161, in _...",crash,,
cpython-38,data/rq3/cpython-3.8/unique_bug_pyc/cpython-38-bdad017e586b.pyc,decompyle3,rerun,exit_1,"Traceback (most recent call last): File ""<string>"", line 10, in <module> File ""data/rq4/source_candidates/cpython-38/cpython-38-bdad017e586b/decompyle3.py"", line 6 expr ::= LOAD_CODE (1) ^ IndentationError: unexpected indent",exit_1,data/rq4/source_candidates/cpython-38/cpython-38-bdad017e586b/decompyle3.py,
cpython-38,data/rq3/cpython-3.8/unique_bug_pyc/cpython-38-b09b661e70f3.pyc,decompyle3,rerun,exit_1,"Traceback (most recent call last): File ""<string>"", line 10, in <module> File ""data/rq4/source_candidates/cpython-38/cpython-38-b09b661e70f3/decompyle3.py"", line 6 expr ::= LOAD_CODE (1) ^ IndentationError: unexpected indent",crash,data/rq4/source_candidates/cpython-38/cpython-38-b09b661e70f3/decompyle3.py,
cpython-38,data/rq3/cpython-3.8/unique_bug_pyc/cpython-38-ba15f27986b7.pyc,decompyle3,rerun,exit_1,"Traceback (most recent call last): File ""<string>"", line 10, in <module> File ""data/rq4/source_candidates/cpython-38/cpython-38-ba15f27986b7/decompyle3.py"", line 7 -- Stacks of completed symbols: ^ SyntaxError: invalid syntax",crash,data/rq4/source_candidates/cpython-38/cpython-38-ba15f27986b7/decompyle3.py,
cpython-38,data/rq3/cpython-3.8/unique_bug_pyc/cpython-38-c9f3a1b04eb9.pyc,decompyle3,rerun,exit_1,"Traceback (most recent call last): File ""<string>"", line 10, in <module> File ""data/rq4/source_candidates/cpython-38/cpython-38-c9f3a1b04eb9/decompyle3.py"", line 6 expr ::= LOAD_CODE (1) ^ IndentationError: unexpected indent",exit_1,data/rq4/source_candidates/cpython-38/cpython-38-c9f3a1b04eb9/decompyle3.py,
cpython-38,data/rq3/cpython-3.8/unique_bug_pyc/cpython-38-c8d67b905643.pyc,decompyle3,rerun,exit_1,"Traceback (most recent call last): File ""<string>"", line 10, in <module> File ""data/rq4/source_candidates/cpython-38/cpython-38-c8d67b905643/decompyle3.py"", line 6 expr ::= LOAD_CODE (1) ^ IndentationError: unexpected indent",crash,data/rq4/source_candidates/cpython-38/cpython-38-c8d67b905643/decompyle3.py,
cpython-38,data/rq3/cpython-3.8/unique_bug_pyc/cpython-38-c465064c83d7.pyc,decompyle3,rerun,exit_1,"Traceback (most recent call last): File ""<string>"", line 10, in <module> ValueError: source code string cannot contain null bytes",crash,data/rq4/source_candidates/cpython-38/cpython-38-c465064c83d7/decompyle3.py,
cpython-38,data/rq3/cpython-3.8/unique_bug_pyc/cpython-38-d7941a493f28.pyc,decompyle3,rerun,exit_1,"Traceback (most recent call last): File ""<string>"", line 10, in <module> File ""data/rq4/source_candidates/cpython-38/cpython-38-d7941a493f28/decompyle3.py"", line 6 expr ::= LOAD_CODE (1) ^ IndentationError: unexpected indent",exit_1,data/rq4/source_candidates/cpython-38/cpython-38-d7941a493f28/decompyle3.py,
cpython-38,data/rq3/cpython-3.8/unique_bug_pyc/cpython-38-ca2cdad59026.pyc,decompyle3,rerun,exit_1,"Traceback (most recent call last): File ""<string>"", line 10, in <module> File ""data/rq4/source_candidates/cpython-38/cpython-38-ca2cdad59026/decompyle3.py"", line 6 expr ::= LOAD_CODE (1) ^ IndentationError: unexpected indent",crash,data/rq4/source_candidates/cpython-38/cpython-38-ca2cdad59026/decompyle3.py,
cpython-38,data/rq3/cpython-3.8/unique_bug_pyc/cpython-38-cb140c504241.pyc,decompyle3,rerun,exit_1,"Traceback (most recent call last): File ""<string>"", line 10, in <module> File ""data/rq4/source_candidates/cpython-38/cpython-38-cb140c504241/decompyle3.py"", line 6 expr ::= LOAD_CODE (1) ^ IndentationError: unexpected indent",crash,data/rq4/source_candidates/cpython-38/cpython-38-cb140c504241/decompyle3.py,
cpython-38,data/rq3/cpython-3.8/unique_bug_pyc/cpython-38-c9a051e86287.pyc,decompyle3,rerun,exit_1,"Traceback (most recent call last): File ""<string>"", line 10, in <module> File ""data/rq4/source_candidates/cpython-38/cpython-38-c9a051e86287/decompyle3.py"", line 6 expr ::= LOAD_CODE (1) ^ IndentationError: unexpected indent",crash,data/rq4/source_candidates/cpython-38/cpython-38-c9a051e86287/decompyle3.py,
cpython-38,data/rq3/cpython-3.8/unique_bug_pyc/cpython-38-cd20523d07c1.pyc,decompyle3,rerun,exit_1,"Traceback (most recent call last): File ""<string>"", line 10, in <module> File ""data/rq4/source_candidates/cpython-38/cpython-38-cd20523d07c1/decompyle3.py"", line 7 -- Stacks of completed symbols: ^ SyntaxError: invalid syntax",crash,data/rq4/source_candidates/cpython-38/cpython-38-cd20523d07c1/decompyle3.py,
cpython-38,data/rq3/cpython-3.8/unique_bug_pyc/cpython-38-c3f33ace70df.pyc,decompyle3,rerun,exit_1,"Traceback (most recent call last): File ""<string>"", line 10, in <module> File ""data/rq4/source_candidates/cpython-38/cpython-38-c3f33ace70df/decompyle3.py"", line 6 expr ::= LOAD_CODE (1) ^ IndentationError: unexpected indent",crash,data/rq4/source_candidates/cpython-38/cpython-38-c3f33ace70df/decompyle3.py,
cpython-38,data/rq3/cpython-3.8/unique_bug_pyc/cpython-38-d9e88510d3f6.pyc,decompyle3,decompile,exit_1,"Traceback (most recent call last): File ""data/rq2/envs/cpython-38/bin/decompyle3"", line 8, in <module> sys.exit(main_bin()) File ""/root/PyBC-Sec/pybcSEC/data/rq2/envs/cpython-38/lib/python3.8/site-packages/click/core.py"", line 1161, in _...",crash,,
cpython-38,data/rq3/cpython-3.8/unique_bug_pyc/cpython-38-d56ce6968a5c.pyc,decompyle3,rerun,exit_1,"Traceback (most recent call last): File ""<string>"", line 10, in <module> File ""data/rq4/source_candidates/cpython-38/cpython-38-d56ce6968a5c/decompyle3.py"", line 6 expr ::= LOAD_CODE (1) ^ IndentationError: unexpected indent",crash,data/rq4/source_candidates/cpython-38/cpython-38-d56ce6968a5c/decompyle3.py,
cpython-38,data/rq3/cpython-3.8/unique_bug_pyc/cpython-38-ee3258669fff.pyc,decompyle3,rerun,exit_1,"Traceback (most recent call last): File ""<string>"", line 10, in <module> File ""data/rq4/source_candidates/cpython-38/cpython-38-ee3258669fff/decompyle3.py"", line 6 expr ::= LOAD_CODE (1) ^ IndentationError: unexpected indent",exit_1,data/rq4/source_candidates/cpython-38/cpython-38-ee3258669fff/decompyle3.py,
cpython-38,data/rq3/cpython-3.8/unique_bug_pyc/cpython-38-f59ebda0e043.pyc,decompyle3,rerun,exit_1,"Traceback (most recent call last): File ""<string>"", line 10, in <module> File ""data/rq4/source_candidates/cpython-38/cpython-38-f59ebda0e043/decompyle3.py"", line 6 expr ::= LOAD_CODE (1) ^ IndentationError: unexpected indent",exit_1,data/rq4/source_candidates/cpython-38/cpython-38-f59ebda0e043/decompyle3.py,
cpython-38,data/rq3/cpython-3.8/unique_bug_pyc/cpython-38-db7c5002a77c.pyc,decompyle3,decompile,exit_1,"Traceback (most recent call last): File ""data/rq2/envs/cpython-38/bin/decompyle3"", line 8, in <module> sys.exit(main_bin()) File ""/root/PyBC-Sec/pybcSEC/data/rq2/envs/cpython-38/lib/python3.8/site-packages/click/core.py"", line 1161, in _...",crash,,
cpython-38,data/rq3/cpython-3.8/unique_bug_pyc/cpython-38-d9663bd0a74c.pyc,decompyle3,rerun,exit_1,"Traceback (most recent call last): File ""<string>"", line 10, in <module> File ""data/rq4/source_candidates/cpython-38/cpython-38-d9663bd0a74c/decompyle3.py"", line 6 expr ::= LOAD_CODE (1) ^ IndentationError: unexpected indent",crash,data/rq4/source_candidates/cpython-38/cpython-38-d9663bd0a74c/decompyle3.py,
cpython-38,data/rq3/cpython-3.8/unique_bug_pyc/cpython-38-dc7186b132f7.pyc,decompyle3,decompile,exit_1,"Traceback (most recent call last): File ""data/rq2/envs/cpython-38/bin/decompyle3"", line 8, in <module> sys.exit(main_bin()) File ""/root/PyBC-Sec/pybcSEC/data/rq2/envs/cpython-38/lib/python3.8/site-packages/click/core.py"", line 1161, in _...",crash,,
cpython-38,data/rq3/cpython-3.8/unique_bug_pyc/cpython-38-d9c4a89dd230.pyc,decompyle3,rerun,exit_1,"Traceback (most recent call last): File ""<string>"", line 10, in <module> File ""data/rq4/source_candidates/cpython-38/cpython-38-d9c4a89dd230/decompyle3.py"", line 7 -- Stacks of completed symbols: ^ SyntaxError: invalid syntax",crash,data/rq4/source_candidates/cpython-38/cpython-38-d9c4a89dd230/decompyle3.py,
cpython-38,data/rq3/cpython-3.8/unique_bug_pyc/cpython-38-f0ab58015d3f.pyc,decompyle3,rerun,exit_1,"Traceback (most recent call last): File ""<string>"", line 10, in <module> File ""data/rq4/source_candidates/cpython-38/cpython-38-f0ab58015d3f/decompyle3.py"", line 6 expr ::= LOAD_CODE (1) ^ IndentationError: unexpected indent",crash,data/rq4/source_candidates/cpython-38/cpython-38-f0ab58015d3f/decompyle3.py,
cpython-38,data/rq3/cpython-3.8/unique_bug_pyc/cpython-38-f21d09828e9a.pyc,decompyle3,rerun,exit_1,"Traceback (most recent call last): File ""<string>"", line 10, in <module> File ""data/rq4/source_candidates/cpython-38/cpython-38-f21d09828e9a/decompyle3.py"", line 6 expr ::= LOAD_CODE (1) ^ IndentationError: unexpected indent",crash,data/rq4/source_candidates/cpython-38/cpython-38-f21d09828e9a/decompyle3.py,
cpython-38,data/rq3/cpython-3.8/unique_bug_pyc/cpython-38-e36fb497365a.pyc,decompyle3,rerun,exit_1,"Traceback (most recent call last): File ""<string>"", line 10, in <module> File ""data/rq4/source_candidates/cpython-38/cpython-38-e36fb497365a/decompyle3.py"", line 6 expr ::= LOAD_CODE (1) ^ IndentationError: unexpected indent",crash,data/rq4/source_candidates/cpython-38/cpython-38-e36fb497365a/decompyle3.py,
cpython-38,data/rq3/cpython-3.8/unique_bug_pyc/cpython-38-f51fd04233d4.pyc,decompyle3,rerun,exit_1,"Traceback (most recent call last): File ""<string>"", line 10, in <module> File ""data/rq4/source_candidates/cpython-38/cpython-38-f51fd04233d4/decompyle3.py"", line 6 expr ::= LOAD_CODE (1) ^ IndentationError: unexpected indent",crash,data/rq4/source_candidates/cpython-38/cpython-38-f51fd04233d4/decompyle3.py,
cpython-38,data/rq3/cpython-3.8/unique_bug_pyc/cpython-38-fdc053fadd3e.pyc,decompyle3,rerun,exit_1,"Traceback (most recent call last): File ""<string>"", line 10, in <module> File ""data/rq4/source_candidates/cpython-38/cpython-38-fdc053fadd3e/decompyle3.py"", line 6 expr ::= LOAD_CODE (1) ^ IndentationError: unexpected indent",crash,data/rq4/source_candidates/cpython-38/cpython-38-fdc053fadd3e/decompyle3.py,
cpython-38,data/rq3/cpython-3.8/unique_bug_pyc/cpython-38-fd66ae236b22.pyc,decompyle3,rerun,exit_1,"Traceback (most recent call last): File ""<string>"", line 10, in <module> File ""data/rq4/source_candidates/cpython-38/cpython-38-fd66ae236b22/decompyle3.py"", line 6 expr ::= LOAD_CODE (1) ^ IndentationError: unexpected indent",crash,data/rq4/source_candidates/cpython-38/cpython-38-fd66ae236b22/decompyle3.py,
cpython-38,data/rq3/cpython-3.8/unique_bug_pyc/cpython-38-ff2ecbcde1ad.pyc,decompyle3,rerun,exit_1,"Traceback (most recent call last): File ""<string>"", line 10, in <module> File ""data/rq4/source_candidates/cpython-38/cpython-38-ff2ecbcde1ad/decompyle3.py"", line 6 expr ::= LOAD_CODE (1) ^ IndentationError: unexpected indent",crash,data/rq4/source_candidates/cpython-38/cpython-38-ff2ecbcde1ad/decompyle3.py,
cpython-38,data/rq3/cpython-3.8/unique_bug_pyc/cpython-38-74d96dc3cf62.pyc,decompyle3,decompile,timeout,timeout_after_600s,crash,,
cpython-39,data/rq3/cpython-3.9/unique_bug_pyc/cpython-39-08779213b0c6.pyc,decompyle3,rerun,exit_1,"Traceback (most recent call last): File ""<string>"", line 10, in <module> File ""data/rq4/source_candidates/cpython-39/cpython-39-08779213b0c6/decompyle3.py"", line 7 Unsupported Python version, 3.9.0, for decompilation ^ SyntaxError: inval...",exit_1,data/rq4/source_candidates/cpython-39/cpython-39-08779213b0c6/decompyle3.py,
cpython-39,data/rq3/cpython-3.9/unique_bug_pyc/cpython-39-0eee7d454c31.pyc,decompyle3,rerun,exit_1,"Traceback (most recent call last): File ""<string>"", line 10, in <module> File ""data/rq4/source_candidates/cpython-39/cpython-39-0eee7d454c31/decompyle3.py"", line 7 Unsupported Python version, 3.9.0, for decompilation ^ SyntaxError: inval...",exit_1,data/rq4/source_candidates/cpython-39/cpython-39-0eee7d454c31/decompyle3.py,
cpython-39,data/rq3/cpython-3.9/unique_bug_pyc/cpython-39-0f2df79d3ae3.pyc,decompyle3,rerun,exit_1,"Traceback (most recent call last): File ""<string>"", line 10, in <module> File ""data/rq4/source_candidates/cpython-39/cpython-39-0f2df79d3ae3/decompyle3.py"", line 7 Unsupported Python version, 3.9.0, for decompilation ^ SyntaxError: inval...",crash,data/rq4/source_candidates/cpython-39/cpython-39-0f2df79d3ae3/decompyle3.py,
cpython-39,data/rq3/cpython-3.9/unique_bug_pyc/cpython-39-1a0bae95e9a6.pyc,decompyle3,rerun,exit_1,"Traceback (most recent call last): File ""<string>"", line 10, in <module> File ""data/rq4/source_candidates/cpython-39/cpython-39-1a0bae95e9a6/decompyle3.py"", line 7 Unsupported Python version, 3.9.0, for decompilation ^ SyntaxError: inval...",exit_1,data/rq4/source_candidates/cpython-39/cpython-39-1a0bae95e9a6/decompyle3.py,
cpython-39,data/rq3/cpython-3.9/unique_bug_pyc/cpython-39-17e1cea0fd00.pyc,decompyle3,rerun,exit_1,"Traceback (most recent call last): File ""<string>"", line 10, in <module> File ""data/rq4/source_candidates/cpython-39/cpython-39-17e1cea0fd00/decompyle3.py"", line 7 Unsupported Python version, 3.9.0, for decompilation ^ SyntaxError: inval...",exit_1,data/rq4/source_candidates/cpython-39/cpython-39-17e1cea0fd00/decompyle3.py,
cpython-39,data/rq3/cpython-3.9/unique_bug_pyc/cpython-39-05c7afdebcba.pyc,decompyle3,rerun,exit_1,"Traceback (most recent call last): File ""<string>"", line 10, in <module> File ""data/rq4/source_candidates/cpython-39/cpython-39-05c7afdebcba/decompyle3.py"", line 9 Unsupported Python version, 3.9.0, for decompilation ^ SyntaxError: inval...",crash,data/rq4/source_candidates/cpython-39/cpython-39-05c7afdebcba/decompyle3.py,
cpython-39,data/rq3/cpython-3.9/unique_bug_pyc/cpython-39-09311b114b96.pyc,decompyle3,rerun,exit_1,"Traceback (most recent call last): File ""<string>"", line 10, in <module> File ""data/rq4/source_candidates/cpython-39/cpython-39-09311b114b96/decompyle3.py"", line 7 Unsupported Python version, 3.9.0, for decompilation ^ SyntaxError: inval...",crash,data/rq4/source_candidates/cpython-39/cpython-39-09311b114b96/decompyle3.py,
cpython-39,data/rq3/cpython-3.9/unique_bug_pyc/cpython-39-112794a0322b.pyc,decompyle3,rerun,exit_1,"Traceback (most recent call last): File ""<string>"", line 10, in <module> File ""data/rq4/source_candidates/cpython-39/cpython-39-112794a0322b/decompyle3.py"", line 7 Unsupported Python version, 3.9.0, for decompilation ^ SyntaxError: inval...",crash,data/rq4/source_candidates/cpython-39/cpython-39-112794a0322b/decompyle3.py,
cpython-39,data/rq3/cpython-3.9/unique_bug_pyc/cpython-39-110bb5c58bff.pyc,decompyle3,rerun,exit_1,"Traceback (most recent call last): File ""<string>"", line 10, in <module> File ""data/rq4/source_candidates/cpython-39/cpython-39-110bb5c58bff/decompyle3.py"", line 7 Unsupported Python version, 3.9.0, for decompilation ^ SyntaxError: inval...",crash,data/rq4/source_candidates/cpython-39/cpython-39-110bb5c58bff/decompyle3.py,
cpython-39,data/rq3/cpython-3.9/unique_bug_pyc/cpython-39-1ba99127988c.pyc,decompyle3,rerun,exit_1,"Traceback (most recent call last): File ""<string>"", line 10, in <module> File ""data/rq4/source_candidates/cpython-39/cpython-39-1ba99127988c/decompyle3.py"", line 7 Unsupported Python version, 3.9.0, for decompilation ^ SyntaxError: inval...",crash,data/rq4/source_candidates/cpython-39/cpython-39-1ba99127988c/decompyle3.py,
cpython-39,data/rq3/cpython-3.9/unique_bug_pyc/cpython-39-29d81f994c31.pyc,decompyle3,rerun,exit_1,"Traceback (most recent call last): File ""<string>"", line 10, in <module> File ""data/rq4/source_candidates/cpython-39/cpython-39-29d81f994c31/decompyle3.py"", line 7 Unsupported Python version, 3.9.0, for decompilation ^ SyntaxError: inval...",crash,data/rq4/source_candidates/cpython-39/cpython-39-29d81f994c31/decompyle3.py,
cpython-39,data/rq3/cpython-3.9/unique_bug_pyc/cpython-39-0a48e1f41e2b.pyc,decompyle3,rerun,exit_1,"Traceback (most recent call last): File ""<string>"", line 10, in <module> File ""data/rq4/source_candidates/cpython-39/cpython-39-0a48e1f41e2b/decompyle3.py"", line 7 Unsupported Python version, 3.9.0, for decompilation ^ SyntaxError: inval...",crash,data/rq4/source_candidates/cpython-39/cpython-39-0a48e1f41e2b/decompyle3.py,
cpython-39,data/rq3/cpython-3.9/unique_bug_pyc/cpython-39-20ab2d79aa16.pyc,decompyle3,rerun,exit_1,"Traceback (most recent call last): File ""<string>"", line 10, in <module> File ""data/rq4/source_candidates/cpython-39/cpython-39-20ab2d79aa16/decompyle3.py"", line 7 Unsupported Python version, 3.9.0, for decompilation ^ SyntaxError: inval...",crash,data/rq4/source_candidates/cpython-39/cpython-39-20ab2d79aa16/decompyle3.py,
cpython-39,data/rq3/cpython-3.9/unique_bug_pyc/cpython-39-02bda83cf25f.pyc,decompyle3,rerun,exit_1,"Traceback (most recent call last): File ""<string>"", line 10, in <module> File ""data/rq4/source_candidates/cpython-39/cpython-39-02bda83cf25f/decompyle3.py"", line 7 Unsupported Python version, 3.9.0, for decompilation ^ SyntaxError: inval...",crash,data/rq4/source_candidates/cpython-39/cpython-39-02bda83cf25f/decompyle3.py,
cpython-39,data/rq3/cpython-3.9/unique_bug_pyc/cpython-39-0326ee579318.pyc,decompyle3,rerun,exit_1,"Traceback (most recent call last): File ""<string>"", line 10, in <module> File ""data/rq4/source_candidates/cpython-39/cpython-39-0326ee579318/decompyle3.py"", line 7 Unsupported Python version, 3.9.0, for decompilation ^ SyntaxError: inval...",crash,data/rq4/source_candidates/cpython-39/cpython-39-0326ee579318/decompyle3.py,
cpython-39,data/rq3/cpython-3.9/unique_bug_pyc/cpython-39-312b3a032f9f.pyc,decompyle3,rerun,exit_1,"Traceback (most recent call last): File ""<string>"", line 10, in <module> File ""data/rq4/source_candidates/cpython-39/cpython-39-312b3a032f9f/decompyle3.py"", line 7 Unsupported Python version, 3.9.0, for decompilation ^ SyntaxError: inval...",exit_1,data/rq4/source_candidates/cpython-39/cpython-39-312b3a032f9f/decompyle3.py,
cpython-39,data/rq3/cpython-3.9/unique_bug_pyc/cpython-39-0aaf079d8c74.pyc,decompyle3,rerun,exit_1,"Traceback (most recent call last): File ""<string>"", line 10, in <module> File ""data/rq4/source_candidates/cpython-39/cpython-39-0aaf079d8c74/decompyle3.py"", line 7 Unsupported Python version, 3.9.0, for decompilation ^ SyntaxError: inval...",crash,data/rq4/source_candidates/cpython-39/cpython-39-0aaf079d8c74/decompyle3.py,
cpython-39,data/rq3/cpython-3.9/unique_bug_pyc/cpython-39-2ecd9f682aa5.pyc,decompyle3,rerun,exit_1,"Traceback (most recent call last): File ""<string>"", line 10, in <module> File ""data/rq4/source_candidates/cpython-39/cpython-39-2ecd9f682aa5/decompyle3.py"", line 9 Unsupported Python version, 3.9.0, for decompilation ^ SyntaxError: inval...",crash,data/rq4/source_candidates/cpython-39/cpython-39-2ecd9f682aa5/decompyle3.py,
cpython-39,data/rq3/cpython-3.9/unique_bug_pyc/cpython-39-39437486597c.pyc,decompyle3,rerun,exit_1,"Traceback (most recent call last): File ""<string>"", line 10, in <module> File ""data/rq4/source_candidates/cpython-39/cpython-39-39437486597c/decompyle3.py"", line 7 Unsupported Python version, 3.9.0, for decompilation ^ SyntaxError: inval...",crash,data/rq4/source_candidates/cpython-39/cpython-39-39437486597c/decompyle3.py,
cpython-39,data/rq3/cpython-3.9/unique_bug_pyc/cpython-39-4a2f92816061.pyc,decompyle3,rerun,exit_1,"Traceback (most recent call last): File ""<string>"", line 10, in <module> File ""data/rq4/source_candidates/cpython-39/cpython-39-4a2f92816061/decompyle3.py"", line 7 Unsupported Python version, 3.9.0, for decompilation ^ SyntaxError: inval...",crash,data/rq4/source_candidates/cpython-39/cpython-39-4a2f92816061/decompyle3.py,
cpython-39,data/rq3/cpython-3.9/unique_bug_pyc/cpython-39-426d0ae6fb17.pyc,decompyle3,rerun,exit_1,"Traceback (most recent call last): File ""<string>"", line 10, in <module> File ""data/rq4/source_candidates/cpython-39/cpython-39-426d0ae6fb17/decompyle3.py"", line 8 Unsupported Python version, 3.9.0, for decompilation ^ SyntaxError: inval...",crash,data/rq4/source_candidates/cpython-39/cpython-39-426d0ae6fb17/decompyle3.py,
cpython-39,data/rq3/cpython-3.9/unique_bug_pyc/cpython-39-371bf23df286.pyc,decompyle3,rerun,exit_1,"Traceback (most recent call last): File ""<string>"", line 10, in <module> File ""data/rq4/source_candidates/cpython-39/cpython-39-371bf23df286/decompyle3.py"", line 7 Unsupported Python version, 3.9.0, for decompilation ^ SyntaxError: inval...",crash,data/rq4/source_candidates/cpython-39/cpython-39-371bf23df286/decompyle3.py,
cpython-39,data/rq3/cpython-3.9/unique_bug_pyc/cpython-39-437b363806c8.pyc,decompyle3,rerun,exit_1,"Traceback (most recent call last): File ""<string>"", line 10, in <module> File ""data/rq4/source_candidates/cpython-39/cpython-39-437b363806c8/decompyle3.py"", line 7 Unsupported Python version, 3.9.0, for decompilation ^ SyntaxError: inval...",crash,data/rq4/source_candidates/cpython-39/cpython-39-437b363806c8/decompyle3.py,
cpython-39,data/rq3/cpython-3.9/unique_bug_pyc/cpython-39-4f9b8f16a219.pyc,decompyle3,rerun,exit_1,"Traceback (most recent call last): File ""<string>"", line 10, in <module> File ""data/rq4/source_candidates/cpython-39/cpython-39-4f9b8f16a219/decompyle3.py"", line 7 Unsupported Python version, 3.9.0, for decompilation ^ SyntaxError: inval...",exit_1,data/rq4/source_candidates/cpython-39/cpython-39-4f9b8f16a219/decompyle3.py,
cpython-39,data/rq3/cpython-3.9/unique_bug_pyc/cpython-39-442115e65596.pyc,decompyle3,rerun,exit_1,"Traceback (most recent call last): File ""<string>"", line 10, in <module> File ""data/rq4/source_candidates/cpython-39/cpython-39-442115e65596/decompyle3.py"", line 7 Unsupported Python version, 3.9.0, for decompilation ^ SyntaxError: inval...",crash,data/rq4/source_candidates/cpython-39/cpython-39-442115e65596/decompyle3.py,
cpython-39,data/rq3/cpython-3.9/unique_bug_pyc/cpython-39-384ba7ab6953.pyc,decompyle3,rerun,exit_1,"Traceback (most recent call last): File ""<string>"", line 10, in <module> File ""data/rq4/source_candidates/cpython-39/cpython-39-384ba7ab6953/decompyle3.py"", line 7 Unsupported Python version, 3.9.0, for decompilation ^ SyntaxError: inval...",crash,data/rq4/source_candidates/cpython-39/cpython-39-384ba7ab6953/decompyle3.py,
cpython-39,data/rq3/cpython-3.9/unique_bug_pyc/cpython-39-318b13d971e3.pyc,decompyle3,rerun,exit_1,"Traceback (most recent call last): File ""<string>"", line 10, in <module> File ""data/rq4/source_candidates/cpython-39/cpython-39-318b13d971e3/decompyle3.py"", line 7 Unsupported Python version, 3.9.0, for decompilation ^ SyntaxError: inval...",crash,data/rq4/source_candidates/cpython-39/cpython-39-318b13d971e3/decompyle3.py,
cpython-39,data/rq3/cpython-3.9/unique_bug_pyc/cpython-39-455cead0d77b.pyc,decompyle3,rerun,exit_1,"Traceback (most recent call last): File ""<string>"", line 10, in <module> ValueError: source code string cannot contain null bytes",crash,data/rq4/source_candidates/cpython-39/cpython-39-455cead0d77b/decompyle3.py,
cpython-39,data/rq3/cpython-3.9/unique_bug_pyc/cpython-39-42a67c6da8b3.pyc,decompyle3,rerun,exit_1,"Traceback (most recent call last): File ""<string>"", line 10, in <module> File ""data/rq4/source_candidates/cpython-39/cpython-39-42a67c6da8b3/decompyle3.py"", line 7 Unsupported Python version, 3.9.0, for decompilation ^ SyntaxError: inval...",crash,data/rq4/source_candidates/cpython-39/cpython-39-42a67c6da8b3/decompyle3.py,
cpython-39,data/rq3/cpython-3.9/unique_bug_pyc/cpython-39-413aa6d690ed.pyc,decompyle3,rerun,exit_1,"Traceback (most recent call last): File ""<string>"", line 10, in <module> File ""data/rq4/source_candidates/cpython-39/cpython-39-413aa6d690ed/decompyle3.py"", line 7 Unsupported Python version, 3.9.0, for decompilation ^ SyntaxError: inval...",crash,data/rq4/source_candidates/cpython-39/cpython-39-413aa6d690ed/decompyle3.py,
cpython-39,data/rq3/cpython-3.9/unique_bug_pyc/cpython-39-4d83918b962b.pyc,decompyle3,rerun,exit_1,"Traceback (most recent call last): File ""<string>"", line 10, in <module> File ""data/rq4/source_candidates/cpython-39/cpython-39-4d83918b962b/decompyle3.py"", line 7 Unsupported Python version, 3.9.0, for decompilation ^ SyntaxError: inval...",crash,data/rq4/source_candidates/cpython-39/cpython-39-4d83918b962b/decompyle3.py,
cpython-39,data/rq3/cpython-3.9/unique_bug_pyc/cpython-39-60cd86388cec.pyc,decompyle3,rerun,exit_1,"Traceback (most recent call last): File ""<string>"", line 10, in <module> File ""data/rq4/source_candidates/cpython-39/cpython-39-60cd86388cec/decompyle3.py"", line 8 Unsupported Python version, 3.9.0, for decompilation ^ SyntaxError: inval...",exit_1,data/rq4/source_candidates/cpython-39/cpython-39-60cd86388cec/decompyle3.py,
cpython-39,data/rq3/cpython-3.9/unique_bug_pyc/cpython-39-4f323e0bf53a.pyc,decompyle3,rerun,exit_1,"Traceback (most recent call last): File ""<string>"", line 10, in <module> File ""data/rq4/source_candidates/cpython-39/cpython-39-4f323e0bf53a/decompyle3.py"", line 7 Unsupported Python version, 3.9.0, for decompilation ^ SyntaxError: inval...",crash,data/rq4/source_candidates/cpython-39/cpython-39-4f323e0bf53a/decompyle3.py,
cpython-39,data/rq3/cpython-3.9/unique_bug_pyc/cpython-39-66083150055e.pyc,decompyle3,rerun,exit_1,"Traceback (most recent call last): File ""<string>"", line 10, in <module> File ""data/rq4/source_candidates/cpython-39/cpython-39-66083150055e/decompyle3.py"", line 7 Unsupported Python version, 3.9.0, for decompilation ^ SyntaxError: inval...",exit_1,data/rq4/source_candidates/cpython-39/cpython-39-66083150055e/decompyle3.py,
cpython-39,data/rq3/cpython-3.9/unique_bug_pyc/cpython-39-521905e07c28.pyc,decompyle3,rerun,exit_1,"Traceback (most recent call last): File ""<string>"", line 10, in <module> File ""data/rq4/source_candidates/cpython-39/cpython-39-521905e07c28/decompyle3.py"", line 8 Unsupported Python version, 3.9.0, for decompilation ^ SyntaxError: inval...",crash,data/rq4/source_candidates/cpython-39/cpython-39-521905e07c28/decompyle3.py,
cpython-39,data/rq3/cpython-3.9/unique_bug_pyc/cpython-39-5908e7763464.pyc,decompyle3,rerun,exit_1,"Traceback (most recent call last): File ""<string>"", line 10, in <module> File ""data/rq4/source_candidates/cpython-39/cpython-39-5908e7763464/decompyle3.py"", line 7 Unsupported Python version, 3.9.0, for decompilation ^ SyntaxError: inval...",crash,data/rq4/source_candidates/cpython-39/cpython-39-5908e7763464/decompyle3.py,
cpython-39,data/rq3/cpython-3.9/unique_bug_pyc/cpython-39-50214cd9332a.pyc,decompyle3,rerun,exit_1,"Traceback (most recent call last): File ""<string>"", line 10, in <module> File ""data/rq4/source_candidates/cpython-39/cpython-39-50214cd9332a/decompyle3.py"", line 7 Unsupported Python version, 3.9.0, for decompilation ^ SyntaxError: inval...",crash,data/rq4/source_candidates/cpython-39/cpython-39-50214cd9332a/decompyle3.py,
cpython-39,data/rq3/cpython-3.9/unique_bug_pyc/cpython-39-5a03ff036c73.pyc,decompyle3,rerun,exit_1,"Traceback (most recent call last): File ""<string>"", line 10, in <module> File ""data/rq4/source_candidates/cpython-39/cpython-39-5a03ff036c73/decompyle3.py"", line 7 Unsupported Python version, 3.9.0, for decompilation ^ SyntaxError: inval...",crash,data/rq4/source_candidates/cpython-39/cpython-39-5a03ff036c73/decompyle3.py,
cpython-39,data/rq3/cpython-3.9/unique_bug_pyc/cpython-39-5d20b55912d6.pyc,decompyle3,rerun,exit_1,"Traceback (most recent call last): File ""<string>"", line 10, in <module> File ""data/rq4/source_candidates/cpython-39/cpython-39-5d20b55912d6/decompyle3.py"", line 7 Unsupported Python version, 3.9.0, for decompilation ^ SyntaxError: inval...",crash,data/rq4/source_candidates/cpython-39/cpython-39-5d20b55912d6/decompyle3.py,
cpython-39,data/rq3/cpython-3.9/unique_bug_pyc/cpython-39-53658a9c528a.pyc,decompyle3,rerun,exit_1,"Traceback (most recent call last): File ""<string>"", line 10, in <module> File ""data/rq4/source_candidates/cpython-39/cpython-39-53658a9c528a/decompyle3.py"", line 7 Unsupported Python version, 3.9.0, for decompilation ^ SyntaxError: inval...",crash,data/rq4/source_candidates/cpython-39/cpython-39-53658a9c528a/decompyle3.py,
cpython-39,data/rq3/cpython-3.9/unique_bug_pyc/cpython-39-88287aed8f89.pyc,decompyle3,rerun,exit_1,"Traceback (most recent call last): File ""<string>"", line 10, in <module> File ""data/rq4/source_candidates/cpython-39/cpython-39-88287aed8f89/decompyle3.py"", line 7 Unsupported Python version, 3.9.0, for decompilation ^ SyntaxError: inval...",exit_1,data/rq4/source_candidates/cpython-39/cpython-39-88287aed8f89/decompyle3.py,
cpython-39,data/rq3/cpython-3.9/unique_bug_pyc/cpython-39-7ccc68a16ddf.pyc,decompyle3,rerun,exit_1,"Traceback (most recent call last): File ""<string>"", line 10, in <module> File ""data/rq4/source_candidates/cpython-39/cpython-39-7ccc68a16ddf/decompyle3.py"", line 8 Unsupported Python version, 3.9.0, for decompilation ^ SyntaxError: inval...",exit_1,data/rq4/source_candidates/cpython-39/cpython-39-7ccc68a16ddf/decompyle3.py,
cpython-39,data/rq3/cpython-3.9/unique_bug_pyc/cpython-39-7359c6e0ae19.pyc,decompyle3,rerun,exit_1,"Traceback (most recent call last): File ""<string>"", line 10, in <module> File ""data/rq4/source_candidates/cpython-39/cpython-39-7359c6e0ae19/decompyle3.py"", line 7 Unsupported Python version, 3.9.0, for decompilation ^ SyntaxError: inval...",crash,data/rq4/source_candidates/cpython-39/cpython-39-7359c6e0ae19/decompyle3.py,
cpython-39,data/rq3/cpython-3.9/unique_bug_pyc/cpython-39-812ddfe33f24.pyc,decompyle3,rerun,exit_1,"Traceback (most recent call last): File ""<string>"", line 10, in <module> File ""data/rq4/source_candidates/cpython-39/cpython-39-812ddfe33f24/decompyle3.py"", line 7 Unsupported Python version, 3.9.0, for decompilation ^ SyntaxError: inval...",crash,data/rq4/source_candidates/cpython-39/cpython-39-812ddfe33f24/decompyle3.py,
cpython-39,data/rq3/cpython-3.9/unique_bug_pyc/cpython-39-68835a05e586.pyc,decompyle3,rerun,exit_1,"Traceback (most recent call last): File ""<string>"", line 10, in <module> File ""data/rq4/source_candidates/cpython-39/cpython-39-68835a05e586/decompyle3.py"", line 7 Unsupported Python version, 3.9.0, for decompilation ^ SyntaxError: inval...",crash,data/rq4/source_candidates/cpython-39/cpython-39-68835a05e586/decompyle3.py,
cpython-39,data/rq3/cpython-3.9/unique_bug_pyc/cpython-39-8422dc56e687.pyc,decompyle3,rerun,exit_1,"Traceback (most recent call last): File ""<string>"", line 10, in <module> File ""data/rq4/source_candidates/cpython-39/cpython-39-8422dc56e687/decompyle3.py"", line 7 Unsupported Python version, 3.9.0, for decompilation ^ SyntaxError: inval...",crash,data/rq4/source_candidates/cpython-39/cpython-39-8422dc56e687/decompyle3.py,
cpython-39,data/rq3/cpython-3.9/unique_bug_pyc/cpython-39-943d5f2d82e9.pyc,decompyle3,rerun,exit_1,"Traceback (most recent call last): File ""<string>"", line 10, in <module> File ""data/rq4/source_candidates/cpython-39/cpython-39-943d5f2d82e9/decompyle3.py"", line 7 Unsupported Python version, 3.9.0, for decompilation ^ SyntaxError: inval...",crash,data/rq4/source_candidates/cpython-39/cpython-39-943d5f2d82e9/decompyle3.py,
cpython-39,data/rq3/cpython-3.9/unique_bug_pyc/cpython-39-79337e83b0da.pyc,decompyle3,rerun,exit_1,"Traceback (most recent call last): File ""<string>"", line 10, in <module> File ""data/rq4/source_candidates/cpython-39/cpython-39-79337e83b0da/decompyle3.py"", line 7 Unsupported Python version, 3.9.0, for decompilation ^ SyntaxError: inval...",crash,data/rq4/source_candidates/cpython-39/cpython-39-79337e83b0da/decompyle3.py,
cpython-39,data/rq3/cpython-3.9/unique_bug_pyc/cpython-39-a027ad26496c.pyc,decompyle3,rerun,exit_1,"Traceback (most recent call last): File ""<string>"", line 10, in <module> File ""data/rq4/source_candidates/cpython-39/cpython-39-a027ad26496c/decompyle3.py"", line 7 Unsupported Python version, 3.9.0, for decompilation ^ SyntaxError: inval...",exit_1,data/rq4/source_candidates/cpython-39/cpython-39-a027ad26496c/decompyle3.py,
cpython-39,data/rq3/cpython-3.9/unique_bug_pyc/cpython-39-7a1c13a5abb9.pyc,decompyle3,rerun,exit_1,"Traceback (most recent call last): File ""<string>"", line 10, in <module> File ""data/rq4/source_candidates/cpython-39/cpython-39-7a1c13a5abb9/decompyle3.py"", line 8 Unsupported Python version, 3.9.0, for decompilation ^ SyntaxError: inval...",crash,data/rq4/source_candidates/cpython-39/cpython-39-7a1c13a5abb9/decompyle3.py,
cpython-39,data/rq3/cpython-3.9/unique_bug_pyc/cpython-39-856c401abf78.pyc,decompyle3,rerun,exit_1,"Traceback (most recent call last): File ""<string>"", line 10, in <module> File ""data/rq4/source_candidates/cpython-39/cpython-39-856c401abf78/decompyle3.py"", line 7 Unsupported Python version, 3.9.0, for decompilation ^ SyntaxError: inval...",crash,data/rq4/source_candidates/cpython-39/cpython-39-856c401abf78/decompyle3.py,
cpython-39,data/rq3/cpython-3.9/unique_bug_pyc/cpython-39-973760320161.pyc,decompyle3,rerun,exit_1,"Traceback (most recent call last): File ""<string>"", line 10, in <module> File ""data/rq4/source_candidates/cpython-39/cpython-39-973760320161/decompyle3.py"", line 7 Unsupported Python version, 3.9.0, for decompilation ^ SyntaxError: inval...",crash,data/rq4/source_candidates/cpython-39/cpython-39-973760320161/decompyle3.py,
cpython-39,data/rq3/cpython-3.9/unique_bug_pyc/cpython-39-84da89f2a29a.pyc,decompyle3,rerun,exit_1,"Traceback (most recent call last): File ""<string>"", line 10, in <module> File ""data/rq4/source_candidates/cpython-39/cpython-39-84da89f2a29a/decompyle3.py"", line 7 Unsupported Python version, 3.9.0, for decompilation ^ SyntaxError: inval...",crash,data/rq4/source_candidates/cpython-39/cpython-39-84da89f2a29a/decompyle3.py,
cpython-39,data/rq3/cpython-3.9/unique_bug_pyc/cpython-39-905b88578fe4.pyc,decompyle3,rerun,exit_1,"Traceback (most recent call last): File ""<string>"", line 10, in <module> File ""data/rq4/source_candidates/cpython-39/cpython-39-905b88578fe4/decompyle3.py"", line 7 Unsupported Python version, 3.9.0, for decompilation ^ SyntaxError: inval...",crash,data/rq4/source_candidates/cpython-39/cpython-39-905b88578fe4/decompyle3.py,
cpython-39,data/rq3/cpython-3.9/unique_bug_pyc/cpython-39-99cfb2543f80.pyc,decompyle3,rerun,exit_1,"Traceback (most recent call last): File ""<string>"", line 10, in <module> ValueError: source code string cannot contain null bytes",crash,data/rq4/source_candidates/cpython-39/cpython-39-99cfb2543f80/decompyle3.py,
cpython-39,data/rq3/cpython-3.9/unique_bug_pyc/cpython-39-9d522917c083.pyc,decompyle3,rerun,exit_1,"Traceback (most recent call last): File ""<string>"", line 10, in <module> ValueError: source code string cannot contain null bytes",crash,data/rq4/source_candidates/cpython-39/cpython-39-9d522917c083/decompyle3.py,
cpython-39,data/rq3/cpython-3.9/unique_bug_pyc/cpython-39-9eed0eefc0f5.pyc,decompyle3,rerun,exit_1,"Traceback (most recent call last): File ""<string>"", line 10, in <module> File ""data/rq4/source_candidates/cpython-39/cpython-39-9eed0eefc0f5/decompyle3.py"", line 7 Unsupported Python version, 3.9.0, for decompilation ^ SyntaxError: inval...",crash,data/rq4/source_candidates/cpython-39/cpython-39-9eed0eefc0f5/decompyle3.py,
cpython-39,data/rq3/cpython-3.9/unique_bug_pyc/cpython-39-a2a855b1ac45.pyc,decompyle3,rerun,exit_1,"Traceback (most recent call last): File ""<string>"", line 10, in <module> File ""data/rq4/source_candidates/cpython-39/cpython-39-a2a855b1ac45/decompyle3.py"", line 7 Unsupported Python version, 3.9.0, for decompilation ^ SyntaxError: inval...",crash,data/rq4/source_candidates/cpython-39/cpython-39-a2a855b1ac45/decompyle3.py,
cpython-39,data/rq3/cpython-3.9/unique_bug_pyc/cpython-39-a3dcbdeb1781.pyc,decompyle3,rerun,exit_1,"Traceback (most recent call last): File ""<string>"", line 10, in <module> File ""data/rq4/source_candidates/cpython-39/cpython-39-a3dcbdeb1781/decompyle3.py"", line 7 Unsupported Python version, 3.9.0, for decompilation ^ SyntaxError: inval...",crash,data/rq4/source_candidates/cpython-39/cpython-39-a3dcbdeb1781/decompyle3.py,
cpython-39,data/rq3/cpython-3.9/unique_bug_pyc/cpython-39-a82c9fa0e39b.pyc,decompyle3,rerun,exit_1,"Traceback (most recent call last): File ""<string>"", line 10, in <module> File ""data/rq4/source_candidates/cpython-39/cpython-39-a82c9fa0e39b/decompyle3.py"", line 7 Unsupported Python version, 3.9.0, for decompilation ^ SyntaxError: inval...",crash,data/rq4/source_candidates/cpython-39/cpython-39-a82c9fa0e39b/decompyle3.py,
cpython-39,data/rq3/cpython-3.9/unique_bug_pyc/cpython-39-aa9ebacb52b4.pyc,decompyle3,rerun,exit_1,"Traceback (most recent call last): File ""<string>"", line 10, in <module> File ""data/rq4/source_candidates/cpython-39/cpython-39-aa9ebacb52b4/decompyle3.py"", line 7 Unsupported Python version, 3.9.0, for decompilation ^ SyntaxError: inval...",exit_1,data/rq4/source_candidates/cpython-39/cpython-39-aa9ebacb52b4/decompyle3.py,
cpython-39,data/rq3/cpython-3.9/unique_bug_pyc/cpython-39-a9739778815e.pyc,decompyle3,rerun,exit_1,"Traceback (most recent call last): File ""<string>"", line 10, in <module> File ""data/rq4/source_candidates/cpython-39/cpython-39-a9739778815e/decompyle3.py"", line 7 Unsupported Python version, 3.9.0, for decompilation ^ SyntaxError: inval...",crash,data/rq4/source_candidates/cpython-39/cpython-39-a9739778815e/decompyle3.py,
cpython-39,data/rq3/cpython-3.9/unique_bug_pyc/cpython-39-a19362c1eab5.pyc,decompyle3,rerun,exit_1,"Traceback (most recent call last): File ""<string>"", line 10, in <module> File ""data/rq4/source_candidates/cpython-39/cpython-39-a19362c1eab5/decompyle3.py"", line 7 Unsupported Python version, 3.9.0, for decompilation ^ SyntaxError: inval...",crash,data/rq4/source_candidates/cpython-39/cpython-39-a19362c1eab5/decompyle3.py,
cpython-39,data/rq3/cpython-3.9/unique_bug_pyc/cpython-39-b94810d8bb05.pyc,decompyle3,rerun,exit_1,"Traceback (most recent call last): File ""<string>"", line 10, in <module> File ""data/rq4/source_candidates/cpython-39/cpython-39-b94810d8bb05/decompyle3.py"", line 7 Unsupported Python version, 3.9.0, for decompilation ^ SyntaxError: inval...",crash,data/rq4/source_candidates/cpython-39/cpython-39-b94810d8bb05/decompyle3.py,
cpython-39,data/rq3/cpython-3.9/unique_bug_pyc/cpython-39-b5241a7d2fde.pyc,decompyle3,rerun,exit_1,"Traceback (most recent call last): File ""<string>"", line 10, in <module> File ""data/rq4/source_candidates/cpython-39/cpython-39-b5241a7d2fde/decompyle3.py"", line 7 Unsupported Python version, 3.9.0, for decompilation ^ SyntaxError: inval...",crash,data/rq4/source_candidates/cpython-39/cpython-39-b5241a7d2fde/decompyle3.py,
cpython-39,data/rq3/cpython-3.9/unique_bug_pyc/cpython-39-b39cb6552ed4.pyc,decompyle3,rerun,exit_1,"Traceback (most recent call last): File ""<string>"", line 10, in <module> File ""data/rq4/source_candidates/cpython-39/cpython-39-b39cb6552ed4/decompyle3.py"", line 8 Unsupported Python version, 3.9.0, for decompilation ^ SyntaxError: inval...",crash,data/rq4/source_candidates/cpython-39/cpython-39-b39cb6552ed4/decompyle3.py,
cpython-39,data/rq3/cpython-3.9/unique_bug_pyc/cpython-39-bb407f5c178e.pyc,decompyle3,rerun,exit_1,"Traceback (most recent call last): File ""<string>"", line 10, in <module> File ""data/rq4/source_candidates/cpython-39/cpython-39-bb407f5c178e/decompyle3.py"", line 7 Unsupported Python version, 3.9.0, for decompilation ^ SyntaxError: inval...",crash,data/rq4/source_candidates/cpython-39/cpython-39-bb407f5c178e/decompyle3.py,
cpython-39,data/rq3/cpython-3.9/unique_bug_pyc/cpython-39-c0bb879c0360.pyc,decompyle3,rerun,exit_1,"Traceback (most recent call last): File ""<string>"", line 10, in <module> File ""data/rq4/source_candidates/cpython-39/cpython-39-c0bb879c0360/decompyle3.py"", line 7 Unsupported Python version, 3.9.0, for decompilation ^ SyntaxError: inval...",exit_1,data/rq4/source_candidates/cpython-39/cpython-39-c0bb879c0360/decompyle3.py,
cpython-39,data/rq3/cpython-3.9/unique_bug_pyc/cpython-39-b58d73c1c87c.pyc,decompyle3,rerun,exit_1,"Traceback (most recent call last): File ""<string>"", line 10, in <module> File ""data/rq4/source_candidates/cpython-39/cpython-39-b58d73c1c87c/decompyle3.py"", line 7 Unsupported Python version, 3.9.0, for decompilation ^ SyntaxError: inval...",crash,data/rq4/source_candidates/cpython-39/cpython-39-b58d73c1c87c/decompyle3.py,
cpython-39,data/rq3/cpython-3.9/unique_bug_pyc/cpython-39-bdc4f23e6268.pyc,decompyle3,rerun,exit_1,"Traceback (most recent call last): File ""<string>"", line 10, in <module> File ""data/rq4/source_candidates/cpython-39/cpython-39-bdc4f23e6268/decompyle3.py"", line 7 Unsupported Python version, 3.9.0, for decompilation ^ SyntaxError: inval...",crash,data/rq4/source_candidates/cpython-39/cpython-39-bdc4f23e6268/decompyle3.py,
cpython-39,data/rq3/cpython-3.9/unique_bug_pyc/cpython-39-bcea9b89668c.pyc,decompyle3,rerun,exit_1,"Traceback (most recent call last): File ""<string>"", line 10, in <module> File ""data/rq4/source_candidates/cpython-39/cpython-39-bcea9b89668c/decompyle3.py"", line 7 Unsupported Python version, 3.9.0, for decompilation ^ SyntaxError: inval...",crash,data/rq4/source_candidates/cpython-39/cpython-39-bcea9b89668c/decompyle3.py,
cpython-39,data/rq3/cpython-3.9/unique_bug_pyc/cpython-39-bd93905f8b9f.pyc,decompyle3,rerun,exit_1,"Traceback (most recent call last): File ""<string>"", line 10, in <module> File ""data/rq4/source_candidates/cpython-39/cpython-39-bd93905f8b9f/decompyle3.py"", line 7 Unsupported Python version, 3.9.0, for decompilation ^ SyntaxError: inval...",crash,data/rq4/source_candidates/cpython-39/cpython-39-bd93905f8b9f/decompyle3.py,
cpython-39,data/rq3/cpython-3.9/unique_bug_pyc/cpython-39-c9fa6057bcb0.pyc,decompyle3,rerun,exit_1,"Traceback (most recent call last): File ""<string>"", line 10, in <module> File ""data/rq4/source_candidates/cpython-39/cpython-39-c9fa6057bcb0/decompyle3.py"", line 7 Unsupported Python version, 3.9.0, for decompilation ^ SyntaxError: inval...",crash,data/rq4/source_candidates/cpython-39/cpython-39-c9fa6057bcb0/decompyle3.py,
cpython-39,data/rq3/cpython-3.9/unique_bug_pyc/cpython-39-bd85795677c1.pyc,decompyle3,rerun,exit_1,"Traceback (most recent call last): File ""<string>"", line 10, in <module> File ""data/rq4/source_candidates/cpython-39/cpython-39-bd85795677c1/decompyle3.py"", line 7 Unsupported Python version, 3.9.0, for decompilation ^ SyntaxError: inval...",crash,data/rq4/source_candidates/cpython-39/cpython-39-bd85795677c1/decompyle3.py,
cpython-39,data/rq3/cpython-3.9/unique_bug_pyc/cpython-39-d4d522a23a35.pyc,decompyle3,rerun,exit_1,"Traceback (most recent call last): File ""<string>"", line 10, in <module> File ""data/rq4/source_candidates/cpython-39/cpython-39-d4d522a23a35/decompyle3.py"", line 7 Unsupported Python version, 3.9.0, for decompilation ^ SyntaxError: inval...",exit_1,data/rq4/source_candidates/cpython-39/cpython-39-d4d522a23a35/decompyle3.py,
cpython-39,data/rq3/cpython-3.9/unique_bug_pyc/cpython-39-ccfa2db55ee1.pyc,decompyle3,rerun,exit_1,"Traceback (most recent call last): File ""<string>"", line 10, in <module> File ""data/rq4/source_candidates/cpython-39/cpython-39-ccfa2db55ee1/decompyle3.py"", line 7 Unsupported Python version, 3.9.0, for decompilation ^ SyntaxError: inval...",crash,data/rq4/source_candidates/cpython-39/cpython-39-ccfa2db55ee1/decompyle3.py,
cpython-39,data/rq3/cpython-3.9/unique_bug_pyc/cpython-39-c36b0f8e082c.pyc,decompyle3,rerun,exit_1,"Traceback (most recent call last): File ""<string>"", line 10, in <module> File ""data/rq4/source_candidates/cpython-39/cpython-39-c36b0f8e082c/decompyle3.py"", line 7 Unsupported Python version, 3.9.0, for decompilation ^ SyntaxError: inval...",crash,data/rq4/source_candidates/cpython-39/cpython-39-c36b0f8e082c/decompyle3.py,
cpython-39,data/rq3/cpython-3.9/unique_bug_pyc/cpython-39-cd3f22b82b0b.pyc,decompyle3,rerun,exit_1,"Traceback (most recent call last): File ""<string>"", line 10, in <module> File ""data/rq4/source_candidates/cpython-39/cpython-39-cd3f22b82b0b/decompyle3.py"", line 7 Unsupported Python version, 3.9.0, for decompilation ^ SyntaxError: inval...",crash,data/rq4/source_candidates/cpython-39/cpython-39-cd3f22b82b0b/decompyle3.py,
cpython-39,data/rq3/cpython-3.9/unique_bug_pyc/cpython-39-cadb328725c6.pyc,decompyle3,decompile,exit_2,Unknown magic number 25441 in data/rq3/cpython-3.9/unique_bug_pyc/cpython-39-cadb328725c6.pyc,crash,,
cpython-39,data/rq3/cpython-3.9/unique_bug_pyc/cpython-39-c205bb9643ea.pyc,decompyle3,rerun,exit_1,"Traceback (most recent call last): File ""<string>"", line 10, in <module> File ""data/rq4/source_candidates/cpython-39/cpython-39-c205bb9643ea/decompyle3.py"", line 7 Unsupported Python version, 3.9.0, for decompilation ^ SyntaxError: inval...",crash,data/rq4/source_candidates/cpython-39/cpython-39-c205bb9643ea/decompyle3.py,
cpython-39,data/rq3/cpython-3.9/unique_bug_pyc/cpython-39-cf25a6bf1d3e.pyc,decompyle3,rerun,exit_1,"Traceback (most recent call last): File ""<string>"", line 10, in <module> File ""data/rq4/source_candidates/cpython-39/cpython-39-cf25a6bf1d3e/decompyle3.py"", line 7 Unsupported Python version, 3.9.0, for decompilation ^ SyntaxError: inval...",crash,data/rq4/source_candidates/cpython-39/cpython-39-cf25a6bf1d3e/decompyle3.py,
cpython-39,data/rq3/cpython-3.9/unique_bug_pyc/cpython-39-ccda63e4c86c.pyc,decompyle3,rerun,exit_1,"Traceback (most recent call last): File ""<string>"", line 10, in <module> File ""data/rq4/source_candidates/cpython-39/cpython-39-ccda63e4c86c/decompyle3.py"", line 7 Unsupported Python version, 3.9.0, for decompilation ^ SyntaxError: inval...",crash,data/rq4/source_candidates/cpython-39/cpython-39-ccda63e4c86c/decompyle3.py,
cpython-39,data/rq3/cpython-3.9/unique_bug_pyc/cpython-39-c5125ee40522.pyc,decompyle3,rerun,exit_1,"Traceback (most recent call last): File ""<string>"", line 10, in <module> File ""data/rq4/source_candidates/cpython-39/cpython-39-c5125ee40522/decompyle3.py"", line 7 Unsupported Python version, 3.9.0, for decompilation ^ SyntaxError: inval...",crash,data/rq4/source_candidates/cpython-39/cpython-39-c5125ee40522/decompyle3.py,
cpython-39,data/rq3/cpython-3.9/unique_bug_pyc/cpython-39-d6b46c332b97.pyc,decompyle3,rerun,exit_1,"Traceback (most recent call last): File ""<string>"", line 10, in <module> File ""data/rq4/source_candidates/cpython-39/cpython-39-d6b46c332b97/decompyle3.py"", line 7 Unsupported Python version, 3.9.0, for decompilation ^ SyntaxError: inval...",crash,data/rq4/source_candidates/cpython-39/cpython-39-d6b46c332b97/decompyle3.py,
cpython-39,data/rq3/cpython-3.9/unique_bug_pyc/cpython-39-d7d7e9594d9a.pyc,decompyle3,rerun,exit_1,"Traceback (most recent call last): File ""<string>"", line 10, in <module> File ""data/rq4/source_candidates/cpython-39/cpython-39-d7d7e9594d9a/decompyle3.py"", line 7 Unsupported Python version, 3.9.0, for decompilation ^ SyntaxError: inval...",crash,data/rq4/source_candidates/cpython-39/cpython-39-d7d7e9594d9a/decompyle3.py,
cpython-39,data/rq3/cpython-3.9/unique_bug_pyc/cpython-39-d76cb106424b.pyc,decompyle3,rerun,exit_1,"Traceback (most recent call last): File ""<string>"", line 10, in <module> File ""data/rq4/source_candidates/cpython-39/cpython-39-d76cb106424b/decompyle3.py"", line 7 Unsupported Python version, 3.9.0, for decompilation ^ SyntaxError: inval...",crash,data/rq4/source_candidates/cpython-39/cpython-39-d76cb106424b/decompyle3.py,
cpython-39,data/rq3/cpython-3.9/unique_bug_pyc/cpython-39-dab78b60314d.pyc,decompyle3,rerun,exit_1,"Traceback (most recent call last): File ""<string>"", line 10, in <module> File ""data/rq4/source_candidates/cpython-39/cpython-39-dab78b60314d/decompyle3.py"", line 7 Unsupported Python version, 3.9.0, for decompilation ^ SyntaxError: inval...",crash,data/rq4/source_candidates/cpython-39/cpython-39-dab78b60314d/decompyle3.py,
cpython-39,data/rq3/cpython-3.9/unique_bug_pyc/cpython-39-f1f8a85067ad.pyc,decompyle3,decompile,exit_2,Unknown magic number 10849 in data/rq3/cpython-3.9/unique_bug_pyc/cpython-39-f1f8a85067ad.pyc,exit_1,,
cpython-39,data/rq3/cpython-3.9/unique_bug_pyc/cpython-39-ef2fcc89c33d.pyc,decompyle3,decompile,exit_2,Unknown magic number 97 in data/rq3/cpython-3.9/unique_bug_pyc/cpython-39-ef2fcc89c33d.pyc,exit_1,,
cpython-39,data/rq3/cpython-3.9/unique_bug_pyc/cpython-39-d6e24fa7ea2c.pyc,decompyle3,rerun,exit_1,"Traceback (most recent call last): File ""<string>"", line 10, in <module> File ""data/rq4/source_candidates/cpython-39/cpython-39-d6e24fa7ea2c/decompyle3.py"", line 7 Unsupported Python version, 3.9.0, for decompilation ^ SyntaxError: inval...",crash,data/rq4/source_candidates/cpython-39/cpython-39-d6e24fa7ea2c/decompyle3.py,
cpython-39,data/rq3/cpython-3.9/unique_bug_pyc/cpython-39-de281c1ccc49.pyc,decompyle3,rerun,exit_1,"Traceback (most recent call last): File ""<string>"", line 10, in <module> File ""data/rq4/source_candidates/cpython-39/cpython-39-de281c1ccc49/decompyle3.py"", line 7 Unsupported Python version, 3.9.0, for decompilation ^ SyntaxError: inval...",crash,data/rq4/source_candidates/cpython-39/cpython-39-de281c1ccc49/decompyle3.py,
cpython-39,data/rq3/cpython-3.9/unique_bug_pyc/cpython-39-e64549910a29.pyc,decompyle3,rerun,exit_1,"Traceback (most recent call last): File ""<string>"", line 10, in <module> File ""data/rq4/source_candidates/cpython-39/cpython-39-e64549910a29/decompyle3.py"", line 7 Unsupported Python version, 3.9.0, for decompilation ^ SyntaxError: inval...",crash,data/rq4/source_candidates/cpython-39/cpython-39-e64549910a29/decompyle3.py,
cpython-39,data/rq3/cpython-3.9/unique_bug_pyc/cpython-39-dd847a508a5a.pyc,decompyle3,rerun,exit_1,"Traceback (most recent call last): File ""<string>"", line 10, in <module> File ""data/rq4/source_candidates/cpython-39/cpython-39-dd847a508a5a/decompyle3.py"", line 8 Unsupported Python version, 3.9.0, for decompilation ^ SyntaxError: inval...",crash,data/rq4/source_candidates/cpython-39/cpython-39-dd847a508a5a/decompyle3.py,
cpython-39,data/rq3/cpython-3.9/unique_bug_pyc/cpython-39-ead5589870e7.pyc,decompyle3,rerun,exit_1,"Traceback (most recent call last): File ""<string>"", line 10, in <module> File ""data/rq4/source_candidates/cpython-39/cpython-39-ead5589870e7/decompyle3.py"", line 7 Unsupported Python version, 3.9.0, for decompilation ^ SyntaxError: inval...",crash,data/rq4/source_candidates/cpython-39/cpython-39-ead5589870e7/decompyle3.py,
cpython-39,data/rq3/cpython-3.9/unique_bug_pyc/cpython-39-eb3ce8a45ad3.pyc,decompyle3,rerun,exit_1,"Traceback (most recent call last): File ""<string>"", line 10, in <module> File ""data/rq4/source_candidates/cpython-39/cpython-39-eb3ce8a45ad3/decompyle3.py"", line 7 Unsupported Python version, 3.9.0, for decompilation ^ SyntaxError: inval...",crash,data/rq4/source_candidates/cpython-39/cpython-39-eb3ce8a45ad3/decompyle3.py,
cpython-39,data/rq3/cpython-3.9/unique_bug_pyc/cpython-39-ee5bedfe10dc.pyc,decompyle3,rerun,exit_1,"Traceback (most recent call last): File ""<string>"", line 10, in <module> File ""data/rq4/source_candidates/cpython-39/cpython-39-ee5bedfe10dc/decompyle3.py"", line 7 Unsupported Python version, 3.9.0, for decompilation ^ SyntaxError: inval...",crash,data/rq4/source_candidates/cpython-39/cpython-39-ee5bedfe10dc/decompyle3.py,
cpython-39,data/rq3/cpython-3.9/unique_bug_pyc/cpython-39-fe019be7d6a1.pyc,decompyle3,rerun,exit_1,"Traceback (most recent call last): File ""<string>"", line 10, in <module> File ""data/rq4/source_candidates/cpython-39/cpython-39-fe019be7d6a1/decompyle3.py"", line 7 Unsupported Python version, 3.9.0, for decompilation ^ SyntaxError: inval...",exit_1,data/rq4/source_candidates/cpython-39/cpython-39-fe019be7d6a1/decompyle3.py,
cpython-39,data/rq3/cpython-3.9/unique_bug_pyc/cpython-39-e9f0bc0debb5.pyc,decompyle3,rerun,exit_1,"Traceback (most recent call last): File ""<string>"", line 10, in <module> File ""data/rq4/source_candidates/cpython-39/cpython-39-e9f0bc0debb5/decompyle3.py"", line 7 Unsupported Python version, 3.9.0, for decompilation ^ SyntaxError: inval...",crash,data/rq4/source_candidates/cpython-39/cpython-39-e9f0bc0debb5/decompyle3.py,
cpython-39,data/rq3/cpython-3.9/unique_bug_pyc/cpython-39-f2e05283a104.pyc,decompyle3,rerun,exit_1,"Traceback (most recent call last): File ""<string>"", line 10, in <module> ValueError: source code string cannot contain null bytes",crash,data/rq4/source_candidates/cpython-39/cpython-39-f2e05283a104/decompyle3.py,
cpython-39,data/rq3/cpython-3.9/unique_bug_pyc/cpython-39-fb6bc97e847e.pyc,decompyle3,rerun,exit_1,"Traceback (most recent call last): File ""<string>"", line 10, in <module> ValueError: source code string cannot contain null bytes",exit_1,data/rq4/source_candidates/cpython-39/cpython-39-fb6bc97e847e/decompyle3.py,
cpython-39,data/rq3/cpython-3.9/unique_bug_pyc/cpython-39-ef483ba7b3aa.pyc,decompyle3,rerun,exit_1,"Traceback (most recent call last): File ""<string>"", line 10, in <module> File ""data/rq4/source_candidates/cpython-39/cpython-39-ef483ba7b3aa/decompyle3.py"", line 7 Unsupported Python version, 3.9.0, for decompilation ^ SyntaxError: inval...",crash,data/rq4/source_candidates/cpython-39/cpython-39-ef483ba7b3aa/decompyle3.py,
cpython-39,data/rq3/cpython-3.9/unique_bug_pyc/cpython-39-fc236960fe05.pyc,decompyle3,rerun,exit_1,"Traceback (most recent call last): File ""<string>"", line 10, in <module> File ""data/rq4/source_candidates/cpython-39/cpython-39-fc236960fe05/decompyle3.py"", line 10 Unsupported Python version, 3.9.0, for decompilation ^ SyntaxError: inva...",crash,data/rq4/source_candidates/cpython-39/cpython-39-fc236960fe05/decompyle3.py,
cpython-39,data/rq3/cpython-3.9/unique_bug_pyc/cpython-39-fbba571ffe5c.pyc,decompyle3,rerun,exit_1,"Traceback (most recent call last): File ""<string>"", line 10, in <module> File ""data/rq4/source_candidates/cpython-39/cpython-39-fbba571ffe5c/decompyle3.py"", line 7 Unsupported Python version, 3.9.0, for decompilation ^ SyntaxError: inval...",crash,data/rq4/source_candidates/cpython-39/cpython-39-fbba571ffe5c/decompyle3.py,
cpython-39,data/rq3/cpython-3.9/unique_bug_pyc/cpython-39-ff2195dc0e1c.pyc,decompyle3,rerun,exit_1,"Traceback (most recent call last): File ""<string>"", line 10, in <module> File ""data/rq4/source_candidates/cpython-39/cpython-39-ff2195dc0e1c/decompyle3.py"", line 7 Unsupported Python version, 3.9.0, for decompilation ^ SyntaxError: inval...",crash,data/rq4/source_candidates/cpython-39/cpython-39-ff2195dc0e1c/decompyle3.py,
cpython-39,data/rq3/cpython-3.9/unique_bug_pyc/cpython-39-f3469736ce78.pyc,decompyle3,rerun,exit_1,"Traceback (most recent call last): File ""<string>"", line 10, in <module> File ""data/rq4/source_candidates/cpython-39/cpython-39-f3469736ce78/decompyle3.py"", line 7 Unsupported Python version, 3.9.0, for decompilation ^ SyntaxError: inval...",crash,data/rq4/source_candidates/cpython-39/cpython-39-f3469736ce78/decompyle3.py,
cpython-39,data/rq3/cpython-3.9/unique_bug_pyc/cpython-39-ff3d4634991a.pyc,decompyle3,rerun,exit_1,"Traceback (most recent call last): File ""<string>"", line 10, in <module> File ""data/rq4/source_candidates/cpython-39/cpython-39-ff3d4634991a/decompyle3.py"", line 7 Unsupported Python version, 3.9.0, for decompilation ^ SyntaxError: inval...",crash,data/rq4/source_candidates/cpython-39/cpython-39-ff3d4634991a/decompyle3.py,
cpython-39,data/rq3/cpython-3.9/unique_bug_pyc/cpython-39-f4f7d7efc515.pyc,decompyle3,rerun,exit_1,"Traceback (most recent call last): File ""<string>"", line 10, in <module> File ""data/rq4/source_candidates/cpython-39/cpython-39-f4f7d7efc515/decompyle3.py"", line 7 Unsupported Python version, 3.9.0, for decompilation ^ SyntaxError: inval...",crash,data/rq4/source_candidates/cpython-39/cpython-39-f4f7d7efc515/decompyle3.py,
cpython-39,data/rq3/cpython-3.9/unique_bug_pyc/cpython-39-ffe4604e43fb.pyc,decompyle3,rerun,exit_1,"Traceback (most recent call last): File ""<string>"", line 10, in <module> File ""data/rq4/source_candidates/cpython-39/cpython-39-ffe4604e43fb/decompyle3.py"", line 7 Unsupported Python version, 3.9.0, for decompilation ^ SyntaxError: inval...",crash,data/rq4/source_candidates/cpython-39/cpython-39-ffe4604e43fb/decompyle3.py,
cpython-39,data/rq3/cpython-3.9/unique_bug_pyc/cpython-39-9e5c1d516490.pyc,decompyle3,rerun,exit_1,"Traceback (most recent call last): File ""<string>"", line 10, in <module> File ""data/rq4/source_candidates/cpython-39/cpython-39-9e5c1d516490/decompyle3.py"", line 7 Unsupported Python version, 3.9.0, for decompilation ^ SyntaxError: inval...",crash,data/rq4/source_candidates/cpython-39/cpython-39-9e5c1d516490/decompyle3.py,
