python_tag,finding,category,reason,bytecode_status,bytecode_reason,reproduced_by,decompiler_statuses,source_statuses
cpython-310,data/rq3/cpython-3.10/unique_bug_pyc/cpython-310-02136a8dd74b.pyc,no_source,"# decompyle3 version 3.9.3 # Python bytecode version base 3.10 (3439) # Decompiled from: Python 3.10.12 (main, Mar 3 2026, 11:56:32) [GCC 11.4.0] # Embedded file name: data/rq3/cpython-3.10/unittest_seeds/raw/cpython_case_test_descr_Clas...",crash,signal_11:,,"decompyle3:error:# decompyle3 version 3.9.3 # Python bytecode version base 3.10 (3439) # Decompiled from: Python 3.10.12 (main, Mar 3 2026, 11:56:32) [GCC 11.4.0] # Embedded file name: data/rq3/cpython-3.10/unittest_seeds/raw/cpython_case_test_descr_Clas...;pylingual:error:────────────────────────────────────────────────────────────────────────────────────────────────────────────────────────────────────────────────────────────────────── ,ggggggggggg, ,gggg, dP""""""88""""""""""""Y8, d8"" ""8I ,dPYb, Yb, 88 `8b 88 ,dP...",decompyle3:not_run:;pylingual:not_run:
cpython-310,data/rq3/cpython-3.10/unique_bug_pyc/cpython-310-02173bb381ec.pyc,no_source,"# decompyle3 version 3.9.3 # Python bytecode version base 3.10 (3439) # Decompiled from: Python 3.10.12 (main, Mar 3 2026, 11:56:32) [GCC 11.4.0] # Embedded file name: data/rq3/cpython-3.10/unittest_seeds/raw/cpython_case_test_itertools_...",crash,signal_11:,,"decompyle3:error:# decompyle3 version 3.9.3 # Python bytecode version base 3.10 (3439) # Decompiled from: Python 3.10.12 (main, Mar 3 2026, 11:56:32) [GCC 11.4.0] # Embedded file name: data/rq3/cpython-3.10/unittest_seeds/raw/cpython_case_test_itertools_...;pylingual:error:────────────────────────────────────────────────────────────────────────────────────────────────────────────────────────────────────────────────────────────────────── ,ggggggggggg, ,gggg, dP""""""88""""""""""""Y8, d8"" ""8I ,dPYb, Yb, 88 `8b 88 ,dP...",decompyle3:not_run:;pylingual:not_run:
cpython-310,data/rq3/cpython-3.10/unique_bug_pyc/cpython-310-0405b92fdf77.pyc,no_source,"# decompyle3 version 3.9.3 # Python bytecode version base 3.10 (3439) # Decompiled from: Python 3.10.12 (main, Mar 3 2026, 11:56:32) [GCC 11.4.0] # Embedded file name: data/rq3/cpython-3.10/unittest_seeds/raw/cpython_case_test__xxsubinte...",crash,signal_11:,,"decompyle3:error:# decompyle3 version 3.9.3 # Python bytecode version base 3.10 (3439) # Decompiled from: Python 3.10.12 (main, Mar 3 2026, 11:56:32) [GCC 11.4.0] # Embedded file name: data/rq3/cpython-3.10/unittest_seeds/raw/cpython_case_test__xxsubinte...;pylingual:error:────────────────────────────────────────────────────────────────────────────────────────────────────────────────────────────────────────────────────────────────────── ,ggggggggggg, ,gggg, dP""""""88""""""""""""Y8, d8"" ""8I ,dPYb, Yb, 88 `8b 88 ,dP...",decompyle3:not_run:;pylingual:not_run:
cpython-310,data/rq3/cpython-3.10/unique_bug_pyc/cpython-310-051c62d941fa.pyc,no_source,"# decompyle3 version 3.9.3 # Python bytecode version base 3.10 (3439) # Decompiled from: Python 3.10.12 (main, Mar 3 2026, 11:56:32) [GCC 11.4.0] # Embedded file name: data/rq3/cpython-3.10/unittest_seeds/ra/cpython_case_test_complex_Co...",crash,signal_11:,,"decompyle3:error:# decompyle3 version 3.9.3 # Python bytecode version base 3.10 (3439) # Decompiled from: Python 3.10.12 (main, Mar 3 2026, 11:56:32) [GCC 11.4.0] # Embedded file name: data/rq3/cpython-3.10/unittest_seeds/ra/cpython_case_test_complex_Co...;pylingual:error:────────────────────────────────────────────────────────────────────────────────────────────────────────────────────────────────────────────────────────────────────── ,ggggggggggg, ,gggg, dP""""""88""""""""""""Y8, d8"" ""8I ,dPYb, Yb, 88 `8b 88 ,dP...",decompyle3:not_run:;pylingual:not_run:
cpython-310,data/rq3/cpython-3.10/unique_bug_pyc/cpython-310-05a3ee1d3fc4.pyc,no_source,"# decompyle3 version 3.9.3 # Python bytecode version base 3.10 (3439) # Decompiled from: Python 3.10.12 (main, Mar 3 2026, 11:56:32) [GCC 11.4.0] # Embedded file name: data/rq3/cpython-3.10/unittest_seeds/raw/cpython_case_test_bytes_Byte...",crash,signal_11:,,"decompyle3:error:# decompyle3 version 3.9.3 # Python bytecode version base 3.10 (3439) # Decompiled from: Python 3.10.12 (main, Mar 3 2026, 11:56:32) [GCC 11.4.0] # Embedded file name: data/rq3/cpython-3.10/unittest_seeds/raw/cpython_case_test_bytes_Byte...;pylingual:error:────────────────────────────────────────────────────────────────────────────────────────────────────────────────────────────────────────────────────────────────────── ,ggggggggggg, ,gggg, dP""""""88""""""""""""Y8, d8"" ""8I ,dPYb, Yb, 88 `8b 88 ,dP...",decompyle3:not_run:;pylingual:not_run:
cpython-310,data/rq3/cpython-3.10/unique_bug_pyc/cpython-310-09ede1f2a7d5.pyc,no_source,"# decompyle3 version 3.9.3 # Python bytecode version base 3.10 (3439) # Decompiled from: Python 3.10.12 (main, Mar 3 2026, 11:56:32) [GCC 11.4.0] # Embedded file name: data/rq3/cpython-3.10/unittest_seeds/raw/cpython_case_test_descr_Clas...",crash,signal_11:,,"decompyle3:error:# decompyle3 version 3.9.3 # Python bytecode version base 3.10 (3439) # Decompiled from: Python 3.10.12 (main, Mar 3 2026, 11:56:32) [GCC 11.4.0] # Embedded file name: data/rq3/cpython-3.10/unittest_seeds/raw/cpython_case_test_descr_Clas...;pylingual:error:────────────────────────────────────────────────────────────────────────────────────────────────────────────────────────────────────────────────────────────────────── ,ggggggggggg, ,gggg, dP""""""88""""""""""""Y8, d8"" ""8I ,dPYb, Yb, 88 `8b 88 ,dP...",decompyle3:not_run:;pylingual:not_run:
cpython-310,data/rq3/cpython-3.10/unique_bug_pyc/cpython-310-0b78e6dac771.pyc,no_source,"# decompyle3 version 3.9.3 # Python bytecode version base 3.10 (3439) # Decompiled from: Python 3.10.12 (main, Mar 3 2026, 11:56:32) [GCC 11.4.0] # Embedded file name: data/rq3/cpython-3.10/unittest_seeds/raw/cpython_case_tert_coroutines...",crash,signal_11:,,"decompyle3:error:# decompyle3 version 3.9.3 # Python bytecode version base 3.10 (3439) # Decompiled from: Python 3.10.12 (main, Mar 3 2026, 11:56:32) [GCC 11.4.0] # Embedded file name: data/rq3/cpython-3.10/unittest_seeds/raw/cpython_case_tert_coroutines...;pylingual:error:────────────────────────────────────────────────────────────────────────────────────────────────────────────────────────────────────────────────────────────────────── ,ggggggggggg, ,gggg, dP""""""88""""""""""""Y8, d8"" ""8I ,dPYb, Yb, 88 `8b 88 ,dP...",decompyle3:not_run:;pylingual:not_run:
cpython-310,data/rq3/cpython-3.10/unique_bug_pyc/cpython-310-0e264d4271f8.pyc,no_source,"# decompyle3 version 3.9.3 # Python bytecode version base 3.10 (3439) # Decompiled from: Python 3.10.12 (main, Mar 3 2026, 11:56:32) [GCC 11.4.0] # Embedded file name: data/rq3/cpython-3.10/unittest_seeds/raw/cpython_case_test_io_TextIOW...",crash,"signal_11:Traceback (most recent call last): File ""/root/PyBC-Sec/pybcSEC/data/rq4/harness.py"", line 29, in <module>",,"decompyle3:error:# decompyle3 version 3.9.3 # Python bytecode version base 3.10 (3439) # Decompiled from: Python 3.10.12 (main, Mar 3 2026, 11:56:32) [GCC 11.4.0] # Embedded file name: data/rq3/cpython-3.10/unittest_seeds/raw/cpython_case_test_io_TextIOW...;pylingual:error:────────────────────────────────────────────────────────────────────────────────────────────────────────────────────────────────────────────────────────────────────── ,ggggggggggg, ,gggg, dP""""""88""""""""""""Y8, d8"" ""8I ,dPYb, Yb, 88 `8b 88 ,dP...",decompyle3:not_run:;pylingual:not_run:
cpython-310,data/rq3/cpython-3.10/unique_bug_pyc/cpython-310-13550de95770.pyc,no_source,"# decompyle3 version 3.9.3 # Python bytecode version base 3.10 (3439) # Decompiled from: Python 3.10.12 (main, Mar 3 2026, 11:56:32) [GCC 11.4.0] # Embedded file name: data/rq3/cpython-3.10/unittest_seeds/raw/cpython_case_test_inspect_T...",crash,signal_11:,,"decompyle3:error:# decompyle3 version 3.9.3 # Python bytecode version base 3.10 (3439) # Decompiled from: Python 3.10.12 (main, Mar 3 2026, 11:56:32) [GCC 11.4.0] # Embedded file name: data/rq3/cpython-3.10/unittest_seeds/raw/cpython_case_test_inspect_T...;pylingual:error:────────────────────────────────────────────────────────────────────────────────────────────────────────────────────────────────────────────────────────────────────── ,ggggggggggg, ,gggg, dP""""""88""""""""""""Y8, d8"" ""8I ,dPYb, Yb, 88 `8b 88 ,dP...",decompyle3:not_run:;pylingual:not_run:
cpython-310,data/rq3/cpython-3.10/unique_bug_pyc/cpython-310-1410d9b640bc.pyc,no_source,"# decompyle3 version 3.9.3 # Python bytecode version base 3.10 (3439) # Decompiled from: Python 3.10.12 (main, Mar 3 2026, 11:56:32) [GCC 11.4.0] # Embedded file name: data/rq3/cpython-3.10/unittest_seeds/raw/cpython_case_test_dict_versi...",crash,signal_11:,,"decompyle3:error:# decompyle3 version 3.9.3 # Python bytecode version base 3.10 (3439) # Decompiled from: Python 3.10.12 (main, Mar 3 2026, 11:56:32) [GCC 11.4.0] # Embedded file name: data/rq3/cpython-3.10/unittest_seeds/raw/cpython_case_test_dict_versi...;pylingual:error:────────────────────────────────────────────────────────────────────────────────────────────────────────────────────────────────────────────────────────────────────── ,ggggggggggg, ,gggg, dP""""""88""""""""""""Y8, d8"" ""8I ,dPYb, Yb, 88 `8b 88 ,dP...",decompyle3:not_run:;pylingual:not_run:
cpython-310,data/rq3/cpython-3.10/unique_bug_pyc/cpython-310-14fe555e26f3.pyc,no_source,"# decompyle3 version 3.9.3 # Python bytecode version base 3.10 (3439) # Decompiled from: Python 3.10.12 (main, Mar 3 2026, 11:56:32) [GCC 11.4.0] # Embedded file name: data/rq3/cpython-3.10/unittest_seeds/raw/cpython_case_test_zipfile_St...",crash,signal_11:,,"decompyle3:error:# decompyle3 version 3.9.3 # Python bytecode version base 3.10 (3439) # Decompiled from: Python 3.10.12 (main, Mar 3 2026, 11:56:32) [GCC 11.4.0] # Embedded file name: data/rq3/cpython-3.10/unittest_seeds/raw/cpython_case_test_zipfile_St...;pylingual:error:────────────────────────────────────────────────────────────────────────────────────────────────────────────────────────────────────────────────────────────────────── ,ggggggggggg, ,gggg, dP""""""88""""""""""""Y8, d8"" ""8I ,dPYb, Yb, 88 `8b 88 ,dP...",decompyle3:not_run:;pylingual:not_run:
cpython-310,data/rq3/cpython-3.10/unique_bug_pyc/cpython-310-15636d60b9a3.pyc,no_source,"# decompyle3 version 3.9.3 # Python bytecode version base 3.10 (3439) # Decompiled from: Python 3.10.12 (main, Mar 3 2026, 11:56:32) [GCC 11.4.0] # Embedded file name: data/rq3/cpython-3.10/unittest_seeds/raw/cpython_case_test_range_Rang...",exit_1,"Traceback (most recent call last): File ""/root/PyBC-Sec/pybcSEC/data/rq4/harness.py"", line 26, in <module> exec(code, namespace, namespace) File ""data/rq3/cpython-3.10/unittest_seeds/raw/cpython_case_test_range_RangeTest_test_strided_lim...",,"decompyle3:error:# decompyle3 version 3.9.3 # Python bytecode version base 3.10 (3439) # Decompiled from: Python 3.10.12 (main, Mar 3 2026, 11:56:32) [GCC 11.4.0] # Embedded file name: data/rq3/cpython-3.10/unittest_seeds/raw/cpython_case_test_range_Rang...;pylingual:error:────────────────────────────────────────────────────────────────────────────────────────────────────────────────────────────────────────────────────────────────────── ,ggggggggggg, ,gggg, dP""""""88""""""""""""Y8, d8"" ""8I ,dPYb, Yb, 88 `8b 88 ,dP...",decompyle3:not_run:;pylingual:not_run:
cpython-310,data/rq3/cpython-3.10/unique_bug_pyc/cpython-310-176fa4283320.pyc,no_source,"# decompyle3 version 3.9.3 # Python bytecode version base 3.10 (3439) # Decompiled from: Python 3.10.12 (main, Mar 3 2026, 11:56:32) [GCC 11.4.0] # Embedded file name: data/rq3/cpython-3.10/unittest_seeds/raw/cpython_case_test_positional...",crash,signal_11:,,"decompyle3:error:# decompyle3 version 3.9.3 # Python bytecode version base 3.10 (3439) # Decompiled from: Python 3.10.12 (main, Mar 3 2026, 11:56:32) [GCC 11.4.0] # Embedded file name: data/rq3/cpython-3.10/unittest_seeds/raw/cpython_case_test_positional...;pylingual:error:────────────────────────────────────────────────────────────────────────────────────────────────────────────────────────────────────────────────────────────────────── ,ggggggggggg, ,gggg, dP""""""88""""""""""""Y8, d8"" ""8I ,dPYb, Yb, 88 `8b 88 ,dP...",decompyle3:not_run:;pylingual:not_run:
cpython-310,data/rq3/cpython-3.10/unique_bug_pyc/cpython-310-185a3358628c.pyc,no_source,"# decompyle3 version 3.9.3 # Python bytecode version base 3.10 (3439) # Decompiled from: Python 3.10.12 (main, Mar 3 2026, 11:56:32) [GCC 11.4.0] # Embedded file name: data/rq3/cpython-3.10/unittest_seeds/raw/cpython_case_test_urllib2_Op...",crash,signal_11:,,"decompyle3:error:# decompyle3 version 3.9.3 # Python bytecode version base 3.10 (3439) # Decompiled from: Python 3.10.12 (main, Mar 3 2026, 11:56:32) [GCC 11.4.0] # Embedded file name: data/rq3/cpython-3.10/unittest_seeds/raw/cpython_case_test_urllib2_Op...;pylingual:error:────────────────────────────────────────────────────────────────────────────────────────────────────────────────────────────────────────────────────────────────────── ,ggggggggggg, ,gggg, dP""""""88""""""""""""Y8, d8"" ""8I ,dPYb, Yb, 88 `8b 88 ,dP...",decompyle3:not_run:;pylingual:not_run:
cpython-310,data/rq3/cpython-3.10/unique_bug_pyc/cpython-310-1904c1b23f3c.pyc,no_source,"# decompyle3 version 3.9.3 # Python bytecode version base 3.10 (3439) # Decompiled from: Python 3.10.12 (main, Mar 3 2026, 11:56:32) [GCC 11.4.0] # Embedded file name: data/rq3/cpython-3.10/unittest_seeds/raw/cpython_case_test_signal_Pos...",crash,signal_11:,,"decompyle3:error:# decompyle3 version 3.9.3 # Python bytecode version base 3.10 (3439) # Decompiled from: Python 3.10.12 (main, Mar 3 2026, 11:56:32) [GCC 11.4.0] # Embedded file name: data/rq3/cpython-3.10/unittest_seeds/raw/cpython_case_test_signal_Pos...;pylingual:error:────────────────────────────────────────────────────────────────────────────────────────────────────────────────────────────────────────────────────────────────────── ,ggggggggggg, ,gggg, dP""""""88""""""""""""Y8, d8"" ""8I ,dPYb, Yb, 88 `8b 88 ,dP...",decompyle3:not_run:;pylingual:not_run:
cpython-310,data/rq3/cpython-3.10/unique_bug_pyc/cpython-310-1933bbc9617a.pyc,no_source,"# decompyle3 version 3.9.3 # Python bytecode version base 3.10 (3439) # Decompiled from: Python 3.10.12 (main, Mar 3 2026, 11:56:32) [GCC 11.4.0] # Embedded file name: data/rq3/cpython-3.10/unittest_seeds/raw/cpython_case_test_set_TestSe...",crash,signal_11:,,"decompyle3:error:# decompyle3 version 3.9.3 # Python bytecode version base 3.10 (3439) # Decompiled from: Python 3.10.12 (main, Mar 3 2026, 11:56:32) [GCC 11.4.0] # Embedded file name: data/rq3/cpython-3.10/unittest_seeds/raw/cpython_case_test_set_TestSe...;pylingual:error:────────────────────────────────────────────────────────────────────────────────────────────────────────────────────────────────────────────────────────────────────── ,ggggggggggg, ,gggg, dP""""""88""""""""""""Y8, d8"" ""8I ,dPYb, Yb, 88 `8b 88 ,dP...",decompyle3:not_run:;pylingual:not_run:
cpython-310,data/rq3/cpython-3.10/unique_bug_pyc/cpython-310-1c4537aeb581.pyc,no_source,"# decompyle3 version 3.9.3 # Python bytecode version base 3.10 (3439) # Decompiled from: Python 3.10.12 (main, Mar 3 2026, 11:56:32) [GCC 11.4.0] # Embedded file name: data/rq3/cpython-3.10/unittest_seeds/rw/cpython_case_test_coroutines...",crash,signal_11:,,"decompyle3:error:# decompyle3 version 3.9.3 # Python bytecode version base 3.10 (3439) # Decompiled from: Python 3.10.12 (main, Mar 3 2026, 11:56:32) [GCC 11.4.0] # Embedded file name: data/rq3/cpython-3.10/unittest_seeds/rw/cpython_case_test_coroutines...;pylingual:error:────────────────────────────────────────────────────────────────────────────────────────────────────────────────────────────────────────────────────────────────────── ,ggggggggggg, ,gggg, dP""""""88""""""""""""Y8, d8"" ""8I ,dPYb, Yb, 88 `8b 88 ,dP...",decompyle3:not_run:;pylingual:not_run:
cpython-310,data/rq3/cpython-3.10/unique_bug_pyc/cpython-310-2091219e5194.pyc,no_source,"# decompyle3 version 3.9.3 # Python bytecode version base 3.10 (3439) # Decompiled from: Python 3.10.12 (main, Mar 3 2026, 11:56:32) [GCC 11.4.0] # Embedded file name: data/rq3/cpython-3.10/unittest_seeds/raw/cpython_case_test_cgitb_Test...",crash,signal_11:,,"decompyle3:error:# decompyle3 version 3.9.3 # Python bytecode version base 3.10 (3439) # Decompiled from: Python 3.10.12 (main, Mar 3 2026, 11:56:32) [GCC 11.4.0] # Embedded file name: data/rq3/cpython-3.10/unittest_seeds/raw/cpython_case_test_cgitb_Test...;pylingual:error:────────────────────────────────────────────────────────────────────────────────────────────────────────────────────────────────────────────────────────────────────── ,ggggggggggg, ,gggg, dP""""""88""""""""""""Y8, d8"" ""8I ,dPYb, Yb, 88 `8b 88 ,dP...",decompyle3:not_run:;pylingual:not_run:
cpython-310,data/rq3/cpython-3.10/unique_bug_pyc/cpython-310-232dbdb7643c.pyc,no_source,"# decompyle3 version 3.9.3 # Python bytecode version base 3.10 (3439) # Decompiled from: Python 3.10.12 (main, Mar 3 2026, 11:56:32) [GCC 11.4.0] # Embedded file name: data/rq3/cpython-3.10/unittest_seeds/raw/cpython_case_test_print_Test...",crash,signal_11:,,"decompyle3:error:# decompyle3 version 3.9.3 # Python bytecode version base 3.10 (3439) # Decompiled from: Python 3.10.12 (main, Mar 3 2026, 11:56:32) [GCC 11.4.0] # Embedded file name: data/rq3/cpython-3.10/unittest_seeds/raw/cpython_case_test_print_Test...;pylingual:error:────────────────────────────────────────────────────────────────────────────────────────────────────────────────────────────────────────────────────────────────────── ,ggggggggggg, ,gggg, dP""""""88""""""""""""Y8, d8"" ""8I ,dPYb, Yb, 88 `8b 88 ,dP...",decompyle3:not_run:;pylingual:not_run:
cpython-310,data/rq3/cpython-3.10/unique_bug_pyc/cpython-310-2640fce96d36.pyc,no_source,"# decompyle3 version 3.9.3 # Python bytecode version base 3.10 (3439) # Decompiled from: Python 3.10.12 (main, Mar 3 2026, 11:56:32) [GCC 11.4.0] # Embedded file name: data/rq3/cpython-3.10/unittest_seeds/raw/cpython_case_test_complex_Co...",crash,signal_11:,,"decompyle3:error:# decompyle3 version 3.9.3 # Python bytecode version base 3.10 (3439) # Decompiled from: Python 3.10.12 (main, Mar 3 2026, 11:56:32) [GCC 11.4.0] # Embedded file name: data/rq3/cpython-3.10/unittest_seeds/raw/cpython_case_test_complex_Co...;pylingual:error:────────────────────────────────────────────────────────────────────────────────────────────────────────────────────────────────────────────────────────────────────── ,ggggggggggg, ,gggg, dP""""""88""""""""""""Y8, d8"" ""8I ,dPYb, Yb, 88 `8b 88 ,dP...",decompyle3:not_run:;pylingual:not_run:
cpython-310,data/rq3/cpython-3.10/unique_bug_pyc/cpython-310-2a823146c668.pyc,no_source,"# decompyle3 version 3.9.3 # Python bytecode version base 3.10 (3439) # Decompiled from: Python 3.10.12 (main, Mar 3 2026, 11:56:32) [GCC 11.4.0] # Embedded file name: data/rq3/cpython-3.10/unittest_seeds/raw/cpython_case_test_patma_Test...",crash,signal_11:,,"decompyle3:error:# decompyle3 version 3.9.3 # Python bytecode version base 3.10 (3439) # Decompiled from: Python 3.10.12 (main, Mar 3 2026, 11:56:32) [GCC 11.4.0] # Embedded file name: data/rq3/cpython-3.10/unittest_seeds/raw/cpython_case_test_patma_Test...;pylingual:error:────────────────────────────────────────────────────────────────────────────────────────────────────────────────────────────────────────────────────────────────────── ,ggggggggggg, ,gggg, dP""""""88""""""""""""Y8, d8"" ""8I ,dPYb, Yb, 88 `8b 88 ,dP...",decompyle3:not_run:;pylingual:not_run:
cpython-310,data/rq3/cpython-3.10/unique_bug_pyc/cpython-310-2aae60cef2a2.pyc,no_source,"# decompyle3 version 3.9.3 # Python bytecode version base 3.10 (3439) # Decompiled from: Python 3.10.12 (main, Mar 3 2026, 11:56:32) [GCC 11.4.0] # Embedded file name: data/rpairwise st_gid/unittest_seeds/raw/cpython_case_test__xxsubinte...",crash,signal_11:,,"decompyle3:error:# decompyle3 version 3.9.3 # Python bytecode version base 3.10 (3439) # Decompiled from: Python 3.10.12 (main, Mar 3 2026, 11:56:32) [GCC 11.4.0] # Embedded file name: data/rpairwise st_gid/unittest_seeds/raw/cpython_case_test__xxsubinte...;pylingual:error:────────────────────────────────────────────────────────────────────────────────────────────────────────────────────────────────────────────────────────────────────── ,ggggggggggg, ,gggg, dP""""""88""""""""""""Y8, d8"" ""8I ,dPYb, Yb, 88 `8b 88 ,dP...",decompyle3:not_run:;pylingual:not_run:
cpython-310,data/rq3/cpython-3.10/unique_bug_pyc/cpython-310-2c604c45d5bb.pyc,no_source,"# decompyle3 version 3.9.3 # Python bytecode version base 3.10 (3439) # Decompiled from: Python 3.10.12 (main, Mar 3 2026, 11:56:32) [GCC 11.4.0] # Embedded file name: data/rq3/cpython-3.10/unittest_seeds/raw/cpython_case_test__xxsubinte...",crash,signal_11:,,"decompyle3:error:# decompyle3 version 3.9.3 # Python bytecode version base 3.10 (3439) # Decompiled from: Python 3.10.12 (main, Mar 3 2026, 11:56:32) [GCC 11.4.0] # Embedded file name: data/rq3/cpython-3.10/unittest_seeds/raw/cpython_case_test__xxsubinte...;pylingual:error:────────────────────────────────────────────────────────────────────────────────────────────────────────────────────────────────────────────────────────────────────── ,ggggggggggg, ,gggg, dP""""""88""""""""""""Y8, d8"" ""8I ,dPYb, Yb, 88 `8b 88 ,dP...",decompyle3:not_run:;pylingual:not_run:
cpython-310,data/rq3/cpython-3.10/unique_bug_pyc/cpython-310-2cada3d4af6f.pyc,no_source,"# decompyle3 version 3.9.3 # Python bytecode version base 3.10 (3439) # Decompiled from: Python 3.10.12 (main, Mar 3 2026, 11:56:32) [GCC 11.4.0] # Embedded file name: data/rq3/cpython-3.10/unittest_seeds/raw/cpython_case_test_subclassin...",crash,signal_11:,,"decompyle3:error:# decompyle3 version 3.9.3 # Python bytecode version base 3.10 (3439) # Decompiled from: Python 3.10.12 (main, Mar 3 2026, 11:56:32) [GCC 11.4.0] # Embedded file name: data/rq3/cpython-3.10/unittest_seeds/raw/cpython_case_test_subclassin...;pylingual:error:────────────────────────────────────────────────────────────────────────────────────────────────────────────────────────────────────────────────────────────────────── ,ggggggggggg, ,gggg, dP""""""88""""""""""""Y8, d8"" ""8I ,dPYb, Yb, 88 `8b 88 ,dP...",decompyle3:not_run:;pylingual:not_run:
cpython-310,data/rq3/cpython-3.10/unique_bug_pyc/cpython-310-2d949721c6f1.pyc,no_source,"# decompyle3 version 3.9.3 # Python bytecode version base 3.10 (3439) # Decompiled from: Python 3.10.12 (main, Mar 3 2026, 11:56:32) [GCC 11.4.0] # Embedded file name: data/rq3/cpython-3.10/unittest_seeds/raw/cpython_case_test_marshal_In...",crash,signal_11:,,"decompyle3:error:# decompyle3 version 3.9.3 # Python bytecode version base 3.10 (3439) # Decompiled from: Python 3.10.12 (main, Mar 3 2026, 11:56:32) [GCC 11.4.0] # Embedded file name: data/rq3/cpython-3.10/unittest_seeds/raw/cpython_case_test_marshal_In...;pylingual:error:────────────────────────────────────────────────────────────────────────────────────────────────────────────────────────────────────────────────────────────────────── ,ggggggggggg, ,gggg, dP""""""88""""""""""""Y8, d8"" ""8I ,dPYb, Yb, 88 `8b 88 ,dP...",decompyle3:not_run:;pylingual:not_run:
cpython-310,data/rq3/cpython-3.10/unique_bug_pyc/cpython-310-2ef12fc317db.pyc,no_source,"# decompyle3 version 3.9.3 # Python bytecode version base 3.10 (3439) # Decompiled from: Python 3.10.12 (main, Mar 3 2026, 11:56:32) [GCC 11.4.0] # Embedded file name: data/rq3/cpython-3.10/unittest_seeds/raw/cpython_case_test_traceback_...",crash,signal_11:,,"decompyle3:error:# decompyle3 version 3.9.3 # Python bytecode version base 3.10 (3439) # Decompiled from: Python 3.10.12 (main, Mar 3 2026, 11:56:32) [GCC 11.4.0] # Embedded file name: data/rq3/cpython-3.10/unittest_seeds/raw/cpython_case_test_traceback_...;pylingual:error:────────────────────────────────────────────────────────────────────────────────────────────────────────────────────────────────────────────────────────────────────── ,ggggggggggg, ,gggg, dP""""""88""""""""""""Y8, d8"" ""8I ,dPYb, Yb, 88 `8b 88 ,dP...",decompyle3:not_run:;pylingual:not_run:
cpython-310,data/rq3/cpython-3.10/unique_bug_pyc/cpython-310-3081b5214931.pyc,no_source,"# decompyle3 version 3.9.3 # Python bytecode version base 3.10 (3439) # Decompiled from: Python 3.10.12 (main, Mar 3 2026, 11:56:32) [GCC 11.4.0] # Embedded file name: data/rq3/cpython-3.10/unittest_seeds/raw/cpython_case_test_coroutines...",exit_1,"Traceback (most recent call last): File ""/root/PyBC-Sec/pybcSEC/data/rq4/harness.py"", line 29, in <module> result = target() File ""data/rq3/cpython-3.10/unittest_seeds/raw/cpython_case_test_coroutines_CoroutineTest_test_func_18.py"", line...",,"decompyle3:error:# decompyle3 version 3.9.3 # Python bytecode version base 3.10 (3439) # Decompiled from: Python 3.10.12 (main, Mar 3 2026, 11:56:32) [GCC 11.4.0] # Embedded file name: data/rq3/cpython-3.10/unittest_seeds/raw/cpython_case_test_coroutines...;pylingual:error:────────────────────────────────────────────────────────────────────────────────────────────────────────────────────────────────────────────────────────────────────── ,ggggggggggg, ,gggg, dP""""""88""""""""""""Y8, d8"" ""8I ,dPYb, Yb, 88 `8b 88 ,dP...",decompyle3:not_run:;pylingual:not_run:
cpython-310,data/rq3/cpython-3.10/unique_bug_pyc/cpython-310-31357a7e2c23.pyc,no_source,"# decompyle3 version 3.9.3 # Python bytecode version base 3.10 (3439) # Decompiled from: Python 3.10.12 (main, Mar 3 2026, 11:56:32) [GCC 11.4.0] # Embedded file name: data/rq3/cpython-3.10/unittest_seeds/raw/cpython_case_test_int_litera...",crash,signal_11:,,"decompyle3:error:# decompyle3 version 3.9.3 # Python bytecode version base 3.10 (3439) # Decompiled from: Python 3.10.12 (main, Mar 3 2026, 11:56:32) [GCC 11.4.0] # Embedded file name: data/rq3/cpython-3.10/unittest_seeds/raw/cpython_case_test_int_litera...;pylingual:error:────────────────────────────────────────────────────────────────────────────────────────────────────────────────────────────────────────────────────────────────────── ,ggggggggggg, ,gggg, dP""""""88""""""""""""Y8, d8"" ""8I ,dPYb, Yb, 88 `8b 88 ,dP...",decompyle3:not_run:;pylingual:not_run:
cpython-310,data/rq3/cpython-3.10/unique_bug_pyc/cpython-310-3213c9117688.pyc,no_source,"# decompyle3 version 3.9.3 # Python bytecode version base 3.10 (3439) # Decompiled from: Python 3.10.12 (main, Mar 3 2026, 11:56:32) [GCC 11.4.0] # Embedded file name: data/rq3/cpython-3.10/unittest_seeds/raw/cpython_case_test_dict_DictT...",exit_1,"Traceback (most recent call last): File ""/root/PyBC-Sec/pybcSEC/data/rq4/harness.py"", line 26, in <module> exec(code, namespace, namespace) File ""data/rq3/cpython-3.10/unittest_seeds/raw/cpython_case_test_dict_DictTest_test_reversevalues...",,"decompyle3:error:# decompyle3 version 3.9.3 # Python bytecode version base 3.10 (3439) # Decompiled from: Python 3.10.12 (main, Mar 3 2026, 11:56:32) [GCC 11.4.0] # Embedded file name: data/rq3/cpython-3.10/unittest_seeds/raw/cpython_case_test_dict_DictT...;pylingual:error:────────────────────────────────────────────────────────────────────────────────────────────────────────────────────────────────────────────────────────────────────── ,ggggggggggg, ,gggg, dP""""""88""""""""""""Y8, d8"" ""8I ,dPYb, Yb, 88 `8b 88 ,dP...",decompyle3:not_run:;pylingual:not_run:
cpython-310,data/rq3/cpython-3.10/unique_bug_pyc/cpython-310-330615b3933c.pyc,no_source,"# decompyle3 version 3.9.3 # Python bytecode version base 3.10 (3439) # Decompiled from: Python 3.10.12 (main, Mar 3 2026, 11:56:32) [GCC 11.4.0] # Embedded file name: data/rq3/cpython-3.10/unittest_seeds/raw/cpython_case_test_peepholer_...",crash,"signal_11:Traceback (most recent call last): File ""/root/PyBC-Sec/pybcSEC/data/rq4/harness.py"", line 29, in <module> result = target() File ""data/rq3/cpython-3.10/unittest_seeds/raw/cpython_case_test_peepholer_TestTranforms_test_folding_of_binops_...",,"decompyle3:error:# decompyle3 version 3.9.3 # Python bytecode version base 3.10 (3439) # Decompiled from: Python 3.10.12 (main, Mar 3 2026, 11:56:32) [GCC 11.4.0] # Embedded file name: data/rq3/cpython-3.10/unittest_seeds/raw/cpython_case_test_peepholer_...;pylingual:error:────────────────────────────────────────────────────────────────────────────────────────────────────────────────────────────────────────────────────────────────────── ,ggggggggggg, ,gggg, dP""""""88""""""""""""Y8, d8"" ""8I ,dPYb, Yb, 88 `8b 88 ,dP...",decompyle3:not_run:;pylingual:not_run:
cpython-310,data/rq3/cpython-3.10/unique_bug_pyc/cpython-310-33240e526c1b.pyc,no_source,"# decompyle3 version 3.9.3 # Python bytecode version base 3.10 (3439) # Decompiled from: Python 3.10.12 (main, Mar 3 2026, 11:56:32) [GCC 11.4.0] # Embedded file name: data/rq3/cpython-3.10/unittest_seeds/raw/cpython_case_test_ssl_BasicS...",exit_1,"Traceback (most recent call last): File ""/root/PyBC-Sec/pybcSEC/data/rq4/harness.py"", line 26, in <module> exec(code, namespace, namespace) File ""data/rq3/cpython-3.10/unittest_seeds/raw/cpython_case_test_ssl_BasicSocketTests_test_openss...",,"decompyle3:error:# decompyle3 version 3.9.3 # Python bytecode version base 3.10 (3439) # Decompiled from: Python 3.10.12 (main, Mar 3 2026, 11:56:32) [GCC 11.4.0] # Embedded file name: data/rq3/cpython-3.10/unittest_seeds/raw/cpython_case_test_ssl_BasicS...;pylingual:error:────────────────────────────────────────────────────────────────────────────────────────────────────────────────────────────────────────────────────────────────────── ,ggggggggggg, ,gggg, dP""""""88""""""""""""Y8, d8"" ""8I ,dPYb, Yb, 88 `8b 88 ,dP...",decompyle3:not_run:;pylingual:not_run:
cpython-310,data/rq3/cpython-3.10/unique_bug_pyc/cpython-310-38b702da3d0c.pyc,no_source,"# decompyle3 version 3.9.3 # Python bytecode version base 3.10 (3439) # Decompiled from: Python 3.10.12 (main, Mar 3 2026, 11:56:32) [GCC 11.4.0] # Embedded file name: data/rq3/cpython-3.10/unittest_seeds/raw/cpython_case_test_time_TestP...",crash,signal_11:,,"decompyle3:error:# decompyle3 version 3.9.3 # Python bytecode version base 3.10 (3439) # Decompiled from: Python 3.10.12 (main, Mar 3 2026, 11:56:32) [GCC 11.4.0] # Embedded file name: data/rq3/cpython-3.10/unittest_seeds/raw/cpython_case_test_time_TestP...;pylingual:error:────────────────────────────────────────────────────────────────────────────────────────────────────────────────────────────────────────────────────────────────────── ,ggggggggggg, ,gggg, dP""""""88""""""""""""Y8, d8"" ""8I ,dPYb, Yb, 88 `8b 88 ,dP...",decompyle3:not_run:;pylingual:not_run:
cpython-310,data/rq3/cpython-3.10/unique_bug_pyc/cpython-310-3abd3305d713.pyc,no_source,"# decompyle3 version 3.9.3 # Python bytecode version base 3.10 (3439) # Decompiled from: Python 3.10.12 (main, Mar 3 2026, 11:56:32) [GCC 11.4.0] # Embedded file name: data/rq3/cpython-3.10/unittest_seeds/raw/cpython_case_test_descr_Clas...",exit_1,"Traceback (most recent call last): File ""/root/PyBC-Sec/pybcSEC/data/rq4/harness.py"", line 29, in <module> result = target() File ""data/rq3/cpython-3.10/unittest_seeds/raw/cpython_case_test_descr_ClassPropertiesAndMethods_test_imul_bug.p...",,"decompyle3:error:# decompyle3 version 3.9.3 # Python bytecode version base 3.10 (3439) # Decompiled from: Python 3.10.12 (main, Mar 3 2026, 11:56:32) [GCC 11.4.0] # Embedded file name: data/rq3/cpython-3.10/unittest_seeds/raw/cpython_case_test_descr_Clas...;pylingual:error:────────────────────────────────────────────────────────────────────────────────────────────────────────────────────────────────────────────────────────────────────── ,ggggggggggg, ,gggg, dP""""""88""""""""""""Y8, d8"" ""8I ,dPYb, Yb, 88 `8b 88 ,dP...",decompyle3:not_run:;pylingual:not_run:
cpython-310,data/rq3/cpython-3.10/unique_bug_pyc/cpython-310-3b38fa0fe001.pyc,no_source,"# decompyle3 version 3.9.3 # Python bytecode version base 3.10 (3439) # Decompiled from: Python 3.10.12 (main, Mar 3 2026, 11:56:32) [GCC 11.4.0] # Embedded file name: data/rq3/cpython-3.10/unittest_seeds/raw/cpython_case_test_dictviews_...",crash,signal_11:,,"decompyle3:error:# decompyle3 version 3.9.3 # Python bytecode version base 3.10 (3439) # Decompiled from: Python 3.10.12 (main, Mar 3 2026, 11:56:32) [GCC 11.4.0] # Embedded file name: data/rq3/cpython-3.10/unittest_seeds/raw/cpython_case_test_dictviews_...;pylingual:error:────────────────────────────────────────────────────────────────────────────────────────────────────────────────────────────────────────────────────────────────────── ,ggggggggggg, ,gggg, dP""""""88""""""""""""Y8, d8"" ""8I ,dPYb, Yb, 88 `8b 88 ,dP...",decompyle3:not_run:;pylingual:not_run:
cpython-310,data/rq3/cpython-3.10/unique_bug_pyc/cpython-310-3e38a1438d9e.pyc,no_source,"# decompyle3 version 3.9.3 # Python bytecode version base 3.10 (3439) # Decompiled from: Python 3.10.12 (main, Mar 3 2026, 11:56:32) [GCC 11.4.0] # Embedded file name: data/rq3/cpython-3.10/unittest_seeds/raw/cpython_case_test_io_Buffere...",crash,signal_11:,,"decompyle3:error:# decompyle3 version 3.9.3 # Python bytecode version base 3.10 (3439) # Decompiled from: Python 3.10.12 (main, Mar 3 2026, 11:56:32) [GCC 11.4.0] # Embedded file name: data/rq3/cpython-3.10/unittest_seeds/raw/cpython_case_test_io_Buffere...;pylingual:error:────────────────────────────────────────────────────────────────────────────────────────────────────────────────────────────────────────────────────────────────────── ,ggggggggggg, ,gggg, dP""""""88""""""""""""Y8, d8"" ""8I ,dPYb, Yb, 88 `8b 88 ,dP...",decompyle3:not_run:;pylingual:not_run:
cpython-310,data/rq3/cpython-3.10/unique_bug_pyc/cpython-310-4049a6b9d887.pyc,no_source,"# decompyle3 version 3.9.3 # Python bytecode version base 3.10 (3439) # Decompiled from: Python 3.10.12 (main, Mar 3 2026, 11:56:32) [GCC 11.4.0] # Embedded file name: data/rq3/cpython-3.10/unittest_seeds/raw/cpython_case_test_mailbox_Te...",crash,signal_11:,,"decompyle3:error:# decompyle3 version 3.9.3 # Python bytecode version base 3.10 (3439) # Decompiled from: Python 3.10.12 (main, Mar 3 2026, 11:56:32) [GCC 11.4.0] # Embedded file name: data/rq3/cpython-3.10/unittest_seeds/raw/cpython_case_test_mailbox_Te...;pylingual:error:────────────────────────────────────────────────────────────────────────────────────────────────────────────────────────────────────────────────────────────────────── ,ggggggggggg, ,gggg, dP""""""88""""""""""""Y8, d8"" ""8I ,dPYb, Yb, 88 `8b 88 ,dP...",decompyle3:not_run:;pylingual:not_run:
cpython-310,data/rq3/cpython-3.10/unique_bug_pyc/cpython-310-4087c64bf825.pyc,no_source,"# decompyle3 version 3.9.3 # Python bytecode version base 3.10 (3439) # Decompiled from: Python 3.10.12 (main, Mar 3 2026, 11:56:32) [GCC 11.4.0] # Embedded file name: data/rq3/cpython-3.10/unittest_seeds/raw/cpython_case_test_sys_SysMod...",exit_1,"Traceback (most recent call last): File ""/root/PyBC-Sec/pybcSEC/data/rq4/harness.py"", line 29, in <module> result = target() File ""data/rq3/cpython-3.10/unittest_seeds/raw/cpython_case_test_sys_SysModuleTest_test_current_exceptions.py"", ...",,"decompyle3:error:# decompyle3 version 3.9.3 # Python bytecode version base 3.10 (3439) # Decompiled from: Python 3.10.12 (main, Mar 3 2026, 11:56:32) [GCC 11.4.0] # Embedded file name: data/rq3/cpython-3.10/unittest_seeds/raw/cpython_case_test_sys_SysMod...;pylingual:error:────────────────────────────────────────────────────────────────────────────────────────────────────────────────────────────────────────────────────────────────────── ,ggggggggggg, ,gggg, dP""""""88""""""""""""Y8, d8"" ""8I ,dPYb, Yb, 88 `8b 88 ,dP...",decompyle3:not_run:;pylingual:not_run:
cpython-310,data/rq3/cpython-3.10/unique_bug_pyc/cpython-310-41fe5579485f.pyc,no_source,"# decompyle3 version 3.9.3 # Python bytecode version base 3.10 (3439) # Decompiled from: Python 3.10.12 (main, Mar 3 2026, 11:56:32) [GCC 11.4.0] # Embedded file name: data/rq3/cpython-3.10/unittest_seeds/raw/cpython_case_test_copy_TestC...",crash,signal_11:,,"decompyle3:error:# decompyle3 version 3.9.3 # Python bytecode version base 3.10 (3439) # Decompiled from: Python 3.10.12 (main, Mar 3 2026, 11:56:32) [GCC 11.4.0] # Embedded file name: data/rq3/cpython-3.10/unittest_seeds/raw/cpython_case_test_copy_TestC...;pylingual:error:────────────────────────────────────────────────────────────────────────────────────────────────────────────────────────────────────────────────────────────────────── ,ggggggggggg, ,gggg, dP""""""88""""""""""""Y8, d8"" ""8I ,dPYb, Yb, 88 `8b 88 ,dP...",decompyle3:not_run:;pylingual:not_run:
cpython-310,data/rq3/cpython-3.10/unique_bug_pyc/cpython-310-43dd4dca536c.pyc,no_source,"# decompyle3 version 3.9.3 # Python bytecode version base 3.10 (3439) # Decompiled from: Python 3.10.12 (main, Mar 3 2026, 11:56:32) [GCC 11.4.0] # Embedded file name: data/rq3/cpython-3.10/unittest_seeds/raw/cpython_case_test_fnmatch_Fn...",crash,signal_11:,,"decompyle3:error:# decompyle3 version 3.9.3 # Python bytecode version base 3.10 (3439) # Decompiled from: Python 3.10.12 (main, Mar 3 2026, 11:56:32) [GCC 11.4.0] # Embedded file name: data/rq3/cpython-3.10/unittest_seeds/raw/cpython_case_test_fnmatch_Fn...;pylingual:error:────────────────────────────────────────────────────────────────────────────────────────────────────────────────────────────────────────────────────────────────────── ,ggggggggggg, ,gggg, dP""""""88""""""""""""Y8, d8"" ""8I ,dPYb, Yb, 88 `8b 88 ,dP...",decompyle3:not_run:;pylingual:not_run:
cpython-310,data/rq3/cpython-3.10/unique_bug_pyc/cpython-310-43f52a9cb69f.pyc,no_source,"# decompyle3 version 3.9.3 # Python bytecode version base 3.10 (3439) # Decompiled from: Python 3.10.12 (main, Mar 3 2026, 11:56:32) [GCC 11.4.0] # Embedded file name: data/rq3/cpython-3.10/unittest_seeds/raw/cpython_case_test_yield_from...",crash,signal_11:,,"decompyle3:error:# decompyle3 version 3.9.3 # Python bytecode version base 3.10 (3439) # Decompiled from: Python 3.10.12 (main, Mar 3 2026, 11:56:32) [GCC 11.4.0] # Embedded file name: data/rq3/cpython-3.10/unittest_seeds/raw/cpython_case_test_yield_from...;pylingual:error:────────────────────────────────────────────────────────────────────────────────────────────────────────────────────────────────────────────────────────────────────── ,ggggggggggg, ,gggg, dP""""""88""""""""""""Y8, d8"" ""8I ,dPYb, Yb, 88 `8b 88 ,dP...",decompyle3:not_run:;pylingual:not_run:
cpython-310,data/rq3/cpython-3.10/unique_bug_pyc/cpython-310-47b91700571e.pyc,no_source,"# decompyle3 version 3.9.3 # Python bytecode version base 3.10 (3439) # Decompiled from: Python 3.10.12 (main, Mar 3 2026, 11:56:32) [GCC 11.4.0] # Embedded file name: data/rq3/cpython-3.10/unittest_seeds/raw/cpython_case_test_future_Fut...",exit_1,"XXX lineno: -1, opcode: 201 Traceback (most recent call last): File ""/root/PyBC-Sec/pybcSEC/data/rq4/harness.py"", line 26, in <module> exec(code, namespace, namespace) File ""data/rq3/cpython-3.10/unittest_seeds/raw/cpython_case_test_futu...",,"decompyle3:error:# decompyle3 version 3.9.3 # Python bytecode version base 3.10 (3439) # Decompiled from: Python 3.10.12 (main, Mar 3 2026, 11:56:32) [GCC 11.4.0] # Embedded file name: data/rq3/cpython-3.10/unittest_seeds/raw/cpython_case_test_future_Fut...;pylingual:error:────────────────────────────────────────────────────────────────────────────────────────────────────────────────────────────────────────────────────────────────────── ,ggggggggggg, ,gggg, dP""""""88""""""""""""Y8, d8"" ""8I ,dPYb, Yb, 88 `8b 88 ,dP...",decompyle3:not_run:;pylingual:not_run:
cpython-310,data/rq3/cpython-3.10/unique_bug_pyc/cpython-310-49b447d47acd.pyc,no_source,"# decompyle3 version 3.9.3 # Python bytecode version base 3.10 (3439) # Decompiled from: Python 3.10.12 (main, Mar 3 2026, 11:56:32) [GCC 11.4.0] # Embedded file name: data/rq3/cpython-3.10/unittest_seeds/raw/cpython_case_test_ipaddress_...",crash,signal_11:,,"decompyle3:error:# decompyle3 version 3.9.3 # Python bytecode version base 3.10 (3439) # Decompiled from: Python 3.10.12 (main, Mar 3 2026, 11:56:32) [GCC 11.4.0] # Embedded file name: data/rq3/cpython-3.10/unittest_seeds/raw/cpython_case_test_ipaddress_...;pylingual:error:────────────────────────────────────────────────────────────────────────────────────────────────────────────────────────────────────────────────────────────────────── ,ggggggggggg, ,gggg, dP""""""88""""""""""""Y8, d8"" ""8I ,dPYb, Yb, 88 `8b 88 ,dP...",decompyle3:not_run:;pylingual:not_run:
cpython-310,data/rq3/cpython-3.10/unique_bug_pyc/cpython-310-4c5f3adafaa8.pyc,no_source,"# decompyle3 version 3.9.3 # Python bytecode version base 3.10 (3439) # Decompiled from: Python 3.10.12 (main, Mar 3 2026, 11:56:32) [GCC 11.4.0] # Embedded file name: data/rq3/cpython-3.10/unittest_seeds/raw/cpython_case_test_typing_For...",crash,signal_11:,,"decompyle3:error:# decompyle3 version 3.9.3 # Python bytecode version base 3.10 (3439) # Decompiled from: Python 3.10.12 (main, Mar 3 2026, 11:56:32) [GCC 11.4.0] # Embedded file name: data/rq3/cpython-3.10/unittest_seeds/raw/cpython_case_test_typing_For...;pylingual:error:────────────────────────────────────────────────────────────────────────────────────────────────────────────────────────────────────────────────────────────────────── ,ggggggggggg, ,gggg, dP""""""88""""""""""""Y8, d8"" ""8I ,dPYb, Yb, 88 `8b 88 ,dP...",decompyle3:not_run:;pylingual:not_run:
cpython-310,data/rq3/cpython-3.10/unique_bug_pyc/cpython-310-506aed50f6e6.pyc,no_source,"# decompyle3 version 3.9.3 # Python bytecode version base 3.10 (3439) # Decompiled from: Python 3.10.12 (main, Mar 3 2026, 11:56:32) [GCC 11.4.0] # Embedded file name: data/rq3/cpython-3.10/unittest_seeds/raw/cpython_case_test_compile_Te...",exit_1,"Traceback (most recent call last): File ""/root/PyBC-Sec/pybcSEC/data/rq4/harness.py"", line 26, in <module> exec(code, namespace, namespace) File ""data/rq3/cpython-3.10/unittest_seeds/raw/cpython_case_test_compile_TestSpecifics_test_lambd...",,"decompyle3:error:# decompyle3 version 3.9.3 # Python bytecode version base 3.10 (3439) # Decompiled from: Python 3.10.12 (main, Mar 3 2026, 11:56:32) [GCC 11.4.0] # Embedded file name: data/rq3/cpython-3.10/unittest_seeds/raw/cpython_case_test_compile_Te...;pylingual:error:────────────────────────────────────────────────────────────────────────────────────────────────────────────────────────────────────────────────────────────────────── ,ggggggggggg, ,gggg, dP""""""88""""""""""""Y8, d8"" ""8I ,dPYb, Yb, 88 `8b 88 ,dP...",decompyle3:not_run:;pylingual:not_run:
cpython-310,data/rq3/cpython-3.10/unique_bug_pyc/cpython-310-568e1f5f77e9.pyc,no_source,"# decompyle3 version 3.9.3 # Python bytecode version base 3.10 (3439) # Decompiled from: Python 3.10.12 (main, Mar 3 2026, 11:56:32) [GCC 11.4.0] # Embedded file name: data/rq3/cpython-3.10/unittest_seeds/raw/cpython_case_test_patma_Test...",crash,signal_11:,,"decompyle3:error:# decompyle3 version 3.9.3 # Python bytecode version base 3.10 (3439) # Decompiled from: Python 3.10.12 (main, Mar 3 2026, 11:56:32) [GCC 11.4.0] # Embedded file name: data/rq3/cpython-3.10/unittest_seeds/raw/cpython_case_test_patma_Test...;pylingual:error:────────────────────────────────────────────────────────────────────────────────────────────────────────────────────────────────────────────────────────────────────── ,ggggggggggg, ,gggg, dP""""""88""""""""""""Y8, d8"" ""8I ,dPYb, Yb, 88 `8b 88 ,dP...",decompyle3:not_run:;pylingual:not_run:
cpython-310,data/rq3/cpython-3.10/unique_bug_pyc/cpython-310-58999579f5d2.pyc,no_source,"# decompyle3 version 3.9.3 # Python bytecode version base 3.10 (3439) # Decompiled from: Python 3.10.12 (main, Mar 3 2026, 11:56:32) [GCC 11.4.0] # Embedded file name: ,X devq3/cpython-3.10/unittest_seeds/raw/cpython_case_test_os_Win32Ki...",crash,signal_11:,,"decompyle3:error:# decompyle3 version 3.9.3 # Python bytecode version base 3.10 (3439) # Decompiled from: Python 3.10.12 (main, Mar 3 2026, 11:56:32) [GCC 11.4.0] # Embedded file name: ,X devq3/cpython-3.10/unittest_seeds/raw/cpython_case_test_os_Win32Ki...;pylingual:error:────────────────────────────────────────────────────────────────────────────────────────────────────────────────────────────────────────────────────────────────────── ,ggggggggggg, ,gggg, dP""""""88""""""""""""Y8, d8"" ""8I ,dPYb, Yb, 88 `8b 88 ,dP...",decompyle3:not_run:;pylingual:not_run:
cpython-310,data/rq3/cpython-3.10/unique_bug_pyc/cpython-310-5c8dd81e480e.pyc,no_source,"# decompyle3 version 3.9.3 # Python bytecode version base 3.10 (3439) # Decompiled from: Python 3.10.12 (main, Mar 3 2026, 11:56:32) [GCC 11.4.0] # Embedded file name: data/rq3/cpython-3.10/unittest_seeds/raw/cpython_case_test_faulthandl...",crash,signal_11:,,"decompyle3:error:# decompyle3 version 3.9.3 # Python bytecode version base 3.10 (3439) # Decompiled from: Python 3.10.12 (main, Mar 3 2026, 11:56:32) [GCC 11.4.0] # Embedded file name: data/rq3/cpython-3.10/unittest_seeds/raw/cpython_case_test_faulthandl...;pylingual:error:────────────────────────────────────────────────────────────────────────────────────────────────────────────────────────────────────────────────────────────────────── ,ggggggggggg, ,gggg, dP""""""88""""""""""""Y8, d8"" ""8I ,dPYb, Yb, 88 `8b 88 ,dP...",decompyle3:not_run:;pylingual:not_run:
cpython-310,data/rq3/cpython-3.10/unique_bug_pyc/cpython-310-5d55816ed624.pyc,no_source,"# decompyle3 version 3.9.3 # Python bytecode version base 3.10 (3439) # Decompiled from: Python 3.10.12 (main, Mar 3 2026, 11:56:32) [GCC 11.4.0] # Embedded file name: data/rq3/cpython-3.10/unittest_seeds/raw/cpython_case_test_enum_TestE...",crash,signal_11:,,"decompyle3:error:# decompyle3 version 3.9.3 # Python bytecode version base 3.10 (3439) # Decompiled from: Python 3.10.12 (main, Mar 3 2026, 11:56:32) [GCC 11.4.0] # Embedded file name: data/rq3/cpython-3.10/unittest_seeds/raw/cpython_case_test_enum_TestE...;pylingual:error:────────────────────────────────────────────────────────────────────────────────────────────────────────────────────────────────────────────────────────────────────── ,ggggggggggg, ,gggg, dP""""""88""""""""""""Y8, d8"" ""8I ,dPYb, Yb, 88 `8b 88 ,dP...",decompyle3:not_run:;pylingual:not_run:
cpython-310,data/rq3/cpython-3.10/unique_bug_pyc/cpython-310-5dff98827dfd.pyc,no_source,"# decompyle3 version 3.9.3 # Python bytecode version base 3.10 (3439) # Decompiled from: Python 3.10.12 (main, Mar 3 2026, 11:56:32) [GCC 11.4.0] # Embedded file name: data/rq3/cpython-3.10/unittest_seeds/raw/cpython_case_test_os_Win32Nt...",crash,signal_11:,,"decompyle3:error:# decompyle3 version 3.9.3 # Python bytecode version base 3.10 (3439) # Decompiled from: Python 3.10.12 (main, Mar 3 2026, 11:56:32) [GCC 11.4.0] # Embedded file name: data/rq3/cpython-3.10/unittest_seeds/raw/cpython_case_test_os_Win32Nt...;pylingual:error:────────────────────────────────────────────────────────────────────────────────────────────────────────────────────────────────────────────────────────────────────── ,ggggggggggg, ,gggg, dP""""""88""""""""""""Y8, d8"" ""8I ,dPYb, Yb, 88 `8b 88 ,dP...",decompyle3:not_run:;pylingual:not_run:
cpython-310,data/rq3/cpython-3.10/unique_bug_pyc/cpython-310-5f84dccb33a7.pyc,no_source,"# decompyle3 version 3.9.3 # Python bytecode version base 3.10 (3439) # Decompiled from: Python 3.10.12 (main, Mar 3 2026, 11:56:32) [GCC 11.4.0] # Embedded file name: data/rq3/cpython-3.10/unittest_seeds/raw/cpython_case_test_named_expr...",crash,signal_11:,,"decompyle3:error:# decompyle3 version 3.9.3 # Python bytecode version base 3.10 (3439) # Decompiled from: Python 3.10.12 (main, Mar 3 2026, 11:56:32) [GCC 11.4.0] # Embedded file name: data/rq3/cpython-3.10/unittest_seeds/raw/cpython_case_test_named_expr...;pylingual:error:────────────────────────────────────────────────────────────────────────────────────────────────────────────────────────────────────────────────────────────────────── ,ggggggggggg, ,gggg, dP""""""88""""""""""""Y8, d8"" ""8I ,dPYb, Yb, 88 `8b 88 ,dP...",decompyle3:not_run:;pylingual:not_run:
cpython-310,data/rq3/cpython-3.10/unique_bug_pyc/cpython-310-6381fd66a790.pyc,no_source,"# decompyle3 version 3.9.3 # Python bytecode version base 3.10 (3439) # Decompiled from: Python 3.10.12 (main, Mar 3 2026, 11:56:32) [GCC 11.4.0] # Embedded file name: data/rq3/cpython-3.10/unittest_seeds/raw/cpython_case_test_fstring_Te...",crash,signal_11:,,"decompyle3:error:# decompyle3 version 3.9.3 # Python bytecode version base 3.10 (3439) # Decompiled from: Python 3.10.12 (main, Mar 3 2026, 11:56:32) [GCC 11.4.0] # Embedded file name: data/rq3/cpython-3.10/unittest_seeds/raw/cpython_case_test_fstring_Te...;pylingual:error:────────────────────────────────────────────────────────────────────────────────────────────────────────────────────────────────────────────────────────────────────── ,ggggggggggg, ,gggg, dP""""""88""""""""""""Y8, d8"" ""8I ,dPYb, Yb, 88 `8b 88 ,dP...",decompyle3:not_run:;pylingual:not_run:
cpython-310,data/rq3/cpython-3.10/unique_bug_pyc/cpython-310-65d4b833f586.pyc,no_source,"# decompyle3 version 3.9.3 # Python bytecode version base 3.10 (3439) # Decompiled from: Python 3.10.12 (main, Mar 3 2026, 11:56:32) [GCC 11.4.0] # Embedded file name: data/rq3/cpython-3.10/unittest_seeds/raw/cpython_case_test_named_expr...",crash,signal_11:,,"decompyle3:error:# decompyle3 version 3.9.3 # Python bytecode version base 3.10 (3439) # Decompiled from: Python 3.10.12 (main, Mar 3 2026, 11:56:32) [GCC 11.4.0] # Embedded file name: data/rq3/cpython-3.10/unittest_seeds/raw/cpython_case_test_named_expr...;pylingual:error:────────────────────────────────────────────────────────────────────────────────────────────────────────────────────────────────────────────────────────────────────── ,ggggggggggg, ,gggg, dP""""""88""""""""""""Y8, d8"" ""8I ,dPYb, Yb, 88 `8b 88 ,dP...",decompyle3:not_run:;pylingual:not_run:
cpython-310,data/rq3/cpython-3.10/unique_bug_pyc/cpython-310-680d864ff083.pyc,no_source,"# decompyle3 version 3.9.3 # Python bytecode version base 3.10 (3439) # Decompiled from: Python 3.10.12 (main, Mar 3 2026, 11:56:32) [GCC 11.4.0] # Embedded file name: data/rq3/cpython-3.10/unittest_seeds/raw/cpython_case_test_tokenize_T...",crash,signal_11:,,"decompyle3:error:# decompyle3 version 3.9.3 # Python bytecode version base 3.10 (3439) # Decompiled from: Python 3.10.12 (main, Mar 3 2026, 11:56:32) [GCC 11.4.0] # Embedded file name: data/rq3/cpython-3.10/unittest_seeds/raw/cpython_case_test_tokenize_T...;pylingual:error:────────────────────────────────────────────────────────────────────────────────────────────────────────────────────────────────────────────────────────────────────── ,ggggggggggg, ,gggg, dP""""""88""""""""""""Y8, d8"" ""8I ,dPYb, Yb, 88 `8b 88 ,dP...",decompyle3:not_run:;pylingual:not_run:
cpython-310,data/rq3/cpython-3.10/unique_bug_pyc/cpython-310-686faa2200fc.pyc,no_source,/root/PyBC-Sec/pybcSEC/data/rq2/envs/cpython-310/lib/python3.10/site-packages/click/core.py:1262: UserWarning: The parameter --version is used more than once. Remove its duplicate as parameters should be unique. parser = self.make_parser...,crash,signal_11:,,"decompyle3:exit_2:/root/PyBC-Sec/pybcSEC/data/rq2/envs/cpython-310/lib/python3.10/site-packages/click/core.py:1262: UserWarning: The parameter --version is used more than once. Remove its duplicate as parameters should be unique. parser = self.make_parser...;pylingual:error:────────────────────────────────────────────────────────────────────────────────────────────────────────────────────────────────────────────────────────────────────── ,ggggggggggg, ,gggg, dP""""""88""""""""""""Y8, d8"" ""8I ,dPYb, Yb, 88 `8b 88 ,dP...",decompyle3:not_run:;pylingual:not_run:
cpython-310,data/rq3/cpython-3.10/unique_bug_pyc/cpython-310-6a7fd14d880e.pyc,no_source,"# decompyle3 version 3.9.3 # Python bytecode version base 3.10 (3439) # Decompiled from: Python 3.10.12 (main, Mar 3 2026, 11:56:32) [GCC 11.4.0] # Embedded file name: data/rq3/cpython-3.10/unittest_seeds/raw/cpython_case_test_coroutines...",crash,"signal_6:Traceback (most recent call last): File ""/root/PyBC-Sec/pybcSEC/data/rq4/harness.py"", line 29, in <module> result = target() File ""data/rq3/cpython-3.10/unittest_seeds/raw/cpython_case_test_coroutines_CoroutineTest_test_func_18.py"", line...",,"decompyle3:error:# decompyle3 version 3.9.3 # Python bytecode version base 3.10 (3439) # Decompiled from: Python 3.10.12 (main, Mar 3 2026, 11:56:32) [GCC 11.4.0] # Embedded file name: data/rq3/cpython-3.10/unittest_seeds/raw/cpython_case_test_coroutines...;pylingual:error:────────────────────────────────────────────────────────────────────────────────────────────────────────────────────────────────────────────────────────────────────── ,ggggggggggg, ,gggg, dP""""""88""""""""""""Y8, d8"" ""8I ,dPYb, Yb, 88 `8b 88 ,dP...",decompyle3:not_run:;pylingual:not_run:
cpython-310,data/rq3/cpython-3.10/unique_bug_pyc/cpython-310-6be792256da7.pyc,no_source,"# decompyle3 version 3.9.3 # Python bytecode version base 3.10 (3439) # Decompiled from: Python 3.10.12 (main, Mar 3 2026, 11:56:32) [GCC 11.4.0] # Embedded file name: data/rq3/cpython-3.10/unittest_seeds/raw/cpython_case_test_xxlimited_...",exit_1,"Traceback (most recent call last): File ""/root/PyBC-Sec/pybcSEC/data/rq4/harness.py"", line 26, in <module> exec(code, namespace, namespace) File ""data/rq3/cpython-3.10/unittest_seeds/raw/cpython_case_test_xxlimited_TestXXLimited35_test_r...",,"decompyle3:error:# decompyle3 version 3.9.3 # Python bytecode version base 3.10 (3439) # Decompiled from: Python 3.10.12 (main, Mar 3 2026, 11:56:32) [GCC 11.4.0] # Embedded file name: data/rq3/cpython-3.10/unittest_seeds/raw/cpython_case_test_xxlimited_...;pylingual:error:────────────────────────────────────────────────────────────────────────────────────────────────────────────────────────────────────────────────────────────────────── ,ggggggggggg, ,gggg, dP""""""88""""""""""""Y8, d8"" ""8I ,dPYb, Yb, 88 `8b 88 ,dP...",decompyle3:not_run:;pylingual:not_run:
cpython-310,data/rq3/cpython-3.10/unique_bug_pyc/cpython-310-6cdd9c217f1b.pyc,no_source,"# decompyle3 version 3.9.3 # Python bytecode version base 3.10 (3439) # Decompiled from: Python 3.10.12 (main, Mar 3 2026, 11:56:32) [GCC 11.4.0] # Embedded file name: data/rq3/cpython-3.10/unittest_seeds/raw/cpython_case_test_set_TestMe...",crash,signal_11:,,"decompyle3:error:# decompyle3 version 3.9.3 # Python bytecode version base 3.10 (3439) # Decompiled from: Python 3.10.12 (main, Mar 3 2026, 11:56:32) [GCC 11.4.0] # Embedded file name: data/rq3/cpython-3.10/unittest_seeds/raw/cpython_case_test_set_TestMe...;pylingual:error:────────────────────────────────────────────────────────────────────────────────────────────────────────────────────────────────────────────────────────────────────── ,ggggggggggg, ,gggg, dP""""""88""""""""""""Y8, d8"" ""8I ,dPYb, Yb, 88 `8b 88 ,dP...",decompyle3:not_run:;pylingual:not_run:
cpython-310,data/rq3/cpython-3.10/unique_bug_pyc/cpython-310-6d41228373dc.pyc,no_source,"# decompyle3 version 3.9.3 # Python bytecode version base 3.10 (3439) # Decompiled from: Python 3.10.12 (main, Mar 3 2026, 11:56:32) [GCC 11.4.0] # Embedded file name: data/rq3/cpython-3.10/unittest_seeds/raw/cpython_case_test_types_Type...",crash,signal_11:,,"decompyle3:error:# decompyle3 version 3.9.3 # Python bytecode version base 3.10 (3439) # Decompiled from: Python 3.10.12 (main, Mar 3 2026, 11:56:32) [GCC 11.4.0] # Embedded file name: data/rq3/cpython-3.10/unittest_seeds/raw/cpython_case_test_types_Type...;pylingual:error:────────────────────────────────────────────────────────────────────────────────────────────────────────────────────────────────────────────────────────────────────── ,ggggggggggg, ,gggg, dP""""""88""""""""""""Y8, d8"" ""8I ,dPYb, Yb, 88 `8b 88 ,dP...",decompyle3:not_run:;pylingual:not_run:
cpython-310,data/rq3/cpython-3.10/unique_bug_pyc/cpython-310-7009d80d6209.pyc,no_source,"# decompyle3 version 3.9.3 # Python bytecode version base 3.10 (3439) # Decompiled from: Python 3.10.12 (main, Mar 3 2026, 11:56:32) [GCC 11.4.0] # Embedded file name: data/rq3/cpython-3.10/unittest_seeds/raw/cpython_case_test_linecache_...",crash,signal_11:,,"decompyle3:error:# decompyle3 version 3.9.3 # Python bytecode version base 3.10 (3439) # Decompiled from: Python 3.10.12 (main, Mar 3 2026, 11:56:32) [GCC 11.4.0] # Embedded file name: data/rq3/cpython-3.10/unittest_seeds/raw/cpython_case_test_linecache_...;pylingual:error:────────────────────────────────────────────────────────────────────────────────────────────────────────────────────────────────────────────────────────────────────── ,ggggggggggg, ,gggg, dP""""""88""""""""""""Y8, d8"" ""8I ,dPYb, Yb, 88 `8b 88 ,dP...",decompyle3:not_run:;pylingual:not_run:
cpython-310,data/rq3/cpython-3.10/unique_bug_pyc/cpython-310-76cf17555470.pyc,no_source,"# decompyle3 version 3.9.3 # Python bytecode version base 3.10 (3439) # Decompiled from: Python 3.10.12 (main, Mar 3 2026, 11:56:32) [GCC 11.4.0] # Embedded file name: data/rq3/cpython-3.10/unittest_seeds/raw/cpython_case_test_xml_etree_...",crash,signal_11:,,"decompyle3:error:# decompyle3 version 3.9.3 # Python bytecode version base 3.10 (3439) # Decompiled from: Python 3.10.12 (main, Mar 3 2026, 11:56:32) [GCC 11.4.0] # Embedded file name: data/rq3/cpython-3.10/unittest_seeds/raw/cpython_case_test_xml_etree_...;pylingual:error:────────────────────────────────────────────────────────────────────────────────────────────────────────────────────────────────────────────────────────────────────── ,ggggggggggg, ,gggg, dP""""""88""""""""""""Y8, d8"" ""8I ,dPYb, Yb, 88 `8b 88 ,dP...",decompyle3:not_run:;pylingual:not_run:
cpython-310,data/rq3/cpython-3.10/unique_bug_pyc/cpython-310-779c73b13507.pyc,no_source,"# decompyle3 version 3.9.3 # Python bytecode version base 3.10 (3439) # Decompiled from: Python 3.10.12 (main, Mar 3 2026, 11:56:32) [GCC 11.4.0] # Embedded file name: data/rq3/cpython-3.10/unittest_seeds/raw/cpython_case_test_operator_O...",crash,signal_11:,,"decompyle3:error:# decompyle3 version 3.9.3 # Python bytecode version base 3.10 (3439) # Decompiled from: Python 3.10.12 (main, Mar 3 2026, 11:56:32) [GCC 11.4.0] # Embedded file name: data/rq3/cpython-3.10/unittest_seeds/raw/cpython_case_test_operator_O...;pylingual:error:────────────────────────────────────────────────────────────────────────────────────────────────────────────────────────────────────────────────────────────────────── ,ggggggggggg, ,gggg, dP""""""88""""""""""""Y8, d8"" ""8I ,dPYb, Yb, 88 `8b 88 ,dP...",decompyle3:not_run:;pylingual:not_run:
cpython-310,data/rq3/cpython-3.10/unique_bug_pyc/cpython-310-77c5cfd67f58.pyc,no_source,"# decompyle3 version 3.9.3 # Python bytecode version base 3.10 (3439) # Decompiled from: Python 3.10.12 (main, Mar 3 2026, 11:56:32) [GCC 11.4.0] # Embedded file name: data/rq3/cpython-3.10/unittest_seeds/raw/cpython_case_test_typing_For...",crash,signal_11:,,"decompyle3:error:# decompyle3 version 3.9.3 # Python bytecode version base 3.10 (3439) # Decompiled from: Python 3.10.12 (main, Mar 3 2026, 11:56:32) [GCC 11.4.0] # Embedded file name: data/rq3/cpython-3.10/unittest_seeds/raw/cpython_case_test_typing_For...;pylingual:error:────────────────────────────────────────────────────────────────────────────────────────────────────────────────────────────────────────────────────────────────────── ,ggggggggggg, ,gggg, dP""""""88""""""""""""Y8, d8"" ""8I ,dPYb, Yb, 88 `8b 88 ,dP...",decompyle3:not_run:;pylingual:not_run:
cpython-310,data/rq3/cpython-3.10/unique_bug_pyc/cpython-310-788276e8dd39.pyc,no_source,"# decompyle3 version 3.9.3 # Python bytecode version base 3.10 (3439) # Decompiled from: Python 3.10.12 (main, Mar 3 2026, 11:56:32) [GCC 11.4.0] # Embedded file name: data/rq3/cpython-3.10/unittest_seeds/raw/cpython_case_test_set_TestOn...",crash,signal_11:,,"decompyle3:error:# decompyle3 version 3.9.3 # Python bytecode version base 3.10 (3439) # Decompiled from: Python 3.10.12 (main, Mar 3 2026, 11:56:32) [GCC 11.4.0] # Embedded file name: data/rq3/cpython-3.10/unittest_seeds/raw/cpython_case_test_set_TestOn...;pylingual:error:────────────────────────────────────────────────────────────────────────────────────────────────────────────────────────────────────────────────────────────────────── ,ggggggggggg, ,gggg, dP""""""88""""""""""""Y8, d8"" ""8I ,dPYb, Yb, 88 `8b 88 ,dP...",decompyle3:not_run:;pylingual:not_run:
cpython-310,data/rq3/cpython-3.10/unique_bug_pyc/cpython-310-79753b54b14f.pyc,no_source,"# decompyle3 version 3.9.3 # Python bytecode version base 3.10 (3439) # Decompiled from: Python 3.10.12 (main, Mar 3 2026, 11:56:32) [GCC 11.4.0] # Embedded file name: data/rq3/cpython-3.10/unittest_seeds/raw/cpython_case_test_os_Win32Ki...",crash,signal_11:,,"decompyle3:error:# decompyle3 version 3.9.3 # Python bytecode version base 3.10 (3439) # Decompiled from: Python 3.10.12 (main, Mar 3 2026, 11:56:32) [GCC 11.4.0] # Embedded file name: data/rq3/cpython-3.10/unittest_seeds/raw/cpython_case_test_os_Win32Ki...;pylingual:error:────────────────────────────────────────────────────────────────────────────────────────────────────────────────────────────────────────────────────────────────────── ,ggggggggggg, ,gggg, dP""""""88""""""""""""Y8, d8"" ""8I ,dPYb, Yb, 88 `8b 88 ,dP...",decompyle3:not_run:;pylingual:not_run:
cpython-310,data/rq3/cpython-3.10/unique_bug_pyc/cpython-310-79a82faa3fe4.pyc,no_source,"# decompyle3 version 3.9.3 # Python bytecode version base 3.10 (3439) # Decompiled from: Python 3.10.12 (main, Mar 3 2026, 11:56:32) [GCC 11.4.0] # Embedded file name: data/rq3/cpython-3.10/unittest_seeds/raw/cpython_case_test_set_TestJo...",crash,signal_11:,,"decompyle3:error:# decompyle3 version 3.9.3 # Python bytecode version base 3.10 (3439) # Decompiled from: Python 3.10.12 (main, Mar 3 2026, 11:56:32) [GCC 11.4.0] # Embedded file name: data/rq3/cpython-3.10/unittest_seeds/raw/cpython_case_test_set_TestJo...;pylingual:error:────────────────────────────────────────────────────────────────────────────────────────────────────────────────────────────────────────────────────────────────────── ,ggggggggggg, ,gggg, dP""""""88""""""""""""Y8, d8"" ""8I ,dPYb, Yb, 88 `8b 88 ,dP...",decompyle3:not_run:;pylingual:not_run:
cpython-310,data/rq3/cpython-3.10/unique_bug_pyc/cpython-310-7c36e44e9194.pyc,no_source,"# decompyle3 version 3.9.3 # Python bytecode version base 3.10 (3439) # Decompiled from: Python 3.10.12 (main, Mar 3 2026, 11:56:32) [GCC 11.4.0] # Embedded file name: data/rq3/cpython-3.10/unittest_seeds/raw/cpython_case_test_baseexcept...",crash,signal_11:,,"decompyle3:error:# decompyle3 version 3.9.3 # Python bytecode version base 3.10 (3439) # Decompiled from: Python 3.10.12 (main, Mar 3 2026, 11:56:32) [GCC 11.4.0] # Embedded file name: data/rq3/cpython-3.10/unittest_seeds/raw/cpython_case_test_baseexcept...;pylingual:error:────────────────────────────────────────────────────────────────────────────────────────────────────────────────────────────────────────────────────────────────────── ,ggggggggggg, ,gggg, dP""""""88""""""""""""Y8, d8"" ""8I ,dPYb, Yb, 88 `8b 88 ,dP...",decompyle3:not_run:;pylingual:not_run:
cpython-310,data/rq3/cpython-3.10/unique_bug_pyc/cpython-310-8320c023298e.pyc,no_source,"# decompyle3 version 3.9.3 # Python bytecode version base 3.10 (3439) # Decompiled from: Python 3.10.12 (main, Mar 3 2026, 11:56:32) [GCC 11.4.0] # Embedded file name: data/rq3/cpython-3.10/unittest_seeds/raw/cpython_case_test_tracemallo...",crash,signal_11:,,"decompyle3:error:# decompyle3 version 3.9.3 # Python bytecode version base 3.10 (3439) # Decompiled from: Python 3.10.12 (main, Mar 3 2026, 11:56:32) [GCC 11.4.0] # Embedded file name: data/rq3/cpython-3.10/unittest_seeds/raw/cpython_case_test_tracemallo...;pylingual:error:────────────────────────────────────────────────────────────────────────────────────────────────────────────────────────────────────────────────────────────────────── ,ggggggggggg, ,gggg, dP""""""88""""""""""""Y8, d8"" ""8I ,dPYb, Yb, 88 `8b 88 ,dP...",decompyle3:not_run:;pylingual:not_run:
cpython-310,data/rq3/cpython-3.10/unique_bug_pyc/cpython-310-84eba60d583a.pyc,no_source,"# decompyle3 version 3.9.3 # Python bytecode version base 3.10 (3439) # Decompiled from: Python 3.10.12 (main, Mar 3 2026, 11:56:32) [GCC 11.4.0] # Embedded file name: data/rq3/cpython-3.10/unittest_seeds/raw/cpython_case_test_slice_Slic...",exit_1,"Traceback (most recent call last): File ""/root/PyBC-Sec/pybcSEC/data/rq4/harness.py"", line 26, in <module> exec(code, namespace, namespace) File ""data/rq3/cpython-3.10/unittest_seeds/raw/cpython_case_test_slice_SliceTest_test_deepcopy.py...",,"decompyle3:error:# decompyle3 version 3.9.3 # Python bytecode version base 3.10 (3439) # Decompiled from: Python 3.10.12 (main, Mar 3 2026, 11:56:32) [GCC 11.4.0] # Embedded file name: data/rq3/cpython-3.10/unittest_seeds/raw/cpython_case_test_slice_Slic...;pylingual:error:────────────────────────────────────────────────────────────────────────────────────────────────────────────────────────────────────────────────────────────────────── ,ggggggggggg, ,gggg, dP""""""88""""""""""""Y8, d8"" ""8I ,dPYb, Yb, 88 `8b 88 ,dP...",decompyle3:not_run:;pylingual:not_run:
cpython-310,data/rq3/cpython-3.10/unique_bug_pyc/cpython-310-867daa1a12e5.pyc,no_source,"# decompyle3 version 3.9.3 # Python bytecode version base 3.10 (3439) # Decompiled from: Python 3.10.12 (main, Mar 3 2026, 11:56:32) [GCC 11.4.0] # Embedded file name: data/rq3/cpython-3.10/unittest_seeds/raw/cpython_case_test_dataclasse...",exit_1,"Traceback (most recent call last): File ""/root/PyBC-Sec/pybcSEC/data/rq4/harness.py"", line 29, in <module> result = target() File ""data/rq3/cpython-3.10/unittest_seeds/raw/cpython_case_test_dataclasses_TestCase_test_one_field_no_default....",,"decompyle3:error:# decompyle3 version 3.9.3 # Python bytecode version base 3.10 (3439) # Decompiled from: Python 3.10.12 (main, Mar 3 2026, 11:56:32) [GCC 11.4.0] # Embedded file name: data/rq3/cpython-3.10/unittest_seeds/raw/cpython_case_test_dataclasse...;pylingual:error:────────────────────────────────────────────────────────────────────────────────────────────────────────────────────────────────────────────────────────────────────── ,ggggggggggg, ,gggg, dP""""""88""""""""""""Y8, d8"" ""8I ,dPYb, Yb, 88 `8b 88 ,dP...",decompyle3:not_run:;pylingual:not_run:
cpython-310,data/rq3/cpython-3.10/unique_bug_pyc/cpython-310-874a41ac9924.pyc,no_source,"# decompyle3 version 3.9.3 # Python bytecode version base 3.10 (3439) # Decompiled from: Python 3.10.12 (main, Mar 3 2026, 11:56:32) [GCC 11.4.0] # Embedded file name: data/rq3/cpython-3.10/unittest_seeds/raw/cpython_case_test_sys_SysMod...",crash,signal_11:,,"decompyle3:error:# decompyle3 version 3.9.3 # Python bytecode version base 3.10 (3439) # Decompiled from: Python 3.10.12 (main, Mar 3 2026, 11:56:32) [GCC 11.4.0] # Embedded file name: data/rq3/cpython-3.10/unittest_seeds/raw/cpython_case_test_sys_SysMod...;pylingual:error:────────────────────────────────────────────────────────────────────────────────────────────────────────────────────────────────────────────────────────────────────── ,ggggggggggg, ,gggg, dP""""""88""""""""""""Y8, d8"" ""8I ,dPYb, Yb, 88 `8b 88 ,dP...",decompyle3:not_run:;pylingual:not_run:
cpython-310,data/rq3/cpython-3.10/unique_bug_pyc/cpython-310-89fe3eb04cd8.pyc,no_source,"# decompyle3 version 3.9.3 # Python bytecode version base 3.10 (3439) # Decompiled from: Python 3.10.12 (main, Mar 3 2026, 11:56:32) [GCC 11.4.0] # Embedded file name: data/rq3/cpython-3.10/unittest_seeds/raw/cpython_case_test_plistlib_T...",crash,signal_11:,,"decompyle3:error:# decompyle3 version 3.9.3 # Python bytecode version base 3.10 (3439) # Decompiled from: Python 3.10.12 (main, Mar 3 2026, 11:56:32) [GCC 11.4.0] # Embedded file name: data/rq3/cpython-3.10/unittest_seeds/raw/cpython_case_test_plistlib_T...;pylingual:error:────────────────────────────────────────────────────────────────────────────────────────────────────────────────────────────────────────────────────────────────────── ,ggggggggggg, ,gggg, dP""""""88""""""""""""Y8, d8"" ""8I ,dPYb, Yb, 88 `8b 88 ,dP...",decompyle3:not_run:;pylingual:not_run:
cpython-310,data/rq3/cpython-3.10/unique_bug_pyc/cpython-310-8d2aa8aa9f9d.pyc,no_source,"# decompyle3 version 3.9.3 # Python bytecode version base 3.10 (3439) # Decompiled from: Python 3.10.12 (main, Mar 3 2026, 11:56:32) [GCC 11.4.0] # Embedded file name: data/rq3/cpython-3.10/unittest_seeds/raw/cpython_case_test_codecs_Exc...",crash,signal_11:,,"decompyle3:error:# decompyle3 version 3.9.3 # Python bytecode version base 3.10 (3439) # Decompiled from: Python 3.10.12 (main, Mar 3 2026, 11:56:32) [GCC 11.4.0] # Embedded file name: data/rq3/cpython-3.10/unittest_seeds/raw/cpython_case_test_codecs_Exc...;pylingual:error:────────────────────────────────────────────────────────────────────────────────────────────────────────────────────────────────────────────────────────────────────── ,ggggggggggg, ,gggg, dP""""""88""""""""""""Y8, d8"" ""8I ,dPYb, Yb, 88 `8b 88 ,dP...",decompyle3:not_run:;pylingual:not_run:
cpython-310,data/rq3/cpython-3.10/unique_bug_pyc/cpython-310-8f71b782659b.pyc,no_source,"# decompyle3 version 3.9.3 # Python bytecode version base 3.10 (3439) # Decompiled from: Python 3.10.12 (main, Mar 3 2026, 11:56:32) [GCC 11.4.0] # Embedded file name: data/rq3/cpython-3.10/unittest_seeds/raw/cpython_case_test_types_Type...",crash,"signal_11:XXX lineno: 8, opcode: 153",,"decompyle3:error:# decompyle3 version 3.9.3 # Python bytecode version base 3.10 (3439) # Decompiled from: Python 3.10.12 (main, Mar 3 2026, 11:56:32) [GCC 11.4.0] # Embedded file name: data/rq3/cpython-3.10/unittest_seeds/raw/cpython_case_test_types_Type...;pylingual:error:────────────────────────────────────────────────────────────────────────────────────────────────────────────────────────────────────────────────────────────────────── ,ggggggggggg, ,gggg, dP""""""88""""""""""""Y8, d8"" ""8I ,dPYb, Yb, 88 `8b 88 ,dP...",decompyle3:not_run:;pylingual:not_run:
cpython-310,data/rq3/cpython-3.10/unique_bug_pyc/cpython-310-8f983d858481.pyc,no_source,"# decompyle3 version 3.9.3 # Python bytecode version base 3.10 (3439) # Decompiled from: Python 3.10.12 (main, Mar 3 2026, 11:56:32) [GCC 11.4.0] # Embedded file name: data/rq3/cpython-3.10/unittest_seeds/raw/cpython_case_test_typing_Prp...",crash,signal_11:,,"decompyle3:error:# decompyle3 version 3.9.3 # Python bytecode version base 3.10 (3439) # Decompiled from: Python 3.10.12 (main, Mar 3 2026, 11:56:32) [GCC 11.4.0] # Embedded file name: data/rq3/cpython-3.10/unittest_seeds/raw/cpython_case_test_typing_Prp...;pylingual:error:────────────────────────────────────────────────────────────────────────────────────────────────────────────────────────────────────────────────────────────────────── ,ggggggggggg, ,gggg, dP""""""88""""""""""""Y8, d8"" ""8I ,dPYb, Yb, 88 `8b 88 ,dP...",decompyle3:not_run:;pylingual:not_run:
cpython-310,data/rq3/cpython-3.10/unique_bug_pyc/cpython-310-915da9f04592.pyc,no_source,"# decompyle3 version 3.9.3 # Python bytecode version base 3.10 (3439) # Decompiled from: Python 3.10.12 (main, Mar 3 2026, 11:56:32) [GCC 11.4.0] # Embedded file name: data/rq3/cpython-3.10/unittest_seeds/raw/cpython_case_test_pkgutil_Im...",exit_1,"Traceback (most recent call last): File ""/root/PyBC-Sec/pybcSEC/data/rq4/harness.py"", line 26, in <module> exec(code, namespace, namespace) File ""data/rq3/cpython-3.10/unittest_seeds/raw/cpython_case_test_pkgutil_ImportlibMigrationTests_...",,"decompyle3:error:# decompyle3 version 3.9.3 # Python bytecode version base 3.10 (3439) # Decompiled from: Python 3.10.12 (main, Mar 3 2026, 11:56:32) [GCC 11.4.0] # Embedded file name: data/rq3/cpython-3.10/unittest_seeds/raw/cpython_case_test_pkgutil_Im...;pylingual:error:────────────────────────────────────────────────────────────────────────────────────────────────────────────────────────────────────────────────────────────────────── ,ggggggggggg, ,gggg, dP""""""88""""""""""""Y8, d8"" ""8I ,dPYb, Yb, 88 `8b 88 ,dP...",decompyle3:not_run:;pylingual:not_run:
cpython-310,data/rq3/cpython-3.10/unique_bug_pyc/cpython-310-948487e614eb.pyc,no_source,"# decompyle3 version 3.9.3 # Python bytecode version base 3.10 (3439) # Decompiled from: Python 3.10.12 (main, Mar 3 2026, 11:56:32) [GCC 11.4.0] # Embedded file name: data/rq3/cpython-3.10/unittest_seeds/raw/cpython_case_test_unparse_Un...",crash,signal_11:,,"decompyle3:error:# decompyle3 version 3.9.3 # Python bytecode version base 3.10 (3439) # Decompiled from: Python 3.10.12 (main, Mar 3 2026, 11:56:32) [GCC 11.4.0] # Embedded file name: data/rq3/cpython-3.10/unittest_seeds/raw/cpython_case_test_unparse_Un...;pylingual:error:────────────────────────────────────────────────────────────────────────────────────────────────────────────────────────────────────────────────────────────────────── ,ggggggggggg, ,gggg, dP""""""88""""""""""""Y8, d8"" ""8I ,dPYb, Yb, 88 `8b 88 ,dP...",decompyle3:not_run:;pylingual:not_run:
cpython-310,data/rq3/cpython-3.10/unique_bug_pyc/cpython-310-95a7ca01726e.pyc,no_source,"# decompyle3 version 3.9.3 # Python bytecode version base 3.10 (3439) # Decompiled from: Python 3.10.12 (main, Mar 3 2026, 11:56:32) [GCC 11.4.0] # Embedded file name: data/rq3/cpython-3.10/unittest_seeds/raw/cpython_case_test_marshal_In...",crash,signal_11:,,"decompyle3:error:# decompyle3 version 3.9.3 # Python bytecode version base 3.10 (3439) # Decompiled from: Python 3.10.12 (main, Mar 3 2026, 11:56:32) [GCC 11.4.0] # Embedded file name: data/rq3/cpython-3.10/unittest_seeds/raw/cpython_case_test_marshal_In...;pylingual:error:────────────────────────────────────────────────────────────────────────────────────────────────────────────────────────────────────────────────────────────────────── ,ggggggggggg, ,gggg, dP""""""88""""""""""""Y8, d8"" ""8I ,dPYb, Yb, 88 `8b 88 ,dP...",decompyle3:not_run:;pylingual:not_run:
cpython-310,data/rq3/cpython-3.10/unique_bug_pyc/cpython-310-97e9c30c1760.pyc,no_source,"# decompyle3 version 3.9.3 # Python bytecode version base 3.10 (3439) # Decompiled from: Python 3.10.12 (main, Mar 3 2026, 11:56:32) [GCC 11.4.0] # Embedded file name: daD©¬nq3/cpython-3.10/unittest_seeds/raw/cpython_case_test_seto tJoim...",crash,signal_11:,,"decompyle3:error:# decompyle3 version 3.9.3 # Python bytecode version base 3.10 (3439) # Decompiled from: Python 3.10.12 (main, Mar 3 2026, 11:56:32) [GCC 11.4.0] # Embedded file name: daD©¬nq3/cpython-3.10/unittest_seeds/raw/cpython_case_test_seto tJoim...;pylingual:error:────────────────────────────────────────────────────────────────────────────────────────────────────────────────────────────────────────────────────────────────────── ,ggggggggggg, ,gggg, dP""""""88""""""""""""Y8, d8"" ""8I ,dPYb, Yb, 88 `8b 88 ,dP...",decompyle3:not_run:;pylingual:not_run:
cpython-310,data/rq3/cpython-3.10/unique_bug_pyc/cpython-310-987b9fe188ce.pyc,no_source,"# decompyle3 version 3.9.3 # Python bytecode version base 3.10 (3439) # Decompiled from: Python 3.10.12 (main, Mar 3 2026, 11:56:32) [GCC 11.4.0] # Embedded file name: data/rq3/cpython-3.10/unittest_seeds/raw/cpython_case_test_unicode_Un...",crash,signal_11:,,"decompyle3:error:# decompyle3 version 3.9.3 # Python bytecode version base 3.10 (3439) # Decompiled from: Python 3.10.12 (main, Mar 3 2026, 11:56:32) [GCC 11.4.0] # Embedded file name: data/rq3/cpython-3.10/unittest_seeds/raw/cpython_case_test_unicode_Un...;pylingual:error:────────────────────────────────────────────────────────────────────────────────────────────────────────────────────────────────────────────────────────────────────── ,ggggggggggg, ,gggg, dP""""""88""""""""""""Y8, d8"" ""8I ,dPYb, Yb, 88 `8b 88 ,dP...",decompyle3:not_run:;pylingual:not_run:
cpython-310,data/rq3/cpython-3.10/unique_bug_pyc/cpython-310-9c7c6f71a688.pyc,no_source,"# decompyle3 version 3.9.3 # Python bytecode version base 3.10 (3439) # Decompiled from: Python 3.10.12 (main, Mar 3 2026, 11:56:32) [GCC 11.4.0] # Embedded file name: data/rq3/cpython-3.10/uc htest_seeds/raw/cpython_case_test_coroutines...",crash,"signal_6:Traceback (most recent call last): File ""/root/PyBC-Sec/pybcSEC/data/rq4/harness.py"", line 29, in <module> result = target() File ""data/rq3/cpython-3.10/uc htest_seeds/raw/cpython_case_test_coroutines_CoroutineTest_test_func_18.py"", line...",,"decompyle3:error:# decompyle3 version 3.9.3 # Python bytecode version base 3.10 (3439) # Decompiled from: Python 3.10.12 (main, Mar 3 2026, 11:56:32) [GCC 11.4.0] # Embedded file name: data/rq3/cpython-3.10/uc htest_seeds/raw/cpython_case_test_coroutines...;pylingual:error:────────────────────────────────────────────────────────────────────────────────────────────────────────────────────────────────────────────────────────────────────── ,ggggggggggg, ,gggg, dP""""""88""""""""""""Y8, d8"" ""8I ,dPYb, Yb, 88 `8b 88 ,dP...",decompyle3:not_run:;pylingual:not_run:
cpython-310,data/rq3/cpython-3.10/unique_bug_pyc/cpython-310-9d67ad185f54.pyc,no_source,"# decompyle3 version 3.9.3 # Python bytecode version base 3.10 (3439) # Decompiled from: Python 3.10.12 (main, Mar 3 2026, 11:56:32) [GCC 11.4.0] # Embedded file name: data/rq3/cpython-3.10/unittest_seeds/raw/cpython_case_test_opcodes_Op...",crash,signal_11:,,"decompyle3:error:# decompyle3 version 3.9.3 # Python bytecode version base 3.10 (3439) # Decompiled from: Python 3.10.12 (main, Mar 3 2026, 11:56:32) [GCC 11.4.0] # Embedded file name: data/rq3/cpython-3.10/unittest_seeds/raw/cpython_case_test_opcodes_Op...;pylingual:error:────────────────────────────────────────────────────────────────────────────────────────────────────────────────────────────────────────────────────────────────────── ,ggggggggggg, ,gggg, dP""""""88""""""""""""Y8, d8"" ""8I ,dPYb, Yb, 88 `8b 88 ,dP...",decompyle3:not_run:;pylingual:not_run:
cpython-310,data/rq3/cpython-3.10/unique_bug_pyc/cpython-310-a2845363a4f7.pyc,no_source,"# decompyle3 version 3.9.3 # Python bytecode version base 3.10 (3439) # Decompiled from: Python 3.10.12 (main, Mar 3 2026, 11:56:32) [GCC 11.4.0] # Embedded file name: data/rq3/cpython-3.10/unittest_seeds/raw/cpython_case_test_xmlrpc_XML...",crash,signal_11:,,"decompyle3:error:# decompyle3 version 3.9.3 # Python bytecode version base 3.10 (3439) # Decompiled from: Python 3.10.12 (main, Mar 3 2026, 11:56:32) [GCC 11.4.0] # Embedded file name: data/rq3/cpython-3.10/unittest_seeds/raw/cpython_case_test_xmlrpc_XML...;pylingual:error:────────────────────────────────────────────────────────────────────────────────────────────────────────────────────────────────────────────────────────────────────── ,ggggggggggg, ,gggg, dP""""""88""""""""""""Y8, d8"" ""8I ,dPYb, Yb, 88 `8b 88 ,dP...",decompyle3:not_run:;pylingual:not_run:
cpython-310,data/rq3/cpython-3.10/unique_bug_pyc/cpython-310-a3c16df57eb1.pyc,no_source,"# decompyle3 version 3.9.3 # Python bytecode version base 3.10 (3439) # Decompiled from: Python 3.10.12 (main, Mar 3 2026, 11:56:32) [GCC 11.4.0] # Embedded file name: data/rq3/cpython-3.10/unittest_seeds/raw/cpython_case_test_sys_SysMod...",crash,signal_11:,,"decompyle3:error:# decompyle3 version 3.9.3 # Python bytecode version base 3.10 (3439) # Decompiled from: Python 3.10.12 (main, Mar 3 2026, 11:56:32) [GCC 11.4.0] # Embedded file name: data/rq3/cpython-3.10/unittest_seeds/raw/cpython_case_test_sys_SysMod...;pylingual:error:────────────────────────────────────────────────────────────────────────────────────────────────────────────────────────────────────────────────────────────────────── ,ggggggggggg, ,gggg, dP""""""88""""""""""""Y8, d8"" ""8I ,dPYb, Yb, 88 `8b 88 ,dP...",decompyle3:not_run:;pylingual:not_run:
cpython-310,data/rq3/cpython-3.10/unique_bug_pyc/cpython-310-a605b6de0d32.pyc,no_source,"# decompyle3 version 3.9.3 # Python bytecode version base 3.10 (3439) # Decompiled from: Python 3.10.12 (main, Mar 3 2026, 11:56:32) [GCC 11.4.0] # Embedded file name: data/rq3/cpython-3.10/unittest_seeds/raw/cpython_case_test_ordere dic...",crash,signal_11:,,"decompyle3:error:# decompyle3 version 3.9.3 # Python bytecode version base 3.10 (3439) # Decompiled from: Python 3.10.12 (main, Mar 3 2026, 11:56:32) [GCC 11.4.0] # Embedded file name: data/rq3/cpython-3.10/unittest_seeds/raw/cpython_case_test_ordere dic...;pylingual:error:────────────────────────────────────────────────────────────────────────────────────────────────────────────────────────────────────────────────────────────────────── ,ggggggggggg, ,gggg, dP""""""88""""""""""""Y8, d8"" ""8I ,dPYb, Yb, 88 `8b 88 ,dP...",decompyle3:not_run:;pylingual:not_run:
cpython-310,data/rq3/cpython-3.10/unique_bug_pyc/cpython-310-a627885fcbcb.pyc,no_source,"# decompyle3 version 3.9.3 # Python bytecode version base 3.10 (3439) # Decompiled from: Python 3.10.12 (main, Mar 3 2026, 11:56:32) [GCC 11.4.0] # Embedded file name: data/rq3/cpython-3.10/unittest_seeds/raw/cpython_case_test_smtplib_SM...",crash,signal_11:,,"decompyle3:error:# decompyle3 version 3.9.3 # Python bytecode version base 3.10 (3439) # Decompiled from: Python 3.10.12 (main, Mar 3 2026, 11:56:32) [GCC 11.4.0] # Embedded file name: data/rq3/cpython-3.10/unittest_seeds/raw/cpython_case_test_smtplib_SM...;pylingual:error:────────────────────────────────────────────────────────────────────────────────────────────────────────────────────────────────────────────────────────────────────── ,ggggggggggg, ,gggg, dP""""""88""""""""""""Y8, d8"" ""8I ,dPYb, Yb, 88 `8b 88 ,dP...",decompyle3:not_run:;pylingual:not_run:
cpython-310,data/rq3/cpython-3.10/unique_bug_pyc/cpython-310-a705baf623ff.pyc,no_source,"# decompyle3 version 3.9.3 # Python bytecode version base 3.10 (3439) # Decompiled from: Python 3.10.12 (main, Mar 3 2026, 11:56:32) [GCC 11.4.0] # Embedded file name: data/rq3/cpython-3.10/unittest_seeds/raw/cpython_case_test_httplib_HT...",crash,"signal_11:SystemError: ../Objects/tupleobject.c:172: bad argument to internal function The above exception was the direct cause of the following exception: Traceback (most recent call last): File ""/root/PyBC-Sec/pybcSEC/data/rq4/harness.py"", line ...",,"decompyle3:error:# decompyle3 version 3.9.3 # Python bytecode version base 3.10 (3439) # Decompiled from: Python 3.10.12 (main, Mar 3 2026, 11:56:32) [GCC 11.4.0] # Embedded file name: data/rq3/cpython-3.10/unittest_seeds/raw/cpython_case_test_httplib_HT...;pylingual:error:────────────────────────────────────────────────────────────────────────────────────────────────────────────────────────────────────────────────────────────────────── ,ggggggggggg, ,gggg, dP""""""88""""""""""""Y8, d8"" ""8I ,dPYb, Yb, 88 `8b 88 ,dP...",decompyle3:not_run:;pylingual:not_run:
cpython-310,data/rq3/cpython-3.10/unique_bug_pyc/cpython-310-a858800e657b.pyc,no_source,"# decompyle3 version 3.9.3 # Python bytecode version base 3.10 (3439) # Decompiled from: Python 3.10.12 (main, Mar 3 2026, 11:56:32) [GCC 11.4.0] # Embedded file name: data/rq3/cpython-3.10/unittest_seeds/raw/cpython_case_test_yield_from...",crash,signal_11:,,"decompyle3:error:# decompyle3 version 3.9.3 # Python bytecode version base 3.10 (3439) # Decompiled from: Python 3.10.12 (main, Mar 3 2026, 11:56:32) [GCC 11.4.0] # Embedded file name: data/rq3/cpython-3.10/unittest_seeds/raw/cpython_case_test_yield_from...;pylingual:error:────────────────────────────────────────────────────────────────────────────────────────────────────────────────────────────────────────────────────────────────────── ,ggggggggggg, ,gggg, dP""""""88""""""""""""Y8, d8"" ""8I ,dPYb, Yb, 88 `8b 88 ,dP...",decompyle3:not_run:;pylingual:not_run:
cpython-310,data/rq3/cpython-3.10/unique_bug_pyc/cpython-310-a96dec179e0a.pyc,no_source,"# decompyle3 version 3.9.3 # Python bytecode version base 3.10 (3439) # Decompiled from: Python 3.10.12 (main, Mar 3 2026, 11:56:32) [GCC 11.4.0] # Embedded file name: data/rq3/cpython-3.10/unittest_seeds/raw/cpython_case_test_embed_Init...",exit_1,"XXX lineno: -1, opcode: 249 Traceback (most recent call last): File ""/root/PyBC-Sec/pybcSEC/data/rq4/harness.py"", line 26, in <module> exec(code, namespace, namespace) File ""data/rq3/cpython-3.10/unittest_seeds/raw/cpython_case_test_embe...",,"decompyle3:error:# decompyle3 version 3.9.3 # Python bytecode version base 3.10 (3439) # Decompiled from: Python 3.10.12 (main, Mar 3 2026, 11:56:32) [GCC 11.4.0] # Embedded file name: data/rq3/cpython-3.10/unittest_seeds/raw/cpython_case_test_embed_Init...;pylingual:error:────────────────────────────────────────────────────────────────────────────────────────────────────────────────────────────────────────────────────────────────────── ,ggggggggggg, ,gggg, dP""""""88""""""""""""Y8, d8"" ""8I ,dPYb, Yb, 88 `8b 88 ,dP...",decompyle3:not_run:;pylingual:not_run:
cpython-310,data/rq3/cpython-3.10/unique_bug_pyc/cpython-310-a9d2ea09ae46.pyc,no_source,"# decompyle3 version 3.9.3 # Python bytecode version base 3.10 (3439) # Decompiled from: Python 3.10.12 (main, Mar 3 2026, 11:56:32) [GCC 11.4.0] # Embedded file name: data/rq3/cpython-3.10/unittest_seeds/raw/cpython_case_test_dis_Byteco...",exit_1,"Traceback (most recent call last): File ""/root/PyBC-Sec/pybcSEC/data/rq4/harness.py"", line 26, in <module> exec(code, namespace, namespace) File ""data/rq3/cpython-3.10/unittest_seeds/raw/cpython_case_test_dis_BytecodeTests_test_info.py"",...",,"decompyle3:error:# decompyle3 version 3.9.3 # Python bytecode version base 3.10 (3439) # Decompiled from: Python 3.10.12 (main, Mar 3 2026, 11:56:32) [GCC 11.4.0] # Embedded file name: data/rq3/cpython-3.10/unittest_seeds/raw/cpython_case_test_dis_Byteco...;pylingual:error:────────────────────────────────────────────────────────────────────────────────────────────────────────────────────────────────────────────────────────────────────── ,ggggggggggg, ,gggg, dP""""""88""""""""""""Y8, d8"" ""8I ,dPYb, Yb, 88 `8b 88 ,dP...",decompyle3:not_run:;pylingual:not_run:
cpython-310,data/rq3/cpython-3.10/unique_bug_pyc/cpython-310-a9e7ed5b7f66.pyc,no_source,"# decompyle3 version 3.9.3 # Python bytecode version base 3.10 (3439) # Decompiled from: Python 3.10.12 (main, Mar 3 2026, 11:56:32) [GCC 11.4.0] # Embedded file name: data/rq3/cpython-3.10/unittest_seeds/raw/cpython_case_test_smtpd_SMTP...",crash,signal_11:,,"decompyle3:error:# decompyle3 version 3.9.3 # Python bytecode version base 3.10 (3439) # Decompiled from: Python 3.10.12 (main, Mar 3 2026, 11:56:32) [GCC 11.4.0] # Embedded file name: data/rq3/cpython-3.10/unittest_seeds/raw/cpython_case_test_smtpd_SMTP...;pylingual:error:────────────────────────────────────────────────────────────────────────────────────────────────────────────────────────────────────────────────────────────────────── ,ggggggggggg, ,gggg, dP""""""88""""""""""""Y8, d8"" ""8I ,dPYb, Yb, 88 `8b 88 ,dP...",decompyle3:not_run:;pylingual:not_run:
cpython-310,data/rq3/cpython-3.10/unique_bug_pyc/cpython-310-aad98fcf8b72.pyc,no_source,"# decompyle3 version 3.9.3 # Python bytecode version base 3.10 (3439) # Decompiled from: Python 3.10.12 (main, Mar 3 2026, 11:56:32) [GCC 11.4.0] # Embedded file name: data/rq3/cpython-3.10/unittest_seeds/raw/cpython_case_test_coroutines...",exit_1,"Traceback (most recent call last): File ""/root/PyBC-Sec/pybcSEC/data/rq4/harness.py"", line 26, in <module> exec(code, namespace, namespace) File ""data/rq3/cpython-3.10/unittest_seeds/raw/cpython_case_test_coroutines_CoroutineTest_test_fu...",,"decompyle3:error:# decompyle3 version 3.9.3 # Python bytecode version base 3.10 (3439) # Decompiled from: Python 3.10.12 (main, Mar 3 2026, 11:56:32) [GCC 11.4.0] # Embedded file name: data/rq3/cpython-3.10/unittest_seeds/raw/cpython_case_test_coroutines...;pylingual:error:────────────────────────────────────────────────────────────────────────────────────────────────────────────────────────────────────────────────────────────────────── ,ggggggggggg, ,gggg, dP""""""88""""""""""""Y8, d8"" ""8I ,dPYb, Yb, 88 `8b 88 ,dP...",decompyle3:not_run:;pylingual:not_run:
cpython-310,data/rq3/cpython-3.10/unique_bug_pyc/cpython-310-b3dab60bf79e.pyc,no_source,"# decompyle3 version 3.9.3 # Python bytecode version base 3.10 (3439) # Decompiled from: Python 3.10.12 (main, Mar 3 2026, 11:56:32) [GCC 11.4.0] # Embedded file name: data/rq3/cpython-3.10/unittest_seeds/raw/cpython_case_test_zipfile_Ab...",crash,signal_11:,,"decompyle3:error:# decompyle3 version 3.9.3 # Python bytecode version base 3.10 (3439) # Decompiled from: Python 3.10.12 (main, Mar 3 2026, 11:56:32) [GCC 11.4.0] # Embedded file name: data/rq3/cpython-3.10/unittest_seeds/raw/cpython_case_test_zipfile_Ab...;pylingual:error:────────────────────────────────────────────────────────────────────────────────────────────────────────────────────────────────────────────────────────────────────── ,ggggggggggg, ,gggg, dP""""""88""""""""""""Y8, d8"" ""8I ,dPYb, Yb, 88 `8b 88 ,dP...",decompyle3:not_run:;pylingual:not_run:
cpython-310,data/rq3/cpython-3.10/unique_bug_pyc/cpython-310-b47c5e123eaf.pyc,no_source,"# decompyle3 version 3.9.3 # Python bytecode version base 3.10 (3439) # Decompiled from: Python 3.10.12 (main, Mar 3 2026, 11:56:32) [GCC 11.4.0] # Embedded file name: data/rq3/cpython-3.10/unittesglobals/raw/cpython_case_test_xml_etree_...",exit_1,"Traceback (most recent call last): File ""/root/PyBC-Sec/pybcSEC/data/rq4/harness.py"", line 26, in <module> exec(code, namespace, namespace) File ""data/rq3/cpython-3.10/unittesglobals/raw/cpython_case_test_xml_etree_BasicElementTest_test_...",,"decompyle3:error:# decompyle3 version 3.9.3 # Python bytecode version base 3.10 (3439) # Decompiled from: Python 3.10.12 (main, Mar 3 2026, 11:56:32) [GCC 11.4.0] # Embedded file name: data/rq3/cpython-3.10/unittesglobals/raw/cpython_case_test_xml_etree_...;pylingual:error:────────────────────────────────────────────────────────────────────────────────────────────────────────────────────────────────────────────────────────────────────── ,ggggggggggg, ,gggg, dP""""""88""""""""""""Y8, d8"" ""8I ,dPYb, Yb, 88 `8b 88 ,dP...",decompyle3:not_run:;pylingual:not_run:
cpython-310,data/rq3/cpython-3.10/unique_bug_pyc/cpython-310-b4a5042ebe27.pyc,no_source,"# decompyle3 version 3.9.3 # Python bytecode version base 3.10 (3439) # Decompiled from: Python 3.10.12 (main, Mar 3 2026, 11:56:32) [GCC 11.4.0] # Embedded file name: data/rq3/cpython-3.10/unittest_seeds/raw/cpython_case_test_descr_Clas...",crash,signal_11:,,"decompyle3:error:# decompyle3 version 3.9.3 # Python bytecode version base 3.10 (3439) # Decompiled from: Python 3.10.12 (main, Mar 3 2026, 11:56:32) [GCC 11.4.0] # Embedded file name: data/rq3/cpython-3.10/unittest_seeds/raw/cpython_case_test_descr_Clas...;pylingual:error:────────────────────────────────────────────────────────────────────────────────────────────────────────────────────────────────────────────────────────────────────── ,ggggggggggg, ,gggg, dP""""""88""""""""""""Y8, d8"" ""8I ,dPYb, Yb, 88 `8b 88 ,dP...",decompyle3:not_run:;pylingual:not_run:
cpython-310,data/rq3/cpython-3.10/unique_bug_pyc/cpython-310-b89e5b6e146f.pyc,no_source,"# decompyle3 version 3.9.3 # Python bytecode version base 3.10 (3439) # Decompiled from: Python 3.10.12 (main, Mar 3 2026, 11:56:32) [GCC 11.4.0] # Embedded file name: data/rq3/cpython-3.10/unittest_seeds/raw/cpython_case_test_colorsys_C...",crash,signal_11:,,"decompyle3:error:# decompyle3 version 3.9.3 # Python bytecode version base 3.10 (3439) # Decompiled from: Python 3.10.12 (main, Mar 3 2026, 11:56:32) [GCC 11.4.0] # Embedded file name: data/rq3/cpython-3.10/unittest_seeds/raw/cpython_case_test_colorsys_C...;pylingual:error:────────────────────────────────────────────────────────────────────────────────────────────────────────────────────────────────────────────────────────────────────── ,ggggggggggg, ,gggg, dP""""""88""""""""""""Y8, d8"" ""8I ,dPYb, Yb, 88 `8b 88 ,dP...",decompyle3:not_run:;pylingual:not_run:
cpython-310,data/rq3/cpython-3.10/unique_bug_pyc/cpython-310-b9f87bc397f0.pyc,no_source,"# decompyle3 version 3.9.3 # Python bytecode version base 3.10 (3439) # Decompiled from: Python 3.10.12 (main, Mar 3 2026, 11:56:32) [GCC 11.4.0] # Embedded file name: data/rq3/cpython-3.10/unittest_seeds/raw/cpython_case_test_ordered_di...",crash,signal_11:,,"decompyle3:error:# decompyle3 version 3.9.3 # Python bytecode version base 3.10 (3439) # Decompiled from: Python 3.10.12 (main, Mar 3 2026, 11:56:32) [GCC 11.4.0] # Embedded file name: data/rq3/cpython-3.10/unittest_seeds/raw/cpython_case_test_ordered_di...;pylingual:error:────────────────────────────────────────────────────────────────────────────────────────────────────────────────────────────────────────────────────────────────────── ,ggggggggggg, ,gggg, dP""""""88""""""""""""Y8, d8"" ""8I ,dPYb, Yb, 88 `8b 88 ,dP...",decompyle3:not_run:;pylingual:not_run:
cpython-310,data/rq3/cpython-3.10/unique_bug_pyc/cpython-310-bbafc83b38a2.pyc,no_source,/root/PyBC-Sec/pybcSEC/data/rq2/envs/cpython-310/lib/python3.10/site-packages/click/core.py:1262: UserWarning: The parameter --version is used more than once. Remove its duplicate as parameters should be unique. parser = self.make_parser...,crash,signal_11:,,"decompyle3:exit_2:/root/PyBC-Sec/pybcSEC/data/rq2/envs/cpython-310/lib/python3.10/site-packages/click/core.py:1262: UserWarning: The parameter --version is used more than once. Remove its duplicate as parameters should be unique. parser = self.make_parser...;pylingual:error:────────────────────────────────────────────────────────────────────────────────────────────────────────────────────────────────────────────────────────────────────── ,ggggggggggg, ,gggg, dP""""""88""""""""""""Y8, d8"" ""8I ,dPYb, Yb, 88 `8b 88 ,dP...",decompyle3:not_run:;pylingual:not_run:
cpython-310,data/rq3/cpython-3.10/unique_bug_pyc/cpython-310-bdf9161faae9.pyc,no_source,/root/PyBC-Sec/pybcSEC/data/rq2/envs/cpython-310/lib/python3.10/site-packages/click/core.py:1262: UserWarning: The parameter --version is used more than once. Remove its duplicate as parameters should be unique. parser = self.make_parser...,exit_1,"Traceback (most recent call last): File ""/root/PyBC-Sec/pybcSEC/data/rq4/harness.py"", line 29, in <module> result = target() File ""data/rq3/cpytS)n-3.10/unittest_seeds/raw/cpython_case_test_argparse_TestInvalidArgumentConstructors_test_m...",,"decompyle3:exit_2:/root/PyBC-Sec/pybcSEC/data/rq2/envs/cpython-310/lib/python3.10/site-packages/click/core.py:1262: UserWarning: The parameter --version is used more than once. Remove its duplicate as parameters should be unique. parser = self.make_parser...;pylingual:error:────────────────────────────────────────────────────────────────────────────────────────────────────────────────────────────────────────────────────────────────────── ,ggggggggggg, ,gggg, dP""""""88""""""""""""Y8, d8"" ""8I ,dPYb, Yb, 88 `8b 88 ,dP...",decompyle3:not_run:;pylingual:not_run:
cpython-310,data/rq3/cpython-3.10/unique_bug_pyc/cpython-310-bf714da58604.pyc,no_source,"# decompyle3 version 3.9.3 # Python bytecode version base 3.10 (3439) # Decompiled from: Python 3.10.12 (main, Mar 3 2026, 11:56:32) [GCC 11.4.0] # Embedded file name: data/rq3/cpython-3.10/unittest_seeds/raw/cpython_case_test_urllibnet_...",exit_1,"Traceback (most recent call last): File ""/root/PyBC-Sec/pybcSEC/data/rq4/harness.py"", line 26, in <module> exec(code, namespace, namespace) File ""data/rq3/cpython-3.10/unittest_seeds/raw/cpython_case_test_urllibnet_urlopenNetworkTests_te...",,"decompyle3:error:# decompyle3 version 3.9.3 # Python bytecode version base 3.10 (3439) # Decompiled from: Python 3.10.12 (main, Mar 3 2026, 11:56:32) [GCC 11.4.0] # Embedded file name: data/rq3/cpython-3.10/unittest_seeds/raw/cpython_case_test_urllibnet_...;pylingual:error:────────────────────────────────────────────────────────────────────────────────────────────────────────────────────────────────────────────────────────────────────── ,ggggggggggg, ,gggg, dP""""""88""""""""""""Y8, d8"" ""8I ,dPYb, Yb, 88 `8b 88 ,dP...",decompyle3:not_run:;pylingual:not_run:
cpython-310,data/rq3/cpython-3.10/unique_bug_pyc/cpython-310-bfa4ec2fcc83.pyc,no_source,"# decompyle3 version 3.9.3 # Python bytecode version base 3.10 (3439) # Decompiled from: Python 3.10.12 (main, Mar 3 2026, 11:56:32) [GCC 11.4.0] # Embedded file name: data/rq3/cpython-3.10/unittest_seeds/raw/cpython_case_test_exceptions...",crash,signal_11:,,"decompyle3:error:# decompyle3 version 3.9.3 # Python bytecode version base 3.10 (3439) # Decompiled from: Python 3.10.12 (main, Mar 3 2026, 11:56:32) [GCC 11.4.0] # Embedded file name: data/rq3/cpython-3.10/unittest_seeds/raw/cpython_case_test_exceptions...;pylingual:error:────────────────────────────────────────────────────────────────────────────────────────────────────────────────────────────────────────────────────────────────────── ,ggggggggggg, ,gggg, dP""""""88""""""""""""Y8, d8"" ""8I ,dPYb, Yb, 88 `8b 88 ,dP...",decompyle3:not_run:;pylingual:not_run:
cpython-310,data/rq3/cpython-3.10/unique_bug_pyc/cpython-310-bfcd094b1431.pyc,no_source,"# decompyle3 version 3.9.3 # Python bytecode version base 3.10 (3439) # Decompiled from: Python 3.10.12 (main, Mar 3 2026, 11:56:32) [GCC 11.4.0] # Embedded file name: data/rq3/cpython-3.10/unittest_seeds/r\\0\\0\\0\\0\\0\\0\\0\\0\\0\\0\\0ã\\0\\0\\0\\0\\0\\0\\0\\0\\0\\0\\0\\0\\0\\0\\0e_Te...",crash,signal_11:,,"decompyle3:error:# decompyle3 version 3.9.3 # Python bytecode version base 3.10 (3439) # Decompiled from: Python 3.10.12 (main, Mar 3 2026, 11:56:32) [GCC 11.4.0] # Embedded file name: data/rq3/cpython-3.10/unittest_seeds/r\\0\\0\\0\\0\\0\\0\\0\\0\\0\\0\\0ã\\0\\0\\0\\0\\0\\0\\0\\0\\0\\0\\0\\0\\0\\0\\0e_Te...;pylingual:error:────────────────────────────────────────────────────────────────────────────────────────────────────────────────────────────────────────────────────────────────────── ,ggggggggggg, ,gggg, dP""""""88""""""""""""Y8, d8"" ""8I ,dPYb, Yb, 88 `8b 88 ,dP...",decompyle3:not_run:;pylingual:not_run:
cpython-310,data/rq3/cpython-3.10/unique_bug_pyc/cpython-310-c04186603693.pyc,no_source,"# decompyle3 version 3.9.3 # Python bytecode version base 3.9.0 (3425) # Decompiled from: Python 3.10.12 (main, Mar 3 2026, 11:56:32) [GCC 11.4.0] # Embedded file name: data/rq3/cpython-3.10/unittest_seeds/raw/cpython_case_test_pkgutil_I...",crash,"signal_11:XXX lineno: 6, opcode: 0",,"decompyle3:error:# decompyle3 version 3.9.3 # Python bytecode version base 3.9.0 (3425) # Decompiled from: Python 3.10.12 (main, Mar 3 2026, 11:56:32) [GCC 11.4.0] # Embedded file name: data/rq3/cpython-3.10/unittest_seeds/raw/cpython_case_test_pkgutil_I...;pylingual:error:────────────────────────────────────────────────────────────────────────────────────────────────────────────────────────────────────────────────────────────────────── ,ggggggggggg, ,gggg, dP""""""88""""""""""""Y8, d8"" ""8I ,dPYb, Yb, 88 `8b 88 ,dP...",decompyle3:not_run:;pylingual:not_run:
cpython-310,data/rq3/cpython-3.10/unique_bug_pyc/cpython-310-c1d0a457f892.pyc,no_source,"# decompyle3 version 3.9.3 # Python bytecode version base 3.10 (3439) # Decompiled from: Python 3.10.12 (main, Mar 3 2026, 11:56:32) [GCC 11.4.0] # Embedded file name: data/rq3/cpython-3.10/unittest_seeds/raw/cpython_case_test_hashlib_Ha...",crash,signal_11:,,"decompyle3:error:# decompyle3 version 3.9.3 # Python bytecode version base 3.10 (3439) # Decompiled from: Python 3.10.12 (main, Mar 3 2026, 11:56:32) [GCC 11.4.0] # Embedded file name: data/rq3/cpython-3.10/unittest_seeds/raw/cpython_case_test_hashlib_Ha...;pylingual:error:────────────────────────────────────────────────────────────────────────────────────────────────────────────────────────────────────────────────────────────────────── ,ggggggggggg, ,gggg, dP""""""88""""""""""""Y8, d8"" ""8I ,dPYb, Yb, 88 `8b 88 ,dP...",decompyle3:not_run:;pylingual:not_run:
cpython-310,data/rq3/cpython-3.10/unique_bug_pyc/cpython-310-cc0f34a307fa.pyc,no_source,"# decompyle3 version 3.9.3 # Python bytecode version base 3.10 (3439) # Decompiled from: Python 3.10.12 (main, Mar 3 2026, 11:56:32) [GCC 11.4.0] # Embedded file name: data/rq3/cpython-3.10/unittest_seeds/raw/cpython_case_test_io_TextIOW...",crash,signal_7:,,"decompyle3:error:# decompyle3 version 3.9.3 # Python bytecode version base 3.10 (3439) # Decompiled from: Python 3.10.12 (main, Mar 3 2026, 11:56:32) [GCC 11.4.0] # Embedded file name: data/rq3/cpython-3.10/unittest_seeds/raw/cpython_case_test_io_TextIOW...;pylingual:error:────────────────────────────────────────────────────────────────────────────────────────────────────────────────────────────────────────────────────────────────────── ,ggggggggggg, ,gggg, dP""""""88""""""""""""Y8, d8"" ""8I ,dPYb, Yb, 88 `8b 88 ,dP...",decompyle3:not_run:;pylingual:not_run:
cpython-310,data/rq3/cpython-3.10/unique_bug_pyc/cpython-310-cecf5d74ddcc.pyc,no_source,"# decompyle3 version 3.9.3 # Python bytecode version base 3.10 (3439) # Decompiled from: Python 3.10.12 (main, Mar 3 2026, 11:56:32) [GCC 11.4.0] # Embedded file name: data/rq3/cpython-3.10/unittest_seeds/raw/cpython_case_test_range_Rang...",crash,signal_11:,,"decompyle3:error:# decompyle3 version 3.9.3 # Python bytecode version base 3.10 (3439) # Decompiled from: Python 3.10.12 (main, Mar 3 2026, 11:56:32) [GCC 11.4.0] # Embedded file name: data/rq3/cpython-3.10/unittest_seeds/raw/cpython_case_test_range_Rang...;pylingual:error:────────────────────────────────────────────────────────────────────────────────────────────────────────────────────────────────────────────────────────────────────── ,ggggggggggg, ,gggg, dP""""""88""""""""""""Y8, d8"" ""8I ,dPYb, Yb, 88 `8b 88 ,dP...",decompyle3:not_run:;pylingual:not_run:
cpython-310,data/rq3/cpython-3.10/unique_bug_pyc/cpython-310-d531cfd01b69.pyc,no_source,"# decompyle3 version 3.9.3 # Python bytecode version base 3.10 (3439) # Decompiled from: Python 3.10.12 (main, Mar 3 2026, 11:56:32) [GCC 11.4.0] # Embedded file name: data/rq3/cpython-3.10/unittest_seeds/raw/cpython_case_test_coroutines...",exit_1,"Traceback (most recent call last): File ""/root/PyBC-Sec/pybcSEC/data/rq4/harness.py"", line 26, in <module> exec(code, namespace, namespace) File ""data/rq3/cpython-3.10/unittest_seeds/raw/cpython_case_test_coroutines_CoroutineTest_test_wi...",,"decompyle3:error:# decompyle3 version 3.9.3 # Python bytecode version base 3.10 (3439) # Decompiled from: Python 3.10.12 (main, Mar 3 2026, 11:56:32) [GCC 11.4.0] # Embedded file name: data/rq3/cpython-3.10/unittest_seeds/raw/cpython_case_test_coroutines...;pylingual:error:────────────────────────────────────────────────────────────────────────────────────────────────────────────────────────────────────────────────────────────────────── ,ggggggggggg, ,gggg, dP""""""88""""""""""""Y8, d8"" ""8I ,dPYb, Yb, 88 `8b 88 ,dP...",decompyle3:not_run:;pylingual:not_run:
cpython-310,data/rq3/cpython-3.10/unique_bug_pyc/cpython-310-d6b4b995e7fa.pyc,no_source,"# decompyle3 version 3.9.3 # Python bytecode version base 3.10 (3439) # Decompiled from: Python 3.10.12 (main, Mar 3 2026, 11:56:32) [GCC 11.4.0] # Embedded file name: data/rq3/cpython-3.10/unittest_seeds/raw/cpython_case_test_imaplib_Ne...",exit_1,"Traceback (most recent call last): File ""/root/PyBC-Sec/pybcSEC/data/rq4/harness.py"", line 26, in <module> exec(code, namespace, namespace) File ""data/rq3/cpython-3.10/unittest_seeds/raw/cpython_case_test_imaplib_NewIMAPSSLTests_test_ssl...",,"decompyle3:error:# decompyle3 version 3.9.3 # Python bytecode version base 3.10 (3439) # Decompiled from: Python 3.10.12 (main, Mar 3 2026, 11:56:32) [GCC 11.4.0] # Embedded file name: data/rq3/cpython-3.10/unittest_seeds/raw/cpython_case_test_imaplib_Ne...;pylingual:error:────────────────────────────────────────────────────────────────────────────────────────────────────────────────────────────────────────────────────────────────────── ,ggggggggggg, ,gggg, dP""""""88""""""""""""Y8, d8"" ""8I ,dPYb, Yb, 88 `8b 88 ,dP...",decompyle3:not_run:;pylingual:not_run:
cpython-310,data/rq3/cpython-3.10/unique_bug_pyc/cpython-310-d7f149e2ae57.pyc,no_source,"# decompyle3 version 3.9.3 # Python bytecode version base 3.10 (3439) # Decompiled from: Python 3.10.12 (main, Mar 3 2026, 11:56:32) [GCC 11.4.0] # Embedded file name: data/rq3/cpython-3.10/unittest_seeds/raw/cpython_case_test_contextlib...",crash,signal_11:,,"decompyle3:error:# decompyle3 version 3.9.3 # Python bytecode version base 3.10 (3439) # Decompiled from: Python 3.10.12 (main, Mar 3 2026, 11:56:32) [GCC 11.4.0] # Embedded file name: data/rq3/cpython-3.10/unittest_seeds/raw/cpython_case_test_contextlib...;pylingual:error:────────────────────────────────────────────────────────────────────────────────────────────────────────────────────────────────────────────────────────────────────── ,ggggggggggg, ,gggg, dP""""""88""""""""""""Y8, d8"" ""8I ,dPYb, Yb, 88 `8b 88 ,dP...",decompyle3:not_run:;pylingual:not_run:
cpython-310,data/rq3/cpython-3.10/unique_bug_pyc/cpython-310-dd6664a8184c.pyc,no_source,"# decompyle3 version 3.9.3 # Python bytecode version base 3.10 (3439) # Decompiled from: Python 3.10.12 (main, Mar 3 2026, 11:56:32) [GCC 11.4.0] # Embedded file name: data/rq3/cpython-3.10/unittest_seeds/raw/cpython_case_test_htã\\0\\0\\0\\0\\0\\0\\0...",crash,signal_11:,,"decompyle3:error:# decompyle3 version 3.9.3 # Python bytecode version base 3.10 (3439) # Decompiled from: Python 3.10.12 (main, Mar 3 2026, 11:56:32) [GCC 11.4.0] # Embedded file name: data/rq3/cpython-3.10/unittest_seeds/raw/cpython_case_test_htã\\0\\0\\0\\0\\0\\0\\0...;pylingual:error:────────────────────────────────────────────────────────────────────────────────────────────────────────────────────────────────────────────────────────────────────── ,ggggggggggg, ,gggg, dP""""""88""""""""""""Y8, d8"" ""8I ,dPYb, Yb, 88 `8b 88 ,dP...",decompyle3:not_run:;pylingual:not_run:
cpython-310,data/rq3/cpython-3.10/unique_bug_pyc/cpython-310-def6e6de53d0.pyc,no_source,"# decompyle3 version 3.9.3 # Python bytecode version base 3.10 (3439) # Decompiled from: Python 3.10.12 (main, Mar 3 2026, 11:56:32) [GCC 11.4.0] # Embedded file name: data/rq3/cpython-3.10/unittest_seeds/raw/cpython_case_test_descr_Clas...",crash,signal_11:,,"decompyle3:error:# decompyle3 version 3.9.3 # Python bytecode version base 3.10 (3439) # Decompiled from: Python 3.10.12 (main, Mar 3 2026, 11:56:32) [GCC 11.4.0] # Embedded file name: data/rq3/cpython-3.10/unittest_seeds/raw/cpython_case_test_descr_Clas...;pylingual:error:────────────────────────────────────────────────────────────────────────────────────────────────────────────────────────────────────────────────────────────────────── ,ggggggggggg, ,gggg, dP""""""88""""""""""""Y8, d8"" ""8I ,dPYb, Yb, 88 `8b 88 ,dP...",decompyle3:not_run:;pylingual:not_run:
cpython-310,data/rq3/cpython-3.10/unique_bug_pyc/cpython-310-df3513339cc7.pyc,no_source,"# decompyle3 version 3.9.3 # Python bytecode version base 3.10 (3439) # Decompiled from: Python 3.10.12 (main, Mar 3 2026, 11:56:32) [GCC 11.4.0] # Embedded file name: data/rq3/cpython-3.10/unittest_seeds/raw/cpython_case_test_raise_Test...",crash,signal_11:,,"decompyle3:error:# decompyle3 version 3.9.3 # Python bytecode version base 3.10 (3439) # Decompiled from: Python 3.10.12 (main, Mar 3 2026, 11:56:32) [GCC 11.4.0] # Embedded file name: data/rq3/cpython-3.10/unittest_seeds/raw/cpython_case_test_raise_Test...;pylingual:error:────────────────────────────────────────────────────────────────────────────────────────────────────────────────────────────────────────────────────────────────────── ,ggggggggggg, ,gggg, dP""""""88""""""""""""Y8, d8"" ""8I ,dPYb, Yb, 88 `8b 88 ,dP...",decompyle3:not_run:;pylingual:not_run:
cpython-310,data/rq3/cpython-3.10/unique_bug_pyc/cpython-310-e0faafa935dc.pyc,no_source,"# decompyle3 version 3.9.3 # Python bytecode version base 3.10 (3439) # Decompiled from: Python 3.10.12 (main, Mar 3 2026, 11:56:32) [GCC 11.4.0] # Embedded file name: data/rq3/cpython-3.10/unittest_seeds/raw/cpython_case_test_httpserver...",crash,signal_11:,,"decompyle3:error:# decompyle3 version 3.9.3 # Python bytecode version base 3.10 (3439) # Decompiled from: Python 3.10.12 (main, Mar 3 2026, 11:56:32) [GCC 11.4.0] # Embedded file name: data/rq3/cpython-3.10/unittest_seeds/raw/cpython_case_test_httpserver...;pylingual:error:────────────────────────────────────────────────────────────────────────────────────────────────────────────────────────────────────────────────────────────────────── ,ggggggggggg, ,gggg, dP""""""88""""""""""""Y8, d8"" ""8I ,dPYb, Yb, 88 `8b 88 ,dP...",decompyle3:not_run:;pylingual:not_run:
cpython-310,data/rq3/cpython-3.10/unique_bug_pyc/cpython-310-e1ccfc663249.pyc,no_source,"# decompyle3 version 3.9.3 # Python bytecode version base 3.10 (3439) # Decompiled from: Python 3.10.12 (main, Mar 3 2026, 11:56:32) [GCC 11.4.0] # Embedded file name: data/rq3/cpython-3.10/unittest_seeds/raw/cpython_case_test_mailbox_Te...",crash,signal_11:,,"decompyle3:error:# decompyle3 version 3.9.3 # Python bytecode version base 3.10 (3439) # Decompiled from: Python 3.10.12 (main, Mar 3 2026, 11:56:32) [GCC 11.4.0] # Embedded file name: data/rq3/cpython-3.10/unittest_seeds/raw/cpython_case_test_mailbox_Te...;pylingual:error:────────────────────────────────────────────────────────────────────────────────────────────────────────────────────────────────────────────────────────────────────── ,ggggggggggg, ,gggg, dP""""""88""""""""""""Y8, d8"" ""8I ,dPYb, Yb, 88 `8b 88 ,dP...",decompyle3:not_run:;pylingual:not_run:
cpython-310,data/rq3/cpython-3.10/unique_bug_pyc/cpython-310-e30d6d594ff2.pyc,no_source,"# decompyle3 version 3.9.3 # Python bytecode version base 3.10 (3439) # Decompiled from: Python 3.10.12 (main, Mar 3 2026, 11:56:32) [GCC 11.4.0] # Embedded file name: data/rq3/cpython-3.10/unittest_seeds/raw/cpython_case_test_sys_SysMod...",exit_1,"Traceback (most recent call last): File ""/root/PyBC-Sec/pybcSEC/data/rq4/harness.py"", line 29, in <module> result = target() File ""data/rq3/cpython-3.10/unittest_seeds/raw/cpython_case_test_sys_SysModuleTest_test_current_exceptions.py"", ...",,"decompyle3:error:# decompyle3 version 3.9.3 # Python bytecode version base 3.10 (3439) # Decompiled from: Python 3.10.12 (main, Mar 3 2026, 11:56:32) [GCC 11.4.0] # Embedded file name: data/rq3/cpython-3.10/unittest_seeds/raw/cpython_case_test_sys_SysMod...;pylingual:error:────────────────────────────────────────────────────────────────────────────────────────────────────────────────────────────────────────────────────────────────────── ,ggggggggggg, ,gggg, dP""""""88""""""""""""Y8, d8"" ""8I ,dPYb, Yb, 88 `8b 88 ,dP...",decompyle3:not_run:;pylingual:not_run:
cpython-310,data/rq3/cpython-3.10/unique_bug_pyc/cpython-310-e4e59ea0697c.pyc,no_source,"# decompyle3 version 3.9.3 # Python bytecode version base 3.10 (3439) # Decompiled from: Python 3.10.12 (main, Mar 3 2026, 11:56:32) [GCC 11.4.0] # Embedded file name: data/rq3/cpython-3.10/unittest_seeds/raw/c\\0\\0thon_case_test_dict_DictT...",crash,signal_11:,,"decompyle3:error:# decompyle3 version 3.9.3 # Python bytecode version base 3.10 (3439) # Decompiled from: Python 3.10.12 (main, Mar 3 2026, 11:56:32) [GCC 11.4.0] # Embedded file name: data/rq3/cpython-3.10/unittest_seeds/raw/c\\0\\0thon_case_test_dict_DictT...;pylingual:error:────────────────────────────────────────────────────────────────────────────────────────────────────────────────────────────────────────────────────────────────────── ,ggggggggggg, ,gggg, dP""""""88""""""""""""Y8, d8"" ""8I ,dPYb, Yb, 88 `8b 88 ,dP...",decompyle3:not_run:;pylingual:not_run:
cpython-310,data/rq3/cpython-3.10/unique_bug_pyc/cpython-310-e971988aef9a.pyc,no_source,"# decompyle3 version 3.9.3 # Python bytecode version base 3.10 (3439) # Decompiled from: Python 3.10.12 (main, Mar 3 2026, 11:56:32) [GCC 11.4.0] # Embedded file name: data/rq3/cpython-3.10/unittest_seeds/raw/cpython_case_test_symtable_S...",exit_1,"Traceback (most recent call last): File ""/root/PyBC-Sec/pybcSEC/data/rq4/harness.py"", line 29, in <module> result = target() File ""data/rq3/cpython-3.10/unittest_seeds/raw/cpython_case_test_symtable_SymtableTest_test_filename_correct.py""...",,"decompyle3:error:# decompyle3 version 3.9.3 # Python bytecode version base 3.10 (3439) # Decompiled from: Python 3.10.12 (main, Mar 3 2026, 11:56:32) [GCC 11.4.0] # Embedded file name: data/rq3/cpython-3.10/unittest_seeds/raw/cpython_case_test_symtable_S...;pylingual:error:────────────────────────────────────────────────────────────────────────────────────────────────────────────────────────────────────────────────────────────────────── ,ggggggggggg, ,gggg, dP""""""88""""""""""""Y8, d8"" ""8I ,dPYb, Yb, 88 `8b 88 ,dP...",decompyle3:not_run:;pylingual:not_run:
cpython-310,data/rq3/cpython-3.10/unique_bug_pyc/cpython-310-e98e59051196.pyc,no_source,"# decompyle3 version 3.9.3 # Python bytecode version base 3.10 (3439) # Decompiled from: Python 3.10.12 (main, Mar 3 2026, 11:56:32) [GCC 11.4.0] # Embedded file name: data/rq3/cpython-3.10/unittest_seeds/raw/cpython_case_test_ssl_Thread...",crash,"signal_6:Fatal Python error: PyFrame_BlockPop: block stack underflow Python runtime state: initialized Current thread 0x0000739fa8d25000 (most recent call first): File ""data/rq3/cpython-3.10/unittest_seeds/raw/cpython_case_test_ssl_ThreadedTests_...",,"decompyle3:error:# decompyle3 version 3.9.3 # Python bytecode version base 3.10 (3439) # Decompiled from: Python 3.10.12 (main, Mar 3 2026, 11:56:32) [GCC 11.4.0] # Embedded file name: data/rq3/cpython-3.10/unittest_seeds/raw/cpython_case_test_ssl_Thread...;pylingual:error:────────────────────────────────────────────────────────────────────────────────────────────────────────────────────────────────────────────────────────────────────── ,ggggggggggg, ,gggg, dP""""""88""""""""""""Y8, d8"" ""8I ,dPYb, Yb, 88 `8b 88 ,dP...",decompyle3:not_run:;pylingual:not_run:
cpython-310,data/rq3/cpython-3.10/unique_bug_pyc/cpython-310-ec0e20f3cd41.pyc,no_source,"# decompyle3 version 3.9.3 # Python bytecode version base 3.10 (3439) # Decompiled from: Python 3.10.12 (main, Mar 3 2026, 11:56:32) [GCC 11.4.0] # Embedded file name: data/rq3/cpython-3.10/unittest_seeds/raw/cpython_case_test_patma_Test...",crash,signal_11:,,"decompyle3:error:# decompyle3 version 3.9.3 # Python bytecode version base 3.10 (3439) # Decompiled from: Python 3.10.12 (main, Mar 3 2026, 11:56:32) [GCC 11.4.0] # Embedded file name: data/rq3/cpython-3.10/unittest_seeds/raw/cpython_case_test_patma_Test...;pylingual:error:────────────────────────────────────────────────────────────────────────────────────────────────────────────────────────────────────────────────────────────────────── ,ggggggggggg, ,gggg, dP""""""88""""""""""""Y8, d8"" ""8I ,dPYb, Yb, 88 `8b 88 ,dP...",decompyle3:not_run:;pylingual:not_run:
cpython-310,data/rq3/cpython-3.10/unique_bug_pyc/cpython-310-ec514c3facec.pyc,no_source,"# decompyle3 version 3.9.3 # Python bytecode version base 3.10 (3439) # Decompiled from: Python 3.10.12 (main, Mar 3 2026, 11:56:32) [GCC 11.4.0] # Embedded file name: data/rq3/cpython-3.10/unittest_seeds/raw/cpython_^-Òj_test_faulthandl...",crash,signal_11:,,"decompyle3:error:# decompyle3 version 3.9.3 # Python bytecode version base 3.10 (3439) # Decompiled from: Python 3.10.12 (main, Mar 3 2026, 11:56:32) [GCC 11.4.0] # Embedded file name: data/rq3/cpython-3.10/unittest_seeds/raw/cpython_^-Òj_test_faulthandl...;pylingual:error:────────────────────────────────────────────────────────────────────────────────────────────────────────────────────────────────────────────────────────────────────── ,ggggggggggg, ,gggg, dP""""""88""""""""""""Y8, d8"" ""8I ,dPYb, Yb, 88 `8b 88 ,dP...",decompyle3:not_run:;pylingual:not_run:
cpython-310,data/rq3/cpython-3.10/unique_bug_pyc/cpython-310-ed6225ecbcc3.pyc,no_source,"# decompyle3 version 3.9.3 # Python bytecode version base 3.10 (3439) # Decompiled from: Python 3.10.12 (main, Mar 3 2026, 11:56:32) [GCC 11.4.0] # Embedded file name: data/rq3/cpython-3.10/unittest_seeds/raw/cpython_case_test_deque_Test...",crash,signal_11:,,"decompyle3:error:# decompyle3 version 3.9.3 # Python bytecode version base 3.10 (3439) # Decompiled from: Python 3.10.12 (main, Mar 3 2026, 11:56:32) [GCC 11.4.0] # Embedded file name: data/rq3/cpython-3.10/unittest_seeds/raw/cpython_case_test_deque_Test...;pylingual:error:────────────────────────────────────────────────────────────────────────────────────────────────────────────────────────────────────────────────────────────────────── ,ggggggggggg, ,gggg, dP""""""88""""""""""""Y8, d8"" ""8I ,dPYb, Yb, 88 `8b 88 ,dP...",decompyle3:not_run:;pylingual:not_run:
cpython-310,data/rq3/cpython-3.10/unique_bug_pyc/cpython-310-ede5174b77bb.pyc,no_source,"# decompyle3 version 3.9.3 # Python bytecode version base 3.10 (3439) # Decompiled from: Python 3.10.12 (main, Mar 3 2026, 11:56:32) [GCC 11.4.0] # Embedded file name: data/rq3/cpython-3.10/unittest_seeds/raw/cpython_case_test_sys_SysMod...",crash,signal_11:,,"decompyle3:error:# decompyle3 version 3.9.3 # Python bytecode version base 3.10 (3439) # Decompiled from: Python 3.10.12 (main, Mar 3 2026, 11:56:32) [GCC 11.4.0] # Embedded file name: data/rq3/cpython-3.10/unittest_seeds/raw/cpython_case_test_sys_SysMod...;pylingual:error:────────────────────────────────────────────────────────────────────────────────────────────────────────────────────────────────────────────────────────────────────── ,ggggggggggg, ,gggg, dP""""""88""""""""""""Y8, d8"" ""8I ,dPYb, Yb, 88 `8b 88 ,dP...",decompyle3:not_run:;pylingual:not_run:
cpython-310,data/rq3/cpython-3.10/unique_bug_pyc/cpython-310-ee013bedb0b0.pyc,no_source,"# decompyle3 version 3.9.3 # Python bytecode version base 3.10 (3439) # Decompiled from: Python 3.10.12 (main, Mar 3 2026, 11:56:32) [GCC 11.4.0] # Embedded file name: data/rq3/cpython-3.10/unittest_seeds/raw/cpython_case_test_selectors_...",exit_1,"Traceback (most recent call last): File ""/root/PyBC-Sec/pybcSEC/data/rq4/harness.py"", line 29, in <module> result = target() File ""data/rq3/cpython-3.10/unittest_seeds/raw/cpython_case_test_selectors_BaseSelectorTestCase_test_close.py"", ...",,"decompyle3:error:# decompyle3 version 3.9.3 # Python bytecode version base 3.10 (3439) # Decompiled from: Python 3.10.12 (main, Mar 3 2026, 11:56:32) [GCC 11.4.0] # Embedded file name: data/rq3/cpython-3.10/unittest_seeds/raw/cpython_case_test_selectors_...;pylingual:error:────────────────────────────────────────────────────────────────────────────────────────────────────────────────────────────────────────────────────────────────────── ,ggggggggggg, ,gggg, dP""""""88""""""""""""Y8, d8"" ""8I ,dPYb, Yb, 88 `8b 88 ,dP...",decompyle3:not_run:;pylingual:not_run:
cpython-310,data/rq3/cpython-3.10/unique_bug_pyc/cpython-310-eee12f3bfc79.pyc,unconfirmed,original bytecode status ok:,ok,,,"decompyle3:error:# decompyle3 version 3.9.3 # Python bytecode version base 3.10 (3439) # Decompiled from: Python 3.10.12 (main, Mar 3 2026, 11:56:32) [GCC 11.4.0] # Embedded file name: data/rq3/cpython-3.10/unittest_seeds/raw/cpython_case_test_array_Base...;pylingual:error:────────────────────────────────────────────────────────────────────────────────────────────────────────────────────────────────────────────────────────────────────── ,ggggggggggg, ,gggg, dP""""""88""""""""""""Y8, d8"" ""8I ,dPYb, Yb, 88 `8b 88 ,dP...",decompyle3:not_run:;pylingual:not_run:
cpython-310,data/rq3/cpython-3.10/unique_bug_pyc/cpython-310-ef3a795b7dd4.pyc,no_source,/root/PyBC-Sec/pybcSEC/data/rq2/envs/cpython-310/lib/python3.10/site-packages/click/core.py:1262: UserWarning: The parameter --version is used more than once. Remove its duplicate as parameters should be unique. parser = self.make_parser...,exit_1,"Traceback (most recent call last): File ""/root/PyBC-Sec/pybcSEC/data/rq4/harness.py"", line 29, in <module> result = target() File ""data/rq3/cpython-3.10/unittest_seeds/raw/cpython_case_test_inspect_TestIsDataDescriptor_test_slot.py"", lin...",,"decompyle3:exit_2:/root/PyBC-Sec/pybcSEC/data/rq2/envs/cpython-310/lib/python3.10/site-packages/click/core.py:1262: UserWarning: The parameter --version is used more than once. Remove its duplicate as parameters should be unique. parser = self.make_parser...;pylingual:error:────────────────────────────────────────────────────────────────────────────────────────────────────────────────────────────────────────────────────────────────────── ,ggggggggggg, ,gggg, dP""""""88""""""""""""Y8, d8"" ""8I ,dPYb, Yb, 88 `8b 88 ,dP...",decompyle3:not_run:;pylingual:not_run:
cpython-310,data/rq3/cpython-3.10/unique_bug_pyc/cpython-310-f5ab73935119.pyc,no_source,"# decompyle3 version 3.9.3 # Python bytecode version base 3.10 (3439) # Decompiled from: Python 3.10.12 (main, Mar 3 2026, 11:56:32) [GCC 11.4.0] # Embedded file name: data/rq3/cpython-3.10/unittest_seeds/raw/cpython_case_test_source_enc...",crash,signal_11:,,"decompyle3:error:# decompyle3 version 3.9.3 # Python bytecode version base 3.10 (3439) # Decompiled from: Python 3.10.12 (main, Mar 3 2026, 11:56:32) [GCC 11.4.0] # Embedded file name: data/rq3/cpython-3.10/unittest_seeds/raw/cpython_case_test_source_enc...;pylingual:error:────────────────────────────────────────────────────────────────────────────────────────────────────────────────────────────────────────────────────────────────────── ,ggggggggggg, ,gggg, dP""""""88""""""""""""Y8, d8"" ""8I ,dPYb, Yb, 88 `8b 88 ,dP...",decompyle3:not_run:;pylingual:not_run:
cpython-310,data/rq3/cpython-3.10/unique_bug_pyc/cpython-310-f71c920f34e1.pyc,no_source,"# decompyle3 version 3.9.3 # Python bytecode version base 3.10 (3439) # Decompiled from: Python 3.10.12 (main, Mar 3 2026, 11:56:32) [GCC 11.4.0] # Embedded file name: data/rq3/cpython-3.10/unittest_seeds/raw/cpython_case_test_io_TextIOW...",crash,signal_11:,,"decompyle3:error:# decompyle3 version 3.9.3 # Python bytecode version base 3.10 (3439) # Decompiled from: Python 3.10.12 (main, Mar 3 2026, 11:56:32) [GCC 11.4.0] # Embedded file name: data/rq3/cpython-3.10/unittest_seeds/raw/cpython_case_test_io_TextIOW...;pylingual:error:────────────────────────────────────────────────────────────────────────────────────────────────────────────────────────────────────────────────────────────────────── ,ggggggggggg, ,gggg, dP""""""88""""""""""""Y8, d8"" ""8I ,dPYb, Yb, 88 `8b 88 ,dP...",decompyle3:not_run:;pylingual:not_run:
cpython-310,data/rq3/cpython-3.10/unique_bug_pyc/cpython-310-ffd6726c0a4b.pyc,no_source,"# decompyle3 version 3.9.3 # Python bytecode version base 3.10 (3439) # Decompiled from: Python 3.10.12 (main, Mar 3 2026, 11:56:32) [GCC 11.4.0] # Embedded file name: data/rq3/cpython-3.10/unittest_seeds/raw/cpython_case_test_re_ReTests...",crash,signal_11:,,"decompyle3:error:# decompyle3 version 3.9.3 # Python bytecode version base 3.10 (3439) # Decompiled from: Python 3.10.12 (main, Mar 3 2026, 11:56:32) [GCC 11.4.0] # Embedded file name: data/rq3/cpython-3.10/unittest_seeds/raw/cpython_case_test_re_ReTests...;pylingual:error:────────────────────────────────────────────────────────────────────────────────────────────────────────────────────────────────────────────────────────────────────── ,ggggggggggg, ,gggg, dP""""""88""""""""""""Y8, d8"" ""8I ,dPYb, Yb, 88 `8b 88 ,dP...",decompyle3:not_run:;pylingual:not_run:
cpython-311,data/rq3/cpython-3.11/unique_bug_pyc/cpython-311-00793480a4f7.pyc,no_source,"# decompyle3 version 3.9.3 # Python bytecode version base 3.11 (3495) # Decompiled from: Python 3.11.0rc1 (main, Aug 12 2022, 10:02:14) [GCC 11.2.0] # Embedded file name: data/rq3/cpython-3.11/unittest_seeds/raw/cpython_case_test_sysconf...",crash,signal_11:,,"decompyle3:error:# decompyle3 version 3.9.3 # Python bytecode version base 3.11 (3495) # Decompiled from: Python 3.11.0rc1 (main, Aug 12 2022, 10:02:14) [GCC 11.2.0] # Embedded file name: data/rq3/cpython-3.11/unittest_seeds/raw/cpython_case_test_sysconf...;pylingual:error:────────────────────────────────────────────────────────────────────────────────────────────────────────────────────────────────────────────────────────────────────── ,ggggggggggg, ,gggg, dP""""""88""""""""""""Y8, d8"" ""8I ,dPYb, Yb, 88 `8b 88 ,dP...",decompyle3:not_run:;pylingual:not_run:
cpython-311,data/rq3/cpython-3.11/unique_bug_pyc/cpython-311-04608fe5d29c.pyc,no_source,"# decompyle3 version 3.9.3 # Python bytecode version base 3.11 (3495) # Decompiled from: Python 3.11.0rc1 (main, Aug 12 2022, 10:02:14) [GCC 11.2.0] # Embedded file name: data/rq3/cpython-3.11/unittest_seeds/raw/cpython_case_test_yield_f...",exit_1,"Traceback (most recent call last): File ""/root/PyBC-Sec/pybcSEC/data/rq4/harness.py"", line 29, in <module> result = target() ^^^^^^^^ File ""data/rq3/cpython-3.11/unittest_seeds/raw/cpython_case_test_yield_from_TestPEP380Operation_test_ge...",,"decompyle3:error:# decompyle3 version 3.9.3 # Python bytecode version base 3.11 (3495) # Decompiled from: Python 3.11.0rc1 (main, Aug 12 2022, 10:02:14) [GCC 11.2.0] # Embedded file name: data/rq3/cpython-3.11/unittest_seeds/raw/cpython_case_test_yield_f...;pylingual:error:────────────────────────────────────────────────────────────────────────────────────────────────────────────────────────────────────────────────────────────────────── ,ggggggggggg, ,gggg, dP""""""88""""""""""""Y8, d8"" ""8I ,dPYb, Yb, 88 `8b 88 ,dP...",decompyle3:not_run:;pylingual:not_run:
cpython-311,data/rq3/cpython-3.11/unique_bug_pyc/cpython-311-04dea2474c2e.pyc,no_source,"# decompyle3 version 3.9.3 # Python bytecode version base 3.11 (3495) # Decompiled from: Python 3.11.0rc1 (main, Aug 12 2022, 10:02:14) [GCC 11.2.0] # Embedded file name: data/rq3/cpython-3.11/unittest_seeds/raw/cpython_case_test_traceba...",crash,signal_11:,,"decompyle3:error:# decompyle3 version 3.9.3 # Python bytecode version base 3.11 (3495) # Decompiled from: Python 3.11.0rc1 (main, Aug 12 2022, 10:02:14) [GCC 11.2.0] # Embedded file name: data/rq3/cpython-3.11/unittest_seeds/raw/cpython_case_test_traceba...;pylingual:error:────────────────────────────────────────────────────────────────────────────────────────────────────────────────────────────────────────────────────────────────────── ,ggggggggggg, ,gggg, dP""""""88""""""""""""Y8, d8"" ""8I ,dPYb, Yb, 88 `8b 88 ,dP...",decompyle3:not_run:;pylingual:not_run:
cpython-311,data/rq3/cpython-3.11/unique_bug_pyc/cpython-311-05297905678a.pyc,no_source,/root/PyBC-Sec/pybcSEC/data/rq2/envs/cpython-311/lib/python3.11/site-packages/click/core.py:1262: UserWarning: The parameter --version is used more than once. Remove its duplicate as parameters should be unique. parser = self.make_parser...,crash,signal_11:,,"decompyle3:exit_2:/root/PyBC-Sec/pybcSEC/data/rq2/envs/cpython-311/lib/python3.11/site-packages/click/core.py:1262: UserWarning: The parameter --version is used more than once. Remove its duplicate as parameters should be unique. parser = self.make_parser...;pylingual:error:────────────────────────────────────────────────────────────────────────────────────────────────────────────────────────────────────────────────────────────────────── ,ggggggggggg, ,gggg, dP""""""88""""""""""""Y8, d8"" ""8I ,dPYb, Yb, 88 `8b 88 ,dP...",decompyle3:not_run:;pylingual:not_run:
cpython-311,data/rq3/cpython-3.11/unique_bug_pyc/cpython-311-05f23e8f2dc0.pyc,no_source,"# decompyle3 version 3.9.3 # Python bytecode version base 3.11 (3495) # Decompiled from: Python 3.11.0rc1 (main, Aug 12 2022, 10:02:14) [GCC 11.2.0] # Embedded file name: data/rq3/cpython-3.11/unittest_seeds/raw/cpython_case_test_patma_T...",crash,"signal_11:XXX lineno: 5, opcode: 236",,"decompyle3:error:# decompyle3 version 3.9.3 # Python bytecode version base 3.11 (3495) # Decompiled from: Python 3.11.0rc1 (main, Aug 12 2022, 10:02:14) [GCC 11.2.0] # Embedded file name: data/rq3/cpython-3.11/unittest_seeds/raw/cpython_case_test_patma_T...;pylingual:error:────────────────────────────────────────────────────────────────────────────────────────────────────────────────────────────────────────────────────────────────────── ,ggggggggggg, ,gggg, dP""""""88""""""""""""Y8, d8"" ""8I ,dPYb, Yb, 88 `8b 88 ,dP...",decompyle3:not_run:;pylingual:not_run:
cpython-311,data/rq3/cpython-3.11/unique_bug_pyc/cpython-311-0ac6e10ec012.pyc,no_source,"# decompyle3 version 3.9.3 # Python bytecode version base 3.11 (3495) # Decompiled from: Python 3.11.0rc1 (main, Aug 12 2022, 10:02:14) [GCC 11.2.0] # Embedded file name: data/rq3/cpython-3.11/unittest_seeds/raw/\\0\\0\\0thon_case_test_io_Buff...",crash,signal_11:,,"decompyle3:error:# decompyle3 version 3.9.3 # Python bytecode version base 3.11 (3495) # Decompiled from: Python 3.11.0rc1 (main, Aug 12 2022, 10:02:14) [GCC 11.2.0] # Embedded file name: data/rq3/cpython-3.11/unittest_seeds/raw/\\0\\0\\0thon_case_test_io_Buff...;pylingual:error:────────────────────────────────────────────────────────────────────────────────────────────────────────────────────────────────────────────────────────────────────── ,ggggggggggg, ,gggg, dP""""""88""""""""""""Y8, d8"" ""8I ,dPYb, Yb, 88 `8b 88 ,dP...",decompyle3:not_run:;pylingual:not_run:
cpython-311,data/rq3/cpython-3.11/unique_bug_pyc/cpython-311-150c32ac2f32.pyc,no_source,"# decompyle3 version 3.9.3 # Python bytecode version base 3.11 (3495) # Decompiled from: Python 3.11.0rc1 (main, Aug 12 2022, 10:02:14) [GCC 11.2.0] # Embedded file name: data/rq3/cpython-3.11/unittest_seeds/raw/cpython_case_test_statist...",crash,signal_11:,,"decompyle3:error:# decompyle3 version 3.9.3 # Python bytecode version base 3.11 (3495) # Decompiled from: Python 3.11.0rc1 (main, Aug 12 2022, 10:02:14) [GCC 11.2.0] # Embedded file name: data/rq3/cpython-3.11/unittest_seeds/raw/cpython_case_test_statist...;pylingual:error:────────────────────────────────────────────────────────────────────────────────────────────────────────────────────────────────────────────────────────────────────── ,ggggggggggg, ,gggg, dP""""""88""""""""""""Y8, d8"" ""8I ,dPYb, Yb, 88 `8b 88 ,dP...",decompyle3:not_run:;pylingual:not_run:
cpython-311,data/rq3/cpython-3.11/unique_bug_pyc/cpython-311-180849cc3760.pyc,no_source,"# decompyle3 version 3.9.3 # Python bytecode version base 3.11 (3495) # Decompiled from: Python 3.11.0rc1 (main, Aug 12 2022, 10:02:14) [GCC 11.2.0] # Embedded file name: data/rq3/cpython-3.11/unittest_seeds/raw/cpython_case_test_itertoo...",crash,signal_11:,,"decompyle3:error:# decompyle3 version 3.9.3 # Python bytecode version base 3.11 (3495) # Decompiled from: Python 3.11.0rc1 (main, Aug 12 2022, 10:02:14) [GCC 11.2.0] # Embedded file name: data/rq3/cpython-3.11/unittest_seeds/raw/cpython_case_test_itertoo...;pylingual:error:────────────────────────────────────────────────────────────────────────────────────────────────────────────────────────────────────────────────────────────────────── ,ggggggggggg, ,gggg, dP""""""88""""""""""""Y8, d8"" ""8I ,dPYb, Yb, 88 `8b 88 ,dP...",decompyle3:not_run:;pylingual:not_run:
cpython-311,data/rq3/cpython-3.11/unique_bug_pyc/cpython-311-19426cff68b5.pyc,no_source,"# decompyle3 version 3.9.3 # Python bytecode version base 3.11 (3495) # Decompiled from: Python 3.11.0rc1 (main, Aug 12 2022, 10:02:14) [GCC 11.2.0] # Embedded file name: data/rq3/cpython-3.11/unittest_seeds/raw/cpython_case_test_faultha...",crash,signal_11:,,"decompyle3:error:# decompyle3 version 3.9.3 # Python bytecode version base 3.11 (3495) # Decompiled from: Python 3.11.0rc1 (main, Aug 12 2022, 10:02:14) [GCC 11.2.0] # Embedded file name: data/rq3/cpython-3.11/unittest_seeds/raw/cpython_case_test_faultha...;pylingual:error:────────────────────────────────────────────────────────────────────────────────────────────────────────────────────────────────────────────────────────────────────── ,ggggggggggg, ,gggg, dP""""""88""""""""""""Y8, d8"" ""8I ,dPYb, Yb, 88 `8b 88 ,dP...",decompyle3:not_run:;pylingual:not_run:
cpython-311,data/rq3/cpython-3.11/unique_bug_pyc/cpython-311-1b3452bdbcde.pyc,no_source,"# decompyle3 version 3.9.3 # Python bytecode version base 3.11 (3494) # Decompiled from: Python 3.11.0rc1 (main, Aug 12 2022, 10:02:14) [GCC 11.2.0] # Embedded file name: data/rq3/cpython-3.11/unittest_seeds/raw/cpython_case_test_csv_Tes...",crash,signal_11:,,"decompyle3:error:# decompyle3 version 3.9.3 # Python bytecode version base 3.11 (3494) # Decompiled from: Python 3.11.0rc1 (main, Aug 12 2022, 10:02:14) [GCC 11.2.0] # Embedded file name: data/rq3/cpython-3.11/unittest_seeds/raw/cpython_case_test_csv_Tes...;pylingual:error:────────────────────────────────────────────────────────────────────────────────────────────────────────────────────────────────────────────────────────────────────── ,ggggggggggg, ,gggg, dP""""""88""""""""""""Y8, d8"" ""8I ,dPYb, Yb, 88 `8b 88 ,dP...",decompyle3:not_run:;pylingual:not_run:
cpython-311,data/rq3/cpython-3.11/unique_bug_pyc/cpython-311-1c620987a67d.pyc,no_source,"# decompyle3 version 3.9.3 # Python bytecode version base 3.11 (3495) # Decompiled from: Python 3.11.0rc1 (main, Aug 12 2022, 10:02:14) [GCC 11.2.0] # Embedded file name: data/rq3/cpython-3.11/unittest_seeds/raw/cpython_case_test_pydoc_T...",crash,signal_11:,,"decompyle3:error:# decompyle3 version 3.9.3 # Python bytecode version base 3.11 (3495) # Decompiled from: Python 3.11.0rc1 (main, Aug 12 2022, 10:02:14) [GCC 11.2.0] # Embedded file name: data/rq3/cpython-3.11/unittest_seeds/raw/cpython_case_test_pydoc_T...;pylingual:error:────────────────────────────────────────────────────────────────────────────────────────────────────────────────────────────────────────────────────────────────────── ,ggggggggggg, ,gggg, dP""""""88""""""""""""Y8, d8"" ""8I ,dPYb, Yb, 88 `8b 88 ,dP...",decompyle3:not_run:;pylingual:not_run:
cpython-311,data/rq3/cpython-3.11/unique_bug_pyc/cpython-311-1cf745f3ddfb.pyc,no_source,"# decompyle3 version 3.9.3 # Python bytecode version base 3.11 (3495) # Decompiled from: Python 3.11.0rc1 (main, Aug 12 2022, 10:02:14) [GCC 11.2.0] # Embedded file name: data/rq3/cpython-3.11/j³Ô~test_seeds/raw/cpython_case_test_yield_f...",exit_1,"Traceback (most recent call last): File ""/root/PyBC-Sec/pybcSEC/data/rq4/harness.py"", line 29, in <module> result = target() ^^^^^^^^ File ""data/rq3/cpython-3.11/j³Ô~test_seeds/raw/cpython_case_test_yield_from_TestPEP380Operation_test_th...",,"decompyle3:error:# decompyle3 version 3.9.3 # Python bytecode version base 3.11 (3495) # Decompiled from: Python 3.11.0rc1 (main, Aug 12 2022, 10:02:14) [GCC 11.2.0] # Embedded file name: data/rq3/cpython-3.11/j³Ô~test_seeds/raw/cpython_case_test_yield_f...;pylingual:error:────────────────────────────────────────────────────────────────────────────────────────────────────────────────────────────────────────────────────────────────────── ,ggggggggggg, ,gggg, dP""""""88""""""""""""Y8, d8"" ""8I ,dPYb, Yb, 88 `8b 88 ,dP...",decompyle3:not_run:;pylingual:not_run:
cpython-311,data/rq3/cpython-3.11/unique_bug_pyc/cpython-311-201b75984cf2.pyc,no_source,"# decompyle3 version 3.9.3 # Python bytecode version base 3.11 (3495) # Decompiled from: Python 3.11.0rc1 (main, Aug 12 2022, 10:02:14) [GCC 11.2.0] # Embedded file name: data/rq3/cpython-3.11/unittest_seeds/raw/cpython_case_test_marshal...",crash,signal_11:,,"decompyle3:error:# decompyle3 version 3.9.3 # Python bytecode version base 3.11 (3495) # Decompiled from: Python 3.11.0rc1 (main, Aug 12 2022, 10:02:14) [GCC 11.2.0] # Embedded file name: data/rq3/cpython-3.11/unittest_seeds/raw/cpython_case_test_marshal...;pylingual:error:────────────────────────────────────────────────────────────────────────────────────────────────────────────────────────────────────────────────────────────────────── ,ggggggggggg, ,gggg, dP""""""88""""""""""""Y8, d8"" ""8I ,dPYb, Yb, 88 `8b 88 ,dP...",decompyle3:not_run:;pylingual:not_run:
cpython-311,data/rq3/cpython-3.11/unique_bug_pyc/cpython-311-20f318ca057b.pyc,no_source,"# decompyle3 version 3.9.3 # Python bytecode version base 3.11 (3495) # Decompiled from: Python 3.11.0rc1 (main, Aug 12 2022, 10:02:14) [GCC 11.2.0] # Embedded file name: data/rq3/cpython-3.11/unittest_seeds/raw/cpython_case_test_peephol...",crash,signal_11:,,"decompyle3:error:# decompyle3 version 3.9.3 # Python bytecode version base 3.11 (3495) # Decompiled from: Python 3.11.0rc1 (main, Aug 12 2022, 10:02:14) [GCC 11.2.0] # Embedded file name: data/rq3/cpython-3.11/unittest_seeds/raw/cpython_case_test_peephol...;pylingual:error:────────────────────────────────────────────────────────────────────────────────────────────────────────────────────────────────────────────────────────────────────── ,ggggggggggg, ,gggg, dP""""""88""""""""""""Y8, d8"" ""8I ,dPYb, Yb, 88 `8b 88 ,dP...",decompyle3:not_run:;pylingual:not_run:
cpython-311,data/rq3/cpython-3.11/unique_bug_pyc/cpython-311-2350c53c731c.pyc,no_source,"# decompyle3 version 3.9.3 # Python bytecode version base 3.11 (3495) # Decompiled from: Python 3.11.0rc1 (main, Aug 12 2022, 10:02:14) [GCC 11.2.0] # Embedded file name: data/rq3/cpython-3.11/unittest_seeds/raw/cpython_case_test_dict_Di...",crash,signal_11:,,"decompyle3:error:# decompyle3 version 3.9.3 # Python bytecode version base 3.11 (3495) # Decompiled from: Python 3.11.0rc1 (main, Aug 12 2022, 10:02:14) [GCC 11.2.0] # Embedded file name: data/rq3/cpython-3.11/unittest_seeds/raw/cpython_case_test_dict_Di...;pylingual:error:────────────────────────────────────────────────────────────────────────────────────────────────────────────────────────────────────────────────────────────────────── ,ggggggggggg, ,gggg, dP""""""88""""""""""""Y8, d8"" ""8I ,dPYb, Yb, 88 `8b 88 ,dP...",decompyle3:not_run:;pylingual:not_run:
cpython-311,data/rq3/cpython-3.11/unique_bug_pyc/cpython-311-27abee334929.pyc,no_source,"# decompyle3 version 3.9.3 # Python bytecode version base 3.11 (3495) # Decompiled from: Python 3.11.0rc1 (main, Aug 12 2022, 10:02:14) [GCC 11.2.0] # Embedded file name: data/rq3/cpython-3.11/unittest_seeds/raw/cpython_case_test_shutil_...",crash,signal_11:,,"decompyle3:error:# decompyle3 version 3.9.3 # Python bytecode version base 3.11 (3495) # Decompiled from: Python 3.11.0rc1 (main, Aug 12 2022, 10:02:14) [GCC 11.2.0] # Embedded file name: data/rq3/cpython-3.11/unittest_seeds/raw/cpython_case_test_shutil_...;pylingual:error:────────────────────────────────────────────────────────────────────────────────────────────────────────────────────────────────────────────────────────────────────── ,ggggggggggg, ,gggg, dP""""""88""""""""""""Y8, d8"" ""8I ,dPYb, Yb, 88 `8b 88 ,dP...",decompyle3:not_run:;pylingual:not_run:
cpython-311,data/rq3/cpython-3.11/unique_bug_pyc/cpython-311-27eb285f1285.pyc,no_source,"# decompyle3 version 3.9.3 # Python bytecode version base 3.11 (3495) # Decompiled from: Python 3.11.0rc1 (main, Aug 12 2022, 10:02:14) [GCC 11.2.0] # Embedded file name: data/rq3/cpython-3.11/unittest_seeds/raw/cpython_case_test_os_Win3...",crash,signal_11:,,"decompyle3:error:# decompyle3 version 3.9.3 # Python bytecode version base 3.11 (3495) # Decompiled from: Python 3.11.0rc1 (main, Aug 12 2022, 10:02:14) [GCC 11.2.0] # Embedded file name: data/rq3/cpython-3.11/unittest_seeds/raw/cpython_case_test_os_Win3...;pylingual:error:────────────────────────────────────────────────────────────────────────────────────────────────────────────────────────────────────────────────────────────────────── ,ggggggggggg, ,gggg, dP""""""88""""""""""""Y8, d8"" ""8I ,dPYb, Yb, 88 `8b 88 ,dP...",decompyle3:not_run:;pylingual:not_run:
cpython-311,data/rq3/cpython-3.11/unique_bug_pyc/cpython-311-2892d05adfc4.pyc,no_source,"# decompyle3 version 3.9.3 # Python bytecode version base 3.11 (3495) # Decompiled from: Python 3.11.0rc1 (main, Aug 12 2022, 10:02:14) [GCC 11.2.0] # Embedded file name: data/rq3/cpython-3.11/unittest_seeds/raw/cpython_case_test_traceba...",crash,signal_11:,,"decompyle3:error:# decompyle3 version 3.9.3 # Python bytecode version base 3.11 (3495) # Decompiled from: Python 3.11.0rc1 (main, Aug 12 2022, 10:02:14) [GCC 11.2.0] # Embedded file name: data/rq3/cpython-3.11/unittest_seeds/raw/cpython_case_test_traceba...;pylingual:error:────────────────────────────────────────────────────────────────────────────────────────────────────────────────────────────────────────────────────────────────────── ,ggggggggggg, ,gggg, dP""""""88""""""""""""Y8, d8"" ""8I ,dPYb, Yb, 88 `8b 88 ,dP...",decompyle3:not_run:;pylingual:not_run:
cpython-311,data/rq3/cpython-3.11/unique_bug_pyc/cpython-311-2a17edfc4954.pyc,no_source,/root/PyBC-Sec/pybcSEC/data/rq2/envs/cpython-311/lib/python3.11/site-packages/click/core.py:1262: UserWarning: The parameter --version is used more than once. Remove its duplicate as parameters should be unique. parser = self.make_parser...,crash,signal_11:,,"decompyle3:exit_2:/root/PyBC-Sec/pybcSEC/data/rq2/envs/cpython-311/lib/python3.11/site-packages/click/core.py:1262: UserWarning: The parameter --version is used more than once. Remove its duplicate as parameters should be unique. parser = self.make_parser...;pylingual:error:────────────────────────────────────────────────────────────────────────────────────────────────────────────────────────────────────────────────────────────────────── ,ggggggggggg, ,gggg, dP""""""88""""""""""""Y8, d8"" ""8I ,dPYb, Yb, 88 `8b 88 ,dP...",decompyle3:not_run:;pylingual:not_run:
cpython-311,data/rq3/cpython-3.11/unique_bug_pyc/cpython-311-2a1e022b8f5b.pyc,no_source,"# decompyle3 version 3.9.3 # Python bytecode version base 3.11 (3495) # Decompiled from: Python 3.11.0rc1 (main, Aug 12 2022, 10:02:14) [GCC 11.2.0] # Embedded file name: data/rq3/cpython-3.11/unittest_seeds/raw/cpython_case_test_fractio...",exit_1,"Traceback (most recent call last): File ""/root/PyBC-Sec/pybcSEC/data/rq4/harness.py"", line 26, in <module> exec(code, namespace, namespace) File ""data/rq3/cpython-3.11/unittest_seeds/raw/cpython_case_test_fractions_FractionTest_test_copy...",,"decompyle3:error:# decompyle3 version 3.9.3 # Python bytecode version base 3.11 (3495) # Decompiled from: Python 3.11.0rc1 (main, Aug 12 2022, 10:02:14) [GCC 11.2.0] # Embedded file name: data/rq3/cpython-3.11/unittest_seeds/raw/cpython_case_test_fractio...;pylingual:error:────────────────────────────────────────────────────────────────────────────────────────────────────────────────────────────────────────────────────────────────────── ,ggggggggggg, ,gggg, dP""""""88""""""""""""Y8, d8"" ""8I ,dPYb, Yb, 88 `8b 88 ,dP...",decompyle3:not_run:;pylingual:not_run:
cpython-311,data/rq3/cpython-3.11/unique_bug_pyc/cpython-311-2bde86f7f959.pyc,no_source,"# decompyle3 version 3.9.3 # Python bytecode version base 3.11 (3495) # Decompiled from: Python 3.11.0rc1 (main, Aug 12 2022, 10:02:14) [GCC 11.2.0] # Embedded file name: data/rq3/cpython-3.11/unittest_seeds/raw/cpython_case_test_frame_T...",crash,signal_11:,,"decompyle3:error:# decompyle3 version 3.9.3 # Python bytecode version base 3.11 (3495) # Decompiled from: Python 3.11.0rc1 (main, Aug 12 2022, 10:02:14) [GCC 11.2.0] # Embedded file name: data/rq3/cpython-3.11/unittest_seeds/raw/cpython_case_test_frame_T...;pylingual:error:────────────────────────────────────────────────────────────────────────────────────────────────────────────────────────────────────────────────────────────────────── ,ggggggggggg, ,gggg, dP""""""88""""""""""""Y8, d8"" ""8I ,dPYb, Yb, 88 `8b 88 ,dP...",decompyle3:not_run:;pylingual:not_run:
cpython-311,data/rq3/cpython-3.11/unique_bug_pyc/cpython-311-2de9f8a450f8.pyc,no_source,"# decompyle3 version 3.9.3 # Python bytecode version base 3.11 (3495) # Decompiled from: Python 3.11.0rc1 (main, Aug 12 2022, 10:02:14) [GCC 11.2.0] # Embedded file name: data/rq3/cpython-3.11/unittest_seeds/raw/cpython_case_test_set_Tes...",crash,signal_11:,,"decompyle3:error:# decompyle3 version 3.9.3 # Python bytecode version base 3.11 (3495) # Decompiled from: Python 3.11.0rc1 (main, Aug 12 2022, 10:02:14) [GCC 11.2.0] # Embedded file name: data/rq3/cpython-3.11/unittest_seeds/raw/cpython_case_test_set_Tes...;pylingual:error:────────────────────────────────────────────────────────────────────────────────────────────────────────────────────────────────────────────────────────────────────── ,ggggggggggg, ,gggg, dP""""""88""""""""""""Y8, d8"" ""8I ,dPYb, Yb, 88 `8b 88 ,dP...",decompyle3:not_run:;pylingual:not_run:
cpython-311,data/rq3/cpython-3.11/unique_bug_pyc/cpython-311-2e423e9e1359.pyc,no_source,"# decompyle3 version 3.9.3 # Python bytecode version base 3.11 (3495) # Decompiled from: Python 3.11.0rc1 (main, Aug 12 2022, 10:02:14) [GCC 11.2.0] # Embedded file name: data/rq3/cpython-3.11/unittest_seeds/raw/cpython_case_test_capi_Te...",crash,signal_11:,,"decompyle3:error:# decompyle3 version 3.9.3 # Python bytecode version base 3.11 (3495) # Decompiled from: Python 3.11.0rc1 (main, Aug 12 2022, 10:02:14) [GCC 11.2.0] # Embedded file name: data/rq3/cpython-3.11/unittest_seeds/raw/cpython_case_test_capi_Te...;pylingual:error:────────────────────────────────────────────────────────────────────────────────────────────────────────────────────────────────────────────────────────────────────── ,ggggggggggg, ,gggg, dP""""""88""""""""""""Y8, d8"" ""8I ,dPYb, Yb, 88 `8b 88 ,dP...",decompyle3:not_run:;pylingual:not_run:
cpython-311,data/rq3/cpython-3.11/unique_bug_pyc/cpython-311-2f5aa1bc4e0c.pyc,no_source,"# decompyle3 version 3.9.3 # Python bytecode version base 3.11 (3495) # Decompiled from: Python 3.11.0rc1 (main, Aug 12 2022, 10:02:14) [GCC 11.2.0] # Embedded file name: data/rq3/cpython-3.11/unittest_seeds/raw/cpython_case_test_descr_C...",crash,signal_7:,,"decompyle3:error:# decompyle3 version 3.9.3 # Python bytecode version base 3.11 (3495) # Decompiled from: Python 3.11.0rc1 (main, Aug 12 2022, 10:02:14) [GCC 11.2.0] # Embedded file name: data/rq3/cpython-3.11/unittest_seeds/raw/cpython_case_test_descr_C...;pylingual:error:────────────────────────────────────────────────────────────────────────────────────────────────────────────────────────────────────────────────────────────────────── ,ggggggggggg, ,gggg, dP""""""88""""""""""""Y8, d8"" ""8I ,dPYb, Yb, 88 `8b 88 ,dP...",decompyle3:not_run:;pylingual:not_run:
cpython-311,data/rq3/cpython-3.11/unique_bug_pyc/cpython-311-3041ae97dcb2.pyc,no_source,"# decompyle3 version 3.9.3 # Python bytecode version base 3.11 (3495) # Decompiled from: Python 3.11.0rc1 (main, Aug 12 2022, 10:02:14) [GCC 11.2.0] # Embedded file name: data/rq3/cpython-3.11/unittest_seeds/raw/cpython_case_test_re_ReTe...",crash,signal_11:,,"decompyle3:error:# decompyle3 version 3.9.3 # Python bytecode version base 3.11 (3495) # Decompiled from: Python 3.11.0rc1 (main, Aug 12 2022, 10:02:14) [GCC 11.2.0] # Embedded file name: data/rq3/cpython-3.11/unittest_seeds/raw/cpython_case_test_re_ReTe...;pylingual:error:────────────────────────────────────────────────────────────────────────────────────────────────────────────────────────────────────────────────────────────────────── ,ggggggggggg, ,gggg, dP""""""88""""""""""""Y8, d8"" ""8I ,dPYb, Yb, 88 `8b 88 ,dP...",decompyle3:not_run:;pylingual:not_run:
cpython-311,data/rq3/cpython-3.11/unique_bug_pyc/cpython-311-3264726321f9.pyc,no_source,"# decompyle3 version 3.9.3 # Python bytecode version base 3.11 (3495) # Decompiled from: Python 3.11.0rc1 (main, Aug 12 2022, 10:02:14) [GCC 11.2.0] # Embedded file name: data/rq3/cpython-3.11/unittest_seeds/raw/cpython_case_test_source_...",crash,signal_11:,,"decompyle3:error:# decompyle3 version 3.9.3 # Python bytecode version base 3.11 (3495) # Decompiled from: Python 3.11.0rc1 (main, Aug 12 2022, 10:02:14) [GCC 11.2.0] # Embedded file name: data/rq3/cpython-3.11/unittest_seeds/raw/cpython_case_test_source_...;pylingual:error:────────────────────────────────────────────────────────────────────────────────────────────────────────────────────────────────────────────────────────────────────── ,ggggggggggg, ,gggg, dP""""""88""""""""""""Y8, d8"" ""8I ,dPYb, Yb, 88 `8b 88 ,dP...",decompyle3:not_run:;pylingual:not_run:
cpython-311,data/rq3/cpython-3.11/unique_bug_pyc/cpython-311-36b3d4d99e62.pyc,no_source,"# decompyle3 version 3.9.3 # Python bytecode version base 3.11 (3495) # Decompiled from: Python 3.11.0rc1 (main, Aug 12 2022, 10:02:14) [GCC 11.2.0] # Embedded file name: data/rq3/cpython-3.11/unittest_seeds/raw/cpython_case_test_statist...",crash,signal_11:,,"decompyle3:error:# decompyle3 version 3.9.3 # Python bytecode version base 3.11 (3495) # Decompiled from: Python 3.11.0rc1 (main, Aug 12 2022, 10:02:14) [GCC 11.2.0] # Embedded file name: data/rq3/cpython-3.11/unittest_seeds/raw/cpython_case_test_statist...;pylingual:error:────────────────────────────────────────────────────────────────────────────────────────────────────────────────────────────────────────────────────────────────────── ,ggggggggggg, ,gggg, dP""""""88""""""""""""Y8, d8"" ""8I ,dPYb, Yb, 88 `8b 88 ,dP...",decompyle3:not_run:;pylingual:not_run:
cpython-311,data/rq3/cpython-3.11/unique_bug_pyc/cpython-311-391d5ea40c55.pyc,no_source,"# decompyle3 version 3.9.3 # Python bytecode version base 3.11 (3495) # Decompiled from: Python 3.11.0rc1 (main, Aug 12 2022, 10:02:14) [GCC 11.2.0] # Embedded file name: data/rq3/cpython-3.11/unittest_seeds/raw/cpython_case_test_richcmp...",exit_1,"Traceback (most recent call last): File ""/root/PyBC-Sec/pybcSEC/data/rq4/harness.py"", line 29, in <module> result = target() ^^^^^^^^ File ""data/rq3/cpython-3.11/unittest_seeds/raw/cpython_case_test_richcmp_DictTest_test_dicts.py"", line ...",,"decompyle3:error:# decompyle3 version 3.9.3 # Python bytecode version base 3.11 (3495) # Decompiled from: Python 3.11.0rc1 (main, Aug 12 2022, 10:02:14) [GCC 11.2.0] # Embedded file name: data/rq3/cpython-3.11/unittest_seeds/raw/cpython_case_test_richcmp...;pylingual:error:────────────────────────────────────────────────────────────────────────────────────────────────────────────────────────────────────────────────────────────────────── ,ggggggggggg, ,gggg, dP""""""88""""""""""""Y8, d8"" ""8I ,dPYb, Yb, 88 `8b 88 ,dP...",decompyle3:not_run:;pylingual:not_run:
cpython-311,data/rq3/cpython-3.11/unique_bug_pyc/cpython-311-39a562d100eb.pyc,no_source,"# decompyle3 version 3.9.3 # Python bytecode version base 3.11 (3495) # Decompiled from: Python 3.11.0rc1 (main, Aug 12 2022, 10:02:14) [GCC 11.2.0] # Embedded file name: data/rq3/cpython-3.11/unittest_seeds/raw/cpython_case_test_excepti...",crash,"signal_11:Traceback (most recent call last): File ""/root/PyBC-Sec/pybcSEC/data/rq4/harness.py"", line 29, in <module> result = target() ^^^^^^^^ File ""data/rq3/cpython-3.11/unittest_seeds/raw/cpython_case_test_exceptionsiExceptionTests_test_MemoryE...",,"decompyle3:error:# decompyle3 version 3.9.3 # Python bytecode version base 3.11 (3495) # Decompiled from: Python 3.11.0rc1 (main, Aug 12 2022, 10:02:14) [GCC 11.2.0] # Embedded file name: data/rq3/cpython-3.11/unittest_seeds/raw/cpython_case_test_excepti...;pylingual:error:────────────────────────────────────────────────────────────────────────────────────────────────────────────────────────────────────────────────────────────────────── ,ggggggggggg, ,gggg, dP""""""88""""""""""""Y8, d8"" ""8I ,dPYb, Yb, 88 `8b 88 ,dP...",decompyle3:not_run:;pylingual:not_run:
cpython-311,data/rq3/cpython-3.11/unique_bug_pyc/cpython-311-3addb7f7df89.pyc,no_source,"# decompyle3 version 3.9.3 # Python bytecode version base 3.11 (3495) # Decompiled from: Python 3.11.0rc1 (main, Aug 12 2022, 10:02:14) [GCC 11.2.0] # Embedded file name: data/rq3/cpython-3.11/un-8232548eeds/raw/cpython_case_test_raise_T...",crash,signal_11:,,"decompyle3:error:# decompyle3 version 3.9.3 # Python bytecode version base 3.11 (3495) # Decompiled from: Python 3.11.0rc1 (main, Aug 12 2022, 10:02:14) [GCC 11.2.0] # Embedded file name: data/rq3/cpython-3.11/un-8232548eeds/raw/cpython_case_test_raise_T...;pylingual:error:────────────────────────────────────────────────────────────────────────────────────────────────────────────────────────────────────────────────────────────────────── ,ggggggggggg, ,gggg, dP""""""88""""""""""""Y8, d8"" ""8I ,dPYb, Yb, 88 `8b 88 ,dP...",decompyle3:not_run:;pylingual:not_run:
cpython-311,data/rq3/cpython-3.11/unique_bug_pyc/cpython-311-3d91baaa2a9f.pyc,no_source,"# decompyle3 version 3.9.3 # Python bytecode version base 3.11 (3495) # Decompiled from: Python 3.11.0rc1 (main, Aug 12 2022, 10:02:14) [GCC 11.2.0] # Embedded file name: data/rq3/cpython-3.11/unittest_seeds/raw/cpython_case_test_compare...",crash,signal_11:,,"decompyle3:error:# decompyle3 version 3.9.3 # Python bytecode version base 3.11 (3495) # Decompiled from: Python 3.11.0rc1 (main, Aug 12 2022, 10:02:14) [GCC 11.2.0] # Embedded file name: data/rq3/cpython-3.11/unittest_seeds/raw/cpython_case_test_compare...;pylingual:error:────────────────────────────────────────────────────────────────────────────────────────────────────────────────────────────────────────────────────────────────────── ,ggggggggggg, ,gggg, dP""""""88""""""""""""Y8, d8"" ""8I ,dPYb, Yb, 88 `8b 88 ,dP...",decompyle3:not_run:;pylingual:not_run:
cpython-311,data/rq3/cpython-3.11/unique_bug_pyc/cpython-311-3dea9da3226b.pyc,no_source,"# decompyle3 version 3.9.3 # Python bytecode version base 3.11 (3495) # Decompiled from: Python 3.11.0rc1 (main, Aug 12 2022, 10:02:14) [GCC 11.2.0] # Embedded file name: data/rq3/cpython-3.11/unittest_seeds/raw/cpython_case_test_richcmp...",crash,signal_11:,,"decompyle3:error:# decompyle3 version 3.9.3 # Python bytecode version base 3.11 (3495) # Decompiled from: Python 3.11.0rc1 (main, Aug 12 2022, 10:02:14) [GCC 11.2.0] # Embedded file name: data/rq3/cpython-3.11/unittest_seeds/raw/cpython_case_test_richcmp...;pylingual:error:────────────────────────────────────────────────────────────────────────────────────────────────────────────────────────────────────────────────────────────────────── ,ggggggggggg, ,gggg, dP""""""88""""""""""""Y8, d8"" ""8I ,dPYb, Yb, 88 `8b 88 ,dP...",decompyle3:not_run:;pylingual:not_run:
cpython-311,data/rq3/cpython-3.11/unique_bug_pyc/cpython-311-3e8527f976f6.pyc,unconfirmed,original bytecode status ok:,ok,,,"decompyle3:error:# decompyle3 version 3.9.3 # Python bytecode version base 3.11 (3495) # Decompiled from: Python 3.11.0rc1 (main, Aug 12 2022, 10:02:14) [GCC 11.2.0] # Embedded file name: data/rq3/cpython-3.11/unittest_seeds/raw/cpython_case_test_getpath...;pylingual:error:────────────────────────────────────────────────────────────────────────────────────────────────────────────────────────────────────────────────────────────────────── ,ggggggggggg, ,gggg, dP""""""88""""""""""""Y8, d8"" ""8I ,dPYb, Yb, 88 `8b 88 ,dP...",decompyle3:not_run:;pylingual:not_run:
cpython-311,data/rq3/cpython-3.11/unique_bug_pyc/cpython-311-3fd06f3e7374.pyc,no_source,"# decompyle3 version 3.9.3 # Python bytecode version base 3.11 (3495) # Decompiled from: Python 3.11.0rc1 (main, Aug 12 2022, 10:02:14) [GCC 11.2.0] # Embedded file name: data/rq3/cpython-3.11/unittest_seeds/raw/cpython_case_test_struct_...",crash,signal_11:,,"decompyle3:error:# decompyle3 version 3.9.3 # Python bytecode version base 3.11 (3495) # Decompiled from: Python 3.11.0rc1 (main, Aug 12 2022, 10:02:14) [GCC 11.2.0] # Embedded file name: data/rq3/cpython-3.11/unittest_seeds/raw/cpython_case_test_struct_...;pylingual:error:────────────────────────────────────────────────────────────────────────────────────────────────────────────────────────────────────────────────────────────────────── ,ggggggggggg, ,gggg, dP""""""88""""""""""""Y8, d8"" ""8I ,dPYb, Yb, 88 `8b 88 ,dP...",decompyle3:not_run:;pylingual:not_run:
cpython-311,data/rq3/cpython-3.11/unique_bug_pyc/cpython-311-3fd7c2097893.pyc,no_source,"# decompyle3 version 3.9.3 # Python bytecode version base 3.11 (3495) # Decompiled from: Python 3.11.0rc1 (main, Aug 12 2022, 10:02:14) [GCC 11.2.0] # Embedded file name: data/rq3/cpython-3.11/unittest_seeds/raw/cpython_case_test_wave_Wa...",crash,signal_11:,,"decompyle3:error:# decompyle3 version 3.9.3 # Python bytecode version base 3.11 (3495) # Decompiled from: Python 3.11.0rc1 (main, Aug 12 2022, 10:02:14) [GCC 11.2.0] # Embedded file name: data/rq3/cpython-3.11/unittest_seeds/raw/cpython_case_test_wave_Wa...;pylingual:error:────────────────────────────────────────────────────────────────────────────────────────────────────────────────────────────────────────────────────────────────────── ,ggggggggggg, ,gggg, dP""""""88""""""""""""Y8, d8"" ""8I ,dPYb, Yb, 88 `8b 88 ,dP...",decompyle3:not_run:;pylingual:not_run:
cpython-311,data/rq3/cpython-3.11/unique_bug_pyc/cpython-311-4104352150cc.pyc,no_source,"# decompyle3 version 3.9.3 # Python bytecode version base 3.11 (3495) # Decompiled from: Python 3.11.0rc1 (main, Aug 12 2022, 10:02:14) [GCC 11.2.0] # Embedded file name: data/rq3/cpython-3.11/unittest_seeds/raw/cpython_case_test_numeric...",crash,signal_11:,,"decompyle3:error:# decompyle3 version 3.9.3 # Python bytecode version base 3.11 (3495) # Decompiled from: Python 3.11.0rc1 (main, Aug 12 2022, 10:02:14) [GCC 11.2.0] # Embedded file name: data/rq3/cpython-3.11/unittest_seeds/raw/cpython_case_test_numeric...;pylingual:error:────────────────────────────────────────────────────────────────────────────────────────────────────────────────────────────────────────────────────────────────────── ,ggggggggggg, ,gggg, dP""""""88""""""""""""Y8, d8"" ""8I ,dPYb, Yb, 88 `8b 88 ,dP...",decompyle3:not_run:;pylingual:not_run:
cpython-311,data/rq3/cpython-3.11/unique_bug_pyc/cpython-311-42ca23aebbae.pyc,no_source,"# decompyle3 version 3.9.3 # Python bytecode version base 3.11 (3495) # Decompiled from: Python 3.11.0rc1 (main, Aug 12 2022, 10:02:14) [GCC 11.2.0] # Embedded file name: data/rq3/cpython-3.11/unittest_seeds/raw/cpython_case_test_tokeniz...",crash,signal_11:,,"decompyle3:error:# decompyle3 version 3.9.3 # Python bytecode version base 3.11 (3495) # Decompiled from: Python 3.11.0rc1 (main, Aug 12 2022, 10:02:14) [GCC 11.2.0] # Embedded file name: data/rq3/cpython-3.11/unittest_seeds/raw/cpython_case_test_tokeniz...;pylingual:error:────────────────────────────────────────────────────────────────────────────────────────────────────────────────────────────────────────────────────────────────────── ,ggggggggggg, ,gggg, dP""""""88""""""""""""Y8, d8"" ""8I ,dPYb, Yb, 88 `8b 88 ,dP...",decompyle3:not_run:;pylingual:not_run:
cpython-311,data/rq3/cpython-3.11/unique_bug_pyc/cpython-311-4825097c6720.pyc,no_source,"# decompyle3 version 3.9.3 # Python bytecode version base 3.11 (3495) # Decompiled from: Python 3.11.0rc1 (main, Aug 12 2022, 10:02:14) [GCC 11.2.0] # Embedded file name: data/rq3/cpython-3.11/unittest_seeds/raw/cpython_case_test_bytes_B...",crash,signal_11:,,"decompyle3:error:# decompyle3 version 3.9.3 # Python bytecode version base 3.11 (3495) # Decompiled from: Python 3.11.0rc1 (main, Aug 12 2022, 10:02:14) [GCC 11.2.0] # Embedded file name: data/rq3/cpython-3.11/unittest_seeds/raw/cpython_case_test_bytes_B...;pylingual:error:────────────────────────────────────────────────────────────────────────────────────────────────────────────────────────────────────────────────────────────────────── ,ggggggggggg, ,gggg, dP""""""88""""""""""""Y8, d8"" ""8I ,dPYb, Yb, 88 `8b 88 ,dP...",decompyle3:not_run:;pylingual:not_run:
cpython-311,data/rq3/cpython-3.11/unique_bug_pyc/cpython-311-492ff1fe49e3.pyc,no_source,"# decompyle3 version 3.9.3 # Python bytecode version base 3.11 (3495) # Decompiled from: Python 3.11.0rc1 (main, Aug 12 2022, 10:02:14) [GCC 11.2.0] # Embedded file name: data/rq3/cpython-3.11/unittest_seeds/raw/cpython_case_test_socket_...",crash,signal_11:,,"decompyle3:error:# decompyle3 version 3.9.3 # Python bytecode version base 3.11 (3495) # Decompiled from: Python 3.11.0rc1 (main, Aug 12 2022, 10:02:14) [GCC 11.2.0] # Embedded file name: data/rq3/cpython-3.11/unittest_seeds/raw/cpython_case_test_socket_...;pylingual:error:────────────────────────────────────────────────────────────────────────────────────────────────────────────────────────────────────────────────────────────────────── ,ggggggggggg, ,gggg, dP""""""88""""""""""""Y8, d8"" ""8I ,dPYb, Yb, 88 `8b 88 ,dP...",decompyle3:not_run:;pylingual:not_run:
cpython-311,data/rq3/cpython-3.11/unique_bug_pyc/cpython-311-4f167c8f9636.pyc,no_source,"# decompyle3 version 3.9.3 # Python bytecode version base 3.11 (3495) # Decompiled from: Python 3.11.0rc1 (main, Aug 12 2022, 10:02:14) [GCC 11.2.0] # Embedded file name: data/rq3/cpython-3.11/unittest_seeds/raw/cpython_case_test_generat...",exit_1,"Traceback (most recent call last): File ""/root/PyBC-Sec/pybcSEC/data/rq4/harness.py"", line 29, in <module> result = target() ^^^^^^^^ File ""data/rq3/cpython-3.11/unittest_seeds/raw/cpython_case_test_generators_GeneratorThrowTest_t\\0\\0\\0\\0\\0\\0\\0...",,"decompyle3:error:# decompyle3 version 3.9.3 # Python bytecode version base 3.11 (3495) # Decompiled from: Python 3.11.0rc1 (main, Aug 12 2022, 10:02:14) [GCC 11.2.0] # Embedded file name: data/rq3/cpython-3.11/unittest_seeds/raw/cpython_case_test_generat...;pylingual:error:────────────────────────────────────────────────────────────────────────────────────────────────────────────────────────────────────────────────────────────────────── ,ggggggggggg, ,gggg, dP""""""88""""""""""""Y8, d8"" ""8I ,dPYb, Yb, 88 `8b 88 ,dP...",decompyle3:not_run:;pylingual:not_run:
cpython-311,data/rq3/cpython-3.11/unique_bug_pyc/cpython-311-50ceb940552a.pyc,no_source,"# decompyle3 version 3.9.3 # Python bytecode version base 3.11 (3495) # Decompiled from: Python 3.11.0rc1 (main, Aug 12 2022, 10:02:14) [GCC 11.2.0] # Embedded file name: data/rq3/cpythom-3.11/unittest_seeds/raw/cpython_case_test_subproc...",crash,"signal_11:Traceback (most recent call last): File ""/root/PyBC-Sec/pybcSEC/data/rq4/harness.py"", line 29, in <module> result = target() ^^^^^^^^ File ""data/rq3/cpythom-3.11/unittest_seeds/raw/cpython_case_test_subprocess_ProcessTestCase_test_class_...",,"decompyle3:error:# decompyle3 version 3.9.3 # Python bytecode version base 3.11 (3495) # Decompiled from: Python 3.11.0rc1 (main, Aug 12 2022, 10:02:14) [GCC 11.2.0] # Embedded file name: data/rq3/cpythom-3.11/unittest_seeds/raw/cpython_case_test_subproc...;pylingual:error:────────────────────────────────────────────────────────────────────────────────────────────────────────────────────────────────────────────────────────────────────── ,ggggggggggg, ,gggg, dP""""""88""""""""""""Y8, d8"" ""8I ,dPYb, Yb, 88 `8b 88 ,dP...",decompyle3:not_run:;pylingual:not_run:
cpython-311,data/rq3/cpython-3.11/unique_bug_pyc/cpython-311-50eef3c67ce7.pyc,no_source,"# decompyle3 version 3.9.3 # Python bytecode version base 3.11 (3495) # Decompiled from: Python 3.11.0rc1 (main, Aug 12 2022, 10:02:14) [GCC 11.2.0] # Embedded file name: data/rq3/cpython-3.11/unittest_seeds/raw/cpython_case_test_set_Tes...",crash,signal_11:,,"decompyle3:error:# decompyle3 version 3.9.3 # Python bytecode version base 3.11 (3495) # Decompiled from: Python 3.11.0rc1 (main, Aug 12 2022, 10:02:14) [GCC 11.2.0] # Embedded file name: data/rq3/cpython-3.11/unittest_seeds/raw/cpython_case_test_set_Tes...;pylingual:error:────────────────────────────────────────────────────────────────────────────────────────────────────────────────────────────────────────────────────────────────────── ,ggggggggggg, ,gggg, dP""""""88""""""""""""Y8, d8"" ""8I ,dPYb, Yb, 88 `8b 88 ,dP...",decompyle3:not_run:;pylingual:not_run:
cpython-311,data/rq3/cpython-3.11/unique_bug_pyc/cpython-311-51b2310537d9.pyc,no_source,"# decompyle3 version 3.9.3 # Python bytecode version base 3.11 (3495) # Decompiled from: Python 3.11.0rc1 (main, Aug 12 2022, 10:02:14) [GCC 11.2.0] # Embedded file name: data/rq3/cpython-3.11/unittest_seeds/raw/cpython_case_test_os_FDIn...",exit_1,"Traceback (most recent call last): File ""/root/PyBC-Sec/pybcSEC/data/rq4/harness.py"", line 29, in <module> result = target() ^^^^^^^^ File ""data/rq3/cpython-3.11/unittest_seeds/raw/cpython_case_test_os_FDInheritanceTests_test_open.py"", l...",,"decompyle3:error:# decompyle3 version 3.9.3 # Python bytecode version base 3.11 (3495) # Decompiled from: Python 3.11.0rc1 (main, Aug 12 2022, 10:02:14) [GCC 11.2.0] # Embedded file name: data/rq3/cpython-3.11/unittest_seeds/raw/cpython_case_test_os_FDIn...;pylingual:error:────────────────────────────────────────────────────────────────────────────────────────────────────────────────────────────────────────────────────────────────────── ,ggggggggggg, ,gggg, dP""""""88""""""""""""Y8, d8"" ""8I ,dPYb, Yb, 88 `8b 88 ,dP...",decompyle3:not_run:;pylingual:not_run:
cpython-311,data/rq3/cpython-3.11/unique_bug_pyc/cpython-311-5746eeb92335.pyc,no_source,"# decompyle3 version 3.9.3 # Python bytecode version base 3.11 (3495) # Decompiled from: Python 3.11.0rc1 (main, Aug 12 2022, 10:02:14) [GCC 11.2.0] # Embedded file name: data/rq3/cpython-3.11/unittest_seeds/raw/cpython_case_test_dis_Ins...",crash,signal_11:,,"decompyle3:error:# decompyle3 version 3.9.3 # Python bytecode version base 3.11 (3495) # Decompiled from: Python 3.11.0rc1 (main, Aug 12 2022, 10:02:14) [GCC 11.2.0] # Embedded file name: data/rq3/cpython-3.11/unittest_seeds/raw/cpython_case_test_dis_Ins...;pylingual:error:────────────────────────────────────────────────────────────────────────────────────────────────────────────────────────────────────────────────────────────────────── ,ggggggggggg, ,gggg, dP""""""88""""""""""""Y8, d8"" ""8I ,dPYb, Yb, 88 `8b 88 ,dP...",decompyle3:not_run:;pylingual:not_run:
cpython-311,data/rq3/cpython-3.11/unique_bug_pyc/cpython-311-5759b93de53b.pyc,no_source,"# decompyle3 version 3.9.3 # Python bytecode version base 3.11 (3495) # Decompiled from: Python 3.11.0rc1 (main, Aug 12 2022, 10:02:14) [GCC 11.2.0] # Embedded file name: data/rq3/cpython-3.11/unittest_seeds/raw/cpython_case_test_io_Text...",crash,signal_11:,,"decompyle3:error:# decompyle3 version 3.9.3 # Python bytecode version base 3.11 (3495) # Decompiled from: Python 3.11.0rc1 (main, Aug 12 2022, 10:02:14) [GCC 11.2.0] # Embedded file name: data/rq3/cpython-3.11/unittest_seeds/raw/cpython_case_test_io_Text...;pylingual:error:────────────────────────────────────────────────────────────────────────────────────────────────────────────────────────────────────────────────────────────────────── ,ggggggggggg, ,gggg, dP""""""88""""""""""""Y8, d8"" ""8I ,dPYb, Yb, 88 `8b 88 ,dP...",decompyle3:not_run:;pylingual:not_run:
cpython-311,data/rq3/cpython-3.11/unique_bug_pyc/cpython-311-5821f496f911.pyc,no_source,"# decompyle3 version 3.9.3 # Python bytecode version base 3.11 (3495) # Decompiled from: Python 3.11.0rc1 (main, Aug 12 2022, 10:02:14) [GCC 11.2.0] # Embedded file name: data/rq3/cpython-3.11/unittest_seeds/raw/cpython_case_test_gzip_Te...",crash,signal_11:,,"decompyle3:error:# decompyle3 version 3.9.3 # Python bytecode version base 3.11 (3495) # Decompiled from: Python 3.11.0rc1 (main, Aug 12 2022, 10:02:14) [GCC 11.2.0] # Embedded file name: data/rq3/cpython-3.11/unittest_seeds/raw/cpython_case_test_gzip_Te...;pylingual:error:────────────────────────────────────────────────────────────────────────────────────────────────────────────────────────────────────────────────────────────────────── ,ggggggggggg, ,gggg, dP""""""88""""""""""""Y8, d8"" ""8I ,dPYb, Yb, 88 `8b 88 ,dP...",decompyle3:not_run:;pylingual:not_run:
cpython-311,data/rq3/cpython-3.11/unique_bug_pyc/cpython-311-59f5f21e80ec.pyc,no_source,"# decompyle3 version 3.9.3 # Python bytecode version base 3.11 (3495) # Decompiled from: Python 3.11.0rc1 (main, Aug 12 2022, 10:02:14) [GCC 11.2.0] # Embedded file name: data/rq3/cpython-3.11/unittest_seeds/raw/cpython_case_test_mailbox...",exit_1,"Traceback (most recent call last): File ""/root/PyBC-Sec/pybcSEC/data/rq4/harness.py"", line 26, in <module> exec(code, namespace, namespace) File ""data/rq3/cpython-3.11/unittest_seeds/raw/cpython_case_test_mailbox_TestMailbox_test_add_tha...",,"decompyle3:error:# decompyle3 version 3.9.3 # Python bytecode version base 3.11 (3495) # Decompiled from: Python 3.11.0rc1 (main, Aug 12 2022, 10:02:14) [GCC 11.2.0] # Embedded file name: data/rq3/cpython-3.11/unittest_seeds/raw/cpython_case_test_mailbox...;pylingual:error:────────────────────────────────────────────────────────────────────────────────────────────────────────────────────────────────────────────────────────────────────── ,ggggggggggg, ,gggg, dP""""""88""""""""""""Y8, d8"" ""8I ,dPYb, Yb, 88 `8b 88 ,dP...",decompyle3:not_run:;pylingual:not_run:
cpython-311,data/rq3/cpython-3.11/unique_bug_pyc/cpython-311-5a5088aea356.pyc,no_source,/root/PyBC-Sec/pybcSEC/data/rq2/envs/cpython-311/lib/python3.11/site-packages/click/core.py:1262: UserWarning: The parameter --version is used more than once. Remove its duplicate as parameters should be unique. parser = self.make_parser...,crash,"signal_11:| ExceptionGroup: (1 sub-exception) +-+---------------- 1 ---------------- | Traceback (most recent call last): | File ""data/rq3/cpython-3.11/un-82325\\0\\0\\0\\0\\0\\0\\0\\0\\0\\0\\0\\0\\0\\0\\0\\0\\0ó0\\0\\0\\0\\0d\\0\\0Z\\0edk\\0\\0\\0\\0ntext_test_nora)se_finally.py"", line 12, in __...",,"decompyle3:exit_2:/root/PyBC-Sec/pybcSEC/data/rq2/envs/cpython-311/lib/python3.11/site-packages/click/core.py:1262: UserWarning: The parameter --version is used more than once. Remove its duplicate as parameters should be unique. parser = self.make_parser...;pylingual:error:────────────────────────────────────────────────────────────────────────────────────────────────────────────────────────────────────────────────────────────────────── ,ggggggggggg, ,gggg, dP""""""88""""""""""""Y8, d8"" ""8I ,dPYb, Yb, 88 `8b 88 ,dP...",decompyle3:not_run:;pylingual:not_run:
cpython-311,data/rq3/cpython-3.11/unique_bug_pyc/cpython-311-5bdaa1635e51.pyc,no_source,"# decompyle3 version 3.9.3 # Python bytecode version base 3.11 (3495) # Decompiled from: Python 3.11.0rc1 (main, Aug 12 2022, 10:02:14) [GCC 11.2.0] # Embedded file name: data/rq3/cpython-3.11/unittest_seeds/raw/cpython_case_test_re_ReTe...",crash,signal_11:,,"decompyle3:error:# decompyle3 version 3.9.3 # Python bytecode version base 3.11 (3495) # Decompiled from: Python 3.11.0rc1 (main, Aug 12 2022, 10:02:14) [GCC 11.2.0] # Embedded file name: data/rq3/cpython-3.11/unittest_seeds/raw/cpython_case_test_re_ReTe...;pylingual:error:────────────────────────────────────────────────────────────────────────────────────────────────────────────────────────────────────────────────────────────────────── ,ggggggggggg, ,gggg, dP""""""88""""""""""""Y8, d8"" ""8I ,dPYb, Yb, 88 `8b 88 ,dP...",decompyle3:not_run:;pylingual:not_run:
cpython-311,data/rq3/cpython-3.11/unique_bug_pyc/cpython-311-5e17ee64a60a.pyc,no_source,"# decompyle3 version 3.9.3 # Python bytecode version base 3.11 (3495) # Decompiled from: Python 3.11.0rc1 (main, Aug 12 2022, 10:02:14) [GCC 11.2.0] # Embedded file name: data/rq3/cpython-3.11/unittest_seeds/raw/cpython_case_test_excepti...",crash,signal_11:,,"decompyle3:error:# decompyle3 version 3.9.3 # Python bytecode version base 3.11 (3495) # Decompiled from: Python 3.11.0rc1 (main, Aug 12 2022, 10:02:14) [GCC 11.2.0] # Embedded file name: data/rq3/cpython-3.11/unittest_seeds/raw/cpython_case_test_excepti...;pylingual:error:────────────────────────────────────────────────────────────────────────────────────────────────────────────────────────────────────────────────────────────────────── ,ggggggggggg, ,gggg, dP""""""88""""""""""""Y8, d8"" ""8I ,dPYb, Yb, 88 `8b 88 ,dP...",decompyle3:not_run:;pylingual:not_run:
cpython-311,data/rq3/cpython-3.11/unique_bug_pyc/cpython-311-5ec7fc596442.pyc,no_source,"# decompyle3 version 3.9.3 # Python bytecode version base 3.11 (3495) # Decompiled from: Python 3.11.0rc1 (main, Aug 12 2022, 10:02:14) [GCC 11.2.0] # Embedded file name: data/rq3/cpython-3.11/unittest_seeds/raw/cpython_case_test_subclas...",crash,signal_11:,,"decompyle3:error:# decompyle3 version 3.9.3 # Python bytecode version base 3.11 (3495) # Decompiled from: Python 3.11.0rc1 (main, Aug 12 2022, 10:02:14) [GCC 11.2.0] # Embedded file name: data/rq3/cpython-3.11/unittest_seeds/raw/cpython_case_test_subclas...;pylingual:error:────────────────────────────────────────────────────────────────────────────────────────────────────────────────────────────────────────────────────────────────────── ,ggggggggggg, ,gggg, dP""""""88""""""""""""Y8, d8"" ""8I ,dPYb, Yb, 88 `8b 88 ,dP...",decompyle3:not_run:;pylingual:not_run:
cpython-311,data/rq3/cpython-3.11/unique_bug_pyc/cpython-311-63207017d9b7.pyc,no_source,"# decompyle3 version 3.9.3 # Python bytecode version base 3.11 (3495) # Decompiled from: Python 3.11.0rc1 (main, Aug 12 2022, 10:02:14) [GCC 11.2.0] # Embedded file name: data/rq3/cpython-3.11/unittest_seeds/raw/cpython_case_test_os`Win3...",crash,signal_11:,,"decompyle3:error:# decompyle3 version 3.9.3 # Python bytecode version base 3.11 (3495) # Decompiled from: Python 3.11.0rc1 (main, Aug 12 2022, 10:02:14) [GCC 11.2.0] # Embedded file name: data/rq3/cpython-3.11/unittest_seeds/raw/cpython_case_test_os`Win3...;pylingual:error:────────────────────────────────────────────────────────────────────────────────────────────────────────────────────────────────────────────────────────────────────── ,ggggggggggg, ,gggg, dP""""""88""""""""""""Y8, d8"" ""8I ,dPYb, Yb, 88 `8b 88 ,dP...",decompyle3:not_run:;pylingual:not_run:
cpython-311,data/rq3/cpython-3.11/unique_bug_pyc/cpython-311-67e7fa191402.pyc,no_source,/root/PyBC-Sec/pybcSEC/data/rq2/envs/cpython-311/lib/python3.11/site-packages/click/core.py:1262: UserWarning: The parameter --version is used more than once. Remove its duplicate as parameters should be unique. parser = self.make_parser...,crash,signal_11:,,"decompyle3:exit_2:/root/PyBC-Sec/pybcSEC/data/rq2/envs/cpython-311/lib/python3.11/site-packages/click/core.py:1262: UserWarning: The parameter --version is used more than once. Remove its duplicate as parameters should be unique. parser = self.make_parser...;pylingual:error:────────────────────────────────────────────────────────────────────────────────────────────────────────────────────────────────────────────────────────────────────── ,ggggggggggg, ,gggg, dP""""""88""""""""""""Y8, d8"" ""8I ,dPYb, Yb, 88 `8b 88 ,dP...",decompyle3:not_run:;pylingual:not_run:
cpython-311,data/rq3/cpython-3.11/unique_bug_pyc/cpython-311-697fc254bc06.pyc,no_source,"# decompyle3 version 3.9.3 # Python bytecode version base 3.11 (3495) # Decompiled from: Python 3.11.0rc1 (main, Aug 12 2022, 10:02:14) [GCC 11.2.0] # Embedded file name: data/rq3/cpython-3.11/unittest_seeds/raw/cpython_case_test_re_ReTe...",crash,signal_11:,,"decompyle3:error:# decompyle3 version 3.9.3 # Python bytecode version base 3.11 (3495) # Decompiled from: Python 3.11.0rc1 (main, Aug 12 2022, 10:02:14) [GCC 11.2.0] # Embedded file name: data/rq3/cpython-3.11/unittest_seeds/raw/cpython_case_test_re_ReTe...;pylingual:error:────────────────────────────────────────────────────────────────────────────────────────────────────────────────────────────────────────────────────────────────────── ,ggggggggggg, ,gggg, dP""""""88""""""""""""Y8, d8"" ""8I ,dPYb, Yb, 88 `8b 88 ,dP...",decompyle3:not_run:;pylingual:not_run:
cpython-311,data/rq3/cpython-3.11/unique_bug_pyc/cpython-311-6b1627b229bf.pyc,no_source,"# decompyle3 version 3.9.3 # Python bytecode version base 3.11 (3495) # Decompiled from: Python 3.11.0rc1 (main, Aug 12 2022, 10:02:14) [GCC 11.2.0] # Embedded file name: data/rq3/cpython-3.11/unittest_seeds/raw/cpython_case_test_excepti...",crash,signal_11:,,"decompyle3:error:# decompyle3 version 3.9.3 # Python bytecode version base 3.11 (3495) # Decompiled from: Python 3.11.0rc1 (main, Aug 12 2022, 10:02:14) [GCC 11.2.0] # Embedded file name: data/rq3/cpython-3.11/unittest_seeds/raw/cpython_case_test_excepti...;pylingual:error:────────────────────────────────────────────────────────────────────────────────────────────────────────────────────────────────────────────────────────────────────── ,ggggggggggg, ,gggg, dP""""""88""""""""""""Y8, d8"" ""8I ,dPYb, Yb, 88 `8b 88 ,dP...",decompyle3:not_run:;pylingual:not_run:
cpython-311,data/rq3/cpython-3.11/unique_bug_pyc/cpython-311-6cca9dce7108.pyc,no_source,/root/PyBC-Sec/pybcSEC/data/rq2/envs/cpython-311/lib/python3.11/site-packages/click/core.py:1262: UserWarning: The parameter --version is used more than once. Remove its duplicate as parameters should be unique. parser = self.make_parser...,exit_1,"Traceback (most recent call last): File ""/root/PyBC-Sec/pybcSEC/data/rq4/harness.py"", line 29, in <module> result = target() ^^^^^^^^ File ""data/rq3/cpython-3.11/unittest_seeds/raw/cpython_case_test_patma_TestPatma_test_patma_248.py"", li...",,"decompyle3:exit_2:/root/PyBC-Sec/pybcSEC/data/rq2/envs/cpython-311/lib/python3.11/site-packages/click/core.py:1262: UserWarning: The parameter --version is used more than once. Remove its duplicate as parameters should be unique. parser = self.make_parser...;pylingual:error:────────────────────────────────────────────────────────────────────────────────────────────────────────────────────────────────────────────────────────────────────── ,ggggggggggg, ,gggg, dP""""""88""""""""""""Y8, d8"" ""8I ,dPYb, Yb, 88 `8b 88 ,dP...",decompyle3:not_run:;pylingual:not_run:
cpython-311,data/rq3/cpython-3.11/unique_bug_pyc/cpython-311-6cedcfc58d9d.pyc,no_source,"# decompyle3 version 3.9.3 # Python bytecode version base 3.11 (3495) # Decompiled from: Python 3.11.0rc1 (main, Aug 12 2022, 10:02:14) [GCC 11.2.0] # Embedded file name: data/rq3/cpython-3.11/unittest_seeds/raw/cpython_case_test_urllib2...",crash,signal_11:,,"decompyle3:error:# decompyle3 version 3.9.3 # Python bytecode version base 3.11 (3495) # Decompiled from: Python 3.11.0rc1 (main, Aug 12 2022, 10:02:14) [GCC 11.2.0] # Embedded file name: data/rq3/cpython-3.11/unittest_seeds/raw/cpython_case_test_urllib2...;pylingual:error:────────────────────────────────────────────────────────────────────────────────────────────────────────────────────────────────────────────────────────────────────── ,ggggggggggg, ,gggg, dP""""""88""""""""""""Y8, d8"" ""8I ,dPYb, Yb, 88 `8b 88 ,dP...",decompyle3:not_run:;pylingual:not_run:
cpython-311,data/rq3/cpython-3.11/unique_bug_pyc/cpython-311-6d4ced3ba815.pyc,no_source,"# decompyle3 version 3.9.3 # Python bytecode version base 3.11 (3495) # Decompiled from: Python 3.11.0rc1 (main, Aug 12 2022, 10:02:14) [GCC 11.2.0] # Embedded file name: data/rq3/cpython-3.11/unittest_seeds/raw/cpython_case_test_super_T...",crash,signal_11:,,"decompyle3:error:# decompyle3 version 3.9.3 # Python bytecode version base 3.11 (3495) # Decompiled from: Python 3.11.0rc1 (main, Aug 12 2022, 10:02:14) [GCC 11.2.0] # Embedded file name: data/rq3/cpython-3.11/unittest_seeds/raw/cpython_case_test_super_T...;pylingual:error:────────────────────────────────────────────────────────────────────────────────────────────────────────────────────────────────────────────────────────────────────── ,ggggggggggg, ,gggg, dP""""""88""""""""""""Y8, d8"" ""8I ,dPYb, Yb, 88 `8b 88 ,dP...",decompyle3:not_run:;pylingual:not_run:
cpython-311,data/rq3/cpython-3.11/unique_bug_pyc/cpython-311-6fa6691cd327.pyc,no_source,"# decompyle3 version 3.9.3 # Python bytecode version base 3.11 (3495) # Decompiled from: Python 3.11.0rc1 (main, Aug 12 2022, 10:02:14) [GCC 11.2.0] # Embedded file name: data/rq3/cpython-3.11/unittest_seeds/raw/cpython_case_test_types_T...",crash,signal_11:,,"decompyle3:error:# decompyle3 version 3.9.3 # Python bytecode version base 3.11 (3495) # Decompiled from: Python 3.11.0rc1 (main, Aug 12 2022, 10:02:14) [GCC 11.2.0] # Embedded file name: data/rq3/cpython-3.11/unittest_seeds/raw/cpython_case_test_types_T...;pylingual:error:────────────────────────────────────────────────────────────────────────────────────────────────────────────────────────────────────────────────────────────────────── ,ggggggggggg, ,gggg, dP""""""88""""""""""""Y8, d8"" ""8I ,dPYb, Yb, 88 `8b 88 ,dP...",decompyle3:not_run:;pylingual:not_run:
cpython-311,data/rq3/cpython-3.11/unique_bug_pyc/cpython-311-6ffbf440bc0e.pyc,no_source,"# decompyle3 version 3.9.3 # Python bytecode version base 3.11 (3495) # Decompiled from: Python 3.11.0rc1 (main, Aug 12 2022, 10:02:14) [GCC 11.2.0] # Embedded file name: data/rq3/cpython-3.11/unittest_seeds/xaw/cpython_case_test_generat...",exit_1,"Traceback (most recent call last): File ""/root/PyBC-Sec/pybcSEC/data/rq4/harness.py"", line 29, in <module> result = target() ^^^^^^^^ File ""data/rq3/cpython-3.11/unittest_seeds/xaw/cpython_case_test_generators_GeneratorThrowTest_test_exc...",,"decompyle3:error:# decompyle3 version 3.9.3 # Python bytecode version base 3.11 (3495) # Decompiled from: Python 3.11.0rc1 (main, Aug 12 2022, 10:02:14) [GCC 11.2.0] # Embedded file name: data/rq3/cpython-3.11/unittest_seeds/xaw/cpython_case_test_generat...;pylingual:error:────────────────────────────────────────────────────────────────────────────────────────────────────────────────────────────────────────────────────────────────────── ,ggggggggggg, ,gggg, dP""""""88""""""""""""Y8, d8"" ""8I ,dPYb, Yb, 88 `8b 88 ,dP...",decompyle3:not_run:;pylingual:not_run:
cpython-311,data/rq3/cpython-3.11/unique_bug_pyc/cpython-311-7030ba6b9636.pyc,no_source,"# decompyle3 version 3.9.3 # Python bytecode version base 3.11 (3495) # Decompiled from: Python 3.11.0rc1 (main, Aug 12 2022, 10:02:14) [GCC 11.2.0] # Embedded file name: data/rq3/cpython-3.11/unittest_seeds/raw/cpython_case_test_faultha...",crash,"signal_11:Traceback (most recent call last): File ""/root/PyBC-Sec/pybcSEC/data/rq4/harness.py"", line 29, in <module> result = target() ^^^^^^^^ File ""data/rq3/cpython-3.11/unittest_seeds/raw/cpython_case_test_faulthandler_FaultHandlerTests_test_st...",,"decompyle3:error:# decompyle3 version 3.9.3 # Python bytecode version base 3.11 (3495) # Decompiled from: Python 3.11.0rc1 (main, Aug 12 2022, 10:02:14) [GCC 11.2.0] # Embedded file name: data/rq3/cpython-3.11/unittest_seeds/raw/cpython_case_test_faultha...;pylingual:error:────────────────────────────────────────────────────────────────────────────────────────────────────────────────────────────────────────────────────────────────────── ,ggggggggggg, ,gggg, dP""""""88""""""""""""Y8, d8"" ""8I ,dPYb, Yb, 88 `8b 88 ,dP...",decompyle3:not_run:;pylingual:not_run:
cpython-311,data/rq3/cpython-3.11/unique_bug_pyc/cpython-311-71d66c0dd918.pyc,no_source,"# decompyle3 version 3.9.3 # Python bytecode version base 3.11 (3495) # Decompiled from: Python 3.11.0rc1 (main, Aug 12 2022, 10:02:14) [GCC 11.2.0] # Embedded file name: data/rq3/cpython-3.11/unittest_seeds/raw/cpython_case_test__osx_su...",crash,signal_11:,,"decompyle3:error:# decompyle3 version 3.9.3 # Python bytecode version base 3.11 (3495) # Decompiled from: Python 3.11.0rc1 (main, Aug 12 2022, 10:02:14) [GCC 11.2.0] # Embedded file name: data/rq3/cpython-3.11/unittest_seeds/raw/cpython_case_test__osx_su...;pylingual:error:────────────────────────────────────────────────────────────────────────────────────────────────────────────────────────────────────────────────────────────────────── ,ggggggggggg, ,gggg, dP""""""88""""""""""""Y8, d8"" ""8I ,dPYb, Yb, 88 `8b 88 ,dP...",decompyle3:not_run:;pylingual:not_run:
cpython-311,data/rq3/cpython-3.11/unique_bug_pyc/cpython-311-720d71dace6f.pyc,no_source,"# decompyle3 version 3.9.3 # Python bytecode version base 3.11 (3495) # Decompiled from: Python 3.11.0rc1 (main, Aug 12 2022, 10:02:14) [GCC 11.2.0] # Embedded file name: data/rq3/cpython-3.11/unittest_seeds/raw/cpython_case_test_statist...",crash,signal_11:,,"decompyle3:error:# decompyle3 version 3.9.3 # Python bytecode version base 3.11 (3495) # Decompiled from: Python 3.11.0rc1 (main, Aug 12 2022, 10:02:14) [GCC 11.2.0] # Embedded file name: data/rq3/cpython-3.11/unittest_seeds/raw/cpython_case_test_statist...;pylingual:error:────────────────────────────────────────────────────────────────────────────────────────────────────────────────────────────────────────────────────────────────────── ,ggggggggggg, ,gggg, dP""""""88""""""""""""Y8, d8"" ""8I ,dPYb, Yb, 88 `8b 88 ,dP...",decompyle3:not_run:;pylingual:not_run:
cpython-311,data/rq3/cpython-3.11/unique_bug_pyc/cpython-311-72d076ae3d30.pyc,no_source,"# decompyle3 version 3.9.3 # Python bytecode version base 3.11 (3495) # Decompiled from: Python 3.11.0rc1 (main, Aug 12 2022, 10:02:14) [GCC 11.2.0] # Embedded file name: data/rq3/cpython-3.11/unittest_seeds/raw/cpython_case_test_compare...",crash,signal_11:,,"decompyle3:error:# decompyle3 version 3.9.3 # Python bytecode version base 3.11 (3495) # Decompiled from: Python 3.11.0rc1 (main, Aug 12 2022, 10:02:14) [GCC 11.2.0] # Embedded file name: data/rq3/cpython-3.11/unittest_seeds/raw/cpython_case_test_compare...;pylingual:error:────────────────────────────────────────────────────────────────────────────────────────────────────────────────────────────────────────────────────────────────────── ,ggggggggggg, ,gggg, dP""""""88""""""""""""Y8, d8"" ""8I ,dPYb, Yb, 88 `8b 88 ,dP...",decompyle3:not_run:;pylingual:not_run:
cpython-311,data/rq3/cpython-3.11/unique_bug_pyc/cpython-311-73ce8e00b684.pyc,no_source,"# decompyle3 version 3.9.3 # Python bytecode version base 3.11 (3495) # Decompiled from: Python 3.11.0rc1 (main, Aug 12 2022, 10:02:14) [GCC 11.2.0] # Embedded file name: data/rq3/cpython-3.11/unittest_seeds/raw/cpython_case_test_ucn_Uni...",crash,signal_11:,,"decompyle3:error:# decompyle3 version 3.9.3 # Python bytecode version base 3.11 (3495) # Decompiled from: Python 3.11.0rc1 (main, Aug 12 2022, 10:02:14) [GCC 11.2.0] # Embedded file name: data/rq3/cpython-3.11/unittest_seeds/raw/cpython_case_test_ucn_Uni...;pylingual:error:────────────────────────────────────────────────────────────────────────────────────────────────────────────────────────────────────────────────────────────────────── ,ggggggggggg, ,gggg, dP""""""88""""""""""""Y8, d8"" ""8I ,dPYb, Yb, 88 `8b 88 ,dP...",decompyle3:not_run:;pylingual:not_run:
cpython-311,data/rq3/cpython-3.11/unique_bug_pyc/cpython-311-746ceac13e0e.pyc,no_source,"# decompyle3 version 3.9.3 # Python bytecode version base 3.11 (3495) # Decompiled from: Python 3.11.0rc1 (main, Aug 12 2022, 10:02:14) [GCC 11.2.0] # Embedded file name: data/rq3/cpython-3.11/unittest_seeds/raw/cpython_case_test_ast_Con...",crash,signal_11:,,"decompyle3:error:# decompyle3 version 3.9.3 # Python bytecode version base 3.11 (3495) # Decompiled from: Python 3.11.0rc1 (main, Aug 12 2022, 10:02:14) [GCC 11.2.0] # Embedded file name: data/rq3/cpython-3.11/unittest_seeds/raw/cpython_case_test_ast_Con...;pylingual:error:────────────────────────────────────────────────────────────────────────────────────────────────────────────────────────────────────────────────────────────────────── ,ggggggggggg, ,gggg, dP""""""88""""""""""""Y8, d8"" ""8I ,dPYb, Yb, 88 `8b 88 ,dP...",decompyle3:not_run:;pylingual:not_run:
cpython-311,data/rq3/cpython-3.11/unique_bug_pyc/cpython-311-770410f7c39e.pyc,no_source,"# decompyle3 version 3.9.3 # Python bytecode version base 3.11 (3495) # Decompiled from: Python 3.11.0rc1 (main, Aug 12 2022, 10:02:14) [GCC 11.2.0] # Embedded file name: data/rq3/cpython-2.11/unittest_seeds/raw/cpython_case_test_imp_Rel...",crash,signal_11:,,"decompyle3:error:# decompyle3 version 3.9.3 # Python bytecode version base 3.11 (3495) # Decompiled from: Python 3.11.0rc1 (main, Aug 12 2022, 10:02:14) [GCC 11.2.0] # Embedded file name: data/rq3/cpython-2.11/unittest_seeds/raw/cpython_case_test_imp_Rel...;pylingual:error:────────────────────────────────────────────────────────────────────────────────────────────────────────────────────────────────────────────────────────────────────── ,ggggggggggg, ,gggg, dP""""""88""""""""""""Y8, d8"" ""8I ,dPYb, Yb, 88 `8b 88 ,dP...",decompyle3:not_run:;pylingual:not_run:
cpython-311,data/rq3/cpython-3.11/unique_bug_pyc/cpython-311-7750cad7cef0.pyc,no_source,"# decompyle3 version 3.9.3 # Python bytecode version base 3.11 (3495) # Decompiled from: Python 3.11.0rc1 (main, Aug 12 2022, 10:02:14) [GCC 11.2.0] # Embedded file name: data/rq3/cpython-3.11/unittest_seeds/raw/cpython_case_test_compare...",crash,signal_11:,,"decompyle3:error:# decompyle3 version 3.9.3 # Python bytecode version base 3.11 (3495) # Decompiled from: Python 3.11.0rc1 (main, Aug 12 2022, 10:02:14) [GCC 11.2.0] # Embedded file name: data/rq3/cpython-3.11/unittest_seeds/raw/cpython_case_test_compare...;pylingual:error:────────────────────────────────────────────────────────────────────────────────────────────────────────────────────────────────────────────────────────────────────── ,ggggggggggg, ,gggg, dP""""""88""""""""""""Y8, d8"" ""8I ,dPYb, Yb, 88 `8b 88 ,dP...",decompyle3:not_run:;pylingual:not_run:
cpython-311,data/rq3/cpython-3.11/unique_bug_pyc/cpython-311-7b6ab4e3ddeb.pyc,no_source,"# decompyle3 version 3.9.3 # Python bytecode version base 3.11 (3495) # Decompiled from: Python 3.11.0rc1 (main, Aug 12 2022, 10:02:14) [GCC 11.2.0] # Embedded file name: data/rQ3/cpython-3.11/unittest_seeds/r[Ã/cpython_case_test_embed_E...",exit_1,"Traceback (most recent call last): File ""/root/PyBC-Sec/pybcSEC/data/rq4/harness.py"", line 29, in <module> result = target() ^^^^^^^^ File ""data/rQ3/cpython-3.11/unittest_seeds/r[Ã/cpython_case_test_embed_EmbeddingTests_test_quickned_st...",,"decompyle3:error:# decompyle3 version 3.9.3 # Python bytecode version base 3.11 (3495) # Decompiled from: Python 3.11.0rc1 (main, Aug 12 2022, 10:02:14) [GCC 11.2.0] # Embedded file name: data/rQ3/cpython-3.11/unittest_seeds/r[Ã/cpython_case_test_embed_E...;pylingual:error:────────────────────────────────────────────────────────────────────────────────────────────────────────────────────────────────────────────────────────────────────── ,ggggggggggg, ,gggg, dP""""""88""""""""""""Y8, d8"" ""8I ,dPYb, Yb, 88 `8b 88 ,dP...",decompyle3:not_run:;pylingual:not_run:
cpython-311,data/rq3/cpython-3.11/unique_bug_pyc/cpython-311-7eff7866b6bd.pyc,no_source,"# decompyle3 version 3.9.3 # Python bytecode version base 3.11 (3495) # Decompiled from: Python 3.11.0rc1 (main, Aug 12 2022, 10:02:14) [GCC 11.2.0] # Embedded file name: data/rq3/cpython-3.11/unittest_seeds/raw/cpython_case_test_embed_A...",crash,signal_11:,,"decompyle3:error:# decompyle3 version 3.9.3 # Python bytecode version base 3.11 (3495) # Decompiled from: Python 3.11.0rc1 (main, Aug 12 2022, 10:02:14) [GCC 11.2.0] # Embedded file name: data/rq3/cpython-3.11/unittest_seeds/raw/cpython_case_test_embed_A...;pylingual:error:────────────────────────────────────────────────────────────────────────────────────────────────────────────────────────────────────────────────────────────────────── ,ggggggggggg, ,gggg, dP""""""88""""""""""""Y8, d8"" ""8I ,dPYb, Yb, 88 `8b 88 ,dP...",decompyle3:not_run:;pylingual:not_run:
cpython-311,data/rq3/cpython-3.11/unique_bug_pyc/cpython-311-83a6d7d42ef7.pyc,no_source,"# decompyle3 version 3.9.3 # Python bytecode version base 3.11 (3495) # Decompiled from: Python 3.11.0rc1 (main, Aug 12 2022, 10:02:14) [GCC 11.2.0] # Embedded file name: data/rq3/cpython-3.11/unittest_seeds/raw/cp\\0\\0hon_cae_test_baseexc...",crash,signal_11:,,"decompyle3:error:# decompyle3 version 3.9.3 # Python bytecode version base 3.11 (3495) # Decompiled from: Python 3.11.0rc1 (main, Aug 12 2022, 10:02:14) [GCC 11.2.0] # Embedded file name: data/rq3/cpython-3.11/unittest_seeds/raw/cp\\0\\0hon_cae_test_baseexc...;pylingual:error:────────────────────────────────────────────────────────────────────────────────────────────────────────────────────────────────────────────────────────────────────── ,ggggggggggg, ,gggg, dP""""""88""""""""""""Y8, d8"" ""8I ,dPYb, Yb, 88 `8b 88 ,dP...",decompyle3:not_run:;pylingual:not_run:
cpython-311,data/rq3/cpython-3.11/unique_bug_pyc/cpython-311-8748dd3d40bc.pyc,no_source,"# decompyle3 version 3.9.3 # Python bytecode version base 3.11 (3495) # Decompiled from: Python 3.11.0rc1 (main, Aug 12 2022, 10:02:14) [GCC 11.2.0] # Embedded file name: data/rq3/cpython-3.11/unittest_seeds/raw/cpython_case_test__xxsubi...",exit_1,"Traceback (most recent call last): File ""/root/PyBC-Sec/pybcSEC/data/rq4/harness.py"", line 29, in <module> result = target() ^^^^^^^^ File ""data/rq3/cpython-3.11/unittest_seeds/raw/cpython_case_test__xxsubinterpreters_RunStringTests_test...",,"decompyle3:error:# decompyle3 version 3.9.3 # Python bytecode version base 3.11 (3495) # Decompiled from: Python 3.11.0rc1 (main, Aug 12 2022, 10:02:14) [GCC 11.2.0] # Embedded file name: data/rq3/cpython-3.11/unittest_seeds/raw/cpython_case_test__xxsubi...;pylingual:error:────────────────────────────────────────────────────────────────────────────────────────────────────────────────────────────────────────────────────────────────────── ,ggggggggggg, ,gggg, dP""""""88""""""""""""Y8, d8"" ""8I ,dPYb, Yb, 88 `8b 88 ,dP...",decompyle3:not_run:;pylingual:not_run:
cpython-311,data/rq3/cpython-3.11/unique_bug_pyc/cpython-311-888432a4eb45.pyc,no_source,"# decompyle3 version 3.9.3 # Python bytecode version base 3.11 (3495) # Decompiled from: Python 3.11.0rc1 (main, Aug 12 2022, 10:02:14) [GCC 11.2.0] # Embedded file name: data/rq3/cpython-3.11/unittest_seeds/raw/cpython_case_test_crypt_C...",crash,signal_11:,,"decompyle3:error:# decompyle3 version 3.9.3 # Python bytecode version base 3.11 (3495) # Decompiled from: Python 3.11.0rc1 (main, Aug 12 2022, 10:02:14) [GCC 11.2.0] # Embedded file name: data/rq3/cpython-3.11/unittest_seeds/raw/cpython_case_test_crypt_C...;pylingual:error:────────────────────────────────────────────────────────────────────────────────────────────────────────────────────────────────────────────────────────────────────── ,ggggggggggg, ,gggg, dP""""""88""""""""""""Y8, d8"" ""8I ,dPYb, Yb, 88 `8b 88 ,dP...",decompyle3:not_run:;pylingual:not_run:
cpython-311,data/rq3/cpython-3.11/unique_bug_pyc/cpython-311-8983d39ed62d.pyc,no_source,"# decompyle3 version 3.9.3 # Python bytecode version base 3.11 (3495) # Decompiled from: Python 3.11.0rc1 (main, Aug 12 2022, 10:02:14) [GCC 11.2.0] # Embedded file name: data/rq3/cpython-3.11/unittest_seeds/raw/cpython_case_test_sys_Sys...",exit_1,"Exception in thread Thread-1 (f123): Traceback (most recent call last): File ""/usr/lib/python3.11/threading.py"", line 1038, in _bootstrap_inner Traceback (most recent call last): File ""/root/PyBC-Sec/pybcSEC/data/rq4/harness.py"", line 29...",,"decompyle3:error:# decompyle3 version 3.9.3 # Python bytecode version base 3.11 (3495) # Decompiled from: Python 3.11.0rc1 (main, Aug 12 2022, 10:02:14) [GCC 11.2.0] # Embedded file name: data/rq3/cpython-3.11/unittest_seeds/raw/cpython_case_test_sys_Sys...;pylingual:error:────────────────────────────────────────────────────────────────────────────────────────────────────────────────────────────────────────────────────────────────────── ,ggggggggggg, ,gggg, dP""""""88""""""""""""Y8, d8"" ""8I ,dPYb, Yb, 88 `8b 88 ,dP...",decompyle3:not_run:;pylingual:not_run:
cpython-311,data/rq3/cpython-3.11/unique_bug_pyc/cpython-311-8c3236a47c21.pyc,no_source,"# decompyle3 version 3.9.3 # Python bytecode version base 3.11 (3495) # Decompiled from: Python 3.11.0rc1 (main, Aug 12 2022, 10:02:14) [GCC 11.2.0] # Embedded file name: data/rq3/cpython-3.11/unittest_seeds/raw/cpython_case_test_smtplib...",exit_1,"Traceback (most recent call last): File ""/root/PyBC-Sec/pybcSEC/data/rq4/harness.py"", line 29, in <module> result = target() ^^^^^^^^ File ""data/rq3/cpython-3.11/unittest_seeds/raw/cpython_case_test_smtplib_GeneralTests_test_debuglevel_2...",,"decompyle3:error:# decompyle3 version 3.9.3 # Python bytecode version base 3.11 (3495) # Decompiled from: Python 3.11.0rc1 (main, Aug 12 2022, 10:02:14) [GCC 11.2.0] # Embedded file name: data/rq3/cpython-3.11/unittest_seeds/raw/cpython_case_test_smtplib...;pylingual:error:────────────────────────────────────────────────────────────────────────────────────────────────────────────────────────────────────────────────────────────────────── ,ggggggggggg, ,gggg, dP""""""88""""""""""""Y8, d8"" ""8I ,dPYb, Yb, 88 `8b 88 ,dP...",decompyle3:not_run:;pylingual:not_run:
cpython-311,data/rq3/cpython-3.11/unique_bug_pyc/cpython-311-8c801609b2b1.pyc,no_source,"# decompyle3 version 3.9.3 # Python bytecode version base 3.11 (3495) # Decompiled from: Python 3.11.0rc1 (main, Aug 12 2022, 10:02:14) [GCC 11.2.0] # Embedded file name: data/rq3/cpython-3.11/unittest_seeds/raw/cpython_case_test_enum_Te...",crash,signal_11:,,"decompyle3:error:# decompyle3 version 3.9.3 # Python bytecode version base 3.11 (3495) # Decompiled from: Python 3.11.0rc1 (main, Aug 12 2022, 10:02:14) [GCC 11.2.0] # Embedded file name: data/rq3/cpython-3.11/unittest_seeds/raw/cpython_case_test_enum_Te...;pylingual:error:────────────────────────────────────────────────────────────────────────────────────────────────────────────────────────────────────────────────────────────────────── ,ggggggggggg, ,gggg, dP""""""88""""""""""""Y8, d8"" ""8I ,dPYb, Yb, 88 `8b 88 ,dP...",decompyle3:not_run:;pylingual:not_run:
cpython-311,data/rq3/cpython-3.11/unique_bug_pyc/cpython-311-8cd24f311667.pyc,no_source,"# decompyle3 version 3.9.3 # Python bytecode version base 3.11 (3495) # Decompiled from: Python 3.11.0rc1 (main, Aug 12 2022, 10:02:14) [GCC 11.2.0] # Embedded file name: data/rq3/cpython-3.11/unittest_seeds/raw/cpython_case_test_cmd_lin...",crash,signal_11:,,"decompyle3:error:# decompyle3 version 3.9.3 # Python bytecode version base 3.11 (3495) # Decompiled from: Python 3.11.0rc1 (main, Aug 12 2022, 10:02:14) [GCC 11.2.0] # Embedded file name: data/rq3/cpython-3.11/unittest_seeds/raw/cpython_case_test_cmd_lin...;pylingual:error:────────────────────────────────────────────────────────────────────────────────────────────────────────────────────────────────────────────────────────────────────── ,ggggggggggg, ,gggg, dP""""""88""""""""""""Y8, d8"" ""8I ,dPYb, Yb, 88 `8b 88 ,dP...",decompyle3:not_run:;pylingual:not_run:
cpython-311,data/rq3/cpython-3.11/unique_bug_pyc/cpython-311-8cd822f69443.pyc,no_source,"# decompyle3 version 3.9.3 # Python bytecode version base 3.11 (3495) # Decompiled from: Python 3.11.0rc1 (main, Aug 12 2022, 10:02:14) [GCC 11.2.0] # Embedded file name: data/rq3/cpython-3.11/unittest_seeds/raw/cpython_case_test__xxsubi...",crash,signal_11:,,"decompyle3:error:# decompyle3 version 3.9.3 # Python bytecode version base 3.11 (3495) # Decompiled from: Python 3.11.0rc1 (main, Aug 12 2022, 10:02:14) [GCC 11.2.0] # Embedded file name: data/rq3/cpython-3.11/unittest_seeds/raw/cpython_case_test__xxsubi...;pylingual:error:────────────────────────────────────────────────────────────────────────────────────────────────────────────────────────────────────────────────────────────────────── ,ggggggggggg, ,gggg, dP""""""88""""""""""""Y8, d8"" ""8I ,dPYb, Yb, 88 `8b 88 ,dP...",decompyle3:not_run:;pylingual:not_run:
cpython-311,data/rq3/cpython-3.11/unique_bug_pyc/cpython-311-8e1b0f5516d8.pyc,no_source,"# decompyle3 version 3.9.3 # Python bytecode version base 3.11 (3495) # Decompiled from: Python 3.11.0rc1 (main, Aug 12 2022, 10:02:14) [GCC 11.2.0] # Embedded file name: data/rq3/cpython-3.11/unittest_seeds/raw/cpython_case_test_strftim...",exit_1,"Traceback (most recent call last): File ""/root/PyBC-Sec/pybcSEC/data/rq4/harness.py"", line 23, in <module> list(dis.Bytecode(code)) File ""/usr/lib/python3.11/dis.py"", line 467, in _get_instructions_bytes argval, argrepr = _get_name_info(...",,"decompyle3:error:# decompyle3 version 3.9.3 # Python bytecode version base 3.11 (3495) # Decompiled from: Python 3.11.0rc1 (main, Aug 12 2022, 10:02:14) [GCC 11.2.0] # Embedded file name: data/rq3/cpython-3.11/unittest_seeds/raw/cpython_case_test_strftim...;pylingual:error:────────────────────────────────────────────────────────────────────────────────────────────────────────────────────────────────────────────────────────────────────── ,ggggggggggg, ,gggg, dP""""""88""""""""""""Y8, d8"" ""8I ,dPYb, Yb, 88 `8b 88 ,dP...",decompyle3:not_run:;pylingual:not_run:
cpython-311,data/rq3/cpython-3.11/unique_bug_pyc/cpython-311-9253c1750948.pyc,no_source,"# decompyle3 version 3.9.3 # Python bytecode version base 3.11 (3495) # Decompiled from: Python 3.11.0rc1 (main, Aug 12 2022, 10:02:14) [GCC 11.2.0] # Embedded file name: data/rq3/cpython-3.11/unittest_seeds/raw/cpython_case_test_array_B...",crash,"signal_6:Traceback (most recent call last): File ""/root/PyBC-Sec/pybcSEC/data/rq4/harness.py"", line 29, in <module> result = target() ^^^^^^^^ File ""data/rq3/cpython-3.11/unittest_seeds/raw/cpython_case_test_array_BaseTest_test_weakref.py"", line ...",,"decompyle3:error:# decompyle3 version 3.9.3 # Python bytecode version base 3.11 (3495) # Decompiled from: Python 3.11.0rc1 (main, Aug 12 2022, 10:02:14) [GCC 11.2.0] # Embedded file name: data/rq3/cpython-3.11/unittest_seeds/raw/cpython_case_test_array_B...;pylingual:error:────────────────────────────────────────────────────────────────────────────────────────────────────────────────────────────────────────────────────────────────────── ,ggggggggggg, ,gggg, dP""""""88""""""""""""Y8, d8"" ""8I ,dPYb, Yb, 88 `8b 88 ,dP...",decompyle3:not_run:;pylingual:not_run:
cpython-311,data/rq3/cpython-3.11/unique_bug_pyc/cpython-311-92d449ea9158.pyc,no_source,"# decompyle3 version 3.9.3 # Python bytecode version base 3.11 (3495) # Decompiled from: Python 3.11.0rc1 (main, Aug 12 2022, 10:02:14) [GCC 11.2.0] # Embedded file name: data/rq3/cpython-3.11/unittest_seeds/raw/cpython_case_test_struct_...",crash,signal_11:,,"decompyle3:error:# decompyle3 version 3.9.3 # Python bytecode version base 3.11 (3495) # Decompiled from: Python 3.11.0rc1 (main, Aug 12 2022, 10:02:14) [GCC 11.2.0] # Embedded file name: data/rq3/cpython-3.11/unittest_seeds/raw/cpython_case_test_struct_...;pylingual:error:────────────────────────────────────────────────────────────────────────────────────────────────────────────────────────────────────────────────────────────────────── ,ggggggggggg, ,gggg, dP""""""88""""""""""""Y8, d8"" ""8I ,dPYb, Yb, 88 `8b 88 ,dP...",decompyle3:not_run:;pylingual:not_run:
cpython-311,data/rq3/cpython-3.11/unique_bug_pyc/cpython-311-945645c697c9.pyc,no_source,"# decompyle3 version 3.9.3 # Python bytecode version base 3.11 (3495) # Decompiled from: Python 3.11.0rc1 (main, Aug 12 2022, 10:02:14) [GCC 11.2.0] # Embedded file name: data-rq3/cpython-3.11/unittest_seeds/raw/ pythó0\\0\\0\\0\\0d\\0\\0Z\\0edk\\0...",crash,signal_11:,,"decompyle3:error:# decompyle3 version 3.9.3 # Python bytecode version base 3.11 (3495) # Decompiled from: Python 3.11.0rc1 (main, Aug 12 2022, 10:02:14) [GCC 11.2.0] # Embedded file name: data-rq3/cpython-3.11/unittest_seeds/raw/ pythó0\\0\\0\\0\\0d\\0\\0Z\\0edk\\0...;pylingual:error:────────────────────────────────────────────────────────────────────────────────────────────────────────────────────────────────────────────────────────────────────── ,ggggggggggg, ,gggg, dP""""""88""""""""""""Y8, d8"" ""8I ,dPYb, Yb, 88 `8b 88 ,dP...",decompyle3:not_run:;pylingual:not_run:
cpython-311,data/rq3/cpython-3.11/unique_bug_pyc/cpython-311-950fc8a906cd.pyc,no_source,"# decompyle3 version 3.9.3 # Python bytecode version base 3.11 (3495) # Decompiled from: Python 3.11.0rc1 (main, Aug 12 2022, 10:02:14) [GCC 11.2.0] # Embedded file name: data/rq3/cpython-3.11/unittest_seeds/raw/cpython_case_test_syntax_...",crash,signal_11:,,"decompyle3:error:# decompyle3 version 3.9.3 # Python bytecode version base 3.11 (3495) # Decompiled from: Python 3.11.0rc1 (main, Aug 12 2022, 10:02:14) [GCC 11.2.0] # Embedded file name: data/rq3/cpython-3.11/unittest_seeds/raw/cpython_case_test_syntax_...;pylingual:error:────────────────────────────────────────────────────────────────────────────────────────────────────────────────────────────────────────────────────────────────────── ,ggggggggggg, ,gggg, dP""""""88""""""""""""Y8, d8"" ""8I ,dPYb, Yb, 88 `8b 88 ,dP...",decompyle3:not_run:;pylingual:not_run:
cpython-311,data/rq3/cpython-3.11/unique_bug_pyc/cpython-311-95f998313396.pyc,no_source,"# decompyle3 version 3.9.3 # Python bytecode version base 3.11 (3495) # Decompiled from: Python 3.11.0rc1 (main, Aug 12 2022, 10:02:14) [GCC 11.2.0] # Embedded file name: data/rq3/cpython-3.11/unittest_seeds/raw/cpython_case_test_curses_...",exit_1,"Traceback (most recent call last): File ""/root/PyBC-Sec/pybcSEC/data/rq4/harness.py"", line 29, in <module> result = target() ^^^^^^^^ File ""data/rq3/cpython-3.11/unittest_seeds/raw/cpython_case_test_curses_TestCurses_test_userptr_segfaul...",,"decompyle3:error:# decompyle3 version 3.9.3 # Python bytecode version base 3.11 (3495) # Decompiled from: Python 3.11.0rc1 (main, Aug 12 2022, 10:02:14) [GCC 11.2.0] # Embedded file name: data/rq3/cpython-3.11/unittest_seeds/raw/cpython_case_test_curses_...;pylingual:error:────────────────────────────────────────────────────────────────────────────────────────────────────────────────────────────────────────────────────────────────────── ,ggggggggggg, ,gggg, dP""""""88""""""""""""Y8, d8"" ""8I ,dPYb, Yb, 88 `8b 88 ,dP...",decompyle3:not_run:;pylingual:not_run:
cpython-311,data/rq3/cpython-3.11/unique_bug_pyc/cpython-311-97e15c9a417f.pyc,no_source,"# decompyle3 version 3.9.3 # Python bytecode version base 3.11 (3495) # Decompiled from: Python 3.11.0rc1 (main, Aug 12 2022, 10:02:14) [GCC 11.2.0] # Embedded file name: data/rq3/cpython-3.11/unittest_seeds/raw/cpython_case_test_turtle_...",crash,signal_11:,,"decompyle3:error:# decompyle3 version 3.9.3 # Python bytecode version base 3.11 (3495) # Decompiled from: Python 3.11.0rc1 (main, Aug 12 2022, 10:02:14) [GCC 11.2.0] # Embedded file name: data/rq3/cpython-3.11/unittest_seeds/raw/cpython_case_test_turtle_...;pylingual:error:────────────────────────────────────────────────────────────────────────────────────────────────────────────────────────────────────────────────────────────────────── ,ggggggggggg, ,gggg, dP""""""88""""""""""""Y8, d8"" ""8I ,dPYb, Yb, 88 `8b 88 ,dP...",decompyle3:not_run:;pylingual:not_run:
cpython-311,data/rq3/cpython-3.11/unique_bug_pyc/cpython-311-98a39ece8b90.pyc,no_source,"# decompyle3 version 3.9.3 # Python bytecode version base 3.11 (3495) # Decompiled from: Python 3.11.0rc1 (main, Aug 12 2022, 10:02:14) [GCC 11.2.0] # Embedded file name: data/rq3/cpython-3.11/unittest_seeds/raw/cpython_case_test_memoryi...",crash,signal_11:,,"decompyle3:error:# decompyle3 version 3.9.3 # Python bytecode version base 3.11 (3495) # Decompiled from: Python 3.11.0rc1 (main, Aug 12 2022, 10:02:14) [GCC 11.2.0] # Embedded file name: data/rq3/cpython-3.11/unittest_seeds/raw/cpython_case_test_memoryi...;pylingual:error:────────────────────────────────────────────────────────────────────────────────────────────────────────────────────────────────────────────────────────────────────── ,ggggggggggg, ,gggg, dP""""""88""""""""""""Y8, d8"" ""8I ,dPYb, Yb, 88 `8b 88 ,dP...",decompyle3:not_run:;pylingual:not_run:
cpython-311,data/rq3/cpython-3.11/unique_bug_pyc/cpython-311-98ad41f53fdc.pyc,no_source,"# decompyle3 version 3.9.3 # Python bytecode version base 3.11 (3495) # Decompiled from: Python 3.11.0rc1 (main, Aug 12 2022, 10:02:14) [GCC 11.2.0] # Embedded file name: data/rq3/cpython-3.11/unittest_seeds/raw/cpython_case_test_compile...",crash,signal_11:,,"decompyle3:error:# decompyle3 version 3.9.3 # Python bytecode version base 3.11 (3495) # Decompiled from: Python 3.11.0rc1 (main, Aug 12 2022, 10:02:14) [GCC 11.2.0] # Embedded file name: data/rq3/cpython-3.11/unittest_seeds/raw/cpython_case_test_compile...;pylingual:error:────────────────────────────────────────────────────────────────────────────────────────────────────────────────────────────────────────────────────────────────────── ,ggggggggggg, ,gggg, dP""""""88""""""""""""Y8, d8"" ""8I ,dPYb, Yb, 88 `8b 88 ,dP...",decompyle3:not_run:;pylingual:not_run:
cpython-311,data/rq3/cpython-3.11/unique_bug_pyc/cpython-311-9adac033984b.pyc,no_source,"# decompyle3 version 3.9.3 # Python bytecode version base 3.11 (3495) # Decompiled from: Python 3.11.0rc1 (main, Aug 12 2022, 10:02:14) [GCC 11.2.0] # Embedded file name: data/rq3/cpython-3.11/unittest_seeds/raw/cpython_case_test_statist...",crash,signal_11:,,"decompyle3:error:# decompyle3 version 3.9.3 # Python bytecode version base 3.11 (3495) # Decompiled from: Python 3.11.0rc1 (main, Aug 12 2022, 10:02:14) [GCC 11.2.0] # Embedded file name: data/rq3/cpython-3.11/unittest_seeds/raw/cpython_case_test_statist...;pylingual:error:────────────────────────────────────────────────────────────────────────────────────────────────────────────────────────────────────────────────────────────────────── ,ggggggggggg, ,gggg, dP""""""88""""""""""""Y8, d8"" ""8I ,dPYb, Yb, 88 `8b 88 ,dP...",decompyle3:not_run:;pylingual:not_run:
cpython-311,data/rq3/cpython-3.11/unique_bug_pyc/cpython-311-9ba8e5be4f2f.pyc,no_source,"# decompyle3 version 3.9.3 # Python bytecode version base 3.11 (3495) # Decompiled from: Python 3.11.0rc1 (main, Aug 12 2022, 10:02:14) [GCC 11.2.0] # Embedded file name: data/rq3/cpython-3.11/unittest_seeds/raw/cpython_case_test_excepti...",crash,signal_11:,,"decompyle3:error:# decompyle3 version 3.9.3 # Python bytecode version base 3.11 (3495) # Decompiled from: Python 3.11.0rc1 (main, Aug 12 2022, 10:02:14) [GCC 11.2.0] # Embedded file name: data/rq3/cpython-3.11/unittest_seeds/raw/cpython_case_test_excepti...;pylingual:error:────────────────────────────────────────────────────────────────────────────────────────────────────────────────────────────────────────────────────────────────────── ,ggggggggggg, ,gggg, dP""""""88""""""""""""Y8, d8"" ""8I ,dPYb, Yb, 88 `8b 88 ,dP...",decompyle3:not_run:;pylingual:not_run:
cpython-311,data/rq3/cpython-3.11/unique_bug_pyc/cpython-311-9edf90c27a2c.pyc,no_source,"# decompyle3 version 3.9.3 # Python bytecode version base 3.11 (3495) # Decompiled from: Python 3.11.0rc1 (main, Aug 12 2022, 10:02:14) [GCC 11.2.0] # Embedded file name: data/rq3/cpython-3.11/unittest_seeds/raw/cpython_case_test_generat...",crash,signal_11:,,"decompyle3:error:# decompyle3 version 3.9.3 # Python bytecode version base 3.11 (3495) # Decompiled from: Python 3.11.0rc1 (main, Aug 12 2022, 10:02:14) [GCC 11.2.0] # Embedded file name: data/rq3/cpython-3.11/unittest_seeds/raw/cpython_case_test_generat...;pylingual:error:────────────────────────────────────────────────────────────────────────────────────────────────────────────────────────────────────────────────────────────────────── ,ggggggggggg, ,gggg, dP""""""88""""""""""""Y8, d8"" ""8I ,dPYb, Yb, 88 `8b 88 ,dP...",decompyle3:not_run:;pylingual:not_run:
cpython-311,data/rq3/cpython-3.11/unique_bug_pyc/cpython-311-9f6a3f78e00c.pyc,no_source,"# decompyle3 version 3.9.3 # Python bytecode version base 3.11 (3495) # Decompiled from: Python 3.11.0rc1 (main, Aug 12 2022, 10:02:14) [GCC 11.2.0] # Embedded file name: data/rq3/cpython-3.11/unittest_seeds/raw/cpython_case_test_bytes_B...",exit_1,"Traceback (most recent call last): File ""/root/PyBC-Sec/pybcSEC/data/rq4/harness.py"", line 29, in <module> result = target() ^^^^^^^^ File ""data/rq3/cpython-3.11/unittest_seeds/raw/cpython_case_test_bytes_ByteArrayTest_test_delitem.py"", ...",,"decompyle3:error:# decompyle3 version 3.9.3 # Python bytecode version base 3.11 (3495) # Decompiled from: Python 3.11.0rc1 (main, Aug 12 2022, 10:02:14) [GCC 11.2.0] # Embedded file name: data/rq3/cpython-3.11/unittest_seeds/raw/cpython_case_test_bytes_B...;pylingual:error:────────────────────────────────────────────────────────────────────────────────────────────────────────────────────────────────────────────────────────────────────── ,ggggggggggg, ,gggg, dP""""""88""""""""""""Y8, d8"" ""8I ,dPYb, Yb, 88 `8b 88 ,dP...",decompyle3:not_run:;pylingual:not_run:
cpython-311,data/rq3/cpython-3.11/unique_bug_pyc/cpython-311-9f970f80d058.pyc,no_source,/root/PyBC-Sec/pybcSEC/data/rq2/envs/cpython-311/lib/python3.11/site-packages/click/core.py:1262: UserWarning: The parameter --version is used more than once. Remove its duplicate as parameters should be unique. parser = self.make_parser...,crash,signal_11:,,"decompyle3:exit_2:/root/PyBC-Sec/pybcSEC/data/rq2/envs/cpython-311/lib/python3.11/site-packages/click/core.py:1262: UserWarning: The parameter --version is used more than once. Remove its duplicate as parameters should be unique. parser = self.make_parser...;pylingual:error:────────────────────────────────────────────────────────────────────────────────────────────────────────────────────────────────────────────────────────────────────── ,ggggggggggg, ,gggg, dP""""""88""""""""""""Y8, d8"" ""8I ,dPYb, Yb, 88 `8b 88 ,dP...",decompyle3:not_run:;pylingual:not_run:
cpython-311,data/rq3/cpython-3.11/unique_bug_pyc/cpython-311-a0eb21a4490f.pyc,no_source,"# decompyle3 version 3.9.3 # Python bytecode version base 3.11 (3495) # Decompiled from: Python 3.11.0rc1 (main, Aug 12 2022, 10:02:14) [GCC 11.2.0] # Embedded file name: data/rq3/cpython-3.11/unittest_seeds/r[Ã/cpython_case_test_embed_E...",crash,signal_11:,,"decompyle3:error:# decompyle3 version 3.9.3 # Python bytecode version base 3.11 (3495) # Decompiled from: Python 3.11.0rc1 (main, Aug 12 2022, 10:02:14) [GCC 11.2.0] # Embedded file name: data/rq3/cpython-3.11/unittest_seeds/r[Ã/cpython_case_test_embed_E...;pylingual:error:────────────────────────────────────────────────────────────────────────────────────────────────────────────────────────────────────────────────────────────────────── ,ggggggggggg, ,gggg, dP""""""88""""""""""""Y8, d8"" ""8I ,dPYb, Yb, 88 `8b 88 ,dP...",decompyle3:not_run:;pylingual:not_run:
cpython-311,data/rq3/cpython-3.11/unique_bug_pyc/cpython-311-a157b6374421.pyc,no_source,"# decompyle3 version 3.9.3 # Python bytecode version base 3.11 (3495) # Decompiled from: Python 3.11.0rc1 (main, Aug 12 2022, 10:02:14) [GCC 11.2.0] # Embedded file name: data/rq3/cpython-3.11/unittest_seeds/raw/cpython_case_test_http_co...",crash,signal_11:,,"decompyle3:error:# decompyle3 version 3.9.3 # Python bytecode version base 3.11 (3495) # Decompiled from: Python 3.11.0rc1 (main, Aug 12 2022, 10:02:14) [GCC 11.2.0] # Embedded file name: data/rq3/cpython-3.11/unittest_seeds/raw/cpython_case_test_http_co...;pylingual:error:────────────────────────────────────────────────────────────────────────────────────────────────────────────────────────────────────────────────────────────────────── ,ggggggggggg, ,gggg, dP""""""88""""""""""""Y8, d8"" ""8I ,dPYb, Yb, 88 `8b 88 ,dP...",decompyle3:not_run:;pylingual:not_run:
cpython-311,data/rq3/cpython-3.11/unique_bug_pyc/cpython-311-a26c375cfa0b.pyc,no_source,"# decompyle3 version 3.9.3 # Python bytecode version base 3.11 (3495) # Decompiled from: Python 3.11.0rc1 (main, Aug 12 2022, 10:02:14) [GCC 11.2.0] # Embedded file name: data/rq3/cpython-3.11/unittest_seeds/raw/cpython_case_test_float_F...",crash,signal_11:,,"decompyle3:error:# decompyle3 version 3.9.3 # Python bytecode version base 3.11 (3495) # Decompiled from: Python 3.11.0rc1 (main, Aug 12 2022, 10:02:14) [GCC 11.2.0] # Embedded file name: data/rq3/cpython-3.11/unittest_seeds/raw/cpython_case_test_float_F...;pylingual:error:────────────────────────────────────────────────────────────────────────────────────────────────────────────────────────────────────────────────────────────────────── ,ggggggggggg, ,gggg, dP""""""88""""""""""""Y8, d8"" ""8I ,dPYb, Yb, 88 `8b 88 ,dP...",decompyle3:not_run:;pylingual:not_run:
cpython-311,data/rq3/cpython-3.11/unique_bug_pyc/cpython-311-a277dbe2949d.pyc,no_source,"# decompyle3 version 3.9.3 # Python bytecode version base 3.11 (3495) # Decompiled from: Python 3.11.0rc1 (main, Aug 12 2022, 10:02:14) [GCC 11.2.0] # Embedded file name: data/rq3/cpython-3.11/unittest_seeds/raw/cpython_case_test_ssl_Thr...",crash,signal_11:,,"decompyle3:error:# decompyle3 version 3.9.3 # Python bytecode version base 3.11 (3495) # Decompiled from: Python 3.11.0rc1 (main, Aug 12 2022, 10:02:14) [GCC 11.2.0] # Embedded file name: data/rq3/cpython-3.11/unittest_seeds/raw/cpython_case_test_ssl_Thr...;pylingual:error:────────────────────────────────────────────────────────────────────────────────────────────────────────────────────────────────────────────────────────────────────── ,ggggggggggg, ,gggg, dP""""""88""""""""""""Y8, d8"" ""8I ,dPYb, Yb, 88 `8b 88 ,dP...",decompyle3:not_run:;pylingual:not_run:
cpython-311,data/rq3/cpython-3.11/unique_bug_pyc/cpython-311-a369e696b533.pyc,no_source,"# decompyle3 version 3.9.3 # Python bytecode version base 3.11 (3495) # Decompiled from: Python 3.11.0rc1 (main, Aug 12 2022, 10:02:14) [GCC 11.2.0] # Embedded file name: data/rq3/cpython-3.11/unittest_seeds/raw/cpython_case_test_io_Text...",crash,signal_11:,,"decompyle3:error:# decompyle3 version 3.9.3 # Python bytecode version base 3.11 (3495) # Decompiled from: Python 3.11.0rc1 (main, Aug 12 2022, 10:02:14) [GCC 11.2.0] # Embedded file name: data/rq3/cpython-3.11/unittest_seeds/raw/cpython_case_test_io_Text...;pylingual:error:────────────────────────────────────────────────────────────────────────────────────────────────────────────────────────────────────────────────────────────────────── ,ggggggggggg, ,gggg, dP""""""88""""""""""""Y8, d8"" ""8I ,dPYb, Yb, 88 `8b 88 ,dP...",decompyle3:not_run:;pylingual:not_run:
cpython-311,data/rq3/cpython-3.11/unique_bug_pyc/cpython-311-a39747ed1941.pyc,no_source,"# decompyle3 version 3.9.3 # Python bytecode version base 3.11 (3495) # Decompiled from: Python 3.11.0rc1 (main, Aug 12 2022, 10:02:14) [GCC 11.2.0] # Embedded file name: data/rq3/cpython-3.11/unittest_seeds/raw/cpython_case_test_compare...",crash,"signal_11:Traceback (most recent call last): File ""/root/PyBC-Sec/pybcSEC/data/rq4/harness.py"", line 29, in <module> result = target() ^^^^^^^^ File ""data/rq3/cpython-3.11/unittest_seeds/raw/cpython_case_test_compare_ComparisonTest_test_ne_low_pri...",,"decompyle3:error:# decompyle3 version 3.9.3 # Python bytecode version base 3.11 (3495) # Decompiled from: Python 3.11.0rc1 (main, Aug 12 2022, 10:02:14) [GCC 11.2.0] # Embedded file name: data/rq3/cpython-3.11/unittest_seeds/raw/cpython_case_test_compare...;pylingual:error:────────────────────────────────────────────────────────────────────────────────────────────────────────────────────────────────────────────────────────────────────── ,ggggggggggg, ,gggg, dP""""""88""""""""""""Y8, d8"" ""8I ,dPYb, Yb, 88 `8b 88 ,dP...",decompyle3:not_run:;pylingual:not_run:
cpython-311,data/rq3/cpython-3.11/unique_bug_pyc/cpython-311-a519f5d2b8e8.pyc,no_source,"# decompyle3 version 3.9.3 # Python bytecode version base 3.11 (3495) # Decompiled from: Python 3.11.0rc1 (main, Aug 12 2022, 10:02:14) [GCC 11.2.0] # Embedded file name: data/rq3/cpython-3.11/unittest_seeds/raw/cpython_case_tþÿt_sockets...",crash,"signal_11:AttributeError: 'function' object has no attribute '__pybcsec_seed__' During handling of the above exception, another exception occurred: Traceback (most recent call last): File ""/root/PyBC-Sec/pybcSEC/data/rq4/harness.py"", line 26, in <...",,"decompyle3:error:# decompyle3 version 3.9.3 # Python bytecode version base 3.11 (3495) # Decompiled from: Python 3.11.0rc1 (main, Aug 12 2022, 10:02:14) [GCC 11.2.0] # Embedded file name: data/rq3/cpython-3.11/unittest_seeds/raw/cpython_case_tþÿt_sockets...;pylingual:error:────────────────────────────────────────────────────────────────────────────────────────────────────────────────────────────────────────────────────────────────────── ,ggggggggggg, ,gggg, dP""""""88""""""""""""Y8, d8"" ""8I ,dPYb, Yb, 88 `8b 88 ,dP...",decompyle3:not_run:;pylingual:not_run:
cpython-311,data/rq3/cpython-3.11/unique_bug_pyc/cpython-311-a59d1cbdafa5.pyc,no_source,"# decompyle3 version 3.9.3 # Python bytecode version base 3.11 (3495) # Decompiled from: Python 3.11.0rc1 (main, Aug 12 2022, 10:02:14) [GCC 11.2.0] # Embedded file name: data/rq3/cpython-3.11/unittest_seeds/raw/cpython_case_test_code_Co...",crash,signal_11:,,"decompyle3:error:# decompyle3 version 3.9.3 # Python bytecode version base 3.11 (3495) # Decompiled from: Python 3.11.0rc1 (main, Aug 12 2022, 10:02:14) [GCC 11.2.0] # Embedded file name: data/rq3/cpython-3.11/unittest_seeds/raw/cpython_case_test_code_Co...;pylingual:error:────────────────────────────────────────────────────────────────────────────────────────────────────────────────────────────────────────────────────────────────────── ,ggggggggggg, ,gggg, dP""""""88""""""""""""Y8, d8"" ""8I ,dPYb, Yb, 88 `8b 88 ,dP...",decompyle3:not_run:;pylingual:not_run:
cpython-311,data/rq3/cpython-3.11/unique_bug_pyc/cpython-311-a757bcc1c7ba.pyc,no_source,"# decompyle3 version 3.9.3 # Python bytecode version base 3.11 (3495) # Decompiled from: Python 3.11.0rc1 (main, Aug 12 2022, 10:02:14) [GCC 11.2.0] # Embedded file name: data/rq3/cpython-3.11/unittest_seeds/raw/cpython_case_test_weakref...",crash,signal_11:,,"decompyle3:error:# decompyle3 version 3.9.3 # Python bytecode version base 3.11 (3495) # Decompiled from: Python 3.11.0rc1 (main, Aug 12 2022, 10:02:14) [GCC 11.2.0] # Embedded file name: data/rq3/cpython-3.11/unittest_seeds/raw/cpython_case_test_weakref...;pylingual:error:────────────────────────────────────────────────────────────────────────────────────────────────────────────────────────────────────────────────────────────────────── ,ggggggggggg, ,gggg, dP""""""88""""""""""""Y8, d8"" ""8I ,dPYb, Yb, 88 `8b 88 ,dP...",decompyle3:not_run:;pylingual:not_run:
cpython-311,data/rq3/cpython-3.11/unique_bug_pyc/cpython-311-a8f5bd82a6d2.pyc,no_source,"# decompyle3 version 3.9.3 # Python bytecode version base 3.11 (3495) # Decompiled from: Python 3.11.0rc1 (main, Aug 12 2022, 10:02:14) [GCC 11.2.0] # Embedded file name: data/rq3/cpython-3.11/unittest_seeds/raw/cpython_case_test_dis_Tes...",exit_1,"Traceback (most recent call last): File ""/root/PyBC-Sec/pybcSEC/data/rq4/harness.py"", line 29, in <module> result = target() ^^^^^^^^ File ""data/rq3/cpython-3.11/unittest_seeds/raw/cpython_case_test_dis_TestBytecodeTestCase_test_assert_n...",,"decompyle3:error:# decompyle3 version 3.9.3 # Python bytecode version base 3.11 (3495) # Decompiled from: Python 3.11.0rc1 (main, Aug 12 2022, 10:02:14) [GCC 11.2.0] # Embedded file name: data/rq3/cpython-3.11/unittest_seeds/raw/cpython_case_test_dis_Tes...;pylingual:error:────────────────────────────────────────────────────────────────────────────────────────────────────────────────────────────────────────────────────────────────────── ,ggggggggggg, ,gggg, dP""""""88""""""""""""Y8, d8"" ""8I ,dPYb, Yb, 88 `8b 88 ,dP...",decompyle3:not_run:;pylingual:not_run:
cpython-311,data/rq3/cpython-3.11/unique_bug_pyc/cpython-311-a95758ba00a8.pyc,no_source,"# decompyle3 version 3.9.3 # Python bytecode version base 3.11 (3495) # Decompiled from: Python 3.11.0rc1 (main, Aug 12 2022, 10:02:14) [GCC 11.2.0] # Embedded file name: data/rq3/cpython-3.11/unittest_seeds/raw/cpython_case_test_pathlib...",crash,signal_11:,,"decompyle3:error:# decompyle3 version 3.9.3 # Python bytecode version base 3.11 (3495) # Decompiled from: Python 3.11.0rc1 (main, Aug 12 2022, 10:02:14) [GCC 11.2.0] # Embedded file name: data/rq3/cpython-3.11/unittest_seeds/raw/cpython_case_test_pathlib...;pylingual:error:────────────────────────────────────────────────────────────────────────────────────────────────────────────────────────────────────────────────────────────────────── ,ggggggggggg, ,gggg, dP""""""88""""""""""""Y8, d8"" ""8I ,dPYb, Yb, 88 `8b 88 ,dP...",decompyle3:not_run:;pylingual:not_run:
cpython-311,data/rq3/cpython-3.11/unique_bug_pyc/cpython-311-a9ae065d4b70.pyc,no_source,"# decompyle3 version 3.9.3 # Python bytecode version base 3.11 (3495) # Decompiled from: Python 3.11.0rc1 (main, Aug 12 2022, 10:02:14) [GCC 11.2.0] # Embedded file name: data/rq3/cpython-3.11/unittest_seeds/raw/cpython_case_test_http_co...",crash,signal_11:,,"decompyle3:error:# decompyle3 version 3.9.3 # Python bytecode version base 3.11 (3495) # Decompiled from: Python 3.11.0rc1 (main, Aug 12 2022, 10:02:14) [GCC 11.2.0] # Embedded file name: data/rq3/cpython-3.11/unittest_seeds/raw/cpython_case_test_http_co...;pylingual:error:────────────────────────────────────────────────────────────────────────────────────────────────────────────────────────────────────────────────────────────────────── ,ggggggggggg, ,gggg, dP""""""88""""""""""""Y8, d8"" ""8I ,dPYb, Yb, 88 `8b 88 ,dP...",decompyle3:not_run:;pylingual:not_run:
cpython-311,data/rq3/cpython-3.11/unique_bug_pyc/cpython-311-aa7f787ee8f1.pyc,no_source,"# decompyle3 version 3.9.3 # Python bytecode version base 3.11 (3495) # Decompiled from: Python 3.11.0rc1 (main, Aug 12 2022, 10:02:14) [GCC 11.2.0] # Embedded file name: data/rq3/cpython-3.11/unittest_seeds/raw/cpython_case_test_module_...",exit_1,"Traceback (most recent call last): File ""/root/PyBC-Sec/pybcSEC/data/rq4/harness.py"", line 29, in <module> result = target() ^^^^^^^^ File ""data/rq3/cpython-3.11/unittest_seeds/raw/cpython_case_test_module_ModuleTests_test_module_getattr...",,"decompyle3:error:# decompyle3 version 3.9.3 # Python bytecode version base 3.11 (3495) # Decompiled from: Python 3.11.0rc1 (main, Aug 12 2022, 10:02:14) [GCC 11.2.0] # Embedded file name: data/rq3/cpython-3.11/unittest_seeds/raw/cpython_case_test_module_...;pylingual:error:────────────────────────────────────────────────────────────────────────────────────────────────────────────────────────────────────────────────────────────────────── ,ggggggggggg, ,gggg, dP""""""88""""""""""""Y8, d8"" ""8I ,dPYb, Yb, 88 `8b 88 ,dP...",decompyle3:not_run:;pylingual:not_run:
cpython-311,data/rq3/cpython-3.11/unique_bug_pyc/cpython-311-ad41a465db4a.pyc,no_source,"# decompyle3 version 3.9.3 # Python bytecode version base 3.11 (3495) # Decompiled from: Python 3.11.0rc1 (main, Aug 12 2022, 10:02:14) [GCC 11.2.0] # Embedded file name: data/rq3/cpython-3.11/unittest_seeds/raw/cpython_case_test_source_...",crash,signal_11:,,"decompyle3:error:# decompyle3 version 3.9.3 # Python bytecode version base 3.11 (3495) # Decompiled from: Python 3.11.0rc1 (main, Aug 12 2022, 10:02:14) [GCC 11.2.0] # Embedded file name: data/rq3/cpython-3.11/unittest_seeds/raw/cpython_case_test_source_...;pylingual:error:────────────────────────────────────────────────────────────────────────────────────────────────────────────────────────────────────────────────────────────────────── ,ggggggggggg, ,gggg, dP""""""88""""""""""""Y8, d8"" ""8I ,dPYb, Yb, 88 `8b 88 ,dP...",decompyle3:not_run:;pylingual:not_run:
cpython-311,data/rq3/cpython-3.11/unique_bug_pyc/cpython-311-ae7674847f4e.pyc,no_source,"# decompyle3 version 3.9.3 # Python bytecode version base 3.11 (3495) # Decompiled from: Python 3.11.0rc1 (main, Aug 12 2022, 10:02:14) [GCC 11.2.0] # Embedded file name: data/rq3/cpython-3.11/unittest_seeds/raw/cpython_case_test_dbm_ndb...",crash,signal_11:,,"decompyle3:error:# decompyle3 version 3.9.3 # Python bytecode version base 3.11 (3495) # Decompiled from: Python 3.11.0rc1 (main, Aug 12 2022, 10:02:14) [GCC 11.2.0] # Embedded file name: data/rq3/cpython-3.11/unittest_seeds/raw/cpython_case_test_dbm_ndb...;pylingual:error:────────────────────────────────────────────────────────────────────────────────────────────────────────────────────────────────────────────────────────────────────── ,ggggggggggg, ,gggg, dP""""""88""""""""""""Y8, d8"" ""8I ,dPYb, Yb, 88 `8b 88 ,dP...",decompyle3:not_run:;pylingual:not_run:
cpython-311,data/rq3/cpython-3.11/unique_bug_pyc/cpython-311-b2782d3da8b6.pyc,no_source,"# decompyle3 version 3.9.3 # Python bytecode version base 3.11 (3495) # Decompiled from: Python 3.11.0rc1 (main, Aug 12 2022, 10:02:14) [GCC 11.2.0] # Embedded file name: data/rq3/cpython-3.11/unittest_seeds/raw/cpython_case_test_yield_f...",crash,signal_11:,,"decompyle3:error:# decompyle3 version 3.9.3 # Python bytecode version base 3.11 (3495) # Decompiled from: Python 3.11.0rc1 (main, Aug 12 2022, 10:02:14) [GCC 11.2.0] # Embedded file name: data/rq3/cpython-3.11/unittest_seeds/raw/cpython_case_test_yield_f...;pylingual:error:────────────────────────────────────────────────────────────────────────────────────────────────────────────────────────────────────────────────────────────────────── ,ggggggggggg, ,gggg, dP""""""88""""""""""""Y8, d8"" ""8I ,dPYb, Yb, 88 `8b 88 ,dP...",decompyle3:not_run:;pylingual:not_run:
cpython-311,data/rq3/cpython-3.11/unique_bug_pyc/cpython-311-b2f80d08bf72.pyc,no_source,"# decompyle3 version 3.9.3 # Python bytecode version base 3.11 (3495) # Decompiled from: Python 3.11.0rc1 (main, Aug 12 2022, 10:02:14) [GCC 11.2.0] # Embedded file name: data/rq3/cpython-3.11/unittest_seeds/raw/cpython_case_test_httplib...",crash,signal_11:,,"decompyle3:error:# decompyle3 version 3.9.3 # Python bytecode version base 3.11 (3495) # Decompiled from: Python 3.11.0rc1 (main, Aug 12 2022, 10:02:14) [GCC 11.2.0] # Embedded file name: data/rq3/cpython-3.11/unittest_seeds/raw/cpython_case_test_httplib...;pylingual:error:────────────────────────────────────────────────────────────────────────────────────────────────────────────────────────────────────────────────────────────────────── ,ggggggggggg, ,gggg, dP""""""88""""""""""""Y8, d8"" ""8I ,dPYb, Yb, 88 `8b 88 ,dP...",decompyle3:not_run:;pylingual:not_run:
cpython-311,data/rq3/cpython-3.11/unique_bug_pyc/cpython-311-b80c09455b38.pyc,no_source,"# decompyle3 version 3.9.3 # Python bytecode version base 3.11 (3495) # Decompiled from: Python 3.11.0rc1 (main, Aug 12 2022, 10:02:14) [GCC 11.2.0] # Embedded file name: data/rq3/cpython-3.11/unittest_seeds/raw/cpython_case_test_itertoo...",crash,signal_11:,,"decompyle3:error:# decompyle3 version 3.9.3 # Python bytecode version base 3.11 (3495) # Decompiled from: Python 3.11.0rc1 (main, Aug 12 2022, 10:02:14) [GCC 11.2.0] # Embedded file name: data/rq3/cpython-3.11/unittest_seeds/raw/cpython_case_test_itertoo...;pylingual:error:────────────────────────────────────────────────────────────────────────────────────────────────────────────────────────────────────────────────────────────────────── ,ggggggggggg, ,gggg, dP""""""88""""""""""""Y8, d8"" ""8I ,dPYb, Yb, 88 `8b 88 ,dP...",decompyle3:not_run:;pylingual:not_run:
cpython-311,data/rq3/cpython-3.11/unique_bug_pyc/cpython-311-b98162f742d9.pyc,no_source,"# decompyle3 version 3.9.3 # Python bytecode version base 3.11 (3495) # Decompiled from: Python 3.11.0rc1 (main, Aug 12 2022, 10:02:14) [GCC 11.2.0] # Embedded file name: data/rq3/cpython-3.11/unittest_seeds/raw/cpython_case_test_patma_T...",crash,signal_11:,,"decompyle3:error:# decompyle3 version 3.9.3 # Python bytecode version base 3.11 (3495) # Decompiled from: Python 3.11.0rc1 (main, Aug 12 2022, 10:02:14) [GCC 11.2.0] # Embedded file name: data/rq3/cpython-3.11/unittest_seeds/raw/cpython_case_test_patma_T...;pylingual:error:────────────────────────────────────────────────────────────────────────────────────────────────────────────────────────────────────────────────────────────────────── ,ggggggggggg, ,gggg, dP""""""88""""""""""""Y8, d8"" ""8I ,dPYb, Yb, 88 `8b 88 ,dP...",decompyle3:not_run:;pylingual:not_run:
cpython-311,data/rq3/cpython-3.11/unique_bug_pyc/cpython-311-bb3af8bee813.pyc,no_source,"# decompyle3 version 3.9.3 # Python bytecode version base 3.11 (3495) # Decompiled from: Python 3.11.0rc1 (main, Aug 12 2022, 10:02:14) [GCC 11.2.0] # Embedded file name: data/rq3/cpython-3.11/unittest_seeds/raw/cpython_case_test_fnmatch...",crash,signal_11:,,"decompyle3:error:# decompyle3 version 3.9.3 # Python bytecode version base 3.11 (3495) # Decompiled from: Python 3.11.0rc1 (main, Aug 12 2022, 10:02:14) [GCC 11.2.0] # Embedded file name: data/rq3/cpython-3.11/unittest_seeds/raw/cpython_case_test_fnmatch...;pylingual:error:────────────────────────────────────────────────────────────────────────────────────────────────────────────────────────────────────────────────────────────────────── ,ggggggggggg, ,gggg, dP""""""88""""""""""""Y8, d8"" ""8I ,dPYb, Yb, 88 `8b 88 ,dP...",decompyle3:not_run:;pylingual:not_run:
cpython-311,data/rq3/cpython-3.11/unique_bug_pyc/cpython-311-bb8ef554f4f2.pyc,no_source,"# decompyle3 version 3.9.3 # Python bytecode version base 3.11 (3495) # Decompiled from: Python 3.11.0rc1 (main, Aug 12 2022, 10:02:14) [GCC 11.2.0] # Embedded file name: data/rq3/cpython-3.11/unittest_seeds/raw/cpython_case_test_isinsta...",crash,signal_11:,,"decompyle3:error:# decompyle3 version 3.9.3 # Python bytecode version base 3.11 (3495) # Decompiled from: Python 3.11.0rc1 (main, Aug 12 2022, 10:02:14) [GCC 11.2.0] # Embedded file name: data/rq3/cpython-3.11/unittest_seeds/raw/cpython_case_test_isinsta...;pylingual:error:────────────────────────────────────────────────────────────────────────────────────────────────────────────────────────────────────────────────────────────────────── ,ggggggggggg, ,gggg, dP""""""88""""""""""""Y8, d8"" ""8I ,dPYb, Yb, 88 `8b 88 ,dP...",decompyle3:not_run:;pylingual:not_run:
cpython-311,data/rq3/cpython-3.11/unique_bug_pyc/cpython-311-bb92f63abfa4.pyc,no_source,"# decompyle3 version 3.9.3 # Python bytecode version base 3.11 (3495) # Decompiled from: Python 3.11.0rc1 (main, Aug 12 2022, 10:02:14) [GCC 11.2.0] # Embedded file name: data/rq3/cpython-3.11/unittest_seeds/raw/cpython_case_test_pathlib...",crash,signal_6:free(): invalid pointer,,"decompyle3:error:# decompyle3 version 3.9.3 # Python bytecode version base 3.11 (3495) # Decompiled from: Python 3.11.0rc1 (main, Aug 12 2022, 10:02:14) [GCC 11.2.0] # Embedded file name: data/rq3/cpython-3.11/unittest_seeds/raw/cpython_case_test_pathlib...;pylingual:error:────────────────────────────────────────────────────────────────────────────────────────────────────────────────────────────────────────────────────────────────────── ,ggggggggggg, ,gggg, dP""""""88""""""""""""Y8, d8"" ""8I ,dPYb, Yb, 88 `8b 88 ,dP...",decompyle3:not_run:;pylingual:not_run:
cpython-311,data/rq3/cpython-3.11/unique_bug_pyc/cpython-311-bea3b9eb1d87.pyc,no_source,"# decompyle3 version 3.9.3 # Python bytecode version base 3.11 (3495) # Decompiled from: Python 3.11.0rc1 (main, Aug 12 2022, 10:02:14) [GCC 11.2.0] # Embedded file name: data/rq3/cpython-3.11/unittest_seeds/raw/cpython_case_test_yield_f...",crash,signal_11:,,"decompyle3:error:# decompyle3 version 3.9.3 # Python bytecode version base 3.11 (3495) # Decompiled from: Python 3.11.0rc1 (main, Aug 12 2022, 10:02:14) [GCC 11.2.0] # Embedded file name: data/rq3/cpython-3.11/unittest_seeds/raw/cpython_case_test_yield_f...;pylingual:error:────────────────────────────────────────────────────────────────────────────────────────────────────────────────────────────────────────────────────────────────────── ,ggggggggggg, ,gggg, dP""""""88""""""""""""Y8, d8"" ""8I ,dPYb, Yb, 88 `8b 88 ,dP...",decompyle3:not_run:;pylingual:not_run:
cpython-311,data/rq3/cpython-3.11/unique_bug_pyc/cpython-311-c06968e4288c.pyc,no_source,"# decompyle3 version 3.9.3 # Python bytecode version base 3.11 (3495) # Decompiled from: Python 3.11.0rc1 (main, Aug 12 2022, 10:02:14) [GCC 11.2.0] # Embedded file name: data/rq3/cpython-3.11/unittest_seeds/raw/cpython_case_test__locale...",crash,signal_11:,,"decompyle3:error:# decompyle3 version 3.9.3 # Python bytecode version base 3.11 (3495) # Decompiled from: Python 3.11.0rc1 (main, Aug 12 2022, 10:02:14) [GCC 11.2.0] # Embedded file name: data/rq3/cpython-3.11/unittest_seeds/raw/cpython_case_test__locale...;pylingual:error:────────────────────────────────────────────────────────────────────────────────────────────────────────────────────────────────────────────────────────────────────── ,ggggggggggg, ,gggg, dP""""""88""""""""""""Y8, d8"" ""8I ,dPYb, Yb, 88 `8b 88 ,dP...",decompyle3:not_run:;pylingual:not_run:
cpython-311,data/rq3/cpython-3.11/unique_bug_pyc/cpython-311-c0890f534ec4.pyc,no_source,"# decompyle3 version 3.9.3 # Python bytecode version base 3.11 (3495) # Decompiled from: Python 3.11.0rc1 (main, Aug 12 2022, 10:02:14) [GCC 11.2.0] # Embedded file name: data/rq3/cpython-3.11/unittest_seeds/raw/cpython_case_test_reprlib...",crash,signal_11:,,"decompyle3:error:# decompyle3 version 3.9.3 # Python bytecode version base 3.11 (3495) # Decompiled from: Python 3.11.0rc1 (main, Aug 12 2022, 10:02:14) [GCC 11.2.0] # Embedded file name: data/rq3/cpython-3.11/unittest_seeds/raw/cpython_case_test_reprlib...;pylingual:error:────────────────────────────────────────────────────────────────────────────────────────────────────────────────────────────────────────────────────────────────────── ,ggggggggggg, ,gggg, dP""""""88""""""""""""Y8, d8"" ""8I ,dPYb, Yb, 88 `8b 88 ,dP...",decompyle3:not_run:;pylingual:not_run:
cpython-311,data/rq3/cpython-3.11/unique_bug_pyc/cpython-311-c1c88e3dce7f.pyc,no_source,"# decompyle3 version 3.9.3 # Python bytecode version base 3.11 (3495) # Decompiled from: Python 3.11.0rc1 (main, Aug 12 2022, 10:02:14) [GCC 11.2.0] # Embedded file name: data/rq3/cpython-3.11/unittest_seeds/raw/cpython_case_test_winreg_...",crash,signal_11:,,"decompyle3:error:# decompyle3 version 3.9.3 # Python bytecode version base 3.11 (3495) # Decompiled from: Python 3.11.0rc1 (main, Aug 12 2022, 10:02:14) [GCC 11.2.0] # Embedded file name: data/rq3/cpython-3.11/unittest_seeds/raw/cpython_case_test_winreg_...;pylingual:error:────────────────────────────────────────────────────────────────────────────────────────────────────────────────────────────────────────────────────────────────────── ,ggggggggggg, ,gggg, dP""""""88""""""""""""Y8, d8"" ""8I ,dPYb, Yb, 88 `8b 88 ,dP...",decompyle3:not_run:;pylingual:not_run:
cpython-311,data/rq3/cpython-3.11/unique_bug_pyc/cpython-311-c35c19a1424f.pyc,no_source,"# decompyle3 version 3.9.3 # Python bytecode version base 3.11 (3495) # Decompiled from: Python 3.11.0rc1 (main, Aug 12 2022, 10:02:14) [GCC 11.2.0] # Embedded file name: data/rq3/cpython-3.11/unittest_seeds/raw/cpython_case_test_richcmp...",crash,signal_11:,,"decompyle3:error:# decompyle3 version 3.9.3 # Python bytecode version base 3.11 (3495) # Decompiled from: Python 3.11.0rc1 (main, Aug 12 2022, 10:02:14) [GCC 11.2.0] # Embedded file name: data/rq3/cpython-3.11/unittest_seeds/raw/cpython_case_test_richcmp...;pylingual:error:────────────────────────────────────────────────────────────────────────────────────────────────────────────────────────────────────────────────────────────────────── ,ggggggggggg, ,gggg, dP""""""88""""""""""""Y8, d8"" ""8I ,dPYb, Yb, 88 `8b 88 ,dP...",decompyle3:not_run:;pylingual:not_run:
cpython-311,data/rq3/cpython-3.11/unique_bug_pyc/cpython-311-c7e46bf7dec9.pyc,no_source,"# decompyle3 version 3.9.3 # Python bytecode version base 3.11 (3495) # Decompiled from: Python 3.11.0rc1 (main, Aug 12 2022, 10:02:14) [GCC 11.2.0] # Embedded file name: data/rq3/cpython-3.11/unittest_seeds/raw/cpython_case_test_functoo...",crash,signal_11:,,"decompyle3:error:# decompyle3 version 3.9.3 # Python bytecode version base 3.11 (3495) # Decompiled from: Python 3.11.0rc1 (main, Aug 12 2022, 10:02:14) [GCC 11.2.0] # Embedded file name: data/rq3/cpython-3.11/unittest_seeds/raw/cpython_case_test_functoo...;pylingual:error:────────────────────────────────────────────────────────────────────────────────────────────────────────────────────────────────────────────────────────────────────── ,ggggggggggg, ,gggg, dP""""""88""""""""""""Y8, d8"" ""8I ,dPYb, Yb, 88 `8b 88 ,dP...",decompyle3:not_run:;pylingual:not_run:
cpython-311,data/rq3/cpython-3.11/unique_bug_pyc/cpython-311-c8f0225022e8.pyc,no_source,"# decompyle3 version 3.9.3 # Python bytecode version base 3.11 (3495) # Decompiled from: Python 3.11.0rc1 (main, Aug 12 2022, 10:02:14) [GCC 11.2.0] # Embedded file name: data/rq3/cpython-3.11\\0\\0nittest_seeds/raw/cpython_case_test_zlib_Co...",crash,signal_11:,,"decompyle3:error:# decompyle3 version 3.9.3 # Python bytecode version base 3.11 (3495) # Decompiled from: Python 3.11.0rc1 (main, Aug 12 2022, 10:02:14) [GCC 11.2.0] # Embedded file name: data/rq3/cpython-3.11\\0\\0nittest_seeds/raw/cpython_case_test_zlib_Co...;pylingual:error:────────────────────────────────────────────────────────────────────────────────────────────────────────────────────────────────────────────────────────────────────── ,ggggggggggg, ,gggg, dP""""""88""""""""""""Y8, d8"" ""8I ,dPYb, Yb, 88 `8b 88 ,dP...",decompyle3:not_run:;pylingual:not_run:
cpython-311,data/rq3/cpython-3.11/unique_bug_pyc/cpython-311-cb5782851995.pyc,no_source,"# decompyle3 version 3.9.3 # Python bytecode version base 3.11 (3495) # Decompiled from: Python 3.11.0rc1 (main, Aug 12 2022, 10:02:14) [GCC 11.2.0] # Embedded file name: data/rq3/cpython-3.11/unittest_seeds/raw/cpython_case_test_c\\0\\0\\0\\0n...",exit_1,"Traceback (most recent call last): File ""/root/PyBC-Sec/pybcSEC/data/rq4/harness.py"", line 29, in <module> result = target() ^^^^^^^^ File ""data/rq3/cpython-3.11/unittest_seeds/raw/cpython_case_test_c\\0\\0\\0\\0ne_IgnoreEnvironmentTest_test_ig...",,"decompyle3:error:# decompyle3 version 3.9.3 # Python bytecode version base 3.11 (3495) # Decompiled from: Python 3.11.0rc1 (main, Aug 12 2022, 10:02:14) [GCC 11.2.0] # Embedded file name: data/rq3/cpython-3.11/unittest_seeds/raw/cpython_case_test_c\\0\\0\\0\\0n...;pylingual:error:────────────────────────────────────────────────────────────────────────────────────────────────────────────────────────────────────────────────────────────────────── ,ggggggggggg, ,gggg, dP""""""88""""""""""""Y8, d8"" ""8I ,dPYb, Yb, 88 `8b 88 ,dP...",decompyle3:not_run:;pylingual:not_run:
cpython-311,data/rq3/cpython-3.11/unique_bug_pyc/cpython-311-d3e8f4abd503.pyc,no_source,"# decompyle3 version 3.9.3 # Python bytecode version base 3.11 (3495) # Decompiled from: Python 3.11.0rc1 (main, Aug 12 2022, 10:02:14) [GCC 11.2.0] # Embedded file name: data/rq3/cpython-3.11/unittest_seeds/raw/cpython_case_test_buffer_...",crash,signal_11:,,"decompyle3:error:# decompyle3 version 3.9.3 # Python bytecode version base 3.11 (3495) # Decompiled from: Python 3.11.0rc1 (main, Aug 12 2022, 10:02:14) [GCC 11.2.0] # Embedded file name: data/rq3/cpython-3.11/unittest_seeds/raw/cpython_case_test_buffer_...;pylingual:error:────────────────────────────────────────────────────────────────────────────────────────────────────────────────────────────────────────────────────────────────────── ,ggggggggggg, ,gggg, dP""""""88""""""""""""Y8, d8"" ""8I ,dPYb, Yb, 88 `8b 88 ,dP...",decompyle3:not_run:;pylingual:not_run:
cpython-311,data/rq3/cpython-3.11/unique_bug_pyc/cpython-311-d60fc3bba62b.pyc,no_source,"# decompyle3 version 3.9.3 # Python bytecode version base 3.11 (3495) # Decompiled from: Python 3.11.0rc1 (main, Aug 12 2022, 10:02:14) [GCC 11.2.0] # Embedded file name: data/rq3/cpython-3.11/unittest_seeds/raw/cpython_case_test_sax_Sax...",crash,signal_11:,,"decompyle3:error:# decompyle3 version 3.9.3 # Python bytecode version base 3.11 (3495) # Decompiled from: Python 3.11.0rc1 (main, Aug 12 2022, 10:02:14) [GCC 11.2.0] # Embedded file name: data/rq3/cpython-3.11/unittest_seeds/raw/cpython_case_test_sax_Sax...;pylingual:error:────────────────────────────────────────────────────────────────────────────────────────────────────────────────────────────────────────────────────────────────────── ,ggggggggggg, ,gggg, dP""""""88""""""""""""Y8, d8"" ""8I ,dPYb, Yb, 88 `8b 88 ,dP...",decompyle3:not_run:;pylingual:not_run:
cpython-311,data/rq3/cpython-3.11/unique_bug_pyc/cpython-311-d7ef0f86f491.pyc,no_source,"# decompyle3 version 3.9.3 # Python bytecode version base 3.11 (3495) # Decompiled from: Python 3.11.0rc1 (main, Aug 12 2022, 10:02:14) [GCC 11.2.0] # Embedded file name: data/rq3/cpthon-3.11/unittest_seeds/raw/cpython`case_test_subproc...",crash,"signal_11:Traceback (most recent call last): File ""/root/PyBC-Sec/pybcSEC/data/rq4/harness.py"", line 29, in <module> result = target() ^^^^^^^^ File ""data/rq3/cpthon-3.11/unittest_seeds/raw/cpython`case_test_subprocess_POSIXProcessTestCase_test_i...",,"decompyle3:error:# decompyle3 version 3.9.3 # Python bytecode version base 3.11 (3495) # Decompiled from: Python 3.11.0rc1 (main, Aug 12 2022, 10:02:14) [GCC 11.2.0] # Embedded file name: data/rq3/cpthon-3.11/unittest_seeds/raw/cpython`case_test_subproc...;pylingual:error:────────────────────────────────────────────────────────────────────────────────────────────────────────────────────────────────────────────────────────────────────── ,ggggggggggg, ,gggg, dP""""""88""""""""""""Y8, d8"" ""8I ,dPYb, Yb, 88 `8b 88 ,dP...",decompyle3:not_run:;pylingual:not_run:
cpython-311,data/rq3/cpython-3.11/unique_bug_pyc/cpython-311-d84049333b64.pyc,no_source,"# decompyle3 version 3.9.3 # Python bytecode version base 3.11 (3495) # Decompiled from: Python 3.11.0rc1 (main, Aug 12 2022, 10:02:14) [GCC 11.2.0] # Embedded file name: data/rq3/cpython-3.11/unittest_seeds/raw/cpython_case_test_richcmp...",crash,signal_11:,,"decompyle3:error:# decompyle3 version 3.9.3 # Python bytecode version base 3.11 (3495) # Decompiled from: Python 3.11.0rc1 (main, Aug 12 2022, 10:02:14) [GCC 11.2.0] # Embedded file name: data/rq3/cpython-3.11/unittest_seeds/raw/cpython_case_test_richcmp...;pylingual:error:────────────────────────────────────────────────────────────────────────────────────────────────────────────────────────────────────────────────────────────────────── ,ggggggggggg, ,gggg, dP""""""88""""""""""""Y8, d8"" ""8I ,dPYb, Yb, 88 `8b 88 ,dP...",decompyle3:not_run:;pylingual:not_run:
cpython-311,data/rq3/cpython-3.11/unique_bug_pyc/cpython-311-d906218175c2.pyc,no_source,"# decompyle3 version 3.9.3 # Python bytecode version base 3.11 (3495) # Decompiled from: Python 3.11.0rc1 (main, Aug 12 2022, 10:02:14) [GCC 11.2.0] # Embedded file name: data/rq3/cpython-3.11/unittest_seeds/raw/cpython_case_test_ssl_Thr...",crash,signal_11:,,"decompyle3:error:# decompyle3 version 3.9.3 # Python bytecode version base 3.11 (3495) # Decompiled from: Python 3.11.0rc1 (main, Aug 12 2022, 10:02:14) [GCC 11.2.0] # Embedded file name: data/rq3/cpython-3.11/unittest_seeds/raw/cpython_case_test_ssl_Thr...;pylingual:error:────────────────────────────────────────────────────────────────────────────────────────────────────────────────────────────────────────────────────────────────────── ,ggggggggggg, ,gggg, dP""""""88""""""""""""Y8, d8"" ""8I ,dPYb, Yb, 88 `8b 88 ,dP...",decompyle3:not_run:;pylingual:not_run:
cpython-311,data/rq3/cpython-3.11/unique_bug_pyc/cpython-311-d998ecef0da5.pyc,no_source,"# decompyle3 version 3.9.3 # Python bytecode version base 3.11 (3495) # Decompiled from: Python 3.11.0rc1 (main, Aug 12 2022, 10:02:14) [GCC 11.2.0] # Embedded file name: data/rq3/cpython-3.11/unittest_seeds/raw/cpython_case_test_copy_Te...",crash,signal_11:,,"decompyle3:error:# decompyle3 version 3.9.3 # Python bytecode version base 3.11 (3495) # Decompiled from: Python 3.11.0rc1 (main, Aug 12 2022, 10:02:14) [GCC 11.2.0] # Embedded file name: data/rq3/cpython-3.11/unittest_seeds/raw/cpython_case_test_copy_Te...;pylingual:error:────────────────────────────────────────────────────────────────────────────────────────────────────────────────────────────────────────────────────────────────────── ,ggggggggggg, ,gggg, dP""""""88""""""""""""Y8, d8"" ""8I ,dPYb, Yb, 88 `8b 88 ,dP...",decompyle3:not_run:;pylingual:not_run:
cpython-311,data/rq3/cpython-3.11/unique_bug_pyc/cpython-311-d9b0ec3f5407.pyc,no_source,"# decompyle3 version 3.9.3 # Python bytecode version base 3.11 (3495) # Decompiled from: Python 3.11.0rc1 (main, Aug 12 2022, 10:02:14) [GCC 11.2.0] # Embedded file name: data/rq3/cpython-3.11/unittest_seeds/raw/cpython_case_test_iter_Te...",crash,signal_11:,,"decompyle3:error:# decompyle3 version 3.9.3 # Python bytecode version base 3.11 (3495) # Decompiled from: Python 3.11.0rc1 (main, Aug 12 2022, 10:02:14) [GCC 11.2.0] # Embedded file name: data/rq3/cpython-3.11/unittest_seeds/raw/cpython_case_test_iter_Te...;pylingual:error:────────────────────────────────────────────────────────────────────────────────────────────────────────────────────────────────────────────────────────────────────── ,ggggggggggg, ,gggg, dP""""""88""""""""""""Y8, d8"" ""8I ,dPYb, Yb, 88 `8b 88 ,dP...",decompyle3:not_run:;pylingual:not_run:
cpython-311,data/rq3/cpython-3.11/unique_bug_pyc/cpython-311-de13f63d4a69.pyc,no_source,"# decompyle3 version 3.9.3 # Python bytecode version base 3.11 (3495) # Decompiled from: Python 3.11.0rc1 (main, Aug 12 2022, 10:02:14) [GCC 11.2.0] # Embedded file name: data/rq3/cpython-3.11/unittest_seeds/raw/cpython_case_test_urlpars...",crash,signal_11:,,"decompyle3:error:# decompyle3 version 3.9.3 # Python bytecode version base 3.11 (3495) # Decompiled from: Python 3.11.0rc1 (main, Aug 12 2022, 10:02:14) [GCC 11.2.0] # Embedded file name: data/rq3/cpython-3.11/unittest_seeds/raw/cpython_case_test_urlpars...;pylingual:error:────────────────────────────────────────────────────────────────────────────────────────────────────────────────────────────────────────────────────────────────────── ,ggggggggggg, ,gggg, dP""""""88""""""""""""Y8, d8"" ""8I ,dPYb, Yb, 88 `8b 88 ,dP...",decompyle3:not_run:;pylingual:not_run:
cpython-311,data/rq3/cpython-3.11/unique_bug_pyc/cpython-311-de146f7549ab.pyc,no_source,"# decompyle3 version 3.9.3 # Python bytecode version base 3.11 (3495) # Decompiled from: Python 3.11.0rc1 (main, Aug 12 2022, 10:02:14) [GCC 11.2.0] # Embedded file name: data/rq3/cpython-3.11/unittest_seeds/raw/cpython_case_test_statist...",crash,"signal_11:Traceback (most recent call last): File ""/root/PyBC-Sec/pybcSEC/data/rq4/harness.py"", line 29, in <module> result = target() ^^^^^^^^ File ""data/rq3/cpython-3.11/unittest_seeds/raw/cpython_case_test_statistics_TestMedian_test_odd_ints.py...",,"decompyle3:error:# decompyle3 version 3.9.3 # Python bytecode version base 3.11 (3495) # Decompiled from: Python 3.11.0rc1 (main, Aug 12 2022, 10:02:14) [GCC 11.2.0] # Embedded file name: data/rq3/cpython-3.11/unittest_seeds/raw/cpython_case_test_statist...;pylingual:error:────────────────────────────────────────────────────────────────────────────────────────────────────────────────────────────────────────────────────────────────────── ,ggggggggggg, ,gggg, dP""""""88""""""""""""Y8, d8"" ""8I ,dPYb, Yb, 88 `8b 88 ,dP...",decompyle3:not_run:;pylingual:not_run:
cpython-311,data/rq3/cpython-3.11/unique_bug_pyc/cpython-311-e5db341b3864.pyc,no_source,"# decompyle3 version 3.9.3 # Python bytecode version base 3.11 (3495) # Decompiled from: Python 3.11.0rc1 (main, Aug 12 2022, 10:02:14) [GCC 11.2.0] # Embedded file name: data/rq3/cpython-3.11/unittest_seeds/raw/cpython_case_test_types_U...",crash,signal_11:,,"decompyle3:error:# decompyle3 version 3.9.3 # Python bytecode version base 3.11 (3495) # Decompiled from: Python 3.11.0rc1 (main, Aug 12 2022, 10:02:14) [GCC 11.2.0] # Embedded file name: data/rq3/cpython-3.11/unittest_seeds/raw/cpython_case_test_types_U...;pylingual:error:────────────────────────────────────────────────────────────────────────────────────────────────────────────────────────────────────────────────────────────────────── ,ggggggggggg, ,gggg, dP""""""88""""""""""""Y8, d8"" ""8I ,dPYb, Yb, 88 `8b 88 ,dP...",decompyle3:not_run:;pylingual:not_run:
cpython-311,data/rq3/cpython-3.11/unique_bug_pyc/cpython-311-e6716043d9b1.pyc,no_source,"# decompyle3 version 3.9.3 # Python bytecode version base 3.11 (3495) # Decompiled from: Python 3.11.0rc1 (main, Aug 12 2022, 10:02:14) [GCC 11.2.0] # Embedded file name: data/rq3/cpython-3.11/unittest_seeds/raw/cpython_case_test_patma_T...",crash,signal_11:,,"decompyle3:error:# decompyle3 version 3.9.3 # Python bytecode version base 3.11 (3495) # Decompiled from: Python 3.11.0rc1 (main, Aug 12 2022, 10:02:14) [GCC 11.2.0] # Embedded file name: data/rq3/cpython-3.11/unittest_seeds/raw/cpython_case_test_patma_T...;pylingual:error:────────────────────────────────────────────────────────────────────────────────────────────────────────────────────────────────────────────────────────────────────── ,ggggggggggg, ,gggg, dP""""""88""""""""""""Y8, d8"" ""8I ,dPYb, Yb, 88 `8b 88 ,dP...",decompyle3:not_run:;pylingual:not_run:
cpython-311,data/rq3/cpython-3.11/unique_bug_pyc/cpython-311-e763a2c86fa7.pyc,no_source,"# decompyle3 version 3.9.3 # Python bytecode version base 3.11 (3495) # Decompiled from: Python 3.11.0rc1 (main, Aug 12 2022, 10:02:14) [GCC 11.2.0] # Embedded file name: data/rq3/cpython-3.11/unittest_seeds/raw/cpython_case_test_flufl_F...",crash,signal_11:,,"decompyle3:error:# decompyle3 version 3.9.3 # Python bytecode version base 3.11 (3495) # Decompiled from: Python 3.11.0rc1 (main, Aug 12 2022, 10:02:14) [GCC 11.2.0] # Embedded file name: data/rq3/cpython-3.11/unittest_seeds/raw/cpython_case_test_flufl_F...;pylingual:error:────────────────────────────────────────────────────────────────────────────────────────────────────────────────────────────────────────────────────────────────────── ,ggggggggggg, ,gggg, dP""""""88""""""""""""Y8, d8"" ""8I ,dPYb, Yb, 88 `8b 88 ,dP...",decompyle3:not_run:;pylingual:not_run:
cpython-311,data/rq3/cpython-3.11/unique_bug_pyc/cpython-311-e788feba5ef2.pyc,no_source,"# decompyle3 version 3.9.3 # Python bytecode version base 3.11 (3495) # Decompiled from: Python 3.11.0rc1 (main, Aug 12 2022, 10:02:14) [GCC 11.2.0] # Embedded file name: data/rq3/cpython-3.11/unittest_seeds/raw/cpython_case_test_audioop...",crash,signal_11:,,"decompyle3:error:# decompyle3 version 3.9.3 # Python bytecode version base 3.11 (3495) # Decompiled from: Python 3.11.0rc1 (main, Aug 12 2022, 10:02:14) [GCC 11.2.0] # Embedded file name: data/rq3/cpython-3.11/unittest_seeds/raw/cpython_case_test_audioop...;pylingual:error:────────────────────────────────────────────────────────────────────────────────────────────────────────────────────────────────────────────────────────────────────── ,ggggggggggg, ,gggg, dP""""""88""""""""""""Y8, d8"" ""8I ,dPYb, Yb, 88 `8b 88 ,dP...",decompyle3:not_run:;pylingual:not_run:
cpython-311,data/rq3/cpython-3.11/unique_bug_pyc/cpython-311-e8befefd0ddb.pyc,no_source,"# decompyle3 version 3.9.3 # Python bytecode version base 3.11 (3495) # Decompiled from: Python 3.11.0rc1 (main, Aug 12 2022, 10:02:14) [GCC 11.2.0] # Embedded file name: data/rq3/cpython-3.11/unittest_seeds/raw/cpython_case_test_patma_T...",crash,signal_11:,,"decompyle3:error:# decompyle3 version 3.9.3 # Python bytecode version base 3.11 (3495) # Decompiled from: Python 3.11.0rc1 (main, Aug 12 2022, 10:02:14) [GCC 11.2.0] # Embedded file name: data/rq3/cpython-3.11/unittest_seeds/raw/cpython_case_test_patma_T...;pylingual:error:────────────────────────────────────────────────────────────────────────────────────────────────────────────────────────────────────────────────────────────────────── ,ggggggggggg, ,gggg, dP""""""88""""""""""""Y8, d8"" ""8I ,dPYb, Yb, 88 `8b 88 ,dP...",decompyle3:not_run:;pylingual:not_run:
cpython-311,data/rq3/cpython-3.11/unique_bug_pyc/cpython-311-eb5098221d22.pyc,no_source,"# decompyle3 version 3.9.3 # Python bytecode version base 3.11 (3495) # Decompiled from: Python 3.11.0rc1 (main, Aug 12 2022, 10:02:14) [GCC 11.2.0] # Embedded file name: data/rq3/cpython-3.11/unittest_seeds/raw/cpython_case_test_cmath_C...",exit_1,"Traceback (most recent call last): File ""/root/PyBC-Sec/pybcSEC/data/rq4/harness.py"", line 29, in <module> result = target() ^^^^^^^^ File ""data/rq3/cpython-3.11/unittest_seeds/raw/cpython_case_test_cmath_CMathTests_test_isfinite.py"", li...",,"decompyle3:error:# decompyle3 version 3.9.3 # Python bytecode version base 3.11 (3495) # Decompiled from: Python 3.11.0rc1 (main, Aug 12 2022, 10:02:14) [GCC 11.2.0] # Embedded file name: data/rq3/cpython-3.11/unittest_seeds/raw/cpython_case_test_cmath_C...;pylingual:error:────────────────────────────────────────────────────────────────────────────────────────────────────────────────────────────────────────────────────────────────────── ,ggggggggggg, ,gggg, dP""""""88""""""""""""Y8, d8"" ""8I ,dPYb, Yb, 88 `8b 88 ,dP...",decompyle3:not_run:;pylingual:not_run:
cpython-311,data/rq3/cpython-3.11/unique_bug_pyc/cpython-311-ec10e80c74ee.pyc,no_source,"# decompyle3 version 3.9.3 # Python bytecode version base 3.11 (3495) # Decompiled from: Python 3.11.0rc1 (main, Aug 12 2022, 10:02:14) [GCC 11.2.0] # Embedded file name: data/rq3/cp\\0hon-3.11/unittest_seeds/raw/cpython_case_test_statist...",crash,signal_11:,,"decompyle3:error:# decompyle3 version 3.9.3 # Python bytecode version base 3.11 (3495) # Decompiled from: Python 3.11.0rc1 (main, Aug 12 2022, 10:02:14) [GCC 11.2.0] # Embedded file name: data/rq3/cp\\0hon-3.11/unittest_seeds/raw/cpython_case_test_statist...;pylingual:error:────────────────────────────────────────────────────────────────────────────────────────────────────────────────────────────────────────────────────────────────────── ,ggggggggggg, ,gggg, dP""""""88""""""""""""Y8, d8"" ""8I ,dPYb, Yb, 88 `8b 88 ,dP...",decompyle3:not_run:;pylingual:not_run:
cpython-311,data/rq3/cpython-3.11/unique_bug_pyc/cpython-311-edf710a1cafb.pyc,no_source,"# decompyle3 version 3.9.3 # Python bytecode version base 3.11 (3495) # Decompiled from: Python 3.11.0rc1 (main, Aug 12 2022, 10:02:14) [GCC 11.2.0] # Embedded file name: data/rq3/cpython-3.11/unittest_seeds/raw/cpython_case_test_statist...",crash,signal_11:,,"decompyle3:error:# decompyle3 version 3.9.3 # Python bytecode version base 3.11 (3495) # Decompiled from: Python 3.11.0rc1 (main, Aug 12 2022, 10:02:14) [GCC 11.2.0] # Embedded file name: data/rq3/cpython-3.11/unittest_seeds/raw/cpython_case_test_statist...;pylingual:error:────────────────────────────────────────────────────────────────────────────────────────────────────────────────────────────────────────────────────────────────────── ,ggggggggggg, ,gggg, dP""""""88""""""""""""Y8, d8"" ""8I ,dPYb, Yb, 88 `8b 88 ,dP...",decompyle3:not_run:;pylingual:not_run:
cpython-311,data/rq3/cpython-3.11/unique_bug_pyc/cpython-311-f2a6601a913d.pyc,no_source,"# decompyle3 version 3.9.3 # Python bytecode version base 3.11 (3495) # Decompiled from: Python 3.11.0rc1 (main, Aug 12 2022, 10:02:14) [GCC 11.2.0] # Embedded file name: data/rq3/cpython-3.11/unittest_seeds/raw/cpython_case_test_posix_P...",crash,"signal_11:Traceback (most recent call last): File ""/root/PyBC-Sec/pybcSEC/data/rq4/harness.py"", line 29, in <module> result = target() ^^^^^^^^ File ""data/rq3/cpython-3.11/unittest_seeds/raw/cpython_case_test_posix_PosixTester_test_dup.py"", line 8...",,"decompyle3:error:# decompyle3 version 3.9.3 # Python bytecode version base 3.11 (3495) # Decompiled from: Python 3.11.0rc1 (main, Aug 12 2022, 10:02:14) [GCC 11.2.0] # Embedded file name: data/rq3/cpython-3.11/unittest_seeds/raw/cpython_case_test_posix_P...;pylingual:error:────────────────────────────────────────────────────────────────────────────────────────────────────────────────────────────────────────────────────────────────────── ,ggggggggggg, ,gggg, dP""""""88""""""""""""Y8, d8"" ""8I ,dPYb, Yb, 88 `8b 88 ,dP...",decompyle3:not_run:;pylingual:not_run:
cpython-311,data/rq3/cpython-3.11/unique_bug_pyc/cpython-311-f4ffcfa646c0.pyc,no_source,"# decompyle3 version 3.9.3 # Python bytecode version base 3.11 (3495) # Decompiled from: Python 3.11.0rc1 (main, Aug 12 2022, 10:02:14) [GCC 11.2.0] # Embedded file name: data/rq3/cpython-3.11/unittest_seeds/raw/cpython_case_test_descr_C...",crash,signal_11:,,"decompyle3:error:# decompyle3 version 3.9.3 # Python bytecode version base 3.11 (3495) # Decompiled from: Python 3.11.0rc1 (main, Aug 12 2022, 10:02:14) [GCC 11.2.0] # Embedded file name: data/rq3/cpython-3.11/unittest_seeds/raw/cpython_case_test_descr_C...;pylingual:error:────────────────────────────────────────────────────────────────────────────────────────────────────────────────────────────────────────────────────────────────────── ,ggggggggggg, ,gggg, dP""""""88""""""""""""Y8, d8"" ""8I ,dPYb, Yb, 88 `8b 88 ,dP...",decompyle3:not_run:;pylingual:not_run:
cpython-311,data/rq3/cpython-3.11/unique_bug_pyc/cpython-311-f5b1847d453a.pyc,no_source,"# decompyle3 version 3.9.3 # Python bytecode version base 3.11 (3495) # Decompiled from: Python 3.11.0rc1 (main, Aug 12 2022, 10:02:14) [GCC 11.2.0] # Embedded file name: data/rq3/cpython-3.11/unittest_seeds/raw/cpython_case_test_corouti...",crash,signal_11:,,"decompyle3:error:# decompyle3 version 3.9.3 # Python bytecode version base 3.11 (3495) # Decompiled from: Python 3.11.0rc1 (main, Aug 12 2022, 10:02:14) [GCC 11.2.0] # Embedded file name: data/rq3/cpython-3.11/unittest_seeds/raw/cpython_case_test_corouti...;pylingual:error:────────────────────────────────────────────────────────────────────────────────────────────────────────────────────────────────────────────────────────────────────── ,ggggggggggg, ,gggg, dP""""""88""""""""""""Y8, d8"" ""8I ,dPYb, Yb, 88 `8b 88 ,dP...",decompyle3:not_run:;pylingual:not_run:
cpython-311,data/rq3/cpython-3.11/unique_bug_pyc/cpython-311-f77a5d0f388f.pyc,no_source,"# decompyle3 version 3.9.3 # Python bytecode version base 3.11 (3495) # Decompiled from: Python 3.11.0rc1 (main, Aug 12 2022, 10:02:14) [GCC 11.2.0] # Embedded file name: data/rp3/cpython-3.11/unittest_seeds/raw/cpython_case_test_urllib2...",crash,"signal_11:Traceback (most recent call last): File ""/root/PyBC-Sec/pybcSEC/data/rq4/harness.py"", line 29, in <module> result = target() ^^^^^^^^ File ""data/rp3/cpython-3.11/unittest_seeds/raw/cpython_case_test_urllib2_HandlerTests_test_proxy.py"", l...",,"decompyle3:error:# decompyle3 version 3.9.3 # Python bytecode version base 3.11 (3495) # Decompiled from: Python 3.11.0rc1 (main, Aug 12 2022, 10:02:14) [GCC 11.2.0] # Embedded file name: data/rp3/cpython-3.11/unittest_seeds/raw/cpython_case_test_urllib2...;pylingual:error:────────────────────────────────────────────────────────────────────────────────────────────────────────────────────────────────────────────────────────────────────── ,ggggggggggg, ,gggg, dP""""""88""""""""""""Y8, d8"" ""8I ,dPYb, Yb, 88 `8b 88 ,dP...",decompyle3:not_run:;pylingual:not_run:
cpython-311,data/rq3/cpython-3.11/unique_bug_pyc/cpython-311-fe1f9c5aa0ba.pyc,no_source,"# decompyle3 version 3.9.3 # Python bytecode version base 3.11 (3495) # Decompiled from: Python 3.11.0rc1 (main, Aug 12 2022, 10:02:14) [GCC 11.2.0] # Embedded file name: data/rq3/cpython-3.11/uesolcst_seeds/raw/cpython_case_test_statist...",exit_1,"Traceback (most recent call last): File ""/root/PyBC-Sec/pybcSEC/data/rq4/harness.py"", line 29, in <module> result = target() ^^^^^^^^ File ""data/rq3/cpython-3.11/uesolcst_seeds/raw/cpython_case_test_statistics_ConvertTest_test_nan.py"", l...",,"decompyle3:error:# decompyle3 version 3.9.3 # Python bytecode version base 3.11 (3495) # Decompiled from: Python 3.11.0rc1 (main, Aug 12 2022, 10:02:14) [GCC 11.2.0] # Embedded file name: data/rq3/cpython-3.11/uesolcst_seeds/raw/cpython_case_test_statist...;pylingual:error:────────────────────────────────────────────────────────────────────────────────────────────────────────────────────────────────────────────────────────────────────── ,ggggggggggg, ,gggg, dP""""""88""""""""""""Y8, d8"" ""8I ,dPYb, Yb, 88 `8b 88 ,dP...",decompyle3:not_run:;pylingual:not_run:
cpython-312,data/rq3/cpython-3.12/unique_bug_pyc/cpython-312-010c889c5686.pyc,no_source,"# decompyle3 version 3.9.3 # Python bytecode version base 3.12.0 (3531) # Decompiled from: Python 3.12.13 (main, May 10 2026, 19:30:01) [Clang 22.1.3 ] # Embedded file name: data/rq3/cpython-3.12/unittest_seeds/raw/cpython_case_test_stri...",crash,signal_11:,,"decompyle3:error:# decompyle3 version 3.9.3 # Python bytecode version base 3.12.0 (3531) # Decompiled from: Python 3.12.13 (main, May 10 2026, 19:30:01) [Clang 22.1.3 ] # Embedded file name: data/rq3/cpython-3.12/unittest_seeds/raw/cpython_case_test_stri...;pylingual:error:────────────────────────────────────────────────────────────────────────────────────────────────────────────────────────────────────────────────────────────────────── ,ggggggggggg, ,gggg, dP""""""88""""""""""""Y8, d8"" ""8I ,dPYb, Yb, 88 `8b 88 ,dP...",decompyle3:not_run:;pylingual:not_run:
cpython-312,data/rq3/cpython-3.12/unique_bug_pyc/cpython-312-056e0268a396.pyc,no_source,"# decompyle3 version 3.9.3 # Python bytecode version base 3.12.0 (3531) # Decompiled from: Python 3.12.13 (main, May 10 2026, 19:30:01) [Clang 22.1.3 ] # Embedded file name: data/rq3/cpython-3.12/unittest_seeds/raw/cpython_case_test_opca...",crash,signal_11:,,"decompyle3:error:# decompyle3 version 3.9.3 # Python bytecode version base 3.12.0 (3531) # Decompiled from: Python 3.12.13 (main, May 10 2026, 19:30:01) [Clang 22.1.3 ] # Embedded file name: data/rq3/cpython-3.12/unittest_seeds/raw/cpython_case_test_opca...;pylingual:error:────────────────────────────────────────────────────────────────────────────────────────────────────────────────────────────────────────────────────────────────────── ,ggggggggggg, ,gggg, dP""""""88""""""""""""Y8, d8"" ""8I ,dPYb, Yb, 88 `8b 88 ,dP...",decompyle3:not_run:;pylingual:not_run:
cpython-312,data/rq3/cpython-3.12/unique_bug_pyc/cpython-312-061e3a384fb4.pyc,no_source,"# decompyle3 version 3.9.3 # Python bytecode version base 3.12.0 (3531) # Decompiled from: Python 3.12.13 (main, May 10 2026, 19:30:01) [Clang 22.1.3 ] # Embedded file name: data/rq3/cpython-3.12/unittest_seeds/raw/cpython_case_test_imap...",crash,signal_11:,,"decompyle3:error:# decompyle3 version 3.9.3 # Python bytecode version base 3.12.0 (3531) # Decompiled from: Python 3.12.13 (main, May 10 2026, 19:30:01) [Clang 22.1.3 ] # Embedded file name: data/rq3/cpython-3.12/unittest_seeds/raw/cpython_case_test_imap...;pylingual:error:────────────────────────────────────────────────────────────────────────────────────────────────────────────────────────────────────────────────────────────────────── ,ggggggggggg, ,gggg, dP""""""88""""""""""""Y8, d8"" ""8I ,dPYb, Yb, 88 `8b 88 ,dP...",decompyle3:not_run:;pylingual:not_run:
cpython-312,data/rq3/cpython-3.12/unique_bug_pyc/cpython-312-078fd396a487.pyc,no_source,"# decompyle3 version 3.9.3 # Python bytecode version base 3.12.0 (3531) # Decompiled from: Python 3.12.13 (main, May 10 2026, 19:30:01) [Clang 22.1.3 ] # Embedded file name: data/rq3/cpython-3.12/unittest_seeds/raw/cpython_case_test_py_c...",crash,signal_11:,,"decompyle3:error:# decompyle3 version 3.9.3 # Python bytecode version base 3.12.0 (3531) # Decompiled from: Python 3.12.13 (main, May 10 2026, 19:30:01) [Clang 22.1.3 ] # Embedded file name: data/rq3/cpython-3.12/unittest_seeds/raw/cpython_case_test_py_c...;pylingual:error:────────────────────────────────────────────────────────────────────────────────────────────────────────────────────────────────────────────────────────────────────── ,ggggggggggg, ,gggg, dP""""""88""""""""""""Y8, d8"" ""8I ,dPYb, Yb, 88 `8b 88 ,dP...",decompyle3:not_run:;pylingual:not_run:
cpython-312,data/rq3/cpython-3.12/unique_bug_pyc/cpython-312-090de9f253b0.pyc,no_source,"# decompyle3 version 3.9.3 # Python bytecode version base 3.12.0 (3531) # Decompiled from: Python 3.12.13 (main, May 10 2026, 19:30:01) [Clang 22.1.3 ] # Embedded file name: data/rq3/cpython-3.12/unittest_seeds/raw/cpython_case_test_time...",crash,signal_11:,,"decompyle3:error:# decompyle3 version 3.9.3 # Python bytecode version base 3.12.0 (3531) # Decompiled from: Python 3.12.13 (main, May 10 2026, 19:30:01) [Clang 22.1.3 ] # Embedded file name: data/rq3/cpython-3.12/unittest_seeds/raw/cpython_case_test_time...;pylingual:error:────────────────────────────────────────────────────────────────────────────────────────────────────────────────────────────────────────────────────────────────────── ,ggggggggggg, ,gggg, dP""""""88""""""""""""Y8, d8"" ""8I ,dPYb, Yb, 88 `8b 88 ,dP...",decompyle3:not_run:;pylingual:not_run:
cpython-312,data/rq3/cpython-3.12/unique_bug_pyc/cpython-312-0a687ec86931.pyc,no_source,"# decompyle3 version 3.9.3 # Python bytecode version base 3.12.0 (3531) # Decompiled from: Python 3.12.13 (main, May 10 2026, 19:30:01) [Clang 22.1.3 ] # Embedded file name: data/rq3/cpython-3.12/unittest_seeds/raw/cpython_case_test_winr...",exit_1,"Traceback (most recent call last): File ""/root/PyBC-Sec/pybcSEC/data/rq4/harness.py"", line 29, in <module> result = target() ^^^^^^^^ File ""data/rq3/cpython-3.12/unittest_seeds/raw/cpython_case_test_winreg_LocalWinregTests_test_named_arg...",,"decompyle3:error:# decompyle3 version 3.9.3 # Python bytecode version base 3.12.0 (3531) # Decompiled from: Python 3.12.13 (main, May 10 2026, 19:30:01) [Clang 22.1.3 ] # Embedded file name: data/rq3/cpython-3.12/unittest_seeds/raw/cpython_case_test_winr...;pylingual:error:────────────────────────────────────────────────────────────────────────────────────────────────────────────────────────────────────────────────────────────────────── ,ggggggggggg, ,gggg, dP""""""88""""""""""""Y8, d8"" ""8I ,dPYb, Yb, 88 `8b 88 ,dP...",decompyle3:not_run:;pylingual:not_run:
cpython-312,data/rq3/cpython-3.12/unique_bug_pyc/cpython-312-0a8e10a2d8b5.pyc,no_source,"# decompyle3 version 3.9.3 # Python bytecode version base 3.12.0 (3531) # Decompiled from: Python 3.12.13 (main, May 10 2026, 19:30:01) [Clang 22.1.3 ] # Embedded file name: data/rq3/cpython-3.12/unittest_seeds/raw/cpython_case_test_cont...",crash,signal_11:,,"decompyle3:error:# decompyle3 version 3.9.3 # Python bytecode version base 3.12.0 (3531) # Decompiled from: Python 3.12.13 (main, May 10 2026, 19:30:01) [Clang 22.1.3 ] # Embedded file name: data/rq3/cpython-3.12/unittest_seeds/raw/cpython_case_test_cont...;pylingual:error:────────────────────────────────────────────────────────────────────────────────────────────────────────────────────────────────────────────────────────────────────── ,ggggggggggg, ,gggg, dP""""""88""""""""""""Y8, d8"" ""8I ,dPYb, Yb, 88 `8b 88 ,dP...",decompyle3:not_run:;pylingual:not_run:
cpython-312,data/rq3/cpython-3.12/unique_bug_pyc/cpython-312-0c510e332b96.pyc,no_source,"# decompyle3 version 3.9.3 # Python bytecode version base 3.12.0 (3531) # Decompiled from: Python 3.12.13 (main, May 10 2026, 19:30:01) [Clang 22.1.3 ] # Embedded file name: data/rq3/cpython-3.12/unittest_seeds/raw/cpython_case_test_comp...",crash,signal_11:,,"decompyle3:error:# decompyle3 version 3.9.3 # Python bytecode version base 3.12.0 (3531) # Decompiled from: Python 3.12.13 (main, May 10 2026, 19:30:01) [Clang 22.1.3 ] # Embedded file name: data/rq3/cpython-3.12/unittest_seeds/raw/cpython_case_test_comp...;pylingual:error:────────────────────────────────────────────────────────────────────────────────────────────────────────────────────────────────────────────────────────────────────── ,ggggggggggg, ,gggg, dP""""""88""""""""""""Y8, d8"" ""8I ,dPYb, Yb, 88 `8b 88 ,dP...",decompyle3:not_run:;pylingual:not_run:
cpython-312,data/rq3/cpython-3.12/unique_bug_pyc/cpython-312-0e82a511c4a2.pyc,no_source,"# decompyle3 version 3.9.3 # Python bytecode version base 3.12.0 (3531) # Decompiled from: Python 3.12.13 (main, May 10 2026, 19:30:01) [Clang 22.1.3 ] # Embedded file name: data/rq3/cpython-3.12/unittest_seeds/raw/cpython_case_test_exce...",exit_1,"Traceback (most recent call last): File ""/root/PyBC-Sec/pybcSEC/data/rq4/harness.py"", line 29, in <module> result = target() ^^^^^^^^ File ""data/rq3/cpython-3.12/unittest_seeds/raw/cpython_case_test_exception_group_NestedExceptionGroupSu...",,"decompyle3:error:# decompyle3 version 3.9.3 # Python bytecode version base 3.12.0 (3531) # Decompiled from: Python 3.12.13 (main, May 10 2026, 19:30:01) [Clang 22.1.3 ] # Embedded file name: data/rq3/cpython-3.12/unittest_seeds/raw/cpython_case_test_exce...;pylingual:error:────────────────────────────────────────────────────────────────────────────────────────────────────────────────────────────────────────────────────────────────────── ,ggggggggggg, ,gggg, dP""""""88""""""""""""Y8, d8"" ""8I ,dPYb, Yb, 88 `8b 88 ,dP...",decompyle3:not_run:;pylingual:not_run:
cpython-312,data/rq3/cpython-3.12/unique_bug_pyc/cpython-312-0fff0eb1f38c.pyc,no_source,"# decompyle3 version 3.9.3 # Python bytecode version base 3.12.0 (3531) # Decompiled from: Python 3.12.13 (main, May 10 2026, 19:30:01) [Clang 22.1.3 ] # Embedded file name: data/rq3/cpython-3.12/unittest_seeds/raw/cpython_case_test_getp...",crash,signal_11:,,"decompyle3:error:# decompyle3 version 3.9.3 # Python bytecode version base 3.12.0 (3531) # Decompiled from: Python 3.12.13 (main, May 10 2026, 19:30:01) [Clang 22.1.3 ] # Embedded file name: data/rq3/cpython-3.12/unittest_seeds/raw/cpython_case_test_getp...;pylingual:error:────────────────────────────────────────────────────────────────────────────────────────────────────────────────────────────────────────────────────────────────────── ,ggggggggggg, ,gggg, dP""""""88""""""""""""Y8, d8"" ""8I ,dPYb, Yb, 88 `8b 88 ,dP...",decompyle3:not_run:;pylingual:not_run:
cpython-312,data/rq3/cpython-3.12/unique_bug_pyc/cpython-312-137d84c32dfb.pyc,no_source,"# decompyle3 version 3.9.3 # Python bytecode version base 3.12.0 (3531) # Decompiled from: Python 3.12.13 (main, May 10 2026, 19:30:01) [Clang 22.1.3 ] # Embedded file name: data/rq3/cpython-3.12/unittest_seeds/raw/cpython_case_test_reso...",crash,signal_11:,,"decompyle3:error:# decompyle3 version 3.9.3 # Python bytecode version base 3.12.0 (3531) # Decompiled from: Python 3.12.13 (main, May 10 2026, 19:30:01) [Clang 22.1.3 ] # Embedded file name: data/rq3/cpython-3.12/unittest_seeds/raw/cpython_case_test_reso...;pylingual:error:────────────────────────────────────────────────────────────────────────────────────────────────────────────────────────────────────────────────────────────────────── ,ggggggggggg, ,gggg, dP""""""88""""""""""""Y8, d8"" ""8I ,dPYb, Yb, 88 `8b 88 ,dP...",decompyle3:not_run:;pylingual:not_run:
cpython-312,data/rq3/cpython-3.12/unique_bug_pyc/cpython-312-15fb7a185bb9.pyc,no_source,"# decompyle3 version 3.9.3 # Python bytecode version base 3.12.0 (3531) # Decompiled from: Python 3.12.13 (main, May 10 2026, 19:30:01) [Clang 22.1.3 ] # Embedded file name: data/rq3/cpython-3.12/unittest_seeds/raw/cpython_case_test_coro...",crash,signal_11:,,"decompyle3:error:# decompyle3 version 3.9.3 # Python bytecode version base 3.12.0 (3531) # Decompiled from: Python 3.12.13 (main, May 10 2026, 19:30:01) [Clang 22.1.3 ] # Embedded file name: data/rq3/cpython-3.12/unittest_seeds/raw/cpython_case_test_coro...;pylingual:error:────────────────────────────────────────────────────────────────────────────────────────────────────────────────────────────────────────────────────────────────────── ,ggggggggggg, ,gggg, dP""""""88""""""""""""Y8, d8"" ""8I ,dPYb, Yb, 88 `8b 88 ,dP...",decompyle3:not_run:;pylingual:not_run:
cpython-312,data/rq3/cpython-3.12/unique_bug_pyc/cpython-312-169d43653538.pyc,no_source,"# decompyle3 version 3.9.3 # Python bytecode version base 3.12.0 (3531) # Decompiled from: Python 3.12.13 (main, May 10 2026, 19:30:01) [Clang 22.1.3 ] # Embedded file name: data/rq3/cpython-3.12/unittest_seeds/raw/cpython_case_test_inte...",crash,signal_11:,,"decompyle3:error:# decompyle3 version 3.9.3 # Python bytecode version base 3.12.0 (3531) # Decompiled from: Python 3.12.13 (main, May 10 2026, 19:30:01) [Clang 22.1.3 ] # Embedded file name: data/rq3/cpython-3.12/unittest_seeds/raw/cpython_case_test_inte...;pylingual:error:────────────────────────────────────────────────────────────────────────────────────────────────────────────────────────────────────────────────────────────────────── ,ggggggggggg, ,gggg, dP""""""88""""""""""""Y8, d8"" ""8I ,dPYb, Yb, 88 `8b 88 ,dP...",decompyle3:not_run:;pylingual:not_run:
cpython-312,data/rq3/cpython-3.12/unique_bug_pyc/cpython-312-187cea9ef555.pyc,no_source,"# decompyle3 version 3.9.3 # Python bytecode version base 3.12.0 (3531) # Decompiled from: Python 3.12.13 (main, May 10 2026, 19:30:01) [Clang 22.1.3 ] # Embedded file name: data/rq3/cpython-3.12/unittest_seeds/raw/cpython_case_test_xml_...",crash,signal_11:,,"decompyle3:error:# decompyle3 version 3.9.3 # Python bytecode version base 3.12.0 (3531) # Decompiled from: Python 3.12.13 (main, May 10 2026, 19:30:01) [Clang 22.1.3 ] # Embedded file name: data/rq3/cpython-3.12/unittest_seeds/raw/cpython_case_test_xml_...;pylingual:error:────────────────────────────────────────────────────────────────────────────────────────────────────────────────────────────────────────────────────────────────────── ,ggggggggggg, ,gggg, dP""""""88""""""""""""Y8, d8"" ""8I ,dPYb, Yb, 88 `8b 88 ,dP...",decompyle3:not_run:;pylingual:not_run:
cpython-312,data/rq3/cpython-3.12/unique_bug_pyc/cpython-312-191e2a349ee3.pyc,no_source,"# decompyle3 version 3.9.3 # Python bytecode version base 3.12.0 (3531) # Decompiled from: Python 3.12.13 (main, May 10 2026, 19:30:01) [Clang 22.1.3 ] # Embedded file name: data/rq3/cpython-3.12/unittest_seeds/raw/cpython_case_test_posi...",exit_1,"Traceback (most recent call last): File ""/root/PyBC-Sec/pybcSEC/data/rq4/harness.py"", line 29, in <module> result = target() ^^^^^^^^ File ""data/rq3/cpython-3.12/unittest_seeds/raw/cpython_case_test_posix_TestPosixWeaklinking_test_stat.p...",,"decompyle3:error:# decompyle3 version 3.9.3 # Python bytecode version base 3.12.0 (3531) # Decompiled from: Python 3.12.13 (main, May 10 2026, 19:30:01) [Clang 22.1.3 ] # Embedded file name: data/rq3/cpython-3.12/unittest_seeds/raw/cpython_case_test_posi...;pylingual:error:────────────────────────────────────────────────────────────────────────────────────────────────────────────────────────────────────────────────────────────────────── ,ggggggggggg, ,gggg, dP""""""88""""""""""""Y8, d8"" ""8I ,dPYb, Yb, 88 `8b 88 ,dP...",decompyle3:not_run:;pylingual:not_run:
cpython-312,data/rq3/cpython-3.12/unique_bug_pyc/cpython-312-1b42a384e806.pyc,no_source,"# decompyle3 version 3.9.3 # Python bytecode version base 3.12.0 (3531) # Decompiled from: Python 3.12.13 (main, May 10 2026, 19:30:01) [Clang 22.1.3 ] # Embedded file name: data/rq3/c\\0\\0\\0\\0n-3.12/unittest_seeds/raw/c%nthon_case_test_thre...",crash,signal_11:,,"decompyle3:error:# decompyle3 version 3.9.3 # Python bytecode version base 3.12.0 (3531) # Decompiled from: Python 3.12.13 (main, May 10 2026, 19:30:01) [Clang 22.1.3 ] # Embedded file name: data/rq3/c\\0\\0\\0\\0n-3.12/unittest_seeds/raw/c%nthon_case_test_thre...;pylingual:error:────────────────────────────────────────────────────────────────────────────────────────────────────────────────────────────────────────────────────────────────────── ,ggggggggggg, ,gggg, dP""""""88""""""""""""Y8, d8"" ""8I ,dPYb, Yb, 88 `8b 88 ,dP...",decompyle3:not_run:;pylingual:not_run:
cpython-312,data/rq3/cpython-3.12/unique_bug_pyc/cpython-312-1b6ffdc799dd.pyc,no_source,"# decompyle3 version 3.9.3 # Python bytecode version base 3.12.0 (3531) # Decompiled from: Python 3.12.13 (main, May 10 2026, 19:30:01) [Clang 22.1.3 ] # Embedded file name: data/rq3/cpython-3.12/unittest_seeds/raw/cpython_case_test_gene...",crash,signal_11:,,"decompyle3:error:# decompyle3 version 3.9.3 # Python bytecode version base 3.12.0 (3531) # Decompiled from: Python 3.12.13 (main, May 10 2026, 19:30:01) [Clang 22.1.3 ] # Embedded file name: data/rq3/cpython-3.12/unittest_seeds/raw/cpython_case_test_gene...;pylingual:error:────────────────────────────────────────────────────────────────────────────────────────────────────────────────────────────────────────────────────────────────────── ,ggggggggggg, ,gggg, dP""""""88""""""""""""Y8, d8"" ""8I ,dPYb, Yb, 88 `8b 88 ,dP...",decompyle3:not_run:;pylingual:not_run:
cpython-312,data/rq3/cpython-3.12/unique_bug_pyc/cpython-312-1d40eac1d9ad.pyc,no_source,"# decompyle3 version 3.9.3 # Python bytecode version base 3.12.0 (3531) # Decompiled from: Python 3.12.13 (main, May 10 2026, 19:30:01) [Clang 22.1.3 ] # Embedded file name: data/rq3/cpython-3.12/unittest_seeds/raw/cpython_case_test_deci...",crash,signal_11:,,"decompyle3:error:# decompyle3 version 3.9.3 # Python bytecode version base 3.12.0 (3531) # Decompiled from: Python 3.12.13 (main, May 10 2026, 19:30:01) [Clang 22.1.3 ] # Embedded file name: data/rq3/cpython-3.12/unittest_seeds/raw/cpython_case_test_deci...;pylingual:error:────────────────────────────────────────────────────────────────────────────────────────────────────────────────────────────────────────────────────────────────────── ,ggggggggggg, ,gggg, dP""""""88""""""""""""Y8, d8"" ""8I ,dPYb, Yb, 88 `8b 88 ,dP...",decompyle3:not_run:;pylingual:not_run:
cpython-312,data/rq3/cpython-3.12/unique_bug_pyc/cpython-312-1d8a3dacf8bd.pyc,no_source,"# decompyle3 version 3.9.3 # Python bytecode version base 3.12.0 (3531) # Decompiled from: Python 3.12.13 (main, May 10 2026, 19:30:01) [Clang 22.1.3 ] # Embedded file name: data/rq3/cpython-3.12/unittest_seeds/raw/cpython_case_test_desc...",crash,signal_11:,,"decompyle3:error:# decompyle3 version 3.9.3 # Python bytecode version base 3.12.0 (3531) # Decompiled from: Python 3.12.13 (main, May 10 2026, 19:30:01) [Clang 22.1.3 ] # Embedded file name: data/rq3/cpython-3.12/unittest_seeds/raw/cpython_case_test_desc...;pylingual:error:────────────────────────────────────────────────────────────────────────────────────────────────────────────────────────────────────────────────────────────────────── ,ggggggggggg, ,gggg, dP""""""88""""""""""""Y8, d8"" ""8I ,dPYb, Yb, 88 `8b 88 ,dP...",decompyle3:not_run:;pylingual:not_run:
cpython-312,data/rq3/cpython-3.12/unique_bug_pyc/cpython-312-21af7f8c8866.pyc,no_source,"# decompyle3 version 3.9.3 # Python bytecode version base 3.12.0 (3531) # Decompiled from: Python 3.12.13 (main, May 10 2026, 19:30:01) [Clang 22.1.3 ] # Embedded file name: data/rq3/cpython-3.12/unittest_seeds/raw/cpython_case_test_thre...",crash,signal_11:,,"decompyle3:error:# decompyle3 version 3.9.3 # Python bytecode version base 3.12.0 (3531) # Decompiled from: Python 3.12.13 (main, May 10 2026, 19:30:01) [Clang 22.1.3 ] # Embedded file name: data/rq3/cpython-3.12/unittest_seeds/raw/cpython_case_test_thre...;pylingual:error:────────────────────────────────────────────────────────────────────────────────────────────────────────────────────────────────────────────────────────────────────── ,ggggggggggg, ,gggg, dP""""""88""""""""""""Y8, d8"" ""8I ,dPYb, Yb, 88 `8b 88 ,dP...",decompyle3:not_run:;pylingual:not_run:
cpython-312,data/rq3/cpython-3.12/unique_bug_pyc/cpython-312-21d64628d74b.pyc,no_source,"# decompyle3 version 3.9.3 # Python bytecode version base 3.12.0 (3531) # Decompiled from: Python 3.12.13 (main, May 10 2026, 19:30:01) [Clang 22.1.3 ] # Embedded file name: data/rq3/cpython-3.12/unittest_seeds/raw/cpython_case_test_enum...",crash,signal_11:,,"decompyle3:error:# decompyle3 version 3.9.3 # Python bytecode version base 3.12.0 (3531) # Decompiled from: Python 3.12.13 (main, May 10 2026, 19:30:01) [Clang 22.1.3 ] # Embedded file name: data/rq3/cpython-3.12/unittest_seeds/raw/cpython_case_test_enum...;pylingual:error:────────────────────────────────────────────────────────────────────────────────────────────────────────────────────────────────────────────────────────────────────── ,ggggggggggg, ,gggg, dP""""""88""""""""""""Y8, d8"" ""8I ,dPYb, Yb, 88 `8b 88 ,dP...",decompyle3:not_run:;pylingual:not_run:
cpython-312,data/rq3/cpython-3.12/unique_bug_pyc/cpython-312-2334830d3a33.pyc,no_source,"# decompyle3 version 3.9.3 # Python bytecode version base 3.12.0 (3531) # Decompiled from: Python 3.12.13 (main, May 10 2026, 19:30:01) [Clang 22.1.3 ] # Embedded file name: data/rq3/cpython-3.12/unittest_seeds/raw/cpython_case_test_logg...",crash,"signal_11:Traceback (most recent call last): File ""/root/PyBC-Sec/pybcSEC/data/rq4/harness.py"", line 29, in <module> result = target() ^^^^^^^^ File ""data/rq3/cpython-3.12/unittest_seeds/raw/cpython_case_test_logging_ConfigDictTest_test_config_que...",,"decompyle3:error:# decompyle3 version 3.9.3 # Python bytecode version base 3.12.0 (3531) # Decompiled from: Python 3.12.13 (main, May 10 2026, 19:30:01) [Clang 22.1.3 ] # Embedded file name: data/rq3/cpython-3.12/unittest_seeds/raw/cpython_case_test_logg...;pylingual:error:────────────────────────────────────────────────────────────────────────────────────────────────────────────────────────────────────────────────────────────────────── ,ggggggggggg, ,gggg, dP""""""88""""""""""""Y8, d8"" ""8I ,dPYb, Yb, 88 `8b 88 ,dP...",decompyle3:not_run:;pylingual:not_run:
cpython-312,data/rq3/cpython-3.12/unique_bug_pyc/cpython-312-287217f8ee5e.pyc,no_source,"# decompyle3 version 3.9.3 # Python bytecode version base 3.12.0 (3531) # Decompiled from: Python 3.12.13 (main, May 10 2026, 19:30:01) [Clang 22.1.3 ] # Embedded file name: data/rq3/cpython-3.12/unittest_seeds/raw/cpython_case_test_iter...",crash,signal_11:,,"decompyle3:error:# decompyle3 version 3.9.3 # Python bytecode version base 3.12.0 (3531) # Decompiled from: Python 3.12.13 (main, May 10 2026, 19:30:01) [Clang 22.1.3 ] # Embedded file name: data/rq3/cpython-3.12/unittest_seeds/raw/cpython_case_test_iter...;pylingual:error:────────────────────────────────────────────────────────────────────────────────────────────────────────────────────────────────────────────────────────────────────── ,ggggggggggg, ,gggg, dP""""""88""""""""""""Y8, d8"" ""8I ,dPYb, Yb, 88 `8b 88 ,dP...",decompyle3:not_run:;pylingual:not_run:
cpython-312,data/rq3/cpython-3.12/unique_bug_pyc/cpython-312-28be946ac169.pyc,no_source,"# decompyle3 version 3.9.3 # Python bytecode version base 3.12.0 (3531) # Decompiled from: Python 3.12.13 (main, May 10 2026, 19:30:01) [Clang 22.1.3 ] # Embedded file name: data/rq3/cpython-3.12/unittest_seeds/raw/cpython_case_t_have_,P...",exit_1,"Traceback (most recent call last): File ""/root/PyBC-Sec/pybcSEC/data/rq4/harness.py"", line 29, in <module> result = target() ^^^^^^^^ File ""data/rq3/cpython-3.12/unittest_seeds/raw/cpython_case_t_have_,PC_MAX_INPUT120Test_test badsyntax....",,"decompyle3:error:# decompyle3 version 3.9.3 # Python bytecode version base 3.12.0 (3531) # Decompiled from: Python 3.12.13 (main, May 10 2026, 19:30:01) [Clang 22.1.3 ] # Embedded file name: data/rq3/cpython-3.12/unittest_seeds/raw/cpython_case_t_have_,P...;pylingual:error:────────────────────────────────────────────────────────────────────────────────────────────────────────────────────────────────────────────────────────────────────── ,ggggggggggg, ,gggg, dP""""""88""""""""""""Y8, d8"" ""8I ,dPYb, Yb, 88 `8b 88 ,dP...",decompyle3:not_run:;pylingual:not_run:
cpython-312,data/rq3/cpython-3.12/unique_bug_pyc/cpython-312-2968a13eea15.pyc,no_source,"# decompyle3 version 3.9.3 # Python bytecode version base 3.12.0 (3531) # Decompiled from: Python 3.12.13 (main, May 10 2026, 19:30:01) [Clang 22.1.3 ] # Embedded file name: data/rq3/cpython-3.12/unittest_seeds/raw/cpython_case_test_comp...",exit_1,"Traceback (most recent call last): File ""/root/PyBC-Sec/pybcSEC/data/rq4/harness.py"", line 29, in <module> result = target() ^^^^^^^^ File ""data/rq3/cpython-3.12/unittest_seeds/raw/cpython_case_test_compile_TestSpecifics_test_annotation_...",,"decompyle3:error:# decompyle3 version 3.9.3 # Python bytecode version base 3.12.0 (3531) # Decompiled from: Python 3.12.13 (main, May 10 2026, 19:30:01) [Clang 22.1.3 ] # Embedded file name: data/rq3/cpython-3.12/unittest_seeds/raw/cpython_case_test_comp...;pylingual:error:────────────────────────────────────────────────────────────────────────────────────────────────────────────────────────────────────────────────────────────────────── ,ggggggggggg, ,gggg, dP""""""88""""""""""""Y8, d8"" ""8I ,dPYb, Yb, 88 `8b 88 ,dP...",decompyle3:not_run:;pylingual:not_run:
cpython-312,data/rq3/cpython-3.12/unique_bug_pyc/cpython-312-2a5effb1e7b9.pyc,no_source,"# decompyle3 version 3.9.3 # Python bytecode version base 3.12.0 (3531) # Decompiled from: Python 3.12.13 (main, May 10 2026, 19:30:01) [Clang 22.1.3 ] # Embedded file name: data/rq3/cpython-3.12/unittest_seeds/raw/cpython_case_test_rais...",crash,signal_11:,,"decompyle3:error:# decompyle3 version 3.9.3 # Python bytecode version base 3.12.0 (3531) # Decompiled from: Python 3.12.13 (main, May 10 2026, 19:30:01) [Clang 22.1.3 ] # Embedded file name: data/rq3/cpython-3.12/unittest_seeds/raw/cpython_case_test_rais...;pylingual:error:────────────────────────────────────────────────────────────────────────────────────────────────────────────────────────────────────────────────────────────────────── ,ggggggggggg, ,gggg, dP""""""88""""""""""""Y8, d8"" ""8I ,dPYb, Yb, 88 `8b 88 ,dP...",decompyle3:not_run:;pylingual:not_run:
cpython-312,data/rq3/cpython-3.12/unique_bug_pyc/cpython-312-2b79b5012e22.pyc,no_source,"# decompyle3 version 3.9.3 # Python bytecode version base 3.12.0 (3531) # Decompiled from: Python 3.12.13 (main, May 10 2026, 19:30:01) [Clang 22.1.3 ] # Embedded file name: data/rq3/cpython-3.12/unittest_seeds/raw/cpython_case_test_desc...",crash,signal_11:,,"decompyle3:error:# decompyle3 version 3.9.3 # Python bytecode version base 3.12.0 (3531) # Decompiled from: Python 3.12.13 (main, May 10 2026, 19:30:01) [Clang 22.1.3 ] # Embedded file name: data/rq3/cpython-3.12/unittest_seeds/raw/cpython_case_test_desc...;pylingual:error:────────────────────────────────────────────────────────────────────────────────────────────────────────────────────────────────────────────────────────────────────── ,ggggggggggg, ,gggg, dP""""""88""""""""""""Y8, d8"" ""8I ,dPYb, Yb, 88 `8b 88 ,dP...",decompyle3:not_run:;pylingual:not_run:
cpython-312,data/rq3/cpython-3.12/unique_bug_pyc/cpython-312-2bcc6ad1f7bb.pyc,no_source,/root/PyBC-Sec/pybcSEC/data/rq2/envs/cpython-312/lib/python3.12/site-packages/click/core.py:1262: UserWarning: The parameter --version is used more than once. Remove its duplicate as parameters should be unique. parser = self.make_parser...,crash,signal_11:,,"decompyle3:exit_-11:/root/PyBC-Sec/pybcSEC/data/rq2/envs/cpython-312/lib/python3.12/site-packages/click/core.py:1262: UserWarning: The parameter --version is used more than once. Remove its duplicate as parameters should be unique. parser = self.make_parser...;pylingual:exit_-11:────────────────────────────────────────────────────────────────────────────────────────────────────────────────────────────────────────────────────────────────────── ,ggggggggggg, ,gggg, dP""""""88""""""""""""Y8, d8"" ""8I ,dPYb, Yb, 88 `8b 88 ,dP...",decompyle3:not_run:;pylingual:not_run:
cpython-312,data/rq3/cpython-3.12/unique_bug_pyc/cpython-312-2bfbda011629.pyc,no_source,"# decompyle3 version 3.9.3 # Python bytecode version base 3.12.0 (3531) # Decompiled from: Python 3.12.13 (main, May 10 2026, 19:30:01) [Clang 22.1.3 ] # Embedded file name: data/rq3/cpython-3.12/unittest_seeds/raw/cpython_case_test_yiel...",crash,signal_11:,,"decompyle3:error:# decompyle3 version 3.9.3 # Python bytecode version base 3.12.0 (3531) # Decompiled from: Python 3.12.13 (main, May 10 2026, 19:30:01) [Clang 22.1.3 ] # Embedded file name: data/rq3/cpython-3.12/unittest_seeds/raw/cpython_case_test_yiel...;pylingual:error:────────────────────────────────────────────────────────────────────────────────────────────────────────────────────────────────────────────────────────────────────── ,ggggggggggg, ,gggg, dP""""""88""""""""""""Y8, d8"" ""8I ,dPYb, Yb, 88 `8b 88 ,dP...",decompyle3:not_run:;pylingual:not_run:
cpython-312,data/rq3/cpython-3.12/unique_bug_pyc/cpython-312-2d463551f6bc.pyc,no_source,"# decompyle3 version 3.9.3 # Python bytecode version base 3.12.0 (3531) # Decompiled from: Python 3.12.13 (main, May 10 2026, 19:30:01) [Clang 22.1.3 ] # Embedded file name: data/rq3/cpython-3.12/unittest_seeds/raw/cpython_case_test_dict...",exit_1,"Traceback (most recent call last): File ""/root/PyBC-Sec/pybcSEC/data/rq4/harness.py"", line 23, in <module> list(dis.Bytecode(code)) File ""/root/.local/share/uv/python/cpython-3.12.13-linux-x86_64-gnu/lib/python3.12/dis.py"", line 475, in ...",,"decompyle3:error:# decompyle3 version 3.9.3 # Python bytecode version base 3.12.0 (3531) # Decompiled from: Python 3.12.13 (main, May 10 2026, 19:30:01) [Clang 22.1.3 ] # Embedded file name: data/rq3/cpython-3.12/unittest_seeds/raw/cpython_case_test_dict...;pylingual:error:────────────────────────────────────────────────────────────────────────────────────────────────────────────────────────────────────────────────────────────────────── ,ggggggggggg, ,gggg, dP""""""88""""""""""""Y8, d8"" ""8I ,dPYb, Yb, 88 `8b 88 ,dP...",decompyle3:not_run:;pylingual:not_run:
cpython-312,data/rq3/cpython-3.12/unique_bug_pyc/cpython-312-2e7dbf59c38d.pyc,no_source,"# decompyle3 version 3.9.3 # Python bytecode version base 3.12.0 (3531) # Decompiled from: Python 3.12.13 (main, May 10 2026, 19:30:01) [Clang 22.1.3 ] # Embedded file name: data/rq3/cpython-3.12/unittest_seeds/raw/cpython_case_test_byte...",crash,signal_11:,,"decompyle3:error:# decompyle3 version 3.9.3 # Python bytecode version base 3.12.0 (3531) # Decompiled from: Python 3.12.13 (main, May 10 2026, 19:30:01) [Clang 22.1.3 ] # Embedded file name: data/rq3/cpython-3.12/unittest_seeds/raw/cpython_case_test_byte...;pylingual:error:────────────────────────────────────────────────────────────────────────────────────────────────────────────────────────────────────────────────────────────────────── ,ggggggggggg, ,gggg, dP""""""88""""""""""""Y8, d8"" ""8I ,dPYb, Yb, 88 `8b 88 ,dP...",decompyle3:not_run:;pylingual:not_run:
cpython-312,data/rq3/cpython-3.12/unique_bug_pyc/cpython-312-32e27ddd9191.pyc,no_source,"# decompyle3 version 3.9.3 # Python bytecode version base 3.12.0 (3531) # Decompiled from: Python 3.12.13 (main, May 10 2026, 19:30:01) [Clang 22.1.3 ] # Embedded file name: data/rq3/cpython-3.12/unittest_seeds/raw/cpython_case_test_rlco...",exit_1,"Traceback (most recent call last): File ""/root/PyBC-Sec/pybcSEC/data/rq4/harness.py"", line 29, in <module> result = target() ^^^^^^^^ File ""data/rq3/cpython-3.12/unittest_seeds/raw/cpython_case_test_rlcompleter_TestRlcompleter_test_prope...",,"decompyle3:error:# decompyle3 version 3.9.3 # Python bytecode version base 3.12.0 (3531) # Decompiled from: Python 3.12.13 (main, May 10 2026, 19:30:01) [Clang 22.1.3 ] # Embedded file name: data/rq3/cpython-3.12/unittest_seeds/raw/cpython_case_test_rlco...;pylingual:error:────────────────────────────────────────────────────────────────────────────────────────────────────────────────────────────────────────────────────────────────────── ,ggggggggggg, ,gggg, dP""""""88""""""""""""Y8, d8"" ""8I ,dPYb, Yb, 88 `8b 88 ,dP...",decompyle3:not_run:;pylingual:not_run:
cpython-312,data/rq3/cpython-3.12/unique_bug_pyc/cpython-312-330afc90f5cd.pyc,no_source,"# decompyle3 version 3.9.3 # Python bytecode version base 3.12.0 (3531) # Decompiled from: Python 3.12.13 (main, May 10 2026, 19:30:01) [Clang 22.1.3 ] # Embedded file name: data/rq3/cpython-3.12/unittest_seeds/raw/cpython_case_test_buff...",exit_1,"Traceback (most recent call last): File ""/root/PyBC-Sec/pybcSEC/data/rq4/harness.py"", line 29, in <module> result = target() ^^^^^^^^ File ""data/rq3/cpython-3.12/unittest_seeds/raw/cpython_case_test_buffer_TestPythonBufferProtocol_test_i...",,"decompyle3:error:# decompyle3 version 3.9.3 # Python bytecode version base 3.12.0 (3531) # Decompiled from: Python 3.12.13 (main, May 10 2026, 19:30:01) [Clang 22.1.3 ] # Embedded file name: data/rq3/cpython-3.12/unittest_seeds/raw/cpython_case_test_buff...;pylingual:error:────────────────────────────────────────────────────────────────────────────────────────────────────────────────────────────────────────────────────────────────────── ,ggggggggggg, ,gggg, dP""""""88""""""""""""Y8, d8"" ""8I ,dPYb, Yb, 88 `8b 88 ,dP...",decompyle3:not_run:;pylingual:not_run:
cpython-312,data/rq3/cpython-3.12/unique_bug_pyc/cpython-312-342dc3acc689.pyc,no_source,"# decompyle3 version 3.9.3 # Python bytecode version base 3.12.0 (3531) # Decompiled from: Python 3.12.13 (main, May 10 2026, 19:30:01) [Clang 22.1.3 ] # Embedded file name: data/rq3/cpython-3.12/unittest_seeds/raw/cpython_case_test_sour...",crash,"signal_11:Traceback (most recent call last): File ""/root/PyBC-Sec/pybcSEC/data/rq4/harness.py"", line 29, in <module> result = target() ^^^^^^^^ File ""data/rq3/cpython-3.12/unittest_seeds/raw/cpython_case_test_source_encoding_AbstractSourceEncoding...",,"decompyle3:error:# decompyle3 version 3.9.3 # Python bytecode version base 3.12.0 (3531) # Decompiled from: Python 3.12.13 (main, May 10 2026, 19:30:01) [Clang 22.1.3 ] # Embedded file name: data/rq3/cpython-3.12/unittest_seeds/raw/cpython_case_test_sour...;pylingual:error:────────────────────────────────────────────────────────────────────────────────────────────────────────────────────────────────────────────────────────────────────── ,ggggggggggg, ,gggg, dP""""""88""""""""""""Y8, d8"" ""8I ,dPYb, Yb, 88 `8b 88 ,dP...",decompyle3:not_run:;pylingual:not_run:
cpython-312,data/rq3/cpython-3.12/unique_bug_pyc/cpython-312-369a4f2f436b.pyc,no_source,/root/PyBC-Sec/pybcSEC/data/rq2/envs/cpython-312/lib/python3.12/site-packages/click/core.py:1262: UserWarning: The parameter --version is used more than once. Remove its duplicate as parameters should be unique. parser = self.make_parser...,crash,signal_11:,,"decompyle3:exit_1:/root/PyBC-Sec/pybcSEC/data/rq2/envs/cpython-312/lib/python3.12/site-packages/click/core.py:1262: UserWarning: The parameter --version is used more than once. Remove its duplicate as parameters should be unique. parser = self.make_parser...;pylingual:error:────────────────────────────────────────────────────────────────────────────────────────────────────────────────────────────────────────────────────────────────────── ,ggggggggggg, ,gggg, dP""""""88""""""""""""Y8, d8"" ""8I ,dPYb, Yb, 88 `8b 88 ,dP...",decompyle3:not_run:;pylingual:not_run:
cpython-312,data/rq3/cpython-3.12/unique_bug_pyc/cpython-312-383a4dc5dae6.pyc,no_source,"# decompyle3 version 3.9.3 # Python bytecode version base 3.12.0 (3531) # Decompiled from: Python 3.12.13 (main, May 10 2026, 19:30:01) [Clang 22.1.3 ] # Embedded file name: data/rq3/c\\0\\0\\0\\0\\0\\0ã\\0\\0\\0\\0\\0\\0\\0\\0\\0\\0\\0\\0\\0\\0\\0\\0\\0\\0\\0ó$\\0\\0\\0\\0d\\0\\0Z\\0edk(\\0\\0r\\0e...",crash,signal_11:,,"decompyle3:error:# decompyle3 version 3.9.3 # Python bytecode version base 3.12.0 (3531) # Decompiled from: Python 3.12.13 (main, May 10 2026, 19:30:01) [Clang 22.1.3 ] # Embedded file name: data/rq3/c\\0\\0\\0\\0\\0\\0ã\\0\\0\\0\\0\\0\\0\\0\\0\\0\\0\\0\\0\\0\\0\\0\\0\\0\\0\\0ó$\\0\\0\\0\\0d\\0\\0Z\\0edk(\\0\\0r\\0e...;pylingual:error:────────────────────────────────────────────────────────────────────────────────────────────────────────────────────────────────────────────────────────────────────── ,ggggggggggg, ,gggg, dP""""""88""""""""""""Y8, d8"" ""8I ,dPYb, Yb, 88 `8b 88 ,dP...",decompyle3:not_run:;pylingual:not_run:
cpython-312,data/rq3/cpython-3.12/unique_bug_pyc/cpython-312-39f1b949468c.pyc,no_source,"# decompyle3 version 3.9.3 # Python bytecode version base 3.12.0 (3531) # Decompiled from: Python 3.12.13 (main, May 10 2026, 19:30:01) [Clang 22.1.3 ] # Embedded file name: data/rq3/cpython-3.12/unittest_seeds/raw/cpython_case_test_copy...",crash,signal_11:,,"decompyle3:error:# decompyle3 version 3.9.3 # Python bytecode version base 3.12.0 (3531) # Decompiled from: Python 3.12.13 (main, May 10 2026, 19:30:01) [Clang 22.1.3 ] # Embedded file name: data/rq3/cpython-3.12/unittest_seeds/raw/cpython_case_test_copy...;pylingual:error:────────────────────────────────────────────────────────────────────────────────────────────────────────────────────────────────────────────────────────────────────── ,ggggggggggg, ,gggg, dP""""""88""""""""""""Y8, d8"" ""8I ,dPYb, Yb, 88 `8b 88 ,dP...",decompyle3:not_run:;pylingual:not_run:
cpython-312,data/rq3/cpython-3.12/unique_bug_pyc/cpython-312-3a84df919de0.pyc,no_source,"# decompyle3 version 3.9.3 # Python bytecode version base 3.12.0 (3531) # Decompiled from: Python 3.12.13 (main, May 10 2026, 19:30:01) [Clang 22.1.3 ] # Embedded file name: data/rq3/cpython-3.12/unittest_seeds/raw/cpython_case_test_sort...",crash,signal_11:,,"decompyle3:error:# decompyle3 version 3.9.3 # Python bytecode version base 3.12.0 (3531) # Decompiled from: Python 3.12.13 (main, May 10 2026, 19:30:01) [Clang 22.1.3 ] # Embedded file name: data/rq3/cpython-3.12/unittest_seeds/raw/cpython_case_test_sort...;pylingual:error:────────────────────────────────────────────────────────────────────────────────────────────────────────────────────────────────────────────────────────────────────── ,ggggggggggg, ,gggg, dP""""""88""""""""""""Y8, d8"" ""8I ,dPYb, Yb, 88 `8b 88 ,dP...",decompyle3:not_run:;pylingual:not_run:
cpython-312,data/rq3/cpython-3.12/unique_bug_pyc/cpython-312-3c22997449a8.pyc,no_source,"# decompyle3 version 3.9.3 # Python bytecode version base 3.12.0 (3531) # Decompiled from: Python 3.12.13 (main, May 10 2026, 19:30:01) [Clang 22.1.3 ] # Embedded file name: data/rq3/cpython-3.12/unittest_seeds/raw/cpython_case_test_lzma...",exit_1,"Traceback (most recent call last): File ""/root/PyBC-Sec/pybcSEC/data/rq4/harness.py"", line 29, in <module> result = target() ^^^^^^^^ File ""data/rq3/cpython-3.12/unittest_seeds/raw/cpython_case_test_lzma_FileTestCase_test_seek_past_start...",,"decompyle3:error:# decompyle3 version 3.9.3 # Python bytecode version base 3.12.0 (3531) # Decompiled from: Python 3.12.13 (main, May 10 2026, 19:30:01) [Clang 22.1.3 ] # Embedded file name: data/rq3/cpython-3.12/unittest_seeds/raw/cpython_case_test_lzma...;pylingual:error:────────────────────────────────────────────────────────────────────────────────────────────────────────────────────────────────────────────────────────────────────── ,ggggggggggg, ,gggg, dP""""""88""""""""""""Y8, d8"" ""8I ,dPYb, Yb, 88 `8b 88 ,dP...",decompyle3:not_run:;pylingual:not_run:
cpython-312,data/rq3/cpython-3.12/unique_bug_pyc/cpython-312-3ce12ddfcd53.pyc,no_source,"# decompyle3 version 3.9.3 # Python bytecode version base 3.12.0 (3531) # Decompiled from: Python 3.12.13 (main, May 10 2026, 19:30:01) [Clang 22.1.3 ] # Embedded file name: data/rq3/cpython-3.12/unittest_seeds/raw/cpython_case_test_dict...",crash,signal_11:,,"decompyle3:error:# decompyle3 version 3.9.3 # Python bytecode version base 3.12.0 (3531) # Decompiled from: Python 3.12.13 (main, May 10 2026, 19:30:01) [Clang 22.1.3 ] # Embedded file name: data/rq3/cpython-3.12/unittest_seeds/raw/cpython_case_test_dict...;pylingual:error:────────────────────────────────────────────────────────────────────────────────────────────────────────────────────────────────────────────────────────────────────── ,ggggggggggg, ,gggg, dP""""""88""""""""""""Y8, d8"" ""8I ,dPYb, Yb, 88 `8b 88 ,dP...",decompyle3:not_run:;pylingual:not_run:
cpython-312,data/rq3/cpython-3.12/unique_bug_pyc/cpython-312-3e356b350c39.pyc,no_source,"# decompyle3 version 3.9.3 # Python bytecode version base 3.12.0 (3531) # Decompiled from: Python 3.12.13 (main, May 10 2026, 19:30:01) [Clang 22.1.3 ] # Embedded file name: data/rq3/cpython-3.12/unittest_seeds/raw/cpython_case_test_line...",crash,signal_11:,,"decompyle3:error:# decompyle3 version 3.9.3 # Python bytecode version base 3.12.0 (3531) # Decompiled from: Python 3.12.13 (main, May 10 2026, 19:30:01) [Clang 22.1.3 ] # Embedded file name: data/rq3/cpython-3.12/unittest_seeds/raw/cpython_case_test_line...;pylingual:error:────────────────────────────────────────────────────────────────────────────────────────────────────────────────────────────────────────────────────────────────────── ,ggggggggggg, ,gggg, dP""""""88""""""""""""Y8, d8"" ""8I ,dPYb, Yb, 88 `8b 88 ,dP...",decompyle3:not_run:;pylingual:not_run:
cpython-312,data/rq3/cpython-3.12/unique_bug_pyc/cpython-312-413e7385bec6.pyc,no_source,"# decompyle3 version 3.9.3 # Python bytecode version base 3.12.0 (3531) # Decompiled from: Python 3.12.13 (main, May 10 2026, 19:30:01) [Clang 22.1.3 ] # Embedded file name: data/rq3/cpython-3.12/unittest_seeds/raw/cpython_case_test_patm...",crash,signal_11:,,"decompyle3:error:# decompyle3 version 3.9.3 # Python bytecode version base 3.12.0 (3531) # Decompiled from: Python 3.12.13 (main, May 10 2026, 19:30:01) [Clang 22.1.3 ] # Embedded file name: data/rq3/cpython-3.12/unittest_seeds/raw/cpython_case_test_patm...;pylingual:error:────────────────────────────────────────────────────────────────────────────────────────────────────────────────────────────────────────────────────────────────────── ,ggggggggggg, ,gggg, dP""""""88""""""""""""Y8, d8"" ""8I ,dPYb, Yb, 88 `8b 88 ,dP...",decompyle3:not_run:;pylingual:not_run:
cpython-312,data/rq3/cpython-3.12/unique_bug_pyc/cpython-312-456d4a553284.pyc,no_source,"# decompyle3 version 3.9.3 # Python bytecode version base 3.12.0 (3531) # Decompiled from: Python 3.12.13 (main, May 10 2026, 19:30:01) [Clang 22.1.3 ] # Embedded file name: data/rq3/cpython-3.12/unittest_seeds/raw/cpython_case_test_os_E...",crash,signal_11:,,"decompyle3:error:# decompyle3 version 3.9.3 # Python bytecode version base 3.12.0 (3531) # Decompiled from: Python 3.12.13 (main, May 10 2026, 19:30:01) [Clang 22.1.3 ] # Embedded file name: data/rq3/cpython-3.12/unittest_seeds/raw/cpython_case_test_os_E...;pylingual:error:────────────────────────────────────────────────────────────────────────────────────────────────────────────────────────────────────────────────────────────────────── ,ggggggggggg, ,gggg, dP""""""88""""""""""""Y8, d8"" ""8I ,dPYb, Yb, 88 `8b 88 ,dP...",decompyle3:not_run:;pylingual:not_run:
cpython-312,data/rq3/cpython-3.12/unique_bug_pyc/cpython-312-45933108c33c.pyc,no_source,"# decompyle3 version 3.9.3 # Python bytecode version base 3.12.0 (3531) # Decompiled from: Python 3.12.13 (main, May 10 2026, 19:30:01) [Clang 22.1.3 ] # Embedded file name: data/rq3/cpython-3.12/unittest_seeds/raw/cpython_case_test_unic...",crash,signal_11:,,"decompyle3:error:# decompyle3 version 3.9.3 # Python bytecode version base 3.12.0 (3531) # Decompiled from: Python 3.12.13 (main, May 10 2026, 19:30:01) [Clang 22.1.3 ] # Embedded file name: data/rq3/cpython-3.12/unittest_seeds/raw/cpython_case_test_unic...;pylingual:error:────────────────────────────────────────────────────────────────────────────────────────────────────────────────────────────────────────────────────────────────────── ,ggggggggggg, ,gggg, dP""""""88""""""""""""Y8, d8"" ""8I ,dPYb, Yb, 88 `8b 88 ,dP...",decompyle3:not_run:;pylingual:not_run:
cpython-312,data/rq3/cpython-3.12/unique_bug_pyc/cpython-312-495a4a41f8d8.pyc,no_source,"# decompyle3 version 3.9.3 # Python bytecode version base 3.12.0 (3531) # Decompiled from: Python 3.12.13 (main, May 10 2026, 19:30:01) [Clang 22.1.3 ] # Embedded file name: data/rq3/cpython-3.12/unittest_seeds/raw/cpython_cbse_test_comp...",crash,signal_11:,,"decompyle3:error:# decompyle3 version 3.9.3 # Python bytecode version base 3.12.0 (3531) # Decompiled from: Python 3.12.13 (main, May 10 2026, 19:30:01) [Clang 22.1.3 ] # Embedded file name: data/rq3/cpython-3.12/unittest_seeds/raw/cpython_cbse_test_comp...;pylingual:error:────────────────────────────────────────────────────────────────────────────────────────────────────────────────────────────────────────────────────────────────────── ,ggggggggggg, ,gggg, dP""""""88""""""""""""Y8, d8"" ""8I ,dPYb, Yb, 88 `8b 88 ,dP...",decompyle3:not_run:;pylingual:not_run:
cpython-312,data/rq3/cpython-3.12/unique_bug_pyc/cpython-312-4c2f7b39ed00.pyc,no_source,"# decompyle3 version 3.9.3 # Python bytecode version base 3.12.0 (3531) # Decompiled from: Python 3.12.13 (main, May 10 2026, 19:30:01) [Clang 22.1.3 ] # Embedded file name: data/rq3/cpython-3.12/unittest_seeds/raw/cpython_case_test_asyn...",crash,signal_11:,,"decompyle3:error:# decompyle3 version 3.9.3 # Python bytecode version base 3.12.0 (3531) # Decompiled from: Python 3.12.13 (main, May 10 2026, 19:30:01) [Clang 22.1.3 ] # Embedded file name: data/rq3/cpython-3.12/unittest_seeds/raw/cpython_case_test_asyn...;pylingual:error:────────────────────────────────────────────────────────────────────────────────────────────────────────────────────────────────────────────────────────────────────── ,ggggggggggg, ,gggg, dP""""""88""""""""""""Y8, d8"" ""8I ,dPYb, Yb, 88 `8b 88 ,dP...",decompyle3:not_run:;pylingual:not_run:
cpython-312,data/rq3/cpython-3.12/unique_bug_pyc/cpython-312-4c766bd41a3c.pyc,no_source,"# decompyle3 version 3.9.3 # Python bytecode version base 3.12.0 (3531) # Decompiled from: Python 3.12.13 (main, May 10 2026, 19:30:01) [Clang 22.1.3 ] # Embedded file name: data/rq3/cpython-3.12/unittest_seeds/raw/cpython_case_test_argp...",crash,signal_11:,,"decompyle3:error:# decompyle3 version 3.9.3 # Python bytecode version base 3.12.0 (3531) # Decompiled from: Python 3.12.13 (main, May 10 2026, 19:30:01) [Clang 22.1.3 ] # Embedded file name: data/rq3/cpython-3.12/unittest_seeds/raw/cpython_case_test_argp...;pylingual:error:────────────────────────────────────────────────────────────────────────────────────────────────────────────────────────────────────────────────────────────────────── ,ggggggggggg, ,gggg, dP""""""88""""""""""""Y8, d8"" ""8I ,dPYb, Yb, 88 `8b 88 ,dP...",decompyle3:not_run:;pylingual:not_run:
cpython-312,data/rq3/cpython-3.12/unique_bug_pyc/cpython-312-4c8e69693fb7.pyc,no_source,"# decompyle3 version 3.9.3 # Python bytecode version base 3.12.0 (3531) # Decompiled from: Python 3.12.13 (main, May 10 2026, 19:30:01) [Clang 22.1.3 ] # Embedded file name: data/rq3/cpython-3.12/unittest_seeds/raw/cpython_case_test_list...",crash,signal_11:,,"decompyle3:error:# decompyle3 version 3.9.3 # Python bytecode version base 3.12.0 (3531) # Decompiled from: Python 3.12.13 (main, May 10 2026, 19:30:01) [Clang 22.1.3 ] # Embedded file name: data/rq3/cpython-3.12/unittest_seeds/raw/cpython_case_test_list...;pylingual:error:────────────────────────────────────────────────────────────────────────────────────────────────────────────────────────────────────────────────────────────────────── ,ggggggggggg, ,gggg, dP""""""88""""""""""""Y8, d8"" ""8I ,dPYb, Yb, 88 `8b 88 ,dP...",decompyle3:not_run:;pylingual:not_run:
cpython-312,data/rq3/cpython-3.12/unique_bug_pyc/cpython-312-4e261a8cfcb0.pyc,no_source,"# decompyle3 version 3.9.3 # Python bytecode version base 3.12 (3530) # Decompiled from: Python 3.12.13 (main, May 10 2026, 19:30:01) [Clang 22.1.3 ] # Embedded file name: data/rq3/cpython-3.12/unittest_seeds/raw/cpython_case_test_lzma_F...",crash,signal_11:,,"decompyle3:error:# decompyle3 version 3.9.3 # Python bytecode version base 3.12 (3530) # Decompiled from: Python 3.12.13 (main, May 10 2026, 19:30:01) [Clang 22.1.3 ] # Embedded file name: data/rq3/cpython-3.12/unittest_seeds/raw/cpython_case_test_lzma_F...;pylingual:error:────────────────────────────────────────────────────────────────────────────────────────────────────────────────────────────────────────────────────────────────────── ,ggggggggggg, ,gggg, dP""""""88""""""""""""Y8, d8"" ""8I ,dPYb, Yb, 88 `8b 88 ,dP...",decompyle3:not_run:;pylingual:not_run:
cpython-312,data/rq3/cpython-3.12/unique_bug_pyc/cpython-312-50c3429f26b7.pyc,no_source,"# decompyle3 version 3.9.3 # Python bytecode version base 3.12.0 (3531) # Decompiled from: Python 3.12.13 (main, May 10 2026, 19:30:01) [Clang 22.1.3 ] # Embedded file name: data/rq3/cpython-3.12/unittest_seeds/raw/cpython_case_test_inte...",exit_1,"Traceback (most recent call last): File ""/root/PyBC-Sec/pybcSEC/data/rq4/harness.py"", line 29, in <module> result = target() ^^^^^^^^ File ""data/rq3/cpython-3.12/unittest_seeds/raw/cpython_case_test_interpreters_TestInterpreterClose_test...",,"decompyle3:error:# decompyle3 version 3.9.3 # Python bytecode version base 3.12.0 (3531) # Decompiled from: Python 3.12.13 (main, May 10 2026, 19:30:01) [Clang 22.1.3 ] # Embedded file name: data/rq3/cpython-3.12/unittest_seeds/raw/cpython_case_test_inte...;pylingual:error:────────────────────────────────────────────────────────────────────────────────────────────────────────────────────────────────────────────────────────────────────── ,ggggggggggg, ,gggg, dP""""""88""""""""""""Y8, d8"" ""8I ,dPYb, Yb, 88 `8b 88 ,dP...",decompyle3:not_run:;pylingual:not_run:
cpython-312,data/rq3/cpython-3.12/unique_bug_pyc/cpython-312-532595dfc465.pyc,no_source,"# decompyle3 version 3.9.3 # Python bytecode version base 3.12.0 (3531) # Decompiled from: Python 3.12.13 (main, May 10 2026, 19:30:01) [Clang 22.1.3 ] # Embedded file name: data/rq3/cpython-3.12/unittest_seeds/raw/cpython_case_test_nntp...",crash,signal_11:,,"decompyle3:error:# decompyle3 version 3.9.3 # Python bytecode version base 3.12.0 (3531) # Decompiled from: Python 3.12.13 (main, May 10 2026, 19:30:01) [Clang 22.1.3 ] # Embedded file name: data/rq3/cpython-3.12/unittest_seeds/raw/cpython_case_test_nntp...;pylingual:error:────────────────────────────────────────────────────────────────────────────────────────────────────────────────────────────────────────────────────────────────────── ,ggggggggggg, ,gggg, dP""""""88""""""""""""Y8, d8"" ""8I ,dPYb, Yb, 88 `8b 88 ,dP...",decompyle3:not_run:;pylingual:not_run:
cpython-312,data/rq3/cpython-3.12/unique_bug_pyc/cpython-312-53bfb6467e1e.pyc,no_source,"# decompyle3 version 3.9.3 # Python bytecode version base 3.12.0 (3531) # Decompiled from: Python 3.12.13 (main, May 10 2026, 19:30:01) [Clang 22.1.3 ] # Embedded file name: data/rq3/cpython-3.12/unittest_seeds/raw/cpython_case_test_exce...",crash,signal_11:,,"decompyle3:error:# decompyle3 version 3.9.3 # Python bytecode version base 3.12.0 (3531) # Decompiled from: Python 3.12.13 (main, May 10 2026, 19:30:01) [Clang 22.1.3 ] # Embedded file name: data/rq3/cpython-3.12/unittest_seeds/raw/cpython_case_test_exce...;pylingual:error:────────────────────────────────────────────────────────────────────────────────────────────────────────────────────────────────────────────────────────────────────── ,ggggggggggg, ,gggg, dP""""""88""""""""""""Y8, d8"" ""8I ,dPYb, Yb, 88 `8b 88 ,dP...",decompyle3:not_run:;pylingual:not_run:
cpython-312,data/rq3/cpython-3.12/unique_bug_pyc/cpython-312-54e8f45d1fbc.pyc,no_source,"# decompyle3 version 3.9.3 # Python bytecode version base 3.12.0 (3531) # Decompiled from: Python 3.12.13 (main, May 10 2026, 19:30:01) [Clang 22.1.3 ] # Embedded file name: data/rq3/cpython-3.12/uni_deprecated/raw/cpython_case_test_slic...",crash,signal_11:,,"decompyle3:error:# decompyle3 version 3.9.3 # Python bytecode version base 3.12.0 (3531) # Decompiled from: Python 3.12.13 (main, May 10 2026, 19:30:01) [Clang 22.1.3 ] # Embedded file name: data/rq3/cpython-3.12/uni_deprecated/raw/cpython_case_test_slic...;pylingual:error:────────────────────────────────────────────────────────────────────────────────────────────────────────────────────────────────────────────────────────────────────── ,ggggggggggg, ,gggg, dP""""""88""""""""""""Y8, d8"" ""8I ,dPYb, Yb, 88 `8b 88 ,dP...",decompyle3:not_run:;pylingual:not_run:
cpython-312,data/rq3/cpython-3.12/unique_bug_pyc/cpython-312-57e84b72505f.pyc,no_source,"# decompyle3 version 3.9.3 # Python bytecode version base 3.12.0 (3531) # Decompiled from: Python 3.12.13 (main, May 10 2026, 19:30:01) [Clang 22.1.3 ] # Embedded file name: data/rq3/cpython-3.12/unittest_seeds/raw/cpython_case_test_ssl_...",crash,signal_11:,,"decompyle3:error:# decompyle3 version 3.9.3 # Python bytecode version base 3.12.0 (3531) # Decompiled from: Python 3.12.13 (main, May 10 2026, 19:30:01) [Clang 22.1.3 ] # Embedded file name: data/rq3/cpython-3.12/unittest_seeds/raw/cpython_case_test_ssl_...;pylingual:error:────────────────────────────────────────────────────────────────────────────────────────────────────────────────────────────────────────────────────────────────────── ,ggggggggggg, ,gggg, dP""""""88""""""""""""Y8, d8"" ""8I ,dPYb, Yb, 88 `8b 88 ,dP...",decompyle3:not_run:;pylingual:not_run:
cpython-312,data/rq3/cpython-3.12/unique_bug_pyc/cpython-312-58e8048ac5da.pyc,no_source,/root/PyBC-Sec/pybcSEC/data/rq2/envs/cpython-312/lib/python3.12/site-packages/click/core.py:1262: UserWarning: The parameter --version is used more than once. Remove its duplicate as parameters should be unique. parser = self.make_parser...,crash,signal_11:,,"decompyle3:exit_-11:/root/PyBC-Sec/pybcSEC/data/rq2/envs/cpython-312/lib/python3.12/site-packages/click/core.py:1262: UserWarning: The parameter --version is used more than once. Remove its duplicate as parameters should be unique. parser = self.make_parser...;pylingual:exit_-11:────────────────────────────────────────────────────────────────────────────────────────────────────────────────────────────────────────────────────────────────────── ,ggggggggggg, ,gggg, dP""""""88""""""""""""Y8, d8"" ""8I ,dPYb, Yb, 88 `8b 88 ,dP...",decompyle3:not_run:;pylingual:not_run:
cpython-312,data/rq3/cpython-3.12/unique_bug_pyc/cpython-312-59a3b8282769.pyc,no_source,"# decompyle3 version 3.9.3 # Python bytecode version base 3.12.0 (3531) # Decompiled from: Python 3.12.13 (main, May 10 2026, 19:30:01) [Clang 22.1.3 ] # Embedded file name: data/rq3/cpython-3.12/unittest_seeds/raw/cpython_case_test_math...",crash,signal_11:,,"decompyle3:error:# decompyle3 version 3.9.3 # Python bytecode version base 3.12.0 (3531) # Decompiled from: Python 3.12.13 (main, May 10 2026, 19:30:01) [Clang 22.1.3 ] # Embedded file name: data/rq3/cpython-3.12/unittest_seeds/raw/cpython_case_test_math...;pylingual:error:────────────────────────────────────────────────────────────────────────────────────────────────────────────────────────────────────────────────────────────────────── ,ggggggggggg, ,gggg, dP""""""88""""""""""""Y8, d8"" ""8I ,dPYb, Yb, 88 `8b 88 ,dP...",decompyle3:not_run:;pylingual:not_run:
cpython-312,data/rq3/cpython-3.12/unique_bug_pyc/cpython-312-5a1e8ed476ad.pyc,no_source,"# decompyle3 version 3.9.3 # Python bytecode version base 3.12.0 (3531) # Decompiled from: Python 3.12.13 (main, May 10 2026, 19:30:01) [Clang 22.1.3 ] # Embedded file name: data/rq3/cpython-3.12/unittest_seeds/raw/cpython_case_test_enum...",crash,signal_11:,,"decompyle3:error:# decompyle3 version 3.9.3 # Python bytecode version base 3.12.0 (3531) # Decompiled from: Python 3.12.13 (main, May 10 2026, 19:30:01) [Clang 22.1.3 ] # Embedded file name: data/rq3/cpython-3.12/unittest_seeds/raw/cpython_case_test_enum...;pylingual:error:────────────────────────────────────────────────────────────────────────────────────────────────────────────────────────────────────────────────────────────────────── ,ggggggggggg, ,gggg, dP""""""88""""""""""""Y8, d8"" ""8I ,dPYb, Yb, 88 `8b 88 ,dP...",decompyle3:not_run:;pylingual:not_run:
cpython-312,data/rq3/cpython-3.12/unique_bug_pyc/cpython-312-5e93a0ca1297.pyc,no_source,"# decompyle3 version 3.9.3 # Python bytecode version base 3.12.0 (3531) # Decompiled from: Python 3.12.13 (main, May 10 2026, 19:30:01) [Clang 22.1.3 ] # Embedded file name: data/rq3/cpython-3.12/unittest_seeds/raw/cpython_case_test_ssl_...",crash,signal_11:,,"decompyle3:error:# decompyle3 version 3.9.3 # Python bytecode version base 3.12.0 (3531) # Decompiled from: Python 3.12.13 (main, May 10 2026, 19:30:01) [Clang 22.1.3 ] # Embedded file name: data/rq3/cpython-3.12/unittest_seeds/raw/cpython_case_test_ssl_...;pylingual:error:────────────────────────────────────────────────────────────────────────────────────────────────────────────────────────────────────────────────────────────────────── ,ggggggggggg, ,gggg, dP""""""88""""""""""""Y8, d8"" ""8I ,dPYb, Yb, 88 `8b 88 ,dP...",decompyle3:not_run:;pylingual:not_run:
cpython-312,data/rq3/cpython-3.12/unique_bug_pyc/cpython-312-606f8a68378a.pyc,no_source,/root/PyBC-Sec/pybcSEC/data/rq2/envs/cpython-312/lib/python3.12/site-packages/click/core.py:1262: UserWarning: The parameter --version is used more than once. Remove its duplicate as parameters should be unique. parser = self.make_parser...,crash,signal_11:,,"decompyle3:exit_2:/root/PyBC-Sec/pybcSEC/data/rq2/envs/cpython-312/lib/python3.12/site-packages/click/core.py:1262: UserWarning: The parameter --version is used more than once. Remove its duplicate as parameters should be unique. parser = self.make_parser...;pylingual:error:────────────────────────────────────────────────────────────────────────────────────────────────────────────────────────────────────────────────────────────────────── ,ggggggggggg, ,gggg, dP""""""88""""""""""""Y8, d8"" ""8I ,dPYb, Yb, 88 `8b 88 ,dP...",decompyle3:not_run:;pylingual:not_run:
cpython-312,data/rq3/cpython-3.12/unique_bug_pyc/cpython-312-62d47c49b8b7.pyc,no_source,"# decompyle3 version 3.9.3 # Python bytecode version base 3.12.0 (3531) # Decompiled from: Python 3.12.13 (main, May 10 2026, 19:30:01) [Clang 22.1.3 ] # Embedded file name: data/rq3/cpython-3.12/unittest_seeds/raw/cpython_case_test_rang...",crash,signal_11:,,"decompyle3:error:# decompyle3 version 3.9.3 # Python bytecode version base 3.12.0 (3531) # Decompiled from: Python 3.12.13 (main, May 10 2026, 19:30:01) [Clang 22.1.3 ] # Embedded file name: data/rq3/cpython-3.12/unittest_seeds/raw/cpython_case_test_rang...;pylingual:error:────────────────────────────────────────────────────────────────────────────────────────────────────────────────────────────────────────────────────────────────────── ,ggggggggggg, ,gggg, dP""""""88""""""""""""Y8, d8"" ""8I ,dPYb, Yb, 88 `8b 88 ,dP...",decompyle3:not_run:;pylingual:not_run:
cpython-312,data/rq3/cpython-3.12/unique_bug_pyc/cpython-312-65fc5a1aeec3.pyc,no_source,"# decompyle3 version 3.9.3 # Python bytecode version base 3.12.0 (3531) # Decompiled from: Python 3.12.13 (main, May 10 2026, 19:30:01) [Clang 22.1.3 ] # Embedded file name: data/rq3/cpython-3.12/unittest_seeds/raw/cpython_case_test_oper...",crash,signal_11:,,"decompyle3:error:# decompyle3 version 3.9.3 # Python bytecode version base 3.12.0 (3531) # Decompiled from: Python 3.12.13 (main, May 10 2026, 19:30:01) [Clang 22.1.3 ] # Embedded file name: data/rq3/cpython-3.12/unittest_seeds/raw/cpython_case_test_oper...;pylingual:error:────────────────────────────────────────────────────────────────────────────────────────────────────────────────────────────────────────────────────────────────────── ,ggggggggggg, ,gggg, dP""""""88""""""""""""Y8, d8"" ""8I ,dPYb, Yb, 88 `8b 88 ,dP...",decompyle3:not_run:;pylingual:not_run:
cpython-312,data/rq3/cpython-3.12/unique_bug_pyc/cpython-312-662aa1a047ea.pyc,no_source,"# decompyle3 version 3.9.3 # Python bytecode version base 3.12.0 (3531) # Decompiled from: Python 3.12.13 (main, May 10 2026, 19:30:01) [Clang 22.1.3 ] # Embedded file name: data/rq3/cpython-3.12/unittest_seeds/raw/cpython_case_test_exce...",crash,signal_11:,,"decompyle3:error:# decompyle3 version 3.9.3 # Python bytecode version base 3.12.0 (3531) # Decompiled from: Python 3.12.13 (main, May 10 2026, 19:30:01) [Clang 22.1.3 ] # Embedded file name: data/rq3/cpython-3.12/unittest_seeds/raw/cpython_case_test_exce...;pylingual:error:────────────────────────────────────────────────────────────────────────────────────────────────────────────────────────────────────────────────────────────────────── ,ggggggggggg, ,gggg, dP""""""88""""""""""""Y8, d8"" ""8I ,dPYb, Yb, 88 `8b 88 ,dP...",decompyle3:not_run:;pylingual:not_run:
cpython-312,data/rq3/cpython-3.12/unique_bug_pyc/cpython-312-672fb9957965.pyc,no_source,"# decompyle3 version 3.9.3 # Python bytecode version base 3.12.0 (3531) # Decompiled from: Python 3.12.13 (main, May 10 2026, 19:30:01) [Clang 22.1.3 ] # Embedded file name: data/rq3/cpython-3.12/unittest_seeds/raw/cpython_case_test_dbm_...",crash,signal_11:,,"decompyle3:error:# decompyle3 version 3.9.3 # Python bytecode version base 3.12.0 (3531) # Decompiled from: Python 3.12.13 (main, May 10 2026, 19:30:01) [Clang 22.1.3 ] # Embedded file name: data/rq3/cpython-3.12/unittest_seeds/raw/cpython_case_test_dbm_...;pylingual:error:────────────────────────────────────────────────────────────────────────────────────────────────────────────────────────────────────────────────────────────────────── ,ggggggggggg, ,gggg, dP""""""88""""""""""""Y8, d8"" ""8I ,dPYb, Yb, 88 `8b 88 ,dP...",decompyle3:not_run:;pylingual:not_run:
cpython-312,data/rq3/cpython-3.12/unique_bug_pyc/cpython-312-67b760c3adb2.pyc,no_source,"# decompyle3 version 3.9.3 # Python bytecode version base 3.12.0 (3531) # Decompiled from: Python 3.12.13 (main, May 10 2026, 19:30:01) [Clang 22.1.3 ] # Embedded file name: data/rq3/cpython-3.12/unittest_seeds/raw/cpython_care_test_asyn...",crash,signal_11:,,"decompyle3:error:# decompyle3 version 3.9.3 # Python bytecode version base 3.12.0 (3531) # Decompiled from: Python 3.12.13 (main, May 10 2026, 19:30:01) [Clang 22.1.3 ] # Embedded file name: data/rq3/cpython-3.12/unittest_seeds/raw/cpython_care_test_asyn...;pylingual:error:────────────────────────────────────────────────────────────────────────────────────────────────────────────────────────────────────────────────────────────────────── ,ggggggggggg, ,gggg, dP""""""88""""""""""""Y8, d8"" ""8I ,dPYb, Yb, 88 `8b 88 ,dP...",decompyle3:not_run:;pylingual:not_run:
cpython-312,data/rq3/cpython-3.12/unique_bug_pyc/cpython-312-68d6e017dbb5.pyc,no_source,"# decompyle3 version 3.9.3 # Python bytecode version base 3.12.0 (3531) # Decompiled from: Python 3.12.13 (main, May 10 2026, 19:30:01) [Clang 22.1.3 ] # Embedded file name: data/rq3/cpython-3.12/unittest_seeds/raw/cpython_case_test_gzip...",crash,"signal_11:Traceback (most recent call last): File ""/root/PyBC-Sec/pybcSEC/data/rq4/harness.py"", line 29, in <module> result = target() ^^^^^^^^ File ""data/rq3/cpython-3.12/unittest_seeds/raw/cpython_case_test_gzip_TestGzip_test_write_bytearray.py""...",,"decompyle3:error:# decompyle3 version 3.9.3 # Python bytecode version base 3.12.0 (3531) # Decompiled from: Python 3.12.13 (main, May 10 2026, 19:30:01) [Clang 22.1.3 ] # Embedded file name: data/rq3/cpython-3.12/unittest_seeds/raw/cpython_case_test_gzip...;pylingual:error:────────────────────────────────────────────────────────────────────────────────────────────────────────────────────────────────────────────────────────────────────── ,ggggggggggg, ,gggg, dP""""""88""""""""""""Y8, d8"" ""8I ,dPYb, Yb, 88 `8b 88 ,dP...",decompyle3:not_run:;pylingual:not_run:
cpython-312,data/rq3/cpython-3.12/unique_bug_pyc/cpython-312-69ad9f738926.pyc,no_source,"# decompyle3 version 3.9.3 # Python bytecode version base 3.12.0 (3531) # Decompiled from: Python 3.12.13 (main, May 10 2026, 19:30:01) [Clang 22.1.3 ] # Embedded file name: data/rq3/cpython-3.12/unittest_seeds/raw/cpython_case_test_code...",exit_1,"Traceback (most recent call last): File ""/root/PyBC-Sec/pybcSEC/data/rq4/harness.py"", line 29, in <module> result = target() ^^^^^^^^ File ""data/rq3/cpython-3.12/unittest_seeds/raw/cpython_case_test_codeccallbacks_CodecCallbackTest_test_...",,"decompyle3:error:# decompyle3 version 3.9.3 # Python bytecode version base 3.12.0 (3531) # Decompiled from: Python 3.12.13 (main, May 10 2026, 19:30:01) [Clang 22.1.3 ] # Embedded file name: data/rq3/cpython-3.12/unittest_seeds/raw/cpython_case_test_code...;pylingual:error:────────────────────────────────────────────────────────────────────────────────────────────────────────────────────────────────────────────────────────────────────── ,ggggggggggg, ,gggg, dP""""""88""""""""""""Y8, d8"" ""8I ,dPYb, Yb, 88 `8b 88 ,dP...",decompyle3:not_run:;pylingual:not_run:
cpython-312,data/rq3/cpython-3.12/unique_bug_pyc/cpython-312-6bdb985828c8.pyc,no_source,"# decompyle3 version 3.9.3 # Python bytecode version base 3.12.0 (3531) # Decompiled from: Python 3.12.13 (main, May 10 2026, 19:30:01) [Clang 22.1.3 ] # Embedded file name: data/rq3/cpython-3.12/unittest_seeds/raw/cpython_case_test_buff...",crash,signal_11:,,"decompyle3:error:# decompyle3 version 3.9.3 # Python bytecode version base 3.12.0 (3531) # Decompiled from: Python 3.12.13 (main, May 10 2026, 19:30:01) [Clang 22.1.3 ] # Embedded file name: data/rq3/cpython-3.12/unittest_seeds/raw/cpython_case_test_buff...;pylingual:error:────────────────────────────────────────────────────────────────────────────────────────────────────────────────────────────────────────────────────────────────────── ,ggggggggggg, ,gggg, dP""""""88""""""""""""Y8, d8"" ""8I ,dPYb, Yb, 88 `8b 88 ,dP...",decompyle3:not_run:;pylingual:not_run:
cpython-312,data/rq3/cpython-3.12/unique_bug_pyc/cpython-312-6c0bf0fbec82.pyc,no_source,"# decompyle3 version 3.9.3 # Python bytecode version base 3.12.0 (3531) # Decompiled from: Python 3.12.13 (main, May 10 2026, 19:30:01) [Clang 22.1.3 ] # Embedded file name: data/rq3/cpython-3.12/unittest_seeds/raw/cpython_case_test_posi...",exit_1,"Traceback (most recent call last): File ""/root/PyBC-Sec/pybcSEC/data/rq4/harness.py"", line 23, in <module> list(dis.Bytecode(code)) File ""/root/.local/share/uv/python/cpython-3.12.13-linux-x86_64-gnu/lib/python3.12/dis.py"", line 487, in ...",,"decompyle3:error:# decompyle3 version 3.9.3 # Python bytecode version base 3.12.0 (3531) # Decompiled from: Python 3.12.13 (main, May 10 2026, 19:30:01) [Clang 22.1.3 ] # Embedded file name: data/rq3/cpython-3.12/unittest_seeds/raw/cpython_case_test_posi...;pylingual:error:────────────────────────────────────────────────────────────────────────────────────────────────────────────────────────────────────────────────────────────────────── ,ggggggggggg, ,gggg, dP""""""88""""""""""""Y8, d8"" ""8I ,dPYb, Yb, 88 `8b 88 ,dP...",decompyle3:not_run:;pylingual:not_run:
cpython-312,data/rq3/cpython-3.12/unique_bug_pyc/cpython-312-6cb8614d3a0c.pyc,no_source,"# decompyle3 version 3.9.3 # Python bytecode version base 3.12.0 (3531) # Decompiled from: Python 3.12.13 (main, May 10 2026, 19:30:01) [Clang 22.1.3 ] # Embedded file name: data/rq3/cpython-3.12/unittest_seeds/raw/cpython_case_test_optp...",crash,signal_11:,,"decompyle3:error:# decompyle3 version 3.9.3 # Python bytecode version base 3.12.0 (3531) # Decompiled from: Python 3.12.13 (main, May 10 2026, 19:30:01) [Clang 22.1.3 ] # Embedded file name: data/rq3/cpython-3.12/unittest_seeds/raw/cpython_case_test_optp...;pylingual:error:────────────────────────────────────────────────────────────────────────────────────────────────────────────────────────────────────────────────────────────────────── ,ggggggggggg, ,gggg, dP""""""88""""""""""""Y8, d8"" ""8I ,dPYb, Yb, 88 `8b 88 ,dP...",decompyle3:not_run:;pylingual:not_run:
cpython-312,data/rq3/cpython-3.12/unique_bug_pyc/cpython-312-6e3193687da1.pyc,no_source,"# decompyle3 version 3.9.3 # Python bytecode version base 3.12.0 (3531) # Decompiled from: Python 3.12.13 (main, May 10 2026, 19:30:01) [Clang 22.1.3 ] # Embedded file name: data/rq3/cpython-3.12/unittest_seeds/raw/cpython_case_test_code...",crash,"signal_6:Traceback (most recent call last): File ""/root/PyBC-Sec/pybcSEC/data/rq4/harness.py"", line 29, in <module> result = target() ^^^^^^^^ File ""data/rq3/cpython-3.12/unittest_seeds/raw/cpython_case_test_codeccallbacks_CodecCallbackTest_test_...",,"decompyle3:error:# decompyle3 version 3.9.3 # Python bytecode version base 3.12.0 (3531) # Decompiled from: Python 3.12.13 (main, May 10 2026, 19:30:01) [Clang 22.1.3 ] # Embedded file name: data/rq3/cpython-3.12/unittest_seeds/raw/cpython_case_test_code...;pylingual:error:────────────────────────────────────────────────────────────────────────────────────────────────────────────────────────────────────────────────────────────────────── ,ggggggggggg, ,gggg, dP""""""88""""""""""""Y8, d8"" ""8I ,dPYb, Yb, 88 `8b 88 ,dP...",decompyle3:not_run:;pylingual:not_run:
cpython-312,data/rq3/cpython-3.12/unique_bug_pyc/cpython-312-706f719e7bfd.pyc,no_source,"# decompyle3 version 3.9.3 # Python bytecode version base 3.12.0 (3531) # Decompiled from: Python 3.12.13 (main, May 10 2026, 19:30:01) [Clang 22.1.3 ] # Embedded file name: data/rq3/cpython-3.12/unittest_seeds/raw/cpython_case_test_tarf...",crash,signal_11:,,"decompyle3:error:# decompyle3 version 3.9.3 # Python bytecode version base 3.12.0 (3531) # Decompiled from: Python 3.12.13 (main, May 10 2026, 19:30:01) [Clang 22.1.3 ] # Embedded file name: data/rq3/cpython-3.12/unittest_seeds/raw/cpython_case_test_tarf...;pylingual:error:────────────────────────────────────────────────────────────────────────────────────────────────────────────────────────────────────────────────────────────────────── ,ggggggggggg, ,gggg, dP""""""88""""""""""""Y8, d8"" ""8I ,dPYb, Yb, 88 `8b 88 ,dP...",decompyle3:not_run:;pylingual:not_run:
cpython-312,data/rq3/cpython-3.12/unique_bug_pyc/cpython-312-71da7692ac83.pyc,no_source,"# decompyle3 version 3.9.3 # Python bytecode version base 3.12.0 (3531) # Decompiled from: Python 3.12.13 (main, May 10 2026, 19:30:01) [Clang 22.1.3 ] # Embedded file name: data/rq3/cpython-3.12/unittest_seeds/raw/cpython_case_test_deco...",exit_1,"Traceback (most recent call last): File ""/root/PyBC-Sec/pybcSEC/data/rq4/harness.py"", line 29, in <module> result = target() ^^^^^^^^ File ""data/rq3/cpython-3.12/unittest_seeds/raw/cpython_case_test_decorators_TestDecorators_test_eval_or...",,"decompyle3:error:# decompyle3 version 3.9.3 # Python bytecode version base 3.12.0 (3531) # Decompiled from: Python 3.12.13 (main, May 10 2026, 19:30:01) [Clang 22.1.3 ] # Embedded file name: data/rq3/cpython-3.12/unittest_seeds/raw/cpython_case_test_deco...;pylingual:error:────────────────────────────────────────────────────────────────────────────────────────────────────────────────────────────────────────────────────────────────────── ,ggggggggggg, ,gggg, dP""""""88""""""""""""Y8, d8"" ""8I ,dPYb, Yb, 88 `8b 88 ,dP...",decompyle3:not_run:;pylingual:not_run:
cpython-312,data/rq3/cpython-3.12/unique_bug_pyc/cpython-312-72fddaef9dfa.pyc,no_source,"# decompyle3 version 3.9.3 # Python bytecode version base 3.12.0 (3531) # Decompiled from: Python 3.12.13 (main, May 10 2026, 19:30:01) [Clang 22.1.3 ] # Embedded file name: data/rq3/cpython-3.12/unittest_seeds/raw/cpthon_case_test_exce...",crash,signal_11:,,"decompyle3:error:# decompyle3 version 3.9.3 # Python bytecode version base 3.12.0 (3531) # Decompiled from: Python 3.12.13 (main, May 10 2026, 19:30:01) [Clang 22.1.3 ] # Embedded file name: data/rq3/cpython-3.12/unittest_seeds/raw/cpthon_case_test_exce...;pylingual:error:────────────────────────────────────────────────────────────────────────────────────────────────────────────────────────────────────────────────────────────────────── ,ggggggggggg, ,gggg, dP""""""88""""""""""""Y8, d8"" ""8I ,dPYb, Yb, 88 `8b 88 ,dP...",decompyle3:not_run:;pylingual:not_run:
cpython-312,data/rq3/cpython-3.12/unique_bug_pyc/cpython-312-740a00eaaa81.pyc,no_source,"# decompyle3 version 3.9.3 # Python bytecode version base 3.12.0 (3531) # Decompiled from: Python 3.12.13 (main, May 10 2026, 19:30:01) [Clang 22.1.3 ] # Embedded file name: data/rq3/cpython-3.12/unittest_seeds/raw/cpython_case_test_larg...",crash,signal_11:,,"decompyle3:error:# decompyle3 version 3.9.3 # Python bytecode version base 3.12.0 (3531) # Decompiled from: Python 3.12.13 (main, May 10 2026, 19:30:01) [Clang 22.1.3 ] # Embedded file name: data/rq3/cpython-3.12/unittest_seeds/raw/cpython_case_test_larg...;pylingual:error:────────────────────────────────────────────────────────────────────────────────────────────────────────────────────────────────────────────────────────────────────── ,ggggggggggg, ,gggg, dP""""""88""""""""""""Y8, d8"" ""8I ,dPYb, Yb, 88 `8b 88 ,dP...",decompyle3:not_run:;pylingual:not_run:
cpython-312,data/rq3/cpython-3.12/unique_bug_pyc/cpython-312-750bc83a1dd6.pyc,no_source,"# decompyle3 version 3.9.3 # Python bytecode version base 3.12.0 (3531) # Decompiled from: Python 3.12.13 (main, May 10 2026, 19:30:01) [Clang 22.1.3 ] # Embedded file name: data/rq3/cpython-3.12/unittest_seeds/raw/cpython_case_test_enum...",crash,signal_11:,,"decompyle3:error:# decompyle3 version 3.9.3 # Python bytecode version base 3.12.0 (3531) # Decompiled from: Python 3.12.13 (main, May 10 2026, 19:30:01) [Clang 22.1.3 ] # Embedded file name: data/rq3/cpython-3.12/unittest_seeds/raw/cpython_case_test_enum...;pylingual:error:────────────────────────────────────────────────────────────────────────────────────────────────────────────────────────────────────────────────────────────────────── ,ggggggggggg, ,gggg, dP""""""88""""""""""""Y8, d8"" ""8I ,dPYb, Yb, 88 `8b 88 ,dP...",decompyle3:not_run:;pylingual:not_run:
cpython-312,data/rq3/cpython-3.12/unique_bug_pyc/cpython-312-760fae0b621e.pyc,no_source,"# decompyle3 version 3.9.3 # Python bytecode version base 3.12.0 (3531) # Decompiled from: Python 3.12.13 (main, May 10 2026, 19:30:01) [Clang 22.1.3 ] # Embedded file name: data/rq3/cpython-3.12/unittest_seeds/raw/cpython_case_test_gene...",crash,signal_11:,,"decompyle3:error:# decompyle3 version 3.9.3 # Python bytecode version base 3.12.0 (3531) # Decompiled from: Python 3.12.13 (main, May 10 2026, 19:30:01) [Clang 22.1.3 ] # Embedded file name: data/rq3/cpython-3.12/unittest_seeds/raw/cpython_case_test_gene...;pylingual:error:────────────────────────────────────────────────────────────────────────────────────────────────────────────────────────────────────────────────────────────────────── ,ggggggggggg, ,gggg, dP""""""88""""""""""""Y8, d8"" ""8I ,dPYb, Yb, 88 `8b 88 ,dP...",decompyle3:not_run:;pylingual:not_run:
cpython-312,data/rq3/cpython-3.12/unique_bug_pyc/cpython-312-76410a66183b.pyc,no_source,"# decompyle3 version 3.9.3 # Python bytecode version base 3.12.0 (3531) # Decompiled from: Python 3.12.13 (main, May 10 2026, 19:30:01) [Clang 22.1.3 ] # Embedded file name: data/rq3/cpython-3.12/unittest_seeds/raw/cpython_case_test_os_P...",crash,signal_11:,,"decompyle3:error:# decompyle3 version 3.9.3 # Python bytecode version base 3.12.0 (3531) # Decompiled from: Python 3.12.13 (main, May 10 2026, 19:30:01) [Clang 22.1.3 ] # Embedded file name: data/rq3/cpython-3.12/unittest_seeds/raw/cpython_case_test_os_P...;pylingual:error:────────────────────────────────────────────────────────────────────────────────────────────────────────────────────────────────────────────────────────────────────── ,ggggggggggg, ,gggg, dP""""""88""""""""""""Y8, d8"" ""8I ,dPYb, Yb, 88 `8b 88 ,dP...",decompyle3:not_run:;pylingual:not_run:
cpython-312,data/rq3/cpython-3.12/unique_bug_pyc/cpython-312-76e840af6d96.pyc,no_source,"# decompyle3 version 3.9.3 # Python bytecode version base 3.12.0 (3531) # Decompiled from: Python 3.12.13 (main, May 10 2026, 19:30:01) [Clang 22.1.3 ] # Embedded file name: data/rq3/cpython-3.12/unittest_seeds/raw/cpython_case_test_posi...",crash,signal_11:,,"decompyle3:error:# decompyle3 version 3.9.3 # Python bytecode version base 3.12.0 (3531) # Decompiled from: Python 3.12.13 (main, May 10 2026, 19:30:01) [Clang 22.1.3 ] # Embedded file name: data/rq3/cpython-3.12/unittest_seeds/raw/cpython_case_test_posi...;pylingual:error:────────────────────────────────────────────────────────────────────────────────────────────────────────────────────────────────────────────────────────────────────── ,ggggggggggg, ,gggg, dP""""""88""""""""""""Y8, d8"" ""8I ,dPYb, Yb, 88 `8b 88 ,dP...",decompyle3:not_run:;pylingual:not_run:
cpython-312,data/rq3/cpython-3.12/unique_bug_pyc/cpython-312-78ba938cd616.pyc,no_source,"# decompyle3 version 3.9.3 # Python bytecode version base 3.12.0 (3531) # Decompiled from: Python 3.12.13 (main, May 10 2026, 19:30:01) [Clang 22.1.3 ] # Embedded file name: data/rq3/cpython-3.12/unittest_seeds/raw/cpython_case_test_comp...",crash,signal_11:,,"decompyle3:error:# decompyle3 version 3.9.3 # Python bytecode version base 3.12.0 (3531) # Decompiled from: Python 3.12.13 (main, May 10 2026, 19:30:01) [Clang 22.1.3 ] # Embedded file name: data/rq3/cpython-3.12/unittest_seeds/raw/cpython_case_test_comp...;pylingual:error:────────────────────────────────────────────────────────────────────────────────────────────────────────────────────────────────────────────────────────────────────── ,ggggggggggg, ,gggg, dP""""""88""""""""""""Y8, d8"" ""8I ,dPYb, Yb, 88 `8b 88 ,dP...",decompyle3:not_run:;pylingual:not_run:
cpython-312,data/rq3/cpython-3.12/unique_bug_pyc/cpython-312-78ceb2a785cc.pyc,no_source,"# decompyle3 version 3.9.3 # Python bytecode version base 3.12.0 (3531) # Decompiled from: Python 3.12.13 (main, May 10 2026, 19:30:01) [Clang 22.1.3 ] # Embedded file name: data/r\\0/cpython-3.12/unittest_seeds/raw/cpython_case_test_scop...",crash,signal_11:,,"decompyle3:error:# decompyle3 version 3.9.3 # Python bytecode version base 3.12.0 (3531) # Decompiled from: Python 3.12.13 (main, May 10 2026, 19:30:01) [Clang 22.1.3 ] # Embedded file name: data/r\\0/cpython-3.12/unittest_seeds/raw/cpython_case_test_scop...;pylingual:error:────────────────────────────────────────────────────────────────────────────────────────────────────────────────────────────────────────────────────────────────────── ,ggggggggggg, ,gggg, dP""""""88""""""""""""Y8, d8"" ""8I ,dPYb, Yb, 88 `8b 88 ,dP...",decompyle3:not_run:;pylingual:not_run:
cpython-312,data/rq3/cpython-3.12/unique_bug_pyc/cpython-312-81a633db3a65.pyc,no_source,"# decompyle3 version 3.9.3 # Python bytecode version base 3.12.0 (3531) # Decompiled from: Python 3.12.13 (main, May 10 2026, 19:30:01) [Clang 22.1.3 ] # Embedded file name: data/rq3/cpython-3.12/unittest_seeds/raw/cpython_case_test_asyn...",crash,"signal_11:Traceback (most recent call last): File ""/root/PyBC-Sec/pybcSEC/data/rq4/harness.py"", line 29, in <module> result = target() ^^^^^^^^ File ""data/rq3/cpython-3.12/unittest_seeds/raw/cpython_case_test_asyncgen_AsyncGenTest_test_async_gen_a...",,"decompyle3:error:# decompyle3 version 3.9.3 # Python bytecode version base 3.12.0 (3531) # Decompiled from: Python 3.12.13 (main, May 10 2026, 19:30:01) [Clang 22.1.3 ] # Embedded file name: data/rq3/cpython-3.12/unittest_seeds/raw/cpython_case_test_asyn...;pylingual:error:────────────────────────────────────────────────────────────────────────────────────────────────────────────────────────────────────────────────────────────────────── ,ggggggggggg, ,gggg, dP""""""88""""""""""""Y8, d8"" ""8I ,dPYb, Yb, 88 `8b 88 ,dP...",decompyle3:not_run:;pylingual:not_run:
cpython-312,data/rq3/cpython-3.12/unique_bug_pyc/cpython-312-81e5518d0380.pyc,no_source,"# decompyle3 version 3.9.3 # Python bytecode version base 3.12.0 (3531) # Decompiled from: Python 3.12.13 (main, May 10 2026, 19:30:01) [Clang 22.1.3 ] # Embedded file name: data/rq3/cpython-3.12/unittest_seeds/raw/cpython_case_test_subc...",crash,signal_11:,,"decompyle3:error:# decompyle3 version 3.9.3 # Python bytecode version base 3.12.0 (3531) # Decompiled from: Python 3.12.13 (main, May 10 2026, 19:30:01) [Clang 22.1.3 ] # Embedded file name: data/rq3/cpython-3.12/unittest_seeds/raw/cpython_case_test_subc...;pylingual:error:────────────────────────────────────────────────────────────────────────────────────────────────────────────────────────────────────────────────────────────────────── ,ggggggggggg, ,gggg, dP""""""88""""""""""""Y8, d8"" ""8I ,dPYb, Yb, 88 `8b 88 ,dP...",decompyle3:not_run:;pylingual:not_run:
cpython-312,data/rq3/cpython-3.12/unique_bug_pyc/cpython-312-83cf07cbffcf.pyc,no_source,"# decompyle3 version 3.9.3 # Python bytecode version base 3.12.0 (3531) # Decompiled from: Python 3.12.13 (main, May 10 2026, 19:30:01) [Clang 22.1.3 ] # Embedded file name: data/rq3/cpython-3.12/unittest_seeds/raw/cpython_case_test_tarf...",crash,signal_11:,,"decompyle3:error:# decompyle3 version 3.9.3 # Python bytecode version base 3.12.0 (3531) # Decompiled from: Python 3.12.13 (main, May 10 2026, 19:30:01) [Clang 22.1.3 ] # Embedded file name: data/rq3/cpython-3.12/unittest_seeds/raw/cpython_case_test_tarf...;pylingual:error:────────────────────────────────────────────────────────────────────────────────────────────────────────────────────────────────────────────────────────────────────── ,ggggggggggg, ,gggg, dP""""""88""""""""""""Y8, d8"" ""8I ,dPYb, Yb, 88 `8b 88 ,dP...",decompyle3:not_run:;pylingual:not_run:
cpython-312,data/rq3/cpython-3.12/unique_bug_pyc/cpython-312-852060119b25.pyc,no_source,"# decompyle3 version 3.9.3 # Python bytecode version base 3.12.0 (3531) # Decompiled from: Python 3.12.13 (main, May 10 2026, 19:30:01) [Clang 22.1.3 ] # Embedded file name: data/rq3/cpython-3.12/unittesp_seeds/raw/cpython_case_test_exce...",crash,signal_11:,,"decompyle3:error:# decompyle3 version 3.9.3 # Python bytecode version base 3.12.0 (3531) # Decompiled from: Python 3.12.13 (main, May 10 2026, 19:30:01) [Clang 22.1.3 ] # Embedded file name: data/rq3/cpython-3.12/unittesp_seeds/raw/cpython_case_test_exce...;pylingual:error:────────────────────────────────────────────────────────────────────────────────────────────────────────────────────────────────────────────────────────────────────── ,ggggggggggg, ,gggg, dP""""""88""""""""""""Y8, d8"" ""8I ,dPYb, Yb, 88 `8b 88 ,dP...",decompyle3:not_run:;pylingual:not_run:
cpython-312,data/rq3/cpython-3.12/unique_bug_pyc/cpython-312-86021da89b2d.pyc,no_source,"# decompyle3 version 3.9.3 # Python bytecode version base 3.12.0 (3531) # Decompiled from: Python 3.12.13 (main, May 10 2026, 19:30:01) [Clang 22.1.3 ] # Embedded file name: data/rq3/cpython-3.12/unittest_seeds/raw/cpython_case_test_buff...",crash,signal_11:,,"decompyle3:error:# decompyle3 version 3.9.3 # Python bytecode version base 3.12.0 (3531) # Decompiled from: Python 3.12.13 (main, May 10 2026, 19:30:01) [Clang 22.1.3 ] # Embedded file name: data/rq3/cpython-3.12/unittest_seeds/raw/cpython_case_test_buff...;pylingual:error:────────────────────────────────────────────────────────────────────────────────────────────────────────────────────────────────────────────────────────────────────── ,ggggggggggg, ,gggg, dP""""""88""""""""""""Y8, d8"" ""8I ,dPYb, Yb, 88 `8b 88 ,dP...",decompyle3:not_run:;pylingual:not_run:
cpython-312,data/rq3/cpython-3.12/unique_bug_pyc/cpython-312-86aa5574752e.pyc,no_source,"# decompyle3 version 3.9.3 # Python bytecode version base 3.12.0 (3531) # Decompiled from: Python 3.12.13 (main, May 10 2026, 19:30:01) [Clang 22.1.3 ] # Embedded file name: data/rq3/cpython-3.12/unittest_seeds/raw/cpython_case_test_xml_...",crash,"signal_11:Traceback (most recent call last): File ""/root/PyBC-Sec/pybcSEC/data/rq4/harness.py"", line 29, in <module> result = target()",,"decompyle3:error:# decompyle3 version 3.9.3 # Python bytecode version base 3.12.0 (3531) # Decompiled from: Python 3.12.13 (main, May 10 2026, 19:30:01) [Clang 22.1.3 ] # Embedded file name: data/rq3/cpython-3.12/unittest_seeds/raw/cpython_case_test_xml_...;pylingual:error:────────────────────────────────────────────────────────────────────────────────────────────────────────────────────────────────────────────────────────────────────── ,ggggggggggg, ,gggg, dP""""""88""""""""""""Y8, d8"" ""8I ,dPYb, Yb, 88 `8b 88 ,dP...",decompyle3:not_run:;pylingual:not_run:
cpython-312,data/rq3/cpython-3.12/unique_bug_pyc/cpython-312-88d17e345d21.pyc,no_source,"# decompyle3 version 3.9.3 # Python bytecode version base 3.12.0 (3531) # Decompiled from: Python 3.12.13 (main, May 10 2026, 19:30:01) [Clang 22.1.3 ] # Embedded file name: data/rq3/cpython-3.12/unittest_seeds/raw/cpython_case_test_winc...",crash,signal_11:,,"decompyle3:error:# decompyle3 version 3.9.3 # Python bytecode version base 3.12.0 (3531) # Decompiled from: Python 3.12.13 (main, May 10 2026, 19:30:01) [Clang 22.1.3 ] # Embedded file name: data/rq3/cpython-3.12/unittest_seeds/raw/cpython_case_test_winc...;pylingual:error:────────────────────────────────────────────────────────────────────────────────────────────────────────────────────────────────────────────────────────────────────── ,ggggggggggg, ,gggg, dP""""""88""""""""""""Y8, d8"" ""8I ,dPYb, Yb, 88 `8b 88 ,dP...",decompyle3:not_run:;pylingual:not_run:
cpython-312,data/rq3/cpython-3.12/unique_bug_pyc/cpython-312-8a5e6a12abd7.pyc,no_source,"# decompyle3 version 3.9.3 # Python bytecode version base 3.12.0 (3531) # Decompiled from: Python 3.12.13 (main, May 10 2026, 19:30:01) [Clang 22.1.3 ] # Embedded file name: data/rq3/cpython-3.12/unittest_seeds/raw/cpython_case_test_lzma...",exit_1,"Traceback (most recent call last): File ""/root/PyBC-Sec/pybcSEC/data/rq4/harness.py"", line 29, in <module> result = target() ^^^^^^^^ File ""data/rq3/cpython-3.12/unittest_seeds/raw/cpython_case_test_lzma_FileTestCase_test_seek_past_start...",,"decompyle3:error:# decompyle3 version 3.9.3 # Python bytecode version base 3.12.0 (3531) # Decompiled from: Python 3.12.13 (main, May 10 2026, 19:30:01) [Clang 22.1.3 ] # Embedded file name: data/rq3/cpython-3.12/unittest_seeds/raw/cpython_case_test_lzma...;pylingual:error:────────────────────────────────────────────────────────────────────────────────────────────────────────────────────────────────────────────────────────────────────── ,ggggggggggg, ,gggg, dP""""""88""""""""""""Y8, d8"" ""8I ,dPYb, Yb, 88 `8b 88 ,dP...",decompyle3:not_run:;pylingual:not_run:
cpython-312,data/rq3/cpython-3.12/unique_bug_pyc/cpython-312-8b76632d306f.pyc,no_source,"# decompyle3 version 3.9.3 # Python bytecode version base 3.12.0 (3531) # Decompiled from: Python 3.12.13 (main, May 10 2026, 19:30:01) [Clang 22.1.3 ] # Embedded file name: data/rq3/cpython-3.12/unittest_seeds/qaw/cpython_case_test_re_R...",crash,signal_11:,,"decompyle3:error:# decompyle3 version 3.9.3 # Python bytecode version base 3.12.0 (3531) # Decompiled from: Python 3.12.13 (main, May 10 2026, 19:30:01) [Clang 22.1.3 ] # Embedded file name: data/rq3/cpython-3.12/unittest_seeds/qaw/cpython_case_test_re_R...;pylingual:error:────────────────────────────────────────────────────────────────────────────────────────────────────────────────────────────────────────────────────────────────────── ,ggggggggggg, ,gggg, dP""""""88""""""""""""Y8, d8"" ""8I ,dPYb, Yb, 88 `8b 88 ,dP...",decompyle3:not_run:;pylingual:not_run:
cpython-312,data/rq3/cpython-3.12/unique_bug_pyc/cpython-312-8ec8f31001ed.pyc,no_source,"# decompyle3 version 3.9.3 # Python bytecode version base 3.12.0 (3531) # Decompiled from: Python 3.12.13 (main, May 10 2026, 19:30:01) [Clang 22.1.3 ] # Embedded file name: data/rq3/cpython-3.12/unittest_seeds/raw/cpython_case_test_ppri...",crash,signal_11:,,"decompyle3:error:# decompyle3 version 3.9.3 # Python bytecode version base 3.12.0 (3531) # Decompiled from: Python 3.12.13 (main, May 10 2026, 19:30:01) [Clang 22.1.3 ] # Embedded file name: data/rq3/cpython-3.12/unittest_seeds/raw/cpython_case_test_ppri...;pylingual:error:────────────────────────────────────────────────────────────────────────────────────────────────────────────────────────────────────────────────────────────────────── ,ggggggggggg, ,gggg, dP""""""88""""""""""""Y8, d8"" ""8I ,dPYb, Yb, 88 `8b 88 ,dP...",decompyle3:not_run:;pylingual:not_run:
cpython-312,data/rq3/cpython-3.12/unique_bug_pyc/cpython-312-901be4fc6696.pyc,no_source,/root/PyBC-Sec/pybcSEC/data/rq2/envs/cpython-312/lib/python3.12/site-packages/click/core.py:1262: UserWarning: The parameter --version is used more than once. Remove its duplicate as parameters should be unique. parser = self.make_parser...,crash,signal_11:,,"decompyle3:exit_-11:/root/PyBC-Sec/pybcSEC/data/rq2/envs/cpython-312/lib/python3.12/site-packages/click/core.py:1262: UserWarning: The parameter --version is used more than once. Remove its duplicate as parameters should be unique. parser = self.make_parser...;pylingual:exit_-11:────────────────────────────────────────────────────────────────────────────────────────────────────────────────────────────────────────────────────────────────────── ,ggggggggggg, ,gggg, dP""""""88""""""""""""Y8, d8"" ""8I ,dPYb, Yb, 88 `8b 88 ,dP...",decompyle3:not_run:;pylingual:not_run:
cpython-312,data/rq3/cpython-3.12/unique_bug_pyc/cpython-312-9151c0213448.pyc,no_source,"# decompyle3 version 3.9.3 # Python bytecode version base 3.12.0 (3531) # Decompiled from: Python 3.12.13 (main, May 10 2026, 19:30:01) [Clang 22.1.3 ] # Embedded file name: data/rq3/cpython-3.12/unittest_seeds/raw/cpython_case_test_rais...",crash,signal_11:,,"decompyle3:error:# decompyle3 version 3.9.3 # Python bytecode version base 3.12.0 (3531) # Decompiled from: Python 3.12.13 (main, May 10 2026, 19:30:01) [Clang 22.1.3 ] # Embedded file name: data/rq3/cpython-3.12/unittest_seeds/raw/cpython_case_test_rais...;pylingual:error:────────────────────────────────────────────────────────────────────────────────────────────────────────────────────────────────────────────────────────────────────── ,ggggggggggg, ,gggg, dP""""""88""""""""""""Y8, d8"" ""8I ,dPYb, Yb, 88 `8b 88 ,dP...",decompyle3:not_run:;pylingual:not_run:
cpython-312,data/rq3/cpython-3.12/unique_bug_pyc/cpython-312-91a4bdbf0450.pyc,no_source,"# decompyle3 version 3.9.3 # Python bytecode version base 3.12.0 (3531) # Decompiled from: Python 3.12.13 (main, May 10 2026, 19:30:01) [Clang 22.1.3 ] # Embedded file name: data/rq3/cpython-3.12/unittest_seeds/raw/cpython_case_test_csv_...",crash,signal_11:,,"decompyle3:error:# decompyle3 version 3.9.3 # Python bytecode version base 3.12.0 (3531) # Decompiled from: Python 3.12.13 (main, May 10 2026, 19:30:01) [Clang 22.1.3 ] # Embedded file name: data/rq3/cpython-3.12/unittest_seeds/raw/cpython_case_test_csv_...;pylingual:error:────────────────────────────────────────────────────────────────────────────────────────────────────────────────────────────────────────────────────────────────────── ,ggggggggggg, ,gggg, dP""""""88""""""""""""Y8, d8"" ""8I ,dPYb, Yb, 88 `8b 88 ,dP...",decompyle3:not_run:;pylingual:not_run:
cpython-312,data/rq3/cpython-3.12/unique_bug_pyc/cpython-312-91c5c12469ce.pyc,no_source,"# decompyle3 version 3.9.3 # Python bytecode version base 3.12.0 (3531) # Decompiled from: Python 3.12.13 (main, May 10 2026, 19:30:01) [Clang 22.1.3 ] # Embedded file name: data/rq3/cpython-3.12/unittest_seeds/raw/cpython_case_test_yiel...",crash,"signal_11:Traceback (most recent call last): File ""data/rq3/cpython-3.12/unittest_seeds/raw/cpython_case_test_yield_from_TestPEP380Operation_test_attempting_to_send_to_non_generator.py"", line 21, in __pybcsec_seed__",,"decompyle3:error:# decompyle3 version 3.9.3 # Python bytecode version base 3.12.0 (3531) # Decompiled from: Python 3.12.13 (main, May 10 2026, 19:30:01) [Clang 22.1.3 ] # Embedded file name: data/rq3/cpython-3.12/unittest_seeds/raw/cpython_case_test_yiel...;pylingual:error:────────────────────────────────────────────────────────────────────────────────────────────────────────────────────────────────────────────────────────────────────── ,ggggggggggg, ,gggg, dP""""""88""""""""""""Y8, d8"" ""8I ,dPYb, Yb, 88 `8b 88 ,dP...",decompyle3:not_run:;pylingual:not_run:
cpython-312,data/rq3/cpython-3.12/unique_bug_pyc/cpython-312-9450f64c0a7a.pyc,no_source,"# decompyle3 version 3.9.3 # Python bytecode version base 3.12.0 (3531) # Decompiled from: Python 3.12.13 (main, May 10 2026, 19:30:01) [Clang 22.1.3 ] # Embedded file name: data/rq3/cpython-3.12/unittest_seeds/raw/cpython_case_test_asyn...",crash,signal_11:,,"decompyle3:error:# decompyle3 version 3.9.3 # Python bytecode version base 3.12.0 (3531) # Decompiled from: Python 3.12.13 (main, May 10 2026, 19:30:01) [Clang 22.1.3 ] # Embedded file name: data/rq3/cpython-3.12/unittest_seeds/raw/cpython_case_test_asyn...;pylingual:error:────────────────────────────────────────────────────────────────────────────────────────────────────────────────────────────────────────────────────────────────────── ,ggggggggggg, ,gggg, dP""""""88""""""""""""Y8, d8"" ""8I ,dPYb, Yb, 88 `8b 88 ,dP...",decompyle3:not_run:;pylingual:not_run:
cpython-312,data/rq3/cpython-3.12/unique_bug_pyc/cpython-312-96d3c466438f.pyc,no_source,"# decompyle3 version 3.9.3 # Python bytecode version base 3.12.0 (3531) # Decompiled from: Python 3.12.13 (main, May 10 2026, 19:30:01) [Clang 22.1.3 ] # Embedded file name: data/rq3/cpython-3.12/unittest_seeds/raw/cpython_case_test_subc...",exit_1,"Traceback (most recent call last): File ""/root/PyBC-Sec/pybcSEC/data/rq4/harness.py"", line 29, in <module> result = target() ^^^^^^^^ File ""data/rq3/cpython-3.12/unittest_seeds/raw/cpython_case_test_subclassinit_Test_test_init_subclass_k...",,"decompyle3:error:# decompyle3 version 3.9.3 # Python bytecode version base 3.12.0 (3531) # Decompiled from: Python 3.12.13 (main, May 10 2026, 19:30:01) [Clang 22.1.3 ] # Embedded file name: data/rq3/cpython-3.12/unittest_seeds/raw/cpython_case_test_subc...;pylingual:error:────────────────────────────────────────────────────────────────────────────────────────────────────────────────────────────────────────────────────────────────────── ,ggggggggggg, ,gggg, dP""""""88""""""""""""Y8, d8"" ""8I ,dPYb, Yb, 88 `8b 88 ,dP...",decompyle3:not_run:;pylingual:not_run:
cpython-312,data/rq3/cpython-3.12/unique_bug_pyc/cpython-312-988e1a952dac.pyc,no_source,"# decompyle3 version 3.9.3 # Python bytecode version base 3.12.0 (3531) # Decompiled from: Python 3.12.13 (main, May 10 2026, 19:30:01) [Clang 22.1.3 ] # Embedded file name: data/rq3/cpython-3.12/unittest_seeds/raw/cpython_case_test_dict...",crash,signal_11:,,"decompyle3:error:# decompyle3 version 3.9.3 # Python bytecode version base 3.12.0 (3531) # Decompiled from: Python 3.12.13 (main, May 10 2026, 19:30:01) [Clang 22.1.3 ] # Embedded file name: data/rq3/cpython-3.12/unittest_seeds/raw/cpython_case_test_dict...;pylingual:error:────────────────────────────────────────────────────────────────────────────────────────────────────────────────────────────────────────────────────────────────────── ,ggggggggggg, ,gggg, dP""""""88""""""""""""Y8, d8"" ""8I ,dPYb, Yb, 88 `8b 88 ,dP...",decompyle3:not_run:;pylingual:not_run:
cpython-312,data/rq3/cpython-3.12/unique_bug_pyc/cpython-312-99f714d90531.pyc,no_source,"# decompyle3 version 3.9.3 # Python bytecode version base 3.12.0 (3531) # Decompiled from: Python 3.12.13 (main, May 10 2026, 19:30:01) [Clang 22.1.3 ] # Embedded file name: data/rq3/cpython-3.12/unittest_seeds/raw/cpython_case_test_deco...",crash,signal_11:,,"decompyle3:error:# decompyle3 version 3.9.3 # Python bytecode version base 3.12.0 (3531) # Decompiled from: Python 3.12.13 (main, May 10 2026, 19:30:01) [Clang 22.1.3 ] # Embedded file name: data/rq3/cpython-3.12/unittest_seeds/raw/cpython_case_test_deco...;pylingual:error:────────────────────────────────────────────────────────────────────────────────────────────────────────────────────────────────────────────────────────────────────── ,ggggggggggg, ,gggg, dP""""""88""""""""""""Y8, d8"" ""8I ,dPYb, Yb, 88 `8b 88 ,dP...",decompyle3:not_run:;pylingual:not_run:
cpython-312,data/rq3/cpython-3.12/unique_bug_pyc/cpython-312-9a398870b353.pyc,no_source,"# decompyle3 version 3.9.3 # Python bytecode version base 3.12.0 (3531) # Decompiled from: Python 3.12.13 (main, May 10 2026, 19:30:01) [Clang 22.1.3 ] # Embedded file name: data/rq3/cpython-3.12/unittest_seeds/raw/cpython_case_test_cont...",crash,signal_11:,,"decompyle3:error:# decompyle3 version 3.9.3 # Python bytecode version base 3.12.0 (3531) # Decompiled from: Python 3.12.13 (main, May 10 2026, 19:30:01) [Clang 22.1.3 ] # Embedded file name: data/rq3/cpython-3.12/unittest_seeds/raw/cpython_case_test_cont...;pylingual:error:────────────────────────────────────────────────────────────────────────────────────────────────────────────────────────────────────────────────────────────────────── ,ggggggggggg, ,gggg, dP""""""88""""""""""""Y8, d8"" ""8I ,dPYb, Yb, 88 `8b 88 ,dP...",decompyle3:not_run:;pylingual:not_run:
cpython-312,data/rq3/cpython-3.12/unique_bug_pyc/cpython-312-9d19bd9b32f9.pyc,no_source,"# decompyle3 version 3.9.3 # Python bytecode version base 3.12.0 (3531) # Decompiled from: Python 3.12.13 (main, May 10 2026, 19:30:01) [Clang 22.1.3 ] # Embedded file name: data/rq3/cpython-3.12/unittest_seeds/raw/cpython_case_test_arra...",crash,"signal_11:Traceback (most recent call last): File ""/root/PyBC-Sec/pybcSEC/data/rq4/harness.py"", line 29, in <module> result = target() ^^^^^^^^ File ""data/rq3/cpython-3.12/unittest_seeds/raw/cpython_case_test_array_BaseTest_test_add.py"", line 8, i...",,"decompyle3:error:# decompyle3 version 3.9.3 # Python bytecode version base 3.12.0 (3531) # Decompiled from: Python 3.12.13 (main, May 10 2026, 19:30:01) [Clang 22.1.3 ] # Embedded file name: data/rq3/cpython-3.12/unittest_seeds/raw/cpython_case_test_arra...;pylingual:error:────────────────────────────────────────────────────────────────────────────────────────────────────────────────────────────────────────────────────────────────────── ,ggggggggggg, ,gggg, dP""""""88""""""""""""Y8, d8"" ""8I ,dPYb, Yb, 88 `8b 88 ,dP...",decompyle3:not_run:;pylingual:not_run:
cpython-312,data/rq3/cpython-3.12/unique_bug_pyc/cpython-312-9e522100ff2f.pyc,no_source,"# decompyle3 version 3.9.3 # Python bytecode version base 3.12.0 (3531) # Decompiled from: Python 3.12.13 (main, May 10 2026, 19:30:01) [Clang 22.1.3 ] # Embedded file name: data/rq3/cpython-3.12/unittest_seeds/raw/cpython_case_test_yiel...",crash,signal_11:,,"decompyle3:error:# decompyle3 version 3.9.3 # Python bytecode version base 3.12.0 (3531) # Decompiled from: Python 3.12.13 (main, May 10 2026, 19:30:01) [Clang 22.1.3 ] # Embedded file name: data/rq3/cpython-3.12/unittest_seeds/raw/cpython_case_test_yiel...;pylingual:error:────────────────────────────────────────────────────────────────────────────────────────────────────────────────────────────────────────────────────────────────────── ,ggggggggggg, ,gggg, dP""""""88""""""""""""Y8, d8"" ""8I ,dPYb, Yb, 88 `8b 88 ,dP...",decompyle3:not_run:;pylingual:not_run:
cpython-312,data/rq3/cpython-3.12/unique_bug_pyc/cpython-312-9e7eadfdb573.pyc,no_source,"# decompyle3 version 3.9.3 # Python bytecode version base 3.12.0 (3531) # Decompiled from: Python 3.12.13 (main, May 10 2026, 19:30:01) [Clang 22.1.3 ] # Embedded file name: data/rq3/cpython-3.12/unittest_seeds/raw/cpython_case_test_exce...",crash,signal_11:,,"decompyle3:error:# decompyle3 version 3.9.3 # Python bytecode version base 3.12.0 (3531) # Decompiled from: Python 3.12.13 (main, May 10 2026, 19:30:01) [Clang 22.1.3 ] # Embedded file name: data/rq3/cpython-3.12/unittest_seeds/raw/cpython_case_test_exce...;pylingual:error:────────────────────────────────────────────────────────────────────────────────────────────────────────────────────────────────────────────────────────────────────── ,ggggggggggg, ,gggg, dP""""""88""""""""""""Y8, d8"" ""8I ,dPYb, Yb, 88 `8b 88 ,dP...",decompyle3:not_run:;pylingual:not_run:
cpython-312,data/rq3/cpython-3.12/unique_bug_pyc/cpython-312-a0778f67ae49.pyc,no_source,"# decompyle3 version 3.9.3 # Python bytecode version base 3.12.0 (3531) # Decompiled from: Python 3.12.13 (main, May 10 2026, 19:30:01) [Clang 22.1.3 ] # Embedded file name: data/rq3/cpython-3.12/unittest_seeds/raw/cpython_case_test_gene...",exit_1,"Traceback (most recent call last): File ""/root/PyBC-Sec/pybcSEC/data/rq4/harness.py"", line 29, in <module> result = target() ^^^^^^^^ File ""data/rq3/cpython-3.12/unittest_seeds/raw/cpython_case_test_generators_GeneratorThrowTest_test_exc...",,"decompyle3:error:# decompyle3 version 3.9.3 # Python bytecode version base 3.12.0 (3531) # Decompiled from: Python 3.12.13 (main, May 10 2026, 19:30:01) [Clang 22.1.3 ] # Embedded file name: data/rq3/cpython-3.12/unittest_seeds/raw/cpython_case_test_gene...;pylingual:error:────────────────────────────────────────────────────────────────────────────────────────────────────────────────────────────────────────────────────────────────────── ,ggggggggggg, ,gggg, dP""""""88""""""""""""Y8, d8"" ""8I ,dPYb, Yb, 88 `8b 88 ,dP...",decompyle3:not_run:;pylingual:not_run:
cpython-312,data/rq3/cpython-3.12/unique_bug_pyc/cpython-312-a121b010b70b.pyc,no_source,/root/PyBC-Sec/pybcSEC/data/rq2/envs/cpython-312/lib/python3.12/site-packages/click/core.py:1262: UserWarning: The parameter --version is used more than once. Remove its duplicate as parameters should be unique. parser = self.make_parser...,crash,signal_11:,,"decompyle3:exit_-11:/root/PyBC-Sec/pybcSEC/data/rq2/envs/cpython-312/lib/python3.12/site-packages/click/core.py:1262: UserWarning: The parameter --version is used more than once. Remove its duplicate as parameters should be unique. parser = self.make_parser...;pylingual:exit_-11:────────────────────────────────────────────────────────────────────────────────────────────────────────────────────────────────────────────────────────────────────── ,ggggggggggg, ,gggg, dP""""""88""""""""""""Y8, d8"" ""8I ,dPYb, Yb, 88 `8b 88 ,dP...",decompyle3:not_run:;pylingual:not_run:
cpython-312,data/rq3/cpython-3.12/unique_bug_pyc/cpython-312-a557d123e56f.pyc,no_source,"# decompyle3 version 3.9.3 # Python bytecode version base 3.12.0 (3531) # Decompiled from: Python 3.12.13 (main, May 10 2026, 19:30:01) [Clang 22.1.3 ] # Embedded file name: data/rq3/cpython-3.12/unittest_seeds/raw/cpython_case_test_dis_...",exit_1,"Traceback (most recent call last): File ""/root/PyBC-Sec/pybcSEC/data/rq4/harness.py"", line 29, in <module> result = target() ^^^^^^^^ File ""data/rq3/cpython-3.12/unittest_seeds/raw/cpython_case_test_dis_TestBytecodeTestCase_test_assert_n...",,"decompyle3:error:# decompyle3 version 3.9.3 # Python bytecode version base 3.12.0 (3531) # Decompiled from: Python 3.12.13 (main, May 10 2026, 19:30:01) [Clang 22.1.3 ] # Embedded file name: data/rq3/cpython-3.12/unittest_seeds/raw/cpython_case_test_dis_...;pylingual:error:────────────────────────────────────────────────────────────────────────────────────────────────────────────────────────────────────────────────────────────────────── ,ggggggggggg, ,gggg, dP""""""88""""""""""""Y8, d8"" ""8I ,dPYb, Yb, 88 `8b 88 ,dP...",decompyle3:not_run:;pylingual:not_run:
cpython-312,data/rq3/cpython-3.12/unique_bug_pyc/cpython-312-a6325ff7b6d1.pyc,no_source,"# decompyle3 version 3.9.3 # Python bytecode version base 3.12.0 (3531) # Decompiled from: Python 3.12.13 (main, May 10 2026, 19:30:01) [Clang 22.1.3 ] # Embedded file name: data/rq3/cpython-3.12/unittest_seeds/raw/cpython_case_test_winc...",crash,signal_11:,,"decompyle3:error:# decompyle3 version 3.9.3 # Python bytecode version base 3.12.0 (3531) # Decompiled from: Python 3.12.13 (main, May 10 2026, 19:30:01) [Clang 22.1.3 ] # Embedded file name: data/rq3/cpython-3.12/unittest_seeds/raw/cpython_case_test_winc...;pylingual:error:────────────────────────────────────────────────────────────────────────────────────────────────────────────────────────────────────────────────────────────────────── ,ggggggggggg, ,gggg, dP""""""88""""""""""""Y8, d8"" ""8I ,dPYb, Yb, 88 `8b 88 ,dP...",decompyle3:not_run:;pylingual:not_run:
cpython-312,data/rq3/cpython-3.12/unique_bug_pyc/cpython-312-a6cb81db07a3.pyc,no_source,"# decompyle3 version 3.9.3 # Python bytecode version base 3.12.0 (3531) # Decompiled from: Python 3.12.13 (main, May 10 2026, 19:30:01) [Clang 22.1.3 ] # Embedded file name: data/rq3/cpython-3.12/unittest_seeds/raw/cpython_case_test_rang...",crash,signal_11:,,"decompyle3:error:# decompyle3 version 3.9.3 # Python bytecode version base 3.12.0 (3531) # Decompiled from: Python 3.12.13 (main, May 10 2026, 19:30:01) [Clang 22.1.3 ] # Embedded file name: data/rq3/cpython-3.12/unittest_seeds/raw/cpython_case_test_rang...;pylingual:error:────────────────────────────────────────────────────────────────────────────────────────────────────────────────────────────────────────────────────────────────────── ,ggggggggggg, ,gggg, dP""""""88""""""""""""Y8, d8"" ""8I ,dPYb, Yb, 88 `8b 88 ,dP...",decompyle3:not_run:;pylingual:not_run:
cpython-312,data/rq3/cpython-3.12/unique_bug_pyc/cpython-312-a7ddbf14d3eb.pyc,no_source,"# decompyle3 version 3.9.3 # Python bytecode version base 3.12.0 (3531) # Decompiled from: Python 3.12.13 (main, May 10 2026, 19:30:01) [Clang 22.1.3 ] # Embedded file name: data/rq3/cpython-3.12/unittest_seeds/raw/cpython_case_test_yiel...",crash,signal_11:,,"decompyle3:error:# decompyle3 version 3.9.3 # Python bytecode version base 3.12.0 (3531) # Decompiled from: Python 3.12.13 (main, May 10 2026, 19:30:01) [Clang 22.1.3 ] # Embedded file name: data/rq3/cpython-3.12/unittest_seeds/raw/cpython_case_test_yiel...;pylingual:error:────────────────────────────────────────────────────────────────────────────────────────────────────────────────────────────────────────────────────────────────────── ,ggggggggggg, ,gggg, dP""""""88""""""""""""Y8, d8"" ""8I ,dPYb, Yb, 88 `8b 88 ,dP...",decompyle3:not_run:;pylingual:not_run:
cpython-312,data/rq3/cpython-3.12/unique_bug_pyc/cpython-312-a8278b583e56.pyc,no_source,"# decompyle3 version 3.9.3 # Python bytecode version base 3.12.0 (3531) # Decompiled from: Python 3.12.13 (main, May 10 2026, 19:30:01) [Clang 22.1.3 ] # Embedded file name: data/rq3/cpython-3.12/unittest_seeds/raw/cpython_case_test_unic...",crash,signal_11:,,"decompyle3:error:# decompyle3 version 3.9.3 # Python bytecode version base 3.12.0 (3531) # Decompiled from: Python 3.12.13 (main, May 10 2026, 19:30:01) [Clang 22.1.3 ] # Embedded file name: data/rq3/cpython-3.12/unittest_seeds/raw/cpython_case_test_unic...;pylingual:error:────────────────────────────────────────────────────────────────────────────────────────────────────────────────────────────────────────────────────────────────────── ,ggggggggggg, ,gggg, dP""""""88""""""""""""Y8, d8"" ""8I ,dPYb, Yb, 88 `8b 88 ,dP...",decompyle3:not_run:;pylingual:not_run:
cpython-312,data/rq3/cpython-3.12/unique_bug_pyc/cpython-312-a99c81f97096.pyc,no_source,"# decompyle3 version 3.9.3 # Python bytecode version base 3.12.0 (3531) # Decompiled from: Python 3.12.13 (main, May 10 2026, 19:30:01) [Clang 22.1.3 ] # Embedded file name: data/rq3/cpython-3.12/unittest_seeds/raw/cpython_case_test_patm...",crash,signal_11:,,"decompyle3:error:# decompyle3 version 3.9.3 # Python bytecode version base 3.12.0 (3531) # Decompiled from: Python 3.12.13 (main, May 10 2026, 19:30:01) [Clang 22.1.3 ] # Embedded file name: data/rq3/cpython-3.12/unittest_seeds/raw/cpython_case_test_patm...;pylingual:error:────────────────────────────────────────────────────────────────────────────────────────────────────────────────────────────────────────────────────────────────────── ,ggggggggggg, ,gggg, dP""""""88""""""""""""Y8, d8"" ""8I ,dPYb, Yb, 88 `8b 88 ,dP...",decompyle3:not_run:;pylingual:not_run:
cpython-312,data/rq3/cpython-3.12/unique_bug_pyc/cpython-312-ac02937fb34b.pyc,no_source,"# decompyle3 version 3.9.3 # Python bytecode version base 3.12.0 (3531) # Decompiled from: Python 3.12.13 (main, May 10 2026, 19:30:01) [Clang 22.1.3 ] # Embedded file name: data/rq3/cpython-3.12/unittest_seeds/raw/cpython_case_test_sour...",crash,signal_11:,,"decompyle3:error:# decompyle3 version 3.9.3 # Python bytecode version base 3.12.0 (3531) # Decompiled from: Python 3.12.13 (main, May 10 2026, 19:30:01) [Clang 22.1.3 ] # Embedded file name: data/rq3/cpython-3.12/unittest_seeds/raw/cpython_case_test_sour...;pylingual:error:────────────────────────────────────────────────────────────────────────────────────────────────────────────────────────────────────────────────────────────────────── ,ggggggggggg, ,gggg, dP""""""88""""""""""""Y8, d8"" ""8I ,dPYb, Yb, 88 `8b 88 ,dP...",decompyle3:not_run:;pylingual:not_run:
cpython-312,data/rq3/cpython-3.12/unique_bug_pyc/cpython-312-adab23e05ec4.pyc,no_source,"# decompyle3 version 3.9.3 # Python bytecode version base 3.12.0 (3531) # Decompiled from: Python 3.12.13 (main, May 10 2026, 19:30:01) [Clang 22.1.3 ] # Embedded file name: data/rq3/cpython-3.12/unittest_seeds/raw/cpython_case_test_enum...",crash,"signal_11:Traceback (most recent call last): File ""/root/PyBC-Sec/pybcSEC/data/rq4/harness.py"", line 29, in <module> result = target() ^^^^^^^^ File ""data/rq3/cpython-3.12/unittest_seeds/raw/cpython_case_test_enum_TestSpecial_test_init.py"", line 9...",,"decompyle3:error:# decompyle3 version 3.9.3 # Python bytecode version base 3.12.0 (3531) # Decompiled from: Python 3.12.13 (main, May 10 2026, 19:30:01) [Clang 22.1.3 ] # Embedded file name: data/rq3/cpython-3.12/unittest_seeds/raw/cpython_case_test_enum...;pylingual:error:────────────────────────────────────────────────────────────────────────────────────────────────────────────────────────────────────────────────────────────────────── ,ggggggggggg, ,gggg, dP""""""88""""""""""""Y8, d8"" ""8I ,dPYb, Yb, 88 `8b 88 ,dP...",decompyle3:not_run:;pylingual:not_run:
cpython-312,data/rq3/cpython-3.12/unique_bug_pyc/cpython-312-ae68b1edd7c9.pyc,no_source,"# decompyle3 version 3.9.3 # Python bytecode version base 3.12.0 (3531) # Decompiled from: Python 3.12.13 (main, May 10 2026, 19:30:01) [Clang 22.1.3 ] # Embedded file name: data/rq3/cpython-3.12/unittest_seeds/raw/cpython_case_test_iter...",crash,signal_11:,,"decompyle3:error:# decompyle3 version 3.9.3 # Python bytecode version base 3.12.0 (3531) # Decompiled from: Python 3.12.13 (main, May 10 2026, 19:30:01) [Clang 22.1.3 ] # Embedded file name: data/rq3/cpython-3.12/unittest_seeds/raw/cpython_case_test_iter...;pylingual:error:────────────────────────────────────────────────────────────────────────────────────────────────────────────────────────────────────────────────────────────────────── ,ggggggggggg, ,gggg, dP""""""88""""""""""""Y8, d8"" ""8I ,dPYb, Yb, 88 `8b 88 ,dP...",decompyle3:not_run:;pylingual:not_run:
cpython-312,data/rq3/cpython-3.12/unique_bug_pyc/cpython-312-af1ef5c3b365.pyc,no_source,"# decompyle3 version 3.9.3 # Python bytecode version base 3.12.0 (3531) # Decompiled from: Python 3.12.13 (main, May 10 2026, 19:30:01) [Clang 22.1.3 ] # Embedded file name: data/rq3/cpython-3.12javascript:eeds/raw/cpython_case_test_math...",crash,signal_11:,,"decompyle3:error:# decompyle3 version 3.9.3 # Python bytecode version base 3.12.0 (3531) # Decompiled from: Python 3.12.13 (main, May 10 2026, 19:30:01) [Clang 22.1.3 ] # Embedded file name: data/rq3/cpython-3.12javascript:eeds/raw/cpython_case_test_math...;pylingual:error:────────────────────────────────────────────────────────────────────────────────────────────────────────────────────────────────────────────────────────────────────── ,ggggggggggg, ,gggg, dP""""""88""""""""""""Y8, d8"" ""8I ,dPYb, Yb, 88 `8b 88 ,dP...",decompyle3:not_run:;pylingual:not_run:
cpython-312,data/rq3/cpython-3.12/unique_bug_pyc/cpython-312-b129617679cf.pyc,no_source,"# decompyle3 version 3.9.3 # Python bytecode version base 3.12.0 (3531) # Decompiled from: Python 3.12.13 (main, May 10 2026, 19:30:01) [Clang 22.1.3 ] # Embedded file name: data/rq3/cpython-3.12/unittest_seeds/raw/cpython_case_test_urll...",crash,signal_11:,,"decompyle3:error:# decompyle3 version 3.9.3 # Python bytecode version base 3.12.0 (3531) # Decompiled from: Python 3.12.13 (main, May 10 2026, 19:30:01) [Clang 22.1.3 ] # Embedded file name: data/rq3/cpython-3.12/unittest_seeds/raw/cpython_case_test_urll...;pylingual:error:────────────────────────────────────────────────────────────────────────────────────────────────────────────────────────────────────────────────────────────────────── ,ggggggggggg, ,gggg, dP""""""88""""""""""""Y8, d8"" ""8I ,dPYb, Yb, 88 `8b 88 ,dP...",decompyle3:not_run:;pylingual:not_run:
cpython-312,data/rq3/cpython-3.12/unique_bug_pyc/cpython-312-b4414b8cb845.pyc,no_source,"# decompyle3 version 3.9.3 # Python bytecode version base 3.12.0 (3531) # Decompiled from: Python 3.12.13 (main, May 10 2026, 19:30:01) [Clang 22.1.3 ] # Embedded file name: data/rq3/cpython-3.12/unittest_seeds/raw/cpython_case_test_sock...",crash,signal_11:,,"decompyle3:error:# decompyle3 version 3.9.3 # Python bytecode version base 3.12.0 (3531) # Decompiled from: Python 3.12.13 (main, May 10 2026, 19:30:01) [Clang 22.1.3 ] # Embedded file name: data/rq3/cpython-3.12/unittest_seeds/raw/cpython_case_test_sock...;pylingual:error:────────────────────────────────────────────────────────────────────────────────────────────────────────────────────────────────────────────────────────────────────── ,ggggggggggg, ,gggg, dP""""""88""""""""""""Y8, d8"" ""8I ,dPYb, Yb, 88 `8b 88 ,dP...",decompyle3:not_run:;pylingual:not_run:
cpython-312,data/rq3/cpython-3.12/unique_bug_pyc/cpython-312-b492ea6b4852.pyc,no_source,"# decompyle3 version 3.9.3 # Python bytecode version base 3.12.0 (3531) # Decompiled from: Python 3.12.13 (main, May 10 2026, 19:30:01) [Clang 22.1.3 ] # Embedded file name: data/rq3/cpython-3.12/unittest_seeds/raw/cpython_case_test_gene...",crash,"signal_11:Traceback (most recent call last): File ""/root/PyBC-Sec/pybcSEC/data/rq4/harness.py"", line 29, in <module> result = target() ^^^^^^^^ File ""data/rq3/cpython-3.12/unittest_seeds/raw/cpython_case_test_generators_GeneratorThrowTest_test_thr...",,"decompyle3:error:# decompyle3 version 3.9.3 # Python bytecode version base 3.12.0 (3531) # Decompiled from: Python 3.12.13 (main, May 10 2026, 19:30:01) [Clang 22.1.3 ] # Embedded file name: data/rq3/cpython-3.12/unittest_seeds/raw/cpython_case_test_gene...;pylingual:error:────────────────────────────────────────────────────────────────────────────────────────────────────────────────────────────────────────────────────────────────────── ,ggggggggggg, ,gggg, dP""""""88""""""""""""Y8, d8"" ""8I ,dPYb, Yb, 88 `8b 88 ,dP...",decompyle3:not_run:;pylingual:not_run:
cpython-312,data/rq3/cpython-3.12/unique_bug_pyc/cpython-312-b4f85b6cca98.pyc,no_source,"# decompyle3 version 3.9.3 # Python bytecode version base 3.12.0 (3531) # Decompiled from: Python 3.12.13 (main, May 10 2026, 19:30:01) [Clang 22.1.3 ] # Embedded file name: data/rq3/cpython-3.12/unittest_seeds/raw/cpython_case_test_toke...",exit_1,"Traceback (most recent call last): File ""/root/PyBC-Sec/pybcSEC/data/rq4/harness.py"", line 29, in <module> result = target() ^^^^^^^^ File ""data/rq3/cpython-3.12/unittest_seeds/raw/cpython_case_test_tokenize_TestDetectEncoding_test_false...",,"decompyle3:error:# decompyle3 version 3.9.3 # Python bytecode version base 3.12.0 (3531) # Decompiled from: Python 3.12.13 (main, May 10 2026, 19:30:01) [Clang 22.1.3 ] # Embedded file name: data/rq3/cpython-3.12/unittest_seeds/raw/cpython_case_test_toke...;pylingual:error:────────────────────────────────────────────────────────────────────────────────────────────────────────────────────────────────────────────────────────────────────── ,ggggggggggg, ,gggg, dP""""""88""""""""""""Y8, d8"" ""8I ,dPYb, Yb, 88 `8b 88 ,dP...",decompyle3:not_run:;pylingual:not_run:
cpython-312,data/rq3/cpython-3.12/unique_bug_pyc/cpython-312-b7b1bc256f57.pyc,no_source,"# decompyle3 version 3.9.3 # Python bytecode version base 3.12.0 (3531) # Decompiled from: Python 3.12.13 (main, May 10 2026, 19:30:01) [Clang 22.1.3 ] # Embedded file name: data/rq3/cpython-1.12/unittest_seeds/raw/cpython_case_test_mail...",crash,signal_11:,,"decompyle3:error:# decompyle3 version 3.9.3 # Python bytecode version base 3.12.0 (3531) # Decompiled from: Python 3.12.13 (main, May 10 2026, 19:30:01) [Clang 22.1.3 ] # Embedded file name: data/rq3/cpython-1.12/unittest_seeds/raw/cpython_case_test_mail...;pylingual:error:────────────────────────────────────────────────────────────────────────────────────────────────────────────────────────────────────────────────────────────────────── ,ggggggggggg, ,gggg, dP""""""88""""""""""""Y8, d8"" ""8I ,dPYb, Yb, 88 `8b 88 ,dP...",decompyle3:not_run:;pylingual:not_run:
cpython-312,data/rq3/cpython-3.12/unique_bug_pyc/cpython-312-b7d0605ead7e.pyc,no_source,"# decompyle3 version 3.9.3 # Python bytecode version base 3.12.0 (3531) # Decompiled from: Python 3.12.13 (main, May 10 2026, 19:30:01) [Clang 22.1.3 ] # Embedded file name: data/rq3/cpython-3.12/unittest_seeds/raw/cpython_case_test_desc...",crash,signal_11:,,"decompyle3:error:# decompyle3 version 3.9.3 # Python bytecode version base 3.12.0 (3531) # Decompiled from: Python 3.12.13 (main, May 10 2026, 19:30:01) [Clang 22.1.3 ] # Embedded file name: data/rq3/cpython-3.12/unittest_seeds/raw/cpython_case_test_desc...;pylingual:error:────────────────────────────────────────────────────────────────────────────────────────────────────────────────────────────────────────────────────────────────────── ,ggggggggggg, ,gggg, dP""""""88""""""""""""Y8, d8"" ""8I ,dPYb, Yb, 88 `8b 88 ,dP...",decompyle3:not_run:;pylingual:not_run:
cpython-312,data/rq3/cpython-3.12/unique_bug_pyc/cpython-312-b7f7c1812641.pyc,no_source,"# decompyle3 version 3.9.3 # Python bytecode version base 3.12.0 (3531) # Decompiled from: Python 3.12.13 (main, May 10 2026, 19:30:01) [Clang 22.1.3 ] # Embedded file name: data/rq3/cpython-3.12/unittest_seeds/raw/cpython_case_test_clin...",crash,signal_11:,,"decompyle3:error:# decompyle3 version 3.9.3 # Python bytecode version base 3.12.0 (3531) # Decompiled from: Python 3.12.13 (main, May 10 2026, 19:30:01) [Clang 22.1.3 ] # Embedded file name: data/rq3/cpython-3.12/unittest_seeds/raw/cpython_case_test_clin...;pylingual:error:────────────────────────────────────────────────────────────────────────────────────────────────────────────────────────────────────────────────────────────────────── ,ggggggggggg, ,gggg, dP""""""88""""""""""""Y8, d8"" ""8I ,dPYb, Yb, 88 `8b 88 ,dP...",decompyle3:not_run:;pylingual:not_run:
cpython-312,data/rq3/cpython-3.12/unique_bug_pyc/cpython-312-bcb85f061f85.pyc,no_source,"# decompyle3 version 3.9.3 # Python bytecode version base 3.12.0 (3531) # Decompiled from: Python 3.12.13 (main, May 10 2026, 19:30:01) [Clang 22.1.3 ] # Embedded file name: data/rq3/cpython-3.12/unittest_seeds/raw/cpython_case_test_name...",exit_1,"Traceback (most recent call last): File ""/root/PyBC-Sec/pybcSEC/data/rq4/harness.py"", line 29, in <module> result = target() ^^^^^^^^ File ""data/rq3/cpython-3.12/unittest_seeds/raw/cpython_case_test_named_expressions_NamedExpressionScope...",,"decompyle3:error:# decompyle3 version 3.9.3 # Python bytecode version base 3.12.0 (3531) # Decompiled from: Python 3.12.13 (main, May 10 2026, 19:30:01) [Clang 22.1.3 ] # Embedded file name: data/rq3/cpython-3.12/unittest_seeds/raw/cpython_case_test_name...;pylingual:error:────────────────────────────────────────────────────────────────────────────────────────────────────────────────────────────────────────────────────────────────────── ,ggggggggggg, ,gggg, dP""""""88""""""""""""Y8, d8"" ""8I ,dPYb, Yb, 88 `8b 88 ,dP...",decompyle3:not_run:;pylingual:not_run:
cpython-312,data/rq3/cpython-3.12/unique_bug_pyc/cpython-312-c064c6508a43.pyc,no_source,"# decompyle3 version 3.9.3 # Python bytecode version base 3.12.0 (3531) # Decompiled from: Python 3.12.13 (main, May 10 2026, 19:30:01) [Clang 22.1.3 ] # Embedded file name: data/rq3/cpython-3.12/unittest_seeds/raw/cpython_case_test_io_B...",crash,signal_11:,,"decompyle3:error:# decompyle3 version 3.9.3 # Python bytecode version base 3.12.0 (3531) # Decompiled from: Python 3.12.13 (main, May 10 2026, 19:30:01) [Clang 22.1.3 ] # Embedded file name: data/rq3/cpython-3.12/unittest_seeds/raw/cpython_case_test_io_B...;pylingual:error:────────────────────────────────────────────────────────────────────────────────────────────────────────────────────────────────────────────────────────────────────── ,ggggggggggg, ,gggg, dP""""""88""""""""""""Y8, d8"" ""8I ,dPYb, Yb, 88 `8b 88 ,dP...",decompyle3:not_run:;pylingual:not_run:
cpython-312,data/rq3/cpython-3.12/unique_bug_pyc/cpython-312-c19386d341ff.pyc,no_source,"# decompyle3 version 3.9.3 # Python bytecode version base 3.12.0 (3531) # Decompiled from: Python 3.12.13 (main, May 10 2026, 19:30:01) [Clang 22.1.3 ] # Embedded file name: data/rq3/cpython-3.12/unittest_seeds/raw/cpython_case_test_os_F...",crash,signal_11:,,"decompyle3:error:# decompyle3 version 3.9.3 # Python bytecode version base 3.12.0 (3531) # Decompiled from: Python 3.12.13 (main, May 10 2026, 19:30:01) [Clang 22.1.3 ] # Embedded file name: data/rq3/cpython-3.12/unittest_seeds/raw/cpython_case_test_os_F...;pylingual:error:────────────────────────────────────────────────────────────────────────────────────────────────────────────────────────────────────────────────────────────────────── ,ggggggggggg, ,gggg, dP""""""88""""""""""""Y8, d8"" ""8I ,dPYb, Yb, 88 `8b 88 ,dP...",decompyle3:not_run:;pylingual:not_run:
cpython-312,data/rq3/cpython-3.12/unique_bug_pyc/cpython-312-c21999f361d5.pyc,no_source,"# decompyle3 version 3.9.3 # Python bytecode version base 3.12.0 (3531) # Decompiled from: Python 3.12.13 (main, May 10 2026, 19:30:01) [Clang 22.1.3 ] # Embedded file name: data/rq3/cpython-3.12/unittest_seeds/raw/cpython_case_test_sock...",exit_1,"Traceback (most recent call last): File ""/root/PyBC-Sec/pybcSEC/data/rq4/harness.py"", line 29, in <module> result = target() ^^^^^^^^ File ""data/rq3/cpython-3.12/unittest_seeds/raw/cpython_case_test_socket_LinuxKernelCryptoAPI_test_hmac_...",,"decompyle3:error:# decompyle3 version 3.9.3 # Python bytecode version base 3.12.0 (3531) # Decompiled from: Python 3.12.13 (main, May 10 2026, 19:30:01) [Clang 22.1.3 ] # Embedded file name: data/rq3/cpython-3.12/unittest_seeds/raw/cpython_case_test_sock...;pylingual:error:────────────────────────────────────────────────────────────────────────────────────────────────────────────────────────────────────────────────────────────────────── ,ggggggggggg, ,gggg, dP""""""88""""""""""""Y8, d8"" ""8I ,dPYb, Yb, 88 `8b 88 ,dP...",decompyle3:not_run:;pylingual:not_run:
cpython-312,data/rq3/cpython-3.12/unique_bug_pyc/cpython-312-c52891182612.pyc,no_source,"# decompyle3 version 3.9.3 # Python bytecode version base 3.12.0 (3531) # Decompiled from: Python 3.12.13 (main, May 10 2026, 19:30:01) [Clang 22.1.3 ] # Embedded file name: data/rq3/cpython-3.12/unittest_seeds/raw/cpython_case_test_conf...",crash,signal_11:,,"decompyle3:error:# decompyle3 version 3.9.3 # Python bytecode version base 3.12.0 (3531) # Decompiled from: Python 3.12.13 (main, May 10 2026, 19:30:01) [Clang 22.1.3 ] # Embedded file name: data/rq3/cpython-3.12/unittest_seeds/raw/cpython_case_test_conf...;pylingual:error:────────────────────────────────────────────────────────────────────────────────────────────────────────────────────────────────────────────────────────────────────── ,ggggggggggg, ,gggg, dP""""""88""""""""""""Y8, d8"" ""8I ,dPYb, Yb, 88 `8b 88 ,dP...",decompyle3:not_run:;pylingual:not_run:
cpython-312,data/rq3/cpython-3.12/unique_bug_pyc/cpython-312-c5488912e489.pyc,no_source,"# decompyle3 version 3.9.3 # Python bytecode version base 3.12.0 (3531) # Decompiled from: Python 3.12.13 (main, May 10 2026, 19:30:01) [Clang 22.1.3 ] # Embedded file name: data/rq3/cpython-3.12/unittest_seeds/raw/cpython_case_test_tarf...",crash,signal_11:,,"decompyle3:error:# decompyle3 version 3.9.3 # Python bytecode version base 3.12.0 (3531) # Decompiled from: Python 3.12.13 (main, May 10 2026, 19:30:01) [Clang 22.1.3 ] # Embedded file name: data/rq3/cpython-3.12/unittest_seeds/raw/cpython_case_test_tarf...;pylingual:error:────────────────────────────────────────────────────────────────────────────────────────────────────────────────────────────────────────────────────────────────────── ,ggggggggggg, ,gggg, dP""""""88""""""""""""Y8, d8"" ""8I ,dPYb, Yb, 88 `8b 88 ,dP...",decompyle3:not_run:;pylingual:not_run:
cpython-312,data/rq3/cpython-3.12/unique_bug_pyc/cpython-312-c82319e42246.pyc,no_source,"# decompyle3 version 3.9.3 # Python bytecode version base 3.12.0 (3531) # Decompiled from: Python 3.12.13 (main, May 10 2026, 19:30:01) [Clang 22.1.3 ] # Embedded file name: data/rq3/cpython-3.12/unittest_seeds/raw/cpython_case_test_prin...",crash,signal_11:,,"decompyle3:error:# decompyle3 version 3.9.3 # Python bytecode version base 3.12.0 (3531) # Decompiled from: Python 3.12.13 (main, May 10 2026, 19:30:01) [Clang 22.1.3 ] # Embedded file name: data/rq3/cpython-3.12/unittest_seeds/raw/cpython_case_test_prin...;pylingual:error:────────────────────────────────────────────────────────────────────────────────────────────────────────────────────────────────────────────────────────────────────── ,ggggggggggg, ,gggg, dP""""""88""""""""""""Y8, d8"" ""8I ,dPYb, Yb, 88 `8b 88 ,dP...",decompyle3:not_run:;pylingual:not_run:
cpython-312,data/rq3/cpython-3.12/unique_bug_pyc/cpython-312-c98520483ab2.pyc,no_source,"# decompyle3 version 3.9.3 # Python bytecode version base 3.12.0 (3531) # Decompiled from: Python 3.12.13 (main, May 10 2026, 19:30:01) [Clang 22.1.3 ] # Embedded file name: data^path_nothon-3.12/unittest_seeds/raw/cpython_case_test_cale...",exit_1,"Traceback (most recent call last): File ""data^path_nothon-3.12/unittest_seeds/raw/cpython_case_test_calendar_CalendarTestCase_test_locale_html_calendar_custom_css_class_weekday.py"", line 9, in __pybcsec_seed__ NameError: name 'calendar' ...",,"decompyle3:error:# decompyle3 version 3.9.3 # Python bytecode version base 3.12.0 (3531) # Decompiled from: Python 3.12.13 (main, May 10 2026, 19:30:01) [Clang 22.1.3 ] # Embedded file name: data^path_nothon-3.12/unittest_seeds/raw/cpython_case_test_cale...;pylingual:error:────────────────────────────────────────────────────────────────────────────────────────────────────────────────────────────────────────────────────────────────────── ,ggggggggggg, ,gggg, dP""""""88""""""""""""Y8, d8"" ""8I ,dPYb, Yb, 88 `8b 88 ,dP...",decompyle3:not_run:;pylingual:not_run:
cpython-312,data/rq3/cpython-3.12/unique_bug_pyc/cpython-312-cc9967aaf3e7.pyc,no_source,"# decompyle3 version 3.9.3 # Python bytecode version base 3.12.0 (3531) # Decompiled from: Python 3.12.13 (main, May 10 2026, 19:30:01) [Clang 22.1.3 ] # Embedded file name: dat m3/cpython-3.12/unittest_seeds/raw/cpython_case_test_rlco...",crash,signal_11:,,"decompyle3:error:# decompyle3 version 3.9.3 # Python bytecode version base 3.12.0 (3531) # Decompiled from: Python 3.12.13 (main, May 10 2026, 19:30:01) [Clang 22.1.3 ] # Embedded file name: dat m3/cpython-3.12/unittest_seeds/raw/cpython_case_test_rlco...;pylingual:error:────────────────────────────────────────────────────────────────────────────────────────────────────────────────────────────────────────────────────────────────────── ,ggggggggggg, ,gggg, dP""""""88""""""""""""Y8, d8"" ""8I ,dPYb, Yb, 88 `8b 88 ,dP...",decompyle3:not_run:;pylingual:not_run:
cpython-312,data/rq3/cpython-3.12/unique_bug_pyc/cpython-312-ccbd7e9cbf4a.pyc,no_source,"# decompyle3 version 3.9.3 # Python bytecode version base 3.12.0 (3531) # Decompiled from: Python 3.12.13 (main, May 10 2026, 19:30:01) [Clang 22.1.3 ] # Embedded file name: data/rq3/cpython-3.12/unit1=1t_seeds/raw/cpython_case_test_http...",crash,signal_11:,,"decompyle3:error:# decompyle3 version 3.9.3 # Python bytecode version base 3.12.0 (3531) # Decompiled from: Python 3.12.13 (main, May 10 2026, 19:30:01) [Clang 22.1.3 ] # Embedded file name: data/rq3/cpython-3.12/unit1=1t_seeds/raw/cpython_case_test_http...;pylingual:error:────────────────────────────────────────────────────────────────────────────────────────────────────────────────────────────────────────────────────────────────────── ,ggggggggggg, ,gggg, dP""""""88""""""""""""Y8, d8"" ""8I ,dPYb, Yb, 88 `8b 88 ,dP...",decompyle3:not_run:;pylingual:not_run:
cpython-312,data/rq3/cpython-3.12/unique_bug_pyc/cpython-312-ce39765f5cd7.pyc,no_source,"# decompyle3 version 3.9.3 # Python bytecode version base 3.12.0 (3531) # Decompiled from: Python 3.12.13 (main, May 10 2026, 19:30:01) [Clang 22.1.3 ] # Embedded file name: data/rq3/cpython-3.12/unittest_seeds/raw/cpython_case_test_subp...",crash,signal_11:,,"decompyle3:error:# decompyle3 version 3.9.3 # Python bytecode version base 3.12.0 (3531) # Decompiled from: Python 3.12.13 (main, May 10 2026, 19:30:01) [Clang 22.1.3 ] # Embedded file name: data/rq3/cpython-3.12/unittest_seeds/raw/cpython_case_test_subp...;pylingual:error:────────────────────────────────────────────────────────────────────────────────────────────────────────────────────────────────────────────────────────────────────── ,ggggggggggg, ,gggg, dP""""""88""""""""""""Y8, d8"" ""8I ,dPYb, Yb, 88 `8b 88 ,dP...",decompyle3:not_run:;pylingual:not_run:
cpython-312,data/rq3/cpython-3.12/unique_bug_pyc/cpython-312-cf494c96c287.pyc,no_source,"# decompyle3 version 3.9.3 # Python bytecode version base 3.12.0 (3531) # Decompiled from: Python 3.12.13 (main, May 10 2026, 19:30:01) [Clang 22.1.3 ] # Embedded file name: data/rq3/cpython-3.12/unittest_seeds/raw/cpython_case_test_byte...",crash,signal_11:,,"decompyle3:error:# decompyle3 version 3.9.3 # Python bytecode version base 3.12.0 (3531) # Decompiled from: Python 3.12.13 (main, May 10 2026, 19:30:01) [Clang 22.1.3 ] # Embedded file name: data/rq3/cpython-3.12/unittest_seeds/raw/cpython_case_test_byte...;pylingual:error:────────────────────────────────────────────────────────────────────────────────────────────────────────────────────────────────────────────────────────────────────── ,ggggggggggg, ,gggg, dP""""""88""""""""""""Y8, d8"" ""8I ,dPYb, Yb, 88 `8b 88 ,dP...",decompyle3:not_run:;pylingual:not_run:
cpython-312,data/rq3/cpython-3.12/unique_bug_pyc/cpython-312-d5c7b535c800.pyc,no_source,"# decompyle3 version 3.9.3 # Python bytecode version base 3.12.0 (3531) # Decompiled from: Python 3.12.13 (main, May 10 2026, 19:30:01) [Clang 22.1.3 ] # Embedded file name: data/rq3/cpython-3.12/unittest_seeds/raw/cpython_case_test_cmd_...",crash,signal_11:,,"decompyle3:error:# decompyle3 version 3.9.3 # Python bytecode version base 3.12.0 (3531) # Decompiled from: Python 3.12.13 (main, May 10 2026, 19:30:01) [Clang 22.1.3 ] # Embedded file name: data/rq3/cpython-3.12/unittest_seeds/raw/cpython_case_test_cmd_...;pylingual:error:────────────────────────────────────────────────────────────────────────────────────────────────────────────────────────────────────────────────────────────────────── ,ggggggggggg, ,gggg, dP""""""88""""""""""""Y8, d8"" ""8I ,dPYb, Yb, 88 `8b 88 ,dP...",decompyle3:not_run:;pylingual:not_run:
cpython-312,data/rq3/cpython-3.12/unique_bug_pyc/cpython-312-d6247f46a639.pyc,no_source,"# decompyle3 version 3.9.3 # Python bytecode version base 3.12.0 (3531) # Decompiled from: Python 3.12.13 (main, May 10 2026, 19:30:01) [Clang 22.1.3 ] # Embedded file name: data/rq3/cpython-3.12/unittest_seeds/raw/cpython_case_test_logg...",exit_1,"Traceback (most recent call last): File ""/root/PyBC-Sec/pybcSEC/data/rq4/harness.py"", line 29, in <module> result = target() ^^^^^^^^ File ""data/rq3/cpython-3.12/unittest_seeds/raw/cpython_case_test_logging_LoggerTest_test_make_record_wi...",,"decompyle3:error:# decompyle3 version 3.9.3 # Python bytecode version base 3.12.0 (3531) # Decompiled from: Python 3.12.13 (main, May 10 2026, 19:30:01) [Clang 22.1.3 ] # Embedded file name: data/rq3/cpython-3.12/unittest_seeds/raw/cpython_case_test_logg...;pylingual:error:────────────────────────────────────────────────────────────────────────────────────────────────────────────────────────────────────────────────────────────────────── ,ggggggggggg, ,gggg, dP""""""88""""""""""""Y8, d8"" ""8I ,dPYb, Yb, 88 `8b 88 ,dP...",decompyle3:not_run:;pylingual:not_run:
cpython-312,data/rq3/cpython-3.12/unique_bug_pyc/cpython-312-d66de4f360b9.pyc,no_source,"# decompyle3 version 3.9.3 # Python bytecode version base 3.12.0 (3531) # Decompiled from: Python 3.12.13 (main, May 10 2026, 19:30:01) [Clang 22.1.3 ] # Embedded file name: data/rq3/cpython-3.12/unittest_seeds/raw/cpython_case_test_yiel...",exit_1,"Traceback (most recent call last): File ""/root/PyBC-Sec/pybcSEC/data/rq4/harness.py"", line 29, in <module> result = target() ^^^^^^^^ File ""data/rq3/cpython-3.12/unittest_seeds/raw/cpython_case_test_yield_from_TestPEP380Operation_test_at...",,"decompyle3:error:# decompyle3 version 3.9.3 # Python bytecode version base 3.12.0 (3531) # Decompiled from: Python 3.12.13 (main, May 10 2026, 19:30:01) [Clang 22.1.3 ] # Embedded file name: data/rq3/cpython-3.12/unittest_seeds/raw/cpython_case_test_yiel...;pylingual:error:────────────────────────────────────────────────────────────────────────────────────────────────────────────────────────────────────────────────────────────────────── ,ggggggggggg, ,gggg, dP""""""88""""""""""""Y8, d8"" ""8I ,dPYb, Yb, 88 `8b 88 ,dP...",decompyle3:not_run:;pylingual:not_run:
cpython-312,data/rq3/cpython-3.12/unique_bug_pyc/cpython-312-d752b5d731b7.pyc,no_source,"# decompyle3 version 3.9.3 # Python bytecode version base 3.12.0 (3531) # Decompiled from: Python 3.12.13 (main, May 10 2026, 19:30:01) [Clang 22.1.3 ] # Embedded file name: data/rq3/cpython-3.12/unit gst_seeds/raw/cpython_case_test_stri...",crash,signal_11:,,"decompyle3:error:# decompyle3 version 3.9.3 # Python bytecode version base 3.12.0 (3531) # Decompiled from: Python 3.12.13 (main, May 10 2026, 19:30:01) [Clang 22.1.3 ] # Embedded file name: data/rq3/cpython-3.12/unit gst_seeds/raw/cpython_case_test_stri...;pylingual:error:────────────────────────────────────────────────────────────────────────────────────────────────────────────────────────────────────────────────────────────────────── ,ggggggggggg, ,gggg, dP""""""88""""""""""""Y8, d8"" ""8I ,dPYb, Yb, 88 `8b 88 ,dP...",decompyle3:not_run:;pylingual:not_run:
cpython-312,data/rq3/cpython-3.12/unique_bug_pyc/cpython-312-d8774eaf0062.pyc,no_source,"# decompyle3 version 3.9.3 # Python bytecode version base 3.12.0 (3531) # Decompiled from: Python 3.12.13 (main, May 10 2026, 19:30:01) [Clang 22.1.3 ] # Embedded file name: data/rq3/cpython-3.12/unittest_seeds/raw/cpython_case_test_mail...",crash,signal_11:,,"decompyle3:error:# decompyle3 version 3.9.3 # Python bytecode version base 3.12.0 (3531) # Decompiled from: Python 3.12.13 (main, May 10 2026, 19:30:01) [Clang 22.1.3 ] # Embedded file name: data/rq3/cpython-3.12/unittest_seeds/raw/cpython_case_test_mail...;pylingual:error:────────────────────────────────────────────────────────────────────────────────────────────────────────────────────────────────────────────────────────────────────── ,ggggggggggg, ,gggg, dP""""""88""""""""""""Y8, d8"" ""8I ,dPYb, Yb, 88 `8b 88 ,dP...",decompyle3:not_run:;pylingual:not_run:
cpython-312,data/rq3/cpython-3.12/unique_bug_pyc/cpython-312-dbea1374d809.pyc,no_source,"# decompyle3 version 3.9.3 # Python bytecode version base 3.12.0 (3531) # Decompiled from: Python 3.12.13 (main, May 10 2026, 19:30:01) [Clang 22.1.3 ] # Embedded file name: data/rq3/cpython-3.12/unittest_seeds/raw/cpython_case_test_ntpa...",crash,"signal_11:Traceback (most recent call last): File ""/root/PyBC-Sec/pybcSEC/data/rq4/harness.py"", line 29, in <module> result = target() ^^^^^^^^ File ""data/rq3/cpython-3.12/unittest_seeds/raw/cpython_case_test_ntpath_TestNtpath_test_commonpath.py"",...",,"decompyle3:error:# decompyle3 version 3.9.3 # Python bytecode version base 3.12.0 (3531) # Decompiled from: Python 3.12.13 (main, May 10 2026, 19:30:01) [Clang 22.1.3 ] # Embedded file name: data/rq3/cpython-3.12/unittest_seeds/raw/cpython_case_test_ntpa...;pylingual:error:────────────────────────────────────────────────────────────────────────────────────────────────────────────────────────────────────────────────────────────────────── ,ggggggggggg, ,gggg, dP""""""88""""""""""""Y8, d8"" ""8I ,dPYb, Yb, 88 `8b 88 ,dP...",decompyle3:not_run:;pylingual:not_run:
cpython-312,data/rq3/cpython-3.12/unique_bug_pyc/cpython-312-dbf10d647779.pyc,no_source,"# decompyle3 version 3.9.3 # Python bytecode version base 3.12.0 (3531) # Decompiled from: Python 3.12.13 (main, May 10 2026, 19:30:01) [Clang 22.1.3 ] # Embedded file name: data/rq3/cpython-3.12/unittest_seeds/raw/cpython_case_test_yiel...",exit_1,"Traceback (most recent call last): File ""/root/PyBC-Sec/pybcSEC/data/rq4/harness.py"", line 29, in <module> result = target() ^^^^^^^^ File ""data/rq3/cpython-3.12/unittest_seeds/raw/cpython_case_test_yield_from_TestPEP380Operation_test_th...",,"decompyle3:error:# decompyle3 version 3.9.3 # Python bytecode version base 3.12.0 (3531) # Decompiled from: Python 3.12.13 (main, May 10 2026, 19:30:01) [Clang 22.1.3 ] # Embedded file name: data/rq3/cpython-3.12/unittest_seeds/raw/cpython_case_test_yiel...;pylingual:error:────────────────────────────────────────────────────────────────────────────────────────────────────────────────────────────────────────────────────────────────────── ,ggggggggggg, ,gggg, dP""""""88""""""""""""Y8, d8"" ""8I ,dPYb, Yb, 88 `8b 88 ,dP...",decompyle3:not_run:;pylingual:not_run:
cpython-312,data/rq3/cpython-3.12/unique_bug_pyc/cpython-312-e2073aa608af.pyc,no_source,"# decompyle3 version 3.9.3 # Python bytecode version base 3.12.0 (3531) # Decompiled from: Python 3.12.13 (main, May 10 2026, 19:30:01) [Clang 22.1.3 ] # Embedded file name: data/rq3/cpython-3.12/unittest_seeds/raw/cpython_case_test_regr...",crash,signal_11:,,"decompyle3:error:# decompyle3 version 3.9.3 # Python bytecode version base 3.12.0 (3531) # Decompiled from: Python 3.12.13 (main, May 10 2026, 19:30:01) [Clang 22.1.3 ] # Embedded file name: data/rq3/cpython-3.12/unittest_seeds/raw/cpython_case_test_regr...;pylingual:error:────────────────────────────────────────────────────────────────────────────────────────────────────────────────────────────────────────────────────────────────────── ,ggggggggggg, ,gggg, dP""""""88""""""""""""Y8, d8"" ""8I ,dPYb, Yb, 88 `8b 88 ,dP...",decompyle3:not_run:;pylingual:not_run:
cpython-312,data/rq3/cpython-3.12/unique_bug_pyc/cpython-312-e43736dd9948.pyc,no_source,"# decompyle3 version 3.9.3 # Python bytecode version base 3.12.0 (3531) # Decompiled from: Python 3.12.13 (main, May 10 2026, 19:30:01) [Clang 22.1.3 ] # Embedded file name: data/rq3/cpython-3.12/unittest_seeds/raw/cpython_case_test_stat...",exit_1,"Traceback (most recent call last): File ""/root/PyBC-Sec/pybcSEC/data/rq4/harness.py"", line 29, in <module> result = target() ^^^^^^^^ File ""data/rq3/cpython-3.12/unittest_seeds/raw/cpython_case_test_statistics_TestHarmonicMean_test_singl...",,"decompyle3:error:# decompyle3 version 3.9.3 # Python bytecode version base 3.12.0 (3531) # Decompiled from: Python 3.12.13 (main, May 10 2026, 19:30:01) [Clang 22.1.3 ] # Embedded file name: data/rq3/cpython-3.12/unittest_seeds/raw/cpython_case_test_stat...;pylingual:error:────────────────────────────────────────────────────────────────────────────────────────────────────────────────────────────────────────────────────────────────────── ,ggggggggggg, ,gggg, dP""""""88""""""""""""Y8, d8"" ""8I ,dPYb, Yb, 88 `8b 88 ,dP...",decompyle3:not_run:;pylingual:not_run:
cpython-312,data/rq3/cpython-3.12/unique_bug_pyc/cpython-312-e4a9f9ef474f.pyc,no_source,"# decompyle3 version 3.9.3 # Python bytecode version base 3.12.0 (3531) # Decompiled from: Python 3.12.13 (main, May 10 2026, 19:30:01) [Clang 22.1.3 ] # Embedded file name: data/rq3/cpython-3.12/unittest_seeds/raw/cpython_case_test_unic...",crash,signal_11:,,"decompyle3:error:# decompyle3 version 3.9.3 # Python bytecode version base 3.12.0 (3531) # Decompiled from: Python 3.12.13 (main, May 10 2026, 19:30:01) [Clang 22.1.3 ] # Embedded file name: data/rq3/cpython-3.12/unittest_seeds/raw/cpython_case_test_unic...;pylingual:error:────────────────────────────────────────────────────────────────────────────────────────────────────────────────────────────────────────────────────────────────────── ,ggggggggggg, ,gggg, dP""""""88""""""""""""Y8, d8"" ""8I ,dPYb, Yb, 88 `8b 88 ,dP...",decompyle3:not_run:;pylingual:not_run:
cpython-312,data/rq3/cpython-3.12/unique_bug_pyc/cpython-312-e97d60eb216d.pyc,no_source,"# decompyle3 version 3.9.3 # Python bytecode version base 3.12.0 (3531) # Decompiled from: Python 3.12.13 (main, May 10 2026, 19:30:01) [Clang 22.1.3 ] # Embedded file name: data/rq3/cpython-3.12/unittest_seeds/raw/cpython_case_test_r Ë...",crash,"signal_11:Traceback (most recent call last): File ""/root/PyBC-Sec/pybcSEC/data/rq4/harness.py"", line 26, in <module> exec(code, namespace, namespace) File ""data/rq3/cpython-3.12/unittest_seeds/raw/cpython_case_test_r Ë\\0\\0\\0 dtContext_test_reraise_c...",,"decompyle3:error:# decompyle3 version 3.9.3 # Python bytecode version base 3.12.0 (3531) # Decompiled from: Python 3.12.13 (main, May 10 2026, 19:30:01) [Clang 22.1.3 ] # Embedded file name: data/rq3/cpython-3.12/unittest_seeds/raw/cpython_case_test_r Ë...;pylingual:error:────────────────────────────────────────────────────────────────────────────────────────────────────────────────────────────────────────────────────────────────────── ,ggggggggggg, ,gggg, dP""""""88""""""""""""Y8, d8"" ""8I ,dPYb, Yb, 88 `8b 88 ,dP...",decompyle3:not_run:;pylingual:not_run:
cpython-312,data/rq3/cpython-3.12/unique_bug_pyc/cpython-312-eac274e6a508.pyc,no_source,"# decompyle3 version 3.9.3 # Python bytecode version base 3.12.0 (3531) # Decompiled from: Python 3.12.13 (main, May 10 2026, 19:30:01) [Clang 22.1.3 ] # Embedded file name: data/rq3/cpython-3.12/unittest_seeds/raw/cpython_case_test_copy...",exit_1,"Traceback (most recent call last): File ""/root/PyBC-Sec/pybcSEC/data/rq4/harness.py"", line 26, in <module> exec(code, namespace, namespace) File ""data/rq3/cpython-3.12/unittest_seeds/raw/cpython_case_test_copy_TestCopy_test_copy_function...",,"decompyle3:error:# decompyle3 version 3.9.3 # Python bytecode version base 3.12.0 (3531) # Decompiled from: Python 3.12.13 (main, May 10 2026, 19:30:01) [Clang 22.1.3 ] # Embedded file name: data/rq3/cpython-3.12/unittest_seeds/raw/cpython_case_test_copy...;pylingual:error:────────────────────────────────────────────────────────────────────────────────────────────────────────────────────────────────────────────────────────────────────── ,ggggggggggg, ,gggg, dP""""""88""""""""""""Y8, d8"" ""8I ,dPYb, Yb, 88 `8b 88 ,dP...",decompyle3:not_run:;pylingual:not_run:
cpython-312,data/rq3/cpython-3.12/unique_bug_pyc/cpython-312-eb465edbe9f6.pyc,no_source,"# decompyle3 version 3.9.3 # Python bytecode version base 3.12.0 (3531) # Decompiled from: Python 3.12.13 (main, May 10 2026, 19:30:01) [Clang 22.1.3 ] # Embedded file name: data/rq3/cpython-3.12/unittest_seeds/raw/cpython_case_test_io_I...",crash,signal_11:,,"decompyle3:error:# decompyle3 version 3.9.3 # Python bytecode version base 3.12.0 (3531) # Decompiled from: Python 3.12.13 (main, May 10 2026, 19:30:01) [Clang 22.1.3 ] # Embedded file name: data/rq3/cpython-3.12/unittest_seeds/raw/cpython_case_test_io_I...;pylingual:error:────────────────────────────────────────────────────────────────────────────────────────────────────────────────────────────────────────────────────────────────────── ,ggggggggggg, ,gggg, dP""""""88""""""""""""Y8, d8"" ""8I ,dPYb, Yb, 88 `8b 88 ,dP...",decompyle3:not_run:;pylingual:not_run:
cpython-312,data/rq3/cpython-3.12/unique_bug_pyc/cpython-312-eb581a73e180.pyc,no_source,"# decompyle3 version 3.9.3 # Python bytecode version base 3.12.0 (3531) # Decompiled from: Python 3.12.13 (main, May 10 2026, 19:30:01) [Clang 22.1.3 ] # Embedded file name: data/rq3/cpython-3.12/unittest_seeds/raw/cpython_case_test_byte...",crash,signal_6:malloc(): invalid size (unsorted),,"decompyle3:error:# decompyle3 version 3.9.3 # Python bytecode version base 3.12.0 (3531) # Decompiled from: Python 3.12.13 (main, May 10 2026, 19:30:01) [Clang 22.1.3 ] # Embedded file name: data/rq3/cpython-3.12/unittest_seeds/raw/cpython_case_test_byte...;pylingual:exit_-6:malloc(): invalid size (unsorted)",decompyle3:not_run:;pylingual:not_run:
cpython-312,data/rq3/cpython-3.12/unique_bug_pyc/cpython-312-ec12a090e51e.pyc,no_source,"# decompyle3 version 3.9.3 # Python bytecode version base 3.12.0 (3531) # Decompiled from: Python 3.12.13 (main, May 10 2026, 19:30:01) [Clang 22.1.3 ] # Embedded file name: data/rq3/cpython-3.12/unittest_seeds/raw/cpython_case_test_stat...",crash,signal_11:,,"decompyle3:error:# decompyle3 version 3.9.3 # Python bytecode version base 3.12.0 (3531) # Decompiled from: Python 3.12.13 (main, May 10 2026, 19:30:01) [Clang 22.1.3 ] # Embedded file name: data/rq3/cpython-3.12/unittest_seeds/raw/cpython_case_test_stat...;pylingual:error:────────────────────────────────────────────────────────────────────────────────────────────────────────────────────────────────────────────────────────────────────── ,ggggggggggg, ,gggg, dP""""""88""""""""""""Y8, d8"" ""8I ,dPYb, Yb, 88 `8b 88 ,dP...",decompyle3:not_run:;pylingual:not_run:
cpython-312,data/rq3/cpython-3.12/unique_bug_pyc/cpython-312-edd1a7874fc7.pyc,no_source,"# decompyle3 version 3.9.3 # Python bytecode version base 3.12.0 (3531) # Decompiled from: Python 3.12.13 (main, May 10 2026, 19:30:01) [Clang 22.1.3 ] # Embedded file name: data/rq3/cpython-3.12/unittest_seeds/raw/cpython_case_test_asyn...",exit_1,"Traceback (most recent call last): File ""/root/PyBC-Sec/pybcSEC/data/rq4/harness.py"", line 29, in <module> result = target() ^^^^^^^^ File ""data/rq3/cpython-3.12/unittest_seeds/raw/cpython_case_test_asyncgen_AsyncGenTest_test_async_gen_a...",,"decompyle3:error:# decompyle3 version 3.9.3 # Python bytecode version base 3.12.0 (3531) # Decompiled from: Python 3.12.13 (main, May 10 2026, 19:30:01) [Clang 22.1.3 ] # Embedded file name: data/rq3/cpython-3.12/unittest_seeds/raw/cpython_case_test_asyn...;pylingual:error:────────────────────────────────────────────────────────────────────────────────────────────────────────────────────────────────────────────────────────────────────── ,ggggggggggg, ,gggg, dP""""""88""""""""""""Y8, d8"" ""8I ,dPYb, Yb, 88 `8b 88 ,dP...",decompyle3:not_run:;pylingual:not_run:
cpython-312,data/rq3/cpython-3.12/unique_bug_pyc/cpython-312-f022b97452d4.pyc,no_source,"# decompyle3 version 3.9.3 # Python bytecode version base 3.12.0 (3531) # Decompiled from: Python 3.12.13 (main, May 10 2026, 19:30:01) [Clang 22.1.3 ] # Embedded file name: data/rq3/cpython-3.12/unittest_seeds/raw/cpython_case_test_grap...",crash,signal_11:,,"decompyle3:error:# decompyle3 version 3.9.3 # Python bytecode version base 3.12.0 (3531) # Decompiled from: Python 3.12.13 (main, May 10 2026, 19:30:01) [Clang 22.1.3 ] # Embedded file name: data/rq3/cpython-3.12/unittest_seeds/raw/cpython_case_test_grap...;pylingual:error:────────────────────────────────────────────────────────────────────────────────────────────────────────────────────────────────────────────────────────────────────── ,ggggggggggg, ,gggg, dP""""""88""""""""""""Y8, d8"" ""8I ,dPYb, Yb, 88 `8b 88 ,dP...",decompyle3:not_run:;pylingual:not_run:
cpython-312,data/rq3/cpython-3.12/unique_bug_pyc/cpython-312-f07027baee13.pyc,no_source,/root/PyBC-Sec/pybcSEC/data/rq2/envs/cpython-312/lib/python3.12/site-packages/click/core.py:1262: UserWarning: The parameter --version is used more than once. Remove its duplicate as parameters should be unique. parser = self.make_parser...,exit_1,"Traceback (most recent call last): File ""/root/PyBC-Sec/pybcSEC/data/rq4/harness.py"", line 29, in <module> result = target() ^^^^^^^^ File ""data/rq3/cpython-3.12/unittest_seeds/raw/cpython_case_test_statistics_FailNegTest_test_error_msg....",,"decompyle3:exit_2:/root/PyBC-Sec/pybcSEC/data/rq2/envs/cpython-312/lib/python3.12/site-packages/click/core.py:1262: UserWarning: The parameter --version is used more than once. Remove its duplicate as parameters should be unique. parser = self.make_parser...;pylingual:error:────────────────────────────────────────────────────────────────────────────────────────────────────────────────────────────────────────────────────────────────────── ,ggggggggggg, ,gggg, dP""""""88""""""""""""Y8, d8"" ""8I ,dPYb, Yb, 88 `8b 88 ,dP...",decompyle3:not_run:;pylingual:not_run:
cpython-312,data/rq3/cpython-3.12/unique_bug_pyc/cpython-312-f19faa9c04a1.pyc,no_source,"# decompyle3 version 3.9.3 # Python bytecode version base 3.12.0 (3531) # Decompiled from: Python 3.12.13 (main, May 10 2026, 19:30:01) [Clang 22.1.3 ] # Embedded file name: data/rq3/cpython-3.12/unittest_seeds/raw/cpython_case_test_comp...",exit_1,"Traceback (most recent call last): File ""/root/PyBC-Sec/pybcSEC/data/rq4/harness.py"", line 29, in <module> result = target() ^^^^^^^^ File ""data/rq3/cpython-3.12/unittest_seeds/raw/cpython_case_test_complex_ComplexTest_test_richcompare_b...",,"decompyle3:error:# decompyle3 version 3.9.3 # Python bytecode version base 3.12.0 (3531) # Decompiled from: Python 3.12.13 (main, May 10 2026, 19:30:01) [Clang 22.1.3 ] # Embedded file name: data/rq3/cpython-3.12/unittest_seeds/raw/cpython_case_test_comp...;pylingual:error:────────────────────────────────────────────────────────────────────────────────────────────────────────────────────────────────────────────────────────────────────── ,ggggggggggg, ,gggg, dP""""""88""""""""""""Y8, d8"" ""8I ,dPYb, Yb, 88 `8b 88 ,dP...",decompyle3:not_run:;pylingual:not_run:
cpython-312,data/rq3/cpython-3.12/unique_bug_pyc/cpython-312-f9b6093b8e2e.pyc,no_source,"# decompyle3 version 3.9.3 # Python bytecode version base 3.12.0 (3531) # Decompiled from: Python 3.12.13 (main, May 10 2026, 19:30:01) [Clang 22.1.3 ] # Embedded file name: data/rq3/cpython-3.12/unittesp_seeds/raw/cpython_case_test_exce...",crash,signal_11:,,"decompyle3:error:# decompyle3 version 3.9.3 # Python bytecode version base 3.12.0 (3531) # Decompiled from: Python 3.12.13 (main, May 10 2026, 19:30:01) [Clang 22.1.3 ] # Embedded file name: data/rq3/cpython-3.12/unittesp_seeds/raw/cpython_case_test_exce...;pylingual:error:────────────────────────────────────────────────────────────────────────────────────────────────────────────────────────────────────────────────────────────────────── ,ggggggggggg, ,gggg, dP""""""88""""""""""""Y8, d8"" ""8I ,dPYb, Yb, 88 `8b 88 ,dP...",decompyle3:not_run:;pylingual:not_run:
cpython-312,data/rq3/cpython-3.12/unique_bug_pyc/cpython-312-fb227b2c7d93.pyc,no_source,"# decompyle3 version 3.9.3 # Python bytecode version base 3.12.0 (3531) # Decompiled from: Python 3.12.13 (main, May 10 2026, 19:30:01) [Clang 22.1.3 ] # Embedded file name: data/rq3/cpython-3.12/unittest_seeds/raw/cpython_case_test_inte...",crash,signal_11:,,"decompyle3:error:# decompyle3 version 3.9.3 # Python bytecode version base 3.12.0 (3531) # Decompiled from: Python 3.12.13 (main, May 10 2026, 19:30:01) [Clang 22.1.3 ] # Embedded file name: data/rq3/cpython-3.12/unittest_seeds/raw/cpython_case_test_inte...;pylingual:error:────────────────────────────────────────────────────────────────────────────────────────────────────────────────────────────────────────────────────────────────────── ,ggggggggggg, ,gggg, dP""""""88""""""""""""Y8, d8"" ""8I ,dPYb, Yb, 88 `8b 88 ,dP...",decompyle3:not_run:;pylingual:not_run:
cpython-312,data/rq3/cpython-3.12/unique_bug_pyc/cpython-312-fc8c85bdf3bc.pyc,no_source,"# decompyle3 version 3.9.3 # Python bytecode version base 3.12.0 (3531) # Decompiled from: Python 3.12.13 (main, May 10 2026, 19:30:01) [Clang 22.1.3 ] # Embedded file name: data/rq3/cpython-3.12/unittest_seeds/raw/cpython_case_test_buff...",crash,signal_11:,,"decompyle3:error:# decompyle3 version 3.9.3 # Python bytecode version base 3.12.0 (3531) # Decompiled from: Python 3.12.13 (main, May 10 2026, 19:30:01) [Clang 22.1.3 ] # Embedded file name: data/rq3/cpython-3.12/unittest_seeds/raw/cpython_case_test_buff...;pylingual:error:────────────────────────────────────────────────────────────────────────────────────────────────────────────────────────────────────────────────────────────────────── ,ggggggggggg, ,gggg, dP""""""88""""""""""""Y8, d8"" ""8I ,dPYb, Yb, 88 `8b 88 ,dP...",decompyle3:not_run:;pylingual:not_run:
cpython-312,data/rq3/cpython-3.12/unique_bug_pyc/cpython-312-fc8d3aa101b8.pyc,no_source,"# decompyle3 version 3.9.3 # Python bytecode version base 3.12.0 (3531) # Decompiled from: Python 3.12.13 (main, May 10 2026, 19:30:01) [Clang 22.1.3 ] # Embedded file name: data/rq3/cpyuE¡n-3.12/unittest_seeds/raw/cpython_case_test_set_...",crash,signal_11:,,"decompyle3:error:# decompyle3 version 3.9.3 # Python bytecode version base 3.12.0 (3531) # Decompiled from: Python 3.12.13 (main, May 10 2026, 19:30:01) [Clang 22.1.3 ] # Embedded file name: data/rq3/cpyuE¡n-3.12/unittest_seeds/raw/cpython_case_test_set_...;pylingual:error:────────────────────────────────────────────────────────────────────────────────────────────────────────────────────────────────────────────────────────────────────── ,ggggggggggg, ,gggg, dP""""""88""""""""""""Y8, d8"" ""8I ,dPYb, Yb, 88 `8b 88 ,dP...",decompyle3:not_run:;pylingual:not_run:
cpython-313,data/rq3/cpython-3.13/unique_bug_pyc/cpython-313-0296d5540aa6.pyc,no_source,"# decompyle3 version 3.9.3 # Python bytecode version base 3.13.0 (3571) # Decompiled from: Python 3.13.13 (main, May 10 2026, 19:26:54) [Clang 22.1.3 ] # Embedded file name: data/rq3/cpython-3.13/unittest_seeds/raw/cpython_case_test_base...",crash,"signal_6:Fatal Python error: _PyEval_EvalFrameDefault: Executing a cache. Python runtime state: initialized Current thread 0x00007f5e30e56740 (most recent call first): File ""data/rq3/cpython-3.13/unittest_seeds/raw/cpython_case_test_baseexception...",,"decompyle3:error:# decompyle3 version 3.9.3 # Python bytecode version base 3.13.0 (3571) # Decompiled from: Python 3.13.13 (main, May 10 2026, 19:26:54) [Clang 22.1.3 ] # Embedded file name: data/rq3/cpython-3.13/unittest_seeds/raw/cpython_case_test_base...;pylingual:error:────────────────────────────────────────────────────────────────────────────────────────────────────────────────────────────────────────────────────────────────────── ,ggggggggggg, ,gggg, dP""""""88""""""""""""Y8, d8"" ""8I ,dPYb, Yb, 88 `8b 88 ,dP...",decompyle3:not_run:;pylingual:not_run:
cpython-313,data/rq3/cpython-3.13/unique_bug_pyc/cpython-313-04fd729b9cb7.pyc,no_source,"# decompyle3 version 3.9.3 # Python bytecode version base 3.13.0 (3571) # Decompiled from: Python 3.13.13 (main, May 10 2026, 19:26:54) [Clang 22.1.3 ] # Embedded file name: data/rq3/cpython-3.13/unittest_seeds/raw/cpython_case_test_regr...",exit_1,"Traceback (most recent call last): File ""/root/PyBC-Sec/pybcSEC/data/rq4/harness.py"", line 29, in <module> result = target() File ""data/rq3/cpython-3.13/unittest_seeds/raw/cpython_case_test_regrtest_ArgsTestCase_test_rerun_setup_module_h...",,"decompyle3:error:# decompyle3 version 3.9.3 # Python bytecode version base 3.13.0 (3571) # Decompiled from: Python 3.13.13 (main, May 10 2026, 19:26:54) [Clang 22.1.3 ] # Embedded file name: data/rq3/cpython-3.13/unittest_seeds/raw/cpython_case_test_regr...;pylingual:error:────────────────────────────────────────────────────────────────────────────────────────────────────────────────────────────────────────────────────────────────────── ,ggggggggggg, ,gggg, dP""""""88""""""""""""Y8, d8"" ""8I ,dPYb, Yb, 88 `8b 88 ,dP...",decompyle3:not_run:;pylingual:not_run:
cpython-313,data/rq3/cpython-3.13/unique_bug_pyc/cpython-313-064550af3ad2.pyc,no_source,"# decompyle3 version 3.9.3 # Python bytecode version base 3.13.0 (3571) # Decompiled from: Python 3.13.13 (main, May 10 2026, 19:26:54) [Clang 22.1.3 ] # Embedded file name: data/rq3/cpython-3.13/unittest_seeds/raw/cpython_case_test_yiel...",crash,signal_11:,,"decompyle3:error:# decompyle3 version 3.9.3 # Python bytecode version base 3.13.0 (3571) # Decompiled from: Python 3.13.13 (main, May 10 2026, 19:26:54) [Clang 22.1.3 ] # Embedded file name: data/rq3/cpython-3.13/unittest_seeds/raw/cpython_case_test_yiel...;pylingual:error:────────────────────────────────────────────────────────────────────────────────────────────────────────────────────────────────────────────────────────────────────── ,ggggggggggg, ,gggg, dP""""""88""""""""""""Y8, d8"" ""8I ,dPYb, Yb, 88 `8b 88 ,dP...",decompyle3:not_run:;pylingual:not_run:
cpython-313,data/rq3/cpython-3.13/unique_bug_pyc/cpython-313-080cabb04450.pyc,no_source,"# decompyle3 version 3.9.3 # Python bytecode version base 3.13.0 (3571) # Decompiled from: Python 3.13.13 (main, May 10 2026, 19:26:54) [Clang 22.1.3 ] # Embedded file name: data/rq3/cpython-3.13/unittest_seeds/raw/cpython_case_test_stat...",crash,signal_11:,,"decompyle3:error:# decompyle3 version 3.9.3 # Python bytecode version base 3.13.0 (3571) # Decompiled from: Python 3.13.13 (main, May 10 2026, 19:26:54) [Clang 22.1.3 ] # Embedded file name: data/rq3/cpython-3.13/unittest_seeds/raw/cpython_case_test_stat...;pylingual:error:────────────────────────────────────────────────────────────────────────────────────────────────────────────────────────────────────────────────────────────────────── ,ggggggggggg, ,gggg, dP""""""88""""""""""""Y8, d8"" ""8I ,dPYb, Yb, 88 `8b 88 ,dP...",decompyle3:not_run:;pylingual:not_run:
cpython-313,data/rq3/cpython-3.13/unique_bug_pyc/cpython-313-089a998b290e.pyc,no_source,/root/PyBC-Sec/pybcSEC/data/rq2/envs/cpython-313/lib/python3.13/site-packages/click/core.py:1262: UserWarning: The parameter --version is used more than once. Remove its duplicate as parameters should be unique. parser = self.make_parser...,crash,signal_11:,,"decompyle3:exit_-11:/root/PyBC-Sec/pybcSEC/data/rq2/envs/cpython-313/lib/python3.13/site-packages/click/core.py:1262: UserWarning: The parameter --version is used more than once. Remove its duplicate as parameters should be unique. parser = self.make_parser...;pylingual:error:────────────────────────────────────────────────────────────────────────────────────────────────────────────────────────────────────────────────────────────────────── ,ggggggggggg, ,gggg, dP""""""88""""""""""""Y8, d8"" ""8I ,dPYb, Yb, 88 `8b 88 ,dP...",decompyle3:not_run:;pylingual:not_run:
cpython-313,data/rq3/cpython-3.13/unique_bug_pyc/cpython-313-09ce446b26dd.pyc,no_source,"# decompyle3 version 3.9.3 # Python bytecode version base 3.13.0 (3571) # Decompiled from: Python 3.13.13 (main, May 10 2026, 19:26:54) [Clang 22.1.3 ] # Embedded file name: data/rq3/cpython-3.13/unittest_seeds/raw/cpython_case_test_mult...",crash,signal_11:,,"decompyle3:error:# decompyle3 version 3.9.3 # Python bytecode version base 3.13.0 (3571) # Decompiled from: Python 3.13.13 (main, May 10 2026, 19:26:54) [Clang 22.1.3 ] # Embedded file name: data/rq3/cpython-3.13/unittest_seeds/raw/cpython_case_test_mult...;pylingual:error:────────────────────────────────────────────────────────────────────────────────────────────────────────────────────────────────────────────────────────────────────── ,ggggggggggg, ,gggg, dP""""""88""""""""""""Y8, d8"" ""8I ,dPYb, Yb, 88 `8b 88 ,dP...",decompyle3:not_run:;pylingual:not_run:
cpython-313,data/rq3/cpython-3.13/unique_bug_pyc/cpython-313-0b677fda01d1.pyc,unconfirmed,original bytecode status ok:,ok,,,"decompyle3:error:# decompyle3 version 3.9.3 # Python bytecode version base 3.13.0 (3571) # Decompiled from: Python 3.13.13 (main, May 10 2026, 19:26:54) [Clang 22.1.3 ] # Embedded file name: data/rq3/cpython-3.13/unittest_seeds/raw/cpython_case_test_sax_...;pylingual:error:────────────────────────────────────────────────────────────────────────────────────────────────────────────────────────────────────────────────────────────────────── ,ggggggggggg, ,gggg, dP""""""88""""""""""""Y8, d8"" ""8I ,dPYb, Yb, 88 `8b 88 ,dP...",decompyle3:not_run:;pylingual:not_run:
cpython-313,data/rq3/cpython-3.13/unique_bug_pyc/cpython-313-0b9d64aedcf2.pyc,no_source,"# decompyle3 version 3.9.3 # Python bytecode version base 3.13.0 (3571) # Decompiled from: Python 3.13.13 (main, May 10 2026, 19:26:54) [Clang 22.1.3 ] # Embedded file name: data/rq3/cpython-3.13/unittest_seeds/raw/cpython_case_test_desc...",crash,signal_11:,,"decompyle3:error:# decompyle3 version 3.9.3 # Python bytecode version base 3.13.0 (3571) # Decompiled from: Python 3.13.13 (main, May 10 2026, 19:26:54) [Clang 22.1.3 ] # Embedded file name: data/rq3/cpython-3.13/unittest_seeds/raw/cpython_case_test_desc...;pylingual:error:────────────────────────────────────────────────────────────────────────────────────────────────────────────────────────────────────────────────────────────────────── ,ggggggggggg, ,gggg, dP""""""88""""""""""""Y8, d8"" ""8I ,dPYb, Yb, 88 `8b 88 ,dP...",decompyle3:not_run:;pylingual:not_run:
cpython-313,data/rq3/cpython-3.13/unique_bug_pyc/cpython-313-0be9d440bc4b.pyc,no_source,"# decompyle3 version 3.9.3 # Python bytecode version base 3.13.0 (3571) # Decompiled from: Python 3.13.13 (main, May 10 2026, 19:26:54) [Clang 22.1.3 ] # Embedded file name: data/rq3/cpython-3.13/unittest_seeds/raw/cpython_case_test_http...",crash,signal_11:,,"decompyle3:error:# decompyle3 version 3.9.3 # Python bytecode version base 3.13.0 (3571) # Decompiled from: Python 3.13.13 (main, May 10 2026, 19:26:54) [Clang 22.1.3 ] # Embedded file name: data/rq3/cpython-3.13/unittest_seeds/raw/cpython_case_test_http...;pylingual:error:────────────────────────────────────────────────────────────────────────────────────────────────────────────────────────────────────────────────────────────────────── ,ggggggggggg, ,gggg, dP""""""88""""""""""""Y8, d8"" ""8I ,dPYb, Yb, 88 `8b 88 ,dP...",decompyle3:not_run:;pylingual:not_run:
cpython-313,data/rq3/cpython-3.13/unique_bug_pyc/cpython-313-0c5604bfa3f9.pyc,no_source,"# decompyle3 version 3.9.3 # Python bytecode version base 3.13.0 (3571) # Decompiled from: Python 3.13.13 (main, May 10 2026, 19:26:54) [Clang 22.1.3 ] # Embedded file name: data/rq3/cpython-3.13/unittest_seeds/raw/cpython_case_test_wave...",crash,signal_11:,,"decompyle3:error:# decompyle3 version 3.9.3 # Python bytecode version base 3.13.0 (3571) # Decompiled from: Python 3.13.13 (main, May 10 2026, 19:26:54) [Clang 22.1.3 ] # Embedded file name: data/rq3/cpython-3.13/unittest_seeds/raw/cpython_case_test_wave...;pylingual:error:────────────────────────────────────────────────────────────────────────────────────────────────────────────────────────────────────────────────────────────────────── ,ggggggggggg, ,gggg, dP""""""88""""""""""""Y8, d8"" ""8I ,dPYb, Yb, 88 `8b 88 ,dP...",decompyle3:not_run:;pylingual:not_run:
cpython-313,data/rq3/cpython-3.13/unique_bug_pyc/cpython-313-0c8effed2f6d.pyc,no_source,"# decompyle3 version 3.9.3 # Python bytecode version base 3.13.0 (3571) # Decompiled from: Python 3.13.13 (main, May 10 2026, 19:26:54) [Clang 22.1.3 ] # Embedded file name: data/rq3/cpython-3.13/unittest_seeds/raw/cpython_case_test_comp...",crash,signal_11:,,"decompyle3:error:# decompyle3 version 3.9.3 # Python bytecode version base 3.13.0 (3571) # Decompiled from: Python 3.13.13 (main, May 10 2026, 19:26:54) [Clang 22.1.3 ] # Embedded file name: data/rq3/cpython-3.13/unittest_seeds/raw/cpython_case_test_comp...;pylingual:error:────────────────────────────────────────────────────────────────────────────────────────────────────────────────────────────────────────────────────────────────────── ,ggggggggggg, ,gggg, dP""""""88""""""""""""Y8, d8"" ""8I ,dPYb, Yb, 88 `8b 88 ,dP...",decompyle3:not_run:;pylingual:not_run:
cpython-313,data/rq3/cpython-3.13/unique_bug_pyc/cpython-313-0d4921d46dd5.pyc,no_source,"# decompyle3 version 3.9.3 # Python bytecode version base 3.13.0 (3571) # Decompiled from: Python 3.13.13 (main, May 10 2026, 19:26:54) [Clang 22.1.3 ] # Embedded file name: data/rq3/cpython-3.13/unittest_seeds/raw/cpython_case_test_prin...",crash,signal_11:,,"decompyle3:error:# decompyle3 version 3.9.3 # Python bytecode version base 3.13.0 (3571) # Decompiled from: Python 3.13.13 (main, May 10 2026, 19:26:54) [Clang 22.1.3 ] # Embedded file name: data/rq3/cpython-3.13/unittest_seeds/raw/cpython_case_test_prin...;pylingual:error:────────────────────────────────────────────────────────────────────────────────────────────────────────────────────────────────────────────────────────────────────── ,ggggggggggg, ,gggg, dP""""""88""""""""""""Y8, d8"" ""8I ,dPYb, Yb, 88 `8b 88 ,dP...",decompyle3:not_run:;pylingual:not_run:
cpython-313,data/rq3/cpython-3.13/unique_bug_pyc/cpython-313-0e46093e479d.pyc,no_source,"# decompyle3 version 3.9.3 # Python bytecode version base 3.13.0 (3571) # Decompiled from: Python 3.13.13 (main, May 10 2026, 19:26:54) [Clang 22.1.3 ] # Embedded file name: data/rq3/cpython-3.13/unittest_seeds/raw/cpython_case_test_Sour...",crash,signal_11:,,"decompyle3:error:# decompyle3 version 3.9.3 # Python bytecode version base 3.13.0 (3571) # Decompiled from: Python 3.13.13 (main, May 10 2026, 19:26:54) [Clang 22.1.3 ] # Embedded file name: data/rq3/cpython-3.13/unittest_seeds/raw/cpython_case_test_Sour...;pylingual:error:────────────────────────────────────────────────────────────────────────────────────────────────────────────────────────────────────────────────────────────────────── ,ggggggggggg, ,gggg, dP""""""88""""""""""""Y8, d8"" ""8I ,dPYb, Yb, 88 `8b 88 ,dP...",decompyle3:not_run:;pylingual:not_run:
cpython-313,data/rq3/cpython-3.13/unique_bug_pyc/cpython-313-0ef1c51abe04.pyc,no_source,"# decompyle3 version 3.9.3 # Python bytecode version base 3.13.0 (3571) # Decompiled from: Python 3.13.13 (main, May 10 2026, 19:26:54) [Clang 22.1.3 ] # Embedded file name: data/rq3/cpython-3.13/unittest_seeds/raw/cpython_case_test_argp...",crash,signal_11:,,"decompyle3:error:# decompyle3 version 3.9.3 # Python bytecode version base 3.13.0 (3571) # Decompiled from: Python 3.13.13 (main, May 10 2026, 19:26:54) [Clang 22.1.3 ] # Embedded file name: data/rq3/cpython-3.13/unittest_seeds/raw/cpython_case_test_argp...;pylingual:error:────────────────────────────────────────────────────────────────────────────────────────────────────────────────────────────────────────────────────────────────────── ,ggggggggggg, ,gggg, dP""""""88""""""""""""Y8, d8"" ""8I ,dPYb, Yb, 88 `8b 88 ,dP...",decompyle3:not_run:;pylingual:not_run:
cpython-313,data/rq3/cpython-3.13/unique_bug_pyc/cpython-313-0f0c3b71c42c.pyc,no_source,"# decompyle3 version 3.9.3 # Python bytecode version base 3.13.0 (3571) # Decompiled from: Python 3.13.13 (main, May 10 2026, 19:26:54) [Clang 22.1.3 ] # Embedded file name: data/rq3/cpython-3.13/unittest_seeds/raw/cpython_cbse_test_math...",crash,signal_11:,,"decompyle3:error:# decompyle3 version 3.9.3 # Python bytecode version base 3.13.0 (3571) # Decompiled from: Python 3.13.13 (main, May 10 2026, 19:26:54) [Clang 22.1.3 ] # Embedded file name: data/rq3/cpython-3.13/unittest_seeds/raw/cpython_cbse_test_math...;pylingual:error:────────────────────────────────────────────────────────────────────────────────────────────────────────────────────────────────────────────────────────────────────── ,ggggggggggg, ,gggg, dP""""""88""""""""""""Y8, d8"" ""8I ,dPYb, Yb, 88 `8b 88 ,dP...",decompyle3:not_run:;pylingual:not_run:
cpython-313,data/rq3/cpython-3.13/unique_bug_pyc/cpython-313-1260b331fa8d.pyc,no_source,"# decompyle3 version 3.9.3 # Python bytecode version base 3.13.0 (3571) # Decompiled from: Python 3.13.13 (main, May 10 2026, 19:26:54) [Clang 22.1.3 ] # Embedded file name: data/rq3/cpython-3.13/unittest_seeds/raw/cpython_case_test_opca...",crash,signal_11:,,"decompyle3:error:# decompyle3 version 3.9.3 # Python bytecode version base 3.13.0 (3571) # Decompiled from: Python 3.13.13 (main, May 10 2026, 19:26:54) [Clang 22.1.3 ] # Embedded file name: data/rq3/cpython-3.13/unittest_seeds/raw/cpython_case_test_opca...;pylingual:error:────────────────────────────────────────────────────────────────────────────────────────────────────────────────────────────────────────────────────────────────────── ,ggggggggggg, ,gggg, dP""""""88""""""""""""Y8, d8"" ""8I ,dPYb, Yb, 88 `8b 88 ,dP...",decompyle3:not_run:;pylingual:not_run:
cpython-313,data/rq3/cpython-3.13/unique_bug_pyc/cpython-313-14c186491f5a.pyc,no_source,"# decompyle3 version 3.9.3 # Python bytecode version base 3.13.0 (3571) # Decompiled from: Python 3.13.13 (main, May 10 2026, 19:26:54) [Clang 22.1.3 ] # Embedded file name: data/rq3/cpython-3.13/unittest_seeds/raw/cpython_case_test_dict...",crash,signal_11:,,"decompyle3:error:# decompyle3 version 3.9.3 # Python bytecode version base 3.13.0 (3571) # Decompiled from: Python 3.13.13 (main, May 10 2026, 19:26:54) [Clang 22.1.3 ] # Embedded file name: data/rq3/cpython-3.13/unittest_seeds/raw/cpython_case_test_dict...;pylingual:error:────────────────────────────────────────────────────────────────────────────────────────────────────────────────────────────────────────────────────────────────────── ,ggggggggggg, ,gggg, dP""""""88""""""""""""Y8, d8"" ""8I ,dPYb, Yb, 88 `8b 88 ,dP...",decompyle3:not_run:;pylingual:not_run:
cpython-313,data/rq3/cpython-3.13/unique_bug_pyc/cpython-313-1542741758cc.pyc,no_source,"# decompyle3 version 3.9.3 # Python bytecode version base 3.13.0 (3571) # Decompiled from: Python 3.13.13 (main, May 10 2026, 19:26:54) [Clang 22.1.3 ] # Embedded file name: data/rq3/cpython-3.13/unittest_seeds/raw/cpython_case_test_sysl...",crash,signal_11:,,"decompyle3:error:# decompyle3 version 3.9.3 # Python bytecode version base 3.13.0 (3571) # Decompiled from: Python 3.13.13 (main, May 10 2026, 19:26:54) [Clang 22.1.3 ] # Embedded file name: data/rq3/cpython-3.13/unittest_seeds/raw/cpython_case_test_sysl...;pylingual:error:────────────────────────────────────────────────────────────────────────────────────────────────────────────────────────────────────────────────────────────────────── ,ggggggggggg, ,gggg, dP""""""88""""""""""""Y8, d8"" ""8I ,dPYb, Yb, 88 `8b 88 ,dP...",decompyle3:not_run:;pylingual:not_run:
cpython-313,data/rq3/cpython-3.13/unique_bug_pyc/cpython-313-1585a92f8eaa.pyc,no_source,"# decompyle3 version 3.9.3 # Python bytecode version base 3.13.0 (3571) # Decompiled from: Python 3.13.13 (main, May 10 2026, 19:26:54) [Clang 22.1.3 ] # Embedded file name: data/rq3/cpython-3.13/unittest_seeds/raw/cpython_case_test_copy...",crash,signal_11:,,"decompyle3:error:# decompyle3 version 3.9.3 # Python bytecode version base 3.13.0 (3571) # Decompiled from: Python 3.13.13 (main, May 10 2026, 19:26:54) [Clang 22.1.3 ] # Embedded file name: data/rq3/cpython-3.13/unittest_seeds/raw/cpython_case_test_copy...;pylingual:error:────────────────────────────────────────────────────────────────────────────────────────────────────────────────────────────────────────────────────────────────────── ,ggggggggggg, ,gggg, dP""""""88""""""""""""Y8, d8"" ""8I ,dPYb, Yb, 88 `8b 88 ,dP...",decompyle3:not_run:;pylingual:not_run:
cpython-313,data/rq3/cpython-3.13/unique_bug_pyc/cpython-313-16d45aed7cdd.pyc,no_source,"# decompyle3 version 3.9.3 # Python bytecode version base 3.13.0 (3571) # Decompiled from: Python 3.13.13 (main, May 10 2026, 19:26:54) [Clang 22.1.3 ] # Embedded file name: data/rq3/cpython-3.13/unittest_seeds/raw/cpython_case_test_sax_...",crash,signal_11:,,"decompyle3:error:# decompyle3 version 3.9.3 # Python bytecode version base 3.13.0 (3571) # Decompiled from: Python 3.13.13 (main, May 10 2026, 19:26:54) [Clang 22.1.3 ] # Embedded file name: data/rq3/cpython-3.13/unittest_seeds/raw/cpython_case_test_sax_...;pylingual:error:────────────────────────────────────────────────────────────────────────────────────────────────────────────────────────────────────────────────────────────────────── ,ggggggggggg, ,gggg, dP""""""88""""""""""""Y8, d8"" ""8I ,dPYb, Yb, 88 `8b 88 ,dP...",decompyle3:not_run:;pylingual:not_run:
cpython-313,data/rq3/cpython-3.13/unique_bug_pyc/cpython-313-179bd16db932.pyc,no_source,"# decompyle3 version 3.9.3 # Python bytecode version base 3.13.0 (3571) # Decompiled from: Python 3.13.13 (main, May 10 2026, 19:26:54) [Clang 22.1.3 ] # Embedded file name: data/rq3/cpython-3.13/unittest_seeds/raw/cpython_case_test_frac...",crash,signal_11:,,"decompyle3:error:# decompyle3 version 3.9.3 # Python bytecode version base 3.13.0 (3571) # Decompiled from: Python 3.13.13 (main, May 10 2026, 19:26:54) [Clang 22.1.3 ] # Embedded file name: data/rq3/cpython-3.13/unittest_seeds/raw/cpython_case_test_frac...;pylingual:error:────────────────────────────────────────────────────────────────────────────────────────────────────────────────────────────────────────────────────────────────────── ,ggggggggggg, ,gggg, dP""""""88""""""""""""Y8, d8"" ""8I ,dPYb, Yb, 88 `8b 88 ,dP...",decompyle3:not_run:;pylingual:not_run:
cpython-313,data/rq3/cpython-3.13/unique_bug_pyc/cpython-313-18fa0fa6b111.pyc,no_source,"# decompyle3 version 3.9.3 # Python bytecode version base 3.13.0 (3571) # Decompiled from: Python 3.13.13 (main, May 10 2026, 19:26:54) [Clang 22.1.3 ] # Embedded file name: data/rq3/cpython-3.13/unittest_seeds/raw/cpython_case_test_csv_...",crash,signal_11:,,"decompyle3:error:# decompyle3 version 3.9.3 # Python bytecode version base 3.13.0 (3571) # Decompiled from: Python 3.13.13 (main, May 10 2026, 19:26:54) [Clang 22.1.3 ] # Embedded file name: data/rq3/cpython-3.13/unittest_seeds/raw/cpython_case_test_csv_...;pylingual:error:────────────────────────────────────────────────────────────────────────────────────────────────────────────────────────────────────────────────────────────────────── ,ggggggggggg, ,gggg, dP""""""88""""""""""""Y8, d8"" ""8I ,dPYb, Yb, 88 `8b 88 ,dP...",decompyle3:not_run:;pylingual:not_run:
cpython-313,data/rq3/cpython-3.13/unique_bug_pyc/cpython-313-19b59c31258b.pyc,no_source,"# decompyle3 version 3.9.3 # Python bytecode version base 3.13.0 (3571) # Decompiled from: Python 3.13.13 (main, May 10 2026, 19:26:54) [Clang 22.1.3 ] # Embedded file name: data/rq3/cpython-3.13/unittest_seeds/raw/cpython_case_test_sys_...",exit_1,"Traceback (most recent call last): File ""/root/PyBC-Sec/pybcSEC/data/rq4/harness.py"", line 29, in <module> result = target() File ""data/rq3/cpython-3.13/unittest_seeds/raw/cpython_case_test_sys_SysModuleTest_test_debugmallocstats.py"", li...",,"decompyle3:error:# decompyle3 version 3.9.3 # Python bytecode version base 3.13.0 (3571) # Decompiled from: Python 3.13.13 (main, May 10 2026, 19:26:54) [Clang 22.1.3 ] # Embedded file name: data/rq3/cpython-3.13/unittest_seeds/raw/cpython_case_test_sys_...;pylingual:error:────────────────────────────────────────────────────────────────────────────────────────────────────────────────────────────────────────────────────────────────────── ,ggggggggggg, ,gggg, dP""""""88""""""""""""Y8, d8"" ""8I ,dPYb, Yb, 88 `8b 88 ,dP...",decompyle3:not_run:;pylingual:not_run:
cpython-313,data/rq3/cpython-3.13/unique_bug_pyc/cpython-313-1bc9ccbfc6bb.pyc,no_source,/root/PyBC-Sec/pybcSEC/data/rq2/envs/cpython-313/lib/python3.13/site-packages/click/core.py:1262: UserWarning: The parameter --version is used more than once. Remove its duplicate as parameters should be unique. parser = self.make_parser...,exit_1,"Traceback (most recent call last): File ""/root/PyBC-Sec/pybcSEC/data/rq4/harness.py"", line 26, in <module> exec(code, namespace, namespace) ~~~~^^^^^^^^^^^^^^^^^^^^^^^^^^^^ File ""data/rq3/cpython-3.13/unittest_seeds/raw/cpython_case_test...",,"decompyle3:exit_2:/root/PyBC-Sec/pybcSEC/data/rq2/envs/cpython-313/lib/python3.13/site-packages/click/core.py:1262: UserWarning: The parameter --version is used more than once. Remove its duplicate as parameters should be unique. parser = self.make_parser...;pylingual:error:────────────────────────────────────────────────────────────────────────────────────────────────────────────────────────────────────────────────────────────────────── ,ggggggggggg, ,gggg, dP""""""88""""""""""""Y8, d8"" ""8I ,dPYb, Yb, 88 `8b 88 ,dP...",decompyle3:not_run:;pylingual:not_run:
cpython-313,data/rq3/cpython-3.13/unique_bug_pyc/cpython-313-2293b72ed067.pyc,no_source,"# decompyle3 version 3.9.3 # Python bytecode version base 3.13.0 (3571) # Decompiled from: Python 3.13.13 (main, May 10 2026, 19:26:54) [Clang 22.1.3 ] # Embedded file name: data/rq3/cpython-3.13/unittest_seeds/raw/cpython_case_test_sax_...",crash,signal_11:,,"decompyle3:error:# decompyle3 version 3.9.3 # Python bytecode version base 3.13.0 (3571) # Decompiled from: Python 3.13.13 (main, May 10 2026, 19:26:54) [Clang 22.1.3 ] # Embedded file name: data/rq3/cpython-3.13/unittest_seeds/raw/cpython_case_test_sax_...;pylingual:error:────────────────────────────────────────────────────────────────────────────────────────────────────────────────────────────────────────────────────────────────────── ,ggggggggggg, ,gggg, dP""""""88""""""""""""Y8, d8"" ""8I ,dPYb, Yb, 88 `8b 88 ,dP...",decompyle3:not_run:;pylingual:not_run:
cpython-313,data/rq3/cpython-3.13/unique_bug_pyc/cpython-313-249356d3ff80.pyc,no_source,"# decompyle3 version 3.9.3 # Python bytecode version base 3.13.0 (3571) # Decompiled from: Python 3.13.13 (main, May 10 2026, 19:26:54) [Clang 22.1.3 ] # Embedded file name: data/rq3/cpython-3.13/unittest_seeds/raw/cpython_case_test_type...",crash,signal_11:,,"decompyle3:error:# decompyle3 version 3.9.3 # Python bytecode version base 3.13.0 (3571) # Decompiled from: Python 3.13.13 (main, May 10 2026, 19:26:54) [Clang 22.1.3 ] # Embedded file name: data/rq3/cpython-3.13/unittest_seeds/raw/cpython_case_test_type...;pylingual:error:────────────────────────────────────────────────────────────────────────────────────────────────────────────────────────────────────────────────────────────────────── ,ggggggggggg, ,gggg, dP""""""88""""""""""""Y8, d8"" ""8I ,dPYb, Yb, 88 `8b 88 ,dP...",decompyle3:not_run:;pylingual:not_run:
cpython-313,data/rq3/cpython-3.13/unique_bug_pyc/cpython-313-24cb6d088b59.pyc,no_source,"# decompyle3 version 3.9.3 # Python bytecode version base 3.13.0 (3571) # Decompiled from: Python 3.13.13 (main, May 10 2026, 19:26:54) [Clang 22.1.3 ] # Embedded file name: data/rq3/cpython-3.13/unittest_seeds/raw/cpython_case_test_Sour...",crash,signal_11:,,"decompyle3:error:# decompyle3 version 3.9.3 # Python bytecode version base 3.13.0 (3571) # Decompiled from: Python 3.13.13 (main, May 10 2026, 19:26:54) [Clang 22.1.3 ] # Embedded file name: data/rq3/cpython-3.13/unittest_seeds/raw/cpython_case_test_Sour...;pylingual:error:────────────────────────────────────────────────────────────────────────────────────────────────────────────────────────────────────────────────────────────────────── ,ggggggggggg, ,gggg, dP""""""88""""""""""""Y8, d8"" ""8I ,dPYb, Yb, 88 `8b 88 ,dP...",decompyle3:not_run:;pylingual:not_run:
cpython-313,data/rq3/cpython-3.13/unique_bug_pyc/cpython-313-260c715a077c.pyc,no_source,"# decompyle3 version 3.9.3 # Python bytecode version base 3.13.0 (3571) # Decompiled from: Python 3.13.13 (main, May 10 2026, 19:26:54) [Clang 22.1.3 ] # Embedded file name: data/rq3/cpython-3.13/unittest_seeds/raw/cpython_case_test_faul...",crash,signal_11:,,"decompyle3:error:# decompyle3 version 3.9.3 # Python bytecode version base 3.13.0 (3571) # Decompiled from: Python 3.13.13 (main, May 10 2026, 19:26:54) [Clang 22.1.3 ] # Embedded file name: data/rq3/cpython-3.13/unittest_seeds/raw/cpython_case_test_faul...;pylingual:error:────────────────────────────────────────────────────────────────────────────────────────────────────────────────────────────────────────────────────────────────────── ,ggggggggggg, ,gggg, dP""""""88""""""""""""Y8, d8"" ""8I ,dPYb, Yb, 88 `8b 88 ,dP...",decompyle3:not_run:;pylingual:not_run:
cpython-313,data/rq3/cpython-3.13/unique_bug_pyc/cpython-313-2665762e093d.pyc,no_source,"# decompyle3 version 3.9.3 # Python bytecode version base 3.13.0 (3571) # Decompiled from: Python 3.13.13 (main, May 10 2026, 19:26:54) [Clang 22.1.3 ] # Embedded file name: data/rq3/cpython-3.13/unittest_seeds/raw/cpython_case_test_io_T...",crash,signal_11:,,"decompyle3:error:# decompyle3 version 3.9.3 # Python bytecode version base 3.13.0 (3571) # Decompiled from: Python 3.13.13 (main, May 10 2026, 19:26:54) [Clang 22.1.3 ] # Embedded file name: data/rq3/cpython-3.13/unittest_seeds/raw/cpython_case_test_io_T...;pylingual:error:────────────────────────────────────────────────────────────────────────────────────────────────────────────────────────────────────────────────────────────────────── ,ggggggggggg, ,gggg, dP""""""88""""""""""""Y8, d8"" ""8I ,dPYb, Yb, 88 `8b 88 ,dP...",decompyle3:not_run:;pylingual:not_run:
cpython-313,data/rq3/cpython-3.13/unique_bug_pyc/cpython-313-28b5d302b523.pyc,no_source,"# decompyle3 version 3.9.3 # Python bytecode version base 3.13.0 (3571) # Decompiled from: Python 3.13.13 (main, May 10 2026, 19:26:54) [Clang 22.1.3 ] # Embedded file name: data/rq3/cpython-3.13/unittest_seeds/raw/cpython_case_test_dict...",crash,signal_11:,,"decompyle3:error:# decompyle3 version 3.9.3 # Python bytecode version base 3.13.0 (3571) # Decompiled from: Python 3.13.13 (main, May 10 2026, 19:26:54) [Clang 22.1.3 ] # Embedded file name: data/rq3/cpython-3.13/unittest_seeds/raw/cpython_case_test_dict...;pylingual:error:────────────────────────────────────────────────────────────────────────────────────────────────────────────────────────────────────────────────────────────────────── ,ggggggggggg, ,gggg, dP""""""88""""""""""""Y8, d8"" ""8I ,dPYb, Yb, 88 `8b 88 ,dP...",decompyle3:not_run:;pylingual:not_run:
cpython-313,data/rq3/cpython-3.13/unique_bug_pyc/cpython-313-295c46132455.pyc,no_source,"# decompyle3 version 3.9.3 # Python bytecode version base 3.13.0 (3571) # Decompiled from: Python 3.13.13 (main, May 10 2026, 19:26:54) [Clang 22.1.3 ] # Embedded file name: data/rq3/cpython-3.13/unittest_seeds/raw/cpython_case_test_yiel...",crash,signal_11:,,"decompyle3:error:# decompyle3 version 3.9.3 # Python bytecode version base 3.13.0 (3571) # Decompiled from: Python 3.13.13 (main, May 10 2026, 19:26:54) [Clang 22.1.3 ] # Embedded file name: data/rq3/cpython-3.13/unittest_seeds/raw/cpython_case_test_yiel...;pylingual:error:────────────────────────────────────────────────────────────────────────────────────────────────────────────────────────────────────────────────────────────────────── ,ggggggggggg, ,gggg, dP""""""88""""""""""""Y8, d8"" ""8I ,dPYb, Yb, 88 `8b 88 ,dP...",decompyle3:not_run:;pylingual:not_run:
cpython-313,data/rq3/cpython-3.13/unique_bug_pyc/cpython-313-29976b5b14f7.pyc,no_source,"# decompyle3 version 3.9.3 # Python bytecode version base 3.13.0 (3571) # Decompiled from: Python 3.13.13 (main, May 10 2026, 19:26:54) [Clang 22.1.3 ] # Embedded file name: data/rq3/cpython-3.13/unittest_seeds/raw/cpython_case_test_desc...",crash,"signal_6:Fatal Python error: _PyEval_EvalFrameDefault: Executing a cache. Python runtime state: initialized Current thread 0x00007d26fcc84740 (most recent call first): File ""data/rq3/cpython-3.13/unittest_seeds/raw/cpython_case_test_descr_ClassPr...",,"decompyle3:error:# decompyle3 version 3.9.3 # Python bytecode version base 3.13.0 (3571) # Decompiled from: Python 3.13.13 (main, May 10 2026, 19:26:54) [Clang 22.1.3 ] # Embedded file name: data/rq3/cpython-3.13/unittest_seeds/raw/cpython_case_test_desc...;pylingual:error:────────────────────────────────────────────────────────────────────────────────────────────────────────────────────────────────────────────────────────────────────── ,ggggggggggg, ,gggg, dP""""""88""""""""""""Y8, d8"" ""8I ,dPYb, Yb, 88 `8b 88 ,dP...",decompyle3:not_run:;pylingual:not_run:
cpython-313,data/rq3/cpython-3.13/unique_bug_pyc/cpython-313-2a21bed1780c.pyc,no_source,"# decompyle3 version 3.9.3 # Python bytecode version base 3.13.0 (3571) # Decompiled from: Python 3.13.13 (main, May 10 2026, 19:26:54) [Clang 22.1.3 ] # Embedded file name: data/rq3/cpython-3.13/unittest_seeds/raw/cpython_case_test_clin...",crash,signal_11:,,"decompyle3:error:# decompyle3 version 3.9.3 # Python bytecode version base 3.13.0 (3571) # Decompiled from: Python 3.13.13 (main, May 10 2026, 19:26:54) [Clang 22.1.3 ] # Embedded file name: data/rq3/cpython-3.13/unittest_seeds/raw/cpython_case_test_clin...;pylingual:error:────────────────────────────────────────────────────────────────────────────────────────────────────────────────────────────────────────────────────────────────────── ,ggggggggggg, ,gggg, dP""""""88""""""""""""Y8, d8"" ""8I ,dPYb, Yb, 88 `8b 88 ,dP...",decompyle3:not_run:;pylingual:not_run:
cpython-313,data/rq3/cpython-3.13/unique_bug_pyc/cpython-313-2a78cb211328.pyc,no_source,"# decompyle3 version 3.9.3 # Python bytecode version base 3.13.0 (3571) # Decompiled from: Python 3.13.13 (main, May 10 2026, 19:26:54) [Clang 22.1.3 ] # Embedded file name: data/rq3/cpython-3.13/unittest_seeds/raw/cpython_case_test_base...",crash,signal_11:,,"decompyle3:error:# decompyle3 version 3.9.3 # Python bytecode version base 3.13.0 (3571) # Decompiled from: Python 3.13.13 (main, May 10 2026, 19:26:54) [Clang 22.1.3 ] # Embedded file name: data/rq3/cpython-3.13/unittest_seeds/raw/cpython_case_test_base...;pylingual:error:────────────────────────────────────────────────────────────────────────────────────────────────────────────────────────────────────────────────────────────────────── ,ggggggggggg, ,gggg, dP""""""88""""""""""""Y8, d8"" ""8I ,dPYb, Yb, 88 `8b 88 ,dP...",decompyle3:not_run:;pylingual:not_run:
cpython-313,data/rq3/cpython-3.13/unique_bug_pyc/cpython-313-2ad91eed828a.pyc,no_source,"# decompyle3 version 3.9.3 # Python bytecode version base 3.13.0 (3571) # Decompiled from: Python 3.13.13 (main, May 10 2026, 19:26:54) [Clang 22.1.3 ] # Embedded file name: data/rq3/cpython-3.13/unittest_seeds/raw/cpython_case_test_stat...",crash,signal_11:,,"decompyle3:error:# decompyle3 version 3.9.3 # Python bytecode version base 3.13.0 (3571) # Decompiled from: Python 3.13.13 (main, May 10 2026, 19:26:54) [Clang 22.1.3 ] # Embedded file name: data/rq3/cpython-3.13/unittest_seeds/raw/cpython_case_test_stat...;pylingual:error:────────────────────────────────────────────────────────────────────────────────────────────────────────────────────────────────────────────────────────────────────── ,ggggggggggg, ,gggg, dP""""""88""""""""""""Y8, d8"" ""8I ,dPYb, Yb, 88 `8b 88 ,dP...",decompyle3:not_run:;pylingual:not_run:
cpython-313,data/rq3/cpython-3.13/unique_bug_pyc/cpython-313-2b3844b1ad7b.pyc,no_source,"# decompyle3 version 3.9.3 # Python bytecode version base 3.13.0 (3571) # Decompiled from: Python 3.13.13 (main, May 10 2026, 19:26:54) [Clang 22.1.3 ] # Embedded file name: data/rq3/cpython-3.13/unittest_seeds/raw/cpython_case_test_yiel...",crash,signal_11:,,"decompyle3:error:# decompyle3 version 3.9.3 # Python bytecode version base 3.13.0 (3571) # Decompiled from: Python 3.13.13 (main, May 10 2026, 19:26:54) [Clang 22.1.3 ] # Embedded file name: data/rq3/cpython-3.13/unittest_seeds/raw/cpython_case_test_yiel...;pylingual:error:────────────────────────────────────────────────────────────────────────────────────────────────────────────────────────────────────────────────────────────────────── ,ggggggggggg, ,gggg, dP""""""88""""""""""""Y8, d8"" ""8I ,dPYb, Yb, 88 `8b 88 ,dP...",decompyle3:not_run:;pylingual:not_run:
cpython-313,data/rq3/cpython-3.13/unique_bug_pyc/cpython-313-2b9d8a68b1b6.pyc,no_source,"# decompyle3 version 3.9.3 # Python bytecode version base 3.13.0 (3571) # Decompiled from: Python 3.13.13 (main, May 10 2026, 19:26:54) [Clang 22.1.3 ] # Embedded file name: data/rq3/cpython-3.13/unittest_seeds/raw/cpython_case_test_sele...",exit_1,"Traceback (most recent call last): File ""/root/PyBC-Sec/pybcSEC/data/rq4/harness.py"", line 29, in <module> result = target() File ""data/rq3/cpython-3.13/unittest_seeds/raw/cpython_case_test_select_SelectTestCase_test_select.py"", line 8, ...",,"decompyle3:error:# decompyle3 version 3.9.3 # Python bytecode version base 3.13.0 (3571) # Decompiled from: Python 3.13.13 (main, May 10 2026, 19:26:54) [Clang 22.1.3 ] # Embedded file name: data/rq3/cpython-3.13/unittest_seeds/raw/cpython_case_test_sele...;pylingual:error:────────────────────────────────────────────────────────────────────────────────────────────────────────────────────────────────────────────────────────────────────── ,ggggggggggg, ,gggg, dP""""""88""""""""""""Y8, d8"" ""8I ,dPYb, Yb, 88 `8b 88 ,dP...",decompyle3:not_run:;pylingual:not_run:
cpython-313,data/rq3/cpython-3.13/unique_bug_pyc/cpython-313-2d1b8bbf49f4.pyc,no_source,"# decompyle3 version 3.9.3 # Python bytecode version base 3.13.0 (3571) # Decompiled from: Python 3.13.13 (main, May 10 2026, 19:26:54) [Clang 22.1.3 ] # Embedded file name: data/rq3/cpython-3.13/unittest_seeds/raw/cpython_case_tes\\0\\0\\0\\0\\0\\0...",crash,signal_11:,,"decompyle3:error:# decompyle3 version 3.9.3 # Python bytecode version base 3.13.0 (3571) # Decompiled from: Python 3.13.13 (main, May 10 2026, 19:26:54) [Clang 22.1.3 ] # Embedded file name: data/rq3/cpython-3.13/unittest_seeds/raw/cpython_case_tes\\0\\0\\0\\0\\0\\0...;pylingual:error:────────────────────────────────────────────────────────────────────────────────────────────────────────────────────────────────────────────────────────────────────── ,ggggggggggg, ,gggg, dP""""""88""""""""""""Y8, d8"" ""8I ,dPYb, Yb, 88 `8b 88 ,dP...",decompyle3:not_run:;pylingual:not_run:
cpython-313,data/rq3/cpython-3.13/unique_bug_pyc/cpython-313-2ebfe7f3beb3.pyc,no_source,"# decompyle3 version 3.9.3 # Python bytecode version base 3.13.0 (3571) # Decompiled from: Python 3.13.13 (main, May 10 2026, 19:26:54) [Clang 22.1.3 ] # Embedded file name: data/rq3/cpython-3.13/unittest_seeds/raw/cpython_case_test_embe...",crash,signal_11:,,"decompyle3:error:# decompyle3 version 3.9.3 # Python bytecode version base 3.13.0 (3571) # Decompiled from: Python 3.13.13 (main, May 10 2026, 19:26:54) [Clang 22.1.3 ] # Embedded file name: data/rq3/cpython-3.13/unittest_seeds/raw/cpython_case_test_embe...;pylingual:error:────────────────────────────────────────────────────────────────────────────────────────────────────────────────────────────────────────────────────────────────────── ,ggggggggggg, ,gggg, dP""""""88""""""""""""Y8, d8"" ""8I ,dPYb, Yb, 88 `8b 88 ,dP...",decompyle3:not_run:;pylingual:not_run:
cpython-313,data/rq3/cpython-3.13/unique_bug_pyc/cpython-313-303ca41b2b90.pyc,no_source,"# decompyle3 version 3.9.3 # Python bytecode version base 3.13.0 (3571) # Decompiled from: Python 3.13.13 (main, May 10 2026, 19:26:54) [Clang 22.1.3 ] # Embedded file name: data/rq3/cpython-3.13/unittest_seeds/raw/cpython_ase_test_sax_...",crash,signal_11:,,"decompyle3:error:# decompyle3 version 3.9.3 # Python bytecode version base 3.13.0 (3571) # Decompiled from: Python 3.13.13 (main, May 10 2026, 19:26:54) [Clang 22.1.3 ] # Embedded file name: data/rq3/cpython-3.13/unittest_seeds/raw/cpython_ase_test_sax_...;pylingual:error:────────────────────────────────────────────────────────────────────────────────────────────────────────────────────────────────────────────────────────────────────── ,ggggggggggg, ,gggg, dP""""""88""""""""""""Y8, d8"" ""8I ,dPYb, Yb, 88 `8b 88 ,dP...",decompyle3:not_run:;pylingual:not_run:
cpython-313,data/rq3/cpython-3.13/unique_bug_pyc/cpython-313-3103d789d816.pyc,no_source,"# decompyle3 version 3.9.3 # Python bytecode version base 3.13.0 (3571) # Decompiled from: Python 3.13.13 (main, May 10 2026, 19:26:54) [Clang 22.1.3 ] # Embedded file name: data/rq3/cpython-3.13/unittest_seeds/raw/cpython_case_test_argp...",crash,signal_11:,,"decompyle3:error:# decompyle3 version 3.9.3 # Python bytecode version base 3.13.0 (3571) # Decompiled from: Python 3.13.13 (main, May 10 2026, 19:26:54) [Clang 22.1.3 ] # Embedded file name: data/rq3/cpython-3.13/unittest_seeds/raw/cpython_case_test_argp...;pylingual:error:────────────────────────────────────────────────────────────────────────────────────────────────────────────────────────────────────────────────────────────────────── ,ggggggggggg, ,gggg, dP""""""88""""""""""""Y8, d8"" ""8I ,dPYb, Yb, 88 `8b 88 ,dP...",decompyle3:not_run:;pylingual:not_run:
cpython-313,data/rq3/cpython-3.13/unique_bug_pyc/cpython-313-33e492d140df.pyc,no_source,"# decompyle3 version 3.9.3 # Python bytecode version base 3.13.0 (3571) # Decompiled from: Python 3.13.13 (main, May 10 2026, 19:26:54) [Clang 22.1.3 ] # Embedded file name: data/rq3/cpython-3.13/unittest_seeds/raw/cpython_case_test_gene...",crash,"signal_6:Fatal Python error: _PyEval_EvalFrameDefault: Executing a cache. Python runtime state: initialized Current thread 0x00007e4e63504740 (most recent call first): File ""data/rq3/cpython-3.13/unittest_seeds/raw/cpython_case_test_generators_Ge...",,"decompyle3:error:# decompyle3 version 3.9.3 # Python bytecode version base 3.13.0 (3571) # Decompiled from: Python 3.13.13 (main, May 10 2026, 19:26:54) [Clang 22.1.3 ] # Embedded file name: data/rq3/cpython-3.13/unittest_seeds/raw/cpython_case_test_gene...;pylingual:error:────────────────────────────────────────────────────────────────────────────────────────────────────────────────────────────────────────────────────────────────────── ,ggggggggggg, ,gggg, dP""""""88""""""""""""Y8, d8"" ""8I ,dPYb, Yb, 88 `8b 88 ,dP...",decompyle3:not_run:;pylingual:not_run:
cpython-313,data/rq3/cpython-3.13/unique_bug_pyc/cpython-313-35b57046cf24.pyc,no_source,"# decompyle3 version 3.9.3 # Python bytecode version base 3.13.0 (3571) # Decompiled from: Python 3.13.13 (main, May 10 2026, 19:26:54) [Clang 22.1.3 ] # Embedded file name: data/rq3/cpython-3.13/unittest_seeds/raw/cpython_case_test_ipad...",crash,signal_11:,,"decompyle3:error:# decompyle3 version 3.9.3 # Python bytecode version base 3.13.0 (3571) # Decompiled from: Python 3.13.13 (main, May 10 2026, 19:26:54) [Clang 22.1.3 ] # Embedded file name: data/rq3/cpython-3.13/unittest_seeds/raw/cpython_case_test_ipad...;pylingual:error:────────────────────────────────────────────────────────────────────────────────────────────────────────────────────────────────────────────────────────────────────── ,ggggggggggg, ,gggg, dP""""""88""""""""""""Y8, d8"" ""8I ,dPYb, Yb, 88 `8b 88 ,dP...",decompyle3:not_run:;pylingual:not_run:
cpython-313,data/rq3/cpython-3.13/unique_bug_pyc/cpython-313-38808faaf1e8.pyc,no_source,"# decompyle3 version 3.9.3 # Python bytecode version base 3.13.0 (3571) # Decompiled from: Python 3.13.13 (main, May 10 2026, 19:26:54) [Clang 22.1.3 ] # Embedded file name: data/rq#/cpython-3.13/unittest_seeds/raw/cpython_case_test_str_...",crash,signal_11:,,"decompyle3:error:# decompyle3 version 3.9.3 # Python bytecode version base 3.13.0 (3571) # Decompiled from: Python 3.13.13 (main, May 10 2026, 19:26:54) [Clang 22.1.3 ] # Embedded file name: data/rq#/cpython-3.13/unittest_seeds/raw/cpython_case_test_str_...;pylingual:error:────────────────────────────────────────────────────────────────────────────────────────────────────────────────────────────────────────────────────────────────────── ,ggggggggggg, ,gggg, dP""""""88""""""""""""Y8, d8"" ""8I ,dPYb, Yb, 88 `8b 88 ,dP...",decompyle3:not_run:;pylingual:not_run:
cpython-313,data/rq3/cpython-3.13/unique_bug_pyc/cpython-313-390febf1b60e.pyc,no_source,"# decompyle3 version 3.9.3 # Python bytecode version base 3.13.0 (3571) # Decompiled from: Python 3.13.13 (main, May 10 2026, 19:26:54) [Clang 22.1.3 ] # Embedded file name: data/rq3/cpython-3.13/unittest_seeds/raw/cpython_case_test_rand...",crash,signal_11:,,"decompyle3:error:# decompyle3 version 3.9.3 # Python bytecode version base 3.13.0 (3571) # Decompiled from: Python 3.13.13 (main, May 10 2026, 19:26:54) [Clang 22.1.3 ] # Embedded file name: data/rq3/cpython-3.13/unittest_seeds/raw/cpython_case_test_rand...;pylingual:error:────────────────────────────────────────────────────────────────────────────────────────────────────────────────────────────────────────────────────────────────────── ,ggggggggggg, ,gggg, dP""""""88""""""""""""Y8, d8"" ""8I ,dPYb, Yb, 88 `8b 88 ,dP...",decompyle3:not_run:;pylingual:not_run:
cpython-313,data/rq3/cpython-3.13/unique_bug_pyc/cpython-313-3bd4ca61c902.pyc,no_source,"# decompyle3 version 3.9.3 # Python bytecode version base 3.13.0 (3571) # Decompiled from: Python 3.13.13 (main, May 10 2026, 19:26:54) [Clang 22.1.3 ] # Embedded file name: data/rq3/cpython-3.13/unittest_seeds/raw/cpython_case_test_base...",crash,signal_11:,,"decompyle3:error:# decompyle3 version 3.9.3 # Python bytecode version base 3.13.0 (3571) # Decompiled from: Python 3.13.13 (main, May 10 2026, 19:26:54) [Clang 22.1.3 ] # Embedded file name: data/rq3/cpython-3.13/unittest_seeds/raw/cpython_case_test_base...;pylingual:error:────────────────────────────────────────────────────────────────────────────────────────────────────────────────────────────────────────────────────────────────────── ,ggggggggggg, ,gggg, dP""""""88""""""""""""Y8, d8"" ""8I ,dPYb, Yb, 88 `8b 88 ,dP...",decompyle3:not_run:;pylingual:not_run:
cpython-313,data/rq3/cpython-3.13/unique_bug_pyc/cpython-313-3c235354ab3c.pyc,no_source,"# decompyle3 version 3.9.3 # Python bytecode version base 3.13.0 (3571) # Decompiled from: Python 3.13.13 (main, May 10 2026, 19:26:54) [Clang 22.1.3 ] # Embedded file name: data/rq3/cpython-3.13/unittest_seeds/raw/cpython_case_test_patm...",crash,signal_11:,,"decompyle3:error:# decompyle3 version 3.9.3 # Python bytecode version base 3.13.0 (3571) # Decompiled from: Python 3.13.13 (main, May 10 2026, 19:26:54) [Clang 22.1.3 ] # Embedded file name: data/rq3/cpython-3.13/unittest_seeds/raw/cpython_case_test_patm...;pylingual:error:────────────────────────────────────────────────────────────────────────────────────────────────────────────────────────────────────────────────────────────────────── ,ggggggggggg, ,gggg, dP""""""88""""""""""""Y8, d8"" ""8I ,dPYb, Yb, 88 `8b 88 ,dP...",decompyle3:not_run:;pylingual:not_run:
cpython-313,data/rq3/cpython-3.13/unique_bug_pyc/cpython-313-412007f7b81e.pyc,no_source,"# decompyle3 version 3.9.3 # Python bytecode version base 3.13.0 (3571) # Decompiled from: Python 3.13.13 (main, May 10 2026, 19:26:54) [Clang 22.1.3 ] # Embedded file name: data/rq3/cpython-3.13/unittest_seeds/raw/cpython_case_test_gc_G...",crash,signal_11:,,"decompyle3:error:# decompyle3 version 3.9.3 # Python bytecode version base 3.13.0 (3571) # Decompiled from: Python 3.13.13 (main, May 10 2026, 19:26:54) [Clang 22.1.3 ] # Embedded file name: data/rq3/cpython-3.13/unittest_seeds/raw/cpython_case_test_gc_G...;pylingual:error:────────────────────────────────────────────────────────────────────────────────────────────────────────────────────────────────────────────────────────────────────── ,ggggggggggg, ,gggg, dP""""""88""""""""""""Y8, d8"" ""8I ,dPYb, Yb, 88 `8b 88 ,dP...",decompyle3:not_run:;pylingual:not_run:
cpython-313,data/rq3/cpython-3.13/unique_bug_pyc/cpython-313-4122cbe7ad3c.pyc,no_source,"# decompyle3 version 3.9.3 # Python bytecode version base 3.13.0 (3571) # Decompiled from: Python 3.13.13 (main, May 10 2026, 19:26:54) [Clang 22.1.3 ] # Embedded file name: data/rq3/cpython-3.13/unittest_seeds/raw/cpython_case_test_ipad...",crash,"signal_6:Fatal Python error: _PyEval_EvalFrameDefault: Executing a cache. Python runtime state: initialized Current thread 0x00007ce7eb0c9740 (most recent call first): File ""data/rq3/cpython-3.13/unittest_seeds/raw/cpython_case_test_ipaddress_Net...",,"decompyle3:error:# decompyle3 version 3.9.3 # Python bytecode version base 3.13.0 (3571) # Decompiled from: Python 3.13.13 (main, May 10 2026, 19:26:54) [Clang 22.1.3 ] # Embedded file name: data/rq3/cpython-3.13/unittest_seeds/raw/cpython_case_test_ipad...;pylingual:error:────────────────────────────────────────────────────────────────────────────────────────────────────────────────────────────────────────────────────────────────────── ,ggggggggggg, ,gggg, dP""""""88""""""""""""Y8, d8"" ""8I ,dPYb, Yb, 88 `8b 88 ,dP...",decompyle3:not_run:;pylingual:not_run:
cpython-313,data/rq3/cpython-3.13/unique_bug_pyc/cpython-313-432147075391.pyc,no_source,"# decompyle3 version 3.9.3 # Python bytecode version base 3.13.0 (3571) # Decompiled from: Python 3.13.13 (main, May 10 2026, 19:26:54) [Clang 22.1.3 ] # Embedded file name: data/rq3/cpython-3.1\\0unittest_seeds/raw/cpython_case_test_copy...",crash,signal_11:,,"decompyle3:error:# decompyle3 version 3.9.3 # Python bytecode version base 3.13.0 (3571) # Decompiled from: Python 3.13.13 (main, May 10 2026, 19:26:54) [Clang 22.1.3 ] # Embedded file name: data/rq3/cpython-3.1\\0unittest_seeds/raw/cpython_case_test_copy...;pylingual:error:────────────────────────────────────────────────────────────────────────────────────────────────────────────────────────────────────────────────────────────────────── ,ggggggggggg, ,gggg, dP""""""88""""""""""""Y8, d8"" ""8I ,dPYb, Yb, 88 `8b 88 ,dP...",decompyle3:not_run:;pylingual:not_run:
cpython-313,data/rq3/cpython-3.13/unique_bug_pyc/cpython-313-437dc676a244.pyc,no_source,/root/PyBC-Sec/pybcSEC/data/rq2/envs/cpython-313/lib/python3.13/site-packages/click/core.py:1262: UserWarning: The parameter --version is used more than once. Remove its duplicate as parameters should be unique. parser = self.make_parser...,crash,signal_11:,,"decompyle3:exit_-11:/root/PyBC-Sec/pybcSEC/data/rq2/envs/cpython-313/lib/python3.13/site-packages/click/core.py:1262: UserWarning: The parameter --version is used more than once. Remove its duplicate as parameters should be unique. parser = self.make_parser...;pylingual:error:────────────────────────────────────────────────────────────────────────────────────────────────────────────────────────────────────────────────────────────────────── ,ggggggggggg, ,gggg, dP""""""88""""""""""""Y8, d8"" ""8I ,dPYb, Yb, 88 `8b 88 ,dP...",decompyle3:not_run:;pylingual:not_run:
cpython-313,data/rq3/cpython-3.13/unique_bug_pyc/cpython-313-43a680720b8a.pyc,no_source,"# decompyle3 version 3.9.3 # Python bytecode version base 3.13.0 (3571) # Decompiled from: Python 3.13.13 (main, May 10 2026, 19:26:54) [Clang 22.1.3 ] # Embedded file name: data/rq3/cpython-3.13/unittest_seeds/raw/cpython_case_test_xmlr...",crash,signal_11:,,"decompyle3:error:# decompyle3 version 3.9.3 # Python bytecode version base 3.13.0 (3571) # Decompiled from: Python 3.13.13 (main, May 10 2026, 19:26:54) [Clang 22.1.3 ] # Embedded file name: data/rq3/cpython-3.13/unittest_seeds/raw/cpython_case_test_xmlr...;pylingual:error:────────────────────────────────────────────────────────────────────────────────────────────────────────────────────────────────────────────────────────────────────── ,ggggggggggg, ,gggg, dP""""""88""""""""""""Y8, d8"" ""8I ,dPYb, Yb, 88 `8b 88 ,dP...",decompyle3:not_run:;pylingual:not_run:
cpython-313,data/rq3/cpython-3.13/unique_bug_pyc/cpython-313-47ac148033bf.pyc,no_source,"# decompyle3 version 3.9.3 # Python bytecode version base 3.13.0 (3571) # Decompiled from: Python 3.13.13 (main, May 10 2026, 19:26:54) [Clang 22.1.3 ] # Embedded file name: data/rq3/cpython-3.13/unittest_seeds/raw/cpython_case_test_dict...",crash,signal_11:,,"decompyle3:error:# decompyle3 version 3.9.3 # Python bytecode version base 3.13.0 (3571) # Decompiled from: Python 3.13.13 (main, May 10 2026, 19:26:54) [Clang 22.1.3 ] # Embedded file name: data/rq3/cpython-3.13/unittest_seeds/raw/cpython_case_test_dict...;pylingual:error:────────────────────────────────────────────────────────────────────────────────────────────────────────────────────────────────────────────────────────────────────── ,ggggggggggg, ,gggg, dP""""""88""""""""""""Y8, d8"" ""8I ,dPYb, Yb, 88 `8b 88 ,dP...",decompyle3:not_run:;pylingual:not_run:
cpython-313,data/rq3/cpython-3.13/unique_bug_pyc/cpython-313-48ef574d8eea.pyc,no_source,"# decompyle3 version 3.9.3 # Python bytecode version base 3.13.0 (3571) # Decompiled from: Python 3.13.13 (main, May 10 2026, 19:26:54) [Clang 22.1.3 ] # Embedded file name: data/rq3/cpython-3.13/unittest_seeds/raw/cpython_case_test_code...",crash,signal_11:,,"decompyle3:error:# decompyle3 version 3.9.3 # Python bytecode version base 3.13.0 (3571) # Decompiled from: Python 3.13.13 (main, May 10 2026, 19:26:54) [Clang 22.1.3 ] # Embedded file name: data/rq3/cpython-3.13/unittest_seeds/raw/cpython_case_test_code...;pylingual:error:────────────────────────────────────────────────────────────────────────────────────────────────────────────────────────────────────────────────────────────────────── ,ggggggggggg, ,gggg, dP""""""88""""""""""""Y8, d8"" ""8I ,dPYb, Yb, 88 `8b 88 ,dP...",decompyle3:not_run:;pylingual:not_run:
cpython-313,data/rq3/cpython-3.13/unique_bug_pyc/cpython-313-498bff74d1e4.pyc,no_source,"# decompyle3 version 3.9.3 # Python bytecode version base 3.13.0 (3571) # Decompiled from: Python 3.13.13 (main, May 10 2026, 19:26:54) [Clang 22.1.3 ] # Embedded file name: data/rq3/cpython-3.13/unittest_seeds/raw/cpython_case_test_buff...",crash,signal_11:,,"decompyle3:error:# decompyle3 version 3.9.3 # Python bytecode version base 3.13.0 (3571) # Decompiled from: Python 3.13.13 (main, May 10 2026, 19:26:54) [Clang 22.1.3 ] # Embedded file name: data/rq3/cpython-3.13/unittest_seeds/raw/cpython_case_test_buff...;pylingual:error:────────────────────────────────────────────────────────────────────────────────────────────────────────────────────────────────────────────────────────────────────── ,ggggggggggg, ,gggg, dP""""""88""""""""""""Y8, d8"" ""8I ,dPYb, Yb, 88 `8b 88 ,dP...",decompyle3:not_run:;pylingual:not_run:
cpython-313,data/rq3/cpython-3.13/unique_bug_pyc/cpython-313-4a0a1ea07bc5.pyc,no_source,"# decompyle3 version 3.9.3 # Python bytecode version base 3.13.0 (3571) # Decompiled from: Python 3.13.13 (main, May 10 2026, 19:26:54) [Clang 22.1.3 ] # Embedded file name: data/rq3/cpython-3.13/unittest_seeds/raw/cpython_case_test_byte...",crash,signal_11:,,"decompyle3:error:# decompyle3 version 3.9.3 # Python bytecode version base 3.13.0 (3571) # Decompiled from: Python 3.13.13 (main, May 10 2026, 19:26:54) [Clang 22.1.3 ] # Embedded file name: data/rq3/cpython-3.13/unittest_seeds/raw/cpython_case_test_byte...;pylingual:error:────────────────────────────────────────────────────────────────────────────────────────────────────────────────────────────────────────────────────────────────────── ,ggggggggggg, ,gggg, dP""""""88""""""""""""Y8, d8"" ""8I ,dPYb, Yb, 88 `8b 88 ,dP...",decompyle3:not_run:;pylingual:not_run:
cpython-313,data/rq3/cpython-3.13/unique_bug_pyc/cpython-313-4a45bc2430b5.pyc,no_source,"# decompyle3 version 3.9.3 # Python bytecode version base 3.13.0 (3571) # Decompiled from: Python 3.13.13 (main, May 10 2026, 19:26:54) [Clang 22.1.3 ] # Embedded file name: data/rq3/cpython-3.13/unittest_seeds/raw/cpython_case_test_ssl_...",crash,signal_11:,,"decompyle3:error:# decompyle3 version 3.9.3 # Python bytecode version base 3.13.0 (3571) # Decompiled from: Python 3.13.13 (main, May 10 2026, 19:26:54) [Clang 22.1.3 ] # Embedded file name: data/rq3/cpython-3.13/unittest_seeds/raw/cpython_case_test_ssl_...;pylingual:error:────────────────────────────────────────────────────────────────────────────────────────────────────────────────────────────────────────────────────────────────────── ,ggggggggggg, ,gggg, dP""""""88""""""""""""Y8, d8"" ""8I ,dPYb, Yb, 88 `8b 88 ,dP...",decompyle3:not_run:;pylingual:not_run:
cpython-313,data/rq3/cpython-3.13/unique_bug_pyc/cpython-313-4cd156d2e15d.pyc,no_source,"# decompyle3 version 3.9.3 # Python bytecode version base 3.13.0 (3571) # Decompiled from: Python 3.13.13 (main, May 10 2026, 19:26:54) [Clang 22.1.3 ] # Embedded file name: data/rq3/cpython-3.13/unittest_seeds/raw/cpython_case_test_weak...",crash,signal_11:,,"decompyle3:error:# decompyle3 version 3.9.3 # Python bytecode version base 3.13.0 (3571) # Decompiled from: Python 3.13.13 (main, May 10 2026, 19:26:54) [Clang 22.1.3 ] # Embedded file name: data/rq3/cpython-3.13/unittest_seeds/raw/cpython_case_test_weak...;pylingual:error:────────────────────────────────────────────────────────────────────────────────────────────────────────────────────────────────────────────────────────────────────── ,ggggggggggg, ,gggg, dP""""""88""""""""""""Y8, d8"" ""8I ,dPYb, Yb, 88 `8b 88 ,dP...",decompyle3:not_run:;pylingual:not_run:
cpython-313,data/rq3/cpython-3.13/unique_bug_pyc/cpython-313-506350080023.pyc,no_source,"# decompyle3 version 3.9.3 # Python bytecode version base 3.13.0 (3571) # Decompiled from: Python 3.13.13 (main, May 10 2026, 19:26:54) [Clang 22.1.3 ] # Embedded file name: data/rq3/cpython-3.13/unittest_seeds/raw/cpython_case_test_iter...",crash,signal_11:,,"decompyle3:error:# decompyle3 version 3.9.3 # Python bytecode version base 3.13.0 (3571) # Decompiled from: Python 3.13.13 (main, May 10 2026, 19:26:54) [Clang 22.1.3 ] # Embedded file name: data/rq3/cpython-3.13/unittest_seeds/raw/cpython_case_test_iter...;pylingual:error:────────────────────────────────────────────────────────────────────────────────────────────────────────────────────────────────────────────────────────────────────── ,ggggggggggg, ,gggg, dP""""""88""""""""""""Y8, d8"" ""8I ,dPYb, Yb, 88 `8b 88 ,dP...",decompyle3:not_run:;pylingual:not_run:
cpython-313,data/rq3/cpython-3.13/unique_bug_pyc/cpython-313-506c1086030d.pyc,no_source,"# decompyle3 version 3.9.3 # Python bytecode version base 3.13.0 (3571) # Decompiled from: Python 3.13.13 (main, May 10 2026, 19:26:54) [Clang 22.1.3 ] # Embedded file name: data/rq3/cpython-3.13/unittest_seeds/raw/cpython_case_test_floa...",crash,signal_11:,,"decompyle3:error:# decompyle3 version 3.9.3 # Python bytecode version base 3.13.0 (3571) # Decompiled from: Python 3.13.13 (main, May 10 2026, 19:26:54) [Clang 22.1.3 ] # Embedded file name: data/rq3/cpython-3.13/unittest_seeds/raw/cpython_case_test_floa...;pylingual:error:────────────────────────────────────────────────────────────────────────────────────────────────────────────────────────────────────────────────────────────────────── ,ggggggggggg, ,gggg, dP""""""88""""""""""""Y8, d8"" ""8I ,dPYb, Yb, 88 `8b 88 ,dP...",decompyle3:not_run:;pylingual:not_run:
cpython-313,data/rq3/cpython-3.13/unique_bug_pyc/cpython-313-51b630c9a48a.pyc,no_source,"# decompyle3 version 3.9.3 # Python bytecode version base 3.13.0 (3571) # Decompiled from: Python 3.13.13 (main, May 10 2026, 19:26:54) [Clang 22.1.3 ] # Embedded file name: data/rq3/cpython-3.13/unittest_seeds/raw/cpython_case_test_utf8...",crash,signal_11:,,"decompyle3:error:# decompyle3 version 3.9.3 # Python bytecode version base 3.13.0 (3571) # Decompiled from: Python 3.13.13 (main, May 10 2026, 19:26:54) [Clang 22.1.3 ] # Embedded file name: data/rq3/cpython-3.13/unittest_seeds/raw/cpython_case_test_utf8...;pylingual:error:────────────────────────────────────────────────────────────────────────────────────────────────────────────────────────────────────────────────────────────────────── ,ggggggggggg, ,gggg, dP""""""88""""""""""""Y8, d8"" ""8I ,dPYb, Yb, 88 `8b 88 ,dP...",decompyle3:not_run:;pylingual:not_run:
cpython-313,data/rq3/cpython-3.13/unique_bug_pyc/cpython-313-520d805a225c.pyc,no_source,"# decompyle3 version 3.9.3 # Python bytecode version base 3.13.0 (3571) # Decompiled from: Python 3.13.13 (main, May 10 2026, 19:26:54) [Clang 22.1.3 ] # Embedded file name: data/rq3/cpython\\0\\0\\0\\0\\0\\0\\0 ittest_seeds/raw/cpython_case_test5694n...",crash,signal_11:,,"decompyle3:error:# decompyle3 version 3.9.3 # Python bytecode version base 3.13.0 (3571) # Decompiled from: Python 3.13.13 (main, May 10 2026, 19:26:54) [Clang 22.1.3 ] # Embedded file name: data/rq3/cpython\\0\\0\\0\\0\\0\\0\\0 ittest_seeds/raw/cpython_case_test5694n...;pylingual:error:────────────────────────────────────────────────────────────────────────────────────────────────────────────────────────────────────────────────────────────────────── ,ggggggggggg, ,gggg, dP""""""88""""""""""""Y8, d8"" ""8I ,dPYb, Yb, 88 `8b 88 ,dP...",decompyle3:not_run:;pylingual:not_run:
cpython-313,data/rq3/cpython-3.13/unique_bug_pyc/cpython-313-52a30dd414f0.pyc,no_source,"# decompyle3 version 3.9.3 # Python bytecode version base 3.13.0 (3571) # Decompiled from: Python 3.13.13 (main, May 10 2026, 19:26:54) [Clang 22.1.3 ] # Embedded file name: data/rq3/cpython-3.13/unittest_seeds/raw/cpython_case_test_rang...",crash,signal_11:,,"decompyle3:error:# decompyle3 version 3.9.3 # Python bytecode version base 3.13.0 (3571) # Decompiled from: Python 3.13.13 (main, May 10 2026, 19:26:54) [Clang 22.1.3 ] # Embedded file name: data/rq3/cpython-3.13/unittest_seeds/raw/cpython_case_test_rang...;pylingual:error:────────────────────────────────────────────────────────────────────────────────────────────────────────────────────────────────────────────────────────────────────── ,ggggggggggg, ,gggg, dP""""""88""""""""""""Y8, d8"" ""8I ,dPYb, Yb, 88 `8b 88 ,dP...",decompyle3:not_run:;pylingual:not_run:
cpython-313,data/rq3/cpython-3.13/unique_bug_pyc/cpython-313-535a3fe93cd6.pyc,no_source,"# decompyle3 version 3.9.3 # Python bytecode version base 3.13.0 (3571) # Decompiled from: Python 3.13.13 (main, May 10 2026, 19:26:54) [Clang 22.1.3 ] # Embedded file name: data/rq3/cpython-3.13/unittest_seeds/raw/cpython_case_test_byte...",crash,signal_11:,,"decompyle3:error:# decompyle3 version 3.9.3 # Python bytecode version base 3.13.0 (3571) # Decompiled from: Python 3.13.13 (main, May 10 2026, 19:26:54) [Clang 22.1.3 ] # Embedded file name: data/rq3/cpython-3.13/unittest_seeds/raw/cpython_case_test_byte...;pylingual:error:────────────────────────────────────────────────────────────────────────────────────────────────────────────────────────────────────────────────────────────────────── ,ggggggggggg, ,gggg, dP""""""88""""""""""""Y8, d8"" ""8I ,dPYb, Yb, 88 `8b 88 ,dP...",decompyle3:not_run:;pylingual:not_run:
cpython-313,data/rq3/cpython-3.13/unique_bug_pyc/cpython-313-558367acafa1.pyc,no_source,"# decompyle3 version 3.9.3 # Python bytecode version base 3.13.0 (3571) # Decompiled from: Python 3.13.13 (main, May 10 2026, 19:26:54) [Clang 22.1.3 ] # Embedded file name: data/rq3/cpython-3.13/unittest_seeds/raw/cpython_case_test_logg...",crash,signal_11:,,"decompyle3:error:# decompyle3 version 3.9.3 # Python bytecode version base 3.13.0 (3571) # Decompiled from: Python 3.13.13 (main, May 10 2026, 19:26:54) [Clang 22.1.3 ] # Embedded file name: data/rq3/cpython-3.13/unittest_seeds/raw/cpython_case_test_logg...;pylingual:error:────────────────────────────────────────────────────────────────────────────────────────────────────────────────────────────────────────────────────────────────────── ,ggggggggggg, ,gggg, dP""""""88""""""""""""Y8, d8"" ""8I ,dPYb, Yb, 88 `8b 88 ,dP...",decompyle3:not_run:;pylingual:not_run:
cpython-313,data/rq3/cpython-3.13/unique_bug_pyc/cpython-313-561958c19c5f.pyc,no_source,"# decompyle3 version 3.9.3 # Python bytecode version base 3.13.0 (3571) # Decompiled from: Python 3.13.13 (main, May 10 2026, 19:26:54) [Clang 22.1.3 ] # Embedded file name: data/rq3/cpython-3.13/unittest_seeds/raw/cpython_case_test_set_...",exit_1,"Traceback (most recent call last): File ""/root/PyBC-Sec/pybcSEC/data/rq4/harness.py"", line 29, in <module> result = target() File ""data/rq3/cpython-3.13/unittest_seeds/raw/cpython_case_test_set_TestSet_test_rich_compare.py"", line 6, in _...",,"decompyle3:error:# decompyle3 version 3.9.3 # Python bytecode version base 3.13.0 (3571) # Decompiled from: Python 3.13.13 (main, May 10 2026, 19:26:54) [Clang 22.1.3 ] # Embedded file name: data/rq3/cpython-3.13/unittest_seeds/raw/cpython_case_test_set_...;pylingual:error:────────────────────────────────────────────────────────────────────────────────────────────────────────────────────────────────────────────────────────────────────── ,ggggggggggg, ,gggg, dP""""""88""""""""""""Y8, d8"" ""8I ,dPYb, Yb, 88 `8b 88 ,dP...",decompyle3:not_run:;pylingual:not_run:
cpython-313,data/rq3/cpython-3.13/unique_bug_pyc/cpython-313-56c3cd5b95ad.pyc,no_source,"# decompyle3 version 3.9.3 # Python bytecode version base 3.13.0 (3571) # Decompiled from: Python 3.13.13 (main, May 10 2026, 19:26:54) [Clang 22.1.3 ] # Embedded file name: data/rq3/cpython-3.13/unittest_seeds/raw/cpython_case_test_dict...",crash,signal_11:,,"decompyle3:error:# decompyle3 version 3.9.3 # Python bytecode version base 3.13.0 (3571) # Decompiled from: Python 3.13.13 (main, May 10 2026, 19:26:54) [Clang 22.1.3 ] # Embedded file name: data/rq3/cpython-3.13/unittest_seeds/raw/cpython_case_test_dict...;pylingual:error:────────────────────────────────────────────────────────────────────────────────────────────────────────────────────────────────────────────────────────────────────── ,ggggggggggg, ,gggg, dP""""""88""""""""""""Y8, d8"" ""8I ,dPYb, Yb, 88 `8b 88 ,dP...",decompyle3:not_run:;pylingual:not_run:
cpython-313,data/rq3/cpython-3.13/unique_bug_pyc/cpython-313-577dadd26a2c.pyc,no_source,"# decompyle3 version 3.9.3 # Python bytecode version base 3.13.0 (3571) # Decompiled from: Python 3.13.13 (main, May 10 2026, 19:26:54) [Clang 22.1.3 ] # Embedded file name: data/rq3/cpython-3.13/unittest_seeds/raw/cpython_case_test_cmd_...",exit_1,"Traceback (most recent call last): File ""/root/PyBC-Sec/pybcSEC/data/rq4/harness.py"", line 29, in <module> result = target() File ""data/rq3/cpython-3.13/unittest_seeds/raw/cpython_case_test_cmd_line_script_CmdLineTest_test_issue8202.py"",...",,"decompyle3:error:# decompyle3 version 3.9.3 # Python bytecode version base 3.13.0 (3571) # Decompiled from: Python 3.13.13 (main, May 10 2026, 19:26:54) [Clang 22.1.3 ] # Embedded file name: data/rq3/cpython-3.13/unittest_seeds/raw/cpython_case_test_cmd_...;pylingual:error:────────────────────────────────────────────────────────────────────────────────────────────────────────────────────────────────────────────────────────────────────── ,ggggggggggg, ,gggg, dP""""""88""""""""""""Y8, d8"" ""8I ,dPYb, Yb, 88 `8b 88 ,dP...",decompyle3:not_run:;pylingual:not_run:
cpython-313,data/rq3/cpython-3.13/unique_bug_pyc/cpython-313-590708470a05.pyc,no_source,"# decompyle3 version 3.9.3 # Python bytecode version base 3.13.0 (3571) # Decompiled from: Python 3.13.13 (main, May 10 2026, 19:26:54) [Clang 22.1.3 ] # Embedded file name: data/rq3/cpython-3.13/unittest_seeds/raw/cpython_case_test_ipad...",crash,signal_11:,,"decompyle3:error:# decompyle3 version 3.9.3 # Python bytecode version base 3.13.0 (3571) # Decompiled from: Python 3.13.13 (main, May 10 2026, 19:26:54) [Clang 22.1.3 ] # Embedded file name: data/rq3/cpython-3.13/unittest_seeds/raw/cpython_case_test_ipad...;pylingual:error:────────────────────────────────────────────────────────────────────────────────────────────────────────────────────────────────────────────────────────────────────── ,ggggggggggg, ,gggg, dP""""""88""""""""""""Y8, d8"" ""8I ,dPYb, Yb, 88 `8b 88 ,dP...",decompyle3:not_run:;pylingual:not_run:
cpython-313,data/rq3/cpython-3.13/unique_bug_pyc/cpython-313-5ca24ef04e91.pyc,no_source,"# decompyle3 version 3.9.3 # Python bytecode version base 3.13.0 (3571) # Decompiled from: Python 3.13.13 (main, May 10 2026, 19:26:54) [Clang 22.1.3 ] # Embedded file name: data/rq3/cpython-3.13/unittest_seeds/raw/cpython_case_test_coro...",crash,signal_11:,,"decompyle3:error:# decompyle3 version 3.9.3 # Python bytecode version base 3.13.0 (3571) # Decompiled from: Python 3.13.13 (main, May 10 2026, 19:26:54) [Clang 22.1.3 ] # Embedded file name: data/rq3/cpython-3.13/unittest_seeds/raw/cpython_case_test_coro...;pylingual:error:────────────────────────────────────────────────────────────────────────────────────────────────────────────────────────────────────────────────────────────────────── ,ggggggggggg, ,gggg, dP""""""88""""""""""""Y8, d8"" ""8I ,dPYb, Yb, 88 `8b 88 ,dP...",decompyle3:not_run:;pylingual:not_run:
cpython-313,data/rq3/cpython-3.13/unique_bug_pyc/cpython-313-5e7737d50e37.pyc,no_source,"# decompyle3 version 3.9.3 # Python bytecode version base 3.13.0 (3571) # Decompiled from: Python 3.13.13 (main, May 10 2026, 19:26:54) [Clang 22.1.3 ] # Embedded file name: data9rq3/cpython-3.13/unittest_seeds/raw/cpython_case_test_http...",crash,signal_11:,,"decompyle3:error:# decompyle3 version 3.9.3 # Python bytecode version base 3.13.0 (3571) # Decompiled from: Python 3.13.13 (main, May 10 2026, 19:26:54) [Clang 22.1.3 ] # Embedded file name: data9rq3/cpython-3.13/unittest_seeds/raw/cpython_case_test_http...;pylingual:error:────────────────────────────────────────────────────────────────────────────────────────────────────────────────────────────────────────────────────────────────────── ,ggggggggggg, ,gggg, dP""""""88""""""""""""Y8, d8"" ""8I ,dPYb, Yb, 88 `8b 88 ,dP...",decompyle3:not_run:;pylingual:not_run:
cpython-313,data/rq3/cpython-3.13/unique_bug_pyc/cpython-313-5ea7b9bceeb5.pyc,no_source,"# decompyle3 version 3.9.3 # Python bytecode version base 3.13.0 (3571) # Decompiled from: Python 3.13.13 (main, May 10 2026, 19:26:54) [Clang 22.1.3 ] # Embedded file name: data/rq3/cpython-3.13/unittest_seeds/raw/cpython_case_test_supp...",crash,signal_11:,,"decompyle3:error:# decompyle3 version 3.9.3 # Python bytecode version base 3.13.0 (3571) # Decompiled from: Python 3.13.13 (main, May 10 2026, 19:26:54) [Clang 22.1.3 ] # Embedded file name: data/rq3/cpython-3.13/unittest_seeds/raw/cpython_case_test_supp...;pylingual:error:────────────────────────────────────────────────────────────────────────────────────────────────────────────────────────────────────────────────────────────────────── ,ggggggggggg, ,gggg, dP""""""88""""""""""""Y8, d8"" ""8I ,dPYb, Yb, 88 `8b 88 ,dP...",decompyle3:not_run:;pylingual:not_run:
cpython-313,data/rq3/cpython-3.13/unique_bug_pyc/cpython-313-61c6870c8510.pyc,no_source,"# decompyle3 version 3.9.3 # Python bytecode version base 3.13.0 (3571) # Decompiled from: Python 3.13.13 (main, May 10 2026, 19:26:54) [Clang 22.1.3 ] # Embedded file name: data/rq3/cpython-3.13/unittest_seeds/raw/cpython_case_test_http...",crash,signal_11:,,"decompyle3:error:# decompyle3 version 3.9.3 # Python bytecode version base 3.13.0 (3571) # Decompiled from: Python 3.13.13 (main, May 10 2026, 19:26:54) [Clang 22.1.3 ] # Embedded file name: data/rq3/cpython-3.13/unittest_seeds/raw/cpython_case_test_http...;pylingual:error:────────────────────────────────────────────────────────────────────────────────────────────────────────────────────────────────────────────────────────────────────── ,ggggggggggg, ,gggg, dP""""""88""""""""""""Y8, d8"" ""8I ,dPYb, Yb, 88 `8b 88 ,dP...",decompyle3:not_run:;pylingual:not_run:
cpython-313,data/rq3/cpython-3.13/unique_bug_pyc/cpython-313-632d045294ff.pyc,no_source,"# decompyle3 version 3.9.3 # Python bytecode version base 3.13.0 (3571) # Decompiled from: Python 3.13.13 (main, May 10 2026, 19:26:54) [Clang 22.1.3 ] # Embedded file name: data/rq3/cpython-3.13/unittest_seeds/raw/cpython_case_test_peep...",crash,signal_11:,,"decompyle3:error:# decompyle3 version 3.9.3 # Python bytecode version base 3.13.0 (3571) # Decompiled from: Python 3.13.13 (main, May 10 2026, 19:26:54) [Clang 22.1.3 ] # Embedded file name: data/rq3/cpython-3.13/unittest_seeds/raw/cpython_case_test_peep...;pylingual:error:────────────────────────────────────────────────────────────────────────────────────────────────────────────────────────────────────────────────────────────────────── ,ggggggggggg, ,gggg, dP""""""88""""""""""""Y8, d8"" ""8I ,dPYb, Yb, 88 `8b 88 ,dP...",decompyle3:not_run:;pylingual:not_run:
cpython-313,data/rq3/cpython-3.13/unique_bug_pyc/cpython-313-64284420656a.pyc,no_source,"# decompyle3 version 3.9.3 # Python bytecode version base 3.13.0 (3571) # Decompiled from: Python 3.13.13 (main, May 10 2026, 19:26:54) [Clang 22.1.3 ] # Embedded file name: data/rq3/cpython-3.13/unittest_seeds/raw/cpython_case_test_ssl_...",crash,signal_11:,,"decompyle3:error:# decompyle3 version 3.9.3 # Python bytecode version base 3.13.0 (3571) # Decompiled from: Python 3.13.13 (main, May 10 2026, 19:26:54) [Clang 22.1.3 ] # Embedded file name: data/rq3/cpython-3.13/unittest_seeds/raw/cpython_case_test_ssl_...;pylingual:error:────────────────────────────────────────────────────────────────────────────────────────────────────────────────────────────────────────────────────────────────────── ,ggggggggggg, ,gggg, dP""""""88""""""""""""Y8, d8"" ""8I ,dPYb, Yb, 88 `8b 88 ,dP...",decompyle3:not_run:;pylingual:not_run:
cpython-313,data/rq3/cpython-3.13/unique_bug_pyc/cpython-313-64d37cab9c51.pyc,no_source,"# decompyle3 version 3.9.3 # Python bytecode version base 3.13.0 (3571) # Decompiled from: Python 3.13.13 (main, May 10 2026, 19:26:54) [Clang 22.1.3 ] # Embedded file name: data/rq3/cpython-3.13/unittest_seeds/raw/cpython_case_test_copy...",crash,"signal_11:Traceback (most recent call last): File ""/root/PyBC-Sec/pybcSEC/data/rq4/harness.py"", line 29, in <module> result = target() File ""data/rq3/cpython-3.13/unittest_seeds/raw/cpython_case_test_copy_TestReplace_test_dataclass.py"", line 6, in...",,"decompyle3:error:# decompyle3 version 3.9.3 # Python bytecode version base 3.13.0 (3571) # Decompiled from: Python 3.13.13 (main, May 10 2026, 19:26:54) [Clang 22.1.3 ] # Embedded file name: data/rq3/cpython-3.13/unittest_seeds/raw/cpython_case_test_copy...;pylingual:error:────────────────────────────────────────────────────────────────────────────────────────────────────────────────────────────────────────────────────────────────────── ,ggggggggggg, ,gggg, dP""""""88""""""""""""Y8, d8"" ""8I ,dPYb, Yb, 88 `8b 88 ,dP...",decompyle3:not_run:;pylingual:not_run:
cpython-313,data/rq3/cpython-3.13/unique_bug_pyc/cpython-313-6549274fbe2c.pyc,no_source,"# decompyle3 version 3.9.3 # Python bytecode version base 3.13.0 (3571) # Decompiled from: Python 3.13.13 (main, May 10 2026, 19:26:54) [Clang 22.1.3 ] # Embedded file name: data/rq3/cpython-3.13/unittest_seeds/raw/cpython_case_test__int...",crash,signal_11:,,"decompyle3:error:# decompyle3 version 3.9.3 # Python bytecode version base 3.13.0 (3571) # Decompiled from: Python 3.13.13 (main, May 10 2026, 19:26:54) [Clang 22.1.3 ] # Embedded file name: data/rq3/cpython-3.13/unittest_seeds/raw/cpython_case_test__int...;pylingual:error:────────────────────────────────────────────────────────────────────────────────────────────────────────────────────────────────────────────────────────────────────── ,ggggggggggg, ,gggg, dP""""""88""""""""""""Y8, d8"" ""8I ,dPYb, Yb, 88 `8b 88 ,dP...",decompyle3:not_run:;pylingual:not_run:
cpython-313,data/rq3/cpython-3.13/unique_bug_pyc/cpython-313-66aab05d1c1f.pyc,no_source,"# decompyle3 version 3.9.3 # Python bytecode version base 3.13.0 (3571) # Decompiled from: Python 3.13.13 (main, May 10 2026, 19:26:54) [Clang 22.1.3 ] # Embedded file name: data/rq3/cpython-3.13/unittest_seeds/raw/cpython_case_test_clin...",crash,signal_11:,,"decompyle3:error:# decompyle3 version 3.9.3 # Python bytecode version base 3.13.0 (3571) # Decompiled from: Python 3.13.13 (main, May 10 2026, 19:26:54) [Clang 22.1.3 ] # Embedded file name: data/rq3/cpython-3.13/unittest_seeds/raw/cpython_case_test_clin...;pylingual:error:────────────────────────────────────────────────────────────────────────────────────────────────────────────────────────────────────────────────────────────────────── ,ggggggggggg, ,gggg, dP""""""88""""""""""""Y8, d8"" ""8I ,dPYb, Yb, 88 `8b 88 ,dP...",decompyle3:not_run:;pylingual:not_run:
cpython-313,data/rq3/cpython-3.13/unique_bug_pyc/cpython-313-67ca27a414de.pyc,no_source,/root/PyBC-Sec/pybcSEC/data/rq2/envs/cpython-313/lib/python3.13/site-packages/click/core.py:1262: UserWarning: The parameter --version is used more than once. Remove its duplicate as parameters should be unique. parser = self.make_parser...,crash,signal_11:,,"decompyle3:exit_-11:/root/PyBC-Sec/pybcSEC/data/rq2/envs/cpython-313/lib/python3.13/site-packages/click/core.py:1262: UserWarning: The parameter --version is used more than once. Remove its duplicate as parameters should be unique. parser = self.make_parser...;pylingual:error:────────────────────────────────────────────────────────────────────────────────────────────────────────────────────────────────────────────────────────────────────── ,ggggggggggg, ,gggg, dP""""""88""""""""""""Y8, d8"" ""8I ,dPYb, Yb, 88 `8b 88 ,dP...",decompyle3:not_run:;pylingual:not_run:
cpython-313,data/rq3/cpython-3.13/unique_bug_pyc/cpython-313-6863b298c62a.pyc,no_source,"# decompyle3 version 3.9.3 # Python bytecode version base 3.13.0 (3571) # Decompiled from: Python 3.13.13 (main, May 10 2026, 19:26:54) [Clang 22.1.3 ] # Embedded file name: data/rq3,þûóthon-3.13/unittest_seeds/raw/cpython_case_test__int...",crash,signal_11:,,"decompyle3:error:# decompyle3 version 3.9.3 # Python bytecode version base 3.13.0 (3571) # Decompiled from: Python 3.13.13 (main, May 10 2026, 19:26:54) [Clang 22.1.3 ] # Embedded file name: data/rq3,þûóthon-3.13/unittest_seeds/raw/cpython_case_test__int...;pylingual:error:────────────────────────────────────────────────────────────────────────────────────────────────────────────────────────────────────────────────────────────────────── ,ggggggggggg, ,gggg, dP""""""88""""""""""""Y8, d8"" ""8I ,dPYb, Yb, 88 `8b 88 ,dP...",decompyle3:not_run:;pylingual:not_run:
cpython-313,data/rq3/cpython-3.13/unique_bug_pyc/cpython-313-693a3b5ecd6f.pyc,no_source,"# decompyle3 version 3.9.3 # Python bytecode version base 3.13.0 (3571) # Decompiled from: Python 3.13.13 (main, May 10 2026, 19:26:54) [Clang 22.1.3 ] # Embedded file name: data/rq3/cpython-3.13/unittest_seeds/raw/cpython_case_test_curs...",crash,signal_11:,,"decompyle3:error:# decompyle3 version 3.9.3 # Python bytecode version base 3.13.0 (3571) # Decompiled from: Python 3.13.13 (main, May 10 2026, 19:26:54) [Clang 22.1.3 ] # Embedded file name: data/rq3/cpython-3.13/unittest_seeds/raw/cpython_case_test_curs...;pylingual:error:────────────────────────────────────────────────────────────────────────────────────────────────────────────────────────────────────────────────────────────────────── ,ggggggggggg, ,gggg, dP""""""88""""""""""""Y8, d8"" ""8I ,dPYb, Yb, 88 `8b 88 ,dP...",decompyle3:not_run:;pylingual:not_run:
cpython-313,data/rq3/cpython-3.13/unique_bug_pyc/cpython-313-69c465c245c7.pyc,no_source,"# decompyle3 version 3.9.3 # Python bytecode version base 3.13.0 (3571) # Decompiled from: Python 3.13.13 (main, May 10 2026, 19:26:54) [Clang 22.1.3 ] # Embedded file name: data/rq3/cpython-3.13/unittest_seeds/raw/cpython_case_test_stat...",crash,signal_11:,,"decompyle3:error:# decompyle3 version 3.9.3 # Python bytecode version base 3.13.0 (3571) # Decompiled from: Python 3.13.13 (main, May 10 2026, 19:26:54) [Clang 22.1.3 ] # Embedded file name: data/rq3/cpython-3.13/unittest_seeds/raw/cpython_case_test_stat...;pylingual:error:────────────────────────────────────────────────────────────────────────────────────────────────────────────────────────────────────────────────────────────────────── ,ggggggggggg, ,gggg, dP""""""88""""""""""""Y8, d8"" ""8I ,dPYb, Yb, 88 `8b 88 ,dP...",decompyle3:not_run:;pylingual:not_run:
cpython-313,data/rq3/cpython-3.13/unique_bug_pyc/cpython-313-6a4767163bae.pyc,no_source,"# decompyle3 version 3.9.3 # Python bytecode version base 3.13.0 (3571) # Decompiled from: Python 3.13.13 (main, May 10 2026, 19:26:54) [Clang 22.1.3 ] # Embedded file name: data/rq3/cpython-3.13/unittest_seeds/raw/cpython_case_test_desc...",crash,signal_11:,,"decompyle3:error:# decompyle3 version 3.9.3 # Python bytecode version base 3.13.0 (3571) # Decompiled from: Python 3.13.13 (main, May 10 2026, 19:26:54) [Clang 22.1.3 ] # Embedded file name: data/rq3/cpython-3.13/unittest_seeds/raw/cpython_case_test_desc...;pylingual:error:────────────────────────────────────────────────────────────────────────────────────────────────────────────────────────────────────────────────────────────────────── ,ggggggggggg, ,gggg, dP""""""88""""""""""""Y8, d8"" ""8I ,dPYb, Yb, 88 `8b 88 ,dP...",decompyle3:not_run:;pylingual:not_run:
cpython-313,data/rq3/cpython-3.13/unique_bug_pyc/cpython-313-6ee34f1783e0.pyc,no_source,"# decompyle3 version 3.9.3 # Python bytecode version base 3.13.0 (3571) # Decompiled from: Python 3.13.13 (main, May 10 2026, 19:26:54) [Clang 22.1.3 ] # Embedded file name: data/rq3/cpython-3.13/unittest_seeds/raw/cpython_case_test_math...",crash,signal_11:,,"decompyle3:error:# decompyle3 version 3.9.3 # Python bytecode version base 3.13.0 (3571) # Decompiled from: Python 3.13.13 (main, May 10 2026, 19:26:54) [Clang 22.1.3 ] # Embedded file name: data/rq3/cpython-3.13/unittest_seeds/raw/cpython_case_test_math...;pylingual:error:────────────────────────────────────────────────────────────────────────────────────────────────────────────────────────────────────────────────────────────────────── ,ggggggggggg, ,gggg, dP""""""88""""""""""""Y8, d8"" ""8I ,dPYb, Yb, 88 `8b 88 ,dP...",decompyle3:not_run:;pylingual:not_run:
cpython-313,data/rq3/cpython-3.13/unique_bug_pyc/cpython-313-71a6b5d83d8c.pyc,no_source,"# decompyle3 version 3.9.3 # Python bytecode version base 3.13.0 (3571) # Decompiled from: Python 3.13.13 (main, May 10 2026, 19:26:54) [Clang 22.1.3 ] # Embedded file name: data/rq3/cpython-3.13/unittest_seeds/raw/cpython_case_test_dict...",crash,signal_11:,,"decompyle3:error:# decompyle3 version 3.9.3 # Python bytecode version base 3.13.0 (3571) # Decompiled from: Python 3.13.13 (main, May 10 2026, 19:26:54) [Clang 22.1.3 ] # Embedded file name: data/rq3/cpython-3.13/unittest_seeds/raw/cpython_case_test_dict...;pylingual:error:────────────────────────────────────────────────────────────────────────────────────────────────────────────────────────────────────────────────────────────────────── ,ggggggggggg, ,gggg, dP""""""88""""""""""""Y8, d8"" ""8I ,dPYb, Yb, 88 `8b 88 ,dP...",decompyle3:not_run:;pylingual:not_run:
cpython-313,data/rq3/cpython-3.13/unique_bug_pyc/cpython-313-758233ecb9fa.pyc,no_source,"# decompyle3 version 3.9.3 # Python bytecode version base 3.13.0 (3571) # Decompiled from: Python 3.13.13 (main, May 10 2026, 19:26:54) [Clang 22.1.3 ] # Embedded file name: data/rq3/cpython-3.13/unittest_seeds/raw/cpython_case_test_gc_P...",crash,signal_11:,,"decompyle3:error:# decompyle3 version 3.9.3 # Python bytecode version base 3.13.0 (3571) # Decompiled from: Python 3.13.13 (main, May 10 2026, 19:26:54) [Clang 22.1.3 ] # Embedded file name: data/rq3/cpython-3.13/unittest_seeds/raw/cpython_case_test_gc_P...;pylingual:error:────────────────────────────────────────────────────────────────────────────────────────────────────────────────────────────────────────────────────────────────────── ,ggggggggggg, ,gggg, dP""""""88""""""""""""Y8, d8"" ""8I ,dPYb, Yb, 88 `8b 88 ,dP...",decompyle3:not_run:;pylingual:not_run:
cpython-313,data/rq3/cpython-3.13/unique_bug_pyc/cpython-313-76dadecc7f6b.pyc,no_source,"# decompyle3 version 3.9.3 # Python bytecode version base 3.13.0 (3571) # Decompiled from: Python 3.13.13 (main, May 10 2026, 19:26:54) [Clang 22.1.3 ] # Embedded file name: data/rq3/cpython-3.13/unittest_seeds/raw/cpython_case_test_coll...",crash,signal_11:,,"decompyle3:error:# decompyle3 version 3.9.3 # Python bytecode version base 3.13.0 (3571) # Decompiled from: Python 3.13.13 (main, May 10 2026, 19:26:54) [Clang 22.1.3 ] # Embedded file name: data/rq3/cpython-3.13/unittest_seeds/raw/cpython_case_test_coll...;pylingual:error:────────────────────────────────────────────────────────────────────────────────────────────────────────────────────────────────────────────────────────────────────── ,ggggggggggg, ,gggg, dP""""""88""""""""""""Y8, d8"" ""8I ,dPYb, Yb, 88 `8b 88 ,dP...",decompyle3:not_run:;pylingual:not_run:
cpython-313,data/rq3/cpython-3.13/unique_bug_pyc/cpython-313-76def08b72cb.pyc,no_source,"# decompyle3 version 3.9.3 # Python bytecode version base 3.13.0 (3571) # Decompiled from: Python 3.13.13 (main, May 10 2026, 19:26:54) [Clang 22.1.3 ] # Embedded file name: data/rq3/cpython-3.13/unittest_seeds/raw/cpython_case_test_arra...",crash,signal_6:python: malloc.c:2617: sysmalloc: Assertion `(old_top == initial_top (av) && old_size == 0) || ((unsigned long) (old_size) >= MINSIZE && prev_inuse (old_top) && ((unsigned long) old_end & (pagesize - 1)) == 0)' failed.,,"decompyle3:error:# decompyle3 version 3.9.3 # Python bytecode version base 3.13.0 (3571) # Decompiled from: Python 3.13.13 (main, May 10 2026, 19:26:54) [Clang 22.1.3 ] # Embedded file name: data/rq3/cpython-3.13/unittest_seeds/raw/cpython_case_test_arra...;pylingual:error:────────────────────────────────────────────────────────────────────────────────────────────────────────────────────────────────────────────────────────────────────── ,ggggggggggg, ,gggg, dP""""""88""""""""""""Y8, d8"" ""8I ,dPYb, Yb, 88 `8b 88 ,dP...",decompyle3:not_run:;pylingual:not_run:
cpython-313,data/rq3/cpython-3.13/unique_bug_pyc/cpython-313-782e3be9d630.pyc,no_source,"# decompyle3 version 3.9.3 # Python bytecode version base 3.13.0 (3571) # Decompiled from: Python 3.13.13 (main, May 10 2026, 19:26:54) [Clang 22.1.3 ] # Embedded file name: data/rq3/cpython-3.13/unittdst_seeds/raw/cpython_case_test_http...",crash,signal_11:,,"decompyle3:error:# decompyle3 version 3.9.3 # Python bytecode version base 3.13.0 (3571) # Decompiled from: Python 3.13.13 (main, May 10 2026, 19:26:54) [Clang 22.1.3 ] # Embedded file name: data/rq3/cpython-3.13/unittdst_seeds/raw/cpython_case_test_http...;pylingual:error:────────────────────────────────────────────────────────────────────────────────────────────────────────────────────────────────────────────────────────────────────── ,ggggggggggg, ,gggg, dP""""""88""""""""""""Y8, d8"" ""8I ,dPYb, Yb, 88 `8b 88 ,dP...",decompyle3:not_run:;pylingual:not_run:
cpython-313,data/rq3/cpython-3.13/unique_bug_pyc/cpython-313-783e2ef94b77.pyc,no_source,"# decompyle3 version 3.9.3 # Python bytecode version base 3.13.0 (3571) # Decompiled from: Python 3.13.13 (main, May 10 2026, 19:26:54) [Clang 22.1.3 ] # Embedded file name: data/rq3/cpython-3.13/unittest_seeds/raw/cpython_case_test_comp...",crash,signal_11:,,"decompyle3:error:# decompyle3 version 3.9.3 # Python bytecode version base 3.13.0 (3571) # Decompiled from: Python 3.13.13 (main, May 10 2026, 19:26:54) [Clang 22.1.3 ] # Embedded file name: data/rq3/cpython-3.13/unittest_seeds/raw/cpython_case_test_comp...;pylingual:error:────────────────────────────────────────────────────────────────────────────────────────────────────────────────────────────────────────────────────────────────────── ,ggggggggggg, ,gggg, dP""""""88""""""""""""Y8, d8"" ""8I ,dPYb, Yb, 88 `8b 88 ,dP...",decompyle3:not_run:;pylingual:not_run:
cpython-313,data/rq3/cpython-3.13/unique_bug_pyc/cpython-313-7b08a74855a7.pyc,no_source,"# decompyle3 version 3.9.3 # Python bytecode version base 3.13.0 (3571) # Decompiled from: Python 3.13.13 (main, May 10 2026, 19:26:54) [Clang 22.1.3 ] # Embedded file name: data/rq3/cpython-3.13/unittest_seeds/raw/cpython_case_test_prop...",crash,signal_11:,,"decompyle3:error:# decompyle3 version 3.9.3 # Python bytecode version base 3.13.0 (3571) # Decompiled from: Python 3.13.13 (main, May 10 2026, 19:26:54) [Clang 22.1.3 ] # Embedded file name: data/rq3/cpython-3.13/unittest_seeds/raw/cpython_case_test_prop...;pylingual:error:────────────────────────────────────────────────────────────────────────────────────────────────────────────────────────────────────────────────────────────────────── ,ggggggggggg, ,gggg, dP""""""88""""""""""""Y8, d8"" ""8I ,dPYb, Yb, 88 `8b 88 ,dP...",decompyle3:not_run:;pylingual:not_run:
cpython-313,data/rq3/cpython-3.13/unique_bug_pyc/cpython-313-7c3c7040a8a0.pyc,no_source,/root/PyBC-Sec/pybcSEC/data/rq2/envs/cpython-313/lib/python3.13/site-packages/click/core.py:1262: UserWarning: The parameter --version is used more than once. Remove its duplicate as parameters should be unique. parser = self.make_parser...,crash,signal_11:,,"decompyle3:exit_-11:/root/PyBC-Sec/pybcSEC/data/rq2/envs/cpython-313/lib/python3.13/site-packages/click/core.py:1262: UserWarning: The parameter --version is used more than once. Remove its duplicate as parameters should be unique. parser = self.make_parser...;pylingual:error:────────────────────────────────────────────────────────────────────────────────────────────────────────────────────────────────────────────────────────────────────── ,ggggggggggg, ,gggg, dP""""""88""""""""""""Y8, d8"" ""8I ,dPYb, Yb, 88 `8b 88 ,dP...",decompyle3:not_run:;pylingual:not_run:
cpython-313,data/rq3/cpython-3.13/unique_bug_pyc/cpython-313-7d037d3edbf6.pyc,no_source,"# decompyle3 version 3.9.3 # Python bytecode version base 3.13.0 (3571) # Decompiled from: Python 3.13.13 (main, May 10 2026, 19:26:54) [Clang 22.1.3 ] # Embedded file name: data/rq3/cpython-3.13/unittest_seeds/raw/cpython_case_test_gene...",exit_1,"Traceback (most recent call last): File ""/root/PyBC-Sec/pybcSEC/data/rq4/harness.py"", line 29, in <module> result = target() File ""data/rq3/cpython-3.13/unittest_seeds/raw/cpython_case_test_generated_cases_TestGeneratedCases_test_macro_p...",,"decompyle3:error:# decompyle3 version 3.9.3 # Python bytecode version base 3.13.0 (3571) # Decompiled from: Python 3.13.13 (main, May 10 2026, 19:26:54) [Clang 22.1.3 ] # Embedded file name: data/rq3/cpython-3.13/unittest_seeds/raw/cpython_case_test_gene...;pylingual:error:────────────────────────────────────────────────────────────────────────────────────────────────────────────────────────────────────────────────────────────────────── ,ggggggggggg, ,gggg, dP""""""88""""""""""""Y8, d8"" ""8I ,dPYb, Yb, 88 `8b 88 ,dP...",decompyle3:not_run:;pylingual:not_run:
cpython-313,data/rq3/cpython-3.13/unique_bug_pyc/cpython-313-7d64b1eadeef.pyc,no_source,"# decompyle3 version 3.9.3 # Python bytecode version base 3.13.0 (3571) # Decompiled from: Python 3.13.13 (main, May 10 2026, 19:26:54) [Clang 22.1.3 ] # Embedded file name: data/rq3/cpython-3.13/unittest_seeds/raw/cpython_case_test_xmlr...",crash,signal_11:,,"decompyle3:error:# decompyle3 version 3.9.3 # Python bytecode version base 3.13.0 (3571) # Decompiled from: Python 3.13.13 (main, May 10 2026, 19:26:54) [Clang 22.1.3 ] # Embedded file name: data/rq3/cpython-3.13/unittest_seeds/raw/cpython_case_test_xmlr...;pylingual:error:────────────────────────────────────────────────────────────────────────────────────────────────────────────────────────────────────────────────────────────────────── ,ggggggggggg, ,gggg, dP""""""88""""""""""""Y8, d8"" ""8I ,dPYb, Yb, 88 `8b 88 ,dP...",decompyle3:not_run:;pylingual:not_run:
cpython-313,data/rq3/cpython-3.13/unique_bug_pyc/cpython-313-7db927a10894.pyc,no_source,"# decompyle3 version 3.9.3 # Python bytecode version base 3.13.0 (3571) # Decompiled from: Python 3.13.13 (main, May 10 2026, 19:26:54) [Clang 22.1.3 ] # Embedded file name: data/rq3/cpython-3.13/unittest_seeds/raw/cpython_case_test_sour...",exit_1,"Traceback (most recent call last): File ""/root/PyBC-Sec/pybcSEC/data/rq4/harness.py"", line 29, in <module> result = target() File ""data/rq3/cpython-3.13/unittest_seeds/raw/cpython_case_test_source_encoding_MiscSourceEncodingTest_test_iss...",,"decompyle3:error:# decompyle3 version 3.9.3 # Python bytecode version base 3.13.0 (3571) # Decompiled from: Python 3.13.13 (main, May 10 2026, 19:26:54) [Clang 22.1.3 ] # Embedded file name: data/rq3/cpython-3.13/unittest_seeds/raw/cpython_case_test_sour...;pylingual:error:────────────────────────────────────────────────────────────────────────────────────────────────────────────────────────────────────────────────────────────────────── ,ggggggggggg, ,gggg, dP""""""88""""""""""""Y8, d8"" ""8I ,dPYb, Yb, 88 `8b 88 ,dP...",decompyle3:not_run:;pylingual:not_run:
cpython-313,data/rq3/cpython-3.13/unique_bug_pyc/cpython-313-7e08bd42b83c.pyc,no_source,"# decompyle3 version 3.9.3 # Python bytecode version base 3.13.0 (3571) # Decompiled from: Python 3.13.13 (main, May 10 2026, 19:26:54) [Clang 22.1.3 ] # Embedded file name: data/rq3/cpython-3.13/unittest_seeds/raw/cpython_case_test_gzip...",exit_1,"Traceback (most recent call last): File ""/root/PyBC-Sec/pybcSEC/data/rq4/harness.py"", line 29, in <module> result = target() File ""data/rq3/cpython-3.13/unittest_seeds/raw/cpython_case_test_gzip_TestGzip_test_flush_flushes_compressor.py""...",,"decompyle3:error:# decompyle3 version 3.9.3 # Python bytecode version base 3.13.0 (3571) # Decompiled from: Python 3.13.13 (main, May 10 2026, 19:26:54) [Clang 22.1.3 ] # Embedded file name: data/rq3/cpython-3.13/unittest_seeds/raw/cpython_case_test_gzip...;pylingual:error:────────────────────────────────────────────────────────────────────────────────────────────────────────────────────────────────────────────────────────────────────── ,ggggggggggg, ,gggg, dP""""""88""""""""""""Y8, d8"" ""8I ,dPYb, Yb, 88 `8b 88 ,dP...",decompyle3:not_run:;pylingual:not_run:
cpython-313,data/rq3/cpython-3.13/unique_bug_pyc/cpython-313-7ef4d2dad4e5.pyc,no_source,"# decompyle3 version 3.9.3 # Python bytecode version base 3.13.0 (3571) # Decompiled from: Python 3.13.13 (main, May 10 2026, 19:26:54) [Clang 22.1.3 ] # Embedded file name: data/rq3/cpython-3.13/unittest_seeds/raw/cpython_case_test_base...",crash,signal_11:,,"decompyle3:error:# decompyle3 version 3.9.3 # Python bytecode version base 3.13.0 (3571) # Decompiled from: Python 3.13.13 (main, May 10 2026, 19:26:54) [Clang 22.1.3 ] # Embedded file name: data/rq3/cpython-3.13/unittest_seeds/raw/cpython_case_test_base...;pylingual:error:────────────────────────────────────────────────────────────────────────────────────────────────────────────────────────────────────────────────────────────────────── ,ggggggggggg, ,gggg, dP""""""88""""""""""""Y8, d8"" ""8I ,dPYb, Yb, 88 `8b 88 ,dP...",decompyle3:not_run:;pylingual:not_run:
cpython-313,data/rq3/cpython-3.13/unique_bug_pyc/cpython-313-7f1d083a5c53.pyc,no_source,"# decompyle3 version 3.9.3 # Python bytecode version base 3.13.0 (3571) # Decompiled from: Python 3.13.13 (main, May 10 2026, 19:26:54) [Clang 22.1.3 ] # Embedded file name: data/rq3/cpython-3.13/unittest_seeds/raw/cpython_case_test_sign...",crash,signal_11:,,"decompyle3:error:# decompyle3 version 3.9.3 # Python bytecode version base 3.13.0 (3571) # Decompiled from: Python 3.13.13 (main, May 10 2026, 19:26:54) [Clang 22.1.3 ] # Embedded file name: data/rq3/cpython-3.13/unittest_seeds/raw/cpython_case_test_sign...;pylingual:error:────────────────────────────────────────────────────────────────────────────────────────────────────────────────────────────────────────────────────────────────────── ,ggggggggggg, ,gggg, dP""""""88""""""""""""Y8, d8"" ""8I ,dPYb, Yb, 88 `8b 88 ,dP...",decompyle3:not_run:;pylingual:not_run:
cpython-313,data/rq3/cpython-3.13/unique_bug_pyc/cpython-313-803a99e1484f.pyc,no_source,"# decompyle3 version 3.9.3 # Python bytecode version base 3.13.0 (3571) # Decompiled from: Python 3.13.13 (main, May 10 2026, 19:26:54) [Clang 22.1.3 ] # Embedded file name: data/rq3/cpython-3.13/unittest_seeds/raw/cpython_case_test_pow_...",crash,signal_11:,,"decompyle3:error:# decompyle3 version 3.9.3 # Python bytecode version base 3.13.0 (3571) # Decompiled from: Python 3.13.13 (main, May 10 2026, 19:26:54) [Clang 22.1.3 ] # Embedded file name: data/rq3/cpython-3.13/unittest_seeds/raw/cpython_case_test_pow_...;pylingual:error:────────────────────────────────────────────────────────────────────────────────────────────────────────────────────────────────────────────────────────────────────── ,ggggggggggg, ,gggg, dP""""""88""""""""""""Y8, d8"" ""8I ,dPYb, Yb, 88 `8b 88 ,dP...",decompyle3:not_run:;pylingual:not_run:
cpython-313,data/rq3/cpython-3.13/unique_bug_pyc/cpython-313-81dbe738e7a9.pyc,no_source,"# decompyle3 version 3.9.3 # Python bytecode version base 3.13.0 (3571) # Decompiled from: Python 3.13.13 (main, May 10 2026, 19:26:54) [Clang 22.1.3 ] # Embedded file name: data/rq3/cpython-3.13/unittest_seeds/raw/cpython_case_test_exce...",crash,signal_11:,,"decompyle3:error:# decompyle3 version 3.9.3 # Python bytecode version base 3.13.0 (3571) # Decompiled from: Python 3.13.13 (main, May 10 2026, 19:26:54) [Clang 22.1.3 ] # Embedded file name: data/rq3/cpython-3.13/unittest_seeds/raw/cpython_case_test_exce...;pylingual:error:────────────────────────────────────────────────────────────────────────────────────────────────────────────────────────────────────────────────────────────────────── ,ggggggggggg, ,gggg, dP""""""88""""""""""""Y8, d8"" ""8I ,dPYb, Yb, 88 `8b 88 ,dP...",decompyle3:not_run:;pylingual:not_run:
cpython-313,data/rq3/cpython-3.13/unique_bug_pyc/cpython-313-82438fdc039e.pyc,no_source,"# decompyle3 version 3.9.3 # Python bytecode version base 3.13.0 (3571) # Decompiled from: Python 3.13.13 (main, May 10 2026, 19:26:54) [Clang 22.1.3 ] # Embedded file name: data/rq3/cpython-3.13/unittest_seeds/raw/cpython_case_test_math...",crash,signal_11:,,"decompyle3:error:# decompyle3 version 3.9.3 # Python bytecode version base 3.13.0 (3571) # Decompiled from: Python 3.13.13 (main, May 10 2026, 19:26:54) [Clang 22.1.3 ] # Embedded file name: data/rq3/cpython-3.13/unittest_seeds/raw/cpython_case_test_math...;pylingual:error:────────────────────────────────────────────────────────────────────────────────────────────────────────────────────────────────────────────────────────────────────── ,ggggggggggg, ,gggg, dP""""""88""""""""""""Y8, d8"" ""8I ,dPYb, Yb, 88 `8b 88 ,dP...",decompyle3:not_run:;pylingual:not_run:
cpython-313,data/rq3/cpython-3.13/unique_bug_pyc/cpython-313-82b0d51f0414.pyc,no_source,"# decompyle3 version 3.9.3 # Python bytecode version base 3.13.0 (3571) # Decompiled from: Python 3.13.13 (main, May 10 2026, 19:26:54) [Clang 22.1.3 ] # Embedded file name: data/rq3/cpython-3.13/unittest_seeds/raw/cpython_case_test_utf8...",crash,signal_11:,,"decompyle3:error:# decompyle3 version 3.9.3 # Python bytecode version base 3.13.0 (3571) # Decompiled from: Python 3.13.13 (main, May 10 2026, 19:26:54) [Clang 22.1.3 ] # Embedded file name: data/rq3/cpython-3.13/unittest_seeds/raw/cpython_case_test_utf8...;pylingual:error:────────────────────────────────────────────────────────────────────────────────────────────────────────────────────────────────────────────────────────────────────── ,ggggggggggg, ,gggg, dP""""""88""""""""""""Y8, d8"" ""8I ,dPYb, Yb, 88 `8b 88 ,dP...",decompyle3:not_run:;pylingual:not_run:
cpython-313,data/rq3/cpython-3.13/unique_bug_pyc/cpython-313-83268c717577.pyc,no_source,"# decompyle3 version 3.9.3 # Python bytecode version base 3.13.0 (3571) # Decompiled from: Python 3.13.13 (main, May 10 2026, 19:26:54) [Clang 22.1.3 ] # Embedded file name: data/rq3/cpython-3.13/unittest_seeds/raw/cpython_case_test_math...",crash,signal_11:,,"decompyle3:error:# decompyle3 version 3.9.3 # Python bytecode version base 3.13.0 (3571) # Decompiled from: Python 3.13.13 (main, May 10 2026, 19:26:54) [Clang 22.1.3 ] # Embedded file name: data/rq3/cpython-3.13/unittest_seeds/raw/cpython_case_test_math...;pylingual:error:────────────────────────────────────────────────────────────────────────────────────────────────────────────────────────────────────────────────────────────────────── ,ggggggggggg, ,gggg, dP""""""88""""""""""""Y8, d8"" ""8I ,dPYb, Yb, 88 `8b 88 ,dP...",decompyle3:not_run:;pylingual:not_run:
cpython-313,data/rq3/cpython-3.13/unique_bug_pyc/cpython-313-83eea1ccf306.pyc,no_source,"# decompyle3 version 3.9.3 # Python bytecode version base 3.13.0 (3571) # Decompiled from: Python 3.13.13 (main, May 10 2026, 19:26:54) [Clang 22.1.3 ] # Embedded file name: data/rq3/cpython-3.13/unittest_seeds/raw/cpython_case_test_desc...",crash,signal_11:,,"decompyle3:error:# decompyle3 version 3.9.3 # Python bytecode version base 3.13.0 (3571) # Decompiled from: Python 3.13.13 (main, May 10 2026, 19:26:54) [Clang 22.1.3 ] # Embedded file name: data/rq3/cpython-3.13/unittest_seeds/raw/cpython_case_test_desc...;pylingual:error:────────────────────────────────────────────────────────────────────────────────────────────────────────────────────────────────────────────────────────────────────── ,ggggggggggg, ,gggg, dP""""""88""""""""""""Y8, d8"" ""8I ,dPYb, Yb, 88 `8b 88 ,dP...",decompyle3:not_run:;pylingual:not_run:
cpython-313,data/rq3/cpython-3.13/unique_bug_pyc/cpython-313-854d96bfd3b9.pyc,no_source,"# decompyle3 version 3.9.3 # Python bytecode version base 3.13.0 (3571) # Decompiled from: Python 3.13.13 (main, May 10 2026, 19:26:54) [Clang 22.1.3 ] # Embedded file name: data/rq3/cpython-3.13/unittest_seeds/raw/cpython_case_test_desc...",crash,signal_11:,,"decompyle3:error:# decompyle3 version 3.9.3 # Python bytecode version base 3.13.0 (3571) # Decompiled from: Python 3.13.13 (main, May 10 2026, 19:26:54) [Clang 22.1.3 ] # Embedded file name: data/rq3/cpython-3.13/unittest_seeds/raw/cpython_case_test_desc...;pylingual:error:────────────────────────────────────────────────────────────────────────────────────────────────────────────────────────────────────────────────────────────────────── ,ggggggggggg, ,gggg, dP""""""88""""""""""""Y8, d8"" ""8I ,dPYb, Yb, 88 `8b 88 ,dP...",decompyle3:not_run:;pylingual:not_run:
cpython-313,data/rq3/cpython-3.13/unique_bug_pyc/cpython-313-875c4e7f37f7.pyc,no_source,"# decompyle3 version 3.9.3 # Python bytecode version base 3.13.0 (3571) # Decompiled from: Python 3.13.13 (main, May 10 2026, 19:26:54) [Clang 22.1.3 ] # Embedded file name: data/rq3/cpython-3.13/unittest_seeds/raw/cpython_case_test_thre...",crash,signal_11:,,"decompyle3:error:# decompyle3 version 3.9.3 # Python bytecode version base 3.13.0 (3571) # Decompiled from: Python 3.13.13 (main, May 10 2026, 19:26:54) [Clang 22.1.3 ] # Embedded file name: data/rq3/cpython-3.13/unittest_seeds/raw/cpython_case_test_thre...;pylingual:error:────────────────────────────────────────────────────────────────────────────────────────────────────────────────────────────────────────────────────────────────────── ,ggggggggggg, ,gggg, dP""""""88""""""""""""Y8, d8"" ""8I ,dPYb, Yb, 88 `8b 88 ,dP...",decompyle3:not_run:;pylingual:not_run:
cpython-313,data/rq3/cpython-3.13/unique_bug_pyc/cpython-313-899320f7d86c.pyc,no_source,"# decompyle3 version 3.9.3 # Python bytecode version base 3.13.0 (3571) # Decompiled from: Python 3.13.13 (main, May 10 2026, 19:26:54) [Clang 22.1.3 ] # Embedded file name: data/rq3/cpython-3.13/unittest_seeds/raw/cpyvhon_case_test_gc_G...",exit_1,"Traceback (most recent call last): File ""/root/PyBC-Sec/pybcSEC/data/rq4/harness.py"", line 29, in <module> result = target() File ""data/rq3/cpython-3.13/unittest_seeds/raw/cpyvhon_case_test_gc_GCCallbackTests_test_collect_generation.py"",...",,"decompyle3:error:# decompyle3 version 3.9.3 # Python bytecode version base 3.13.0 (3571) # Decompiled from: Python 3.13.13 (main, May 10 2026, 19:26:54) [Clang 22.1.3 ] # Embedded file name: data/rq3/cpython-3.13/unittest_seeds/raw/cpyvhon_case_test_gc_G...;pylingual:error:────────────────────────────────────────────────────────────────────────────────────────────────────────────────────────────────────────────────────────────────────── ,ggggggggggg, ,gggg, dP""""""88""""""""""""Y8, d8"" ""8I ,dPYb, Yb, 88 `8b 88 ,dP...",decompyle3:not_run:;pylingual:not_run:
cpython-313,data/rq3/cpython-3.13/unique_bug_pyc/cpython-313-8aba73975828.pyc,no_source,"# decompyle3 version 3.9.3 # Python bytecode version base 3.13.0 (3571) # Decompiled from: Python 3.13.13 (main, May 10 2026, 19:26:54) [Clang 22.1.3 ] # Embedded file name: data/rq3/cpython-3.13/unittest_seeds/raw/cpython_case_test_exce...",crash,signal_11:,,"decompyle3:error:# decompyle3 version 3.9.3 # Python bytecode version base 3.13.0 (3571) # Decompiled from: Python 3.13.13 (main, May 10 2026, 19:26:54) [Clang 22.1.3 ] # Embedded file name: data/rq3/cpython-3.13/unittest_seeds/raw/cpython_case_test_exce...;pylingual:error:────────────────────────────────────────────────────────────────────────────────────────────────────────────────────────────────────────────────────────────────────── ,ggggggggggg, ,gggg, dP""""""88""""""""""""Y8, d8"" ""8I ,dPYb, Yb, 88 `8b 88 ,dP...",decompyle3:not_run:;pylingual:not_run:
cpython-313,data/rq3/cpython-3.13/unique_bug_pyc/cpython-313-8ac23cabb596.pyc,no_source,/root/PyBC-Sec/pybcSEC/data/rq2/envs/cpython-313/lib/python3.13/site-packages/click/core.py:1262: UserWarning: The parameter --version is used more than once. Remove its duplicate as parameters should be unique. parser = self.make_parser...,crash,signal_11:,,"decompyle3:exit_-11:/root/PyBC-Sec/pybcSEC/data/rq2/envs/cpython-313/lib/python3.13/site-packages/click/core.py:1262: UserWarning: The parameter --version is used more than once. Remove its duplicate as parameters should be unique. parser = self.make_parser...;pylingual:error:────────────────────────────────────────────────────────────────────────────────────────────────────────────────────────────────────────────────────────────────────── ,ggggggggggg, ,gggg, dP""""""88""""""""""""Y8, d8"" ""8I ,dPYb, Yb, 88 `8b 88 ,dP...",decompyle3:not_run:;pylingual:not_run:
cpython-313,data/rq3/cpython-3.13/unique_bug_pyc/cpython-313-8b259977140c.pyc,no_source,"# decompyle3 version 3.9.3 # Python bytecode version base 3.13.0 (3571) # Decompiled from: Python 3.13.13 (main, May 10 2026, 19:26:54) [Clang 22.1.3 ] # Embedded file name: data/rq3/cpython-3.13/unittest_seeds/raw/cpythohse_test_desc...",exit_1,"Traceback (most recent call last): File ""/root/PyBC-Sec/pybcSEC/data/rq4/harness.py"", line 29, in <module> result = target() File ""data/rq3/cpython-3.13/unittest_seeds/raw/cpythohse_test_descr_ClassPropertiesAndMethods_test_loac_attr_...",,"decompyle3:error:# decompyle3 version 3.9.3 # Python bytecode version base 3.13.0 (3571) # Decompiled from: Python 3.13.13 (main, May 10 2026, 19:26:54) [Clang 22.1.3 ] # Embedded file name: data/rq3/cpython-3.13/unittest_seeds/raw/cpythohse_test_desc...;pylingual:error:────────────────────────────────────────────────────────────────────────────────────────────────────────────────────────────────────────────────────────────────────── ,ggggggggggg, ,gggg, dP""""""88""""""""""""Y8, d8"" ""8I ,dPYb, Yb, 88 `8b 88 ,dP...",decompyle3:not_run:;pylingual:not_run:
cpython-313,data/rq3/cpython-3.13/unique_bug_pyc/cpython-313-8bb3216b6ddf.pyc,no_source,"# decompyle3 version 3.9.3 # Python bytecode version base 3.13.0 (3571) # Decompiled from: Python 3.13.13 (main, May 10 2026, 19:26:54) [Clang 22.1.3 ] # Embedded file name: data/rq3/cpython-3.13/unittest_seeds/raw/cpython_case_test_bool...",crash,signal_11:,,"decompyle3:error:# decompyle3 version 3.9.3 # Python bytecode version base 3.13.0 (3571) # Decompiled from: Python 3.13.13 (main, May 10 2026, 19:26:54) [Clang 22.1.3 ] # Embedded file name: data/rq3/cpython-3.13/unittest_seeds/raw/cpython_case_test_bool...;pylingual:error:────────────────────────────────────────────────────────────────────────────────────────────────────────────────────────────────────────────────────────────────────── ,ggggggggggg, ,gggg, dP""""""88""""""""""""Y8, d8"" ""8I ,dPYb, Yb, 88 `8b 88 ,dP...",decompyle3:not_run:;pylingual:not_run:
cpython-313,data/rq3/cpython-3.13/unique_bug_pyc/cpython-313-8cf84e3947d3.pyc,no_source,"# decompyle3 version 3.9.3 # Python bytecode version base 3.13.0 (3571) # Decompiled from: Python 3.13.13 (main, May 10 2026, 19:26:54) [Clang 22.1.3 ] # Embedded file name: data/rq3/cpython-3.13/unittest_seeds/raw/cpython_case_test_buff...",crash,signal_11:,,"decompyle3:error:# decompyle3 version 3.9.3 # Python bytecode version base 3.13.0 (3571) # Decompiled from: Python 3.13.13 (main, May 10 2026, 19:26:54) [Clang 22.1.3 ] # Embedded file name: data/rq3/cpython-3.13/unittest_seeds/raw/cpython_case_test_buff...;pylingual:error:────────────────────────────────────────────────────────────────────────────────────────────────────────────────────────────────────────────────────────────────────── ,ggggggggggg, ,gggg, dP""""""88""""""""""""Y8, d8"" ""8I ,dPYb, Yb, 88 `8b 88 ,dP...",decompyle3:not_run:;pylingual:not_run:
cpython-313,data/rq3/cpython-3.13/unique_bug_pyc/cpython-313-8e26ca7de03e.pyc,no_source,"# decompyle3 version 3.9.3 # Python bytecode version base 3.13.0 (3571) # Decompiled from: Python 3.13.13 (main, May 10 2026, 19:26:54) [Clang 22.1.3 ] # Embedded file name: data/rq3/cpython-3.13/unittest_seeds/raw/cpython_case_test_optp...",exit_1,"Traceback (most recent call last): File ""/root/PyBC-Sec/pybcSEC/data/rq4/harness.py"", line 29, in <module> result = target() File ""data/rq3/cpython-3.13/unittest_seeds/raw/cpython_case_test_optparse_TestStandard_test_required_value.py"", ...",,"decompyle3:error:# decompyle3 version 3.9.3 # Python bytecode version base 3.13.0 (3571) # Decompiled from: Python 3.13.13 (main, May 10 2026, 19:26:54) [Clang 22.1.3 ] # Embedded file name: data/rq3/cpython-3.13/unittest_seeds/raw/cpython_case_test_optp...;pylingual:error:────────────────────────────────────────────────────────────────────────────────────────────────────────────────────────────────────────────────────────────────────── ,ggggggggggg, ,gggg, dP""""""88""""""""""""Y8, d8"" ""8I ,dPYb, Yb, 88 `8b 88 ,dP...",decompyle3:not_run:;pylingual:not_run:
cpython-313,data/rq3/cpython-3.13/unique_bug_pyc/cpython-313-8e501416c7cd.pyc,no_source,"# decompyle3 version 3.9.3 # Python bytecode version base 3.13.0 (3571) # Decompiled from: Python 3.13.13 (main, May 10 2026, 19:26:54) [Clang 22.1.3 ] # Embedded file name: data/rq3/cpython-3.13/unittest_seeds/raw/cpython_case_test_desc...",crash,signal_11:,,"decompyle3:error:# decompyle3 version 3.9.3 # Python bytecode version base 3.13.0 (3571) # Decompiled from: Python 3.13.13 (main, May 10 2026, 19:26:54) [Clang 22.1.3 ] # Embedded file name: data/rq3/cpython-3.13/unittest_seeds/raw/cpython_case_test_desc...;pylingual:error:────────────────────────────────────────────────────────────────────────────────────────────────────────────────────────────────────────────────────────────────────── ,ggggggggggg, ,gggg, dP""""""88""""""""""""Y8, d8"" ""8I ,dPYb, Yb, 88 `8b 88 ,dP...",decompyle3:not_run:;pylingual:not_run:
cpython-313,data/rq3/cpython-3.13/unique_bug_pyc/cpython-313-908d05ef08b5.pyc,no_source,"# decompyle3 version 3.9.3 # Python bytecode version base 3.13.0 (3571) # Decompiled from: Python 3.13.13 (main, May 10 2026, 19:26:54) [Clang 22.1.3 ] # Embedded file name: data/rq3/cpython-3.13/u\\0\\0\\0\\0est_seeds/raw/cpython_case_test_exce...",crash,signal_11:,,"decompyle3:error:# decompyle3 version 3.9.3 # Python bytecode version base 3.13.0 (3571) # Decompiled from: Python 3.13.13 (main, May 10 2026, 19:26:54) [Clang 22.1.3 ] # Embedded file name: data/rq3/cpython-3.13/u\\0\\0\\0\\0est_seeds/raw/cpython_case_test_exce...;pylingual:error:────────────────────────────────────────────────────────────────────────────────────────────────────────────────────────────────────────────────────────────────────── ,ggggggggggg, ,gggg, dP""""""88""""""""""""Y8, d8"" ""8I ,dPYb, Yb, 88 `8b 88 ,dP...",decompyle3:not_run:;pylingual:not_run:
cpython-313,data/rq3/cpython-3.13/unique_bug_pyc/cpython-313-91804c1269fb.pyc,no_source,"# decompyle3 version 3.9.3 # Python bytecode version base 3.13.0 (3571) # Decompiled from: Python 3.13.13 (main, May 10 2026, 19:26:54) [Clang 22.1.3 ] # Embedded file name: data/rq3/cpython-3.13/unittest_seeds/raw/cpython_case_test_csv_...",crash,signal_11:,,"decompyle3:error:# decompyle3 version 3.9.3 # Python bytecode version base 3.13.0 (3571) # Decompiled from: Python 3.13.13 (main, May 10 2026, 19:26:54) [Clang 22.1.3 ] # Embedded file name: data/rq3/cpython-3.13/unittest_seeds/raw/cpython_case_test_csv_...;pylingual:error:────────────────────────────────────────────────────────────────────────────────────────────────────────────────────────────────────────────────────────────────────── ,ggggggggggg, ,gggg, dP""""""88""""""""""""Y8, d8"" ""8I ,dPYb, Yb, 88 `8b 88 ,dP...",decompyle3:not_run:;pylingual:not_run:
cpython-313,data/rq3/cpython-3.13/unique_bug_pyc/cpython-313-93664ef27778.pyc,no_source,"# decompyle3 version 3.9.3 # Python bytecode version base 3.13.0 (3571) # Decompiled from: Python 3.13.13 (main, May 10 2026, 19:26:54) [Clang 22.1.3 ] # Embedded file name: data/rq3/cpython-3.13/unittest_seeds/raw/cpython_case_test_math...",crash,signal_11:,,"decompyle3:error:# decompyle3 version 3.9.3 # Python bytecode version base 3.13.0 (3571) # Decompiled from: Python 3.13.13 (main, May 10 2026, 19:26:54) [Clang 22.1.3 ] # Embedded file name: data/rq3/cpython-3.13/unittest_seeds/raw/cpython_case_test_math...;pylingual:error:────────────────────────────────────────────────────────────────────────────────────────────────────────────────────────────────────────────────────────────────────── ,ggggggggggg, ,gggg, dP""""""88""""""""""""Y8, d8"" ""8I ,dPYb, Yb, 88 `8b 88 ,dP...",decompyle3:not_run:;pylingual:not_run:
cpython-313,data/rq3/cpython-3.13/unique_bug_pyc/cpython-313-9501d32bec8d.pyc,no_source,"# decompyle3 version 3.9.3 # Python bytecode version base 3.13.0 (3571) # Decompiled from: Python 3.13.13 (main, May 10 2026, 19:26:54) [Clang 22.1.3 ] # Embedded file name: data/rq3/cpython-3.13/unittest_seeds/raw/cpython_case_test_tarf...",crash,signal_11:,,"decompyle3:error:# decompyle3 version 3.9.3 # Python bytecode version base 3.13.0 (3571) # Decompiled from: Python 3.13.13 (main, May 10 2026, 19:26:54) [Clang 22.1.3 ] # Embedded file name: data/rq3/cpython-3.13/unittest_seeds/raw/cpython_case_test_tarf...;pylingual:error:────────────────────────────────────────────────────────────────────────────────────────────────────────────────────────────────────────────────────────────────────── ,ggggggggggg, ,gggg, dP""""""88""""""""""""Y8, d8"" ""8I ,dPYb, Yb, 88 `8b 88 ,dP...",decompyle3:not_run:;pylingual:not_run:
cpython-313,data/rq3/cpython-3.13/unique_bug_pyc/cpython-313-964be44a9f95.pyc,no_source,"# decompyle3 version 3.9.3 # Python bytecode version base 3.13.0 (3571) # Decompiled from: Python 3.13.13 (main, May 10 2026, 19:26:54) [Clang 22.1.3 ] # Embedded file name: data/rq3/cpython-3.13/unittest_seeds/raw/cpython_case_test_csv_...",crash,"signal_11:Traceback (most recent call last): File ""/root/PyBC-Sec/pybcSEC/data/rq4/harness.py"", line 26, in <module> exec(code, namespace, namespace) ~~~~^^^^^^^^^^^^^^^^^^^^^^^^^^^^ File ""data/rq3/cpython-3.13/unittest_seeds/raw/cpython_case_test...",,"decompyle3:error:# decompyle3 version 3.9.3 # Python bytecode version base 3.13.0 (3571) # Decompiled from: Python 3.13.13 (main, May 10 2026, 19:26:54) [Clang 22.1.3 ] # Embedded file name: data/rq3/cpython-3.13/unittest_seeds/raw/cpython_case_test_csv_...;pylingual:error:────────────────────────────────────────────────────────────────────────────────────────────────────────────────────────────────────────────────────────────────────── ,ggggggggggg, ,gggg, dP""""""88""""""""""""Y8, d8"" ""8I ,dPYb, Yb, 88 `8b 88 ,dP...",decompyle3:not_run:;pylingual:not_run:
cpython-313,data/rq3/cpython-3.13/unique_bug_pyc/cpython-313-991754bce6f7.pyc,no_source,"# decompyle3 version 3.9.3 # Python bytecode version base 3.13.0 (3571) # Decompiled from: Python 3.13.13 (main, May 10 2026, 19:26:54) [Clang 22.1.3 ] # Embedded file name: data/rq3/cpython-3.13/unittest_seeds/raw/cpython_case_test_base...",crash,signal_11:,,"decompyle3:error:# decompyle3 version 3.9.3 # Python bytecode version base 3.13.0 (3571) # Decompiled from: Python 3.13.13 (main, May 10 2026, 19:26:54) [Clang 22.1.3 ] # Embedded file name: data/rq3/cpython-3.13/unittest_seeds/raw/cpython_case_test_base...;pylingual:error:────────────────────────────────────────────────────────────────────────────────────────────────────────────────────────────────────────────────────────────────────── ,ggggggggggg, ,gggg, dP""""""88""""""""""""Y8, d8"" ""8I ,dPYb, Yb, 88 `8b 88 ,dP...",decompyle3:not_run:;pylingual:not_run:
cpython-313,data/rq3/cpython-3.13/unique_bug_pyc/cpython-313-9d9f2baa2bcd.pyc,no_source,"# decompyle3 version 3.9.3 # Python bytecode version base 3.13.0 (3571) # Decompiled from: Python 3.13.13 (main, May 10 2026, 19:26:54) [Clang 22.1.3 ] # Embedded file name: data/rq3/cpython-3.13/unittest_seeds/raw/cpython_case_test_http...",crash,signal_11:,,"decompyle3:error:# decompyle3 version 3.9.3 # Python bytecode version base 3.13.0 (3571) # Decompiled from: Python 3.13.13 (main, May 10 2026, 19:26:54) [Clang 22.1.3 ] # Embedded file name: data/rq3/cpython-3.13/unittest_seeds/raw/cpython_case_test_http...;pylingual:error:────────────────────────────────────────────────────────────────────────────────────────────────────────────────────────────────────────────────────────────────────── ,ggggggggggg, ,gggg, dP""""""88""""""""""""Y8, d8"" ""8I ,dPYb, Yb, 88 `8b 88 ,dP...",decompyle3:not_run:;pylingual:not_run:
cpython-313,data/rq3/cpython-3.13/unique_bug_pyc/cpython-313-9eb1261f0e90.pyc,no_source,"# decompyle3 version 3.9.3 # Python bytecode version base 3.13.0 (3571) # Decompiled from: Python 3.13.13 (main, May 10 2026, 19:26:54) [Clang 22.1.3 ] # Embedded file name: data/rq3/cpython-3.13/unittest_seeds/raw/cpython_case_test_site...",crash,signal_11:,,"decompyle3:error:# decompyle3 version 3.9.3 # Python bytecode version base 3.13.0 (3571) # Decompiled from: Python 3.13.13 (main, May 10 2026, 19:26:54) [Clang 22.1.3 ] # Embedded file name: data/rq3/cpython-3.13/unittest_seeds/raw/cpython_case_test_site...;pylingual:error:────────────────────────────────────────────────────────────────────────────────────────────────────────────────────────────────────────────────────────────────────── ,ggggggggggg, ,gggg, dP""""""88""""""""""""Y8, d8"" ""8I ,dPYb, Yb, 88 `8b 88 ,dP...",decompyle3:not_run:;pylingual:not_run:
cpython-313,data/rq3/cpython-3.13/unique_bug_pyc/cpython-313-9fa5077d9d01.pyc,no_source,"# decompyle3 version 3.9.3 # Python bytecode version base 3.13.0 (3571) # Decompiled from: Python 3.13.13 (main, May 10 2026, 19:26:54) [Clang 22.1.3 ] # Embedded file name: data/rq3/cpython-3.13/unittest_seeds/raw/cpython_case_test_strp...",crash,signal_11:,,"decompyle3:error:# decompyle3 version 3.9.3 # Python bytecode version base 3.13.0 (3571) # Decompiled from: Python 3.13.13 (main, May 10 2026, 19:26:54) [Clang 22.1.3 ] # Embedded file name: data/rq3/cpython-3.13/unittest_seeds/raw/cpython_case_test_strp...;pylingual:error:────────────────────────────────────────────────────────────────────────────────────────────────────────────────────────────────────────────────────────────────────── ,ggggggggggg, ,gggg, dP""""""88""""""""""""Y8, d8"" ""8I ,dPYb, Yb, 88 `8b 88 ,dP...",decompyle3:not_run:;pylingual:not_run:
cpython-313,data/rq3/cpython-3.13/unique_bug_pyc/cpython-313-a10d485bf9a1.pyc,no_source,/root/PyBC-Sec/pybcSEC/data/rq2/envs/cpython-313/lib/python3.13/site-packages/click/core.py:1262: UserWarning: The parameter --version is used more than once. Remove its duplicate as parameters should be unique. parser = self.make_parser...,crash,signal_11:,,"decompyle3:exit_1:/root/PyBC-Sec/pybcSEC/data/rq2/envs/cpython-313/lib/python3.13/site-packages/click/core.py:1262: UserWarning: The parameter --version is used more than once. Remove its duplicate as parameters should be unique. parser = self.make_parser...;pylingual:error:────────────────────────────────────────────────────────────────────────────────────────────────────────────────────────────────────────────────────────────────────── ,ggggggggggg, ,gggg, dP""""""88""""""""""""Y8, d8"" ""8I ,dPYb, Yb, 88 `8b 88 ,dP...",decompyle3:not_run:;pylingual:not_run:
cpython-313,data/rq3/cpython-3.13/unique_bug_pyc/cpython-313-a1729b3d688a.pyc,no_source,"# decompyle3 version 3.9.3 # Python bytecode version base 3.13.0 (3571) # Decompiled from: Python 3.13.13 (main, May 10 2026, 19:26:54) [Clang 22.1.3 ] # Embedded file name: data/rq3/cpython-3.13/unittest_seeds/raw/cpython_case_test_sax_...",crash,signal_11:,,"decompyle3:error:# decompyle3 version 3.9.3 # Python bytecode version base 3.13.0 (3571) # Decompiled from: Python 3.13.13 (main, May 10 2026, 19:26:54) [Clang 22.1.3 ] # Embedded file name: data/rq3/cpython-3.13/unittest_seeds/raw/cpython_case_test_sax_...;pylingual:error:────────────────────────────────────────────────────────────────────────────────────────────────────────────────────────────────────────────────────────────────────── ,ggggggggggg, ,gggg, dP""""""88""""""""""""Y8, d8"" ""8I ,dPYb, Yb, 88 `8b 88 ,dP...",decompyle3:not_run:;pylingual:not_run:
cpython-313,data/rq3/cpython-3.13/unique_bug_pyc/cpython-313-a217794e6047.pyc,no_source,"# decompyle3 version 3.9.3 # Python bytecode version base 3.13.0 (3571) # Decompiled from: Python 3.13.13 (main, May 10 2026, 19:26:54) [Clang 22.1.3 ] # Embedded file name: data/rq3/cpython-3.13/unittest_seeds/raw/cpython_case_test_int_...",crash,signal_11:,,"decompyle3:error:# decompyle3 version 3.9.3 # Python bytecode version base 3.13.0 (3571) # Decompiled from: Python 3.13.13 (main, May 10 2026, 19:26:54) [Clang 22.1.3 ] # Embedded file name: data/rq3/cpython-3.13/unittest_seeds/raw/cpython_case_test_int_...;pylingual:error:────────────────────────────────────────────────────────────────────────────────────────────────────────────────────────────────────────────────────────────────────── ,ggggggggggg, ,gggg, dP""""""88""""""""""""Y8, d8"" ""8I ,dPYb, Yb, 88 `8b 88 ,dP...",decompyle3:not_run:;pylingual:not_run:
cpython-313,data/rq3/cpython-3.13/unique_bug_pyc/cpython-313-a5402b3d060a.pyc,no_source,"# decompyle3 version 3.9.3 # Python bytecode version base 3.13.0 (3571) # Decompiled from: Python 3.13.13 (main, May 10 2026, 19:26:54) [Clang 22.1.3 ] # Embedded file name: data/rq3/cpython-3.13/unittest_seeds/raw/cpython_case_test_file...",crash,signal_11:,,"decompyle3:error:# decompyle3 version 3.9.3 # Python bytecode version base 3.13.0 (3571) # Decompiled from: Python 3.13.13 (main, May 10 2026, 19:26:54) [Clang 22.1.3 ] # Embedded file name: data/rq3/cpython-3.13/unittest_seeds/raw/cpython_case_test_file...;pylingual:error:────────────────────────────────────────────────────────────────────────────────────────────────────────────────────────────────────────────────────────────────────── ,ggggggggggg, ,gggg, dP""""""88""""""""""""Y8, d8"" ""8I ,dPYb, Yb, 88 `8b 88 ,dP...",decompyle3:not_run:;pylingual:not_run:
cpython-313,data/rq3/cpython-3.13/unique_bug_pyc/cpython-313-a5c32e005e21.pyc,no_source,"# decompyle3 version 3.9.3 # Python bytecode version base 3.13.0 (3571) # Decompiled from: Python 3.13.13 (main, May 10 2026, 19:26:54) [Clang 22.1.3 ] # Embedded file name: data/rq3/cpythoo-3.13/unittest_seeds/raw/cpython_case_test_toke...",crash,signal_11:,,"decompyle3:error:# decompyle3 version 3.9.3 # Python bytecode version base 3.13.0 (3571) # Decompiled from: Python 3.13.13 (main, May 10 2026, 19:26:54) [Clang 22.1.3 ] # Embedded file name: data/rq3/cpythoo-3.13/unittest_seeds/raw/cpython_case_test_toke...;pylingual:error:────────────────────────────────────────────────────────────────────────────────────────────────────────────────────────────────────────────────────────────────────── ,ggggggggggg, ,gggg, dP""""""88""""""""""""Y8, d8"" ""8I ,dPYb, Yb, 88 `8b 88 ,dP...",decompyle3:not_run:;pylingual:not_run:
cpython-313,data/rq3/cpython-3.13/unique_bug_pyc/cpython-313-a65adc8929c4.pyc,no_source,"# decompyle3 version 3.9.3 # Python bytecode version base 3.13.0 (3571) # Decompiled from: Python 3.13.13 (main, May 10 2026, 19:26:54) [Clang 22.1.3 ] # Embedded file name: data/rq3/cpython-3.13/unittest_seeds/raw/cpython_case_test_gene...",crash,signal_11:,,"decompyle3:error:# decompyle3 version 3.9.3 # Python bytecode version base 3.13.0 (3571) # Decompiled from: Python 3.13.13 (main, May 10 2026, 19:26:54) [Clang 22.1.3 ] # Embedded file name: data/rq3/cpython-3.13/unittest_seeds/raw/cpython_case_test_gene...;pylingual:error:────────────────────────────────────────────────────────────────────────────────────────────────────────────────────────────────────────────────────────────────────── ,ggggggggggg, ,gggg, dP""""""88""""""""""""Y8, d8"" ""8I ,dPYb, Yb, 88 `8b 88 ,dP...",decompyle3:not_run:;pylingual:not_run:
cpython-313,data/rq3/cpython-3.13/unique_bug_pyc/cpython-313-a96cd9e9fb7b.pyc,no_source,"# decompyle3 version 3.9.3 # Python bytecode version base 3.13.0 (3571) # Decompiled from: Python 3.13.13 (main, May 10 2026, 19:26:54) [Clang 22.1.3 ] # Embedded file name: data/rq3/cpython-3.13/unittest_seeds/raw/cpython_case_test_stat...",crash,signal_11:,,"decompyle3:error:# decompyle3 version 3.9.3 # Python bytecode version base 3.13.0 (3571) # Decompiled from: Python 3.13.13 (main, May 10 2026, 19:26:54) [Clang 22.1.3 ] # Embedded file name: data/rq3/cpython-3.13/unittest_seeds/raw/cpython_case_test_stat...;pylingual:error:────────────────────────────────────────────────────────────────────────────────────────────────────────────────────────────────────────────────────────────────────── ,ggggggggggg, ,gggg, dP""""""88""""""""""""Y8, d8"" ""8I ,dPYb, Yb, 88 `8b 88 ,dP...",decompyle3:not_run:;pylingual:not_run:
cpython-313,data/rq3/cpython-3.13/unique_bug_pyc/cpython-313-a97e537897e5.pyc,no_source,"# decompyle3 version 3.9.3 # Python bytecode version base 3.13.0 (3571) # Decompiled from: Python 3.13.13 (main, May 10 2026, 19:26:54) [Clang 22.1.3 ] # Embedded file name: data/rq3/cpython-3.13/unittest_seeds/raw/cpython_case_test_asyn...",crash,signal_11:,,"decompyle3:error:# decompyle3 version 3.9.3 # Python bytecode version base 3.13.0 (3571) # Decompiled from: Python 3.13.13 (main, May 10 2026, 19:26:54) [Clang 22.1.3 ] # Embedded file name: data/rq3/cpython-3.13/unittest_seeds/raw/cpython_case_test_asyn...;pylingual:error:────────────────────────────────────────────────────────────────────────────────────────────────────────────────────────────────────────────────────────────────────── ,ggggggggggg, ,gggg, dP""""""88""""""""""""Y8, d8"" ""8I ,dPYb, Yb, 88 `8b 88 ,dP...",decompyle3:not_run:;pylingual:not_run:
cpython-313,data/rq3/cpython-3.13/unique_bug_pyc/cpython-313-a9e48d0a3405.pyc,no_source,"# decompyle3 version 3.9.3 # Python bytecode version base 3.13.0 (3571) # Decompiled from: Python 3.13.13 (main, May 10 2026, 19:26:54) [Clang 22.1.3 ] # Embedded file name: data/rq3/cpython-3.13/unittest_seeds/raw/cpython_case_test_ucn_...",crash,signal_11:,,"decompyle3:error:# decompyle3 version 3.9.3 # Python bytecode version base 3.13.0 (3571) # Decompiled from: Python 3.13.13 (main, May 10 2026, 19:26:54) [Clang 22.1.3 ] # Embedded file name: data/rq3/cpython-3.13/unittest_seeds/raw/cpython_case_test_ucn_...;pylingual:error:────────────────────────────────────────────────────────────────────────────────────────────────────────────────────────────────────────────────────────────────────── ,ggggggggggg, ,gggg, dP""""""88""""""""""""Y8, d8"" ""8I ,dPYb, Yb, 88 `8b 88 ,dP...",decompyle3:not_run:;pylingual:not_run:
cpython-313,data/rq3/cpython-3.13/unique_bug_pyc/cpython-313-aa9928d31aff.pyc,no_source,"# decompyle3 version 3.9.3 # Python bytecode version base 3.13.0 (3571) # Decompiled from: Python 3.13.13 (main, May 10 2026, 19:26:54) [Clang 22.1.3 ] # Embedded file name: data/rq3/cpython-3.13/unittest_seeds/raw/cpython_case_test_utf8...",crash,signal_11:,,"decompyle3:error:# decompyle3 version 3.9.3 # Python bytecode version base 3.13.0 (3571) # Decompiled from: Python 3.13.13 (main, May 10 2026, 19:26:54) [Clang 22.1.3 ] # Embedded file name: data/rq3/cpython-3.13/unittest_seeds/raw/cpython_case_test_utf8...;pylingual:error:────────────────────────────────────────────────────────────────────────────────────────────────────────────────────────────────────────────────────────────────────── ,ggggggggggg, ,gggg, dP""""""88""""""""""""Y8, d8"" ""8I ,dPYb, Yb, 88 `8b 88 ,dP...",decompyle3:not_run:;pylingual:not_run:
cpython-313,data/rq3/cpython-3.13/unique_bug_pyc/cpython-313-abf59634ba58.pyc,no_source,"# decompyle3 version 3.9.3 # Python bytecode version base 3.13.0 (3571) # Decompiled from: Python 3.13.13 (main, May 10 2026, 19:26:54) [Clang 22.1.3 ] # Embedded file name: data/rq3/cpython-3.13/\\0\\0a\\0\\0\\\\0""\\05eds/raw/cpython_case_test_coro...",crash,signal_11:,,"decompyle3:error:# decompyle3 version 3.9.3 # Python bytecode version base 3.13.0 (3571) # Decompiled from: Python 3.13.13 (main, May 10 2026, 19:26:54) [Clang 22.1.3 ] # Embedded file name: data/rq3/cpython-3.13/\\0\\0a\\0\\0\\\\0""\\05eds/raw/cpython_case_test_coro...;pylingual:error:────────────────────────────────────────────────────────────────────────────────────────────────────────────────────────────────────────────────────────────────────── ,ggggggggggg, ,gggg, dP""""""88""""""""""""Y8, d8"" ""8I ,dPYb, Yb, 88 `8b 88 ,dP...",decompyle3:not_run:;pylingual:not_run:
cpython-313,data/rq3/cpython-3.13/unique_bug_pyc/cpython-313-b000b9a2542b.pyc,no_source,"# decompyle3 version 3.9.3 # Python bytecode version base 3.13.0 (3571) # Decompiled from: Python 3.13.13 (main, May 10 2026, 19:26:54) [Clang 22.1.3 ] # Embedded file name: data/rq3/cpython-3.13/unittest_seeds/raw/cpython_case_test_dict...",crash,"signal_11:Traceback (most recent call last): File ""/root/PyBC-Sec/pybcSEC/data/rq4/harness.py"", line 29, in <module> result = target() File ""data/rq3/cpython-3.13/unittest_seeds/raw/cpython_case_test_dict_DictTest_test_dictitems_contains_use_after...",,"decompyle3:error:# decompyle3 version 3.9.3 # Python bytecode version base 3.13.0 (3571) # Decompiled from: Python 3.13.13 (main, May 10 2026, 19:26:54) [Clang 22.1.3 ] # Embedded file name: data/rq3/cpython-3.13/unittest_seeds/raw/cpython_case_test_dict...;pylingual:error:────────────────────────────────────────────────────────────────────────────────────────────────────────────────────────────────────────────────────────────────────── ,ggggggggggg, ,gggg, dP""""""88""""""""""""Y8, d8"" ""8I ,dPYb, Yb, 88 `8b 88 ,dP...",decompyle3:not_run:;pylingual:not_run:
cpython-313,data/rq3/cpython-3.13/unique_bug_pyc/cpython-313-b2ea95eec746.pyc,no_source,"# decompyle3 version 3.9.3 # Python bytecode version base 3.13.0 (3571) # Decompiled from: Python 3.13.13 (main, May 10 2026, 19:26:54) [Clang 22.1.3 ] # Embedded file name: data/rq3/cpython-3.13/unittest_seedr/raw/cpython_case_test_cmat...",crash,signal_11:,,"decompyle3:error:# decompyle3 version 3.9.3 # Python bytecode version base 3.13.0 (3571) # Decompiled from: Python 3.13.13 (main, May 10 2026, 19:26:54) [Clang 22.1.3 ] # Embedded file name: data/rq3/cpython-3.13/unittest_seedr/raw/cpython_case_test_cmat...;pylingual:error:────────────────────────────────────────────────────────────────────────────────────────────────────────────────────────────────────────────────────────────────────── ,ggggggggggg, ,gggg, dP""""""88""""""""""""Y8, d8"" ""8I ,dPYb, Yb, 88 `8b 88 ,dP...",decompyle3:not_run:;pylingual:not_run:
cpython-313,data/rq3/cpython-3.13/unique_bug_pyc/cpython-313-b3821bd0cdcd.pyc,no_source,"# decompyle3 version 3.9.3 # Python bytecode version base 3.13.0 (3571) # Decompiled from: Python 3.13.13 (main, May 10 2026, 19:26:54) [Clang 22.1.3 ] # Embedded file name: data/rq3/cpython-3.13/unittest_seeds/raw/cpython_case_test_gett...",crash,signal_11:,,"decompyle3:error:# decompyle3 version 3.9.3 # Python bytecode version base 3.13.0 (3571) # Decompiled from: Python 3.13.13 (main, May 10 2026, 19:26:54) [Clang 22.1.3 ] # Embedded file name: data/rq3/cpython-3.13/unittest_seeds/raw/cpython_case_test_gett...;pylingual:error:────────────────────────────────────────────────────────────────────────────────────────────────────────────────────────────────────────────────────────────────────── ,ggggggggggg, ,gggg, dP""""""88""""""""""""Y8, d8"" ""8I ,dPYb, Yb, 88 `8b 88 ,dP...",decompyle3:not_run:;pylingual:not_run:
cpython-313,data/rq3/cpython-3.13/unique_bug_pyc/cpython-313-b7a3790126d5.pyc,no_source,"# decompyle3 version 3.9.3 # Python bytecode version base 3.13.0 (3571) # Decompiled from: Python 3.13.13 (main, May 10 2026, 19:26:54) [Clang 22.1.3 ] # Embedded file name: data/rq3/cpython-3.13/unittest_seeds/raw/cpython_case_test_logg...",crash,signal_11:,,"decompyle3:error:# decompyle3 version 3.9.3 # Python bytecode version base 3.13.0 (3571) # Decompiled from: Python 3.13.13 (main, May 10 2026, 19:26:54) [Clang 22.1.3 ] # Embedded file name: data/rq3/cpython-3.13/unittest_seeds/raw/cpython_case_test_logg...;pylingual:error:────────────────────────────────────────────────────────────────────────────────────────────────────────────────────────────────────────────────────────────────────── ,ggggggggggg, ,gggg, dP""""""88""""""""""""Y8, d8"" ""8I ,dPYb, Yb, 88 `8b 88 ,dP...",decompyle3:not_run:;pylingual:not_run:
cpython-313,data/rq3/cpython-3.13/unique_bug_pyc/cpython-313-b9e66fd17af1.pyc,no_source,"# decompyle3 version 3.9.3 # Python bytecode version base 3.13.0 (3571) # Decompiled from: Python 3.13.13 (main, May 10 2026, 19:26:54) [Clang 22.1.3 ] # Embedded file name: data/rq3/cpython-3.13/unittest_seeds/raw/cpython_case_test_dict...",crash,signal_11:,,"decompyle3:error:# decompyle3 version 3.9.3 # Python bytecode version base 3.13.0 (3571) # Decompiled from: Python 3.13.13 (main, May 10 2026, 19:26:54) [Clang 22.1.3 ] # Embedded file name: data/rq3/cpython-3.13/unittest_seeds/raw/cpython_case_test_dict...;pylingual:error:────────────────────────────────────────────────────────────────────────────────────────────────────────────────────────────────────────────────────────────────────── ,ggggggggggg, ,gggg, dP""""""88""""""""""""Y8, d8"" ""8I ,dPYb, Yb, 88 `8b 88 ,dP...",decompyle3:not_run:;pylingual:not_run:
cpython-313,data/rq3/cpython-3.13/unique_bug_pyc/cpython-313-bb4681fea975.pyc,no_source,"# decompyle3 version 3.9.3 # Python bytecode version base 3.13.0 (3571) # Decompiled from: Python 3.13.13 (main, May 10 2026, 19:26:54) [Clang 22.1.3 ] # Embedded file name: data/rq3/cpython-3.13/unittest_seeds/raw/cpython_case_test_utf8...",exit_1,"Traceback (most recent call last): File ""/root/PyBC-Sec/pybcSEC/data/rq4/harness.py"", line 29, in <module> result = target() File ""data/rq3/cpython-3.13/unittest_seeds/raw/cpython_case_test_utf8source_PEP3120Test_test_badsyntax.py"", line...",,"decompyle3:error:# decompyle3 version 3.9.3 # Python bytecode version base 3.13.0 (3571) # Decompiled from: Python 3.13.13 (main, May 10 2026, 19:26:54) [Clang 22.1.3 ] # Embedded file name: data/rq3/cpython-3.13/unittest_seeds/raw/cpython_case_test_utf8...;pylingual:error:────────────────────────────────────────────────────────────────────────────────────────────────────────────────────────────────────────────────────────────────────── ,ggggggggggg, ,gggg, dP""""""88""""""""""""Y8, d8"" ""8I ,dPYb, Yb, 88 `8b 88 ,dP...",decompyle3:not_run:;pylingual:not_run:
cpython-313,data/rq3/cpython-3.13/unique_bug_pyc/cpython-313-bb78689226ac.pyc,no_source,"# decompyle3 version 3.9.3 # Python bytecode version base 3.13.0 (3571) # Decompiled from: Python 3.13.13 (main, May 10 2026, 19:26:54) [Clang 22.1.3 ] # Embedded file name: data/rq3/cpython-3.13/unittest_seeds/raw/cpython_case^test_type...",crash,signal_11:,,"decompyle3:error:# decompyle3 version 3.9.3 # Python bytecode version base 3.13.0 (3571) # Decompiled from: Python 3.13.13 (main, May 10 2026, 19:26:54) [Clang 22.1.3 ] # Embedded file name: data/rq3/cpython-3.13/unittest_seeds/raw/cpython_case^test_type...;pylingual:error:────────────────────────────────────────────────────────────────────────────────────────────────────────────────────────────────────────────────────────────────────── ,ggggggggggg, ,gggg, dP""""""88""""""""""""Y8, d8"" ""8I ,dPYb, Yb, 88 `8b 88 ,dP...",decompyle3:not_run:;pylingual:not_run:
cpython-313,data/rq3/cpython-3.13/unique_bug_pyc/cpython-313-bd96ca60a291.pyc,no_source,"# decompyle3 version 3.9.3 # Python bytecode version base 3.13.0 (3571) # Decompiled from: Python 3.13.13 (main, May 10 2026, 19:26:54) [Clang 22.1.3 ] # Embedded file name: data/rq3/cpython-3.13/unittest_seeds/raw/cpython_case_test_sax_...",crash,"signal_11:Traceback (most recent call last): File ""/root/PyBC-Sec/pybcSEC/data/rq4/harness.py"", line 29, in <module> result = target() File ""data/rq3/cpython-3.13/unittest_seeds/raw/cpython_case_test_sax_XmlgenTest_test_1463026_3_empty.py"", line 8...",,"decompyle3:error:# decompyle3 version 3.9.3 # Python bytecode version base 3.13.0 (3571) # Decompiled from: Python 3.13.13 (main, May 10 2026, 19:26:54) [Clang 22.1.3 ] # Embedded file name: data/rq3/cpython-3.13/unittest_seeds/raw/cpython_case_test_sax_...;pylingual:error:────────────────────────────────────────────────────────────────────────────────────────────────────────────────────────────────────────────────────────────────────── ,ggggggggggg, ,gggg, dP""""""88""""""""""""Y8, d8"" ""8I ,dPYb, Yb, 88 `8b 88 ,dP...",decompyle3:not_run:;pylingual:not_run:
cpython-313,data/rq3/cpython-3.13/unique_bug_pyc/cpython-313-bdc371ce3bd8.pyc,no_source,"# decompyle3 version 3.9.3 # Python bytecode version base 3.13.0 (3571) # Decompiled from: Python 3.13.13 (main, May 10 2026, 19:26:54) [Clang 22.1.3 ] # Embedded file name: data/rq3/cpython-3.13/unittest_seeds/raw/cpython_case_test_html...",crash,signal_11:,,"decompyle3:error:# decompyle3 version 3.9.3 # Python bytecode version base 3.13.0 (3571) # Decompiled from: Python 3.13.13 (main, May 10 2026, 19:26:54) [Clang 22.1.3 ] # Embedded file name: data/rq3/cpython-3.13/unittest_seeds/raw/cpython_case_test_html...;pylingual:error:────────────────────────────────────────────────────────────────────────────────────────────────────────────────────────────────────────────────────────────────────── ,ggggggggggg, ,gggg, dP""""""88""""""""""""Y8, d8"" ""8I ,dPYb, Yb, 88 `8b 88 ,dP...",decompyle3:not_run:;pylingual:not_run:
cpython-313,data/rq3/cpython-3.13/unique_bug_pyc/cpython-313-be11a5b599ba.pyc,no_source,"# decompyle3 version 3.9.3 # Python bytecode version base 3.13.0 (3571) # Decompiled from: Python 3.13.13 (main, May 10 2026, 19:26:54) [Clang 22.1.3 ] # Embedded file name: data/rq3/cpython-3.13/unittest_seeds/raw/cpython_case_test_weak...",crash,signal_11:,,"decompyle3:error:# decompyle3 version 3.9.3 # Python bytecode version base 3.13.0 (3571) # Decompiled from: Python 3.13.13 (main, May 10 2026, 19:26:54) [Clang 22.1.3 ] # Embedded file name: data/rq3/cpython-3.13/unittest_seeds/raw/cpython_case_test_weak...;pylingual:error:────────────────────────────────────────────────────────────────────────────────────────────────────────────────────────────────────────────────────────────────────── ,ggggggggggg, ,gggg, dP""""""88""""""""""""Y8, d8"" ""8I ,dPYb, Yb, 88 `8b 88 ,dP...",decompyle3:not_run:;pylingual:not_run:
cpython-313,data/rq3/cpython-3.13/unique_bug_pyc/cpython-313-c054e317548d.pyc,no_source,"# decompyle3 version 3.9.3 # Python bytecode version base 3.13.0 (3571) # Decompiled from: Python 3.13.13 (main, May 10 2026, 19:26:54) [Clang 22.1.3 ] # Embedded file name: data/rq3/cpython-3.13/unittest_seeds/raw/cpython_case_test_urll...",exit_1,"Traceback (most recent call last): File ""/root/PyBC-Sec/pybcSEC/data/rq4/harness.py"", line 23, in <module> list(dis.Bytecode(code)) ~~~~^^^^^^^^^^^^^^^^^^^^ File ""/root/.local/share/uv/python/cpython-3.13.13-linux-x86_64-gnu/lib/python3....",,"decompyle3:error:# decompyle3 version 3.9.3 # Python bytecode version base 3.13.0 (3571) # Decompiled from: Python 3.13.13 (main, May 10 2026, 19:26:54) [Clang 22.1.3 ] # Embedded file name: data/rq3/cpython-3.13/unittest_seeds/raw/cpython_case_test_urll...;pylingual:error:────────────────────────────────────────────────────────────────────────────────────────────────────────────────────────────────────────────────────────────────────── ,ggggggggggg, ,gggg, dP""""""88""""""""""""Y8, d8"" ""8I ,dPYb, Yb, 88 `8b 88 ,dP...",decompyle3:not_run:;pylingual:not_run:
cpython-313,data/rq3/cpython-3.13/unique_bug_pyc/cpython-313-c07b62f7ccbe.pyc,no_source,"# decompyle3 version 3.9.3 # Python bytecode version base 3.13.0 (3571) # Decompiled from: Python 3.13.13 (main, May 10 2026, 19:26:54) [Clang 22.1.3 ] # Embedded file name: data/rq3/cpython-3.13/unittest_seeds/raw/cpython_case_test_shut...",crash,signal_11:,,"decompyle3:error:# decompyle3 version 3.9.3 # Python bytecode version base 3.13.0 (3571) # Decompiled from: Python 3.13.13 (main, May 10 2026, 19:26:54) [Clang 22.1.3 ] # Embedded file name: data/rq3/cpython-3.13/unittest_seeds/raw/cpython_case_test_shut...;pylingual:error:────────────────────────────────────────────────────────────────────────────────────────────────────────────────────────────────────────────────────────────────────── ,ggggggggggg, ,gggg, dP""""""88""""""""""""Y8, d8"" ""8I ,dPYb, Yb, 88 `8b 88 ,dP...",decompyle3:not_run:;pylingual:not_run:
cpython-313,data/rq3/cpython-3.13/unique_bug_pyc/cpython-313-c2c459aa362f.pyc,no_source,"# decompyle3 version 3.9.3 # Python bytecode version base 3.13.0 (3571) # Decompiled from: Python 3.13.13 (main, May 10 2026, 19:26:54) [Clang 22.1.3 ] # Embedded file name: data/rq3/cpython-3.13/unittest_seeds/raw/cpython_case_test_ppri...",crash,signal_11:,,"decompyle3:error:# decompyle3 version 3.9.3 # Python bytecode version base 3.13.0 (3571) # Decompiled from: Python 3.13.13 (main, May 10 2026, 19:26:54) [Clang 22.1.3 ] # Embedded file name: data/rq3/cpython-3.13/unittest_seeds/raw/cpython_case_test_ppri...;pylingual:error:────────────────────────────────────────────────────────────────────────────────────────────────────────────────────────────────────────────────────────────────────── ,ggggggggggg, ,gggg, dP""""""88""""""""""""Y8, d8"" ""8I ,dPYb, Yb, 88 `8b 88 ,dP...",decompyle3:not_run:;pylingual:not_run:
cpython-313,data/rq3/cpython-3.13/unique_bug_pyc/cpython-313-c3a99da4d0ff.pyc,no_source,"# decompyle3 version 3.9.3 # Python bytecode version base 3.13.0 (3571) # Decompiled from: Python 3.13.13 (main, May 10 2026, 19:26:54) [Clang 22.1.3 ] # Embedded file name: data/rq3/cpython-3.13/unittest_seeds/raw/cpython_case_test_http...",crash,signal_11:,,"decompyle3:error:# decompyle3 version 3.9.3 # Python bytecode version base 3.13.0 (3571) # Decompiled from: Python 3.13.13 (main, May 10 2026, 19:26:54) [Clang 22.1.3 ] # Embedded file name: data/rq3/cpython-3.13/unittest_seeds/raw/cpython_case_test_http...;pylingual:error:────────────────────────────────────────────────────────────────────────────────────────────────────────────────────────────────────────────────────────────────────── ,ggggggggggg, ,gggg, dP""""""88""""""""""""Y8, d8"" ""8I ,dPYb, Yb, 88 `8b 88 ,dP...",decompyle3:not_run:;pylingual:not_run:
cpython-313,data/rq3/cpython-3.13/unique_bug_pyc/cpython-313-c5b3638cade2.pyc,no_source,"# decompyle3 version 3.9.3 # Python bytecode version base 3.13.0 (3571) # Decompiled from: Python 3.13.13 (main, May 10 2026, 19:26:54) [Clang 22.1.3 ] # Embedded file name: data/rq3/cpython-3.13/unittest_seeds/raw/cpython_case_test_int_...",crash,signal_11:,,"decompyle3:error:# decompyle3 version 3.9.3 # Python bytecode version base 3.13.0 (3571) # Decompiled from: Python 3.13.13 (main, May 10 2026, 19:26:54) [Clang 22.1.3 ] # Embedded file name: data/rq3/cpython-3.13/unittest_seeds/raw/cpython_case_test_int_...;pylingual:error:────────────────────────────────────────────────────────────────────────────────────────────────────────────────────────────────────────────────────────────────────── ,ggggggggggg, ,gggg, dP""""""88""""""""""""Y8, d8"" ""8I ,dPYb, Yb, 88 `8b 88 ,dP...",decompyle3:not_run:;pylingual:not_run:
cpython-313,data/rq3/cpython-3.13/unique_bug_pyc/cpython-313-ca945a82af9c.pyc,no_source,"# decompyle3 version 3.9.3 # Python bytecode version base 3.13.0 (3571) # Decompiled from: Python 3.13.13 (main, May 10 2026, 19:26:54) [Clang 22.1.3 ] # Embedded file name: data/rq3/cpython-3.13/unittest_seeds/raw/cpython_case_test_bigm...",crash,signal_11:,,"decompyle3:error:# decompyle3 version 3.9.3 # Python bytecode version base 3.13.0 (3571) # Decompiled from: Python 3.13.13 (main, May 10 2026, 19:26:54) [Clang 22.1.3 ] # Embedded file name: data/rq3/cpython-3.13/unittest_seeds/raw/cpython_case_test_bigm...;pylingual:error:────────────────────────────────────────────────────────────────────────────────────────────────────────────────────────────────────────────────────────────────────── ,ggggggggggg, ,gggg, dP""""""88""""""""""""Y8, d8"" ""8I ,dPYb, Yb, 88 `8b 88 ,dP...",decompyle3:not_run:;pylingual:not_run:
cpython-313,data/rq3/cpython-3.13/unique_bug_pyc/cpython-313-cc0e867d3137.pyc,no_source,"# decompyle3 version 3.9.3 # Python bytecode version base 3.13.0 (3571) # Decompiled from: Python 3.13.13 (main, May 10 2026, 19:26:54) [Clang 22.1.3 ] # Embedded file name: data/rq3/cpython-3.13/unittest_seeds/raw/cpython_case_test_iter...",crash,signal_11:,,"decompyle3:error:# decompyle3 version 3.9.3 # Python bytecode version base 3.13.0 (3571) # Decompiled from: Python 3.13.13 (main, May 10 2026, 19:26:54) [Clang 22.1.3 ] # Embedded file name: data/rq3/cpython-3.13/unittest_seeds/raw/cpython_case_test_iter...;pylingual:error:────────────────────────────────────────────────────────────────────────────────────────────────────────────────────────────────────────────────────────────────────── ,ggggggggggg, ,gggg, dP""""""88""""""""""""Y8, d8"" ""8I ,dPYb, Yb, 88 `8b 88 ,dP...",decompyle3:not_run:;pylingual:not_run:
cpython-313,data/rq3/cpython-3.13/unique_bug_pyc/cpython-313-cc32f2de601c.pyc,no_source,"# decompyle3 version 3.9.3 # Python bytecode version base 3.13.0 (3571) # Decompiled from: Python 3.13.13 (main, May 10 2026, 19:26:54) [Clang 22.1.3 ] # Embedded file name: data/rq3/cpython-3.13/unittest_seeds/raw/cpython_case_test_comp...",crash,signal_11:,,"decompyle3:error:# decompyle3 version 3.9.3 # Python bytecode version base 3.13.0 (3571) # Decompiled from: Python 3.13.13 (main, May 10 2026, 19:26:54) [Clang 22.1.3 ] # Embedded file name: data/rq3/cpython-3.13/unittest_seeds/raw/cpython_case_test_comp...;pylingual:error:────────────────────────────────────────────────────────────────────────────────────────────────────────────────────────────────────────────────────────────────────── ,ggggggggggg, ,gggg, dP""""""88""""""""""""Y8, d8"" ""8I ,dPYb, Yb, 88 `8b 88 ,dP...",decompyle3:not_run:;pylingual:not_run:
cpython-313,data/rq3/cpython-3.13/unique_bug_pyc/cpython-313-cd465dd51d07.pyc,no_source,"# decompyle3 version 3.9.3 # Python bytecode version base 3.13.0 (3571) # Decompiled from: Python 3.13.13 (main, May 10 2026, 19:26:54) [Clang 22.1.3 ] # Embedded file name: data/rq3/cpython-3.13/unittest_seeds/raw/cpython_case_test_http...",exit_1,"Traceback (most recent call last): File ""/root/PyBC-Sec/pybcSEC/data/rq4/harness.py"", line 26, in <module> exec(code, namespace, namespace) ~~~~^^^^^^^^^^^^^^^^^^^^^^^^^^^^ File ""data/rq3/cpython-3.13/unittest_seeds/raw/cpython_case_test...",,"decompyle3:error:# decompyle3 version 3.9.3 # Python bytecode version base 3.13.0 (3571) # Decompiled from: Python 3.13.13 (main, May 10 2026, 19:26:54) [Clang 22.1.3 ] # Embedded file name: data/rq3/cpython-3.13/unittest_seeds/raw/cpython_case_test_http...;pylingual:error:────────────────────────────────────────────────────────────────────────────────────────────────────────────────────────────────────────────────────────────────────── ,ggggggggggg, ,gggg, dP""""""88""""""""""""Y8, d8"" ""8I ,dPYb, Yb, 88 `8b 88 ,dP...",decompyle3:not_run:;pylingual:not_run:
cpython-313,data/rq3/cpython-3.13/unique_bug_pyc/cpython-313-cea915b9c20b.pyc,no_source,"# decompyle3 version 3.9.3 # Python bytecode version base 3.13.0 (3571) # Decompiled from: Python 3.13.13 (main, May 10 2026, 19:26:54) [Clang 22.1.3 ] # Embedded file name: data/rq3/cpython-3.13/unittest_seeds/raw/cpython_case_test_appl...",exit_1,"Traceback (most recent call last): File ""/root/PyBC-Sec/pybcSEC/data/rq4/harness.py"", line 29, in <module> result = target() File ""data/rq3/cpython-3.13/unittest_seeds/raw/cpython_case_test_apple_TestAppleSystemLogOutput_test_log_config....",,"decompyle3:error:# decompyle3 version 3.9.3 # Python bytecode version base 3.13.0 (3571) # Decompiled from: Python 3.13.13 (main, May 10 2026, 19:26:54) [Clang 22.1.3 ] # Embedded file name: data/rq3/cpython-3.13/unittest_seeds/raw/cpython_case_test_appl...;pylingual:error:────────────────────────────────────────────────────────────────────────────────────────────────────────────────────────────────────────────────────────────────────── ,ggggggggggg, ,gggg, dP""""""88""""""""""""Y8, d8"" ""8I ,dPYb, Yb, 88 `8b 88 ,dP...",decompyle3:not_run:;pylingual:not_run:
cpython-313,data/rq3/cpython-3.13/unique_bug_pyc/cpython-313-cefb3da10e42.pyc,no_source,"# decompyle3 version 3.9.3 # Python bytecode version base 3.13.0 (3571) # Decompiled from: Python 3.13.13 (main, May 10 2026, 19:26:54) [Clang 22.1.3 ] # Embedded file name: data/rq3/cpython-3.13/unittest_seeds/raw/cpython_case_test_comp...",crash,signal_11:,,"decompyle3:error:# decompyle3 version 3.9.3 # Python bytecode version base 3.13.0 (3571) # Decompiled from: Python 3.13.13 (main, May 10 2026, 19:26:54) [Clang 22.1.3 ] # Embedded file name: data/rq3/cpython-3.13/unittest_seeds/raw/cpython_case_test_comp...;pylingual:error:────────────────────────────────────────────────────────────────────────────────────────────────────────────────────────────────────────────────────────────────────── ,ggggggggggg, ,gggg, dP""""""88""""""""""""Y8, d8"" ""8I ,dPYb, Yb, 88 `8b 88 ,dP...",decompyle3:not_run:;pylingual:not_run:
cpython-313,data/rq3/cpython-3.13/unique_bug_pyc/cpython-313-d284963a08f0.pyc,no_source,"# decompyle3 version 3.9.3 # Python bytecode version base 3.13.0 (3571) # Decompiled from: Python 3.13.13 (main, May 10 2026, 19:26:54) [Clang 22.1.3 ] # Embedded file name: data/rq3/cpython-3.13/unittest_seeds/raw/cpython_case_test_pope...",crash,signal_11:,,"decompyle3:error:# decompyle3 version 3.9.3 # Python bytecode version base 3.13.0 (3571) # Decompiled from: Python 3.13.13 (main, May 10 2026, 19:26:54) [Clang 22.1.3 ] # Embedded file name: data/rq3/cpython-3.13/unittest_seeds/raw/cpython_case_test_pope...;pylingual:error:────────────────────────────────────────────────────────────────────────────────────────────────────────────────────────────────────────────────────────────────────── ,ggggggggggg, ,gggg, dP""""""88""""""""""""Y8, d8"" ""8I ,dPYb, Yb, 88 `8b 88 ,dP...",decompyle3:not_run:;pylingual:not_run:
cpython-313,data/rq3/cpython-3.13/unique_bug_pyc/cpython-313-d5e0e2676581.pyc,no_source,"# decompyle3 version 3.9.3 # Python bytecode version base 3.13.0 (3571) # Decompiled from: Python 3.13.13 (main, May 10 2026, 19:26:54) [Clang 22.1.3 ] # Embedded file name: data/rq3/cpython-3.13/unittest_seeds/raw/cpython_case_test_subp...",crash,signal_11:,,"decompyle3:error:# decompyle3 version 3.9.3 # Python bytecode version base 3.13.0 (3571) # Decompiled from: Python 3.13.13 (main, May 10 2026, 19:26:54) [Clang 22.1.3 ] # Embedded file name: data/rq3/cpython-3.13/unittest_seeds/raw/cpython_case_test_subp...;pylingual:error:────────────────────────────────────────────────────────────────────────────────────────────────────────────────────────────────────────────────────────────────────── ,ggggggggggg, ,gggg, dP""""""88""""""""""""Y8, d8"" ""8I ,dPYb, Yb, 88 `8b 88 ,dP...",decompyle3:not_run:;pylingual:not_run:
cpython-313,data/rq3/cpython-3.13/unique_bug_pyc/cpython-313-d75a0ae6b86a.pyc,no_source,"# decompyle3 version 3.9.3 # Python bytecode version base 3.13.0 (3571) # Decompiled from: Python 3.13.13 (main, May 10 2026, 19:26:54) [Clang 22.1.3 ] # Embedded file name: data/rq3/cpython-3.13/unittert_seeds/raw/cpython_case_test_gzip...",crash,signal_11:,,"decompyle3:error:# decompyle3 version 3.9.3 # Python bytecode version base 3.13.0 (3571) # Decompiled from: Python 3.13.13 (main, May 10 2026, 19:26:54) [Clang 22.1.3 ] # Embedded file name: data/rq3/cpython-3.13/unittert_seeds/raw/cpython_case_test_gzip...;pylingual:error:────────────────────────────────────────────────────────────────────────────────────────────────────────────────────────────────────────────────────────────────────── ,ggggggggggg, ,gggg, dP""""""88""""""""""""Y8, d8"" ""8I ,dPYb, Yb, 88 `8b 88 ,dP...",decompyle3:not_run:;pylingual:not_run:
cpython-313,data/rq3/cpython-3.13/unique_bug_pyc/cpython-313-d93917b869eb.pyc,no_source,"# decompyle3 version 3.9.3 # Python bytecode version base 3.13.0 (3571) # Decompiled from: Python 3.13.13 (main, May 10 2026, 19:26:54) [Clang 22.1.3 ] # Embedded file name: data/rq3/cpython-3.13/unittest_seeds/raw/cpython_case_test_set_...",crash,"signal_6:Fatal Python error: _PyEval_EvalFrameDefault: Executing a cache. Python runtime state: initialized Current thread 0x0000762a54cab740 (most recent call first): File ""data/rq3/cpython-3.13/unittest_seeds/raw/cpython_case_test_set_TestBinar...",,"decompyle3:error:# decompyle3 version 3.9.3 # Python bytecode version base 3.13.0 (3571) # Decompiled from: Python 3.13.13 (main, May 10 2026, 19:26:54) [Clang 22.1.3 ] # Embedded file name: data/rq3/cpython-3.13/unittest_seeds/raw/cpython_case_test_set_...;pylingual:error:────────────────────────────────────────────────────────────────────────────────────────────────────────────────────────────────────────────────────────────────────── ,ggggggggggg, ,gggg, dP""""""88""""""""""""Y8, d8"" ""8I ,dPYb, Yb, 88 `8b 88 ,dP...",decompyle3:not_run:;pylingual:not_run:
cpython-313,data/rq3/cpython-3.13/unique_bug_pyc/cpython-313-d9718803c19d.pyc,no_source,"# decompyle3 version 3.9.3 # Python bytecode version base 3.13.0 (3571) # Decompiled from: Python 3.13.13 (main, May 10 2026, 19:26:54) [Clang 22.1.3 ] # Embedded file name: data/rq3/cpython-3.13/unittest_seeds/raw/cpython_case_test_desc...",crash,signal_11:,,"decompyle3:error:# decompyle3 version 3.9.3 # Python bytecode version base 3.13.0 (3571) # Decompiled from: Python 3.13.13 (main, May 10 2026, 19:26:54) [Clang 22.1.3 ] # Embedded file name: data/rq3/cpython-3.13/unittest_seeds/raw/cpython_case_test_desc...;pylingual:error:────────────────────────────────────────────────────────────────────────────────────────────────────────────────────────────────────────────────────────────────────── ,ggggggggggg, ,gggg, dP""""""88""""""""""""Y8, d8"" ""8I ,dPYb, Yb, 88 `8b 88 ,dP...",decompyle3:not_run:;pylingual:not_run:
cpython-313,data/rq3/cpython-3.13/unique_bug_pyc/cpython-313-d9a066d477f8.pyc,no_source,"# decompyle3 version 3.9.3 # Python bytecode version base 3.13.0 (3571) # Decompiled from: Python 3.13.13 (main, May 10 2026, 19:26:54) [Clang 22.1.3 ] # Embedded file name: data/rq3/cpython-3.13/unittesÿÿÿeds/raw/cpython_case_test_subp...",crash,"signal_6:Fatal Python error: _PyEval_EvalFrameDefault: Executing a cache. Python runtime state: initialized Current thread 0x00007cbc7b51e740 (most recent call first): File ""data/rq3/cpython-3.13/unittes\\xff\\xff\\xff\\x7feds/raw/cpython_case_test_s...",,"decompyle3:error:# decompyle3 version 3.9.3 # Python bytecode version base 3.13.0 (3571) # Decompiled from: Python 3.13.13 (main, May 10 2026, 19:26:54) [Clang 22.1.3 ] # Embedded file name: data/rq3/cpython-3.13/unittesÿÿÿeds/raw/cpython_case_test_subp...;pylingual:error:────────────────────────────────────────────────────────────────────────────────────────────────────────────────────────────────────────────────────────────────────── ,ggggggggggg, ,gggg, dP""""""88""""""""""""Y8, d8"" ""8I ,dPYb, Yb, 88 `8b 88 ,dP...",decompyle3:not_run:;pylingual:not_run:
cpython-313,data/rq3/cpython-3.13/unique_bug_pyc/cpython-313-dc3b32b1a302.pyc,no_source,"# decompyle3 version 3.9.3 # Python bytecode version base 3.13.0 (3571) # Decompiled from: Python 3.13.13 (main, May 10 2026, 19:26:54) [Clang 22.1.3 ] # Embedded file name: data/rq3/cpython-3.13/unittest_seeds/raw/cpython_case_test__osx...",crash,signal_11:,,"decompyle3:error:# decompyle3 version 3.9.3 # Python bytecode version base 3.13.0 (3571) # Decompiled from: Python 3.13.13 (main, May 10 2026, 19:26:54) [Clang 22.1.3 ] # Embedded file name: data/rq3/cpython-3.13/unittest_seeds/raw/cpython_case_test__osx...;pylingual:error:────────────────────────────────────────────────────────────────────────────────────────────────────────────────────────────────────────────────────────────────────── ,ggggggggggg, ,gggg, dP""""""88""""""""""""Y8, d8"" ""8I ,dPYb, Yb, 88 `8b 88 ,dP...",decompyle3:not_run:;pylingual:not_run:
cpython-313,data/rq3/cpython-3.13/unique_bug_pyc/cpython-313-dc4f85502591.pyc,no_source,"# decompyle3 version 3.9.3 # Python bytecode version base 3.13.0 (3571) # Decompiled from: Python 3.13.13 (main, May 10 2026, 19:26:54) [Clang 22.1.3 ] # Embedded file name: data/rq3/cpython-3.13/unittest_seeds/raw/cpython_case_test_memo...",exit_1,"Traceback (most recent call last): File ""/root/PyBC-Sec/pybcSEC/data/rq4/harness.py"", line 29, in <module> result = target() File ""data/rq3/cpython-3.13/unittest_seeds/raw/cpython_case_test_memoryio_MemoryTestMixin_test_write.py"", line 6...",,"decompyle3:error:# decompyle3 version 3.9.3 # Python bytecode version base 3.13.0 (3571) # Decompiled from: Python 3.13.13 (main, May 10 2026, 19:26:54) [Clang 22.1.3 ] # Embedded file name: data/rq3/cpython-3.13/unittest_seeds/raw/cpython_case_test_memo...;pylingual:error:────────────────────────────────────────────────────────────────────────────────────────────────────────────────────────────────────────────────────────────────────── ,ggggggggggg, ,gggg, dP""""""88""""""""""""Y8, d8"" ""8I ,dPYb, Yb, 88 `8b 88 ,dP...",decompyle3:not_run:;pylingual:not_run:
cpython-313,data/rq3/cpython-3.13/unique_bug_pyc/cpython-313-dc8f177debc5.pyc,no_source,"# decompyle3 version 3.9.3 # Python bytecode version base 3.13.0 (3571) # Decompiled from: Python 3.13.13 (main, May 10 2026, 19:26:54) [Clang 22.1.3 ] # Embedded file name: data/rq3/cpython-3.13/unittest_seeds/raw/cpython_case_test_ssl_...",exit_1,"Traceback (most recent call last): File ""/root/PyBC-Sec/pybcSEC/data/rq4/harness.py"", line 26, in <module> exec(code, namespace, namespace) File ""data/rq3/cpython-3.13/unittest_seeds/raw/cpython_case_test_ssl_ContextTests_test_get_cipher...",,"decompyle3:error:# decompyle3 version 3.9.3 # Python bytecode version base 3.13.0 (3571) # Decompiled from: Python 3.13.13 (main, May 10 2026, 19:26:54) [Clang 22.1.3 ] # Embedded file name: data/rq3/cpython-3.13/unittest_seeds/raw/cpython_case_test_ssl_...;pylingual:error:────────────────────────────────────────────────────────────────────────────────────────────────────────────────────────────────────────────────────────────────────── ,ggggggggggg, ,gggg, dP""""""88""""""""""""Y8, d8"" ""8I ,dPYb, Yb, 88 `8b 88 ,dP...",decompyle3:not_run:;pylingual:not_run:
cpython-313,data/rq3/cpython-3.13/unique_bug_pyc/cpython-313-dcf5358ac8c4.pyc,no_source,"# decompyle3 version 3.9.3 # Python bytecode version base 3.13.0 (3571) # Decompiled from: Python 3.13.13 (main, May 10 2026, 19:26:54) [Clang 22.1.3 ] # Embedded file name: data/rq3/cpython-3.13/unittest_seeds/raw/cpython_case_test_rang...",crash,signal_11:,,"decompyle3:error:# decompyle3 version 3.9.3 # Python bytecode version base 3.13.0 (3571) # Decompiled from: Python 3.13.13 (main, May 10 2026, 19:26:54) [Clang 22.1.3 ] # Embedded file name: data/rq3/cpython-3.13/unittest_seeds/raw/cpython_case_test_rang...;pylingual:error:────────────────────────────────────────────────────────────────────────────────────────────────────────────────────────────────────────────────────────────────────── ,ggggggggggg, ,gggg, dP""""""88""""""""""""Y8, d8"" ""8I ,dPYb, Yb, 88 `8b 88 ,dP...",decompyle3:not_run:;pylingual:not_run:
cpython-313,data/rq3/cpython-3.13/unique_bug_pyc/cpython-313-de45c0ef55a1.pyc,no_source,"# decompyle3 version 3.9.3 # Python bytecode version base 3.13.0 (3571) # Decompiled from: Python 3.13.13 (main, May 10 2026, 19:26:54) [Clang 22.1.3 ] # Embedded file name: data/rq3/cpython-3.13/unittest_seeds/raw/cpython_case_test_http...",crash,signal_11:,,"decompyle3:error:# decompyle3 version 3.9.3 # Python bytecode version base 3.13.0 (3571) # Decompiled from: Python 3.13.13 (main, May 10 2026, 19:26:54) [Clang 22.1.3 ] # Embedded file name: data/rq3/cpython-3.13/unittest_seeds/raw/cpython_case_test_http...;pylingual:error:────────────────────────────────────────────────────────────────────────────────────────────────────────────────────────────────────────────────────────────────────── ,ggggggggggg, ,gggg, dP""""""88""""""""""""Y8, d8"" ""8I ,dPYb, Yb, 88 `8b 88 ,dP...",decompyle3:not_run:;pylingual:not_run:
cpython-313,data/rq3/cpython-3.13/unique_bug_pyc/cpython-313-dea31034d95f.pyc,no_source,"# decompyle3 version 3.9.3 # Python bytecode version base 3.13.0 (3571) # Decompiled from: Python 3.13.13 (main, May 10 2026, 19:26:54) [Clang 22.1.3 ] # Embedded file name: data/rq3/cpython-3.13/unittest_seeds/raw/cpython_case_test_dis_...",crash,signal_11:,,"decompyle3:error:# decompyle3 version 3.9.3 # Python bytecode version base 3.13.0 (3571) # Decompiled from: Python 3.13.13 (main, May 10 2026, 19:26:54) [Clang 22.1.3 ] # Embedded file name: data/rq3/cpython-3.13/unittest_seeds/raw/cpython_case_test_dis_...;pylingual:error:────────────────────────────────────────────────────────────────────────────────────────────────────────────────────────────────────────────────────────────────────── ,ggggggggggg, ,gggg, dP""""""88""""""""""""Y8, d8"" ""8I ,dPYb, Yb, 88 `8b 88 ,dP...",decompyle3:not_run:;pylingual:not_run:
cpython-313,data/rq3/cpython-3.13/unique_bug_pyc/cpython-313-dec8fe9c2f66.pyc,no_source,"# decompyle3 version 3.9.3 # Python bytecode version base 3.13.0 (3571) # Decompiled from: Python 3.13.13 (main, May 10 2026, 19:26:54) [Clang 22.1.3 ] # Embedded file name: data/rq3/cpython-3.13/unittest_seeds/raw/cpython_case_test^xml_...",crash,signal_11:,,"decompyle3:error:# decompyle3 version 3.9.3 # Python bytecode version base 3.13.0 (3571) # Decompiled from: Python 3.13.13 (main, May 10 2026, 19:26:54) [Clang 22.1.3 ] # Embedded file name: data/rq3/cpython-3.13/unittest_seeds/raw/cpython_case_test^xml_...;pylingual:error:────────────────────────────────────────────────────────────────────────────────────────────────────────────────────────────────────────────────────────────────────── ,ggggggggggg, ,gggg, dP""""""88""""""""""""Y8, d8"" ""8I ,dPYb, Yb, 88 `8b 88 ,dP...",decompyle3:not_run:;pylingual:not_run:
cpython-313,data/rq3/cpython-3.13/unique_bug_pyc/cpython-313-e00883e864c5.pyc,no_source,"# decompyle3 version 3.9.3 # Python bytecode version base 3.13.0 (3571) # Decompiled from: Python 3.13.13 (main, May 10 2026, 19:26:54) [Clang 22.1.3 ] # Embedded file name: data/rq3/cpython-3.13/unittest_seeds/raw/cpython_case_test_toke...",crash,signal_11:,,"decompyle3:error:# decompyle3 version 3.9.3 # Python bytecode version base 3.13.0 (3571) # Decompiled from: Python 3.13.13 (main, May 10 2026, 19:26:54) [Clang 22.1.3 ] # Embedded file name: data/rq3/cpython-3.13/unittest_seeds/raw/cpython_case_test_toke...;pylingual:error:────────────────────────────────────────────────────────────────────────────────────────────────────────────────────────────────────────────────────────────────────── ,ggggggggggg, ,gggg, dP""""""88""""""""""""Y8, d8"" ""8I ,dPYb, Yb, 88 `8b 88 ,dP...",decompyle3:not_run:;pylingual:not_run:
cpython-313,data/rq3/cpython-3.13/unique_bug_pyc/cpython-313-e0efdad962a5.pyc,no_source,"# decompyle3 version 3.9.3 # Python bytecode version base 3.13.0 (3571) # Decompiled from: Python 3.13.13 (main, May 10 2026, 19:26:54) [Clang 22.1.3 ] # Embedded file name: data/rq3/cpython-3.13/unittest_seeds/raw/cpython_case_test_wina...",crash,signal_11:,,"decompyle3:error:# decompyle3 version 3.9.3 # Python bytecode version base 3.13.0 (3571) # Decompiled from: Python 3.13.13 (main, May 10 2026, 19:26:54) [Clang 22.1.3 ] # Embedded file name: data/rq3/cpython-3.13/unittest_seeds/raw/cpython_case_test_wina...;pylingual:error:────────────────────────────────────────────────────────────────────────────────────────────────────────────────────────────────────────────────────────────────────── ,ggggggggggg, ,gggg, dP""""""88""""""""""""Y8, d8"" ""8I ,dPYb, Yb, 88 `8b 88 ,dP...",decompyle3:not_run:;pylingual:not_run:
cpython-313,data/rq3/cpython-3.13/unique_bug_pyc/cpython-313-e1160566c937.pyc,no_source,/root/PyBC-Sec/pybcSEC/data/rq2/envs/cpython-313/lib/python3.13/site-packages/click/core.py:1262: UserWarning: The parameter --version is used more than once. Remove its duplicate as parameters should be unique. parser = self.make_parser...,crash,signal_11:,,"decompyle3:exit_-11:/root/PyBC-Sec/pybcSEC/data/rq2/envs/cpython-313/lib/python3.13/site-packages/click/core.py:1262: UserWarning: The parameter --version is used more than once. Remove its duplicate as parameters should be unique. parser = self.make_parser...;pylingual:error:────────────────────────────────────────────────────────────────────────────────────────────────────────────────────────────────────────────────────────────────────── ,ggggggggggg, ,gggg, dP""""""88""""""""""""Y8, d8"" ""8I ,dPYb, Yb, 88 `8b 88 ,dP...",decompyle3:not_run:;pylingual:not_run:
cpython-313,data/rq3/cpython-3.13/unique_bug_pyc/cpython-313-e179d2d586c9.pyc,no_source,"# decompyle3 version 3.9.3 # Python bytecode version base 3.13.0 (3571) # Decompiled from: Python 3.13.13 (main, May 10 2026, 19:26:54) [Clang 22.1.3 ] # Embedded file name: data/rq3/cpython-3.13/unittest_seeds/raw/cpython_case_test_iter...",crash,signal_11:,,"decompyle3:error:# decompyle3 version 3.9.3 # Python bytecode version base 3.13.0 (3571) # Decompiled from: Python 3.13.13 (main, May 10 2026, 19:26:54) [Clang 22.1.3 ] # Embedded file name: data/rq3/cpython-3.13/unittest_seeds/raw/cpython_case_test_iter...;pylingual:error:────────────────────────────────────────────────────────────────────────────────────────────────────────────────────────────────────────────────────────────────────── ,ggggggggggg, ,gggg, dP""""""88""""""""""""Y8, d8"" ""8I ,dPYb, Yb, 88 `8b 88 ,dP...",decompyle3:not_run:;pylingual:not_run:
cpython-313,data/rq3/cpython-3.13/unique_bug_pyc/cpython-313-e20359943625.pyc,no_source,"# decompyle3 version 3.9.3 # Python bytecode version base 3.13.0 (3571) # Decompiled from: Python 3.13.13 (main, May 10 2026, 19:26:54) [Clang 22.1.3 ] # Embedded file name: data/rq3/cpython-3.13/unittest_seeds/raw/cpython_case_test_set_...",crash,"signal_11:Traceback (most recent call last): File ""/root/PyBC-Sec/pybcSEC/data/rq4/harness.py"", line 26, in <module> exec(code, namespace, namespace) ~~~~^^^^^^^^^^^^^^^^^^^^^^^^^^^^ File ""data/rq3/cpython-3.13/unittest_seeds/raw/cpython_case_test...",,"decompyle3:error:# decompyle3 version 3.9.3 # Python bytecode version base 3.13.0 (3571) # Decompiled from: Python 3.13.13 (main, May 10 2026, 19:26:54) [Clang 22.1.3 ] # Embedded file name: data/rq3/cpython-3.13/unittest_seeds/raw/cpython_case_test_set_...;pylingual:error:────────────────────────────────────────────────────────────────────────────────────────────────────────────────────────────────────────────────────────────────────── ,ggggggggggg, ,gggg, dP""""""88""""""""""""Y8, d8"" ""8I ,dPYb, Yb, 88 `8b 88 ,dP...",decompyle3:not_run:;pylingual:not_run:
cpython-313,data/rq3/cpython-3.13/unique_bug_pyc/cpython-313-e232326b90a6.pyc,no_source,"# decompyle3 version 3.9.3 # Python bytecode version base 3.13.0 (3571) # Decompiled from: Python 3.13.13 (main, May 10 2026, 19:26:54) [Clang 22.1.3 ] # Embedded file name: data/rq3/cpython-3.13/unittest_seeds/raw/cpithon_case_test_iter...",crash,signal_11:,,"decompyle3:error:# decompyle3 version 3.9.3 # Python bytecode version base 3.13.0 (3571) # Decompiled from: Python 3.13.13 (main, May 10 2026, 19:26:54) [Clang 22.1.3 ] # Embedded file name: data/rq3/cpython-3.13/unittest_seeds/raw/cpithon_case_test_iter...;pylingual:error:────────────────────────────────────────────────────────────────────────────────────────────────────────────────────────────────────────────────────────────────────── ,ggggggggggg, ,gggg, dP""""""88""""""""""""Y8, d8"" ""8I ,dPYb, Yb, 88 `8b 88 ,dP...",decompyle3:not_run:;pylingual:not_run:
cpython-313,data/rq3/cpython-3.13/unique_bug_pyc/cpython-313-e354e216505e.pyc,no_source,"# decompyle3 version 3.9.3 # Python bytecode version base 3.13.0 (3571) # Decompiled from: Python 3.13.13 (main, May 10 2026, 19:26:54) [Clang 22.1.3 ] # Embedded file name: data/rq3/cpython-3.13/unittest_seeds/raw/cpython_case_test_unic...",crash,signal_11:,,"decompyle3:error:# decompyle3 version 3.9.3 # Python bytecode version base 3.13.0 (3571) # Decompiled from: Python 3.13.13 (main, May 10 2026, 19:26:54) [Clang 22.1.3 ] # Embedded file name: data/rq3/cpython-3.13/unittest_seeds/raw/cpython_case_test_unic...;pylingual:error:────────────────────────────────────────────────────────────────────────────────────────────────────────────────────────────────────────────────────────────────────── ,ggggggggggg, ,gggg, dP""""""88""""""""""""Y8, d8"" ""8I ,dPYb, Yb, 88 `8b 88 ,dP...",decompyle3:not_run:;pylingual:not_run:
cpython-313,data/rq3/cpython-3.13/unique_bug_pyc/cpython-313-e3ab86eba907.pyc,no_source,"# decompyle3 version 3.9.3 # Python bytecode version base 3.13.0 (3571) # Decompiled from: Python 3.13.13 (main, May 10 2026, 19:26:54) [Clang 22.1.3 ] # Embedded file name: data/rq3/cpython-3.13/unittest_seeds/raw/cpython_case_test_ppri...",exit_1,"Traceback (most recent call last): File ""/root/PyBC-Sec/pybcSEC/data/rq4/harness.py"", line 29, in <module> result = target() File ""data/rq3/cpython-3.13/unittest_seeds/raw/cpython_case_test_pprint_QueryTestCase_test_counter.py"", line 8, ...",,"decompyle3:error:# decompyle3 version 3.9.3 # Python bytecode version base 3.13.0 (3571) # Decompiled from: Python 3.13.13 (main, May 10 2026, 19:26:54) [Clang 22.1.3 ] # Embedded file name: data/rq3/cpython-3.13/unittest_seeds/raw/cpython_case_test_ppri...;pylingual:error:────────────────────────────────────────────────────────────────────────────────────────────────────────────────────────────────────────────────────────────────────── ,ggggggggggg, ,gggg, dP""""""88""""""""""""Y8, d8"" ""8I ,dPYb, Yb, 88 `8b 88 ,dP...",decompyle3:not_run:;pylingual:not_run:
cpython-313,data/rq3/cpython-3.13/unique_bug_pyc/cpython-313-e415d286c5fe.pyc,no_source,"# decompyle3 version 3.9.3 # Python bytecode version base 3.13.0 (3571) # Decompiled from: Python 3.13.13 (main, May 10 2026, 19:26:54) [Clang 22.1.3 ] # Embedded file name: data/rq3/cpython-3.13/unittest_seeds/raw/cpython_case_test_bise...",crash,signal_11:,,"decompyle3:error:# decompyle3 version 3.9.3 # Python bytecode version base 3.13.0 (3571) # Decompiled from: Python 3.13.13 (main, May 10 2026, 19:26:54) [Clang 22.1.3 ] # Embedded file name: data/rq3/cpython-3.13/unittest_seeds/raw/cpython_case_test_bise...;pylingual:error:────────────────────────────────────────────────────────────────────────────────────────────────────────────────────────────────────────────────────────────────────── ,ggggggggggg, ,gggg, dP""""""88""""""""""""Y8, d8"" ""8I ,dPYb, Yb, 88 `8b 88 ,dP...",decompyle3:not_run:;pylingual:not_run:
cpython-313,data/rq3/cpython-3.13/unique_bug_pyc/cpython-313-e4261a6c6a43.pyc,no_source,"# decompyle3 version 3.9.3 # Python bytecode version base 3.13.0 (3571) # Decompiled from: Python 3.13.13 (main, May 10 2026, 19:26:54) [Clang 22.1.3 ] # Embedded file name: data/rq3/cpython-3.13/unittest_seeds/raw/cpython_case_test_yiel...",crash,signal_11:,,"decompyle3:error:# decompyle3 version 3.9.3 # Python bytecode version base 3.13.0 (3571) # Decompiled from: Python 3.13.13 (main, May 10 2026, 19:26:54) [Clang 22.1.3 ] # Embedded file name: data/rq3/cpython-3.13/unittest_seeds/raw/cpython_case_test_yiel...;pylingual:error:────────────────────────────────────────────────────────────────────────────────────────────────────────────────────────────────────────────────────────────────────── ,ggggggggggg, ,gggg, dP""""""88""""""""""""Y8, d8"" ""8I ,dPYb, Yb, 88 `8b 88 ,dP...",decompyle3:not_run:;pylingual:not_run:
cpython-313,data/rq3/cpython-3.13/unique_bug_pyc/cpython-313-e443acdd062c.pyc,no_source,/root/PyBC-Sec/pybcSEC/data/rq2/envs/cpython-313/lib/python3.13/site-packages/click/core.py:1262: UserWarning: The parameter --version is used more than once. Remove its duplicate as parameters should be unique. parser = self.make_parser...,crash,signal_11:,,"decompyle3:exit_2:/root/PyBC-Sec/pybcSEC/data/rq2/envs/cpython-313/lib/python3.13/site-packages/click/core.py:1262: UserWarning: The parameter --version is used more than once. Remove its duplicate as parameters should be unique. parser = self.make_parser...;pylingual:error:────────────────────────────────────────────────────────────────────────────────────────────────────────────────────────────────────────────────────────────────────── ,ggggggggggg, ,gggg, dP""""""88""""""""""""Y8, d8"" ""8I ,dPYb, Yb, 88 `8b 88 ,dP...",decompyle3:not_run:;pylingual:not_run:
cpython-313,data/rq3/cpython-3.13/unique_bug_pyc/cpython-313-e9db7550cccd.pyc,no_source,"# decompyle3 version 3.9.3 # Python bytecode version base 3.13.0 (3571) # Decompiled from: Python 3.13.13 (main, May 10 2026, 19:26:54) [Clang 22.1.3 ] # Embedded file name: data/rq3/cpython-3.13/unittest_seeds/raw/cpython_case_test_iter...",crash,signal_11:,,"decompyle3:error:# decompyle3 version 3.9.3 # Python bytecode version base 3.13.0 (3571) # Decompiled from: Python 3.13.13 (main, May 10 2026, 19:26:54) [Clang 22.1.3 ] # Embedded file name: data/rq3/cpython-3.13/unittest_seeds/raw/cpython_case_test_iter...;pylingual:error:────────────────────────────────────────────────────────────────────────────────────────────────────────────────────────────────────────────────────────────────────── ,ggggggggggg, ,gggg, dP""""""88""""""""""""Y8, d8"" ""8I ,dPYb, Yb, 88 `8b 88 ,dP...",decompyle3:not_run:;pylingual:not_run:
cpython-313,data/rq3/cpython-3.13/unique_bug_pyc/cpython-313-eb9e88278d09.pyc,no_source,"# decompyle3 version 3.9.3 # Python bytecode version base 3.13.0 (3571) # Decompiled from: Python 3.13.13 (main, May 10 2026, 19:26:54) [Clang 22.1.3 ] # Embedded file name: data/rq3/cpython-3.13/unittest_seeds/raw/cpython_case_test_exce...",crash,signal_11:,,"decompyle3:error:# decompyle3 version 3.9.3 # Python bytecode version base 3.13.0 (3571) # Decompiled from: Python 3.13.13 (main, May 10 2026, 19:26:54) [Clang 22.1.3 ] # Embedded file name: data/rq3/cpython-3.13/unittest_seeds/raw/cpython_case_test_exce...;pylingual:error:────────────────────────────────────────────────────────────────────────────────────────────────────────────────────────────────────────────────────────────────────── ,ggggggggggg, ,gggg, dP""""""88""""""""""""Y8, d8"" ""8I ,dPYb, Yb, 88 `8b 88 ,dP...",decompyle3:not_run:;pylingual:not_run:
cpython-313,data/rq3/cpython-3.13/unique_bug_pyc/cpython-313-ebb025dc2f18.pyc,no_source,"# decompyle3 version 3.9.3 # Python bytecode version base 3.13.0 (3571) # Decompiled from: Python 3.13.13 (main, May 10 2026, 19:26:54) [Clang 22.1.3 ] # Embedded file name: data/rq3/cpython-3.13/unittest_seeds/raw/cpython_case_test_sele...",crash,signal_11:,,"decompyle3:error:# decompyle3 version 3.9.3 # Python bytecode version base 3.13.0 (3571) # Decompiled from: Python 3.13.13 (main, May 10 2026, 19:26:54) [Clang 22.1.3 ] # Embedded file name: data/rq3/cpython-3.13/unittest_seeds/raw/cpython_case_test_sele...;pylingual:error:────────────────────────────────────────────────────────────────────────────────────────────────────────────────────────────────────────────────────────────────────── ,ggggggggggg, ,gggg, dP""""""88""""""""""""Y8, d8"" ""8I ,dPYb, Yb, 88 `8b 88 ,dP...",decompyle3:not_run:;pylingual:not_run:
cpython-313,data/rq3/cpython-3.13/unique_bug_pyc/cpython-313-ee3a539d0b9b.pyc,no_source,"# decompyle3 version 3.9.3 # Python bytecode version base 3.13.0 (3571) # Decompiled from: Python 3.13.13 (main, May 10 2026, 19:26:54) [Clang 22.1.3 ] # Embedded file name: data/rq3/cpython-3.13/unittest_seeds/raw/cpython_case_test_yiel...",crash,signal_11:,,"decompyle3:error:# decompyle3 version 3.9.3 # Python bytecode version base 3.13.0 (3571) # Decompiled from: Python 3.13.13 (main, May 10 2026, 19:26:54) [Clang 22.1.3 ] # Embedded file name: data/rq3/cpython-3.13/unittest_seeds/raw/cpython_case_test_yiel...;pylingual:error:────────────────────────────────────────────────────────────────────────────────────────────────────────────────────────────────────────────────────────────────────── ,ggggggggggg, ,gggg, dP""""""88""""""""""""Y8, d8"" ""8I ,dPYb, Yb, 88 `8b 88 ,dP...",decompyle3:not_run:;pylingual:not_run:
cpython-313,data/rq3/cpython-3.13/unique_bug_pyc/cpython-313-f0f8c3963da7.pyc,no_source,"# decompyle3 version 3.9.3 # Python bytecode version base 3.13.0 (3571) # Decompiled from: Python 3.13.13 (main, May 10 2026, 19:26:54) [Clang 22.1.3 ] # Embedded file name: data/rq3/cpython-3.13/unittest_seeds/raw/cpython_case_test_set_...",crash,signal_11:,,"decompyle3:error:# decompyle3 version 3.9.3 # Python bytecode version base 3.13.0 (3571) # Decompiled from: Python 3.13.13 (main, May 10 2026, 19:26:54) [Clang 22.1.3 ] # Embedded file name: data/rq3/cpython-3.13/unittest_seeds/raw/cpython_case_test_set_...;pylingual:error:────────────────────────────────────────────────────────────────────────────────────────────────────────────────────────────────────────────────────────────────────── ,ggggggggggg, ,gggg, dP""""""88""""""""""""Y8, d8"" ""8I ,dPYb, Yb, 88 `8b 88 ,dP...",decompyle3:not_run:;pylingual:not_run:
cpython-313,data/rq3/cpython-3.13/unique_bug_pyc/cpython-313-f244c003d6fd.pyc,no_source,"# decompyle3 version 3.9.3 # Python bytecode version base 3.13.0 (3571) # Decompiled from: Python 3.13.13 (main, May 10 2026, 19:26:54) [Clang 22.1.3 ] # Embedded file name: data/rq3/cpython-3.13/unittest_seeds/raw/cpython_case_test_copy...",crash,"signal_6:Fatal Python error: _PyEval_EvalFrameDefault: Executing a cache. Python runtime state: initialized Current thread 0x00007bbbd59d6740 (most recent call first): File ""data/rq3/cpython-3.13/unittest_seeds/raw/cpython_case_test_copy_TestCopy...",,"decompyle3:error:# decompyle3 version 3.9.3 # Python bytecode version base 3.13.0 (3571) # Decompiled from: Python 3.13.13 (main, May 10 2026, 19:26:54) [Clang 22.1.3 ] # Embedded file name: data/rq3/cpython-3.13/unittest_seeds/raw/cpython_case_test_copy...;pylingual:error:────────────────────────────────────────────────────────────────────────────────────────────────────────────────────────────────────────────────────────────────────── ,ggggggggggg, ,gggg, dP""""""88""""""""""""Y8, d8"" ""8I ,dPYb, Yb, 88 `8b 88 ,dP...",decompyle3:not_run:;pylingual:not_run:
cpython-313,data/rq3/cpython-3.13/unique_bug_pyc/cpython-313-f25e891b89ea.pyc,no_source,"# decompyle3 version 3.9.3 # Python bytecode version base 3.13.0 (3571) # Decompiled from: Python 3.13.13 (main, May 10 2026, 19:26:54) [Clang 22.1.3 ] # Embedded file name: data/rq3/cpython-3.13/unittest_seeds/raw/cpython_case_test_patm...",crash,signal_11:,,"decompyle3:error:# decompyle3 version 3.9.3 # Python bytecode version base 3.13.0 (3571) # Decompiled from: Python 3.13.13 (main, May 10 2026, 19:26:54) [Clang 22.1.3 ] # Embedded file name: data/rq3/cpython-3.13/unittest_seeds/raw/cpython_case_test_patm...;pylingual:error:────────────────────────────────────────────────────────────────────────────────────────────────────────────────────────────────────────────────────────────────────── ,ggggggggggg, ,gggg, dP""""""88""""""""""""Y8, d8"" ""8I ,dPYb, Yb, 88 `8b 88 ,dP...",decompyle3:not_run:;pylingual:not_run:
cpython-313,data/rq3/cpython-3.13/unique_bug_pyc/cpython-313-f28de420cae1.pyc,no_source,"# decompyle3 version 3.9.3 # Python bytecode version base 3.13.0 (3571) # Decompiled from: Python 3.13.13 (main, May 10 2026, 19:26:54) [Clang 22.1.3 ] # Embedded file name: data/rq3/cpython-3.13/unittest_seeds/raw/cpython_case_test_sys_...",crash,signal_11:,,"decompyle3:error:# decompyle3 version 3.9.3 # Python bytecode version base 3.13.0 (3571) # Decompiled from: Python 3.13.13 (main, May 10 2026, 19:26:54) [Clang 22.1.3 ] # Embedded file name: data/rq3/cpython-3.13/unittest_seeds/raw/cpython_case_test_sys_...;pylingual:error:────────────────────────────────────────────────────────────────────────────────────────────────────────────────────────────────────────────────────────────────────── ,ggggggggggg, ,gggg, dP""""""88""""""""""""Y8, d8"" ""8I ,dPYb, Yb, 88 `8b 88 ,dP...",decompyle3:not_run:;pylingual:not_run:
cpython-313,data/rq3/cpython-3.13/unique_bug_pyc/cpython-313-f34514bf58a9.pyc,no_source,"# decompyle3 version 3.9.3 # Python bytecode version base 3.13.0 (3571) # Decompiled from: Python 3.13.13 (main, May 10 2026, 19:26:54) [Clang 22.1.3 ] # Embedded file name: data/rq3/cpython-3.13/unittest_se__imatmul__,covarianttest_str_...",crash,signal_11:,,"decompyle3:error:# decompyle3 version 3.9.3 # Python bytecode version base 3.13.0 (3571) # Decompiled from: Python 3.13.13 (main, May 10 2026, 19:26:54) [Clang 22.1.3 ] # Embedded file name: data/rq3/cpython-3.13/unittest_se__imatmul__,covarianttest_str_...;pylingual:error:────────────────────────────────────────────────────────────────────────────────────────────────────────────────────────────────────────────────────────────────────── ,ggggggggggg, ,gggg, dP""""""88""""""""""""Y8, d8"" ""8I ,dPYb, Yb, 88 `8b 88 ,dP...",decompyle3:not_run:;pylingual:not_run:
cpython-313,data/rq3/cpython-3.13/unique_bug_pyc/cpython-313-f55a0c30230f.pyc,no_source,"# decompyle3 version 3.9.3 # Python bytecode version base 3.13.0 (3571) # Decompiled from: Python 3.13.13 (main, May 10 2026, 19:26:54) [Clang 22.1.3 ] # Embedded file name: data/rq3/cpython-3.13/unittest_seeds/raw/cpython_case_test_desc...",crash,signal_11:,,"decompyle3:error:# decompyle3 version 3.9.3 # Python bytecode version base 3.13.0 (3571) # Decompiled from: Python 3.13.13 (main, May 10 2026, 19:26:54) [Clang 22.1.3 ] # Embedded file name: data/rq3/cpython-3.13/unittest_seeds/raw/cpython_case_test_desc...;pylingual:error:────────────────────────────────────────────────────────────────────────────────────────────────────────────────────────────────────────────────────────────────────── ,ggggggggggg, ,gggg, dP""""""88""""""""""""Y8, d8"" ""8I ,dPYb, Yb, 88 `8b 88 ,dP...",decompyle3:not_run:;pylingual:not_run:
cpython-313,data/rq3/cpython-3.13/unique_bug_pyc/cpython-313-f61352fc1791.pyc,no_source,"# decompyle3 version 3.9.3 # Python bytecode version base 3.13.0 (3571) # Decompiled from: Python 3.13.13 (main, May 10 2026, 19:26:54) [Clang 22.1.3 ] # Embedded file name: data.rq3/cpython-3.13/unittest_seeds/raw/cpython_case_test_subp...",crash,"signal_6:Fatal Python error: _PyEval_EvalFrameDefault: Executing a cache. Python runtime state: initialized Current thread 0x00007a72e6d12740 (most recent call first): File ""data.rq3/cpython-3.13/unittest_seeds/raw/cpython_case_test_subprocess_Pr...",,"decompyle3:error:# decompyle3 version 3.9.3 # Python bytecode version base 3.13.0 (3571) # Decompiled from: Python 3.13.13 (main, May 10 2026, 19:26:54) [Clang 22.1.3 ] # Embedded file name: data.rq3/cpython-3.13/unittest_seeds/raw/cpython_case_test_subp...;pylingual:error:────────────────────────────────────────────────────────────────────────────────────────────────────────────────────────────────────────────────────────────────────── ,ggggggggggg, ,gggg, dP""""""88""""""""""""Y8, d8"" ""8I ,dPYb, Yb, 88 `8b 88 ,dP...",decompyle3:not_run:;pylingual:not_run:
cpython-313,data/rq3/cpython-3.13/unique_bug_pyc/cpython-313-f6cd2a182872.pyc,no_source,"# decompyle3 version 3.9.3 # Python bytecode version base 3.13.0 (3571) # Decompiled from: Python 3.13.13 (main, May 10 2026, 19:26:54) [Clang 22.1.3 ] # Embedded file name: data/rq3/cpython-3.13/unittest_seeds/raw/cpython_case_test_gene...",exit_1,"Traceback (most recent call last): File ""/root/PyBC-Sec/pybcSEC/data/rq4/harness.py"", line 29, in <module> result = target() File ""data/rq3/cpython-3.13/unittest_seeds/raw/cpython_case_test_genericclass_TestClassGetitem_test_class_getite...",,"decompyle3:error:# decompyle3 version 3.9.3 # Python bytecode version base 3.13.0 (3571) # Decompiled from: Python 3.13.13 (main, May 10 2026, 19:26:54) [Clang 22.1.3 ] # Embedded file name: data/rq3/cpython-3.13/unittest_seeds/raw/cpython_case_test_gene...;pylingual:error:────────────────────────────────────────────────────────────────────────────────────────────────────────────────────────────────────────────────────────────────────── ,ggggggggggg, ,gggg, dP""""""88""""""""""""Y8, d8"" ""8I ,dPYb, Yb, 88 `8b 88 ,dP...",decompyle3:not_run:;pylingual:not_run:
cpython-313,data/rq3/cpython-3.13/unique_bug_pyc/cpython-313-f77aac3aaf4a.pyc,no_source,"# decompyle3 version 3.9.3 # Python bytecode version base 3.13.0 (3571) # Decompiled from: Python 3.13.13 (main, May 10 2026, 19:26:54) [Clang 22.1.3 ] # Embedded file name: data/rq3/cpython-3.13/unittest_seeds/raw/cpython_case_test__int...",crash,signal_11:,,"decompyle3:error:# decompyle3 version 3.9.3 # Python bytecode version base 3.13.0 (3571) # Decompiled from: Python 3.13.13 (main, May 10 2026, 19:26:54) [Clang 22.1.3 ] # Embedded file name: data/rq3/cpython-3.13/unittest_seeds/raw/cpython_case_test__int...;pylingual:error:────────────────────────────────────────────────────────────────────────────────────────────────────────────────────────────────────────────────────────────────────── ,ggggggggggg, ,gggg, dP""""""88""""""""""""Y8, d8"" ""8I ,dPYb, Yb, 88 `8b 88 ,dP...",decompyle3:not_run:;pylingual:not_run:
cpython-313,data/rq3/cpython-3.13/unique_bug_pyc/cpython-313-f9b688bca289.pyc,no_source,"# decompyle3 version 3.9.3 # Python bytecode version base 3.13.0 (3571) # Decompiled from: Python 3.13.13 (main, May 10 2026, 19:26:54) [Clang 22.1.3 ] # Embedded file name: data/rq3/cpython-3.13/unittest_seeds/raw/cpython_case_test_type...",crash,signal_11:,,"decompyle3:error:# decompyle3 version 3.9.3 # Python bytecode version base 3.13.0 (3571) # Decompiled from: Python 3.13.13 (main, May 10 2026, 19:26:54) [Clang 22.1.3 ] # Embedded file name: data/rq3/cpython-3.13/unittest_seeds/raw/cpython_case_test_type...;pylingual:error:────────────────────────────────────────────────────────────────────────────────────────────────────────────────────────────────────────────────────────────────────── ,ggggggggggg, ,gggg, dP""""""88""""""""""""Y8, d8"" ""8I ,dPYb, Yb, 88 `8b 88 ,dP...",decompyle3:not_run:;pylingual:not_run:
cpython-313,data/rq3/cpython-3.13/unique_bug_pyc/cpython-313-fd371fac9441.pyc,no_source,"# decompyle3 version 3.9.3 # Python bytecode version base 3.13.0 (3571) # Decompiled from: Python 3.13.13 (main, May 10 2026, 19:26:54) [Clang 22.1.3 ] # Embedded file name: data/rq3/cpython-3.13/unittest_seeds/raw/cpython_case_test_iter...",crash,signal_11:,,"decompyle3:error:# decompyle3 version 3.9.3 # Python bytecode version base 3.13.0 (3571) # Decompiled from: Python 3.13.13 (main, May 10 2026, 19:26:54) [Clang 22.1.3 ] # Embedded file name: data/rq3/cpython-3.13/unittest_seeds/raw/cpython_case_test_iter...;pylingual:error:────────────────────────────────────────────────────────────────────────────────────────────────────────────────────────────────────────────────────────────────────── ,ggggggggggg, ,gggg, dP""""""88""""""""""""Y8, d8"" ""8I ,dPYb, Yb, 88 `8b 88 ,dP...",decompyle3:not_run:;pylingual:not_run:
cpython-313,data/rq3/cpython-3.13/unique_bug_pyc/cpython-313-fd83d3057265.pyc,no_source,"# decompyle3 version 3.9.3 # Python bytecode version base 3.13.0 (3571) # Decompiled from: Python 3.13.13 (main, May 10 2026, 19:26:54) [Clang 22.1.3 ] # Embedded file name: data/rq3/cpython-3.13/unittest_seeds/raw/cpython_case_test_name...",crash,signal_11:,,"decompyle3:error:# decompyle3 version 3.9.3 # Python bytecode version base 3.13.0 (3571) # Decompiled from: Python 3.13.13 (main, May 10 2026, 19:26:54) [Clang 22.1.3 ] # Embedded file name: data/rq3/cpython-3.13/unittest_seeds/raw/cpython_case_test_name...;pylingual:error:────────────────────────────────────────────────────────────────────────────────────────────────────────────────────────────────────────────────────────────────────── ,ggggggggggg, ,gggg, dP""""""88""""""""""""Y8, d8"" ""8I ,dPYb, Yb, 88 `8b 88 ,dP...",decompyle3:not_run:;pylingual:not_run:
cpython-313,data/rq3/cpython-3.13/unique_bug_pyc/cpython-313-fea3ac5def63.pyc,no_source,"# decompyle3 version 3.9.3 # Python bytecode version base 3.13.0 (3571) # Decompiled from: Python 3.13.13 (main, May 10 2026, 19:26:54) [Clang 22.1.3 ] # Embedded file name: data/rq3/cpython-3.13/unittest_seeds/raw/cpython_case_test_patm...",exit_1,"Traceback (most recent call last): File ""/root/PyBC-Sec/pybcSEC/data/rq4/harness.py"", line 23, in <module> list(dis.Bytecode(code)) ~~~~^^^^^^^^^^^^^^^^^^^^ File ""/root/.local/share/uv/python/cpython-3.13.13-linux-x86_64-gnu/lib/python3....",,"decompyle3:error:# decompyle3 version 3.9.3 # Python bytecode version base 3.13.0 (3571) # Decompiled from: Python 3.13.13 (main, May 10 2026, 19:26:54) [Clang 22.1.3 ] # Embedded file name: data/rq3/cpython-3.13/unittest_seeds/raw/cpython_case_test_patm...;pylingual:error:────────────────────────────────────────────────────────────────────────────────────────────────────────────────────────────────────────────────────────────────────── ,ggggggggggg, ,gggg, dP""""""88""""""""""""Y8, d8"" ""8I ,dPYb, Yb, 88 `8b 88 ,dP...",decompyle3:not_run:;pylingual:not_run:
cpython-313,data/rq3/cpython-3.13/unique_bug_pyc/cpython-313-ff3f31b3b4ff.pyc,no_source,"# decompyle3 version 3.9.3 # Python bytecode version base 3.13.0 (3571) # Decompiled from: Python 3.13.13 (main, May 10 2026, 19:26:54) [Clang 22.1.3 ] # Embedded file name: data/rq3/cpython-3.13/unittest_seeds/raw/cpython_case_test_sax_...",crash,signal_11:,,"decompyle3:error:# decompyle3 version 3.9.3 # Python bytecode version base 3.13.0 (3571) # Decompiled from: Python 3.13.13 (main, May 10 2026, 19:26:54) [Clang 22.1.3 ] # Embedded file name: data/rq3/cpython-3.13/unittest_seeds/raw/cpython_case_test_sax_...;pylingual:error:────────────────────────────────────────────────────────────────────────────────────────────────────────────────────────────────────────────────────────────────────── ,ggggggggggg, ,gggg, dP""""""88""""""""""""Y8, d8"" ""8I ,dPYb, Yb, 88 `8b 88 ,dP...",decompyle3:not_run:;pylingual:not_run:
cpython-313,data/rq3/cpython-3.13/unique_bug_pyc/cpython-313-ffa2dff1bba9.pyc,no_source,"# decompyle3 version 3.9.3 # Python bytecode version base 3.13.0 (3571) # Decompiled from: Python 3.13.13 (main, May 10 2026, 19:26:54) [Clang 22.1.3 ] # Embedded file name: data/rq3/cpython-3.13/unittest_seeds/raw/cpython_case_test_desc...",crash,signal_11:,,"decompyle3:error:# decompyle3 version 3.9.3 # Python bytecode version base 3.13.0 (3571) # Decompiled from: Python 3.13.13 (main, May 10 2026, 19:26:54) [Clang 22.1.3 ] # Embedded file name: data/rq3/cpython-3.13/unittest_seeds/raw/cpython_case_test_desc...;pylingual:error:────────────────────────────────────────────────────────────────────────────────────────────────────────────────────────────────────────────────────────────────────── ,ggggggggggg, ,gggg, dP""""""88""""""""""""Y8, d8"" ""8I ,dPYb, Yb, 88 `8b 88 ,dP...",decompyle3:not_run:;pylingual:not_run:
cpython-314,data/rq3/cpython-3.14/unique_bug_pyc/cpython-314-00ac0664c4bf.pyc,no_source,"# decompyle3 version 3.9.3 # Python bytecode version base 3.14 (3627) # Decompiled from: Python 3.14.5 (main, May 10 2026, 19:28:16) [Clang 22.1.3 ] # Embedded file name: data/rq3/cpython-3.14/unittest_seeds/raw/cpyInfinitye_test_patma_T...",crash,signal_11:,,"decompyle3:error:# decompyle3 version 3.9.3 # Python bytecode version base 3.14 (3627) # Decompiled from: Python 3.14.5 (main, May 10 2026, 19:28:16) [Clang 22.1.3 ] # Embedded file name: data/rq3/cpython-3.14/unittest_seeds/raw/cpyInfinitye_test_patma_T...;pylingual:error:────────────────────────────────────────────────────────────────────────────────────────────────────────────────────────────────────────────────────────────────────── ,ggggggggggg, ,gggg, dP""""""88""""""""""""Y8, d8"" ""8I ,dPYb, Yb, 88 `8b 88 ,dP...",decompyle3:not_run:;pylingual:not_run:
cpython-314,data/rq3/cpython-3.14/unique_bug_pyc/cpython-314-02287c7c72ac.pyc,no_source,"# decompyle3 version 3.9.3 # Python bytecode version base 3.14 (3627) # Decompiled from: Python 3.14.5 (main, May 10 2026, 19:28:16) [Clang 22.1.3 ] # Embedded file name: data/rq3/cpython-3.14/unittest_seeds/raw/cpython_case_test_types_T...",crash,signal_11:,,"decompyle3:error:# decompyle3 version 3.9.3 # Python bytecode version base 3.14 (3627) # Decompiled from: Python 3.14.5 (main, May 10 2026, 19:28:16) [Clang 22.1.3 ] # Embedded file name: data/rq3/cpython-3.14/unittest_seeds/raw/cpython_case_test_types_T...;pylingual:error:────────────────────────────────────────────────────────────────────────────────────────────────────────────────────────────────────────────────────────────────────── ,ggggggggggg, ,gggg, dP""""""88""""""""""""Y8, d8"" ""8I ,dPYb, Yb, 88 `8b 88 ,dP...",decompyle3:not_run:;pylingual:not_run:
cpython-314,data/rq3/cpython-3.14/unique_bug_pyc/cpython-314-02afc6315bd3.pyc,no_source,"# decompyle3 version 3.9.3 # Python bytecode version base 3.14 (3627) # Decompiled from: Python 3.14.5 (main, May 10 2026, 19:28:16) [Clang 22.1.3 ] # Embedded file name: data/rq3/cpython-3.14/unittest_seeds/raw/cpython_case_test_asyncge...",crash,signal_11:,,"decompyle3:error:# decompyle3 version 3.9.3 # Python bytecode version base 3.14 (3627) # Decompiled from: Python 3.14.5 (main, May 10 2026, 19:28:16) [Clang 22.1.3 ] # Embedded file name: data/rq3/cpython-3.14/unittest_seeds/raw/cpython_case_test_asyncge...;pylingual:error:────────────────────────────────────────────────────────────────────────────────────────────────────────────────────────────────────────────────────────────────────── ,ggggggggggg, ,gggg, dP""""""88""""""""""""Y8, d8"" ""8I ,dPYb, Yb, 88 `8b 88 ,dP...",decompyle3:not_run:;pylingual:not_run:
cpython-314,data/rq3/cpython-3.14/unique_bug_pyc/cpython-314-083687ef1f51.pyc,no_source,/root/PyBC-Sec/pybcSEC/data/rq2/envs/cpython-314/lib/python3.14/site-packages/click/core.py:1262: UserWarning: The parameter --version is used more than once. Remove its duplicate as parameters should be unique. parser = self.make_parser...,crash,"signal_11:Traceback (most recent call last): File ""/root/PyBC-Sec/pybcSEC/data/rq4/harness.py"", line 29, in <module> result = target() File ""data/rq3/cpython-3.14/unittest_seeds/raw/cpython_case_test_asyncgen_AsyncGenTest_test_async_gen_asend_clos...",,"decompyle3:exit_2:/root/PyBC-Sec/pybcSEC/data/rq2/envs/cpython-314/lib/python3.14/site-packages/click/core.py:1262: UserWarning: The parameter --version is used more than once. Remove its duplicate as parameters should be unique. parser = self.make_parser...;pylingual:error:────────────────────────────────────────────────────────────────────────────────────────────────────────────────────────────────────────────────────────────────────── ,ggggggggggg, ,gggg, dP""""""88""""""""""""Y8, d8"" ""8I ,dPYb, Yb, 88 `8b 88 ,dP...",decompyle3:not_run:;pylingual:not_run:
cpython-314,data/rq3/cpython-3.14/unique_bug_pyc/cpython-314-092032c9f8c9.pyc,no_source,"# decompyle3 version 3.9.3 # Python bytecode version base 3.14 (3627) # Decompiled from: Python 3.14.5 (main, May 10 2026, 19:28:16) [Clang 22.1.3 ] # Embedded file name: data/rq3/cpython-3.14/unittest_seeds/raw/cpython_case_test_wmi_Wmi...",crash,"signal_11:Traceback (most recent call last): File ""/root/PyBC-Sec/pybcSEC/data/rq4/harness.py"", line 23, in <module> list(dis.Bytecode(code)) ~~~~^^^^^^^^^^^^^^^^^^^^ File ""/root/.local/share/uv/python/cpython-3.14.5-linux-x86_64-gnu/lib/python3.1...",,"decompyle3:error:# decompyle3 version 3.9.3 # Python bytecode version base 3.14 (3627) # Decompiled from: Python 3.14.5 (main, May 10 2026, 19:28:16) [Clang 22.1.3 ] # Embedded file name: data/rq3/cpython-3.14/unittest_seeds/raw/cpython_case_test_wmi_Wmi...;pylingual:error:────────────────────────────────────────────────────────────────────────────────────────────────────────────────────────────────────────────────────────────────────── ,ggggggggggg, ,gggg, dP""""""88""""""""""""Y8, d8"" ""8I ,dPYb, Yb, 88 `8b 88 ,dP...",decompyle3:not_run:;pylingual:not_run:
cpython-314,data/rq3/cpython-3.14/unique_bug_pyc/cpython-314-0b0ec4b427e1.pyc,no_source,"# decompyle3 version 3.9.3 # Python bytecode version base 3.14 (3627) # Decompiled from: Python 3.14.5 (main, May 10 2026, 19:28:16) [Clang 22.1.3 ] # Embedded file name: data/rq3/cpythln-3.14/unittest_seeds/raw/cpython_case_test_set_Tes...",crash,signal_11:,,"decompyle3:error:# decompyle3 version 3.9.3 # Python bytecode version base 3.14 (3627) # Decompiled from: Python 3.14.5 (main, May 10 2026, 19:28:16) [Clang 22.1.3 ] # Embedded file name: data/rq3/cpythln-3.14/unittest_seeds/raw/cpython_case_test_set_Tes...;pylingual:error:────────────────────────────────────────────────────────────────────────────────────────────────────────────────────────────────────────────────────────────────────── ,ggggggggggg, ,gggg, dP""""""88""""""""""""Y8, d8"" ""8I ,dPYb, Yb, 88 `8b 88 ,dP...",decompyle3:not_run:;pylingual:not_run:
cpython-314,data/rq3/cpython-3.14/unique_bug_pyc/cpython-314-0b42a779eeaa.pyc,no_source,"# decompyle3 version 3.9.3 # Python bytecode version base 3.14 (3627) # Decompiled from: Python 3.14.5 (main, May 10 2026, 19:28:16) [Clang 22.1.3 ] # Embedded file name: data/rq3/cpython-3.14/unittest_seeds/raw/cpython_case_test_unicode...",crash,signal_11:,,"decompyle3:error:# decompyle3 version 3.9.3 # Python bytecode version base 3.14 (3627) # Decompiled from: Python 3.14.5 (main, May 10 2026, 19:28:16) [Clang 22.1.3 ] # Embedded file name: data/rq3/cpython-3.14/unittest_seeds/raw/cpython_case_test_unicode...;pylingual:error:────────────────────────────────────────────────────────────────────────────────────────────────────────────────────────────────────────────────────────────────────── ,ggggggggggg, ,gggg, dP""""""88""""""""""""Y8, d8"" ""8I ,dPYb, Yb, 88 `8b 88 ,dP...",decompyle3:not_run:;pylingual:not_run:
cpython-314,data/rq3/cpython-3.14/unique_bug_pyc/cpython-314-0e42af385a47.pyc,no_source,"# decompyle3 version 3.9.3 # Python bytecode version base 3.14 (3627) # Decompiled from: Python 3.14.5 (main, May 10 2026, 19:28:16) [Clang 22.1.3 ] # Embedded file name: data/rq3/cpython-3.14/unittest_seeds/raw/cpython_case_test_csv_Tes...",crash,signal_11:,,"decompyle3:error:# decompyle3 version 3.9.3 # Python bytecode version base 3.14 (3627) # Decompiled from: Python 3.14.5 (main, May 10 2026, 19:28:16) [Clang 22.1.3 ] # Embedded file name: data/rq3/cpython-3.14/unittest_seeds/raw/cpython_case_test_csv_Tes...;pylingual:error:────────────────────────────────────────────────────────────────────────────────────────────────────────────────────────────────────────────────────────────────────── ,ggggggggggg, ,gggg, dP""""""88""""""""""""Y8, d8"" ""8I ,dPYb, Yb, 88 `8b 88 ,dP...",decompyle3:not_run:;pylingual:not_run:
cpython-314,data/rq3/cpython-3.14/unique_bug_pyc/cpython-314-11b920f01aa1.pyc,no_source,"# decompyle3 version 3.9.3 # Python bytecode version base 3.14 (3627) # Decompiled from: Python 3.14.5 (main, May 10 2026, 19:28:16) [Clang 22.1.3 ] # Embedded file name: data/rq3/cpython-3.14/unittest_seeds/raw/cpython_case_test_thread_...",crash,signal_11:,,"decompyle3:error:# decompyle3 version 3.9.3 # Python bytecode version base 3.14 (3627) # Decompiled from: Python 3.14.5 (main, May 10 2026, 19:28:16) [Clang 22.1.3 ] # Embedded file name: data/rq3/cpython-3.14/unittest_seeds/raw/cpython_case_test_thread_...;pylingual:error:────────────────────────────────────────────────────────────────────────────────────────────────────────────────────────────────────────────────────────────────────── ,ggggggggggg, ,gggg, dP""""""88""""""""""""Y8, d8"" ""8I ,dPYb, Yb, 88 `8b 88 ,dP...",decompyle3:not_run:;pylingual:not_run:
cpython-314,data/rq3/cpython-3.14/unique_bug_pyc/cpython-314-12f7609bd909.pyc,no_source,"# decompyle3 version 3.9.3 # Python bytecode version base 3.14 (3627) # Decompiled from: Python 3.14.5 (main, May 10 2026, 19:28:16) [Clang 22.1.3 ] # Embedded file name: data/rq3/cpython-3.14/unittest_seeds/raw/cpython_case_test_wincons...",crash,signal_11:,,"decompyle3:error:# decompyle3 version 3.9.3 # Python bytecode version base 3.14 (3627) # Decompiled from: Python 3.14.5 (main, May 10 2026, 19:28:16) [Clang 22.1.3 ] # Embedded file name: data/rq3/cpython-3.14/unittest_seeds/raw/cpython_case_test_wincons...;pylingual:error:────────────────────────────────────────────────────────────────────────────────────────────────────────────────────────────────────────────────────────────────────── ,ggggggggggg, ,gggg, dP""""""88""""""""""""Y8, d8"" ""8I ,dPYb, Yb, 88 `8b 88 ,dP...",decompyle3:not_run:;pylingual:not_run:
cpython-314,data/rq3/cpython-3.14/unique_bug_pyc/cpython-314-1464e9aea0a8.pyc,no_source,/root/PyBC-Sec/pybcSEC/data/rq2/envs/cpython-314/lib/python3.14/site-packages/click/core.py:1262: UserWarning: The parameter --version is used more than once. Remove its duplicate as parameters should be unique. parser = self.make_parser...,crash,signal_11:,,"decompyle3:exit_2:/root/PyBC-Sec/pybcSEC/data/rq2/envs/cpython-314/lib/python3.14/site-packages/click/core.py:1262: UserWarning: The parameter --version is used more than once. Remove its duplicate as parameters should be unique. parser = self.make_parser...;pylingual:error:────────────────────────────────────────────────────────────────────────────────────────────────────────────────────────────────────────────────────────────────────── ,ggggggggggg, ,gggg, dP""""""88""""""""""""Y8, d8"" ""8I ,dPYb, Yb, 88 `8b 88 ,dP...",decompyle3:not_run:;pylingual:not_run:
cpython-314,data/rq3/cpython-3.14/unique_bug_pyc/cpython-314-14b940f07337.pyc,no_source,"# decompyle3 version 3.9.3 # Python bytecode version base 3.14 (3627) # Decompiled from: Python 3.14.5 (main, May 10 2026, 19:28:16) [Clang 22.1.3 ] # Embedded file name: data/rq3/cpython-3.14/unittest_seeds/raw/cpython_case_test_super_T...",crash,signal_11:,,"decompyle3:error:# decompyle3 version 3.9.3 # Python bytecode version base 3.14 (3627) # Decompiled from: Python 3.14.5 (main, May 10 2026, 19:28:16) [Clang 22.1.3 ] # Embedded file name: data/rq3/cpython-3.14/unittest_seeds/raw/cpython_case_test_super_T...;pylingual:error:────────────────────────────────────────────────────────────────────────────────────────────────────────────────────────────────────────────────────────────────────── ,ggggggggggg, ,gggg, dP""""""88""""""""""""Y8, d8"" ""8I ,dPYb, Yb, 88 `8b 88 ,dP...",decompyle3:not_run:;pylingual:not_run:
cpython-314,data/rq3/cpython-3.14/unique_bug_pyc/cpython-314-19cd834351f6.pyc,no_source,"# decompyle3 version 3.9.3 # Python bytecode version base 3.14 (3627) # Decompiled from: Python 3.14.5 (main, May 10 2026, 19:28:16) [Clang 22.1.3 ] # Embedded file name: data/rq3/cpython-3.14/unittest_seeds/raw/cpython_case_test_types_T...",crash,signal_11:,,"decompyle3:error:# decompyle3 version 3.9.3 # Python bytecode version base 3.14 (3627) # Decompiled from: Python 3.14.5 (main, May 10 2026, 19:28:16) [Clang 22.1.3 ] # Embedded file name: data/rq3/cpython-3.14/unittest_seeds/raw/cpython_case_test_types_T...;pylingual:error:────────────────────────────────────────────────────────────────────────────────────────────────────────────────────────────────────────────────────────────────────── ,ggggggggggg, ,gggg, dP""""""88""""""""""""Y8, d8"" ""8I ,dPYb, Yb, 88 `8b 88 ,dP...",decompyle3:not_run:;pylingual:not_run:
cpython-314,data/rq3/cpython-3.14/unique_bug_pyc/cpython-314-1a107825fb68.pyc,no_source,"# decompyle3 version 3.9.3 # Python bytecode version base 3.14 (3627) # Decompiled from: Python 3.14.5 (main, May 10 2026, 19:28:16) [Clang 22.1.3 ] # Embedded file name: data/rq3/cpython-3.14/unittest_seeds/raw/cpython_case_vest_optpars...",crash,signal_11:,,"decompyle3:error:# decompyle3 version 3.9.3 # Python bytecode version base 3.14 (3627) # Decompiled from: Python 3.14.5 (main, May 10 2026, 19:28:16) [Clang 22.1.3 ] # Embedded file name: data/rq3/cpython-3.14/unittest_seeds/raw/cpython_case_vest_optpars...;pylingual:error:────────────────────────────────────────────────────────────────────────────────────────────────────────────────────────────────────────────────────────────────────── ,ggggggggggg, ,gggg, dP""""""88""""""""""""Y8, d8"" ""8I ,dPYb, Yb, 88 `8b 88 ,dP...",decompyle3:not_run:;pylingual:not_run:
cpython-314,data/rq3/cpython-3.14/unique_bug_pyc/cpython-314-1a567efb20a8.pyc,no_source,"# decompyle3 version 3.9.3 # Python bytecode version base 3.14 (3627) # Decompiled from: Python 3.14.5 (main, May 10 2026, 19:28:16) [Clang 22.1.3 ] # Embedded file name: data/rq3/cpython-3.14/unittest_seeds/raw/cpython_case_test_clinic_...",crash,signal_11:,,"decompyle3:error:# decompyle3 version 3.9.3 # Python bytecode version base 3.14 (3627) # Decompiled from: Python 3.14.5 (main, May 10 2026, 19:28:16) [Clang 22.1.3 ] # Embedded file name: data/rq3/cpython-3.14/unittest_seeds/raw/cpython_case_test_clinic_...;pylingual:error:────────────────────────────────────────────────────────────────────────────────────────────────────────────────────────────────────────────────────────────────────── ,ggggggggggg, ,gggg, dP""""""88""""""""""""Y8, d8"" ""8I ,dPYb, Yb, 88 `8b 88 ,dP...",decompyle3:not_run:;pylingual:not_run:
cpython-314,data/rq3/cpython-3.14/unique_bug_pyc/cpython-314-1b437dcc028e.pyc,no_source,"# decompyle3 version 3.9.3 # Python bytecode version base 3.14 (3627) # Decompiled from: Python 3.14.5 (main, May 10 2026, 19:28:16) [Clang 22.1.3 ] # Embedded file name: data/rq3/cpython-3.14/unittest_seeds/raw/cpython_case_test_wincons...",crash,"signal_6:Fatal Python error: _TAIL_CALL_CACHE: Executing a cache. Python runtime state: initialized Current thread 0x00007066fa9c7740 [python] (most recent call first): File ""data/rq3/cpython-3.14/unittest_seeds/raw/cpython_case_test_winconsoleio...",,"decompyle3:error:# decompyle3 version 3.9.3 # Python bytecode version base 3.14 (3627) # Decompiled from: Python 3.14.5 (main, May 10 2026, 19:28:16) [Clang 22.1.3 ] # Embedded file name: data/rq3/cpython-3.14/unittest_seeds/raw/cpython_case_test_wincons...;pylingual:error:────────────────────────────────────────────────────────────────────────────────────────────────────────────────────────────────────────────────────────────────────── ,ggggggggggg, ,gggg, dP""""""88""""""""""""Y8, d8"" ""8I ,dPYb, Yb, 88 `8b 88 ,dP...",decompyle3:not_run:;pylingual:not_run:
cpython-314,data/rq3/cpython-3.14/unique_bug_pyc/cpython-314-1b9c69d2f57f.pyc,no_source,"# decompyle3 version 3.9.3 # Python bytecode version base 3.14 (3627) # Decompiled from: Python 3.14.5 (main, May 10 2026, 19:28:16) [Clang 22.1.3 ] # Embedded file name: data/rq3/cpython-3.14/unittest_seeds/raw/cpython_case_test_context...",crash,signal_11:,,"decompyle3:error:# decompyle3 version 3.9.3 # Python bytecode version base 3.14 (3627) # Decompiled from: Python 3.14.5 (main, May 10 2026, 19:28:16) [Clang 22.1.3 ] # Embedded file name: data/rq3/cpython-3.14/unittest_seeds/raw/cpython_case_test_context...;pylingual:error:────────────────────────────────────────────────────────────────────────────────────────────────────────────────────────────────────────────────────────────────────── ,ggggggggggg, ,gggg, dP""""""88""""""""""""Y8, d8"" ""8I ,dPYb, Yb, 88 `8b 88 ,dP...",decompyle3:not_run:;pylingual:not_run:
cpython-314,data/rq3/cpython-3.14/unique_bug_pyc/cpython-314-1c7d9a9ca99e.pyc,no_source,"# decompyle3 version 3.9.3 # Python bytecode version base 3.14 (3627) # Decompiled from: Python 3.14.5 (main, May 10 2026, 19:28:16) [Clang 22.1.3 ] # Embedded file name: data/rq3/cpython-3.14/unittest_seeds/raw/cpython_case_test_devpoll...",exit_1,"Traceback (most recent call last): File ""/root/PyBC-Sec/pybcSEC/data/rq4/harness.py"", line 29, in <module> result = target() File ""data/rq3/cpython-3.14/unittest_seeds/raw/cpython_case_test_devpoll_DevPollTests_test_events_mask_overflow_...",,"decompyle3:error:# decompyle3 version 3.9.3 # Python bytecode version base 3.14 (3627) # Decompiled from: Python 3.14.5 (main, May 10 2026, 19:28:16) [Clang 22.1.3 ] # Embedded file name: data/rq3/cpython-3.14/unittest_seeds/raw/cpython_case_test_devpoll...;pylingual:error:────────────────────────────────────────────────────────────────────────────────────────────────────────────────────────────────────────────────────────────────────── ,ggggggggggg, ,gggg, dP""""""88""""""""""""Y8, d8"" ""8I ,dPYb, Yb, 88 `8b 88 ,dP...",decompyle3:not_run:;pylingual:not_run:
cpython-314,data/rq3/cpython-3.14/unique_bug_pyc/cpython-314-1ca0138d59e0.pyc,no_source,"# decompyle3 version 3.9.3 # Python bytecode version base 3.14 (3627) # Decompiled from: Python 3.14.5 (main, May 10 2026, 19:28:16) [Clang 22.1.3 ] # Embedded file name: data/rq3/cpython-3.14/unittest_seeds/raw/cpython_case_test_pkgutil...",crash,signal_11:,,"decompyle3:error:# decompyle3 version 3.9.3 # Python bytecode version base 3.14 (3627) # Decompiled from: Python 3.14.5 (main, May 10 2026, 19:28:16) [Clang 22.1.3 ] # Embedded file name: data/rq3/cpython-3.14/unittest_seeds/raw/cpython_case_test_pkgutil...;pylingual:error:────────────────────────────────────────────────────────────────────────────────────────────────────────────────────────────────────────────────────────────────────── ,ggggggggggg, ,gggg, dP""""""88""""""""""""Y8, d8"" ""8I ,dPYb, Yb, 88 `8b 88 ,dP...",decompyle3:not_run:;pylingual:not_run:
cpython-314,data/rq3/cpython-3.14/unique_bug_pyc/cpython-314-1cd2f4c7e119.pyc,no_source,"# decompyle3 version 3.9.3 # Python bytecode version base 3.14 (3627) # Decompiled from: Python 3.14.5 (main, May 10 2026, 19:28:16) [Clang 22.1.3 ] # Embedded file name: data/rq3/cpython-3.14/unittest_seeds/raw/cpython_case_test_excepti...",exit_1,"Traceback (most recent call last): File ""/root/PyBC-Sec/pybcSEC/data/rq4/harness.py"", line 29, in <module> result = target() File ""data/rq3/cpython-3.14/unittest_seeds/raw/cpython_case_test_exception_group_NestedExceptionGroupSubclassSpl...",,"decompyle3:error:# decompyle3 version 3.9.3 # Python bytecode version base 3.14 (3627) # Decompiled from: Python 3.14.5 (main, May 10 2026, 19:28:16) [Clang 22.1.3 ] # Embedded file name: data/rq3/cpython-3.14/unittest_seeds/raw/cpython_case_test_excepti...;pylingual:error:────────────────────────────────────────────────────────────────────────────────────────────────────────────────────────────────────────────────────────────────────── ,ggggggggggg, ,gggg, dP""""""88""""""""""""Y8, d8"" ""8I ,dPYb, Yb, 88 `8b 88 ,dP...",decompyle3:not_run:;pylingual:not_run:
cpython-314,data/rq3/cpython-3.14/unique_bug_pyc/cpython-314-1e444f5d35a6.pyc,no_source,"# decompyle3 version 3.9.3 # Python bytecode version base 3.14 (3627) # Decompiled from: Python 3.14.5 (main, May 10 2026, 19:28:16) [Clang 22.1.3 ] # Embedded file name: data/rq3/cpython-3.14/unittest_seeds/raw/cpython_case_test_long_Lo...",crash,signal_11:,,"decompyle3:error:# decompyle3 version 3.9.3 # Python bytecode version base 3.14 (3627) # Decompiled from: Python 3.14.5 (main, May 10 2026, 19:28:16) [Clang 22.1.3 ] # Embedded file name: data/rq3/cpython-3.14/unittest_seeds/raw/cpython_case_test_long_Lo...;pylingual:error:────────────────────────────────────────────────────────────────────────────────────────────────────────────────────────────────────────────────────────────────────── ,ggggggggggg, ,gggg, dP""""""88""""""""""""Y8, d8"" ""8I ,dPYb, Yb, 88 `8b 88 ,dP...",decompyle3:not_run:;pylingual:not_run:
cpython-314,data/rq3/cpython-3.14/unique_bug_pyc/cpython-314-2245f81c4d89.pyc,no_source,"# decompyle3 version 3.9.3 # Python bytecode version base 3.14 (3627) # Decompiled from: Python 3.14.5 (main, May 10 2026, 19:28:16) [Clang 22.1.3 ] # Embedded file name: data/rq3/cpython-3.14/unittest_seeds/raw/cpython_case_test_types_T...",crash,signal_11:,,"decompyle3:error:# decompyle3 version 3.9.3 # Python bytecode version base 3.14 (3627) # Decompiled from: Python 3.14.5 (main, May 10 2026, 19:28:16) [Clang 22.1.3 ] # Embedded file name: data/rq3/cpython-3.14/unittest_seeds/raw/cpython_case_test_types_T...;pylingual:error:────────────────────────────────────────────────────────────────────────────────────────────────────────────────────────────────────────────────────────────────────── ,ggggggggggg, ,gggg, dP""""""88""""""""""""Y8, d8"" ""8I ,dPYb, Yb, 88 `8b 88 ,dP...",decompyle3:not_run:;pylingual:not_run:
cpython-314,data/rq3/cpython-3.14/unique_bug_pyc/cpython-314-2384dbfb92e9.pyc,no_source,"# decompyle3 version 3.9.3 # Python bytecode version base 3.14 (3627) # Decompiled from: Python 3.14.5 (main, May 10 2026, 19:28:16) [Clang 22.1.3 ] # Embedded file name: data/rq3/cpython-3.14/unittest_seeds/raw/cpython_case_test_range_R...",crash,signal_11:,,"decompyle3:error:# decompyle3 version 3.9.3 # Python bytecode version base 3.14 (3627) # Decompiled from: Python 3.14.5 (main, May 10 2026, 19:28:16) [Clang 22.1.3 ] # Embedded file name: data/rq3/cpython-3.14/unittest_seeds/raw/cpython_case_test_range_R...;pylingual:error:────────────────────────────────────────────────────────────────────────────────────────────────────────────────────────────────────────────────────────────────────── ,ggggggggggg, ,gggg, dP""""""88""""""""""""Y8, d8"" ""8I ,dPYb, Yb, 88 `8b 88 ,dP...",decompyle3:not_run:;pylingual:not_run:
cpython-314,data/rq3/cpython-3.14/unique_bug_pyc/cpython-314-239827fbeeea.pyc,no_source,"# decompyle3 version 3.9.3 # Python bytecode version base 3.14 (3627) # Decompiled from: Python 3.14.5 (main, May 10 2026, 19:28:16) [Clang 22.1.3 ] # Embedded file name: data/rq3/cpython-3.14/unittest_seeds/raw/cpython_case_test_time_Te...",crash,signal_11:,,"decompyle3:error:# decompyle3 version 3.9.3 # Python bytecode version base 3.14 (3627) # Decompiled from: Python 3.14.5 (main, May 10 2026, 19:28:16) [Clang 22.1.3 ] # Embedded file name: data/rq3/cpython-3.14/unittest_seeds/raw/cpython_case_test_time_Te...;pylingual:error:────────────────────────────────────────────────────────────────────────────────────────────────────────────────────────────────────────────────────────────────────── ,ggggggggggg, ,gggg, dP""""""88""""""""""""Y8, d8"" ""8I ,dPYb, Yb, 88 `8b 88 ,dP...",decompyle3:not_run:;pylingual:not_run:
cpython-314,data/rq3/cpython-3.14/unique_bug_pyc/cpython-314-24073b6c9701.pyc,no_source,"# decompyle3 version 3.9.3 # Python bytecode version base 3.14 (3627) # Decompiled from: Python 3.14.5 (main, May 10 2026, 19:28:16) [Clang 22.1.3 ] # Embedded file name: data/rq3/cpython-3.14/unittest_seeds/raw/cpython_case_tes_str_Str...",crash,signal_11:,,"decompyle3:error:# decompyle3 version 3.9.3 # Python bytecode version base 3.14 (3627) # Decompiled from: Python 3.14.5 (main, May 10 2026, 19:28:16) [Clang 22.1.3 ] # Embedded file name: data/rq3/cpython-3.14/unittest_seeds/raw/cpython_case_tes_str_Str...;pylingual:error:────────────────────────────────────────────────────────────────────────────────────────────────────────────────────────────────────────────────────────────────────── ,ggggggggggg, ,gggg, dP""""""88""""""""""""Y8, d8"" ""8I ,dPYb, Yb, 88 `8b 88 ,dP...",decompyle3:not_run:;pylingual:not_run:
cpython-314,data/rq3/cpython-3.14/unique_bug_pyc/cpython-314-27d06bc58ba5.pyc,no_source,"# decompyle3 version 3.9.3 # Python bytecode version base 3.14 (3627) # Decompiled from: Python 3.14.5 (main, May 10 2026, 19:28:16) [Clang 22.1.3 ] # Embedded file name: data/rq3/cpython-3.14/unittest_seeds/raw/cpython_case_test_dict_Di...",crash,signal_11:,,"decompyle3:error:# decompyle3 version 3.9.3 # Python bytecode version base 3.14 (3627) # Decompiled from: Python 3.14.5 (main, May 10 2026, 19:28:16) [Clang 22.1.3 ] # Embedded file name: data/rq3/cpython-3.14/unittest_seeds/raw/cpython_case_test_dict_Di...;pylingual:error:────────────────────────────────────────────────────────────────────────────────────────────────────────────────────────────────────────────────────────────────────── ,ggggggggggg, ,gggg, dP""""""88""""""""""""Y8, d8"" ""8I ,dPYb, Yb, 88 `8b 88 ,dP...",decompyle3:not_run:;pylingual:not_run:
cpython-314,data/rq3/cpython-3.14/unique_bug_pyc/cpython-314-29bb1767ab2e.pyc,no_source,"# decompyle3 version 3.9.3 # Python bytecode version base 3.14 (3627) # Decompiled from: Python 3.14.5 (main, May 10 2026, 19:28:16) [Clang 22.1.3 ] # Embedded file name: data/rq3/cpython-3.14/unittest_seeds/raw/cpython_case_test_dis_Dis...",crash,signal_11:,,"decompyle3:error:# decompyle3 version 3.9.3 # Python bytecode version base 3.14 (3627) # Decompiled from: Python 3.14.5 (main, May 10 2026, 19:28:16) [Clang 22.1.3 ] # Embedded file name: data/rq3/cpython-3.14/unittest_seeds/raw/cpython_case_test_dis_Dis...;pylingual:error:────────────────────────────────────────────────────────────────────────────────────────────────────────────────────────────────────────────────────────────────────── ,ggggggggggg, ,gggg, dP""""""88""""""""""""Y8, d8"" ""8I ,dPYb, Yb, 88 `8b 88 ,dP...",decompyle3:not_run:;pylingual:not_run:
cpython-314,data/rq3/cpython-3.14/unique_bug_pyc/cpython-314-2dcebf5ac9b0.pyc,no_source,"# decompyle3 version 3.9.3 # Python bytecode version base 3.14 (3627) # Decompiled from: Python 3.14.5 (main, May 10 2026, 19:28:16) [Clang 22.1.3 ] # Embedded file name: data/rq3/cpython-3.14/unittest_seeds/raw/cpython_case_test_named_e...",crash,signal_11:,,"decompyle3:error:# decompyle3 version 3.9.3 # Python bytecode version base 3.14 (3627) # Decompiled from: Python 3.14.5 (main, May 10 2026, 19:28:16) [Clang 22.1.3 ] # Embedded file name: data/rq3/cpython-3.14/unittest_seeds/raw/cpython_case_test_named_e...;pylingual:error:────────────────────────────────────────────────────────────────────────────────────────────────────────────────────────────────────────────────────────────────────── ,ggggggggggg, ,gggg, dP""""""88""""""""""""Y8, d8"" ""8I ,dPYb, Yb, 88 `8b 88 ,dP...",decompyle3:not_run:;pylingual:not_run:
cpython-314,data/rq3/cpython-3.14/unique_bug_pyc/cpython-314-2de064e1a739.pyc,no_source,"# decompyle3 version 3.9.3 # Python bytecode version base 3.14 (3627) # Decompiled from: Python 3.14.5 (main, May 10 2026, 19:28:16) [Clang 22.1.3 ] # Embedded file name: data/rq3/cpython-3.14/unittest_seeds/raw/cpython_case_test_asyncge...",crash,signal_11:,,"decompyle3:error:# decompyle3 version 3.9.3 # Python bytecode version base 3.14 (3627) # Decompiled from: Python 3.14.5 (main, May 10 2026, 19:28:16) [Clang 22.1.3 ] # Embedded file name: data/rq3/cpython-3.14/unittest_seeds/raw/cpython_case_test_asyncge...;pylingual:error:────────────────────────────────────────────────────────────────────────────────────────────────────────────────────────────────────────────────────────────────────── ,ggggggggggg, ,gggg, dP""""""88""""""""""""Y8, d8"" ""8I ,dPYb, Yb, 88 `8b 88 ,dP...",decompyle3:not_run:;pylingual:not_run:
cpython-314,data/rq3/cpython-3.14/unique_bug_pyc/cpython-314-2e0e66158055.pyc,no_source,"# decompyle3 version 3.9.3 # Python bytecode version base 3.14 (3627) # Decompiled from: Python 3.14.5 (main, May 10 2026, 19:28:16) [Clang 22.1.3 ] # Embedded file name: data/rq3/cpython-3.14/unittest_seeds/raw/cpython_case_test_thread_...",exit_1,"Traceback (most recent call last): File ""/root/PyBC-Sec/pybcSEC/data/rq4/harness.py"", line 29, in <module> result = target() File ""data/rq3/cpython-3.14/unittest_seeds/raw/cpython_case_test_thread_ThreadRunningTests_test_unraisable_excep...",,"decompyle3:error:# decompyle3 version 3.9.3 # Python bytecode version base 3.14 (3627) # Decompiled from: Python 3.14.5 (main, May 10 2026, 19:28:16) [Clang 22.1.3 ] # Embedded file name: data/rq3/cpython-3.14/unittest_seeds/raw/cpython_case_test_thread_...;pylingual:error:────────────────────────────────────────────────────────────────────────────────────────────────────────────────────────────────────────────────────────────────────── ,ggggggggggg, ,gggg, dP""""""88""""""""""""Y8, d8"" ""8I ,dPYb, Yb, 88 `8b 88 ,dP...",decompyle3:not_run:;pylingual:not_run:
cpython-314,data/rq3/cpython-3.14/unique_bug_pyc/cpython-314-2ead3bcc8682.pyc,no_source,"# decompyle3 version 3.9.3 # Python bytecode version base 3.14 (3627) # Decompiled from: Python 3.14.5 (main, May 10 2026, 19:28:16) [Clang 22.1.3 ] # Embedded file name: data/rq3/cpython-3.14/unittest_seeds/raw/cpython_case_test_threadi...",exit_1,"Traceback (most recent call last): File ""/root/PyBC-Sec/pybcSEC/data/rq4/harness.py"", line 29, in <module> result = target() File ""data/rq3/cpython-3.14/unittest_seeds/raw/cpython_case_test_threading_ThreadTests_test_join_from_multiple_t...",,"decompyle3:error:# decompyle3 version 3.9.3 # Python bytecode version base 3.14 (3627) # Decompiled from: Python 3.14.5 (main, May 10 2026, 19:28:16) [Clang 22.1.3 ] # Embedded file name: data/rq3/cpython-3.14/unittest_seeds/raw/cpython_case_test_threadi...;pylingual:error:────────────────────────────────────────────────────────────────────────────────────────────────────────────────────────────────────────────────────────────────────── ,ggggggggggg, ,gggg, dP""""""88""""""""""""Y8, d8"" ""8I ,dPYb, Yb, 88 `8b 88 ,dP...",decompyle3:not_run:;pylingual:not_run:
cpython-314,data/rq3/cpython-3.14/unique_bug_pyc/cpython-314-32e6a9bcdf0e.pyc,no_source,"# decompyle3 version 3.9.3 # Python bytecode version base 3.14 (3627) # Decompiled from: Python 3.14.5 (main, May 10 2026, 19:28:16) [Clang 22.1.3 ] # Embedded file name: data/rq3/cpython-3.14/unittest_seeds/raw/cpython_case_test_unicode...",crash,signal_11:,,"decompyle3:error:# decompyle3 version 3.9.3 # Python bytecode version base 3.14 (3627) # Decompiled from: Python 3.14.5 (main, May 10 2026, 19:28:16) [Clang 22.1.3 ] # Embedded file name: data/rq3/cpython-3.14/unittest_seeds/raw/cpython_case_test_unicode...;pylingual:error:────────────────────────────────────────────────────────────────────────────────────────────────────────────────────────────────────────────────────────────────────── ,ggggggggggg, ,gggg, dP""""""88""""""""""""Y8, d8"" ""8I ,dPYb, Yb, 88 `8b 88 ,dP...",decompyle3:not_run:;pylingual:not_run:
cpython-314,data/rq3/cpython-3.14/unique_bug_pyc/cpython-314-340de7654c69.pyc,no_source,"# decompyle3 version 3.9.3 # Python bytecode version base 3.14 (3627) # Decompiled from: Python 3.14.5 (main, May 10 2026, 19:28:16) [Clang 22.1.3 ] # Embedded file name: data/rq3/cpython-3.14/unittest_seeds/rbw/cpython_case_test_excepti...",crash,signal_11:,,"decompyle3:error:# decompyle3 version 3.9.3 # Python bytecode version base 3.14 (3627) # Decompiled from: Python 3.14.5 (main, May 10 2026, 19:28:16) [Clang 22.1.3 ] # Embedded file name: data/rq3/cpython-3.14/unittest_seeds/rbw/cpython_case_test_excepti...;pylingual:error:────────────────────────────────────────────────────────────────────────────────────────────────────────────────────────────────────────────────────────────────────── ,ggggggggggg, ,gggg, dP""""""88""""""""""""Y8, d8"" ""8I ,dPYb, Yb, 88 `8b 88 ,dP...",decompyle3:not_run:;pylingual:not_run:
cpython-314,data/rq3/cpython-3.14/unique_bug_pyc/cpython-314-36055c105cfd.pyc,no_source,"# decompyle3 version 3.9.3 # Python bytecode version base 3.14 (3627) # Decompiled from: Python 3.14.5 (main, May 10 2026, 19:28:16) [Clang 22.1.3 ] # Embedded file name: data/rq3/cpython-3.14/unittest_seeds/raw/cpython_case_test_types_S...",crash,signal_11:,,"decompyle3:error:# decompyle3 version 3.9.3 # Python bytecode version base 3.14 (3627) # Decompiled from: Python 3.14.5 (main, May 10 2026, 19:28:16) [Clang 22.1.3 ] # Embedded file name: data/rq3/cpython-3.14/unittest_seeds/raw/cpython_case_test_types_S...;pylingual:error:────────────────────────────────────────────────────────────────────────────────────────────────────────────────────────────────────────────────────────────────────── ,ggggggggggg, ,gggg, dP""""""88""""""""""""Y8, d8"" ""8I ,dPYb, Yb, 88 `8b 88 ,dP...",decompyle3:not_run:;pylingual:not_run:
cpython-314,data/rq3/cpython-3.14/unique_bug_pyc/cpython-314-372753e1f97c.pyc,no_source,"# decompyle3 version 3.9.3 # Python bytecode version base 3.14 (3627) # Decompiled from: Python 3.14.5 (main, May 10 2026, 19:28:16) [Clang 22.1.3 ] # Embedded file name: data/rq3/cpython-3.14/unittest_seeds/raw/cpython_case_test_wmi_Wmi...",crash,signal_11:,,"decompyle3:error:# decompyle3 version 3.9.3 # Python bytecode version base 3.14 (3627) # Decompiled from: Python 3.14.5 (main, May 10 2026, 19:28:16) [Clang 22.1.3 ] # Embedded file name: data/rq3/cpython-3.14/unittest_seeds/raw/cpython_case_test_wmi_Wmi...;pylingual:error:────────────────────────────────────────────────────────────────────────────────────────────────────────────────────────────────────────────────────────────────────── ,ggggggggggg, ,gggg, dP""""""88""""""""""""Y8, d8"" ""8I ,dPYb, Yb, 88 `8b 88 ,dP...",decompyle3:not_run:;pylingual:not_run:
cpython-314,data/rq3/cpython-3.14/unique_bug_pyc/cpython-314-3763e27db3d6.pyc,no_source,"# decompyle3 version 3.9.3 # Python bytecode version base 3.14 (3627) # Decompiled from: Python 3.14.5 (main, May 10 2026, 19:28:16) [Clang 22.1.3 ] # Embedded file name: data/rq3/cpython-3.14/unittest_seeds/raw/cpython_case_test_ssl_Sim...",crash,signal_11:,,"decompyle3:error:# decompyle3 version 3.9.3 # Python bytecode version base 3.14 (3627) # Decompiled from: Python 3.14.5 (main, May 10 2026, 19:28:16) [Clang 22.1.3 ] # Embedded file name: data/rq3/cpython-3.14/unittest_seeds/raw/cpython_case_test_ssl_Sim...;pylingual:error:────────────────────────────────────────────────────────────────────────────────────────────────────────────────────────────────────────────────────────────────────── ,ggggggggggg, ,gggg, dP""""""88""""""""""""Y8, d8"" ""8I ,dPYb, Yb, 88 `8b 88 ,dP...",decompyle3:not_run:;pylingual:not_run:
cpython-314,data/rq3/cpython-3.14/unique_bug_pyc/cpython-314-37c1cfa82085.pyc,no_source,"# decompyle3 version 3.9.3 # Python bytecode version base 3.14 (3627) # Decompiled from: Python 3.14.5 (main, May 10 2026, 19:28:16) [Clang 22.1.3 ] # Embedded file name: data/rq3/cpython-3.14/unittest_seeds/raw/cpython_case_test_descr_O...",crash,signal_11:,,"decompyle3:error:# decompyle3 version 3.9.3 # Python bytecode version base 3.14 (3627) # Decompiled from: Python 3.14.5 (main, May 10 2026, 19:28:16) [Clang 22.1.3 ] # Embedded file name: data/rq3/cpython-3.14/unittest_seeds/raw/cpython_case_test_descr_O...;pylingual:error:────────────────────────────────────────────────────────────────────────────────────────────────────────────────────────────────────────────────────────────────────── ,ggggggggggg, ,gggg, dP""""""88""""""""""""Y8, d8"" ""8I ,dPYb, Yb, 88 `8b 88 ,dP...",decompyle3:not_run:;pylingual:not_run:
cpython-314,data/rq3/cpython-3.14/unique_bug_pyc/cpython-314-394bc1ed5115.pyc,no_source,"# decompyle3 version 3.9.3 # Python bytecode version base 3.14 (3627) # Decompiled from: Python 3.14.5 (main, May 10 2026, 19:28:16) [Clang 22.1.3 ] # Embedded file name: data/rq3/cpython-3.14/unittest_seeds/raw/cpython_case_test_gc_GCTe...",crash,signal_11:,,"decompyle3:error:# decompyle3 version 3.9.3 # Python bytecode version base 3.14 (3627) # Decompiled from: Python 3.14.5 (main, May 10 2026, 19:28:16) [Clang 22.1.3 ] # Embedded file name: data/rq3/cpython-3.14/unittest_seeds/raw/cpython_case_test_gc_GCTe...;pylingual:error:────────────────────────────────────────────────────────────────────────────────────────────────────────────────────────────────────────────────────────────────────── ,ggggggggggg, ,gggg, dP""""""88""""""""""""Y8, d8"" ""8I ,dPYb, Yb, 88 `8b 88 ,dP...",decompyle3:not_run:;pylingual:not_run:
cpython-314,data/rq3/cpython-3.14/unique_bug_pyc/cpython-314-3af8ef45739a.pyc,no_source,"# decompyle3 version 3.9.3 # Python bytecode version base 3.14 (3627) # Decompiled from: Python 3.14.5 (main, May 10 2026, 19:28:16) [Clang 22.1.3 ] # Embedded file name: data/rq3/cpython-3.14/unittest_seeds/raw/cpython_case_test_io_Text...",crash,signal_11:,,"decompyle3:error:# decompyle3 version 3.9.3 # Python bytecode version base 3.14 (3627) # Decompiled from: Python 3.14.5 (main, May 10 2026, 19:28:16) [Clang 22.1.3 ] # Embedded file name: data/rq3/cpython-3.14/unittest_seeds/raw/cpython_case_test_io_Text...;pylingual:error:────────────────────────────────────────────────────────────────────────────────────────────────────────────────────────────────────────────────────────────────────── ,ggggggggggg, ,gggg, dP""""""88""""""""""""Y8, d8"" ""8I ,dPYb, Yb, 88 `8b 88 ,dP...",decompyle3:not_run:;pylingual:not_run:
cpython-314,data/rq3/cpython-3.14/unique_bug_pyc/cpython-314-3b6718027102.pyc,no_source,"# decompyle3 version 3.9.3 # Python bytecode version base 3.14 (3627) # Decompiled from: Python 3.14.5 (main, May 10 2026, 19:28:16) [Clang 22.1.3 ] # Embedded file name: data/rq3/cpython-3.14/unittest_seeds/raw/cpython_case_test_source_...",crash,"signal_11:Traceback (most recent call last): File ""/root/PyBC-Sec/pybcSEC/data/rq4/harness.py"", line 29, in <module> result = target() File ""data/rq3/cpython-3.14/unittest_seeds/raw/cpython_case_test_source_encoding_AbstractSourceEncodingTest_test...",,"decompyle3:error:# decompyle3 version 3.9.3 # Python bytecode version base 3.14 (3627) # Decompiled from: Python 3.14.5 (main, May 10 2026, 19:28:16) [Clang 22.1.3 ] # Embedded file name: data/rq3/cpython-3.14/unittest_seeds/raw/cpython_case_test_source_...;pylingual:error:────────────────────────────────────────────────────────────────────────────────────────────────────────────────────────────────────────────────────────────────────── ,ggggggggggg, ,gggg, dP""""""88""""""""""""Y8, d8"" ""8I ,dPYb, Yb, 88 `8b 88 ,dP...",decompyle3:not_run:;pylingual:not_run:
cpython-314,data/rq3/cpython-3.14/unique_bug_pyc/cpython-314-3b7f2e229313.pyc,no_source,/root/PyBC-Sec/pybcSEC/data/rq2/envs/cpython-314/lib/python3.14/site-packages/click/core.py:1262: UserWarning: The parameter --version is used more than once. Remove its duplicate as parameters should be unique. parser = self.make_parser...,crash,signal_11:,,"decompyle3:exit_2:/root/PyBC-Sec/pybcSEC/data/rq2/envs/cpython-314/lib/python3.14/site-packages/click/core.py:1262: UserWarning: The parameter --version is used more than once. Remove its duplicate as parameters should be unique. parser = self.make_parser...;pylingual:error:────────────────────────────────────────────────────────────────────────────────────────────────────────────────────────────────────────────────────────────────────── ,ggggggggggg, ,gggg, dP""""""88""""""""""""Y8, d8"" ""8I ,dPYb, Yb, 88 `8b 88 ,dP...",decompyle3:not_run:;pylingual:not_run:
cpython-314,data/rq3/cpython-3.14/unique_bug_pyc/cpython-314-3cecff100317.pyc,no_source,"# decompyle3 version 3.9.3 # Python bytecode version base 3.14 (3627) # Decompiled from: Python 3.14.5 (main, May 10 2026, 19:28:16) [Clang 22.1.3 ] # Embedded file name: data/rq3/cpython-3.14/unittest_seeds/raw/cpython_case_test_unicode...",crash,signal_11:,,"decompyle3:error:# decompyle3 version 3.9.3 # Python bytecode version base 3.14 (3627) # Decompiled from: Python 3.14.5 (main, May 10 2026, 19:28:16) [Clang 22.1.3 ] # Embedded file name: data/rq3/cpython-3.14/unittest_seeds/raw/cpython_case_test_unicode...;pylingual:error:────────────────────────────────────────────────────────────────────────────────────────────────────────────────────────────────────────────────────────────────────── ,ggggggggggg, ,gggg, dP""""""88""""""""""""Y8, d8"" ""8I ,dPYb, Yb, 88 `8b 88 ,dP...",decompyle3:not_run:;pylingual:not_run:
cpython-314,data/rq3/cpython-3.14/unique_bug_pyc/cpython-314-3d8822f9d812.pyc,no_source,"# decompyle3 version 3.9.3 # Python bytecode version base 3.14 (3627) # Decompiled from: Python 3.14.5 (main, May 10 2026, 19:28:16) [Clang 22.1.3 ] # Embedded file name: data/rq3/cpython-3.14/unittest_seeds/raw/cpython_case_test_hmac_RF...",crash,signal_11:,,"decompyle3:error:# decompyle3 version 3.9.3 # Python bytecode version base 3.14 (3627) # Decompiled from: Python 3.14.5 (main, May 10 2026, 19:28:16) [Clang 22.1.3 ] # Embedded file name: data/rq3/cpython-3.14/unittest_seeds/raw/cpython_case_test_hmac_RF...;pylingual:error:────────────────────────────────────────────────────────────────────────────────────────────────────────────────────────────────────────────────────────────────────── ,ggggggggggg, ,gggg, dP""""""88""""""""""""Y8, d8"" ""8I ,dPYb, Yb, 88 `8b 88 ,dP...",decompyle3:not_run:;pylingual:not_run:
cpython-314,data/rq3/cpython-3.14/unique_bug_pyc/cpython-314-4007ace5be00.pyc,no_source,"# decompyle3 version 3.9.3 # Python bytecode version base 3.14 (3627) # Decompiled from: Python 3.14.5 (main, May 10 2026, 19:28:16) [Clang 22.1.3 ] # Embedded file name: data/rq3/cpython-3.14/unittest_seeds/raw/cpython_case_tes%_fnmatch...",crash,signal_11:,,"decompyle3:error:# decompyle3 version 3.9.3 # Python bytecode version base 3.14 (3627) # Decompiled from: Python 3.14.5 (main, May 10 2026, 19:28:16) [Clang 22.1.3 ] # Embedded file name: data/rq3/cpython-3.14/unittest_seeds/raw/cpython_case_tes%_fnmatch...;pylingual:error:────────────────────────────────────────────────────────────────────────────────────────────────────────────────────────────────────────────────────────────────────── ,ggggggggggg, ,gggg, dP""""""88""""""""""""Y8, d8"" ""8I ,dPYb, Yb, 88 `8b 88 ,dP...",decompyle3:not_run:;pylingual:not_run:
cpython-314,data/rq3/cpython-3.14/unique_bug_pyc/cpython-314-41f196907bd1.pyc,no_source,"# decompyle3 version 3.9.3 # Python bytecode version base 3.14 (3627) # Decompiled from: Python 3.14.5 (main, May 10 2026, 19:28:16) [Clang 22.1.3 ] # Embedded file name: data/rq3/cpython-3.14/unittest_seeds/raw/cpythof_case_test_float_G...",crash,signal_11:,,"decompyle3:error:# decompyle3 version 3.9.3 # Python bytecode version base 3.14 (3627) # Decompiled from: Python 3.14.5 (main, May 10 2026, 19:28:16) [Clang 22.1.3 ] # Embedded file name: data/rq3/cpython-3.14/unittest_seeds/raw/cpythof_case_test_float_G...;pylingual:error:────────────────────────────────────────────────────────────────────────────────────────────────────────────────────────────────────────────────────────────────────── ,ggggggggggg, ,gggg, dP""""""88""""""""""""Y8, d8"" ""8I ,dPYb, Yb, 88 `8b 88 ,dP...",decompyle3:not_run:;pylingual:not_run:
cpython-314,data/rq3/cpython-3.14/unique_bug_pyc/cpython-314-42c6d34ba67b.pyc,no_source,"# decompyle3 version 3.9.3 # Python bytecode version base 3.14 (3627) # Decompiled from: Python 3.14.5 (main, May 10 2026, 19:28:16) [Clang 22.1.3 ] # Embedded file name: data/rq3/cpython-3.14/unittert_seeds/+__name__Ú __me_test_devpoll...",crash,signal_11:,,"decompyle3:error:# decompyle3 version 3.9.3 # Python bytecode version base 3.14 (3627) # Decompiled from: Python 3.14.5 (main, May 10 2026, 19:28:16) [Clang 22.1.3 ] # Embedded file name: data/rq3/cpython-3.14/unittert_seeds/+__name__Ú __me_test_devpoll...;pylingual:error:────────────────────────────────────────────────────────────────────────────────────────────────────────────────────────────────────────────────────────────────────── ,ggggggggggg, ,gggg, dP""""""88""""""""""""Y8, d8"" ""8I ,dPYb, Yb, 88 `8b 88 ,dP...",decompyle3:not_run:;pylingual:not_run:
cpython-314,data/rq3/cpython-3.14/unique_bug_pyc/cpython-314-43b0915fd729.pyc,no_source,"# decompyle3 version 3.9.3 # Python bytecode version base 3.14 (3627) # Decompiled from: Python 3.14.5 (main, May 10 2026, 19:28:16) [Clang 22.1.3 ] # Embedded file name: data/rq3/cpython-3.14/unittest_seeds/raw/cpython_case_tes%_fnmatch...",crash,signal_11:,,"decompyle3:error:# decompyle3 version 3.9.3 # Python bytecode version base 3.14 (3627) # Decompiled from: Python 3.14.5 (main, May 10 2026, 19:28:16) [Clang 22.1.3 ] # Embedded file name: data/rq3/cpython-3.14/unittest_seeds/raw/cpython_case_tes%_fnmatch...;pylingual:error:────────────────────────────────────────────────────────────────────────────────────────────────────────────────────────────────────────────────────────────────────── ,ggggggggggg, ,gggg, dP""""""88""""""""""""Y8, d8"" ""8I ,dPYb, Yb, 88 `8b 88 ,dP...",decompyle3:not_run:;pylingual:not_run:
cpython-314,data/rq3/cpython-3.14/unique_bug_pyc/cpython-314-4451f7743b8e.pyc,no_source,"# decompyle3 version 3.9.3 # Python bytecode version base 3.14 (3627) # Decompiled from: Python 3.14.5 (main, May 10 2026, 19:28:16) [Clang 22.1.3 ] # Embedded file name: data/rq3/cpython-3.14/unittest_seeds/raw/cpython_case_test_os_Win3...",exit_1,"Traceback (most recent call last): File ""/root/PyBC-Sec/pybcSEC/data/rq4/harness.py"", line 29, in <module> result = target() File ""data/rq3/cpython-3.14/unittest_seeds/raw/cpython_case_test_os_Win32KillTests_test_CTRL_C_EVENT.py"", line 9...",,"decompyle3:error:# decompyle3 version 3.9.3 # Python bytecode version base 3.14 (3627) # Decompiled from: Python 3.14.5 (main, May 10 2026, 19:28:16) [Clang 22.1.3 ] # Embedded file name: data/rq3/cpython-3.14/unittest_seeds/raw/cpython_case_test_os_Win3...;pylingual:error:────────────────────────────────────────────────────────────────────────────────────────────────────────────────────────────────────────────────────────────────────── ,ggggggggggg, ,gggg, dP""""""88""""""""""""Y8, d8"" ""8I ,dPYb, Yb, 88 `8b 88 ,dP...",decompyle3:not_run:;pylingual:not_run:
cpython-314,data/rq3/cpython-3.14/unique_bug_pyc/cpython-314-45b43c49912b.pyc,no_source,"# decompyle3 version 3.9.3 # Python bytecode version base 3.14 (3627) # Decompiled from: Python 3.14.5 (main, May 10 2026, 19:28:16) [Clang 22.1.3 ] # Embedded file name: data/rq3/cpython-3.14/unittest_seeds/raw/cpython_case_test_pprint_...",crash,signal_11:,,"decompyle3:error:# decompyle3 version 3.9.3 # Python bytecode version base 3.14 (3627) # Decompiled from: Python 3.14.5 (main, May 10 2026, 19:28:16) [Clang 22.1.3 ] # Embedded file name: data/rq3/cpython-3.14/unittest_seeds/raw/cpython_case_test_pprint_...;pylingual:error:────────────────────────────────────────────────────────────────────────────────────────────────────────────────────────────────────────────────────────────────────── ,ggggggggggg, ,gggg, dP""""""88""""""""""""Y8, d8"" ""8I ,dPYb, Yb, 88 `8b 88 ,dP...",decompyle3:not_run:;pylingual:not_run:
cpython-314,data/rq3/cpython-3.14/unique_bug_pyc/cpython-314-45be6f4d9405.pyc,no_source,"# decompyle3 version 3.9.3 # Python bytecode version base 3.14 (3627) # Decompiled from: Python 3.14.5 (main, May 10 2026, 19:28:16) [Clang 22.1.3 ] # Embedded file name: data/rq3/cpython-3.14/unittest_seeds/rÿw/cpython_case_test_sort_Te...",crash,signal_11:,,"decompyle3:error:# decompyle3 version 3.9.3 # Python bytecode version base 3.14 (3627) # Decompiled from: Python 3.14.5 (main, May 10 2026, 19:28:16) [Clang 22.1.3 ] # Embedded file name: data/rq3/cpython-3.14/unittest_seeds/rÿw/cpython_case_test_sort_Te...;pylingual:error:────────────────────────────────────────────────────────────────────────────────────────────────────────────────────────────────────────────────────────────────────── ,ggggggggggg, ,gggg, dP""""""88""""""""""""Y8, d8"" ""8I ,dPYb, Yb, 88 `8b 88 ,dP...",decompyle3:not_run:;pylingual:not_run:
cpython-314,data/rq3/cpython-3.14/unique_bug_pyc/cpython-314-45f6a94ed304.pyc,no_source,"# decompyle3 version 3.9.3 # Python bytecode version base 3.14 (3627) # Decompiled from: Python 3.14.5 (main, May 10 2026, 19:28:16) [Clang 22.1.3 ] # Embedded file name: data/rq3/cpython-3.14/unittest_seeds/raw/cpython_case_test_float_G...",crash,signal_11:,,"decompyle3:error:# decompyle3 version 3.9.3 # Python bytecode version base 3.14 (3627) # Decompiled from: Python 3.14.5 (main, May 10 2026, 19:28:16) [Clang 22.1.3 ] # Embedded file name: data/rq3/cpython-3.14/unittest_seeds/raw/cpython_case_test_float_G...;pylingual:error:────────────────────────────────────────────────────────────────────────────────────────────────────────────────────────────────────────────────────────────────────── ,ggggggggggg, ,gggg, dP""""""88""""""""""""Y8, d8"" ""8I ,dPYb, Yb, 88 `8b 88 ,dP...",decompyle3:not_run:;pylingual:not_run:
cpython-314,data/rq3/cpython-3.14/unique_bug_pyc/cpython-314-4672d03336e1.pyc,no_source,"# decompyle3 version 3.9.3 # Python bytecode version base 3.14 (3627) # Decompiled from: Python 3.14.5 (main, May 10 2026, 19:28:16) [Clang 22.1.3 ] # Embedded file name: data/rq3/cpython-3.14/unittest_seeds/raw/cpython_case_test_yield_f...",exit_1,"Traceback (most recent call last): File ""/root/PyBC-Sec/pybcSEC/data/rq4/harness.py"", line 29, in <module> result = target() File ""data/rq3/cpython-3.14/unittest_seeds/raw/cpython_case_test_yield_from_TestPEP380Operation_test_send_and_re...",,"decompyle3:error:# decompyle3 version 3.9.3 # Python bytecode version base 3.14 (3627) # Decompiled from: Python 3.14.5 (main, May 10 2026, 19:28:16) [Clang 22.1.3 ] # Embedded file name: data/rq3/cpython-3.14/unittest_seeds/raw/cpython_case_test_yield_f...;pylingual:error:────────────────────────────────────────────────────────────────────────────────────────────────────────────────────────────────────────────────────────────────────── ,ggggggggggg, ,gggg, dP""""""88""""""""""""Y8, d8"" ""8I ,dPYb, Yb, 88 `8b 88 ,dP...",decompyle3:not_run:;pylingual:not_run:
cpython-314,data/rq3/cpython-3.14/unique_bug_pyc/cpython-314-4730d25409e3.pyc,no_source,"# decompyle3 version 3.9.3 # Python bytecode version base 3.14 (3627) # Decompiled from: Python 3.14.5 (main, May 10 2026, 19:28:16) [Clang 22.1.3 ] # Embedded file name: data/rq3/cpython-3.14/unittest_seeds/raw/cpython_case_test_super_T...",crash,signal_11:,,"decompyle3:error:# decompyle3 version 3.9.3 # Python bytecode version base 3.14 (3627) # Decompiled from: Python 3.14.5 (main, May 10 2026, 19:28:16) [Clang 22.1.3 ] # Embedded file name: data/rq3/cpython-3.14/unittest_seeds/raw/cpython_case_test_super_T...;pylingual:error:────────────────────────────────────────────────────────────────────────────────────────────────────────────────────────────────────────────────────────────────────── ,ggggggggggg, ,gggg, dP""""""88""""""""""""Y8, d8"" ""8I ,dPYb, Yb, 88 `8b 88 ,dP...",decompyle3:not_run:;pylingual:not_run:
cpython-314,data/rq3/cpython-3.14/unique_bug_pyc/cpython-314-49b6d2364653.pyc,no_source,"# decompyle3 version 3.9.3 # Python bytecode version base 3.14 (3627) # Decompiled from: Python 3.14.5 (main, May 10 2026, 19:28:16) [Clang 22.1.3 ] # Embedded file name: data/rq3/cpython-3.14/unittest_seeds/raw/cpython_case_test_float_G...",crash,signal_11:,,"decompyle3:error:# decompyle3 version 3.9.3 # Python bytecode version base 3.14 (3627) # Decompiled from: Python 3.14.5 (main, May 10 2026, 19:28:16) [Clang 22.1.3 ] # Embedded file name: data/rq3/cpython-3.14/unittest_seeds/raw/cpython_case_test_float_G...;pylingual:error:────────────────────────────────────────────────────────────────────────────────────────────────────────────────────────────────────────────────────────────────────── ,ggggggggggg, ,gggg, dP""""""88""""""""""""Y8, d8"" ""8I ,dPYb, Yb, 88 `8b 88 ,dP...",decompyle3:not_run:;pylingual:not_run:
cpython-314,data/rq3/cpython-3.14/unique_bug_pyc/cpython-314-528a9e7ce27d.pyc,no_source,"# decompyle3 version 3.9.3 # Python bytecode version base 3.14 (3627) # Decompiled from: Python 3.14.5 (main, May 10 2026, 19:28:16) [Clang 22.1.3 ] # Embedded file name: data/rq3/cpython-3.14/unittest_seeds/raw/cpython_case_test_descr_C...",crash,signal_11:,,"decompyle3:error:# decompyle3 version 3.9.3 # Python bytecode version base 3.14 (3627) # Decompiled from: Python 3.14.5 (main, May 10 2026, 19:28:16) [Clang 22.1.3 ] # Embedded file name: data/rq3/cpython-3.14/unittest_seeds/raw/cpython_case_test_descr_C...;pylingual:error:────────────────────────────────────────────────────────────────────────────────────────────────────────────────────────────────────────────────────────────────────── ,ggggggggggg, ,gggg, dP""""""88""""""""""""Y8, d8"" ""8I ,dPYb, Yb, 88 `8b 88 ,dP...",decompyle3:not_run:;pylingual:not_run:
cpython-314,data/rq3/cpython-3.14/unique_bug_pyc/cpython-314-55d0f0bc2e65.pyc,no_source,"# decompyle3 version 3.9.3 # Python bytecode version base 3.14 (3627) # Decompiled from: Python 3.14.5 (main, May 10 2026, 19:28:16) [Clang 22.1.3 ] # Embedded file name: data/rq3/cpython-3.14/unittest_seeds/raw/cpython_case_test_yield_f...",crash,"signal_6:Fatal Python error: _TAIL_CALL_CACHE: Executing a cache. Python runtime state: initialized Current thread 0x000078e3f901e740 [python] (most recent call first): File ""data/rq3/cpython-3.14/unittest_seeds/raw/cpython_case_test_yield_from_T...",,"decompyle3:error:# decompyle3 version 3.9.3 # Python bytecode version base 3.14 (3627) # Decompiled from: Python 3.14.5 (main, May 10 2026, 19:28:16) [Clang 22.1.3 ] # Embedded file name: data/rq3/cpython-3.14/unittest_seeds/raw/cpython_case_test_yield_f...;pylingual:error:────────────────────────────────────────────────────────────────────────────────────────────────────────────────────────────────────────────────────────────────────── ,ggggggggggg, ,gggg, dP""""""88""""""""""""Y8, d8"" ""8I ,dPYb, Yb, 88 `8b 88 ,dP...",decompyle3:not_run:;pylingual:not_run:
cpython-314,data/rq3/cpython-3.14/unique_bug_pyc/cpython-314-566f2d7a0006.pyc,no_source,"# decompyle3 version 3.9.3 # Python bytecode version base 3.14 (3627) # Decompiled from: Python 3.14.5 (main, May 10 2026, 19:28:16) [Clang 22.1.3 ] # Embedded file name: data-rq3/cpython-3.14/unittest_seeds/raw/cpython_case_test_source_...",crash,signal_11:,,"decompyle3:error:# decompyle3 version 3.9.3 # Python bytecode version base 3.14 (3627) # Decompiled from: Python 3.14.5 (main, May 10 2026, 19:28:16) [Clang 22.1.3 ] # Embedded file name: data-rq3/cpython-3.14/unittest_seeds/raw/cpython_case_test_source_...;pylingual:error:────────────────────────────────────────────────────────────────────────────────────────────────────────────────────────────────────────────────────────────────────── ,ggggggggggg, ,gggg, dP""""""88""""""""""""Y8, d8"" ""8I ,dPYb, Yb, 88 `8b 88 ,dP...",decompyle3:not_run:;pylingual:not_run:
cpython-314,data/rq3/cpython-3.14/unique_bug_pyc/cpython-314-57ec8cbdbfdc.pyc,no_source,"# decompyle3 version 3.9.3 # Python bytecode version base 3.14 (3627) # Decompiled from: Python 3.14.5 (main, May 10 2026, 19:28:16) [Clang 22.1.3 ] # Embedded file name: data/rq3/cpython-3.14/unittest_seeds/raw/cpython_case_test_venv_Ba...",exit_1,"Traceback (most recent call last): File ""/root/PyBC-Sec/pybcSEC/data/rq4/harness.py"", line 29, in <module> result = target() File ""data/rq3/cpython-3.14/unittest_seeds/raw/cpython_case_test_venv_BasicTest_test_symlinking.py"", line 7, in ...",,"decompyle3:error:# decompyle3 version 3.9.3 # Python bytecode version base 3.14 (3627) # Decompiled from: Python 3.14.5 (main, May 10 2026, 19:28:16) [Clang 22.1.3 ] # Embedded file name: data/rq3/cpython-3.14/unittest_seeds/raw/cpython_case_test_venv_Ba...;pylingual:error:────────────────────────────────────────────────────────────────────────────────────────────────────────────────────────────────────────────────────────────────────── ,ggggggggggg, ,gggg, dP""""""88""""""""""""Y8, d8"" ""8I ,dPYb, Yb, 88 `8b 88 ,dP...",decompyle3:not_run:;pylingual:not_run:
cpython-314,data/rq3/cpython-3.14/unique_bug_pyc/cpython-314-58a01e278deb.pyc,no_source,"# decompyle3 version 3.9.3 # Python bytecode version base 3.14 (3627) # Decompiled from: Python 3.14.5 (main, May 10 2026, 19:28:16) [Clang 22.1.3 ] # Embedded file name: data/rq3/cpython-3.14/unittest_seeds/raw/cpython_case_test_descr_C...",crash,signal_11:,,"decompyle3:error:# decompyle3 version 3.9.3 # Python bytecode version base 3.14 (3627) # Decompiled from: Python 3.14.5 (main, May 10 2026, 19:28:16) [Clang 22.1.3 ] # Embedded file name: data/rq3/cpython-3.14/unittest_seeds/raw/cpython_case_test_descr_C...;pylingual:error:────────────────────────────────────────────────────────────────────────────────────────────────────────────────────────────────────────────────────────────────────── ,ggggggggggg, ,gggg, dP""""""88""""""""""""Y8, d8"" ""8I ,dPYb, Yb, 88 `8b 88 ,dP...",decompyle3:not_run:;pylingual:not_run:
cpython-314,data/rq3/cpython-3.14/unique_bug_pyc/cpython-314-5ba1c64cb0c6.pyc,no_source,"# decompyle3 version 3.9.3 # Python bytecode version base 3.14 (3627) # Decompiled from: Python 3.14.5 (main, May 10 2026, 19:28:16) [Clang 22.1.3 ] # Embedded file name: data/rq3/cpython-3.14/unittest_seeds/raw/cpython_case_test_excepti...",exit_1,"Traceback (most recent call last): File ""/root/PyBC-Sec/pybcSEC/data/rq4/harness.py"", line 29, in <module> result = target() File ""data/rq3/cpython-3.14/unittest_seeds/raw/cpython_case_test_exceptions_ExceptionTests_test_memory_error_cle...",,"decompyle3:error:# decompyle3 version 3.9.3 # Python bytecode version base 3.14 (3627) # Decompiled from: Python 3.14.5 (main, May 10 2026, 19:28:16) [Clang 22.1.3 ] # Embedded file name: data/rq3/cpython-3.14/unittest_seeds/raw/cpython_case_test_excepti...;pylingual:error:────────────────────────────────────────────────────────────────────────────────────────────────────────────────────────────────────────────────────────────────────── ,ggggggggggg, ,gggg, dP""""""88""""""""""""Y8, d8"" ""8I ,dPYb, Yb, 88 `8b 88 ,dP...",decompyle3:not_run:;pylingual:not_run:
cpython-314,data/rq3/cpython-3.14/unique_bug_pyc/cpython-314-5dc3bba5650a.pyc,no_source,"# decompyle3 version 3.9.3 # Python bytecode version base 3.14 (3627) # Decompiled from: Python 3.14.5 (main, May 10 2026, 19:28:16) [Clang 22.1.3 ] # Embedded file name: data/rq3/cpython-3.14/unittest_seeds/raw/cpython_case_test_source_...",crash,signal_11:,,"decompyle3:error:# decompyle3 version 3.9.3 # Python bytecode version base 3.14 (3627) # Decompiled from: Python 3.14.5 (main, May 10 2026, 19:28:16) [Clang 22.1.3 ] # Embedded file name: data/rq3/cpython-3.14/unittest_seeds/raw/cpython_case_test_source_...;pylingual:error:────────────────────────────────────────────────────────────────────────────────────────────────────────────────────────────────────────────────────────────────────── ,ggggggggggg, ,gggg, dP""""""88""""""""""""Y8, d8"" ""8I ,dPYb, Yb, 88 `8b 88 ,dP...",decompyle3:not_run:;pylingual:not_run:
cpython-314,data/rq3/cpython-3.14/unique_bug_pyc/cpython-314-5e18894b0b71.pyc,no_source,"# decompyle3 version 3.9.3 # Python bytecode version base 3.14 (3627) # Decompiled from: Python 3.14.5 (main, May 10 2026, 19:28:16) [Clang 22.1.3 ] # Embedded file name: data/rq3/cpython-3.14/unittest_seeds/raw/cpython_case_test\\0\\0\\0\\0\\0\\0\\0\\0...",crash,signal_11:,,"decompyle3:error:# decompyle3 version 3.9.3 # Python bytecode version base 3.14 (3627) # Decompiled from: Python 3.14.5 (main, May 10 2026, 19:28:16) [Clang 22.1.3 ] # Embedded file name: data/rq3/cpython-3.14/unittest_seeds/raw/cpython_case_test\\0\\0\\0\\0\\0\\0\\0\\0...;pylingual:error:────────────────────────────────────────────────────────────────────────────────────────────────────────────────────────────────────────────────────────────────────── ,ggggggggggg, ,gggg, dP""""""88""""""""""""Y8, d8"" ""8I ,dPYb, Yb, 88 `8b 88 ,dP...",decompyle3:not_run:;pylingual:not_run:
cpython-314,data/rq3/cpython-3.14/unique_bug_pyc/cpython-314-5f36f6197104.pyc,no_source,"# decompyle3 version 3.9.3 # Python bytecode version base 3.14 (3627) # Decompiled from: Python 3.14.5 (main, May 10 2026, 19:28:16) [Clang 22.1.3 ] # Embedded file name: data/rq3/cpython-3.1../nittest_seeds/raw/cpython_case_test_set_Tes...",crash,signal_11:,,"decompyle3:error:# decompyle3 version 3.9.3 # Python bytecode version base 3.14 (3627) # Decompiled from: Python 3.14.5 (main, May 10 2026, 19:28:16) [Clang 22.1.3 ] # Embedded file name: data/rq3/cpython-3.1../nittest_seeds/raw/cpython_case_test_set_Tes...;pylingual:error:────────────────────────────────────────────────────────────────────────────────────────────────────────────────────────────────────────────────────────────────────── ,ggggggggggg, ,gggg, dP""""""88""""""""""""Y8, d8"" ""8I ,dPYb, Yb, 88 `8b 88 ,dP...",decompyle3:not_run:;pylingual:not_run:
cpython-314,data/rq3/cpython-3.14/unique_bug_pyc/cpython-314-60a068ec2e9b.pyc,no_source,"# decompyle3 version 3.9.3 # Python bytecode version base 3.14 (3627) # Decompiled from: Python 3.14.5 (main, May 10 2026, 19:28:16) [Clang 22.1.3 ] # Embedded file name: data/rq3/cpython-3.14/unittest_seeds/raw/cpython_case_test_tarfile...",crash,signal_11:,,"decompyle3:error:# decompyle3 version 3.9.3 # Python bytecode version base 3.14 (3627) # Decompiled from: Python 3.14.5 (main, May 10 2026, 19:28:16) [Clang 22.1.3 ] # Embedded file name: data/rq3/cpython-3.14/unittest_seeds/raw/cpython_case_test_tarfile...;pylingual:error:────────────────────────────────────────────────────────────────────────────────────────────────────────────────────────────────────────────────────────────────────── ,ggggggggggg, ,gggg, dP""""""88""""""""""""Y8, d8"" ""8I ,dPYb, Yb, 88 `8b 88 ,dP...",decompyle3:not_run:;pylingual:not_run:
cpython-314,data/rq3/cpython-3.14/unique_bug_pyc/cpython-314-6656c213349e.pyc,no_source,"# decompyle3 version 3.9.3 # Python bytecode version base 3.14 (3627) # Decompiled from: Python 3.14.5 (main, May 10 2026, 19:28:16) [Clang 22.1.3 ] # Embedded file name: data/rq3/cpython-3.14/unittest_seeds/raw/cpython_case_test_types_T...",crash,"signal_11:Traceback (most recent call last): File ""/root/PyBC-Sec/pybcSEC/data/rq4/harness.py"", line 23, in <module> list(dis.Bytecode(code)) ~~~~^^^^^^^^^^^^^^^^^^^^ File ""/root/.local/share/uv/python/cpython-3.14.5-linux-x86_64-gnu/lib/python3.1...",,"decompyle3:error:# decompyle3 version 3.9.3 # Python bytecode version base 3.14 (3627) # Decompiled from: Python 3.14.5 (main, May 10 2026, 19:28:16) [Clang 22.1.3 ] # Embedded file name: data/rq3/cpython-3.14/unittest_seeds/raw/cpython_case_test_types_T...;pylingual:error:────────────────────────────────────────────────────────────────────────────────────────────────────────────────────────────────────────────────────────────────────── ,ggggggggggg, ,gggg, dP""""""88""""""""""""Y8, d8"" ""8I ,dPYb, Yb, 88 `8b 88 ,dP...",decompyle3:not_run:;pylingual:not_run:
cpython-314,data/rq3/cpython-3.14/unique_bug_pyc/cpython-314-6960e4378938.pyc,no_source,"# decompyle3 version 3.9.3 # Python bytecode version base 3.14 (3627) # Decompiled from: Python 3.14.5 (main, May 10 2026, 19:28:16) [Clang 22.1.3 ] # Embedded file name: data/rq3/cpython-3.14/unittest_seeds/raw/cpython_case_test_pow_Pow...",crash,signal_11:,,"decompyle3:error:# decompyle3 version 3.9.3 # Python bytecode version base 3.14 (3627) # Decompiled from: Python 3.14.5 (main, May 10 2026, 19:28:16) [Clang 22.1.3 ] # Embedded file name: data/rq3/cpython-3.14/unittest_seeds/raw/cpython_case_test_pow_Pow...;pylingual:error:────────────────────────────────────────────────────────────────────────────────────────────────────────────────────────────────────────────────────────────────────── ,ggggggggggg, ,gggg, dP""""""88""""""""""""Y8, d8"" ""8I ,dPYb, Yb, 88 `8b 88 ,dP...",decompyle3:not_run:;pylingual:not_run:
cpython-314,data/rq3/cpython-3.14/unique_bug_pyc/cpython-314-6989597e4a59.pyc,no_source,"# decompyle3 version 3.9.3 # Python bytecode version base 3.14 (3627) # Decompiled from: Python 3.14.5 (main, May 10 2026, 19:28:16) [Clang 22.1.3 ] # Embedded file name: data/rq3/cpython-3.14/unittest_seeds/raw/cpython_case_test_enum_Te...",crash,"signal_6:Fatal Python error: _TAIL_CALL_CACHE: Executing a cache. Python runtime state: initialized Current thread 0x0000791f61988740 [python] (most recent call first): File ""data/rq3/cpython-3.14/unittest_seeds/raw/cpython_case_test_enum_TestSpe...",,"decompyle3:error:# decompyle3 version 3.9.3 # Python bytecode version base 3.14 (3627) # Decompiled from: Python 3.14.5 (main, May 10 2026, 19:28:16) [Clang 22.1.3 ] # Embedded file name: data/rq3/cpython-3.14/unittest_seeds/raw/cpython_case_test_enum_Te...;pylingual:error:────────────────────────────────────────────────────────────────────────────────────────────────────────────────────────────────────────────────────────────────────── ,ggggggggggg, ,gggg, dP""""""88""""""""""""Y8, d8"" ""8I ,dPYb, Yb, 88 `8b 88 ,dP...",decompyle3:not_run:;pylingual:not_run:
cpython-314,data/rq3/cpython-3.14/unique_bug_pyc/cpython-314-6a00dd534696.pyc,no_source,"# decompyle3 version 3.9.3 # Python bytecode version base 3.14 (3627) # Decompiled from: Python 3.14.5 (main, May 10 2026, 19:28:16) [Clang 22.1.3 ] # Embedded file name: data/rq3/cpython-3.14/unittest_seeds/raw/cpython_case_test_patma_T...",crash,signal_11:,,"decompyle3:error:# decompyle3 version 3.9.3 # Python bytecode version base 3.14 (3627) # Decompiled from: Python 3.14.5 (main, May 10 2026, 19:28:16) [Clang 22.1.3 ] # Embedded file name: data/rq3/cpython-3.14/unittest_seeds/raw/cpython_case_test_patma_T...;pylingual:error:────────────────────────────────────────────────────────────────────────────────────────────────────────────────────────────────────────────────────────────────────── ,ggggggggggg, ,gggg, dP""""""88""""""""""""Y8, d8"" ""8I ,dPYb, Yb, 88 `8b 88 ,dP...",decompyle3:not_run:;pylingual:not_run:
cpython-314,data/rq3/cpython-3.14/unique_bug_pyc/cpython-314-6a6c8f0a6c53.pyc,no_source,"# decompyle3 version 3.9.3 # Python bytecode version base 3.14 (3627) # Decompiled from: Python 3.14.5 (main, May 10 2026, 19:28:16) [Clang 22.1.3 ] # Embedded file name: data/rq3/cpython-3.14/unittest_seeds/raw/cpython_case_test_raise_T...",crash,signal_11:,,"decompyle3:error:# decompyle3 version 3.9.3 # Python bytecode version base 3.14 (3627) # Decompiled from: Python 3.14.5 (main, May 10 2026, 19:28:16) [Clang 22.1.3 ] # Embedded file name: data/rq3/cpython-3.14/unittest_seeds/raw/cpython_case_test_raise_T...;pylingual:error:────────────────────────────────────────────────────────────────────────────────────────────────────────────────────────────────────────────────────────────────────── ,ggggggggggg, ,gggg, dP""""""88""""""""""""Y8, d8"" ""8I ,dPYb, Yb, 88 `8b 88 ,dP...",decompyle3:not_run:;pylingual:not_run:
cpython-314,data/rq3/cpython-3.14/unique_bug_pyc/cpython-314-6e124de3e719.pyc,no_source,"# decompyle3 version 3.9.3 # Python bytecode version base 3.14 (3627) # Decompiled from: Python 3.14.5 (main, May 10 2026, 19:28:16) [Clang 22.1.3 ] # Embedded file name: data/rq3/cpython-3.14/unittest_seeds/raw/cpython_case_test_opcache...",crash,signal_11:,,"decompyle3:error:# decompyle3 version 3.9.3 # Python bytecode version base 3.14 (3627) # Decompiled from: Python 3.14.5 (main, May 10 2026, 19:28:16) [Clang 22.1.3 ] # Embedded file name: data/rq3/cpython-3.14/unittest_seeds/raw/cpython_case_test_opcache...;pylingual:error:────────────────────────────────────────────────────────────────────────────────────────────────────────────────────────────────────────────────────────────────────── ,ggggggggggg, ,gggg, dP""""""88""""""""""""Y8, d8"" ""8I ,dPYb, Yb, 88 `8b 88 ,dP...",decompyle3:not_run:;pylingual:not_run:
cpython-314,data/rq3/cpython-3.14/unique_bug_pyc/cpython-314-6f6560ae3e00.pyc,no_source,"# decompyle3 version 3.9.3 # Python bytecode version base 3.14 (3627) # Decompiled from: Python 3.14.5 (main, May 10 2026, 19:28:16) [Clang 22.1.3 ] # Embedded file name: data/rq3/cpython-3.14/unittest_seeds/raw/cpython_case_test_compile...",crash,signal_11:,,"decompyle3:error:# decompyle3 version 3.9.3 # Python bytecode version base 3.14 (3627) # Decompiled from: Python 3.14.5 (main, May 10 2026, 19:28:16) [Clang 22.1.3 ] # Embedded file name: data/rq3/cpython-3.14/unittest_seeds/raw/cpython_case_test_compile...;pylingual:error:────────────────────────────────────────────────────────────────────────────────────────────────────────────────────────────────────────────────────────────────────── ,ggggggggggg, ,gggg, dP""""""88""""""""""""Y8, d8"" ""8I ,dPYb, Yb, 88 `8b 88 ,dP...",decompyle3:not_run:;pylingual:not_run:
cpython-314,data/rq3/cpython-3.14/unique_bug_pyc/cpython-314-6f676d5713c8.pyc,no_source,"# decompyle3 version 3.9.3 # Python bytecode version base 3.14 (3627) # Decompiled from: Python 3.14.5 (main, May 10 2026, 19:28:16) [Clang 22.1.3 ] # Embedded file name: data/rq3/cpython-3.14/unittest_seeds/raw/cpython_case_test_yield_f...",crash,signal_11:,,"decompyle3:error:# decompyle3 version 3.9.3 # Python bytecode version base 3.14 (3627) # Decompiled from: Python 3.14.5 (main, May 10 2026, 19:28:16) [Clang 22.1.3 ] # Embedded file name: data/rq3/cpython-3.14/unittest_seeds/raw/cpython_case_test_yield_f...;pylingual:error:────────────────────────────────────────────────────────────────────────────────────────────────────────────────────────────────────────────────────────────────────── ,ggggggggggg, ,gggg, dP""""""88""""""""""""Y8, d8"" ""8I ,dPYb, Yb, 88 `8b 88 ,dP...",decompyle3:not_run:;pylingual:not_run:
cpython-314,data/rq3/cpython-3.14/unique_bug_pyc/cpython-314-721f4c39495d.pyc,no_source,"# decompyle3 version 3.9.3 # Python bytecode version base 3.14 (3627) # Decompiled from: Python 3.14.5 (main, May 10 2026, 19:28:16) [Clang 22.1.3 ] # Embedded file name: data/rq3/cpython-3.14/unittest_seeds/raw/cpython_case_test_tarfile...",crash,signal_11:,,"decompyle3:error:# decompyle3 version 3.9.3 # Python bytecode version base 3.14 (3627) # Decompiled from: Python 3.14.5 (main, May 10 2026, 19:28:16) [Clang 22.1.3 ] # Embedded file name: data/rq3/cpython-3.14/unittest_seeds/raw/cpython_case_test_tarfile...;pylingual:error:────────────────────────────────────────────────────────────────────────────────────────────────────────────────────────────────────────────────────────────────────── ,ggggggggggg, ,gggg, dP""""""88""""""""""""Y8, d8"" ""8I ,dPYb, Yb, 88 `8b 88 ,dP...",decompyle3:not_run:;pylingual:not_run:
cpython-314,data/rq3/cpython-3.14/unique_bug_pyc/cpython-314-72c705318ba7.pyc,no_source,"# decompyle3 version 3.9.3 # Python bytecode version base 3.14 (3627) # Decompiled from: Python 3.14.5 (main, May 10 2026, 19:28:16) [Clang 22.1.3 ] # Embedded file name: data/rq3/cpython-3.14/unittest_seeds/raw/cpython_case_test_urllib_...",crash,signal_11:,,"decompyle3:error:# decompyle3 version 3.9.3 # Python bytecode version base 3.14 (3627) # Decompiled from: Python 3.14.5 (main, May 10 2026, 19:28:16) [Clang 22.1.3 ] # Embedded file name: data/rq3/cpython-3.14/unittest_seeds/raw/cpython_case_test_urllib_...;pylingual:error:────────────────────────────────────────────────────────────────────────────────────────────────────────────────────────────────────────────────────────────────────── ,ggggggggggg, ,gggg, dP""""""88""""""""""""Y8, d8"" ""8I ,dPYb, Yb, 88 `8b 88 ,dP...",decompyle3:not_run:;pylingual:not_run:
cpython-314,data/rq3/cpython-3.14/unique_bug_pyc/cpython-314-7631ed736457.pyc,no_source,"# decompyle3 version 3.9.3 # Python bytecode version base 3.14 (3627) # Decompiled from: Python 3.14.5 (main, May 10 2026, 19:28:16) [Clang 22.1.3 ] # Embedded file name: data/rq3/cpython-3.14/unittest_seeds/ra¬¼ðython_case_test_colorsy...",crash,signal_11:,,"decompyle3:error:# decompyle3 version 3.9.3 # Python bytecode version base 3.14 (3627) # Decompiled from: Python 3.14.5 (main, May 10 2026, 19:28:16) [Clang 22.1.3 ] # Embedded file name: data/rq3/cpython-3.14/unittest_seeds/ra¬¼ðython_case_test_colorsy...;pylingual:error:────────────────────────────────────────────────────────────────────────────────────────────────────────────────────────────────────────────────────────────────────── ,ggggggggggg, ,gggg, dP""""""88""""""""""""Y8, d8"" ""8I ,dPYb, Yb, 88 `8b 88 ,dP...",decompyle3:not_run:;pylingual:not_run:
cpython-314,data/rq3/cpython-3.14/unique_bug_pyc/cpython-314-77d93e6b2d51.pyc,no_source,"# decompyle3 version 3.9.3 # Python bytecode version base 3.14 (3627) # Decompiled from: Python 3.14.5 (main, May 10 2026, 19:28:16) [Clang 22.1.3 ] # Embedded file name: data/rq3/cpython-3.14/unittest_seeds/raw/cpython_case_test_unparse...",crash,signal_11:,,"decompyle3:error:# decompyle3 version 3.9.3 # Python bytecode version base 3.14 (3627) # Decompiled from: Python 3.14.5 (main, May 10 2026, 19:28:16) [Clang 22.1.3 ] # Embedded file name: data/rq3/cpython-3.14/unittest_seeds/raw/cpython_case_test_unparse...;pylingual:error:────────────────────────────────────────────────────────────────────────────────────────────────────────────────────────────────────────────────────────────────────── ,ggggggggggg, ,gggg, dP""""""88""""""""""""Y8, d8"" ""8I ,dPYb, Yb, 88 `8b 88 ,dP...",decompyle3:not_run:;pylingual:not_run:
cpython-314,data/rq3/cpython-3.14/unique_bug_pyc/cpython-314-7a6c21b1ab20.pyc,no_source,"# decompyle3 version 3.9.3 # Python bytecode version base 3.14 (3627) # Decompiled from: Python 3.14.5 (main, May 10 2026, 19:28:16) [Clang 22.1.3 ] # Embedded file name: data/rq3/cpython-3.14/unittest_seeds/raw/cpython_case_test_dict_Di...",crash,signal_11:,,"decompyle3:error:# decompyle3 version 3.9.3 # Python bytecode version base 3.14 (3627) # Decompiled from: Python 3.14.5 (main, May 10 2026, 19:28:16) [Clang 22.1.3 ] # Embedded file name: data/rq3/cpython-3.14/unittest_seeds/raw/cpython_case_test_dict_Di...;pylingual:error:────────────────────────────────────────────────────────────────────────────────────────────────────────────────────────────────────────────────────────────────────── ,ggggggggggg, ,gggg, dP""""""88""""""""""""Y8, d8"" ""8I ,dPYb, Yb, 88 `8b 88 ,dP...",decompyle3:not_run:;pylingual:not_run:
cpython-314,data/rq3/cpython-3.14/unique_bug_pyc/cpython-314-7c13f82af3e8.pyc,no_source,"# decompyle3 version 3.9.3 # Python bytecode version base 3.14 (3627) # Decompiled from: Python 3.14.5 (main, May 10 2026, 19:28:16) [Clang 22.1.3 ] # Embedded file name: data/rq3/cpython-3.14/unittest_seeds/raw/cpython_case_test_posixpa...",crash,signal_11:,,"decompyle3:error:# decompyle3 version 3.9.3 # Python bytecode version base 3.14 (3627) # Decompiled from: Python 3.14.5 (main, May 10 2026, 19:28:16) [Clang 22.1.3 ] # Embedded file name: data/rq3/cpython-3.14/unittest_seeds/raw/cpython_case_test_posixpa...;pylingual:error:────────────────────────────────────────────────────────────────────────────────────────────────────────────────────────────────────────────────────────────────────── ,ggggggggggg, ,gggg, dP""""""88""""""""""""Y8, d8"" ""8I ,dPYb, Yb, 88 `8b 88 ,dP...",decompyle3:not_run:;pylingual:not_run:
cpython-314,data/rq3/cpython-3.14/unique_bug_pyc/cpython-314-81c2d2f52663.pyc,no_source,"# decompyle3 version 3.9.3 # Python bytecode version base 3.14 (3627) # Decompiled from: Python 3.14.5 (main, May 10 2026, 19:28:16) [Clang 22.1.3 ] # Embedded file name: data/rq3/cpython-3.14/unittest_seeds/raw/cpython_case_test_asyncge...",crash,signal_11:,,"decompyle3:error:# decompyle3 version 3.9.3 # Python bytecode version base 3.14 (3627) # Decompiled from: Python 3.14.5 (main, May 10 2026, 19:28:16) [Clang 22.1.3 ] # Embedded file name: data/rq3/cpython-3.14/unittest_seeds/raw/cpython_case_test_asyncge...;pylingual:error:────────────────────────────────────────────────────────────────────────────────────────────────────────────────────────────────────────────────────────────────────── ,ggggggggggg, ,gggg, dP""""""88""""""""""""Y8, d8"" ""8I ,dPYb, Yb, 88 `8b 88 ,dP...",decompyle3:not_run:;pylingual:not_run:
cpython-314,data/rq3/cpython-3.14/unique_bug_pyc/cpython-314-84cd65d4d68a.pyc,no_source,"# decompyle3 version 3.9.3 # Python bytecode version base 3.14 (3627) # Decompiled from: Python 3.14.5 (main, May 10 2026, 19:28:16) [Clang 22.1.3 ] # Embedded file name: data/rq3/cpython-3.14/unittest_seeds/raw/cpython_case_test_set_Tes...",crash,signal_11:,,"decompyle3:error:# decompyle3 version 3.9.3 # Python bytecode version base 3.14 (3627) # Decompiled from: Python 3.14.5 (main, May 10 2026, 19:28:16) [Clang 22.1.3 ] # Embedded file name: data/rq3/cpython-3.14/unittest_seeds/raw/cpython_case_test_set_Tes...;pylingual:error:────────────────────────────────────────────────────────────────────────────────────────────────────────────────────────────────────────────────────────────────────── ,ggggggggggg, ,gggg, dP""""""88""""""""""""Y8, d8"" ""8I ,dPYb, Yb, 88 `8b 88 ,dP...",decompyle3:not_run:;pylingual:not_run:
cpython-314,data/rq3/cpython-3.14/unique_bug_pyc/cpython-314-84f9f5f13c48.pyc,no_source,"# decompyle3 version 3.9.3 # Python bytecode version base 3.14 (3627) # Decompiled from: Python 3.14.5 (main, May 10 2026, 19:28:16) [Clang 22.1.3 ] # Embedded file name: data/rq3/cpython-3.14/unittest_seeds/rbw/cpython_case_test_excepti...",crash,signal_11:,,"decompyle3:error:# decompyle3 version 3.9.3 # Python bytecode version base 3.14 (3627) # Decompiled from: Python 3.14.5 (main, May 10 2026, 19:28:16) [Clang 22.1.3 ] # Embedded file name: data/rq3/cpython-3.14/unittest_seeds/rbw/cpython_case_test_excepti...;pylingual:error:────────────────────────────────────────────────────────────────────────────────────────────────────────────────────────────────────────────────────────────────────── ,ggggggggggg, ,gggg, dP""""""88""""""""""""Y8, d8"" ""8I ,dPYb, Yb, 88 `8b 88 ,dP...",decompyle3:not_run:;pylingual:not_run:
cpython-314,data/rq3/cpython-3.14/unique_bug_pyc/cpython-314-85f31b2909d5.pyc,no_source,"# decompyle3 version 3.9.3 # Python bytecode version base 3.14 (3627) # Decompiled from: Python 3.14.5 (main, May 10 2026, 19:28:16) [Clang 22.1.3 ] # Embedded file name: data/rq3/cpython-3.14/unittest_seeds/raw/cpython_case_test_pickleb...",crash,signal_11:,,"decompyle3:error:# decompyle3 version 3.9.3 # Python bytecode version base 3.14 (3627) # Decompiled from: Python 3.14.5 (main, May 10 2026, 19:28:16) [Clang 22.1.3 ] # Embedded file name: data/rq3/cpython-3.14/unittest_seeds/raw/cpython_case_test_pickleb...;pylingual:error:────────────────────────────────────────────────────────────────────────────────────────────────────────────────────────────────────────────────────────────────────── ,ggggggggggg, ,gggg, dP""""""88""""""""""""Y8, d8"" ""8I ,dPYb, Yb, 88 `8b 88 ,dP...",decompyle3:not_run:;pylingual:not_run:
cpython-314,data/rq3/cpython-3.14/unique_bug_pyc/cpython-314-88347ca21998.pyc,no_source,"# decompyle3 version 3.9.3 # Python bytecode version base 3.14 (3627) # Decompiled from: Python 3.14.5 (main, May 10 2026, 19:28:16) [Clang 22.1.3 ] # Embedded file name: data/rq3/cpython-3.14/unittest_seeds/raw/cpython_case_test_hashlib...",crash,signal_11:,,"decompyle3:error:# decompyle3 version 3.9.3 # Python bytecode version base 3.14 (3627) # Decompiled from: Python 3.14.5 (main, May 10 2026, 19:28:16) [Clang 22.1.3 ] # Embedded file name: data/rq3/cpython-3.14/unittest_seeds/raw/cpython_case_test_hashlib...;pylingual:error:────────────────────────────────────────────────────────────────────────────────────────────────────────────────────────────────────────────────────────────────────── ,ggggggggggg, ,gggg, dP""""""88""""""""""""Y8, d8"" ""8I ,dPYb, Yb, 88 `8b 88 ,dP...",decompyle3:not_run:;pylingual:not_run:
cpython-314,data/rq3/cpython-3.14/unique_bug_pyc/cpython-314-89a398fea635.pyc,no_source,"# decompyle3 version 3.9.3 # Python bytecode version base 3.14 (3627) # Decompiled from: Python 3.14.5 (main, May 10 2026, 19:28:16) [Clang 22.1.3 ] # Embedded file name: data/rq3/cpython-3.14/unittest_seeds/raw/cpython_case_test_set_Tes...",crash,signal_11:,,"decompyle3:error:# decompyle3 version 3.9.3 # Python bytecode version base 3.14 (3627) # Decompiled from: Python 3.14.5 (main, May 10 2026, 19:28:16) [Clang 22.1.3 ] # Embedded file name: data/rq3/cpython-3.14/unittest_seeds/raw/cpython_case_test_set_Tes...;pylingual:error:────────────────────────────────────────────────────────────────────────────────────────────────────────────────────────────────────────────────────────────────────── ,ggggggggggg, ,gggg, dP""""""88""""""""""""Y8, d8"" ""8I ,dPYb, Yb, 88 `8b 88 ,dP...",decompyle3:not_run:;pylingual:not_run:
cpython-314,data/rq3/cpython-3.14/unique_bug_pyc/cpython-314-8b8b47fe3052.pyc,no_source,"# decompyle3 version 3.9.3 # Python bytecode version base 3.14 (3627) # Decompiled from: Python 3.14.5 (main, May 10 2026, 19:28:16) [Clang 22.1.3 ] # Embedded file name: data/rq3/cpython-3.14/unittest_seeds/raw/cpython_case_test_gc_GCTe...",crash,signal_11:,,"decompyle3:error:# decompyle3 version 3.9.3 # Python bytecode version base 3.14 (3627) # Decompiled from: Python 3.14.5 (main, May 10 2026, 19:28:16) [Clang 22.1.3 ] # Embedded file name: data/rq3/cpython-3.14/unittest_seeds/raw/cpython_case_test_gc_GCTe...;pylingual:error:────────────────────────────────────────────────────────────────────────────────────────────────────────────────────────────────────────────────────────────────────── ,ggggggggggg, ,gggg, dP""""""88""""""""""""Y8, d8"" ""8I ,dPYb, Yb, 88 `8b 88 ,dP...",decompyle3:not_run:;pylingual:not_run:
cpython-314,data/rq3/cpython-3.14/unique_bug_pyc/cpython-314-8c80b6523cbf.pyc,no_source,"# decompyle3 version 3.9.3 # Python bytecode version base 3.14 (3627) # Decompiled from: Python 3.14.5 (main, May 10 2026, 19:28:16) [Clang 22.1.3 ] # Embedded file name: data/rq3/cpython-3.14/unittest_seeds/raw/cpython_case_test_xmlrpc_...",crash,signal_11:,,"decompyle3:error:# decompyle3 version 3.9.3 # Python bytecode version base 3.14 (3627) # Decompiled from: Python 3.14.5 (main, May 10 2026, 19:28:16) [Clang 22.1.3 ] # Embedded file name: data/rq3/cpython-3.14/unittest_seeds/raw/cpython_case_test_xmlrpc_...;pylingual:error:────────────────────────────────────────────────────────────────────────────────────────────────────────────────────────────────────────────────────────────────────── ,ggggggggggg, ,gggg, dP""""""88""""""""""""Y8, d8"" ""8I ,dPYb, Yb, 88 `8b 88 ,dP...",decompyle3:not_run:;pylingual:not_run:
cpython-314,data/rq3/cpython-3.14/unique_bug_pyc/cpython-314-8dd38acbef98.pyc,no_source,"# decompyle3 version 3.9.3 # Python bytecode version base 3.14 (3627) # Decompiled from: Python 3.14.5 (main, May 10 2026, 19:28:16) [Clang 22.1.3 ] # Embedded file name: data/rq3/cpython-3.14/unittest_seeds/raw/cpython_case_test_decimal...",crash,signal_11:,,"decompyle3:error:# decompyle3 version 3.9.3 # Python bytecode version base 3.14 (3627) # Decompiled from: Python 3.14.5 (main, May 10 2026, 19:28:16) [Clang 22.1.3 ] # Embedded file name: data/rq3/cpython-3.14/unittest_seeds/raw/cpython_case_test_decimal...;pylingual:error:────────────────────────────────────────────────────────────────────────────────────────────────────────────────────────────────────────────────────────────────────── ,ggggggggggg, ,gggg, dP""""""88""""""""""""Y8, d8"" ""8I ,dPYb, Yb, 88 `8b 88 ,dP...",decompyle3:not_run:;pylingual:not_run:
cpython-314,data/rq3/cpython-3.14/unique_bug_pyc/cpython-314-8eedf87ba074.pyc,no_source,/root/PyBC-Sec/pybcSEC/data/rq2/envs/cpython-314/lib/python3.14/site-packages/click/core.py:1262: UserWarning: The parameter --version is used more than once. Remove its duplicate as parameters should be unique. parser = self.make_parser...,crash,signal_11:,,"decompyle3:exit_2:/root/PyBC-Sec/pybcSEC/data/rq2/envs/cpython-314/lib/python3.14/site-packages/click/core.py:1262: UserWarning: The parameter --version is used more than once. Remove its duplicate as parameters should be unique. parser = self.make_parser...;pylingual:error:────────────────────────────────────────────────────────────────────────────────────────────────────────────────────────────────────────────────────────────────────── ,ggggggggggg, ,gggg, dP""""""88""""""""""""Y8, d8"" ""8I ,dPYb, Yb, 88 `8b 88 ,dP...",decompyle3:not_run:;pylingual:not_run:
cpython-314,data/rq3/cpython-3.14/unique_bug_pyc/cpython-314-8f2c998ac5d7.pyc,no_source,"# decompyle3 version 3.9.3 # Python bytecode version base 3.14 (3627) # Decompiled from: Python 3.14.5 (main, May 10 2026, 19:28:16) [Clang 22.1.3 ] # Embedded file name: data/rq3/cpython-3.14/unittest_seeds/raw/cpython_case_test_types_T...",crash,signal_11:,,"decompyle3:error:# decompyle3 version 3.9.3 # Python bytecode version base 3.14 (3627) # Decompiled from: Python 3.14.5 (main, May 10 2026, 19:28:16) [Clang 22.1.3 ] # Embedded file name: data/rq3/cpython-3.14/unittest_seeds/raw/cpython_case_test_types_T...;pylingual:error:────────────────────────────────────────────────────────────────────────────────────────────────────────────────────────────────────────────────────────────────────── ,ggggggggggg, ,gggg, dP""""""88""""""""""""Y8, d8"" ""8I ,dPYb, Yb, 88 `8b 88 ,dP...",decompyle3:not_run:;pylingual:not_run:
cpython-314,data/rq3/cpython-3.14/unique_bug_pyc/cpython-314-921c50665222.pyc,no_source,"# decompyle3 version 3.9.3 # Python bytecode version base 3.14 (3627) # Decompiled from: Python 3.14.5 (main, May 10 2026, 19:28:16) [Clang 22.1.3 ] # Embedded file name: data/rq3/cpython-3.14/unittest_seeds/raw/cpython_case_test_logging...",crash,signal_11:,,"decompyle3:error:# decompyle3 version 3.9.3 # Python bytecode version base 3.14 (3627) # Decompiled from: Python 3.14.5 (main, May 10 2026, 19:28:16) [Clang 22.1.3 ] # Embedded file name: data/rq3/cpython-3.14/unittest_seeds/raw/cpython_case_test_logging...;pylingual:error:────────────────────────────────────────────────────────────────────────────────────────────────────────────────────────────────────────────────────────────────────── ,ggggggggggg, ,gggg, dP""""""88""""""""""""Y8, d8"" ""8I ,dPYb, Yb, 88 `8b 88 ,dP...",decompyle3:not_run:;pylingual:not_run:
cpython-314,data/rq3/cpython-3.14/unique_bug_pyc/cpython-314-93a43115c07d.pyc,no_source,"# decompyle3 version 3.9.3 # Python bytecode version base 3.14 (3627) # Decompiled from: Python 3.14.5 (main, May 10 2026, 19:28:16) [Clang 22.1.3 ] # Embedded file name: data/rq3/cpython-3.14/unittest_seeds/raw/cpython_case_test_abc_tes...",crash,signal_11:,,"decompyle3:error:# decompyle3 version 3.9.3 # Python bytecode version base 3.14 (3627) # Decompiled from: Python 3.14.5 (main, May 10 2026, 19:28:16) [Clang 22.1.3 ] # Embedded file name: data/rq3/cpython-3.14/unittest_seeds/raw/cpython_case_test_abc_tes...;pylingual:error:────────────────────────────────────────────────────────────────────────────────────────────────────────────────────────────────────────────────────────────────────── ,ggggggggggg, ,gggg, dP""""""88""""""""""""Y8, d8"" ""8I ,dPYb, Yb, 88 `8b 88 ,dP...",decompyle3:not_run:;pylingual:not_run:
cpython-314,data/rq3/cpython-3.14/unique_bug_pyc/cpython-314-958163a0f55b.pyc,no_source,"# decompyle3 version 3.9.3 # Python bytecode version base 3.14 (3627) # Decompiled from: Python 3.14.5 (main, May 10 2026, 19:28:16) [Clang 22.1.3 ] # Embedded file name: data/rq3/cpython-3.14/unittest_seeds/raw/cpython_case_test_range_R...",crash,signal_11:,,"decompyle3:error:# decompyle3 version 3.9.3 # Python bytecode version base 3.14 (3627) # Decompiled from: Python 3.14.5 (main, May 10 2026, 19:28:16) [Clang 22.1.3 ] # Embedded file name: data/rq3/cpython-3.14/unittest_seeds/raw/cpython_case_test_range_R...;pylingual:error:────────────────────────────────────────────────────────────────────────────────────────────────────────────────────────────────────────────────────────────────────── ,ggggggggggg, ,gggg, dP""""""88""""""""""""Y8, d8"" ""8I ,dPYb, Yb, 88 `8b 88 ,dP...",decompyle3:not_run:;pylingual:not_run:
cpython-314,data/rq3/cpython-3.14/unique_bug_pyc/cpython-314-963caa8cb959.pyc,no_source,"# decompyle3 version 3.9.3 # Python bytecode version base 3.14 (3627) # Decompiled from: Python 3.14.5 (main, May 10 2026, 19:28:16) [Clang 22.1.3 ] # Embedded file name: data/rq3/cpython-3.14/unittest_seeds/raw/cpython_case_test_yield_f...",crash,signal_11:,,"decompyle3:error:# decompyle3 version 3.9.3 # Python bytecode version base 3.14 (3627) # Decompiled from: Python 3.14.5 (main, May 10 2026, 19:28:16) [Clang 22.1.3 ] # Embedded file name: data/rq3/cpython-3.14/unittest_seeds/raw/cpython_case_test_yield_f...;pylingual:error:────────────────────────────────────────────────────────────────────────────────────────────────────────────────────────────────────────────────────────────────────── ,ggggggggggg, ,gggg, dP""""""88""""""""""""Y8, d8"" ""8I ,dPYb, Yb, 88 `8b 88 ,dP...",decompyle3:not_run:;pylingual:not_run:
cpython-314,data/rq3/cpython-3.14/unique_bug_pyc/cpython-314-9717c7b0223f.pyc,no_source,"# decompyle3 version 3.9.3 # Python bytecode version base 3.14 (3627) # Decompiled from: Python 3.14.5 (main, May 10 2026, 19:28:16) [Clang 22.1.3 ] # Embedded file name: data/rq3/cpython-3.14/unittest_seeds/raw/cpython_case_test_remote_...",crash,signal_11:,,"decompyle3:error:# decompyle3 version 3.9.3 # Python bytecode version base 3.14 (3627) # Decompiled from: Python 3.14.5 (main, May 10 2026, 19:28:16) [Clang 22.1.3 ] # Embedded file name: data/rq3/cpython-3.14/unittest_seeds/raw/cpython_case_test_remote_...;pylingual:error:────────────────────────────────────────────────────────────────────────────────────────────────────────────────────────────────────────────────────────────────────── ,ggggggggggg, ,gggg, dP""""""88""""""""""""Y8, d8"" ""8I ,dPYb, Yb, 88 `8b 88 ,dP...",decompyle3:not_run:;pylingual:not_run:
cpython-314,data/rq3/cpython-3.14/unique_bug_pyc/cpython-314-971defb42615.pyc,no_source,"# decompyle3 version 3.9.3 # Python bytecode version base 3.14 (3627) # Decompiled from: Python 3.14.5 (main, May 10 2026, 19:28:16) [Clang 22.1.3 ] # Embedded file name: data/rq3/cpython-3.14/unittest_seeds/raw/cpython_case_test_types_T...",crash,signal_11:,,"decompyle3:error:# decompyle3 version 3.9.3 # Python bytecode version base 3.14 (3627) # Decompiled from: Python 3.14.5 (main, May 10 2026, 19:28:16) [Clang 22.1.3 ] # Embedded file name: data/rq3/cpython-3.14/unittest_seeds/raw/cpython_case_test_types_T...;pylingual:error:────────────────────────────────────────────────────────────────────────────────────────────────────────────────────────────────────────────────────────────────────── ,ggggggggggg, ,gggg, dP""""""88""""""""""""Y8, d8"" ""8I ,dPYb, Yb, 88 `8b 88 ,dP...",decompyle3:not_run:;pylingual:not_run:
cpython-314,data/rq3/cpython-3.14/unique_bug_pyc/cpython-314-99d0f371ddda.pyc,no_source,"# decompyle3 version 3.9.3 # Python bytecode version base 3.14 (3627) # Decompiled from: Python 3.14.5 (main, May 10 2026, 19:28:16) [Clang 22.1.3 ] # Embedded file name: data/rq3/cpython-3.14/unittest_seeds/raw/cpython_case_test_xml_etr...",crash,signal_11:,,"decompyle3:error:# decompyle3 version 3.9.3 # Python bytecode version base 3.14 (3627) # Decompiled from: Python 3.14.5 (main, May 10 2026, 19:28:16) [Clang 22.1.3 ] # Embedded file name: data/rq3/cpython-3.14/unittest_seeds/raw/cpython_case_test_xml_etr...;pylingual:error:────────────────────────────────────────────────────────────────────────────────────────────────────────────────────────────────────────────────────────────────────── ,ggggggggggg, ,gggg, dP""""""88""""""""""""Y8, d8"" ""8I ,dPYb, Yb, 88 `8b 88 ,dP...",decompyle3:not_run:;pylingual:not_run:
cpython-314,data/rq3/cpython-3.14/unique_bug_pyc/cpython-314-9b5a84390886.pyc,no_source,"# decompyle3 version 3.9.3 # Python bytecode version base 3.14 (3627) # Decompiled from: Python 3.14.5 (main, May 10 2026, 19:28:16) [Clang 22.1.3 ] # Embedded file name: data/rq3/cpython-3.14/unittest_seeds/raw/cpython_case_test__interp...",crash,signal_11:,,"decompyle3:error:# decompyle3 version 3.9.3 # Python bytecode version base 3.14 (3627) # Decompiled from: Python 3.14.5 (main, May 10 2026, 19:28:16) [Clang 22.1.3 ] # Embedded file name: data/rq3/cpython-3.14/unittest_seeds/raw/cpython_case_test__interp...;pylingual:error:────────────────────────────────────────────────────────────────────────────────────────────────────────────────────────────────────────────────────────────────────── ,ggggggggggg, ,gggg, dP""""""88""""""""""""Y8, d8"" ""8I ,dPYb, Yb, 88 `8b 88 ,dP...",decompyle3:not_run:;pylingual:not_run:
cpython-314,data/rq3/cpython-3.14/unique_bug_pyc/cpython-314-9b8b8a5cb85e.pyc,no_source,/root/PyBC-Sec/pybcSEC/data/rq2/envs/cpython-314/lib/python3.14/site-packages/click/core.py:1262: UserWarning: The parameter --version is used more than once. Remove its duplicate as parameters should be unique. parser = self.make_parser...,crash,"signal_6:Fatal Python error: _TAIL_CALL_CACHE: Executing a cache. Python runtime state: initialized Current thread 0x000070cfc0e64740 [python] (most recent call first): File ""data/rq3/cpython-3.14/unittest_seeds/raw/cpython_case_test_buffer_TestB...",,"decompyle3:exit_2:/root/PyBC-Sec/pybcSEC/data/rq2/envs/cpython-314/lib/python3.14/site-packages/click/core.py:1262: UserWarning: The parameter --version is used more than once. Remove its duplicate as parameters should be unique. parser = self.make_parser...;pylingual:error:────────────────────────────────────────────────────────────────────────────────────────────────────────────────────────────────────────────────────────────────────── ,ggggggggggg, ,gggg, dP""""""88""""""""""""Y8, d8"" ""8I ,dPYb, Yb, 88 `8b 88 ,dP...",decompyle3:not_run:;pylingual:not_run:
cpython-314,data/rq3/cpython-3.14/unique_bug_pyc/cpython-314-9ed8e5b39c0d.pyc,no_source,"# decompyle3 version 3.9.3 # Python bytecode version base 3.14 (3627) # Decompiled from: Python 3.14.5 (main, May 10 2026, 19:28:16) [Clang 22.1.3 ] # Embedded file name: data/rq3/cpython-3.14/unittest_seeds/raw/cpython_case_test_enum__E...",crash,"signal_6:Fatal Python error: _TAIL_CALL_CACHE: Executing a cache. Python runtime state: initialized Current thread 0x000073ba57ca0740 [python] (most recent call first): File ""data/rq3/cpython-3.14/unittest_seeds/raw/cpython_case_test_enum__EnumTe...",,"decompyle3:error:# decompyle3 version 3.9.3 # Python bytecode version base 3.14 (3627) # Decompiled from: Python 3.14.5 (main, May 10 2026, 19:28:16) [Clang 22.1.3 ] # Embedded file name: data/rq3/cpython-3.14/unittest_seeds/raw/cpython_case_test_enum__E...;pylingual:error:────────────────────────────────────────────────────────────────────────────────────────────────────────────────────────────────────────────────────────────────────── ,ggggggggggg, ,gggg, dP""""""88""""""""""""Y8, d8"" ""8I ,dPYb, Yb, 88 `8b 88 ,dP...",decompyle3:not_run:;pylingual:not_run:
cpython-314,data/rq3/cpython-3.14/unique_bug_pyc/cpython-314-9eed9ce8cf89.pyc,no_source,"# decompyle3 version 3.9.3 # Python bytecode version base 3.14 (3627) # Decompiled from: Python 3.14.5 (main, May 10 2026, 19:28:16) [Clang 22.1.3 ] # Embedded file name: data/rq3/cpython-3.14/unittest_seeds/raw/cpython_case_test_descr_C...",crash,signal_11:,,"decompyle3:error:# decompyle3 version 3.9.3 # Python bytecode version base 3.14 (3627) # Decompiled from: Python 3.14.5 (main, May 10 2026, 19:28:16) [Clang 22.1.3 ] # Embedded file name: data/rq3/cpython-3.14/unittest_seeds/raw/cpython_case_test_descr_C...;pylingual:error:────────────────────────────────────────────────────────────────────────────────────────────────────────────────────────────────────────────────────────────────────── ,ggggggggggg, ,gggg, dP""""""88""""""""""""Y8, d8"" ""8I ,dPYb, Yb, 88 `8b 88 ,dP...",decompyle3:not_run:;pylingual:not_run:
cpython-314,data/rq3/cpython-3.14/unique_bug_pyc/cpython-314-9ff90fa61c20.pyc,no_source,"# decompyle3 version 3.9.3 # Python bytecode version base 3.14 (3627) # Decompiled from: Python 3.14.5 (main, May 10 2026, 19:28:16) [Clang 22.1.3 ] # Embedded file name: data/rq3/cpython-3.14/unittest_seeds/raw/cpython_case_test_subproc...",crash,signal_11:,,"decompyle3:error:# decompyle3 version 3.9.3 # Python bytecode version base 3.14 (3627) # Decompiled from: Python 3.14.5 (main, May 10 2026, 19:28:16) [Clang 22.1.3 ] # Embedded file name: data/rq3/cpython-3.14/unittest_seeds/raw/cpython_case_test_subproc...;pylingual:error:────────────────────────────────────────────────────────────────────────────────────────────────────────────────────────────────────────────────────────────────────── ,ggggggggggg, ,gggg, dP""""""88""""""""""""Y8, d8"" ""8I ,dPYb, Yb, 88 `8b 88 ,dP...",decompyle3:not_run:;pylingual:not_run:
cpython-314,data/rq3/cpython-3.14/unique_bug_pyc/cpython-314-a25467872f80.pyc,no_source,"# decompyle3 version 3.9.3 # Python bytecode version base 3.14 (3627) # Decompiled from: Python 3.14.5 (main, May 10 2026, 19:28:16) [Clang 22.1.3 ] # Embedded file name: data/rq3/cpython-3.14/unittest_seeds/raw/cpython_case_test_bytes_B...",crash,signal_11:,,"decompyle3:error:# decompyle3 version 3.9.3 # Python bytecode version base 3.14 (3627) # Decompiled from: Python 3.14.5 (main, May 10 2026, 19:28:16) [Clang 22.1.3 ] # Embedded file name: data/rq3/cpython-3.14/unittest_seeds/raw/cpython_case_test_bytes_B...;pylingual:error:────────────────────────────────────────────────────────────────────────────────────────────────────────────────────────────────────────────────────────────────────── ,ggggggggggg, ,gggg, dP""""""88""""""""""""Y8, d8"" ""8I ,dPYb, Yb, 88 `8b 88 ,dP...",decompyle3:not_run:;pylingual:not_run:
cpython-314,data/rq3/cpython-3.14/unique_bug_pyc/cpython-314-a39d85a8a874.pyc,no_source,"# decompyle3 version 3.9.3 # Python bytecode version base 3.14 (3627) # Decompiled from: Python 3.14.5 (main, May 10 2026, 19:28:16) [Clang 22.1.3 ] # Embedded file name: data/rq3/cpython-3.14/unittest_seeds/raw/cpython_case_test_os_Spaw...",crash,signal_11:,,"decompyle3:error:# decompyle3 version 3.9.3 # Python bytecode version base 3.14 (3627) # Decompiled from: Python 3.14.5 (main, May 10 2026, 19:28:16) [Clang 22.1.3 ] # Embedded file name: data/rq3/cpython-3.14/unittest_seeds/raw/cpython_case_test_os_Spaw...;pylingual:error:────────────────────────────────────────────────────────────────────────────────────────────────────────────────────────────────────────────────────────────────────── ,ggggggggggg, ,gggg, dP""""""88""""""""""""Y8, d8"" ""8I ,dPYb, Yb, 88 `8b 88 ,dP...",decompyle3:not_run:;pylingual:not_run:
cpython-314,data/rq3/cpython-3.14/unique_bug_pyc/cpython-314-a4da24606206.pyc,no_source,"# decompyle3 version 3.9.3 # Python bytecode version base 3.14 (3627) # Decompiled from: Python 3.14.5 (main, May 10 2026, 19:28:16) [Clang 22.1.3 ] # Embedded file name: data/rq3/cpython-3.14/unittest_seeds/raw/cpython_case_test_statist...",crash,signal_11:,,"decompyle3:error:# decompyle3 version 3.9.3 # Python bytecode version base 3.14 (3627) # Decompiled from: Python 3.14.5 (main, May 10 2026, 19:28:16) [Clang 22.1.3 ] # Embedded file name: data/rq3/cpython-3.14/unittest_seeds/raw/cpython_case_test_statist...;pylingual:error:────────────────────────────────────────────────────────────────────────────────────────────────────────────────────────────────────────────────────────────────────── ,ggggggggggg, ,gggg, dP""""""88""""""""""""Y8, d8"" ""8I ,dPYb, Yb, 88 `8b 88 ,dP...",decompyle3:not_run:;pylingual:not_run:
cpython-314,data/rq3/cpython-3.14/unique_bug_pyc/cpython-314-a5054adec2db.pyc,no_source,"# decompyle3 version 3.9.3 # Python bytecode version base 3.14 (3627) # Decompiled from: Python 3.14.5 (main, May 10 2026, 19:28:16) [Clang 22.1.3 ] # Embedded file name: datb/rq3/cpython-3.14/unittestaw/cpython_case_test_iter_Te...",exit_1,"Traceback (most recent call last): File ""/root/PyBC-Sec/pybcSEC/data/rq4/harness.py"", line 29, in <module> result = target() File ""datb/rq3/cpython-3.14/unittestaw/cpython_case_test_iter_TestCase_test_iter_function_concealing_ree...",,"decompyle3:error:# decompyle3 version 3.9.3 # Python bytecode version base 3.14 (3627) # Decompiled from: Python 3.14.5 (main, May 10 2026, 19:28:16) [Clang 22.1.3 ] # Embedded file name: datb/rq3/cpython-3.14/unittestaw/cpython_case_test_iter_Te...;pylingual:error:────────────────────────────────────────────────────────────────────────────────────────────────────────────────────────────────────────────────────────────────────── ,ggggggggggg, ,gggg, dP""""""88""""""""""""Y8, d8"" ""8I ,dPYb, Yb, 88 `8b 88 ,dP...",decompyle3:not_run:;pylingual:not_run:
cpython-314,data/rq3/cpython-3.14/unique_bug_pyc/cpython-314-a50cc29da930.pyc,no_source,"# decompyle3 version 3.9.3 # Python bytecode version base 3.14 (3627) # Decompiled from: Python 3.14.5 (main, May 10 2026, 19:28:16) [Clang 22.1.3 ] # Embedded file name: data/rq3/cpython-3.14/unittest_seeds/raw/cpython_case_test_shutil_...",crash,signal_11:,,"decompyle3:error:# decompyle3 version 3.9.3 # Python bytecode version base 3.14 (3627) # Decompiled from: Python 3.14.5 (main, May 10 2026, 19:28:16) [Clang 22.1.3 ] # Embedded file name: data/rq3/cpython-3.14/unittest_seeds/raw/cpython_case_test_shutil_...;pylingual:error:────────────────────────────────────────────────────────────────────────────────────────────────────────────────────────────────────────────────────────────────────── ,ggggggggggg, ,gggg, dP""""""88""""""""""""Y8, d8"" ""8I ,dPYb, Yb, 88 `8b 88 ,dP...",decompyle3:not_run:;pylingual:not_run:
cpython-314,data/rq3/cpython-3.14/unique_bug_pyc/cpython-314-a98379fe6f8a.pyc,no_source,"# decompyle3 version 3.9.3 # Python bytecode version base 3.14 (3627) # Decompiled from: Python 3.14.5 (main, May 10 2026, 19:28:16) [Clang 22.1.3 ] # Embedded file name: data/rq3/cpython-3.14/unittest_seeds/raw/cpython_case_test_math_Ma...",crash,"signal_6:Fatal Python error: _TAIL_CALL_CACHE: Executing a cache. Python runtime state: initialized Current thread 0x000075b6473ac740 [python] (most recent call first): File ""data/rq3/cpython-3.14/unittest_seeds/raw/cpython_case_test_math_MathTes...",,"decompyle3:error:# decompyle3 version 3.9.3 # Python bytecode version base 3.14 (3627) # Decompiled from: Python 3.14.5 (main, May 10 2026, 19:28:16) [Clang 22.1.3 ] # Embedded file name: data/rq3/cpython-3.14/unittest_seeds/raw/cpython_case_test_math_Ma...;pylingual:error:────────────────────────────────────────────────────────────────────────────────────────────────────────────────────────────────────────────────────────────────────── ,ggggggggggg, ,gggg, dP""""""88""""""""""""Y8, d8"" ""8I ,dPYb, Yb, 88 `8b 88 ,dP...",decompyle3:not_run:;pylingual:not_run:
cpython-314,data/rq3/cpython-3.14/unique_bug_pyc/cpython-314-af8e04998ff7.pyc,no_source,"# decompyle3 version 3.9.3 # Python bytecode version base 3.14 (3627) # Decompiled from: Python 3.14.5 (main, May 10 2026, 19:28:16) [Clang 22.1.3 ] # Embedded file name: data/rq3/cpython-3.14/unittest_seeds/raw/cpython_case_test_wmi_Wmi...",exit_1,"TypeError: print_exception(): Exception expected for value, tuple found",,"decompyle3:error:# decompyle3 version 3.9.3 # Python bytecode version base 3.14 (3627) # Decompiled from: Python 3.14.5 (main, May 10 2026, 19:28:16) [Clang 22.1.3 ] # Embedded file name: data/rq3/cpython-3.14/unittest_seeds/raw/cpython_case_test_wmi_Wmi...;pylingual:error:────────────────────────────────────────────────────────────────────────────────────────────────────────────────────────────────────────────────────────────────────── ,ggggggggggg, ,gggg, dP""""""88""""""""""""Y8, d8"" ""8I ,dPYb, Yb, 88 `8b 88 ,dP...",decompyle3:not_run:;pylingual:not_run:
cpython-314,data/rq3/cpython-3.14/unique_bug_pyc/cpython-314-afab230f5062.pyc,unconfirmed,original bytecode status ok:,ok,,,"decompyle3:error:# decompyle3 version 3.9.3 # Python bytecode version base 3.14 (3627) # Decompiled from: Python 3.14.5 (main, May 10 2026, 19:28:16) [Clang 22.1.3 ] # Embedded file name: data/rq3/cpython-3.14/unittest_seeds/raw/cpython_casemappingict_Di...;pylingual:error:────────────────────────────────────────────────────────────────────────────────────────────────────────────────────────────────────────────────────────────────────── ,ggggggggggg, ,gggg, dP""""""88""""""""""""Y8, d8"" ""8I ,dPYb, Yb, 88 `8b 88 ,dP...",decompyle3:not_run:;pylingual:not_run:
cpython-314,data/rq3/cpython-3.14/unique_bug_pyc/cpython-314-b2a9cb42a41e.pyc,no_source,"# decompyle3 version 3.9.3 # Python bytecode version base 3.14 (3627) # Decompiled from: Python 3.14.5 (main, May 10 2026, 19:28:16) [Clang 22.1.3 ] # Embedded file name: data/rq3/cpython-3.14/unittest_seeds/raw/cpython_case_test_asyncge...",crash,signal_11:,,"decompyle3:error:# decompyle3 version 3.9.3 # Python bytecode version base 3.14 (3627) # Decompiled from: Python 3.14.5 (main, May 10 2026, 19:28:16) [Clang 22.1.3 ] # Embedded file name: data/rq3/cpython-3.14/unittest_seeds/raw/cpython_case_test_asyncge...;pylingual:error:────────────────────────────────────────────────────────────────────────────────────────────────────────────────────────────────────────────────────────────────────── ,ggggggggggg, ,gggg, dP""""""88""""""""""""Y8, d8"" ""8I ,dPYb, Yb, 88 `8b 88 ,dP...",decompyle3:not_run:;pylingual:not_run:
cpython-314,data/rq3/cpython-3.14/unique_bug_pyc/cpython-314-b2ba4816da1b.pyc,no_source,"# decompyle3 version 3.9.3 # Python bytecode version base 3.14 (3627) # Decompiled from: Python 3.14.5 (main, May 10 2026, 19:28:16) [Clang 22.1.3 ] # Embedded file name: data/rq3/cpython-3.14/unittest_seeds/raw/cpython_case_test_patma_T...",crash,signal_11:,,"decompyle3:error:# decompyle3 version 3.9.3 # Python bytecode version base 3.14 (3627) # Decompiled from: Python 3.14.5 (main, May 10 2026, 19:28:16) [Clang 22.1.3 ] # Embedded file name: data/rq3/cpython-3.14/unittest_seeds/raw/cpython_case_test_patma_T...;pylingual:error:────────────────────────────────────────────────────────────────────────────────────────────────────────────────────────────────────────────────────────────────────── ,ggggggggggg, ,gggg, dP""""""88""""""""""""Y8, d8"" ""8I ,dPYb, Yb, 88 `8b 88 ,dP...",decompyle3:not_run:;pylingual:not_run:
cpython-314,data/rq3/cpython-3.14/unique_bug_pyc/cpython-314-b3997c218d20.pyc,no_source,"# decompyle3 version 3.9.3 # Python bytecode version base 3.14 (3627) # Decompiled from: Python 3.14.5 (main, May 10 2026, 19:28:16) [Clang 22.1.3 ] # Embedded file name: data/rq3/cpython-3.14/unittest_seeds/raw/cpython_case_test_sort_Te...",exit_1,"Traceback (most recent call last): File ""/root/PyBC-Sec/pybcSEC/data/rq4/harness.py"", line 29, in <module> result = target() File ""data/rq3/cpython-3.14/unittest_seeds/raw/cpython_case_test_sort_TestBase_test_small_stability.py"", line 16...",,"decompyle3:error:# decompyle3 version 3.9.3 # Python bytecode version base 3.14 (3627) # Decompiled from: Python 3.14.5 (main, May 10 2026, 19:28:16) [Clang 22.1.3 ] # Embedded file name: data/rq3/cpython-3.14/unittest_seeds/raw/cpython_case_test_sort_Te...;pylingual:error:────────────────────────────────────────────────────────────────────────────────────────────────────────────────────────────────────────────────────────────────────── ,ggggggggggg, ,gggg, dP""""""88""""""""""""Y8, d8"" ""8I ,dPYb, Yb, 88 `8b 88 ,dP...",decompyle3:not_run:;pylingual:not_run:
cpython-314,data/rq3/cpython-3.14/unique_bug_pyc/cpython-314-b4bc94e03f55.pyc,no_source,"# decompyle3 version 3.9.3 # Python bytecode version base 3.14 (3627) # Decompiled from: Python 3.14.5 (main, May 10 2026, 19:28:16) [Clang 22.1.3 ] # Embedded file name: data/rq3/cpython-3.14/unittest_seeds/raw/cpython_case_tes%_fnmatch...",crash,signal_11:,,"decompyle3:error:# decompyle3 version 3.9.3 # Python bytecode version base 3.14 (3627) # Decompiled from: Python 3.14.5 (main, May 10 2026, 19:28:16) [Clang 22.1.3 ] # Embedded file name: data/rq3/cpython-3.14/unittest_seeds/raw/cpython_case_tes%_fnmatch...;pylingual:error:────────────────────────────────────────────────────────────────────────────────────────────────────────────────────────────────────────────────────────────────────── ,ggggggggggg, ,gggg, dP""""""88""""""""""""Y8, d8"" ""8I ,dPYb, Yb, 88 `8b 88 ,dP...",decompyle3:not_run:;pylingual:not_run:
cpython-314,data/rq3/cpython-3.14/unique_bug_pyc/cpython-314-b5313e2bfde8.pyc,no_source,"# decompyle3 version 3.9.3 # Python bytecode version base 3.14 (3627) # Decompiled from: Python 3.14.5 (main, May 10 2026, 19:28:16) [Clang 22.1.3 ] # Embedded file name: data/rq3/cpython-3.14/unittest_seeds/raw/cpython_case_test_context...",crash,signal_11:,,"decompyle3:error:# decompyle3 version 3.9.3 # Python bytecode version base 3.14 (3627) # Decompiled from: Python 3.14.5 (main, May 10 2026, 19:28:16) [Clang 22.1.3 ] # Embedded file name: data/rq3/cpython-3.14/unittest_seeds/raw/cpython_case_test_context...;pylingual:error:────────────────────────────────────────────────────────────────────────────────────────────────────────────────────────────────────────────────────────────────────── ,ggggggggggg, ,gggg, dP""""""88""""""""""""Y8, d8"" ""8I ,dPYb, Yb, 88 `8b 88 ,dP...",decompyle3:not_run:;pylingual:not_run:
cpython-314,data/rq3/cpython-3.14/unique_bug_pyc/cpython-314-b66161d39d74.pyc,no_source,"# decompyle3 version 3.9.3 # Python bytecode version base 3.14 (3627) # Decompiled from: Python 3.14.5 (main, May 10 2026, 19:28:16) [Clang 22.1.3 ] # Embedded file name: data/rq3/cpython-3.14/unittest_seeds/raw/cpython_case_test_argpars...",crash,signal_11:,,"decompyle3:error:# decompyle3 version 3.9.3 # Python bytecode version base 3.14 (3627) # Decompiled from: Python 3.14.5 (main, May 10 2026, 19:28:16) [Clang 22.1.3 ] # Embedded file name: data/rq3/cpython-3.14/unittest_seeds/raw/cpython_case_test_argpars...;pylingual:error:────────────────────────────────────────────────────────────────────────────────────────────────────────────────────────────────────────────────────────────────────── ,ggggggggggg, ,gggg, dP""""""88""""""""""""Y8, d8"" ""8I ,dPYb, Yb, 88 `8b 88 ,dP...",decompyle3:not_run:;pylingual:not_run:
cpython-314,data/rq3/cpython-3.14/unique_bug_pyc/cpython-314-b77174ccf994.pyc,no_source,"# decompyle3 version 3.9.3 # Python bytecode version base 3.14 (3627) # Decompiled from: Python 3.14.5 (main, May 10 2026, 19:28:16) [Clang 22.1.3 ] # Embedded file name: data/rq3/cpython-3.14/unittest_seeds/raw/cpython_case_test_gzip_Te...",crash,signal_11:,,"decompyle3:error:# decompyle3 version 3.9.3 # Python bytecode version base 3.14 (3627) # Decompiled from: Python 3.14.5 (main, May 10 2026, 19:28:16) [Clang 22.1.3 ] # Embedded file name: data/rq3/cpython-3.14/unittest_seeds/raw/cpython_case_test_gzip_Te...;pylingual:error:────────────────────────────────────────────────────────────────────────────────────────────────────────────────────────────────────────────────────────────────────── ,ggggggggggg, ,gggg, dP""""""88""""""""""""Y8, d8"" ""8I ,dPYb, Yb, 88 `8b 88 ,dP...",decompyle3:not_run:;pylingual:not_run:
cpython-314,data/rq3/cpython-3.14/unique_bug_pyc/cpython-314-b7c89ad6c93d.pyc,no_source,"# decompyle3 version 3.9.3 # Python bytecode version base 3.14 (3627) # Decompiled from: Python 3.14.5 (main, May 10 2026, 19:28:16) [Clang 22.1.3 ] # Embedded file name: data/rq3/cpython-3.14/unittest_seeds/raw/cpython_case_tes%_fnmatch...",crash,signal_11:,,"decompyle3:error:# decompyle3 version 3.9.3 # Python bytecode version base 3.14 (3627) # Decompiled from: Python 3.14.5 (main, May 10 2026, 19:28:16) [Clang 22.1.3 ] # Embedded file name: data/rq3/cpython-3.14/unittest_seeds/raw/cpython_case_tes%_fnmatch...;pylingual:error:────────────────────────────────────────────────────────────────────────────────────────────────────────────────────────────────────────────────────────────────────── ,ggggggggggg, ,gggg, dP""""""88""""""""""""Y8, d8"" ""8I ,dPYb, Yb, 88 `8b 88 ,dP...",decompyle3:not_run:;pylingual:not_run:
cpython-314,data/rq3/cpython-3.14/unique_bug_pyc/cpython-314-bb0b8b0a4a2c.pyc,no_source,"# decompyle3 version 3.9.3 # Python bytecode version base 3.14 (3627) # Decompiled from: Python 3.14.5 (main, May 10 2026, 19:28:16) [Clang 22.1.3 ] # Embedded file name: data/rq3/cpython-3.14/unittest_seeds/raw/cpython_case_test_yield_f...",crash,signal_11:,,"decompyle3:error:# decompyle3 version 3.9.3 # Python bytecode version base 3.14 (3627) # Decompiled from: Python 3.14.5 (main, May 10 2026, 19:28:16) [Clang 22.1.3 ] # Embedded file name: data/rq3/cpython-3.14/unittest_seeds/raw/cpython_case_test_yield_f...;pylingual:error:────────────────────────────────────────────────────────────────────────────────────────────────────────────────────────────────────────────────────────────────────── ,ggggggggggg, ,gggg, dP""""""88""""""""""""Y8, d8"" ""8I ,dPYb, Yb, 88 `8b 88 ,dP...",decompyle3:not_run:;pylingual:not_run:
cpython-314,data/rq3/cpython-3.14/unique_bug_pyc/cpython-314-bc8c7f4ade99.pyc,no_source,"# decompyle3 version 3.9.3 # Python bytecode version base 3.14 (3627) # Decompiled from: Python 3.14.5 (main, May 10 2026, 19:28:16) [Clang 22.1.3 ] # Embedded file name: data/rq3/cpython-3.14/unittest_seeds/raw/cpython_case_test_termios...",crash,signal_11:,,"decompyle3:error:# decompyle3 version 3.9.3 # Python bytecode version base 3.14 (3627) # Decompiled from: Python 3.14.5 (main, May 10 2026, 19:28:16) [Clang 22.1.3 ] # Embedded file name: data/rq3/cpython-3.14/unittest_seeds/raw/cpython_case_test_termios...;pylingual:error:────────────────────────────────────────────────────────────────────────────────────────────────────────────────────────────────────────────────────────────────────── ,ggggggggggg, ,gggg, dP""""""88""""""""""""Y8, d8"" ""8I ,dPYb, Yb, 88 `8b 88 ,dP...",decompyle3:not_run:;pylingual:not_run:
cpython-314,data/rq3/cpython-3.14/unique_bug_pyc/cpython-314-bcb8e4fa1ea3.pyc,no_source,"# decompyle3 version 3.9.3 # Python bytecode version base 3.14 (3627) # Decompiled from: Python 3.14.5 (main, May 10 2026, 19:28:16) [Clang 22.1.3 ] # Embedded file name: data/rq3/cpython-3.14/unittest_seeds/raw/cpython_case_test_httplib...",crash,signal_11:,,"decompyle3:error:# decompyle3 version 3.9.3 # Python bytecode version base 3.14 (3627) # Decompiled from: Python 3.14.5 (main, May 10 2026, 19:28:16) [Clang 22.1.3 ] # Embedded file name: data/rq3/cpython-3.14/unittest_seeds/raw/cpython_case_test_httplib...;pylingual:error:────────────────────────────────────────────────────────────────────────────────────────────────────────────────────────────────────────────────────────────────────── ,ggggggggggg, ,gggg, dP""""""88""""""""""""Y8, d8"" ""8I ,dPYb, Yb, 88 `8b 88 ,dP...",decompyle3:not_run:;pylingual:not_run:
cpython-314,data/rq3/cpython-3.14/unique_bug_pyc/cpython-314-bce326a89d02.pyc,no_source,"# decompyle3 version 3.9.3 # Python bytecode version base 3.14 (3627) # Decompiled from: Python 3.14.5 (main, May 10 2026, 19:28:16) [Clang 22.1.3 ] # Embedded file name: data/rq3/cpython-3.14/unittest_seeds/raw/cpython_case_test_compile...",crash,signal_11:,,"decompyle3:error:# decompyle3 version 3.9.3 # Python bytecode version base 3.14 (3627) # Decompiled from: Python 3.14.5 (main, May 10 2026, 19:28:16) [Clang 22.1.3 ] # Embedded file name: data/rq3/cpython-3.14/unittest_seeds/raw/cpython_case_test_compile...;pylingual:error:────────────────────────────────────────────────────────────────────────────────────────────────────────────────────────────────────────────────────────────────────── ,ggggggggggg, ,gggg, dP""""""88""""""""""""Y8, d8"" ""8I ,dPYb, Yb, 88 `8b 88 ,dP...",decompyle3:not_run:;pylingual:not_run:
cpython-314,data/rq3/cpython-3.14/unique_bug_pyc/cpython-314-bd0dadf3e034.pyc,no_source,"# decompyle3 version 3.9.3 # Python bytecode version base 3.14 (3627) # Decompiled from: Python 3.14.5 (main, May 10 2026, 19:28:16) [Clang 22.1.3 ] # Embedded file name: data/rq3/cpython-3.14/unittest_seeds/raw/cpython_case_test_set_Tes...",exit_1,"Traceback (most recent call last): File ""/root/PyBC-Sec/pybcSEC/data/rq4/harness.py"", line 29, in <module> result = target() File ""data/rq3/cpython-3.14/unittest_seeds/raw/cpython_case_test_set_TestWeirdBugs_test_hash_collision_concurren...",,"decompyle3:error:# decompyle3 version 3.9.3 # Python bytecode version base 3.14 (3627) # Decompiled from: Python 3.14.5 (main, May 10 2026, 19:28:16) [Clang 22.1.3 ] # Embedded file name: data/rq3/cpython-3.14/unittest_seeds/raw/cpython_case_test_set_Tes...;pylingual:error:────────────────────────────────────────────────────────────────────────────────────────────────────────────────────────────────────────────────────────────────────── ,ggggggggggg, ,gggg, dP""""""88""""""""""""Y8, d8"" ""8I ,dPYb, Yb, 88 `8b 88 ,dP...",decompyle3:not_run:;pylingual:not_run:
cpython-314,data/rq3/cpython-3.14/unique_bug_pyc/cpython-314-c25f63bdefb5.pyc,no_source,"# decompyle3 version 3.9.3 # Python bytecode version base 3.14 (3627) # Decompiled from: Python 3.14.5 (main, May 10 2026, 19:28:16) [Clang 22.1.3 ] # Embedded file name: data/rq3/cpython-3.14/unittest_seeds/raw/cpython_case_test_str_Str...",crash,signal_11:,,"decompyle3:error:# decompyle3 version 3.9.3 # Python bytecode version base 3.14 (3627) # Decompiled from: Python 3.14.5 (main, May 10 2026, 19:28:16) [Clang 22.1.3 ] # Embedded file name: data/rq3/cpython-3.14/unittest_seeds/raw/cpython_case_test_str_Str...;pylingual:error:────────────────────────────────────────────────────────────────────────────────────────────────────────────────────────────────────────────────────────────────────── ,ggggggggggg, ,gggg, dP""""""88""""""""""""Y8, d8"" ""8I ,dPYb, Yb, 88 `8b 88 ,dP...",decompyle3:not_run:;pylingual:not_run:
cpython-314,data/rq3/cpython-3.14/unique_bug_pyc/cpython-314-c2f84713031f.pyc,no_source,"# decompyle3 version 3.9.3 # Python bytecode version base 3.14 (3627) # Decompiled from: Python 3.14.5 (main, May 10 2026, 19:28:16) [Clang 22.1.3 ] # Embedded file name: data/rq3/cpython-3.14/unittest_seeds/raw/cpython_case_test_dict_Di...",crash,"signal_11:Exception ignored while calling deallocator <function __pybcsec_seed__.<locals>.EvilAttr.__del__ at 0x74a430207320>: Traceback (most recent call last): File ""data/rq3/cpython-3.14/unittest_seeds/raw/cpython_case_test_dict_DictTest_test_s...",,"decompyle3:error:# decompyle3 version 3.9.3 # Python bytecode version base 3.14 (3627) # Decompiled from: Python 3.14.5 (main, May 10 2026, 19:28:16) [Clang 22.1.3 ] # Embedded file name: data/rq3/cpython-3.14/unittest_seeds/raw/cpython_case_test_dict_Di...;pylingual:error:────────────────────────────────────────────────────────────────────────────────────────────────────────────────────────────────────────────────────────────────────── ,ggggggggggg, ,gggg, dP""""""88""""""""""""Y8, d8"" ""8I ,dPYb, Yb, 88 `8b 88 ,dP...",decompyle3:not_run:;pylingual:not_run:
cpython-314,data/rq3/cpython-3.14/unique_bug_pyc/cpython-314-c3af53ce4a7d.pyc,no_source,"# decompyle3 version 3.9.3 # Python bytecode version base 3.14 (3627) # Decompiled from: Python 3.14.5 (main, May 10 2026, 19:28:16) [Clang 22.1.3 ] # Embedded file name: data/rq3/cpython-3.14/unittest_seeds/raw/cpython_case_test_dict_Di...",crash,signal_11:,,"decompyle3:error:# decompyle3 version 3.9.3 # Python bytecode version base 3.14 (3627) # Decompiled from: Python 3.14.5 (main, May 10 2026, 19:28:16) [Clang 22.1.3 ] # Embedded file name: data/rq3/cpython-3.14/unittest_seeds/raw/cpython_case_test_dict_Di...;pylingual:error:────────────────────────────────────────────────────────────────────────────────────────────────────────────────────────────────────────────────────────────────────── ,ggggggggggg, ,gggg, dP""""""88""""""""""""Y8, d8"" ""8I ,dPYb, Yb, 88 `8b 88 ,dP...",decompyle3:not_run:;pylingual:not_run:
cpython-314,data/rq3/cpython-3.14/unique_bug_pyc/cpython-314-c3f0ef717ef5.pyc,no_source,"# decompyle3 version 3.9.3 # Python bytecode version base 3.14 (3627) # Decompiled from: Python 3.14.5 (main, May 10 2026, 19:28:16) [Clang 22.1.3 ] # Embedded file name: data/rq3/cpython-3.14/unittest_seeds/raw/cpython_case_test_bisect_...",crash,signal_11:,,"decompyle3:error:# decompyle3 version 3.9.3 # Python bytecode version base 3.14 (3627) # Decompiled from: Python 3.14.5 (main, May 10 2026, 19:28:16) [Clang 22.1.3 ] # Embedded file name: data/rq3/cpython-3.14/unittest_seeds/raw/cpython_case_test_bisect_...;pylingual:error:────────────────────────────────────────────────────────────────────────────────────────────────────────────────────────────────────────────────────────────────────── ,ggggggggggg, ,gggg, dP""""""88""""""""""""Y8, d8"" ""8I ,dPYb, Yb, 88 `8b 88 ,dP...",decompyle3:not_run:;pylingual:not_run:
cpython-314,data/rq3/cpython-3.14/unique_bug_pyc/cpython-314-c4c7adc3aa5c.pyc,no_source,"# decompyle3 version 3.9.3 # Python bytecode version base 3.14 (3627) # Decompiled from: Python 3.14.5 (main, May 10 2026, 19:28:16) [Clang 22.1.3 ] # Embedded file name: data/rq3/cpython-3.14/unittest_seeds/raw/cpython_case_test_yield_f...",crash,signal_11:,,"decompyle3:error:# decompyle3 version 3.9.3 # Python bytecode version base 3.14 (3627) # Decompiled from: Python 3.14.5 (main, May 10 2026, 19:28:16) [Clang 22.1.3 ] # Embedded file name: data/rq3/cpython-3.14/unittest_seeds/raw/cpython_case_test_yield_f...;pylingual:error:────────────────────────────────────────────────────────────────────────────────────────────────────────────────────────────────────────────────────────────────────── ,ggggggggggg, ,gggg, dP""""""88""""""""""""Y8, d8"" ""8I ,dPYb, Yb, 88 `8b 88 ,dP...",decompyle3:not_run:;pylingual:not_run:
cpython-314,data/rq3/cpython-3.14/unique_bug_pyc/cpython-314-c4ccfcbcb633.pyc,no_source,"# decompyle3 version 3.9.3 # Python bytecode version base 3.14 (3627) # Decompiled from: Python 3.14.5 (main, May 10 2026, 19:28:16) [Clang 22.1.3 ] # Embedded file name: data/rq3/cpython-3.14/unittest_seeds/raw/cpython_case_test_argpars...",crash,signal_11:,,"decompyle3:error:# decompyle3 version 3.9.3 # Python bytecode version base 3.14 (3627) # Decompiled from: Python 3.14.5 (main, May 10 2026, 19:28:16) [Clang 22.1.3 ] # Embedded file name: data/rq3/cpython-3.14/unittest_seeds/raw/cpython_case_test_argpars...;pylingual:error:────────────────────────────────────────────────────────────────────────────────────────────────────────────────────────────────────────────────────────────────────── ,ggggggggggg, ,gggg, dP""""""88""""""""""""Y8, d8"" ""8I ,dPYb, Yb, 88 `8b 88 ,dP...",decompyle3:not_run:;pylingual:not_run:
cpython-314,data/rq3/cpython-3.14/unique_bug_pyc/cpython-314-c4f171621deb.pyc,no_source,"# decompyle3 version 3.9.3 # Python bytecode version base 3.14 (3627) # Decompiled from: Python 3.14.5 (main, May 10 2026, 19:28:16) [Clang 22.1.3 ] # Embedded file name: data/rq3/cpython-3.14/unittest_seeds/raw/cpython_case_test_asyncge...",crash,signal_11:,,"decompyle3:error:# decompyle3 version 3.9.3 # Python bytecode version base 3.14 (3627) # Decompiled from: Python 3.14.5 (main, May 10 2026, 19:28:16) [Clang 22.1.3 ] # Embedded file name: data/rq3/cpython-3.14/unittest_seeds/raw/cpython_case_test_asyncge...;pylingual:error:────────────────────────────────────────────────────────────────────────────────────────────────────────────────────────────────────────────────────────────────────── ,ggggggggggg, ,gggg, dP""""""88""""""""""""Y8, d8"" ""8I ,dPYb, Yb, 88 `8b 88 ,dP...",decompyle3:not_run:;pylingual:not_run:
cpython-314,data/rq3/cpython-3.14/unique_bug_pyc/cpython-314-c6a8a83046c4.pyc,no_source,"# decompyle3 version 3.9.3 # Python bytecode version base 3.14 (3627) # Decompiled from: Python 3.14.5 (main, May 10 2026, 19:28:16) [Clang 22.1.3 ] # Embedded file name: data/rq3/cpython-3.14/unittest_seeds/raw/cpython_case_test_yield_f...",crash,signal_11:,,"decompyle3:error:# decompyle3 version 3.9.3 # Python bytecode version base 3.14 (3627) # Decompiled from: Python 3.14.5 (main, May 10 2026, 19:28:16) [Clang 22.1.3 ] # Embedded file name: data/rq3/cpython-3.14/unittest_seeds/raw/cpython_case_test_yield_f...;pylingual:error:────────────────────────────────────────────────────────────────────────────────────────────────────────────────────────────────────────────────────────────────────── ,ggggggggggg, ,gggg, dP""""""88""""""""""""Y8, d8"" ""8I ,dPYb, Yb, 88 `8b 88 ,dP...",decompyle3:not_run:;pylingual:not_run:
cpython-314,data/rq3/cpython-3.14/unique_bug_pyc/cpython-314-c705b9a6ef29.pyc,no_source,"# decompyle3 version 3.9.3 # Python bytecode version base 3.14 (3627) # Decompiled from: Python 3.14.5 (main, May 10 2026, 19:28:16) [Clang 22.1.3 ] # Embedded file name: data/rq3/cpython-3.14/unittest_seeds/raw/cpython_case_test_int_PyL...",crash,signal_11:,,"decompyle3:error:# decompyle3 version 3.9.3 # Python bytecode version base 3.14 (3627) # Decompiled from: Python 3.14.5 (main, May 10 2026, 19:28:16) [Clang 22.1.3 ] # Embedded file name: data/rq3/cpython-3.14/unittest_seeds/raw/cpython_case_test_int_PyL...;pylingual:error:────────────────────────────────────────────────────────────────────────────────────────────────────────────────────────────────────────────────────────────────────── ,ggggggggggg, ,gggg, dP""""""88""""""""""""Y8, d8"" ""8I ,dPYb, Yb, 88 `8b 88 ,dP...",decompyle3:not_run:;pylingual:not_run:
cpython-314,data/rq3/cpython-3.14/unique_bug_pyc/cpython-314-ca6f34500562.pyc,no_source,"# decompyle3 version 3.9.3 # Python bytecode version base 3.14 (3627) # Decompiled from: Python 3.14.5 (main, May 10 2026, 19:28:16) [Clang 22.1.3 ] # Embedded file name: data/rq3/cpython-3.14/unittest_seeds/raw/cpython_case_test_ìinecac...",crash,signal_11:,,"decompyle3:error:# decompyle3 version 3.9.3 # Python bytecode version base 3.14 (3627) # Decompiled from: Python 3.14.5 (main, May 10 2026, 19:28:16) [Clang 22.1.3 ] # Embedded file name: data/rq3/cpython-3.14/unittest_seeds/raw/cpython_case_test_ìinecac...;pylingual:error:────────────────────────────────────────────────────────────────────────────────────────────────────────────────────────────────────────────────────────────────────── ,ggggggggggg, ,gggg, dP""""""88""""""""""""Y8, d8"" ""8I ,dPYb, Yb, 88 `8b 88 ,dP...",decompyle3:not_run:;pylingual:not_run:
cpython-314,data/rq3/cpython-3.14/unique_bug_pyc/cpython-314-caa330050033.pyc,no_source,"# decompyle3 version 3.9.3 # Python bytecode version base 3.14 (3627) # Decompiled from: Python 3.14.5 (main, May 10 2026, 19:28:16) [Clang 22.1.3 ] # Embedded file name: data/rq3/cpython-3.14/unittest_seeds/raw/cpython_case_test_math_Ma...",crash,signal_11:,,"decompyle3:error:# decompyle3 version 3.9.3 # Python bytecode version base 3.14 (3627) # Decompiled from: Python 3.14.5 (main, May 10 2026, 19:28:16) [Clang 22.1.3 ] # Embedded file name: data/rq3/cpython-3.14/unittest_seeds/raw/cpython_case_test_math_Ma...;pylingual:error:────────────────────────────────────────────────────────────────────────────────────────────────────────────────────────────────────────────────────────────────────── ,ggggggggggg, ,gggg, dP""""""88""""""""""""Y8, d8"" ""8I ,dPYb, Yb, 88 `8b 88 ,dP...",decompyle3:not_run:;pylingual:not_run:
cpython-314,data/rq3/cpython-3.14/unique_bug_pyc/cpython-314-cab91e43dace.pyc,no_source,"# decompyle3 version 3.9.3 # Python bytecode version base 3.14 (3627) # Decompiled from: Python 3.14.5 (main, May 10 2026, 19:28:16) [Clang 22.1.3 ] # Embedded file name: data/rq3/cpython-3.14/unittest_seeds/raw/cpython_case_test_frame_T...",crash,signal_11:,,"decompyle3:error:# decompyle3 version 3.9.3 # Python bytecode version base 3.14 (3627) # Decompiled from: Python 3.14.5 (main, May 10 2026, 19:28:16) [Clang 22.1.3 ] # Embedded file name: data/rq3/cpython-3.14/unittest_seeds/raw/cpython_case_test_frame_T...;pylingual:error:────────────────────────────────────────────────────────────────────────────────────────────────────────────────────────────────────────────────────────────────────── ,ggggggggggg, ,gggg, dP""""""88""""""""""""Y8, d8"" ""8I ,dPYb, Yb, 88 `8b 88 ,dP...",decompyle3:not_run:;pylingual:not_run:
cpython-314,data/rq3/cpython-3.14/unique_bug_pyc/cpython-314-cbbfc8160fd6.pyc,no_source,"# decompyle3 version 3.9.3 # Python bytecode version base 3.14 (3627) # Decompiled from: Python 3.14.5 (main, May 10 2026, 19:28:16) [Clang 22.1.3 ] # Embedded file name: data/rq3/cpython-3.14/unittest_seeds/raw/cpython_case_test_statist...",crash,signal_11:,,"decompyle3:error:# decompyle3 version 3.9.3 # Python bytecode version base 3.14 (3627) # Decompiled from: Python 3.14.5 (main, May 10 2026, 19:28:16) [Clang 22.1.3 ] # Embedded file name: data/rq3/cpython-3.14/unittest_seeds/raw/cpython_case_test_statist...;pylingual:error:────────────────────────────────────────────────────────────────────────────────────────────────────────────────────────────────────────────────────────────────────── ,ggggggggggg, ,gggg, dP""""""88""""""""""""Y8, d8"" ""8I ,dPYb, Yb, 88 `8b 88 ,dP...",decompyle3:not_run:;pylingual:not_run:
cpython-314,data/rq3/cpython-3.14/unique_bug_pyc/cpython-314-cc4192d85f8d.pyc,no_source,"# decompyle3 version 3.9.3 # Python bytecode version base 3.14 (3627) # Decompiled from: Python 3.14.5 (main, May 10 2026, 19:28:16) [Clang 22.1.3 ] # Embedded file name: data/rq3/cpython-3.14/unittest_seeds/raw/cpython_case_test_dict_Di...",crash,signal_11:,,"decompyle3:error:# decompyle3 version 3.9.3 # Python bytecode version base 3.14 (3627) # Decompiled from: Python 3.14.5 (main, May 10 2026, 19:28:16) [Clang 22.1.3 ] # Embedded file name: data/rq3/cpython-3.14/unittest_seeds/raw/cpython_case_test_dict_Di...;pylingual:error:────────────────────────────────────────────────────────────────────────────────────────────────────────────────────────────────────────────────────────────────────── ,ggggggggggg, ,gggg, dP""""""88""""""""""""Y8, d8"" ""8I ,dPYb, Yb, 88 `8b 88 ,dP...",decompyle3:not_run:;pylingual:not_run:
cpython-314,data/rq3/cpython-3.14/unique_bug_pyc/cpython-314-cefb7db9ff11.pyc,no_source,"# decompyle3 version 3.9.3 # Python bytecode version base 3.14 (3627) # Decompiled from: Python 3.14.5 (main, May 10 2026, 19:28:16) [Clang 22.1.3 ] # Embedded file name: data/rq3/cpython-3.14/unittest_seeds/raw/cpython_case_test_xml_etr...",crash,signal_11:,,"decompyle3:error:# decompyle3 version 3.9.3 # Python bytecode version base 3.14 (3627) # Decompiled from: Python 3.14.5 (main, May 10 2026, 19:28:16) [Clang 22.1.3 ] # Embedded file name: data/rq3/cpython-3.14/unittest_seeds/raw/cpython_case_test_xml_etr...;pylingual:error:────────────────────────────────────────────────────────────────────────────────────────────────────────────────────────────────────────────────────────────────────── ,ggggggggggg, ,gggg, dP""""""88""""""""""""Y8, d8"" ""8I ,dPYb, Yb, 88 `8b 88 ,dP...",decompyle3:not_run:;pylingual:not_run:
cpython-314,data/rq3/cpython-3.14/unique_bug_pyc/cpython-314-d25679df4413.pyc,no_source,"# decompyle3 version 3.9.3 # Python bytecode version base 3.14 (3627) # Decompiled from: Python 3.14.5 (main, May 10 2026, 19:28:16) [Clang 22.1.3 ] # Embedded file name: data/rq3/cpython-3.14/unittest_seeds/raw/cpython_case_test_class_C...",crash,signal_11:,,"decompyle3:error:# decompyle3 version 3.9.3 # Python bytecode version base 3.14 (3627) # Decompiled from: Python 3.14.5 (main, May 10 2026, 19:28:16) [Clang 22.1.3 ] # Embedded file name: data/rq3/cpython-3.14/unittest_seeds/raw/cpython_case_test_class_C...;pylingual:error:────────────────────────────────────────────────────────────────────────────────────────────────────────────────────────────────────────────────────────────────────── ,ggggggggggg, ,gggg, dP""""""88""""""""""""Y8, d8"" ""8I ,dPYb, Yb, 88 `8b 88 ,dP...",decompyle3:not_run:;pylingual:not_run:
cpython-314,data/rq3/cpython-3.14/unique_bug_pyc/cpython-314-d61f84e1f075.pyc,no_source,"# decompyle3 version 3.9.3 # Python bytecode version base 3.14 (3627) # Decompiled from: Python 3.14.5 (main, May 10 2026, 19:28:16) [Clang 22.1.3 ] # Embedded file name: data/rq3/cpython-3.14/unittest_seeds/raw/cpython_case_test_asyncge...",crash,signal_11:,,"decompyle3:error:# decompyle3 version 3.9.3 # Python bytecode version base 3.14 (3627) # Decompiled from: Python 3.14.5 (main, May 10 2026, 19:28:16) [Clang 22.1.3 ] # Embedded file name: data/rq3/cpython-3.14/unittest_seeds/raw/cpython_case_test_asyncge...;pylingual:error:────────────────────────────────────────────────────────────────────────────────────────────────────────────────────────────────────────────────────────────────────── ,ggggggggggg, ,gggg, dP""""""88""""""""""""Y8, d8"" ""8I ,dPYb, Yb, 88 `8b 88 ,dP...",decompyle3:not_run:;pylingual:not_run:
cpython-314,data/rq3/cpython-3.14/unique_bug_pyc/cpython-314-d6637caea8f3.pyc,no_source,"# decompyle3 version 3.9.3 # Python bytecode version base 3.14 (3627) # Decompiled from: Python 3.14.5 (main, May 10 2026, 19:28:16) [Clang 22.1.3 ] # Embedded file name: data/rq3/cpython-3.14/unittest_seeds/raw/cpython_case_test_statist...",crash,signal_11:,,"decompyle3:error:# decompyle3 version 3.9.3 # Python bytecode version base 3.14 (3627) # Decompiled from: Python 3.14.5 (main, May 10 2026, 19:28:16) [Clang 22.1.3 ] # Embedded file name: data/rq3/cpython-3.14/unittest_seeds/raw/cpython_case_test_statist...;pylingual:error:────────────────────────────────────────────────────────────────────────────────────────────────────────────────────────────────────────────────────────────────────── ,ggggggggggg, ,gggg, dP""""""88""""""""""""Y8, d8"" ""8I ,dPYb, Yb, 88 `8b 88 ,dP...",decompyle3:not_run:;pylingual:not_run:
cpython-314,data/rq3/cpython-3.14/unique_bug_pyc/cpython-314-d8bb7e1cbf04.pyc,no_source,"# decompyle3 version 3.9.3 # Python bytecode version base 3.14 (3627) # Decompiled from: Python 3.14.5 (main, May 10 2026, 19:28:16) [Clang 22.1.3 ] # Embedded file name: data/rq3/cpython-3.14/unittest_seeds/raw/cpython_case_test_yield_f...",crash,signal_11:,,"decompyle3:error:# decompyle3 version 3.9.3 # Python bytecode version base 3.14 (3627) # Decompiled from: Python 3.14.5 (main, May 10 2026, 19:28:16) [Clang 22.1.3 ] # Embedded file name: data/rq3/cpython-3.14/unittest_seeds/raw/cpython_case_test_yield_f...;pylingual:error:────────────────────────────────────────────────────────────────────────────────────────────────────────────────────────────────────────────────────────────────────── ,ggggggggggg, ,gggg, dP""""""88""""""""""""Y8, d8"" ""8I ,dPYb, Yb, 88 `8b 88 ,dP...",decompyle3:not_run:;pylingual:not_run:
cpython-314,data/rq3/cpython-3.14/unique_bug_pyc/cpython-314-dae309de59f7.pyc,no_source,"# decompyle3 version 3.9.3 # Python bytecode version base 3.14 (3627) # Decompiled from: Python 3.14.5 (main, May 10 2026, 19:28:16) [Clang 22.1.3 ] # Embedded file name: data/rq3/cpython-3.14/unittest_seeds/raw/cpython_case_test_super_T...",exit_1,"Traceback (most recent call last): File ""/root/PyBC-Sec/pybcSEC/data/rq4/harness.py"", line 29, in <module> result = target() File ""data/rq3/cpython-3.14/unittest_seeds/raw/cpython_case_test_super_TestSuper_test___class___mro.py"", line 16...",,"decompyle3:error:# decompyle3 version 3.9.3 # Python bytecode version base 3.14 (3627) # Decompiled from: Python 3.14.5 (main, May 10 2026, 19:28:16) [Clang 22.1.3 ] # Embedded file name: data/rq3/cpython-3.14/unittest_seeds/raw/cpython_case_test_super_T...;pylingual:error:────────────────────────────────────────────────────────────────────────────────────────────────────────────────────────────────────────────────────────────────────── ,ggggggggggg, ,gggg, dP""""""88""""""""""""Y8, d8"" ""8I ,dPYb, Yb, 88 `8b 88 ,dP...",decompyle3:not_run:;pylingual:not_run:
cpython-314,data/rq3/cpython-3.14/unique_bug_pyc/cpython-314-dbbc92b81578.pyc,no_source,"# decompyle3 version 3.9.3 # Python bytecode version base 3.14 (3627) # Decompiled from: Python 3.14.5 (main, May 10 2026, 19:28:16) [Clang 22.1.3 ] # Embedded file name: dat`/rq3/cpython-3.14/unittest_seeds/raw/cpython_case_test_csv_Tes...",crash,signal_11:,,"decompyle3:error:# decompyle3 version 3.9.3 # Python bytecode version base 3.14 (3627) # Decompiled from: Python 3.14.5 (main, May 10 2026, 19:28:16) [Clang 22.1.3 ] # Embedded file name: dat`/rq3/cpython-3.14/unittest_seeds/raw/cpython_case_test_csv_Tes...;pylingual:error:────────────────────────────────────────────────────────────────────────────────────────────────────────────────────────────────────────────────────────────────────── ,ggggggggggg, ,gggg, dP""""""88""""""""""""Y8, d8"" ""8I ,dPYb, Yb, 88 `8b 88 ,dP...",decompyle3:not_run:;pylingual:not_run:
cpython-314,data/rq3/cpython-3.14/unique_bug_pyc/cpython-314-dd587e35c843.pyc,no_source,"# decompyle3 version 3.9.3 # Python bytecode version base 3.14 (3627) # Decompiled from: Python 3.14.5 (main, May 10 2026, 19:28:16) [Clang 22.1.3 ] # Embedded file name: data/rq3/cpython-3.14/unittest_seeds/raw/cpython_case_test_set_Tes...",crash,signal_11:,,"decompyle3:error:# decompyle3 version 3.9.3 # Python bytecode version base 3.14 (3627) # Decompiled from: Python 3.14.5 (main, May 10 2026, 19:28:16) [Clang 22.1.3 ] # Embedded file name: data/rq3/cpython-3.14/unittest_seeds/raw/cpython_case_test_set_Tes...;pylingual:error:────────────────────────────────────────────────────────────────────────────────────────────────────────────────────────────────────────────────────────────────────── ,ggggggggggg, ,gggg, dP""""""88""""""""""""Y8, d8"" ""8I ,dPYb, Yb, 88 `8b 88 ,dP...",decompyle3:not_run:;pylingual:not_run:
cpython-314,data/rq3/cpython-3.14/unique_bug_pyc/cpython-314-ddba89fc4e35.pyc,no_source,"# decompyle3 version 3.9.3 # Python bytecode version base 3.14 (3627) # Decompiled from: Python 3.14.5 (main, May 10 2026, 19:28:16) [Clang 22.1.3 ] # Embedded file name: data/rq3/cpython-3.14/unittest_seeds/raw/cpython_case_test_ipaddre...",crash,signal_11:,,"decompyle3:error:# decompyle3 version 3.9.3 # Python bytecode version base 3.14 (3627) # Decompiled from: Python 3.14.5 (main, May 10 2026, 19:28:16) [Clang 22.1.3 ] # Embedded file name: data/rq3/cpython-3.14/unittest_seeds/raw/cpython_case_test_ipaddre...;pylingual:error:────────────────────────────────────────────────────────────────────────────────────────────────────────────────────────────────────────────────────────────────────── ,ggggggggggg, ,gggg, dP""""""88""""""""""""Y8, d8"" ""8I ,dPYb, Yb, 88 `8b 88 ,dP...",decompyle3:not_run:;pylingual:not_run:
cpython-314,data/rq3/cpython-3.14/unique_bug_pyc/cpython-314-deabe1530e13.pyc,no_source,"# decompyle3 version 3.9.3 # Python bytecode version base 3.14 (3627) # Decompiled from: Python 3.14.5 (main, May 10 2026, 19:28:16) [Clang 22.1.3 ] # Embedded file name: data/rq3/cpython-3.14/unittest_seeds/raw/cpython_case_test_call_Fu...",crash,signal_11:,,"decompyle3:error:# decompyle3 version 3.9.3 # Python bytecode version base 3.14 (3627) # Decompiled from: Python 3.14.5 (main, May 10 2026, 19:28:16) [Clang 22.1.3 ] # Embedded file name: data/rq3/cpython-3.14/unittest_seeds/raw/cpython_case_test_call_Fu...;pylingual:error:────────────────────────────────────────────────────────────────────────────────────────────────────────────────────────────────────────────────────────────────────── ,ggggggggggg, ,gggg, dP""""""88""""""""""""Y8, d8"" ""8I ,dPYb, Yb, 88 `8b 88 ,dP...",decompyle3:not_run:;pylingual:not_run:
cpython-314,data/rq3/cpython-3.14/unique_bug_pyc/cpython-314-e00529dd6c74.pyc,no_source,"# decompyle3 version 3.9.3 # Python bytecode version base 3.14 (3627) # Decompiled from: Python 3.14.5 (main, May 10 2026, 19:28:16) [Clang 22.1.3 ] # Embedded file name: data/rq3/cpython-3.14/unittest_seeds/raw/cpython_case_test_mash_FM...",crash,signal_11:,,"decompyle3:error:# decompyle3 version 3.9.3 # Python bytecode version base 3.14 (3627) # Decompiled from: Python 3.14.5 (main, May 10 2026, 19:28:16) [Clang 22.1.3 ] # Embedded file name: data/rq3/cpython-3.14/unittest_seeds/raw/cpython_case_test_mash_FM...;pylingual:error:────────────────────────────────────────────────────────────────────────────────────────────────────────────────────────────────────────────────────────────────────── ,ggggggggggg, ,gggg, dP""""""88""""""""""""Y8, d8"" ""8I ,dPYb, Yb, 88 `8b 88 ,dP...",decompyle3:not_run:;pylingual:not_run:
cpython-314,data/rq3/cpython-3.14/unique_bug_pyc/cpython-314-e0a4eb230da4.pyc,no_source,"# decompyle3 version 3.9.3 # Python bytecode version base 3.14 (3627) # Decompiled from: Python 3.14.5 (main, May 10 2026, 19:28:16) [Clang 22.1.3 ] # Embedded file name: data/rq3/cpython-3.14/unittest_seeds/raw/cpython_case_test_compile...",crash,signal_11:,,"decompyle3:error:# decompyle3 version 3.9.3 # Python bytecode version base 3.14 (3627) # Decompiled from: Python 3.14.5 (main, May 10 2026, 19:28:16) [Clang 22.1.3 ] # Embedded file name: data/rq3/cpython-3.14/unittest_seeds/raw/cpython_case_test_compile...;pylingual:error:────────────────────────────────────────────────────────────────────────────────────────────────────────────────────────────────────────────────────────────────────── ,ggggggggggg, ,gggg, dP""""""88""""""""""""Y8, d8"" ""8I ,dPYb, Yb, 88 `8b 88 ,dP...",decompyle3:not_run:;pylingual:not_run:
cpython-314,data/rq3/cpython-3.14/unique_bug_pyc/cpython-314-e10e81fe8db0.pyc,no_source,"# decompyle3 version 3.9.3 # Python bytecode version base 3.14 (3627) # Decompiled from: Python 3.14.5 (main, May 10 2026, 19:28:16) [Clang 22.1.3 ] # Embedded file name: data/rq3/cpython-3.14/unittest_seeds/raw/cpython_case_test_fnmatch...",crash,signal_11:,,"decompyle3:error:# decompyle3 version 3.9.3 # Python bytecode version base 3.14 (3627) # Decompiled from: Python 3.14.5 (main, May 10 2026, 19:28:16) [Clang 22.1.3 ] # Embedded file name: data/rq3/cpython-3.14/unittest_seeds/raw/cpython_case_test_fnmatch...;pylingual:error:────────────────────────────────────────────────────────────────────────────────────────────────────────────────────────────────────────────────────────────────────── ,ggggggggggg, ,gggg, dP""""""88""""""""""""Y8, d8"" ""8I ,dPYb, Yb, 88 `8b 88 ,dP...",decompyle3:not_run:;pylingual:not_run:
cpython-314,data/rq3/cpython-3.14/unique_bug_pyc/cpython-314-e277c1ba137f.pyc,no_source,"# decompyle3 version 3.9.3 # Python bytecode version base 3.14 (3627) # Decompiled from: Python 3.14.5 (main, May 10 2026, 19:28:16) [Clang 22.1.3 ] # Embedded file name: data/rq3/cpython-3.14/unittest_seeds/raw/cpython_case_test_listcom...",crash,signal_11:,,"decompyle3:error:# decompyle3 version 3.9.3 # Python bytecode version base 3.14 (3627) # Decompiled from: Python 3.14.5 (main, May 10 2026, 19:28:16) [Clang 22.1.3 ] # Embedded file name: data/rq3/cpython-3.14/unittest_seeds/raw/cpython_case_test_listcom...;pylingual:error:────────────────────────────────────────────────────────────────────────────────────────────────────────────────────────────────────────────────────────────────────── ,ggggggggggg, ,gggg, dP""""""88""""""""""""Y8, d8"" ""8I ,dPYb, Yb, 88 `8b 88 ,dP...",decompyle3:not_run:;pylingual:not_run:
cpython-314,data/rq3/cpython-3.14/unique_bug_pyc/cpython-314-e5ac43c8e32c.pyc,no_source,"# decompyle3 version 3.9.3 # Python bytecode version base 3.14 (3627) # Decompiled from: Python 3.14.5 (main, May 10 2026, 19:28:16) [Clang 22.1.3 ] # Embedded file name: data/rq3/cpython-3.14/unittest_seeds/raw/cpython_case_test_statist...",exit_1,"Traceback (most recent call last): File ""/root/PyBC-Sec/pybcSEC/data/rq4/harness.py"", line 29, in <module> result = target() File ""data/rq3/cpython-3.14/unittest_seeds/raw/cpython_case_test_statistics_TestMean_test_big_data.py"", line 10,...",,"decompyle3:error:# decompyle3 version 3.9.3 # Python bytecode version base 3.14 (3627) # Decompiled from: Python 3.14.5 (main, May 10 2026, 19:28:16) [Clang 22.1.3 ] # Embedded file name: data/rq3/cpython-3.14/unittest_seeds/raw/cpython_case_test_statist...;pylingual:error:────────────────────────────────────────────────────────────────────────────────────────────────────────────────────────────────────────────────────────────────────── ,ggggggggggg, ,gggg, dP""""""88""""""""""""Y8, d8"" ""8I ,dPYb, Yb, 88 `8b 88 ,dP...",decompyle3:not_run:;pylingual:not_run:
cpython-314,data/rq3/cpython-3.14/unique_bug_pyc/cpython-314-e5f4fd12aa75.pyc,no_source,"# decompyle3 version 3.9.3 # Python bytecode version base 3.14 (3627) # Decompiled from: Python 3.14.5 (main, May 10 2026, 19:28:16) [Clang 22.1.3 ] # Embedded file name: data/rq3/cpython-3.14/unittest_seeds/raw/cpython_case_test_fnmatch...",crash,signal_11:,,"decompyle3:error:# decompyle3 version 3.9.3 # Python bytecode version base 3.14 (3627) # Decompiled from: Python 3.14.5 (main, May 10 2026, 19:28:16) [Clang 22.1.3 ] # Embedded file name: data/rq3/cpython-3.14/unittest_seeds/raw/cpython_case_test_fnmatch...;pylingual:error:────────────────────────────────────────────────────────────────────────────────────────────────────────────────────────────────────────────────────────────────────── ,ggggggggggg, ,gggg, dP""""""88""""""""""""Y8, d8"" ""8I ,dPYb, Yb, 88 `8b 88 ,dP...",decompyle3:not_run:;pylingual:not_run:
cpython-314,data/rq3/cpython-3.14/unique_bug_pyc/cpython-314-e5fb94f61f4e.pyc,no_source,"# decompyle3 version 3.9.3 # Python bytecode version base 3.14 (3627) # Decompiled from: Python 3.14.5 (main, May 10 2026, 19:28:16) [Clang 22.1.3 ] # Embedded file name: data/rq3/cpython-3.14/unittest_seeds/raw/cpython_case_test_csv_Tes...",crash,signal_11:,,"decompyle3:error:# decompyle3 version 3.9.3 # Python bytecode version base 3.14 (3627) # Decompiled from: Python 3.14.5 (main, May 10 2026, 19:28:16) [Clang 22.1.3 ] # Embedded file name: data/rq3/cpython-3.14/unittest_seeds/raw/cpython_case_test_csv_Tes...;pylingual:error:────────────────────────────────────────────────────────────────────────────────────────────────────────────────────────────────────────────────────────────────────── ,ggggggggggg, ,gggg, dP""""""88""""""""""""Y8, d8"" ""8I ,dPYb, Yb, 88 `8b 88 ,dP...",decompyle3:not_run:;pylingual:not_run:
cpython-314,data/rq3/cpython-3.14/unique_bug_pyc/cpython-314-e97aa6dc1048.pyc,no_source,"# decompyle3 version 3.9.3 # Python bytecode version base 3.14 (3627) # Decompiled from: Python 3.14.5 (main, May 10 2026, 19:28:16) [Clang 22.1.3 ] # Embedded file name: data/rq3/cpython-3.14/unittest_seeds/raw/cpython_case_test_super_T...",crash,signal_11:,,"decompyle3:error:# decompyle3 version 3.9.3 # Python bytecode version base 3.14 (3627) # Decompiled from: Python 3.14.5 (main, May 10 2026, 19:28:16) [Clang 22.1.3 ] # Embedded file name: data/rq3/cpython-3.14/unittest_seeds/raw/cpython_case_test_super_T...;pylingual:error:────────────────────────────────────────────────────────────────────────────────────────────────────────────────────────────────────────────────────────────────────── ,ggggggggggg, ,gggg, dP""""""88""""""""""""Y8, d8"" ""8I ,dPYb, Yb, 88 `8b 88 ,dP...",decompyle3:not_run:;pylingual:not_run:
cpython-314,data/rq3/cpython-3.14/unique_bug_pyc/cpython-314-ec3d95b3d4c3.pyc,no_source,"# decompyle3 version 3.9.3 # Python bytecode version base 3.14 (3627) # Decompiled from: Python 3.14.5 (main, May 10 2026, 19:28:16) [Clang 22.1.3 ] # Embedded file name: data/rq3/cpython-3.14/unittest_seeds/raw/cpython_case_test_yield_f...",crash,signal_11:,,"decompyle3:error:# decompyle3 version 3.9.3 # Python bytecode version base 3.14 (3627) # Decompiled from: Python 3.14.5 (main, May 10 2026, 19:28:16) [Clang 22.1.3 ] # Embedded file name: data/rq3/cpython-3.14/unittest_seeds/raw/cpython_case_test_yield_f...;pylingual:error:────────────────────────────────────────────────────────────────────────────────────────────────────────────────────────────────────────────────────────────────────── ,ggggggggggg, ,gggg, dP""""""88""""""""""""Y8, d8"" ""8I ,dPYb, Yb, 88 `8b 88 ,dP...",decompyle3:not_run:;pylingual:not_run:
cpython-314,data/rq3/cpython-3.14/unique_bug_pyc/cpython-314-f1c8e49dddf7.pyc,no_source,"# decompyle3 version 3.9.3 # Python bytecode version base 3.14 (3627) # Decompiled from: Python 3.14.5 (main, May 10 2026, 19:28:16) [Clang 22.1.3 ] # Embedded file name: data/rq3/cpython-3.14/unittest_seeds/raw/cpython_case_test_context...",crash,signal_11:,,"decompyle3:error:# decompyle3 version 3.9.3 # Python bytecode version base 3.14 (3627) # Decompiled from: Python 3.14.5 (main, May 10 2026, 19:28:16) [Clang 22.1.3 ] # Embedded file name: data/rq3/cpython-3.14/unittest_seeds/raw/cpython_case_test_context...;pylingual:error:────────────────────────────────────────────────────────────────────────────────────────────────────────────────────────────────────────────────────────────────────── ,ggggggggggg, ,gggg, dP""""""88""""""""""""Y8, d8"" ""8I ,dPYb, Yb, 88 `8b 88 ,dP...",decompyle3:not_run:;pylingual:not_run:
cpython-314,data/rq3/cpython-3.14/unique_bug_pyc/cpython-314-f200976d9042.pyc,no_source,/root/PyBC-Sec/pybcSEC/data/rq2/envs/cpython-314/lib/python3.14/site-packages/click/core.py:1262: UserWarning: The parameter --version is used more than once. Remove its duplicate as parameters should be unique. parser = self.make_parser...,crash,"signal_6:Fatal Python error: _TAIL_CALL_CACHE: Executing a cache. Python runtime state: initialized Current thread 0x00007b00e8cba740 [python] (most recent call first): File ""data/rq3/cpython-3.14/unittest_seeds/raw/cpython_case_test_patma_TestTy...",,"decompyle3:exit_2:/root/PyBC-Sec/pybcSEC/data/rq2/envs/cpython-314/lib/python3.14/site-packages/click/core.py:1262: UserWarning: The parameter --version is used more than once. Remove its duplicate as parameters should be unique. parser = self.make_parser...;pylingual:error:────────────────────────────────────────────────────────────────────────────────────────────────────────────────────────────────────────────────────────────────────── ,ggggggggggg, ,gggg, dP""""""88""""""""""""Y8, d8"" ""8I ,dPYb, Yb, 88 `8b 88 ,dP...",decompyle3:not_run:;pylingual:not_run:
cpython-314,data/rq3/cpython-3.14/unique_bug_pyc/cpython-314-f2f244994ac7.pyc,no_source,"# decompyle3 version 3.9.3 # Python bytecode version base 3.14 (3627) # Decompiled from: Python 3.14.5 (main, May 10 2026, 19:28:16) [Clang 22.1.3 ] # Embedded file name: data/rq3/cpython-3.14/unittest_seeds/raw/cpython_case_test_poplib_...",crash,signal_11:,,"decompyle3:error:# decompyle3 version 3.9.3 # Python bytecode version base 3.14 (3627) # Decompiled from: Python 3.14.5 (main, May 10 2026, 19:28:16) [Clang 22.1.3 ] # Embedded file name: data/rq3/cpython-3.14/unittest_seeds/raw/cpython_case_test_poplib_...;pylingual:error:────────────────────────────────────────────────────────────────────────────────────────────────────────────────────────────────────────────────────────────────────── ,ggggggggggg, ,gggg, dP""""""88""""""""""""Y8, d8"" ""8I ,dPYb, Yb, 88 `8b 88 ,dP...",decompyle3:not_run:;pylingual:not_run:
cpython-314,data/rq3/cpython-3.14/unique_bug_pyc/cpython-314-faec1a90026d.pyc,no_source,"# decompyle3 version 3.9.3 # Python bytecode version base 3.14 (3627) # Decompiled from: Python 3.14.5 (main, May 10 2026, 19:28:16) [Clang 22.1.3 ] # Embedded file name: data/rq3/cpython-3.14/unittest_seeds/raw/cpython_case_tes%_fnmatch...",crash,signal_11:,,"decompyle3:error:# decompyle3 version 3.9.3 # Python bytecode version base 3.14 (3627) # Decompiled from: Python 3.14.5 (main, May 10 2026, 19:28:16) [Clang 22.1.3 ] # Embedded file name: data/rq3/cpython-3.14/unittest_seeds/raw/cpython_case_tes%_fnmatch...;pylingual:error:────────────────────────────────────────────────────────────────────────────────────────────────────────────────────────────────────────────────────────────────────── ,ggggggggggg, ,gggg, dP""""""88""""""""""""Y8, d8"" ""8I ,dPYb, Yb, 88 `8b 88 ,dP...",decompyle3:not_run:;pylingual:not_run:
cpython-314,data/rq3/cpython-3.14/unique_bug_pyc/cpython-314-fd3f53dc4bd4.pyc,no_source,"# decompyle3 version 3.9.3 # Python bytecode version base 3.14 (3627) # Decompiled from: Python 3.14.5 (main, May 10 2026, 19:28:16) [Clang 22.1.3 ] # Embedded file name: data/rq3/cpython-3.14/unittest_seeds/raw/cpython_case_test_generat...",crash,signal_11:,,"decompyle3:error:# decompyle3 version 3.9.3 # Python bytecode version base 3.14 (3627) # Decompiled from: Python 3.14.5 (main, May 10 2026, 19:28:16) [Clang 22.1.3 ] # Embedded file name: data/rq3/cpython-3.14/unittest_seeds/raw/cpython_case_test_generat...;pylingual:error:────────────────────────────────────────────────────────────────────────────────────────────────────────────────────────────────────────────────────────────────────── ,ggggggggggg, ,gggg, dP""""""88""""""""""""Y8, d8"" ""8I ,dPYb, Yb, 88 `8b 88 ,dP...",decompyle3:not_run:;pylingual:not_run:
cpython-314,data/rq3/cpython-3.14/unique_bug_pyc/cpython-314-fdb81fc0ec9d.pyc,no_source,"# decompyle3 version 3.9.3 # Python bytecode version base 3.14 (3627) # Decompiled from: Python 3.14.5 (main, May 10 2026, 19:28:16) [Clang 22.1.3 ] # Embedded file name: data/rq3/cpython-3.14/unittest_seeds/raw/cpython_case_test_statist...",crash,signal_11:,,"decompyle3:error:# decompyle3 version 3.9.3 # Python bytecode version base 3.14 (3627) # Decompiled from: Python 3.14.5 (main, May 10 2026, 19:28:16) [Clang 22.1.3 ] # Embedded file name: data/rq3/cpython-3.14/unittest_seeds/raw/cpython_case_test_statist...;pylingual:error:────────────────────────────────────────────────────────────────────────────────────────────────────────────────────────────────────────────────────────────────────── ,ggggggggggg, ,gggg, dP""""""88""""""""""""Y8, d8"" ""8I ,dPYb, Yb, 88 `8b 88 ,dP...",decompyle3:not_run:;pylingual:not_run:
cpython-314,data/rq3/cpython-3.14/unique_bug_pyc/cpython-314-ff2e19ab702e.pyc,no_source,"# decompyle3 version 3.9.3 # Python bytecode version base 3.14 (3627) # Decompiled from: Python 3.14.5 (main, May 10 2026, 19:28:16) [Clang 22.1.3 ] # Embedded file name: data/rq3/cpython-3.14/unittest_seeds/raw/cpython_case_test_hashlib...",crash,signal_11:,,"decompyle3:error:# decompyle3 version 3.9.3 # Python bytecode version base 3.14 (3627) # Decompiled from: Python 3.14.5 (main, May 10 2026, 19:28:16) [Clang 22.1.3 ] # Embedded file name: data/rq3/cpython-3.14/unittest_seeds/raw/cpython_case_test_hashlib...;pylingual:error:────────────────────────────────────────────────────────────────────────────────────────────────────────────────────────────────────────────────────────────────────── ,ggggggggggg, ,gggg, dP""""""88""""""""""""Y8, d8"" ""8I ,dPYb, Yb, 88 `8b 88 ,dP...",decompyle3:not_run:;pylingual:not_run:
cpython-314,data/rq3/cpython-3.14/unique_bug_pyc/cpython-314-ff92b733b4c2.pyc,no_source,"# decompyle3 version 3.9.3 # Python bytecode version base 3.14 (3627) # Decompiled from: Python 3.14.5 (main, May 10 2026, 19:28:16) [Clang 22.1.3 ] # Embedded file name: data/rq3/cpython-3.14/unittest_seeds/raw/cpython_case_test_frame_T...",crash,signal_11:,,"decompyle3:error:# decompyle3 version 3.9.3 # Python bytecode version base 3.14 (3627) # Decompiled from: Python 3.14.5 (main, May 10 2026, 19:28:16) [Clang 22.1.3 ] # Embedded file name: data/rq3/cpython-3.14/unittest_seeds/raw/cpython_case_test_frame_T...;pylingual:error:────────────────────────────────────────────────────────────────────────────────────────────────────────────────────────────────────────────────────────────────────── ,ggggggggggg, ,gggg, dP""""""88""""""""""""Y8, d8"" ""8I ,dPYb, Yb, 88 `8b 88 ,dP...",decompyle3:not_run:;pylingual:not_run:
cpython-38,data/rq3/cpython-3.8/unique_bug_pyc/cpython-38-05df3261717a.pyc,no_source,"Traceback (most recent call last): File ""data/rq2/envs/cpython-38/bin/decompyle3"", line 8, in <module> sys.exit(main_bin()) File ""/root/PyBC-Sec/pybcSEC/data/rq2/envs/cpython-38/lib/python3.8/site-packages/click/core.py"", line 1161, in _...",crash,signal_11:,,"decompyle3:exit_1:Traceback (most recent call last): File ""data/rq2/envs/cpython-38/bin/decompyle3"", line 8, in <module> sys.exit(main_bin()) File ""/root/PyBC-Sec/pybcSEC/data/rq2/envs/cpython-38/lib/python3.8/site-packages/click/core.py"", line 1161, in _...;pylingual:error:────────────────────────────────────────────────────────────────────────────────────────────────────────────────────────────────────────────────────────────────────── ,ggggggggggg, ,gggg, dP""""""88""""""""""""Y8, d8"" ""8I ,dPYb, Yb, 88 `8b 88 ,dP...",decompyle3:not_run:;pylingual:not_run:
cpython-38,data/rq3/cpython-3.8/unique_bug_pyc/cpython-38-066caaa07121.pyc,compile_failure,"Traceback (most recent call last): File ""<string>"", line 10, in <module> File ""data/rq4/source_candidates/cpython-38/cpython-38-066caaa07121/decompyle3.py"", line 6 expr ::= LOAD_CODE (1) ^ IndentationError: unexpected indent",crash,signal_11:,,"decompyle3:ok:;pylingual:error:────────────────────────────────────────────────────────────────────────────────────────────────────────────────────────────────────────────────────────────────────── ,ggggggggggg, ,gggg, dP""""""88""""""""""""Y8, d8"" ""8I ,dPYb, Yb, 88 `8b 88 ,dP...","decompyle3:exit_1:Traceback (most recent call last): File ""<string>"", line 10, in <module> File ""data/rq4/source_candidates/cpython-38/cpython-38-066caaa07121/decompyle3.py"", line 6 expr ::= LOAD_CODE (1) ^ IndentationError: unexpected indent;pylingual:not_run:"
cpython-38,data/rq3/cpython-3.8/unique_bug_pyc/cpython-38-0854bfe32a3d.pyc,compile_failure,"Traceback (most recent call last): File ""<string>"", line 10, in <module> ValueError: source code string cannot contain null bytes",crash,signal_11:,,"decompyle3:ok:;pylingual:error:────────────────────────────────────────────────────────────────────────────────────────────────────────────────────────────────────────────────────────────────────── ,ggggggggggg, ,gggg, dP""""""88""""""""""""Y8, d8"" ""8I ,dPYb, Yb, 88 `8b 88 ,dP...","decompyle3:exit_1:Traceback (most recent call last): File ""<string>"", line 10, in <module> ValueError: source code string cannot contain null bytes;pylingual:not_run:"
cpython-38,data/rq3/cpython-3.8/unique_bug_pyc/cpython-38-090d20812f42.pyc,compile_failure,"Traceback (most recent call last): File ""<string>"", line 10, in <module> File ""data/rq4/source_candidates/cpython-38/cpython-38-090d20812f42/decompyle3.py"", line 6 expr ::= LOAD_STR (1) ^ IndentationError: unexpected indent",crash,signal_11:,,"decompyle3:ok:;pylingual:error:────────────────────────────────────────────────────────────────────────────────────────────────────────────────────────────────────────────────────────────────────── ,ggggggggggg, ,gggg, dP""""""88""""""""""""Y8, d8"" ""8I ,dPYb, Yb, 88 `8b 88 ,dP...","decompyle3:exit_1:Traceback (most recent call last): File ""<string>"", line 10, in <module> File ""data/rq4/source_candidates/cpython-38/cpython-38-090d20812f42/decompyle3.py"", line 6 expr ::= LOAD_STR (1) ^ IndentationError: unexpected indent;pylingual:not_run:"
cpython-38,data/rq3/cpython-3.8/unique_bug_pyc/cpython-38-09cf932ac7c9.pyc,no_source,"Unknown type 64 (hex 40) @ Unknown type 0 (hex 0) \\0 Unknown type 0 (hex 0) \\0 Unknown type 0 (hex 0) \\0 Traceback (most recent call last): File ""/root/PyBC-Sec/pybcSEC/data/rq2/envs/cpython-38/lib/python3.8/site-packages/xdis/load.py"", lin...",crash,signal_11:,,"decompyle3:exit_2:Unknown type 64 (hex 40) @ Unknown type 0 (hex 0) \\0 Unknown type 0 (hex 0) \\0 Unknown type 0 (hex 0) \\0 Traceback (most recent call last): File ""/root/PyBC-Sec/pybcSEC/data/rq2/envs/cpython-38/lib/python3.8/site-packages/xdis/load.py"", lin...;pylingual:error:────────────────────────────────────────────────────────────────────────────────────────────────────────────────────────────────────────────────────────────────────── ,ggggggggggg, ,gggg, dP""""""88""""""""""""Y8, d8"" ""8I ,dPYb, Yb, 88 `8b 88 ,dP...",decompyle3:not_run:;pylingual:not_run:
cpython-38,data/rq3/cpython-3.8/unique_bug_pyc/cpython-38-0d8d30d8e4ff.pyc,compile_failure,"Traceback (most recent call last): File ""<string>"", line 10, in <module> File ""data/rq4/source_candidates/cpython-38/cpython-38-0d8d30d8e4ff/decompyle3.py"", line 6 expr ::= LOAD_CODE (1) ^ IndentationError: unexpected indent",crash,signal_11:,,"decompyle3:ok:;pylingual:error:────────────────────────────────────────────────────────────────────────────────────────────────────────────────────────────────────────────────────────────────────── ,ggggggggggg, ,gggg, dP""""""88""""""""""""Y8, d8"" ""8I ,dPYb, Yb, 88 `8b 88 ,dP...","decompyle3:exit_1:Traceback (most recent call last): File ""<string>"", line 10, in <module> File ""data/rq4/source_candidates/cpython-38/cpython-38-0d8d30d8e4ff/decompyle3.py"", line 6 expr ::= LOAD_CODE (1) ^ IndentationError: unexpected indent;pylingual:not_run:"
cpython-38,data/rq3/cpython-3.8/unique_bug_pyc/cpython-38-0e6ea9f74fdd.pyc,no_source,"Traceback (most recent call last): File ""data/rq2/envs/cpython-38/bin/decompyle3"", line 8, in <module> sys.exit(main_bin()) File ""/root/PyBC-Sec/pybcSEC/data/rq2/envs/cpython-38/lib/python3.8/site-packages/click/core.py"", line 1161, in _...",crash,signal_11:,,"decompyle3:exit_1:Traceback (most recent call last): File ""data/rq2/envs/cpython-38/bin/decompyle3"", line 8, in <module> sys.exit(main_bin()) File ""/root/PyBC-Sec/pybcSEC/data/rq2/envs/cpython-38/lib/python3.8/site-packages/click/core.py"", line 1161, in _...;pylingual:error:────────────────────────────────────────────────────────────────────────────────────────────────────────────────────────────────────────────────────────────────────── ,ggggggggggg, ,gggg, dP""""""88""""""""""""Y8, d8"" ""8I ,dPYb, Yb, 88 `8b 88 ,dP...",decompyle3:not_run:;pylingual:not_run:
cpython-38,data/rq3/cpython-3.8/unique_bug_pyc/cpython-38-1023437964e6.pyc,no_source,"Traceback (most recent call last): File ""data/rq2/envs/cpython-38/bin/decompyle3"", line 8, in <module> sys.exit(main_bin()) File ""/root/PyBC-Sec/pybcSEC/data/rq2/envs/cpython-38/lib/python3.8/site-packages/click/core.py"", line 1161, in _...",exit_1,"XXX lineno: 9, opcode: 0 Traceback (most recent call last): File ""data/rq4/harness.py"", line 29, in <module> result = target() File ""data/rq3/cpython-3.8/unittest_seeds/raw/cpython_case_test_heapq_TestErrorHandling_test_heappop_mutating_...",,"decompyle3:exit_1:Traceback (most recent call last): File ""data/rq2/envs/cpython-38/bin/decompyle3"", line 8, in <module> sys.exit(main_bin()) File ""/root/PyBC-Sec/pybcSEC/data/rq2/envs/cpython-38/lib/python3.8/site-packages/click/core.py"", line 1161, in _...;pylingual:error:────────────────────────────────────────────────────────────────────────────────────────────────────────────────────────────────────────────────────────────────────── ,ggggggggggg, ,gggg, dP""""""88""""""""""""Y8, d8"" ""8I ,dPYb, Yb, 88 `8b 88 ,dP...",decompyle3:not_run:;pylingual:not_run:
cpython-38,data/rq3/cpython-3.8/unique_bug_pyc/cpython-38-172b46bc6f63.pyc,no_source,"Traceback (most recent call last): File ""data/rq2/envs/cpython-38/bin/decompyle3"", line 8, in <module> sys.exit(main_bin()) File ""/root/PyBC-Sec/pybcSEC/data/rq2/envs/cpython-38/lib/python3.8/site-packages/click/core.py"", line 1161, in _...",exit_1,"Traceback (most recent call last): File ""data/rq4/harness.py"", line 29, in <module> result = target() File ""data/rq3/cpython-3.8/unittest_seeds/raw/cpython_case_test_coroutines_CoroutineTest_test_for_11.py"", line 20, in __pybcsec_seed__ ...",,"decompyle3:exit_1:Traceback (most recent call last): File ""data/rq2/envs/cpython-38/bin/decompyle3"", line 8, in <module> sys.exit(main_bin()) File ""/root/PyBC-Sec/pybcSEC/data/rq2/envs/cpython-38/lib/python3.8/site-packages/click/core.py"", line 1161, in _...;pylingual:error:────────────────────────────────────────────────────────────────────────────────────────────────────────────────────────────────────────────────────────────────────── ,ggggggggggg, ,gggg, dP""""""88""""""""""""Y8, d8"" ""8I ,dPYb, Yb, 88 `8b 88 ,dP...",decompyle3:not_run:;pylingual:not_run:
cpython-38,data/rq3/cpython-3.8/unique_bug_pyc/cpython-38-19240d2dd11b.pyc,compile_failure,"Traceback (most recent call last): File ""<string>"", line 10, in <module> File ""data/rq4/source_candidates/cpython-38/cpython-38-19240d2dd11b/decompyle3.py"", line 6 expr ::= LOAD_CODE (1) ^ IndentationError: unexpected indent",crash,signal_11:,,"decompyle3:ok:;pylingual:error:────────────────────────────────────────────────────────────────────────────────────────────────────────────────────────────────────────────────────────────────────── ,ggggggggggg, ,gggg, dP""""""88""""""""""""Y8, d8"" ""8I ,dPYb, Yb, 88 `8b 88 ,dP...","decompyle3:exit_1:Traceback (most recent call last): File ""<string>"", line 10, in <module> File ""data/rq4/source_candidates/cpython-38/cpython-38-19240d2dd11b/decompyle3.py"", line 6 expr ::= LOAD_CODE (1) ^ IndentationError: unexpected indent;pylingual:not_run:"
cpython-38,data/rq3/cpython-3.8/unique_bug_pyc/cpython-38-1f2a015a29bd.pyc,compile_failure,"Traceback (most recent call last): File ""<string>"", line 10, in <module> File ""data/rq4/source_candidates/cpython-38/cpython-38-1f2a015a29bd/decompyle3.py"", line 6 expr ::= LOAD_CODE (1) ^ IndentationError: unexpected indent",exit_1,"Traceback (most recent call last): File ""data/rq4/harness.py"", line 29, in <module> result = target() File ""data/rq3/cpython-3.8/unittest_seeds/raw/cpython_case_test_sys_settrace_JumpTestCase_test_large_function.py"", line 9, in __pybcsec...",,"decompyle3:ok:;pylingual:error:────────────────────────────────────────────────────────────────────────────────────────────────────────────────────────────────────────────────────────────────────── ,ggggggggggg, ,gggg, dP""""""88""""""""""""Y8, d8"" ""8I ,dPYb, Yb, 88 `8b 88 ,dP...","decompyle3:exit_1:Traceback (most recent call last): File ""<string>"", line 10, in <module> File ""data/rq4/source_candidates/cpython-38/cpython-38-1f2a015a29bd/decompyle3.py"", line 6 expr ::= LOAD_CODE (1) ^ IndentationError: unexpected indent;pylingual:not_run:"
cpython-38,data/rq3/cpython-3.8/unique_bug_pyc/cpython-38-20708f610337.pyc,compile_failure,"Traceback (most recent call last): File ""<string>"", line 10, in <module> File ""data/rq4/source_candidates/cpython-38/cpython-38-20708f610337/decompyle3.py"", line 6 expr ::= LOAD_CODE (1) ^ IndentationError: unexpected indent",crash,"signal_11:XXX lineno: 5, opcode: 0 Traceback (most recent call last): File ""data/rq4/harness.py"", line 26, in <module> exec(code, namespace, namespace) File ""data/rq3/cpython-3.8/unittest_seds/raw/cpython_case_test_io_BufferedWriterTest_test_slow...",,"decompyle3:ok:;pylingual:error:────────────────────────────────────────────────────────────────────────────────────────────────────────────────────────────────────────────────────────────────────── ,ggggggggggg, ,gggg, dP""""""88""""""""""""Y8, d8"" ""8I ,dPYb, Yb, 88 `8b 88 ,dP...","decompyle3:exit_1:Traceback (most recent call last): File ""<string>"", line 10, in <module> File ""data/rq4/source_candidates/cpython-38/cpython-38-20708f610337/decompyle3.py"", line 6 expr ::= LOAD_CODE (1) ^ IndentationError: unexpected indent;pylingual:not_run:"
cpython-38,data/rq3/cpython-3.8/unique_bug_pyc/cpython-38-249214d51726.pyc,compile_failure,"Traceback (most recent call last): File ""<string>"", line 10, in <module> File ""data/rq4/source_candidates/cpython-38/cpython-38-249214d51726/decompyle3.py"", line 7 -- Stacks of completed symbols: ^ SyntaxError: invalid syntax",crash,signal_11:,,"decompyle3:ok:;pylingual:error:────────────────────────────────────────────────────────────────────────────────────────────────────────────────────────────────────────────────────────────────────── ,ggggggggggg, ,gggg, dP""""""88""""""""""""Y8, d8"" ""8I ,dPYb, Yb, 88 `8b 88 ,dP...","decompyle3:exit_1:Traceback (most recent call last): File ""<string>"", line 10, in <module> File ""data/rq4/source_candidates/cpython-38/cpython-38-249214d51726/decompyle3.py"", line 7 -- Stacks of completed symbols: ^ SyntaxError: invalid syntax;pylingual:not_run:"
cpython-38,data/rq3/cpython-3.8/unique_bug_pyc/cpython-38-24c19c696e1b.pyc,compile_failure,"Traceback (most recent call last): File ""<string>"", line 10, in <module> File ""data/rq4/source_candidates/cpython-38/cpython-38-24c19c696e1b/decompyle3.py"", line 6 expr ::= LOAD_CODE (1) ^ IndentationError: unexpected indent",crash,signal_11:,,"decompyle3:ok:;pylingual:error:────────────────────────────────────────────────────────────────────────────────────────────────────────────────────────────────────────────────────────────────────── ,ggggggggggg, ,gggg, dP""""""88""""""""""""Y8, d8"" ""8I ,dPYb, Yb, 88 `8b 88 ,dP...","decompyle3:exit_1:Traceback (most recent call last): File ""<string>"", line 10, in <module> File ""data/rq4/source_candidates/cpython-38/cpython-38-24c19c696e1b/decompyle3.py"", line 6 expr ::= LOAD_CODE (1) ^ IndentationError: unexpected indent;pylingual:not_run:"
cpython-38,data/rq3/cpython-3.8/unique_bug_pyc/cpython-38-2b1955af2c5d.pyc,compile_failure,"Traceback (most recent call last): File ""<string>"", line 10, in <module> File ""data/rq4/source_candidates/cpython-38/cpython-38-2b1955af2c5d/decompyle3.py"", line 7 -- Stacks of completed symbols: ^ SyntaxError: invalid syntax",crash,signal_11:,,"decompyle3:ok:;pylingual:error:────────────────────────────────────────────────────────────────────────────────────────────────────────────────────────────────────────────────────────────────────── ,ggggggggggg, ,gggg, dP""""""88""""""""""""Y8, d8"" ""8I ,dPYb, Yb, 88 `8b 88 ,dP...","decompyle3:exit_1:Traceback (most recent call last): File ""<string>"", line 10, in <module> File ""data/rq4/source_candidates/cpython-38/cpython-38-2b1955af2c5d/decompyle3.py"", line 7 -- Stacks of completed symbols: ^ SyntaxError: invalid syntax;pylingual:not_run:"
cpython-38,data/rq3/cpython-3.8/unique_bug_pyc/cpython-38-2e8fd71ffa83.pyc,compile_failure,"Traceback (most recent call last): File ""<string>"", line 10, in <module> File ""data/rq4/source_candidates/cpython-38/cpython-38-2e8fd71ffa83/decompyle3.py"", line 6 expr ::= LOAD_CODE (1) ^ IndentationError: unexpected indent",crash,signal_11:,,"decompyle3:ok:;pylingual:error:────────────────────────────────────────────────────────────────────────────────────────────────────────────────────────────────────────────────────────────────────── ,ggggggggggg, ,gggg, dP""""""88""""""""""""Y8, d8"" ""8I ,dPYb, Yb, 88 `8b 88 ,dP...","decompyle3:exit_1:Traceback (most recent call last): File ""<string>"", line 10, in <module> File ""data/rq4/source_candidates/cpython-38/cpython-38-2e8fd71ffa83/decompyle3.py"", line 6 expr ::= LOAD_CODE (1) ^ IndentationError: unexpected indent;pylingual:not_run:"
cpython-38,data/rq3/cpython-3.8/unique_bug_pyc/cpython-38-303ca82731f8.pyc,compile_failure,"Traceback (most recent call last): File ""<string>"", line 10, in <module> File ""data/rq4/source_candidates/cpython-38/cpython-38-303ca82731f8/decompyle3.py"", line 6 expr ::= LOAD_CODE (1) ^ IndentationError: unexpected indent",crash,signal_11:,,"decompyle3:ok:;pylingual:error:────────────────────────────────────────────────────────────────────────────────────────────────────────────────────────────────────────────────────────────────────── ,ggggggggggg, ,gggg, dP""""""88""""""""""""Y8, d8"" ""8I ,dPYb, Yb, 88 `8b 88 ,dP...","decompyle3:exit_1:Traceback (most recent call last): File ""<string>"", line 10, in <module> File ""data/rq4/source_candidates/cpython-38/cpython-38-303ca82731f8/decompyle3.py"", line 6 expr ::= LOAD_CODE (1) ^ IndentationError: unexpected indent;pylingual:not_run:"
cpython-38,data/rq3/cpython-3.8/unique_bug_pyc/cpython-38-3161b78f9aee.pyc,compile_failure,"Traceback (most recent call last): File ""<string>"", line 10, in <module> File ""data/rq4/source_candidates/cpython-38/cpython-38-3161b78f9aee/decompyle3.py"", line 6 expr ::= LOAD_CODE (1) ^ IndentationError: unexpected indent",crash,signal_11:,,"decompyle3:ok:;pylingual:error:────────────────────────────────────────────────────────────────────────────────────────────────────────────────────────────────────────────────────────────────────── ,ggggggggggg, ,gggg, dP""""""88""""""""""""Y8, d8"" ""8I ,dPYb, Yb, 88 `8b 88 ,dP...","decompyle3:exit_1:Traceback (most recent call last): File ""<string>"", line 10, in <module> File ""data/rq4/source_candidates/cpython-38/cpython-38-3161b78f9aee/decompyle3.py"", line 6 expr ::= LOAD_CODE (1) ^ IndentationError: unexpected indent;pylingual:not_run:"
cpython-38,data/rq3/cpython-3.8/unique_bug_pyc/cpython-38-3243125a336d.pyc,no_source,Unknown magic number 9557 in data/rq3/cpython-3.8/unique_bug_pyc/cpython-38-3243125a336d.pyc,exit_1,"XXX lineno: 16, opcode: 0 Traceback (most recent call last): File ""data/rq4/harness.py"", line 26, in <module> exec(code, namespace, namespace) File ""data/rq3/cpython-3.8/unittest_seeds/raw/cpython_case_test_tarfile_WriteTestBase_test_eof...",,"decompyle3:exit_2:Unknown magic number 9557 in data/rq3/cpython-3.8/unique_bug_pyc/cpython-38-3243125a336d.pyc;pylingual:error:────────────────────────────────────────────────────────────────────────────────────────────────────────────────────────────────────────────────────────────────────── ,ggggggggggg, ,gggg, dP""""""88""""""""""""Y8, d8"" ""8I ,dPYb, Yb, 88 `8b 88 ,dP...",decompyle3:not_run:;pylingual:not_run:
cpython-38,data/rq3/cpython-3.8/unique_bug_pyc/cpython-38-3a9ae46839a6.pyc,compile_failure,"Traceback (most recent call last): File ""<string>"", line 10, in <module> File ""data/rq4/source_candidates/cpython-38/cpython-38-3a9ae46839a6/decompyle3.py"", line 6 expr ::= LOAD_CODE (1) ^ IndentationError: unexpected indent",exit_1,"XXX lineno: 11, opcode: 0 Traceback (most recent call last): File ""data/rq4/harness.py"", line 26, in <module> exec(code, namespace, namespace) File ""data/rq3/cpython-3.8/unittest_seeds/raw/cpython_case_test_optparse_TestExtendAddActions_...",,"decompyle3:ok:;pylingual:error:────────────────────────────────────────────────────────────────────────────────────────────────────────────────────────────────────────────────────────────────────── ,ggggggggggg, ,gggg, dP""""""88""""""""""""Y8, d8"" ""8I ,dPYb, Yb, 88 `8b 88 ,dP...","decompyle3:exit_1:Traceback (most recent call last): File ""<string>"", line 10, in <module> File ""data/rq4/source_candidates/cpython-38/cpython-38-3a9ae46839a6/decompyle3.py"", line 6 expr ::= LOAD_CODE (1) ^ IndentationError: unexpected indent;pylingual:not_run:"
cpython-38,data/rq3/cpython-3.8/unique_bug_pyc/cpython-38-3aadd7663e56.pyc,compile_failure,"Traceback (most recent call last): File ""<string>"", line 10, in <module> File ""data/rq4/source_candidates/cpython-38/cpython-38-3aadd7663e56/decompyle3.py"", line 6 expr ::= LOAD_CODE (1) ^ IndentationError: unexpected indent",exit_1,"Traceback (most recent call last): File ""data/rq4/harness.py"", line 29, in <module> result = target() File ""data/rqflseython-3.8/unittest_seeds/raw/cpython_case_test_keywordonlyarg_KeywordOnlyArgTestCase_test_kwonly_methods.py"", line 9, ...",,"decompyle3:ok:;pylingual:error:────────────────────────────────────────────────────────────────────────────────────────────────────────────────────────────────────────────────────────────────────── ,ggggggggggg, ,gggg, dP""""""88""""""""""""Y8, d8"" ""8I ,dPYb, Yb, 88 `8b 88 ,dP...","decompyle3:exit_1:Traceback (most recent call last): File ""<string>"", line 10, in <module> File ""data/rq4/source_candidates/cpython-38/cpython-38-3aadd7663e56/decompyle3.py"", line 6 expr ::= LOAD_CODE (1) ^ IndentationError: unexpected indent;pylingual:not_run:"
cpython-38,data/rq3/cpython-3.8/unique_bug_pyc/cpython-38-3ab86658b6dc.pyc,compile_failure,"Traceback (most recent call last): File ""<string>"", line 10, in <module> File ""data/rq4/source_candidates/cpython-38/cpython-38-3ab86658b6dc/decompyle3.py"", line 6 expr ::= LOAD_CODE (1) ^ IndentationError: unexpected indent",crash,signal_11:,,"decompyle3:ok:;pylingual:error:────────────────────────────────────────────────────────────────────────────────────────────────────────────────────────────────────────────────────────────────────── ,ggggggggggg, ,gggg, dP""""""88""""""""""""Y8, d8"" ""8I ,dPYb, Yb, 88 `8b 88 ,dP...","decompyle3:exit_1:Traceback (most recent call last): File ""<string>"", line 10, in <module> File ""data/rq4/source_candidates/cpython-38/cpython-38-3ab86658b6dc/decompyle3.py"", line 6 expr ::= LOAD_CODE (1) ^ IndentationError: unexpected indent;pylingual:not_run:"
cpython-38,data/rq3/cpython-3.8/unique_bug_pyc/cpython-38-3cebf488677b.pyc,no_source,"Traceback (most recent call last): File ""data/rq2/envs/cpython-38/bin/decompyle3"", line 8, in <module> sys.exit(main_bin()) File ""/root/PyBC-Sec/pybcSEC/data/rq2/envs/cpython-38/lib/python3.8/site-packages/click/core.py"", line 1161, in _...",exit_1,"Traceback (most recent call last): File ""data/rq3/cpython-3.8/unittest_seeds/raw/cpython_case_test_exceptions_ExceptionTests_test_memory_error_subclasses.py"", line 12, in __pybcsec_seed__ raise MemoryError MemoryError During handling of ...",,"decompyle3:exit_1:Traceback (most recent call last): File ""data/rq2/envs/cpython-38/bin/decompyle3"", line 8, in <module> sys.exit(main_bin()) File ""/root/PyBC-Sec/pybcSEC/data/rq2/envs/cpython-38/lib/python3.8/site-packages/click/core.py"", line 1161, in _...;pylingual:error:────────────────────────────────────────────────────────────────────────────────────────────────────────────────────────────────────────────────────────────────────── ,ggggggggggg, ,gggg, dP""""""88""""""""""""Y8, d8"" ""8I ,dPYb, Yb, 88 `8b 88 ,dP...",decompyle3:not_run:;pylingual:not_run:
cpython-38,data/rq3/cpython-3.8/unique_bug_pyc/cpython-38-3e047c1c71a3.pyc,compile_failure,"Traceback (most recent call last): File ""<string>"", line 10, in <module> File ""data/rq4/source_candidates/cpython-38/cpython-38-3e047c1c71a3/decompyle3.py"", line 6 expr ::= LOAD_CODE (1) ^ IndentationError: unexpected indent",crash,"signal_6:Fatal Python error: XXX block stack underflow Python runtime state: initialized Current thread 0x00007514e2370740 (most recent call first): File ""data/rq3/cpython-3.8/unittest_seeds/raw/cpython_case_test_typing_CollectionsAbcTests_test_c...",,"decompyle3:ok:;pylingual:error:────────────────────────────────────────────────────────────────────────────────────────────────────────────────────────────────────────────────────────────────────── ,ggggggggggg, ,gggg, dP""""""88""""""""""""Y8, d8"" ""8I ,dPYb, Yb, 88 `8b 88 ,dP...","decompyle3:exit_1:Traceback (most recent call last): File ""<string>"", line 10, in <module> File ""data/rq4/source_candidates/cpython-38/cpython-38-3e047c1c71a3/decompyle3.py"", line 6 expr ::= LOAD_CODE (1) ^ IndentationError: unexpected indent;pylingual:not_run:"
cpython-38,data/rq3/cpython-3.8/unique_bug_pyc/cpython-38-3f61d8bdc16f.pyc,compile_failure,"Traceback (most recent call last): File ""<string>"", line 10, in <module> File ""data/rq4/source_candidates/cpython-38/cpython-38-3f61d8bdc16f/decompyle3.py"", line 6 expr ::= LOAD_CODE (1) ^ IndentationError: unexpected indent",crash,signal_11:,,"decompyle3:ok:;pylingual:error:────────────────────────────────────────────────────────────────────────────────────────────────────────────────────────────────────────────────────────────────────── ,ggggggggggg, ,gggg, dP""""""88""""""""""""Y8, d8"" ""8I ,dPYb, Yb, 88 `8b 88 ,dP...","decompyle3:exit_1:Traceback (most recent call last): File ""<string>"", line 10, in <module> File ""data/rq4/source_candidates/cpython-38/cpython-38-3f61d8bdc16f/decompyle3.py"", line 6 expr ::= LOAD_CODE (1) ^ IndentationError: unexpected indent;pylingual:not_run:"
cpython-38,data/rq3/cpython-3.8/unique_bug_pyc/cpython-38-428375de16b7.pyc,no_source,"Traceback (most recent call last): File ""data/rq2/envs/cpython-38/bin/decompyle3"", line 8, in <module> sys.exit(main_bin()) File ""/root/PyBC-Sec/pybcSEC/data/rq2/envs/cpython-38/lib/python3.8/site-packages/click/core.py"", line 1161, in _...",exit_1,"XXX lineno: 21, opcode: 210 Traceback (most recent call last): File ""data/rq3/cpython-3.8/unittest_seeds/raw/cpython_case_test_subclassinit_Test_test_set_name_metaclass.py"", line 21, in __set_name__ self.name = name SystemError: unknown ...",,"decompyle3:exit_1:Traceback (most recent call last): File ""data/rq2/envs/cpython-38/bin/decompyle3"", line 8, in <module> sys.exit(main_bin()) File ""/root/PyBC-Sec/pybcSEC/data/rq2/envs/cpython-38/lib/python3.8/site-packages/click/core.py"", line 1161, in _...;pylingual:error:────────────────────────────────────────────────────────────────────────────────────────────────────────────────────────────────────────────────────────────────────── ,ggggggggggg, ,gggg, dP""""""88""""""""""""Y8, d8"" ""8I ,dPYb, Yb, 88 `8b 88 ,dP...",decompyle3:not_run:;pylingual:not_run:
cpython-38,data/rq3/cpython-3.8/unique_bug_pyc/cpython-38-44ba254511c5.pyc,compile_failure,"Traceback (most recent call last): File ""<string>"", line 10, in <module> ValueError: source code string cannot contain null bytes",crash,signal_11:,,"decompyle3:ok:;pylingual:error:────────────────────────────────────────────────────────────────────────────────────────────────────────────────────────────────────────────────────────────────────── ,ggggggggggg, ,gggg, dP""""""88""""""""""""Y8, d8"" ""8I ,dPYb, Yb, 88 `8b 88 ,dP...","decompyle3:exit_1:Traceback (most recent call last): File ""<string>"", line 10, in <module> ValueError: source code string cannot contain null bytes;pylingual:not_run:"
cpython-38,data/rq3/cpython-3.8/unique_bug_pyc/cpython-38-44ebdca69235.pyc,compile_failure,"Traceback (most recent call last): File ""<string>"", line 10, in <module> File ""data/rq4/source_candidates/cpython-38/cpython-38-44ebdca69235/decompyle3.py"", line 6 expr ::= LOAD_CODE (1) ^ IndentationError: unexpected indent",crash,signal_11:,,"decompyle3:ok:;pylingual:error:────────────────────────────────────────────────────────────────────────────────────────────────────────────────────────────────────────────────────────────────────── ,ggggggggggg, ,gggg, dP""""""88""""""""""""Y8, d8"" ""8I ,dPYb, Yb, 88 `8b 88 ,dP...","decompyle3:exit_1:Traceback (most recent call last): File ""<string>"", line 10, in <module> File ""data/rq4/source_candidates/cpython-38/cpython-38-44ebdca69235/decompyle3.py"", line 6 expr ::= LOAD_CODE (1) ^ IndentationError: unexpected indent;pylingual:not_run:"
cpython-38,data/rq3/cpython-3.8/unique_bug_pyc/cpython-38-454c478e6d71.pyc,compile_failure,"Traceback (most recent call last): File ""<string>"", line 10, in <module> File ""data/rq4/source_candidates/cpython-38/cpython-38-454c478e6d71/decompyle3.py"", line 6 expr ::= LOAD_CODE (1) ^ IndentationError: unexpected indent",crash,signal_11:,,"decompyle3:ok:;pylingual:error:────────────────────────────────────────────────────────────────────────────────────────────────────────────────────────────────────────────────────────────────────── ,ggggggggggg, ,gggg, dP""""""88""""""""""""Y8, d8"" ""8I ,dPYb, Yb, 88 `8b 88 ,dP...","decompyle3:exit_1:Traceback (most recent call last): File ""<string>"", line 10, in <module> File ""data/rq4/source_candidates/cpython-38/cpython-38-454c478e6d71/decompyle3.py"", line 6 expr ::= LOAD_CODE (1) ^ IndentationError: unexpected indent;pylingual:not_run:"
cpython-38,data/rq3/cpython-3.8/unique_bug_pyc/cpython-38-46a59a1a86c9.pyc,no_source,"Traceback (most recent call last): File ""data/rq2/envs/cpython-38/bin/decompyle3"", line 8, in <module> sys.exit(main_bin()) File ""/root/PyBC-Sec/pybcSEC/data/rq2/envs/cpython-38/lib/python3.8/site-packages/click/core.py"", line 1161, in _...",crash,signal_11:,,"decompyle3:exit_1:Traceback (most recent call last): File ""data/rq2/envs/cpython-38/bin/decompyle3"", line 8, in <module> sys.exit(main_bin()) File ""/root/PyBC-Sec/pybcSEC/data/rq2/envs/cpython-38/lib/python3.8/site-packages/click/core.py"", line 1161, in _...;pylingual:error:────────────────────────────────────────────────────────────────────────────────────────────────────────────────────────────────────────────────────────────────────── ,ggggggggggg, ,gggg, dP""""""88""""""""""""Y8, d8"" ""8I ,dPYb, Yb, 88 `8b 88 ,dP...",decompyle3:not_run:;pylingual:not_run:
cpython-38,data/rq3/cpython-3.8/unique_bug_pyc/cpython-38-4938b2ed0078.pyc,compile_failure,"Traceback (most recent call last): File ""<string>"", line 10, in <module> File ""data/rq4/source_candidates/cpython-38/cpython-38-4938b2ed0078/decompyle3.py"", line 7 -- Stacks of completed symbols: ^ SyntaxError: invalid syntax",crash,signal_11:,,"decompyle3:ok:;pylingual:error:────────────────────────────────────────────────────────────────────────────────────────────────────────────────────────────────────────────────────────────────────── ,ggggggggggg, ,gggg, dP""""""88""""""""""""Y8, d8"" ""8I ,dPYb, Yb, 88 `8b 88 ,dP...","decompyle3:exit_1:Traceback (most recent call last): File ""<string>"", line 10, in <module> File ""data/rq4/source_candidates/cpython-38/cpython-38-4938b2ed0078/decompyle3.py"", line 7 -- Stacks of completed symbols: ^ SyntaxError: invalid syntax;pylingual:not_run:"
cpython-38,data/rq3/cpython-3.8/unique_bug_pyc/cpython-38-4c86157e7344.pyc,compile_failure,"Traceback (most recent call last): File ""<string>"", line 10, in <module> File ""data/rq4/source_candidates/cpython-38/cpython-38-4c86157e7344/decompyle3.py"", line 6 expr ::= LOAD_CODE (1) ^ IndentationError: unexpected indent",crash,signal_11:,,"decompyle3:ok:;pylingual:error:────────────────────────────────────────────────────────────────────────────────────────────────────────────────────────────────────────────────────────────────────── ,ggggggggggg, ,gggg, dP""""""88""""""""""""Y8, d8"" ""8I ,dPYb, Yb, 88 `8b 88 ,dP...","decompyle3:exit_1:Traceback (most recent call last): File ""<string>"", line 10, in <module> File ""data/rq4/source_candidates/cpython-38/cpython-38-4c86157e7344/decompyle3.py"", line 6 expr ::= LOAD_CODE (1) ^ IndentationError: unexpected indent;pylingual:not_run:"
cpython-38,data/rq3/cpython-3.8/unique_bug_pyc/cpython-38-53f6a7b34475.pyc,compile_failure,"Traceback (most recent call last): File ""<string>"", line 10, in <module> File ""data/rq4/source_candidates/cpython-38/cpython-38-53f6a7b34475/decompyle3.py"", line 6 expr ::= LOAD_CODE (1) ^ IndentationError: unexpected indent",crash,"signal_6:Fatal Python error: XXX block stack underflow Python runtime state: initialized Current thread 0x00007f917c6b1740 (most recent call first): File ""data/rq3/cpython-3.8/unittest_seeds/raw/cpython_case_test_inspect_TestRetrievingSourceCode_...",,"decompyle3:ok:;pylingual:error:────────────────────────────────────────────────────────────────────────────────────────────────────────────────────────────────────────────────────────────────────── ,ggggggggggg, ,gggg, dP""""""88""""""""""""Y8, d8"" ""8I ,dPYb, Yb, 88 `8b 88 ,dP...","decompyle3:exit_1:Traceback (most recent call last): File ""<string>"", line 10, in <module> File ""data/rq4/source_candidates/cpython-38/cpython-38-53f6a7b34475/decompyle3.py"", line 6 expr ::= LOAD_CODE (1) ^ IndentationError: unexpected indent;pylingual:not_run:"
cpython-38,data/rq3/cpython-3.8/unique_bug_pyc/cpython-38-55547475b2b6.pyc,compile_failure,"Traceback (most recent call last): File ""<string>"", line 10, in <module> File ""data/rq4/source_candidates/cpython-38/cpython-38-55547475b2b6/decompyle3.py"", line 6 expr ::= LOAD_CODE (1) ^ IndentationError: unexpected indent",crash,signal_11:,,"decompyle3:ok:;pylingual:error:────────────────────────────────────────────────────────────────────────────────────────────────────────────────────────────────────────────────────────────────────── ,ggggggggggg, ,gggg, dP""""""88""""""""""""Y8, d8"" ""8I ,dPYb, Yb, 88 `8b 88 ,dP...","decompyle3:exit_1:Traceback (most recent call last): File ""<string>"", line 10, in <module> File ""data/rq4/source_candidates/cpython-38/cpython-38-55547475b2b6/decompyle3.py"", line 6 expr ::= LOAD_CODE (1) ^ IndentationError: unexpected indent;pylingual:not_run:"
cpython-38,data/rq3/cpython-3.8/unique_bug_pyc/cpython-38-5ae2b60981c2.pyc,compile_failure,"Traceback (most recent call last): File ""<string>"", line 10, in <module> File ""data/rq4/source_candidates/cpython-38/cpython-38-5ae2b60981c2/decompyle3.py"", line 6 expr ::= LOAD_CODE (1) ^ IndentationError: unexpected indent",crash,"signal_6:Fatal Python error: XXX block stack overflow Python runtime state: initialized Current thread 0x0000789293917740 (most recent call first): File ""data/rq3/cpython-3.8/unittest_\\x81eeds/raw/cpython_case_test_contextlib_ContextManagerTestCa...",,"decompyle3:ok:;pylingual:error:────────────────────────────────────────────────────────────────────────────────────────────────────────────────────────────────────────────────────────────────────── ,ggggggggggg, ,gggg, dP""""""88""""""""""""Y8, d8"" ""8I ,dPYb, Yb, 88 `8b 88 ,dP...","decompyle3:exit_1:Traceback (most recent call last): File ""<string>"", line 10, in <module> File ""data/rq4/source_candidates/cpython-38/cpython-38-5ae2b60981c2/decompyle3.py"", line 6 expr ::= LOAD_CODE (1) ^ IndentationError: unexpected indent;pylingual:not_run:"
cpython-38,data/rq3/cpython-3.8/unique_bug_pyc/cpython-38-5e5346c1cf8a.pyc,no_source,"Traceback (most recent call last): File ""data/rq2/envs/cpython-38/bin/decompyle3"", line 8, in <module> sys.exit(main_bin()) File ""/root/PyBC-Sec/pybcSEC/data/rq2/envs/cpython-38/lib/python3.8/site-packages/click/core.py"", line 1161, in _...",crash,signal_11:,,"decompyle3:exit_1:Traceback (most recent call last): File ""data/rq2/envs/cpython-38/bin/decompyle3"", line 8, in <module> sys.exit(main_bin()) File ""/root/PyBC-Sec/pybcSEC/data/rq2/envs/cpython-38/lib/python3.8/site-packages/click/core.py"", line 1161, in _...;pylingual:error:────────────────────────────────────────────────────────────────────────────────────────────────────────────────────────────────────────────────────────────────────── ,ggggggggggg, ,gggg, dP""""""88""""""""""""Y8, d8"" ""8I ,dPYb, Yb, 88 `8b 88 ,dP...",decompyle3:not_run:;pylingual:not_run:
cpython-38,data/rq3/cpython-3.8/unique_bug_pyc/cpython-38-5fed7e6d958a.pyc,compile_failure,"Traceback (most recent call last): File ""<string>"", line 10, in <module> File ""data/rq4/source_candidates/cpython-38/cpython-38-5fed7e6d958a/decompyle3.py"", line 6 expr ::= LOAD_CODE (1) ^ IndentationError: unexpected indent",crash,signal_11:,,"decompyle3:ok:;pylingual:error:────────────────────────────────────────────────────────────────────────────────────────────────────────────────────────────────────────────────────────────────────── ,ggggggggggg, ,gggg, dP""""""88""""""""""""Y8, d8"" ""8I ,dPYb, Yb, 88 `8b 88 ,dP...","decompyle3:exit_1:Traceback (most recent call last): File ""<string>"", line 10, in <module> File ""data/rq4/source_candidates/cpython-38/cpython-38-5fed7e6d958a/decompyle3.py"", line 6 expr ::= LOAD_CODE (1) ^ IndentationError: unexpected indent;pylingual:not_run:"
cpython-38,data/rq3/cpython-3.8/unique_bug_pyc/cpython-38-6273a738710f.pyc,no_source,"Traceback (most recent call last): File ""data/rq2/envs/cpython-38/bin/decompyle3"", line 8, in <module> sys.exit(main_bin()) File ""/root/PyBC-Sec/pybcSEC/data/rq2/envs/cpython-38/lib/python3.8/site-packages/click/core.py"", line 1161, in _...",crash,signal_11:,,"decompyle3:exit_1:Traceback (most recent call last): File ""data/rq2/envs/cpython-38/bin/decompyle3"", line 8, in <module> sys.exit(main_bin()) File ""/root/PyBC-Sec/pybcSEC/data/rq2/envs/cpython-38/lib/python3.8/site-packages/click/core.py"", line 1161, in _...;pylingual:error:────────────────────────────────────────────────────────────────────────────────────────────────────────────────────────────────────────────────────────────────────── ,ggggggggggg, ,gggg, dP""""""88""""""""""""Y8, d8"" ""8I ,dPYb, Yb, 88 `8b 88 ,dP...",decompyle3:not_run:;pylingual:not_run:
cpython-38,data/rq3/cpython-3.8/unique_bug_pyc/cpython-38-6551fb46f713.pyc,compile_failure,"Traceback (most recent call last): File ""<string>"", line 10, in <module> File ""data/rq4/source_candidates/cpython-38/cpython-38-6551fb46f713/decompyle3.py"", line 6 expr ::= LOAD_CODE (1) ^ IndentationError: unexpected indent",crash,signal_11:,,"decompyle3:ok:;pylingual:error:────────────────────────────────────────────────────────────────────────────────────────────────────────────────────────────────────────────────────────────────────── ,ggggggggggg, ,gggg, dP""""""88""""""""""""Y8, d8"" ""8I ,dPYb, Yb, 88 `8b 88 ,dP...","decompyle3:exit_1:Traceback (most recent call last): File ""<string>"", line 10, in <module> File ""data/rq4/source_candidates/cpython-38/cpython-38-6551fb46f713/decompyle3.py"", line 6 expr ::= LOAD_CODE (1) ^ IndentationError: unexpected indent;pylingual:not_run:"
cpython-38,data/rq3/cpython-3.8/unique_bug_pyc/cpython-38-66f0f4fe0b84.pyc,compile_failure,"Traceback (most recent call last): File ""<string>"", line 10, in <module> File ""data/rq4/source_candidates/cpython-38/cpython-38-66f0f4fe0b84/decompyle3.py"", line 6 expr ::= LOAD_CODE (1) ^ IndentationError: unexpected indent",crash,signal_11:,,"decompyle3:ok:;pylingual:error:────────────────────────────────────────────────────────────────────────────────────────────────────────────────────────────────────────────────────────────────────── ,ggggggggggg, ,gggg, dP""""""88""""""""""""Y8, d8"" ""8I ,dPYb, Yb, 88 `8b 88 ,dP...","decompyle3:exit_1:Traceback (most recent call last): File ""<string>"", line 10, in <module> File ""data/rq4/source_candidates/cpython-38/cpython-38-66f0f4fe0b84/decompyle3.py"", line 6 expr ::= LOAD_CODE (1) ^ IndentationError: unexpected indent;pylingual:not_run:"
cpython-38,data/rq3/cpython-3.8/unique_bug_pyc/cpython-38-6b5e51e4cff1.pyc,unconfirmed,original bytecode status ok:,ok,,,"decompyle3:ok:;pylingual:error:────────────────────────────────────────────────────────────────────────────────────────────────────────────────────────────────────────────────────────────────────── ,ggggggggggg, ,gggg, dP""""""88""""""""""""Y8, d8"" ""8I ,dPYb, Yb, 88 `8b 88 ,dP...","decompyle3:exit_1:Traceback (most recent call last): File ""<string>"", line 10, in <module> File ""data/rq4/source_candidates/cpython-38/cpython-38-6b5e51e4cff1/decompyle3.py"", line 6 expr ::= LOAD_CODE (1) ^ IndentationError: unexpected indent;pylingual:not_run:"
cpython-38,data/rq3/cpython-3.8/unique_bug_pyc/cpython-38-6c06f9a11e31.pyc,compile_failure,"Traceback (most recent call last): File ""<string>"", line 10, in <module> File ""data/rq4/source_candidates/cpython-38/cpython-38-6c06f9a11e31/decompyle3.py"", line 6 expr ::= LOAD_CODE (1) ^ IndentationError: unexpected indent",crash,signal_11:,,"decompyle3:ok:;pylingual:error:────────────────────────────────────────────────────────────────────────────────────────────────────────────────────────────────────────────────────────────────────── ,ggggggggggg, ,gggg, dP""""""88""""""""""""Y8, d8"" ""8I ,dPYb, Yb, 88 `8b 88 ,dP...","decompyle3:exit_1:Traceback (most recent call last): File ""<string>"", line 10, in <module> File ""data/rq4/source_candidates/cpython-38/cpython-38-6c06f9a11e31/decompyle3.py"", line 6 expr ::= LOAD_CODE (1) ^ IndentationError: unexpected indent;pylingual:not_run:"
cpython-38,data/rq3/cpython-3.8/unique_bug_pyc/cpython-38-6de77a88335e.pyc,compile_failure,"Traceback (most recent call last): File ""<string>"", line 10, in <module> File ""data/rq4/source_candidates/cpython-38/cpython-38-6de77a88335e/decompyle3.py"", line 6 expr ::= LOAD_CODE (1) ^ IndentationError: unexpected indent",crash,signal_11:,,"decompyle3:ok:;pylingual:error:────────────────────────────────────────────────────────────────────────────────────────────────────────────────────────────────────────────────────────────────────── ,ggggggggggg, ,gggg, dP""""""88""""""""""""Y8, d8"" ""8I ,dPYb, Yb, 88 `8b 88 ,dP...","decompyle3:exit_1:Traceback (most recent call last): File ""<string>"", line 10, in <module> File ""data/rq4/source_candidates/cpython-38/cpython-38-6de77a88335e/decompyle3.py"", line 6 expr ::= LOAD_CODE (1) ^ IndentationError: unexpected indent;pylingual:not_run:"
cpython-38,data/rq3/cpython-3.8/unique_bug_pyc/cpython-38-6fb3d8ce888e.pyc,compile_failure,"Traceback (most recent call last): File ""<string>"", line 10, in <module> File ""data/rq4/source_candidates/cpython-38/cpython-38-6fb3d8ce888e/decompyle3.py"", line 6 expr ::= LOAD_CODE (1) ^ IndentationError: unexpected indent",crash,signal_11:,,"decompyle3:ok:;pylingual:error:────────────────────────────────────────────────────────────────────────────────────────────────────────────────────────────────────────────────────────────────────── ,ggggggggggg, ,gggg, dP""""""88""""""""""""Y8, d8"" ""8I ,dPYb, Yb, 88 `8b 88 ,dP...","decompyle3:exit_1:Traceback (most recent call last): File ""<string>"", line 10, in <module> File ""data/rq4/source_candidates/cpython-38/cpython-38-6fb3d8ce888e/decompyle3.py"", line 6 expr ::= LOAD_CODE (1) ^ IndentationError: unexpected indent;pylingual:not_run:"
cpython-38,data/rq3/cpython-3.8/unique_bug_pyc/cpython-38-6fc7c4e73992.pyc,no_source,"Traceback (most recent call last): File ""data/rq2/envs/cpython-38/bin/decompyle3"", line 8, in <module> sys.exit(main_bin()) File ""/root/PyBC-Sec/pybcSEC/data/rq2/envs/cpython-38/lib/python3.8/site-packages/click/core.py"", line 1161, in _...",exit_1,"XXX lineno: 11, opcode: 0 Traceback (most recent call last): File ""data/rq4/harness.py"", line 26, in <module> exec(code, namespace, namespace) File ""data/rq3/cpython-3.8/unittest_seeds/raw/cpython_case_test_argparse_TestAddArgumentMetava...",,"decompyle3:exit_1:Traceback (most recent call last): File ""data/rq2/envs/cpython-38/bin/decompyle3"", line 8, in <module> sys.exit(main_bin()) File ""/root/PyBC-Sec/pybcSEC/data/rq2/envs/cpython-38/lib/python3.8/site-packages/click/core.py"", line 1161, in _...;pylingual:error:────────────────────────────────────────────────────────────────────────────────────────────────────────────────────────────────────────────────────────────────────── ,ggggggggggg, ,gggg, dP""""""88""""""""""""Y8, d8"" ""8I ,dPYb, Yb, 88 `8b 88 ,dP...",decompyle3:not_run:;pylingual:not_run:
cpython-38,data/rq3/cpython-3.8/unique_bug_pyc/cpython-38-717ef7a927e1.pyc,no_source,"Traceback (most recent call last): File ""data/rq2/envs/cpython-38/bin/decompyle3"", line 8, in <module> sys.exit(main_bin()) File ""/root/PyBC-Sec/pybcSEC/data/rq2/envs/cpython-38/lib/python3.8/site-packages/click/core.py"", line 1161, in _...",crash,signal_11:,,"decompyle3:exit_1:Traceback (most recent call last): File ""data/rq2/envs/cpython-38/bin/decompyle3"", line 8, in <module> sys.exit(main_bin()) File ""/root/PyBC-Sec/pybcSEC/data/rq2/envs/cpython-38/lib/python3.8/site-packages/click/core.py"", line 1161, in _...;pylingual:error:────────────────────────────────────────────────────────────────────────────────────────────────────────────────────────────────────────────────────────────────────── ,ggggggggggg, ,gggg, dP""""""88""""""""""""Y8, d8"" ""8I ,dPYb, Yb, 88 `8b 88 ,dP...",decompyle3:not_run:;pylingual:not_run:
cpython-38,data/rq3/cpython-3.8/unique_bug_pyc/cpython-38-7335358966d6.pyc,compile_failure,"Traceback (most recent call last): File ""<string>"", line 10, in <module> File ""data/rq4/source_candidates/cpython-38/cpython-38-7335358966d6/decompyle3.py"", line 6 expr ::= LOAD_CODE (1) ^ IndentationError: unexpected indent",crash,signal_11:,,"decompyle3:ok:;pylingual:error:────────────────────────────────────────────────────────────────────────────────────────────────────────────────────────────────────────────────────────────────────── ,ggggggggggg, ,gggg, dP""""""88""""""""""""Y8, d8"" ""8I ,dPYb, Yb, 88 `8b 88 ,dP...","decompyle3:exit_1:Traceback (most recent call last): File ""<string>"", line 10, in <module> File ""data/rq4/source_candidates/cpython-38/cpython-38-7335358966d6/decompyle3.py"", line 6 expr ::= LOAD_CODE (1) ^ IndentationError: unexpected indent;pylingual:not_run:"
cpython-38,data/rq3/cpython-3.8/unique_bug_pyc/cpython-38-73580b33c58d.pyc,compile_failure,"Traceback (most recent call last): File ""<string>"", line 10, in <module> File ""data/rq4/source_candidates/cpython-38/cpython-38-73580b33c58d/decompyle3.py"", line 6 expr ::= LOAD_CODE (1) ^ IndentationError: unexpected indent",crash,signal_11:,,"decompyle3:ok:;pylingual:error:────────────────────────────────────────────────────────────────────────────────────────────────────────────────────────────────────────────────────────────────────── ,ggggggggggg, ,gggg, dP""""""88""""""""""""Y8, d8"" ""8I ,dPYb, Yb, 88 `8b 88 ,dP...","decompyle3:exit_1:Traceback (most recent call last): File ""<string>"", line 10, in <module> File ""data/rq4/source_candidates/cpython-38/cpython-38-73580b33c58d/decompyle3.py"", line 6 expr ::= LOAD_CODE (1) ^ IndentationError: unexpected indent;pylingual:not_run:"
cpython-38,data/rq3/cpython-3.8/unique_bug_pyc/cpython-38-74d96dc3cf62.pyc,no_source,timeout_after_600s,crash,signal_11:,,"decompyle3:timeout:timeout_after_600s;pylingual:error:────────────────────────────────────────────────────────────────────────────────────────────────────────────────────────────────────────────────────────────────────── ,ggggggggggg, ,gggg, dP""""""88""""""""""""Y8, d8"" ""8I ,dPYb, Yb, 88 `8b 88 ,dP...",decompyle3:not_run:;pylingual:not_run:
cpython-38,data/rq3/cpython-3.8/unique_bug_pyc/cpython-38-7566662ffbf6.pyc,compile_failure,"Traceback (most recent call last): File ""<string>"", line 10, in <module> File ""data/rq4/source_candidates/cpython-38/cpython-38-7566662ffbf6/decompyle3.py"", line 6 expr ::= LOAD_CODE (1) ^ IndentationError: unexpected indent",crash,signal_11:,,"decompyle3:ok:;pylingual:error:────────────────────────────────────────────────────────────────────────────────────────────────────────────────────────────────────────────────────────────────────── ,ggggggggggg, ,gggg, dP""""""88""""""""""""Y8, d8"" ""8I ,dPYb, Yb, 88 `8b 88 ,dP...","decompyle3:exit_1:Traceback (most recent call last): File ""<string>"", line 10, in <module> File ""data/rq4/source_candidates/cpython-38/cpython-38-7566662ffbf6/decompyle3.py"", line 6 expr ::= LOAD_CODE (1) ^ IndentationError: unexpected indent;pylingual:not_run:"
cpython-38,data/rq3/cpython-3.8/unique_bug_pyc/cpython-38-770a9e21632b.pyc,no_source,"Fatal Python error: non-string found in code slot Python runtime state: initialized Current thread 0x0000772639e04740 (most recent call first): File ""/root/PyBC-Sec/pybcSEC/data/rq2/envs/cpython-38/lib/python3.8/site-packages/xdis/load.p...",crash,"signal_6:Fatal Python error: non-string found in code slot Python runtime state: initialized Current thread 0x0000703b32922740 (most recent call first): File ""<frozen importlib._bootstrap_external>"", line 640 in _compile_bytecode File ""<frozen im...",,"decompyle3:exit_-6:Fatal Python error: non-string found in code slot Python runtime state: initialized Current thread 0x0000772639e04740 (most recent call first): File ""/root/PyBC-Sec/pybcSEC/data/rq2/envs/cpython-38/lib/python3.8/site-packages/xdis/load.p...;pylingual:error:────────────────────────────────────────────────────────────────────────────────────────────────────────────────────────────────────────────────────────────────────── ,ggggggggggg, ,gggg, dP""""""88""""""""""""Y8, d8"" ""8I ,dPYb, Yb, 88 `8b 88 ,dP...",decompyle3:not_run:;pylingual:not_run:
cpython-38,data/rq3/cpython-3.8/unique_bug_pyc/cpython-38-78d6803724f3.pyc,compile_failure,"Traceback (most recent call last): File ""<string>"", line 10, in <module> File ""data/rq4/source_candidates/cpython-38/cpython-38-78d6803724f3/decompyle3.py"", line 6 expr ::= LOAD_CODE (1) ^ IndentationError: unexpected indent",crash,signal_11:,,"decompyle3:ok:;pylingual:error:────────────────────────────────────────────────────────────────────────────────────────────────────────────────────────────────────────────────────────────────────── ,ggggggggggg, ,gggg, dP""""""88""""""""""""Y8, d8"" ""8I ,dPYb, Yb, 88 `8b 88 ,dP...","decompyle3:exit_1:Traceback (most recent call last): File ""<string>"", line 10, in <module> File ""data/rq4/source_candidates/cpython-38/cpython-38-78d6803724f3/decompyle3.py"", line 6 expr ::= LOAD_CODE (1) ^ IndentationError: unexpected indent;pylingual:not_run:"
cpython-38,data/rq3/cpython-3.8/unique_bug_pyc/cpython-38-793547593aaa.pyc,compile_failure,"Traceback (most recent call last): File ""<string>"", line 10, in <module> File ""data/rq4/source_candidates/cpython-38/cpython-38-793547593aaa/decompyle3.py"", line 7 -- Stacks of completed symbols: ^ SyntaxError: invalid syntax",crash,signal_11:,,"decompyle3:ok:;pylingual:error:────────────────────────────────────────────────────────────────────────────────────────────────────────────────────────────────────────────────────────────────────── ,ggggggggggg, ,gggg, dP""""""88""""""""""""Y8, d8"" ""8I ,dPYb, Yb, 88 `8b 88 ,dP...","decompyle3:exit_1:Traceback (most recent call last): File ""<string>"", line 10, in <module> File ""data/rq4/source_candidates/cpython-38/cpython-38-793547593aaa/decompyle3.py"", line 7 -- Stacks of completed symbols: ^ SyntaxError: invalid syntax;pylingual:not_run:"
cpython-38,data/rq3/cpython-3.8/unique_bug_pyc/cpython-38-7996683b49eb.pyc,compile_failure,"Traceback (most recent call last): File ""<string>"", line 10, in <module> File ""data/rq4/source_candidates/cpython-38/cpython-38-7996683b49eb/decompyle3.py"", line 6 expr ::= LOAD_CODE (1) ^ IndentationError: unexpected indent",crash,signal_11:,,"decompyle3:ok:;pylingual:error:────────────────────────────────────────────────────────────────────────────────────────────────────────────────────────────────────────────────────────────────────── ,ggggggggggg, ,gggg, dP""""""88""""""""""""Y8, d8"" ""8I ,dPYb, Yb, 88 `8b 88 ,dP...","decompyle3:exit_1:Traceback (most recent call last): File ""<string>"", line 10, in <module> File ""data/rq4/source_candidates/cpython-38/cpython-38-7996683b49eb/decompyle3.py"", line 6 expr ::= LOAD_CODE (1) ^ IndentationError: unexpected indent;pylingual:not_run:"
cpython-38,data/rq3/cpython-3.8/unique_bug_pyc/cpython-38-7b90ad31f7e8.pyc,no_source,"Traceback (most recent call last): File ""data/rq2/envs/cpython-38/bin/decompyle3"", line 8, in <module> sys.exit(main_bin()) File ""/root/PyBC-Sec/pybcSEC/data/rq2/envs/cpython-38/lib/python3.8/site-packages/click/core.py"", line 1161, in _...",crash,signal_11:,,"decompyle3:exit_1:Traceback (most recent call last): File ""data/rq2/envs/cpython-38/bin/decompyle3"", line 8, in <module> sys.exit(main_bin()) File ""/root/PyBC-Sec/pybcSEC/data/rq2/envs/cpython-38/lib/python3.8/site-packages/click/core.py"", line 1161, in _...;pylingual:error:────────────────────────────────────────────────────────────────────────────────────────────────────────────────────────────────────────────────────────────────────── ,ggggggggggg, ,gggg, dP""""""88""""""""""""Y8, d8"" ""8I ,dPYb, Yb, 88 `8b 88 ,dP...",decompyle3:not_run:;pylingual:not_run:
cpython-38,data/rq3/cpython-3.8/unique_bug_pyc/cpython-38-7da5aa3e5f8d.pyc,compile_failure,"Traceback (most recent call last): File ""<string>"", line 10, in <module> File ""data/rq4/source_candidates/cpython-38/cpython-38-7da5aa3e5f8d/decompyle3.py"", line 6 expr ::= LOAD_CODE (1) ^ IndentationError: unexpected indent",crash,signal_11:,,"decompyle3:ok:;pylingual:error:────────────────────────────────────────────────────────────────────────────────────────────────────────────────────────────────────────────────────────────────────── ,ggggggggggg, ,gggg, dP""""""88""""""""""""Y8, d8"" ""8I ,dPYb, Yb, 88 `8b 88 ,dP...","decompyle3:exit_1:Traceback (most recent call last): File ""<string>"", line 10, in <module> File ""data/rq4/source_candidates/cpython-38/cpython-38-7da5aa3e5f8d/decompyle3.py"", line 6 expr ::= LOAD_CODE (1) ^ IndentationError: unexpected indent;pylingual:not_run:"
cpython-38,data/rq3/cpython-3.8/unique_bug_pyc/cpython-38-80372b990fd5.pyc,compile_failure,"Traceback (most recent call last): File ""<string>"", line 10, in <module> File ""data/rq4/source_candidates/cpython-38/cpython-38-80372b990fd5/decompyle3.py"", line 6 expr ::= LOAD_CODE (1) ^ IndentationError: unexpected indent",crash,signal_11:,,"decompyle3:ok:;pylingual:error:────────────────────────────────────────────────────────────────────────────────────────────────────────────────────────────────────────────────────────────────────── ,ggggggggggg, ,gggg, dP""""""88""""""""""""Y8, d8"" ""8I ,dPYb, Yb, 88 `8b 88 ,dP...","decompyle3:exit_1:Traceback (most recent call last): File ""<string>"", line 10, in <module> File ""data/rq4/source_candidates/cpython-38/cpython-38-80372b990fd5/decompyle3.py"", line 6 expr ::= LOAD_CODE (1) ^ IndentationError: unexpected indent;pylingual:not_run:"
cpython-38,data/rq3/cpython-3.8/unique_bug_pyc/cpython-38-815e82a62d43.pyc,compile_failure,"Traceback (most recent call last): File ""<string>"", line 10, in <module> File ""data/rq4/source_candidates/cpython-38/cpython-38-815e82a62d43/decompyle3.py"", line 6 expr ::= LOAD_CODE (1) ^ IndentationError: unexpected indent",crash,signal_11:,,"decompyle3:ok:;pylingual:error:────────────────────────────────────────────────────────────────────────────────────────────────────────────────────────────────────────────────────────────────────── ,ggggggggggg, ,gggg, dP""""""88""""""""""""Y8, d8"" ""8I ,dPYb, Yb, 88 `8b 88 ,dP...","decompyle3:exit_1:Traceback (most recent call last): File ""<string>"", line 10, in <module> File ""data/rq4/source_candidates/cpython-38/cpython-38-815e82a62d43/decompyle3.py"", line 6 expr ::= LOAD_CODE (1) ^ IndentationError: unexpected indent;pylingual:not_run:"
cpython-38,data/rq3/cpython-3.8/unique_bug_pyc/cpython-38-81bcfd26a9f9.pyc,no_source,Unknown magic number 11605 in data/rq3/cpython-3.8/unique_bug_pyc/cpython-38-81bcfd26a9f9.pyc,crash,signal_11:,,"decompyle3:exit_2:Unknown magic number 11605 in data/rq3/cpython-3.8/unique_bug_pyc/cpython-38-81bcfd26a9f9.pyc;pylingual:error:────────────────────────────────────────────────────────────────────────────────────────────────────────────────────────────────────────────────────────────────────── ,ggggggggggg, ,gggg, dP""""""88""""""""""""Y8, d8"" ""8I ,dPYb, Yb, 88 `8b 88 ,dP...",decompyle3:not_run:;pylingual:not_run:
cpython-38,data/rq3/cpython-3.8/unique_bug_pyc/cpython-38-8300d10ad497.pyc,compile_failure,"Traceback (most recent call last): File ""<string>"", line 10, in <module> File ""data/rq4/source_candidates/cpython-38/cpython-38-8300d10ad497/decompyle3.py"", line 6 expr ::= LOAD_CODE (1) ^ IndentationError: unexpected indent",crash,signal_11:,,"decompyle3:ok:;pylingual:error:────────────────────────────────────────────────────────────────────────────────────────────────────────────────────────────────────────────────────────────────────── ,ggggggggggg, ,gggg, dP""""""88""""""""""""Y8, d8"" ""8I ,dPYb, Yb, 88 `8b 88 ,dP...","decompyle3:exit_1:Traceback (most recent call last): File ""<string>"", line 10, in <module> File ""data/rq4/source_candidates/cpython-38/cpython-38-8300d10ad497/decompyle3.py"", line 6 expr ::= LOAD_CODE (1) ^ IndentationError: unexpected indent;pylingual:not_run:"
cpython-38,data/rq3/cpython-3.8/unique_bug_pyc/cpython-38-841855c41b4b.pyc,compile_failure,"Traceback (most recent call last): File ""<string>"", line 10, in <module> File ""data/rq4/source_candidates/cpython-38/cpython-38-841855c41b4b/decompyle3.py"", line 6 expr ::= LOAD_CODE (1) ^ IndentationError: unexpected indent",crash,signal_11:,,"decompyle3:ok:;pylingual:error:────────────────────────────────────────────────────────────────────────────────────────────────────────────────────────────────────────────────────────────────────── ,ggggggggggg, ,gggg, dP""""""88""""""""""""Y8, d8"" ""8I ,dPYb, Yb, 88 `8b 88 ,dP...","decompyle3:exit_1:Traceback (most recent call last): File ""<string>"", line 10, in <module> File ""data/rq4/source_candidates/cpython-38/cpython-38-841855c41b4b/decompyle3.py"", line 6 expr ::= LOAD_CODE (1) ^ IndentationError: unexpected indent;pylingual:not_run:"
cpython-38,data/rq3/cpython-3.8/unique_bug_pyc/cpython-38-84fc1dfbcb1d.pyc,compile_failure,"Traceback (most recent call last): File ""<string>"", line 10, in <module> File ""data/rq4/source_candidates/cpython-38/cpython-38-84fc1dfbcb1d/decompyle3.py"", line 6 expr ::= LOAD_CODE (1) ^ IndentationError: unexpected indent",crash,signal_11:,,"decompyle3:ok:;pylingual:error:────────────────────────────────────────────────────────────────────────────────────────────────────────────────────────────────────────────────────────────────────── ,ggggggggggg, ,gggg, dP""""""88""""""""""""Y8, d8"" ""8I ,dPYb, Yb, 88 `8b 88 ,dP...","decompyle3:exit_1:Traceback (most recent call last): File ""<string>"", line 10, in <module> File ""data/rq4/source_candidates/cpython-38/cpython-38-84fc1dfbcb1d/decompyle3.py"", line 6 expr ::= LOAD_CODE (1) ^ IndentationError: unexpected indent;pylingual:not_run:"
cpython-38,data/rq3/cpython-3.8/unique_bug_pyc/cpython-38-8757a6d804b7.pyc,compile_failure,"Traceback (most recent call last): File ""<string>"", line 10, in <module> File ""data/rq4/source_candidates/cpython-38/cpython-38-8757a6d804b7/decompyle3.py"", line 6 expr ::= LOAD_CODE (1) ^ IndentationError: unexpected indent",crash,signal_11:,,"decompyle3:ok:;pylingual:error:────────────────────────────────────────────────────────────────────────────────────────────────────────────────────────────────────────────────────────────────────── ,ggggggggggg, ,gggg, dP""""""88""""""""""""Y8, d8"" ""8I ,dPYb, Yb, 88 `8b 88 ,dP...","decompyle3:exit_1:Traceback (most recent call last): File ""<string>"", line 10, in <module> File ""data/rq4/source_candidates/cpython-38/cpython-38-8757a6d804b7/decompyle3.py"", line 6 expr ::= LOAD_CODE (1) ^ IndentationError: unexpected indent;pylingual:not_run:"
cpython-38,data/rq3/cpython-3.8/unique_bug_pyc/cpython-38-886323b36fb5.pyc,compile_failure,"Traceback (most recent call last): File ""<string>"", line 10, in <module> File ""data/rq4/source_candidates/cpython-38/cpython-38-886323b36fb5/decompyle3.py"", line 6 expr ::= LOAD_CODE (1) ^ IndentationError: unexpected indent",crash,signal_11:,,"decompyle3:ok:;pylingual:error:────────────────────────────────────────────────────────────────────────────────────────────────────────────────────────────────────────────────────────────────────── ,ggggggggggg, ,gggg, dP""""""88""""""""""""Y8, d8"" ""8I ,dPYb, Yb, 88 `8b 88 ,dP...","decompyle3:exit_1:Traceback (most recent call last): File ""<string>"", line 10, in <module> File ""data/rq4/source_candidates/cpython-38/cpython-38-886323b36fb5/decompyle3.py"", line 6 expr ::= LOAD_CODE (1) ^ IndentationError: unexpected indent;pylingual:not_run:"
cpython-38,data/rq3/cpython-3.8/unique_bug_pyc/cpython-38-893af7e18376.pyc,compile_failure,"Traceback (most recent call last): File ""<string>"", line 10, in <module> File ""data/rq4/source_candidates/cpython-38/cpython-38-893af7e18376/decompyle3.py"", line 6 expr ::= LOAD_CODE (1) ^ IndentationError: unexpected indent",crash,signal_11:,,"decompyle3:ok:;pylingual:error:────────────────────────────────────────────────────────────────────────────────────────────────────────────────────────────────────────────────────────────────────── ,ggggggggggg, ,gggg, dP""""""88""""""""""""Y8, d8"" ""8I ,dPYb, Yb, 88 `8b 88 ,dP...","decompyle3:exit_1:Traceback (most recent call last): File ""<string>"", line 10, in <module> File ""data/rq4/source_candidates/cpython-38/cpython-38-893af7e18376/decompyle3.py"", line 6 expr ::= LOAD_CODE (1) ^ IndentationError: unexpected indent;pylingual:not_run:"
cpython-38,data/rq3/cpython-3.8/unique_bug_pyc/cpython-38-8c725bdab8e8.pyc,compile_failure,"Traceback (most recent call last): File ""<string>"", line 10, in <module> File ""data/rq4/source_candidates/cpython-38/cpython-38-8c725bdab8e8/decompyle3.py"", line 6 expr ::= LOAD_CODE (1) ^ IndentationError: unexpected indent",crash,signal_11:,,"decompyle3:ok:;pylingual:error:────────────────────────────────────────────────────────────────────────────────────────────────────────────────────────────────────────────────────────────────────── ,ggggggggggg, ,gggg, dP""""""88""""""""""""Y8, d8"" ""8I ,dPYb, Yb, 88 `8b 88 ,dP...","decompyle3:exit_1:Traceback (most recent call last): File ""<string>"", line 10, in <module> File ""data/rq4/source_candidates/cpython-38/cpython-38-8c725bdab8e8/decompyle3.py"", line 6 expr ::= LOAD_CODE (1) ^ IndentationError: unexpected indent;pylingual:not_run:"
cpython-38,data/rq3/cpython-3.8/unique_bug_pyc/cpython-38-900ad152fb75.pyc,behavior_divergence,source-derived bytecode behavior diverged: ok,crash,signal_11:,,"decompyle3:ok:;pylingual:error:────────────────────────────────────────────────────────────────────────────────────────────────────────────────────────────────────────────────────────────────────── ,ggggggggggg, ,gggg, dP""""""88""""""""""""Y8, d8"" ""8I ,dPYb, Yb, 88 `8b 88 ,dP...",decompyle3:ok:;pylingual:not_run:
cpython-38,data/rq3/cpython-3.8/unique_bug_pyc/cpython-38-938f003d8af4.pyc,compile_failure,"Traceback (most recent call last): File ""<string>"", line 10, in <module> File ""data/rq4/source_candidates/cpython-38/cpython-38-938f003d8af4/decompyle3.py"", line 6 expr ::= LOAD_CODE (1) ^ IndentationError: unexpected indent",crash,signal_11:,,"decompyle3:ok:;pylingual:error:────────────────────────────────────────────────────────────────────────────────────────────────────────────────────────────────────────────────────────────────────── ,ggggggggggg, ,gggg, dP""""""88""""""""""""Y8, d8"" ""8I ,dPYb, Yb, 88 `8b 88 ,dP...","decompyle3:exit_1:Traceback (most recent call last): File ""<string>"", line 10, in <module> File ""data/rq4/source_candidates/cpython-38/cpython-38-938f003d8af4/decompyle3.py"", line 6 expr ::= LOAD_CODE (1) ^ IndentationError: unexpected indent;pylingual:not_run:"
cpython-38,data/rq3/cpython-3.8/unique_bug_pyc/cpython-38-9556344e34d4.pyc,compile_failure,"Traceback (most recent call last): File ""<string>"", line 10, in <module> File ""data/rq4/source_candidates/cpython-38/cpython-38-9556344e34d4/decompyle3.py"", line 6 expr ::= LOAD_CODE (1) ^ IndentationError: unexpected indent",crash,signal_11:,,"decompyle3:ok:;pylingual:error:────────────────────────────────────────────────────────────────────────────────────────────────────────────────────────────────────────────────────────────────────── ,ggggggggggg, ,gggg, dP""""""88""""""""""""Y8, d8"" ""8I ,dPYb, Yb, 88 `8b 88 ,dP...","decompyle3:exit_1:Traceback (most recent call last): File ""<string>"", line 10, in <module> File ""data/rq4/source_candidates/cpython-38/cpython-38-9556344e34d4/decompyle3.py"", line 6 expr ::= LOAD_CODE (1) ^ IndentationError: unexpected indent;pylingual:not_run:"
cpython-38,data/rq3/cpython-3.8/unique_bug_pyc/cpython-38-97ab55a08403.pyc,compile_failure,"Traceback (most recent call last): File ""<string>"", line 10, in <module> File ""data/rq4/source_candidates/cpython-38/cpython-38-97ab55a08403/decompyle3.py"", line 6 expr ::= LOAD_CODE (1) ^ IndentationError: unexpected indent",crash,signal_11:,,"decompyle3:ok:;pylingual:error:────────────────────────────────────────────────────────────────────────────────────────────────────────────────────────────────────────────────────────────────────── ,ggggggggggg, ,gggg, dP""""""88""""""""""""Y8, d8"" ""8I ,dPYb, Yb, 88 `8b 88 ,dP...","decompyle3:exit_1:Traceback (most recent call last): File ""<string>"", line 10, in <module> File ""data/rq4/source_candidates/cpython-38/cpython-38-97ab55a08403/decompyle3.py"", line 6 expr ::= LOAD_CODE (1) ^ IndentationError: unexpected indent;pylingual:not_run:"
cpython-38,data/rq3/cpython-3.8/unique_bug_pyc/cpython-38-9a9fb65de558.pyc,no_source,"Traceback (most recent call last): File ""data/rq2/envs/cpython-38/bin/decompyle3"", line 8, in <module> sys.exit(main_bin()) File ""/root/PyBC-Sec/pybcSEC/data/rq2/envs/cpython-38/lib/python3.8/site-packages/click/core.py"", line 1161, in _...",crash,signal_11:,,"decompyle3:exit_1:Traceback (most recent call last): File ""data/rq2/envs/cpython-38/bin/decompyle3"", line 8, in <module> sys.exit(main_bin()) File ""/root/PyBC-Sec/pybcSEC/data/rq2/envs/cpython-38/lib/python3.8/site-packages/click/core.py"", line 1161, in _...;pylingual:error:────────────────────────────────────────────────────────────────────────────────────────────────────────────────────────────────────────────────────────────────────── ,ggggggggggg, ,gggg, dP""""""88""""""""""""Y8, d8"" ""8I ,dPYb, Yb, 88 `8b 88 ,dP...",decompyle3:not_run:;pylingual:not_run:
cpython-38,data/rq3/cpython-3.8/unique_bug_pyc/cpython-38-9f3469545052.pyc,compile_failure,"Traceback (most recent call last): File ""<string>"", line 10, in <module> File ""data/rq4/source_candidates/cpython-38/cpython-38-9f3469545052/decompyle3.py"", line 6 expr ::= LOAD_CODE (1) ^ IndentationError: unexpected indent",crash,signal_11:,,"decompyle3:ok:;pylingual:error:────────────────────────────────────────────────────────────────────────────────────────────────────────────────────────────────────────────────────────────────────── ,ggggggggggg, ,gggg, dP""""""88""""""""""""Y8, d8"" ""8I ,dPYb, Yb, 88 `8b 88 ,dP...","decompyle3:exit_1:Traceback (most recent call last): File ""<string>"", line 10, in <module> File ""data/rq4/source_candidates/cpython-38/cpython-38-9f3469545052/decompyle3.py"", line 6 expr ::= LOAD_CODE (1) ^ IndentationError: unexpected indent;pylingual:not_run:"
cpython-38,data/rq3/cpython-3.8/unique_bug_pyc/cpython-38-a3f6eddbacd6.pyc,compile_failure,"Traceback (most recent call last): File ""<string>"", line 10, in <module> File ""data/rq4/source_candidates/cpython-38/cpython-38-a3f6eddbacd6/decompyle3.py"", line 6 expr ::= LOAD_CODE (1) ^ IndentationError: unexpected indent",exit_1,"Traceback (most recent call last): File ""data/rq4/harness.py"", line 29, in <module> result = target() File ""data/rq3/cpython-3.8/unidtest_seeds/raw/cpython_case_test_typing_CollectionsAbcTests_test_dict.py"", line 8, in __pybcsec_seed__ A...",,"decompyle3:ok:;pylingual:error:────────────────────────────────────────────────────────────────────────────────────────────────────────────────────────────────────────────────────────────────────── ,ggggggggggg, ,gggg, dP""""""88""""""""""""Y8, d8"" ""8I ,dPYb, Yb, 88 `8b 88 ,dP...","decompyle3:exit_1:Traceback (most recent call last): File ""<string>"", line 10, in <module> File ""data/rq4/source_candidates/cpython-38/cpython-38-a3f6eddbacd6/decompyle3.py"", line 6 expr ::= LOAD_CODE (1) ^ IndentationError: unexpected indent;pylingual:not_run:"
cpython-38,data/rq3/cpython-3.8/unique_bug_pyc/cpython-38-a4c49563c42f.pyc,compile_failure,"Traceback (most recent call last): File ""<string>"", line 10, in <module> File ""data/rq4/source_candidates/cpython-38/cpython-38-a4c49563c42f/decompyle3.py"", line 6 expr ::= LOAD_CODE (1) ^ IndentationError: unexpected indent",crash,signal_11:,,"decompyle3:ok:;pylingual:error:────────────────────────────────────────────────────────────────────────────────────────────────────────────────────────────────────────────────────────────────────── ,ggggggggggg, ,gggg, dP""""""88""""""""""""Y8, d8"" ""8I ,dPYb, Yb, 88 `8b 88 ,dP...","decompyle3:exit_1:Traceback (most recent call last): File ""<string>"", line 10, in <module> File ""data/rq4/source_candidates/cpython-38/cpython-38-a4c49563c42f/decompyle3.py"", line 6 expr ::= LOAD_CODE (1) ^ IndentationError: unexpected indent;pylingual:not_run:"
cpython-38,data/rq3/cpython-3.8/unique_bug_pyc/cpython-38-a6ca3295e09c.pyc,compile_failure,"Traceback (most recent call last): File ""<string>"", line 10, in <module> File ""data/rq4/source_candidates/cpython-38/cpython-38-a6ca3295e09c/decompyle3.py"", line 6 expr ::= LOAD_CODE (1) ^ IndentationError: unexpected indent",crash,signal_11:,,"decompyle3:ok:;pylingual:error:────────────────────────────────────────────────────────────────────────────────────────────────────────────────────────────────────────────────────────────────────── ,ggggggggggg, ,gggg, dP""""""88""""""""""""Y8, d8"" ""8I ,dPYb, Yb, 88 `8b 88 ,dP...","decompyle3:exit_1:Traceback (most recent call last): File ""<string>"", line 10, in <module> File ""data/rq4/source_candidates/cpython-38/cpython-38-a6ca3295e09c/decompyle3.py"", line 6 expr ::= LOAD_CODE (1) ^ IndentationError: unexpected indent;pylingual:not_run:"
cpython-38,data/rq3/cpython-3.8/unique_bug_pyc/cpython-38-ab31090f1182.pyc,compile_failure,"Traceback (most recent call last): File ""<string>"", line 10, in <module> File ""data/rq4/source_candidates/cpython-38/cpython-38-ab31090f1182/decompyle3.py"", line 6 expr ::= LOAD_CODE (1) ^ IndentationError: unexpected indent",exit_1,"Traceback (most recent call last): File ""data/rq4/harness.py"", line 29, in <module> result = target() File ""data/rq3/cpython-3.8/unittest_seeds/raw/cpython_case_test_long_LongTest_test_to_bytes.py"", line 16, in __pybcsec_seed__ check(tes...",,"decompyle3:ok:;pylingual:error:────────────────────────────────────────────────────────────────────────────────────────────────────────────────────────────────────────────────────────────────────── ,ggggggggggg, ,gggg, dP""""""88""""""""""""Y8, d8"" ""8I ,dPYb, Yb, 88 `8b 88 ,dP...","decompyle3:exit_1:Traceback (most recent call last): File ""<string>"", line 10, in <module> File ""data/rq4/source_candidates/cpython-38/cpython-38-ab31090f1182/decompyle3.py"", line 6 expr ::= LOAD_CODE (1) ^ IndentationError: unexpected indent;pylingual:not_run:"
cpython-38,data/rq3/cpython-3.8/unique_bug_pyc/cpython-38-ad04dd028214.pyc,compile_failure,"Traceback (most recent call last): File ""<string>"", line 10, in <module> File ""data/rq4/source_candidates/cpython-38/cpython-38-ad04dd028214/decompyle3.py"", line 6 expr ::= LOAD_CODE (1) ^ IndentationError: unexpected indent",crash,signal_11:,,"decompyle3:ok:;pylingual:error:────────────────────────────────────────────────────────────────────────────────────────────────────────────────────────────────────────────────────────────────────── ,ggggggggggg, ,gggg, dP""""""88""""""""""""Y8, d8"" ""8I ,dPYb, Yb, 88 `8b 88 ,dP...","decompyle3:exit_1:Traceback (most recent call last): File ""<string>"", line 10, in <module> File ""data/rq4/source_candidates/cpython-38/cpython-38-ad04dd028214/decompyle3.py"", line 6 expr ::= LOAD_CODE (1) ^ IndentationError: unexpected indent;pylingual:not_run:"
cpython-38,data/rq3/cpython-3.8/unique_bug_pyc/cpython-38-ad4d26a34a5f.pyc,compile_failure,"Traceback (most recent call last): File ""<string>"", line 10, in <module> File ""data/rq4/source_candidates/cpython-38/cpython-38-ad4d26a34a5f/decompyle3.py"", line 6 expr ::= LOAD_CODE (1) ^ IndentationError: unexpected indent",crash,signal_11:,,"decompyle3:ok:;pylingual:error:────────────────────────────────────────────────────────────────────────────────────────────────────────────────────────────────────────────────────────────────────── ,ggggggggggg, ,gggg, dP""""""88""""""""""""Y8, d8"" ""8I ,dPYb, Yb, 88 `8b 88 ,dP...","decompyle3:exit_1:Traceback (most recent call last): File ""<string>"", line 10, in <module> File ""data/rq4/source_candidates/cpython-38/cpython-38-ad4d26a34a5f/decompyle3.py"", line 6 expr ::= LOAD_CODE (1) ^ IndentationError: unexpected indent;pylingual:not_run:"
cpython-38,data/rq3/cpython-3.8/unique_bug_pyc/cpython-38-ad5da279dcbc.pyc,compile_failure,"Traceback (most recent call last): File ""<string>"", line 10, in <module> File ""data/rq4/source_candidates/cpython-38/cpython-38-ad5da279dcbc/decompyle3.py"", line 6 expr ::= LOAD_CODE (1) ^ IndentationError: unexpected indent",crash,"signal_6:XXX lineno: 9, opcode: 0 Traceback (most recent call last): File ""data/rq4/harness.py"", line 29, in <module> result = target() File ""data/rq3/cpython-3.8/unittest_seeds/raw/cpython_case_test_compile_TestSpecifics_test_annotation_limit.py...",,"decompyle3:ok:;pylingual:error:────────────────────────────────────────────────────────────────────────────────────────────────────────────────────────────────────────────────────────────────────── ,ggggggggggg, ,gggg, dP""""""88""""""""""""Y8, d8"" ""8I ,dPYb, Yb, 88 `8b 88 ,dP...","decompyle3:exit_1:Traceback (most recent call last): File ""<string>"", line 10, in <module> File ""data/rq4/source_candidates/cpython-38/cpython-38-ad5da279dcbc/decompyle3.py"", line 6 expr ::= LOAD_CODE (1) ^ IndentationError: unexpected indent;pylingual:not_run:"
cpython-38,data/rq3/cpython-3.8/unique_bug_pyc/cpython-38-b09b661e70f3.pyc,compile_failure,"Traceback (most recent call last): File ""<string>"", line 10, in <module> File ""data/rq4/source_candidates/cpython-38/cpython-38-b09b661e70f3/decompyle3.py"", line 6 expr ::= LOAD_CODE (1) ^ IndentationError: unexpected indent",crash,signal_11:,,"decompyle3:ok:;pylingual:error:────────────────────────────────────────────────────────────────────────────────────────────────────────────────────────────────────────────────────────────────────── ,ggggggggggg, ,gggg, dP""""""88""""""""""""Y8, d8"" ""8I ,dPYb, Yb, 88 `8b 88 ,dP...","decompyle3:exit_1:Traceback (most recent call last): File ""<string>"", line 10, in <module> File ""data/rq4/source_candidates/cpython-38/cpython-38-b09b661e70f3/decompyle3.py"", line 6 expr ::= LOAD_CODE (1) ^ IndentationError: unexpected indent;pylingual:not_run:"
cpython-38,data/rq3/cpython-3.8/unique_bug_pyc/cpython-38-b0c2992e0f7d.pyc,no_source,"Traceback (most recent call last): File ""data/rq2/envs/cpython-38/bin/decompyle3"", line 8, in <module> sys.exit(main_bin()) File ""/root/PyBC-Sec/pybcSEC/data/rq2/envs/cpython-38/lib/python3.8/site-packages/click/core.py"", line 1161, in _...",crash,signal_11:,,"decompyle3:exit_1:Traceback (most recent call last): File ""data/rq2/envs/cpython-38/bin/decompyle3"", line 8, in <module> sys.exit(main_bin()) File ""/root/PyBC-Sec/pybcSEC/data/rq2/envs/cpython-38/lib/python3.8/site-packages/click/core.py"", line 1161, in _...;pylingual:error:────────────────────────────────────────────────────────────────────────────────────────────────────────────────────────────────────────────────────────────────────── ,ggggggggggg, ,gggg, dP""""""88""""""""""""Y8, d8"" ""8I ,dPYb, Yb, 88 `8b 88 ,dP...",decompyle3:not_run:;pylingual:not_run:
cpython-38,data/rq3/cpython-3.8/unique_bug_pyc/cpython-38-b2e0276d86d8.pyc,compile_failure,"Traceback (most recent call last): File ""<string>"", line 10, in <module> File ""data/rq4/source_candidates/cpython-38/cpython-38-b2e0276d86d8/decompyle3.py"", line 6 expr ::= LOAD_CODE (1) ^ IndentationError: unexpected indent",crash,signal_11:,,"decompyle3:ok:;pylingual:error:────────────────────────────────────────────────────────────────────────────────────────────────────────────────────────────────────────────────────────────────────── ,ggggggggggg, ,gggg, dP""""""88""""""""""""Y8, d8"" ""8I ,dPYb, Yb, 88 `8b 88 ,dP...","decompyle3:exit_1:Traceback (most recent call last): File ""<string>"", line 10, in <module> File ""data/rq4/source_candidates/cpython-38/cpython-38-b2e0276d86d8/decompyle3.py"", line 6 expr ::= LOAD_CODE (1) ^ IndentationError: unexpected indent;pylingual:not_run:"
cpython-38,data/rq3/cpython-3.8/unique_bug_pyc/cpython-38-b7bd807aa2e6.pyc,no_source,Unknown magic number 0 in data/rq3/cpython-3.8/unique_bug_pyc/cpython-38-b7bd807aa2e6.pyc,crash,signal_11:,,"decompyle3:exit_2:Unknown magic number 0 in data/rq3/cpython-3.8/unique_bug_pyc/cpython-38-b7bd807aa2e6.pyc;pylingual:error:────────────────────────────────────────────────────────────────────────────────────────────────────────────────────────────────────────────────────────────────────── ,ggggggggggg, ,gggg, dP""""""88""""""""""""Y8, d8"" ""8I ,dPYb, Yb, 88 `8b 88 ,dP...",decompyle3:not_run:;pylingual:not_run:
cpython-38,data/rq3/cpython-3.8/unique_bug_pyc/cpython-38-b7dde4e5920e.pyc,compile_failure,"Traceback (most recent call last): File ""<string>"", line 10, in <module> File ""data/rq4/source_candidates/cpython-38/cpython-38-b7dde4e5920e/decompyle3.py"", line 6 expr ::= LOAD_CODE (1) ^ IndentationError: unexpected indent",crash,signal_11:,,"decompyle3:ok:;pylingual:error:────────────────────────────────────────────────────────────────────────────────────────────────────────────────────────────────────────────────────────────────────── ,ggggggggggg, ,gggg, dP""""""88""""""""""""Y8, d8"" ""8I ,dPYb, Yb, 88 `8b 88 ,dP...","decompyle3:exit_1:Traceback (most recent call last): File ""<string>"", line 10, in <module> File ""data/rq4/source_candidates/cpython-38/cpython-38-b7dde4e5920e/decompyle3.py"", line 6 expr ::= LOAD_CODE (1) ^ IndentationError: unexpected indent;pylingual:not_run:"
cpython-38,data/rq3/cpython-3.8/unique_bug_pyc/cpython-38-ba15f27986b7.pyc,compile_failure,"Traceback (most recent call last): File ""<string>"", line 10, in <module> File ""data/rq4/source_candidates/cpython-38/cpython-38-ba15f27986b7/decompyle3.py"", line 7 -- Stacks of completed symbols: ^ SyntaxError: invalid syntax",crash,signal_11:,,"decompyle3:ok:;pylingual:error:────────────────────────────────────────────────────────────────────────────────────────────────────────────────────────────────────────────────────────────────────── ,ggggggggggg, ,gggg, dP""""""88""""""""""""Y8, d8"" ""8I ,dPYb, Yb, 88 `8b 88 ,dP...","decompyle3:exit_1:Traceback (most recent call last): File ""<string>"", line 10, in <module> File ""data/rq4/source_candidates/cpython-38/cpython-38-ba15f27986b7/decompyle3.py"", line 7 -- Stacks of completed symbols: ^ SyntaxError: invalid syntax;pylingual:not_run:"
cpython-38,data/rq3/cpython-3.8/unique_bug_pyc/cpython-38-bdad017e586b.pyc,compile_failure,"Traceback (most recent call last): File ""<string>"", line 10, in <module> File ""data/rq4/source_candidates/cpython-38/cpython-38-bdad017e586b/decompyle3.py"", line 6 expr ::= LOAD_CODE (1) ^ IndentationError: unexpected indent",exit_1,"Traceback (most recent call last): File ""data/rq4/harness.py"", line 29, in <module> result = target() File ""data/rq3/cpython-3.8/unittest_seeds/raw/cpython_case_test_asyncgen_AsyncGenTest_test_async_gen_api_01.py"", line 12, in __pybcsec_...",,"decompyle3:ok:;pylingual:error:────────────────────────────────────────────────────────────────────────────────────────────────────────────────────────────────────────────────────────────────────── ,ggggggggggg, ,gggg, dP""""""88""""""""""""Y8, d8"" ""8I ,dPYb, Yb, 88 `8b 88 ,dP...","decompyle3:exit_1:Traceback (most recent call last): File ""<string>"", line 10, in <module> File ""data/rq4/source_candidates/cpython-38/cpython-38-bdad017e586b/decompyle3.py"", line 6 expr ::= LOAD_CODE (1) ^ IndentationError: unexpected indent;pylingual:not_run:"
cpython-38,data/rq3/cpython-3.8/unique_bug_pyc/cpython-38-c18f3ce00206.pyc,no_source,"Traceback (most recent call last): File ""data/rq2/envs/cpython-38/bin/decompyle3"", line 8, in <module> sys.exit(main_bin()) File ""/root/PyBC-Sec/pybcSEC/data/rq2/envs/cpython-38/lib/python3.8/site-packages/click/core.py"", line 1161, in _...",crash,signal_11:,,"decompyle3:exit_1:Traceback (most recent call last): File ""data/rq2/envs/cpython-38/bin/decompyle3"", line 8, in <module> sys.exit(main_bin()) File ""/root/PyBC-Sec/pybcSEC/data/rq2/envs/cpython-38/lib/python3.8/site-packages/click/core.py"", line 1161, in _...;pylingual:error:────────────────────────────────────────────────────────────────────────────────────────────────────────────────────────────────────────────────────────────────────── ,ggggggggggg, ,gggg, dP""""""88""""""""""""Y8, d8"" ""8I ,dPYb, Yb, 88 `8b 88 ,dP...",decompyle3:not_run:;pylingual:not_run:
cpython-38,data/rq3/cpython-3.8/unique_bug_pyc/cpython-38-c2fa264aa16f.pyc,no_source,"Traceback (most recent call last): File ""data/rq2/envs/cpython-38/bin/decompyle3"", line 8, in <module> sys.exit(main_bin()) File ""/root/PyBC-Sec/pybcSEC/data/rq2/envs/cpython-38/lib/python3.8/site-packages/click/core.py"", line 1161, in _...",crash,signal_11:,,"decompyle3:exit_1:Traceback (most recent call last): File ""data/rq2/envs/cpython-38/bin/decompyle3"", line 8, in <module> sys.exit(main_bin()) File ""/root/PyBC-Sec/pybcSEC/data/rq2/envs/cpython-38/lib/python3.8/site-packages/click/core.py"", line 1161, in _...;pylingual:error:────────────────────────────────────────────────────────────────────────────────────────────────────────────────────────────────────────────────────────────────────── ,ggggggggggg, ,gggg, dP""""""88""""""""""""Y8, d8"" ""8I ,dPYb, Yb, 88 `8b 88 ,dP...",decompyle3:not_run:;pylingual:not_run:
cpython-38,data/rq3/cpython-3.8/unique_bug_pyc/cpython-38-c3f33ace70df.pyc,compile_failure,"Traceback (most recent call last): File ""<string>"", line 10, in <module> File ""data/rq4/source_candidates/cpython-38/cpython-38-c3f33ace70df/decompyle3.py"", line 6 expr ::= LOAD_CODE (1) ^ IndentationError: unexpected indent",crash,signal_11:,,"decompyle3:ok:;pylingual:error:────────────────────────────────────────────────────────────────────────────────────────────────────────────────────────────────────────────────────────────────────── ,ggggggggggg, ,gggg, dP""""""88""""""""""""Y8, d8"" ""8I ,dPYb, Yb, 88 `8b 88 ,dP...","decompyle3:exit_1:Traceback (most recent call last): File ""<string>"", line 10, in <module> File ""data/rq4/source_candidates/cpython-38/cpython-38-c3f33ace70df/decompyle3.py"", line 6 expr ::= LOAD_CODE (1) ^ IndentationError: unexpected indent;pylingual:not_run:"
cpython-38,data/rq3/cpython-3.8/unique_bug_pyc/cpython-38-c465064c83d7.pyc,compile_failure,"Traceback (most recent call last): File ""<string>"", line 10, in <module> ValueError: source code string cannot contain null bytes",crash,signal_11:,,"decompyle3:ok:;pylingual:error:────────────────────────────────────────────────────────────────────────────────────────────────────────────────────────────────────────────────────────────────────── ,ggggggggggg, ,gggg, dP""""""88""""""""""""Y8, d8"" ""8I ,dPYb, Yb, 88 `8b 88 ,dP...","decompyle3:exit_1:Traceback (most recent call last): File ""<string>"", line 10, in <module> ValueError: source code string cannot contain null bytes;pylingual:not_run:"
cpython-38,data/rq3/cpython-3.8/unique_bug_pyc/cpython-38-c8d67b905643.pyc,compile_failure,"Traceback (most recent call last): File ""<string>"", line 10, in <module> File ""data/rq4/source_candidates/cpython-38/cpython-38-c8d67b905643/decompyle3.py"", line 6 expr ::= LOAD_CODE (1) ^ IndentationError: unexpected indent",crash,signal_11:,,"decompyle3:ok:;pylingual:error:────────────────────────────────────────────────────────────────────────────────────────────────────────────────────────────────────────────────────────────────────── ,ggggggggggg, ,gggg, dP""""""88""""""""""""Y8, d8"" ""8I ,dPYb, Yb, 88 `8b 88 ,dP...","decompyle3:exit_1:Traceback (most recent call last): File ""<string>"", line 10, in <module> File ""data/rq4/source_candidates/cpython-38/cpython-38-c8d67b905643/decompyle3.py"", line 6 expr ::= LOAD_CODE (1) ^ IndentationError: unexpected indent;pylingual:not_run:"
cpython-38,data/rq3/cpython-3.8/unique_bug_pyc/cpython-38-c9a051e86287.pyc,compile_failure,"Traceback (most recent call last): File ""<string>"", line 10, in <module> File ""data/rq4/source_candidates/cpython-38/cpython-38-c9a051e86287/decompyle3.py"", line 6 expr ::= LOAD_CODE (1) ^ IndentationError: unexpected indent",crash,signal_11:,,"decompyle3:ok:;pylingual:error:────────────────────────────────────────────────────────────────────────────────────────────────────────────────────────────────────────────────────────────────────── ,ggggggggggg, ,gggg, dP""""""88""""""""""""Y8, d8"" ""8I ,dPYb, Yb, 88 `8b 88 ,dP...","decompyle3:exit_1:Traceback (most recent call last): File ""<string>"", line 10, in <module> File ""data/rq4/source_candidates/cpython-38/cpython-38-c9a051e86287/decompyle3.py"", line 6 expr ::= LOAD_CODE (1) ^ IndentationError: unexpected indent;pylingual:not_run:"
cpython-38,data/rq3/cpython-3.8/unique_bug_pyc/cpython-38-c9f3a1b04eb9.pyc,compile_failure,"Traceback (most recent call last): File ""<string>"", line 10, in <module> File ""data/rq4/source_candidates/cpython-38/cpython-38-c9f3a1b04eb9/decompyle3.py"", line 6 expr ::= LOAD_CODE (1) ^ IndentationError: unexpected indent",exit_1,"Traceback (most recent call last): File ""data/rq3/cpython-3.8/unittest_seeds/raw/cpython_case_test_tarfile_MemberReadTest_test_find_regtype.py"", line 11, in <module> NameError: name '__na-e__' is not defined During handling of the above ...",,"decompyle3:ok:;pylingual:error:────────────────────────────────────────────────────────────────────────────────────────────────────────────────────────────────────────────────────────────────────── ,ggggggggggg, ,gggg, dP""""""88""""""""""""Y8, d8"" ""8I ,dPYb, Yb, 88 `8b 88 ,dP...","decompyle3:exit_1:Traceback (most recent call last): File ""<string>"", line 10, in <module> File ""data/rq4/source_candidates/cpython-38/cpython-38-c9f3a1b04eb9/decompyle3.py"", line 6 expr ::= LOAD_CODE (1) ^ IndentationError: unexpected indent;pylingual:not_run:"
cpython-38,data/rq3/cpython-3.8/unique_bug_pyc/cpython-38-ca2cdad59026.pyc,compile_failure,"Traceback (most recent call last): File ""<string>"", line 10, in <module> File ""data/rq4/source_candidates/cpython-38/cpython-38-ca2cdad59026/decompyle3.py"", line 6 expr ::= LOAD_CODE (1) ^ IndentationError: unexpected indent",crash,signal_11:,,"decompyle3:ok:;pylingual:error:────────────────────────────────────────────────────────────────────────────────────────────────────────────────────────────────────────────────────────────────────── ,ggggggggggg, ,gggg, dP""""""88""""""""""""Y8, d8"" ""8I ,dPYb, Yb, 88 `8b 88 ,dP...","decompyle3:exit_1:Traceback (most recent call last): File ""<string>"", line 10, in <module> File ""data/rq4/source_candidates/cpython-38/cpython-38-ca2cdad59026/decompyle3.py"", line 6 expr ::= LOAD_CODE (1) ^ IndentationError: unexpected indent;pylingual:not_run:"
cpython-38,data/rq3/cpython-3.8/unique_bug_pyc/cpython-38-cb140c504241.pyc,compile_failure,"Traceback (most recent call last): File ""<string>"", line 10, in <module> File ""data/rq4/source_candidates/cpython-38/cpython-38-cb140c504241/decompyle3.py"", line 6 expr ::= LOAD_CODE (1) ^ IndentationError: unexpected indent",crash,signal_11:,,"decompyle3:ok:;pylingual:error:────────────────────────────────────────────────────────────────────────────────────────────────────────────────────────────────────────────────────────────────────── ,ggggggggggg, ,gggg, dP""""""88""""""""""""Y8, d8"" ""8I ,dPYb, Yb, 88 `8b 88 ,dP...","decompyle3:exit_1:Traceback (most recent call last): File ""<string>"", line 10, in <module> File ""data/rq4/source_candidates/cpython-38/cpython-38-cb140c504241/decompyle3.py"", line 6 expr ::= LOAD_CODE (1) ^ IndentationError: unexpected indent;pylingual:not_run:"
cpython-38,data/rq3/cpython-3.8/unique_bug_pyc/cpython-38-cd20523d07c1.pyc,compile_failure,"Traceback (most recent call last): File ""<string>"", line 10, in <module> File ""data/rq4/source_candidates/cpython-38/cpython-38-cd20523d07c1/decompyle3.py"", line 7 -- Stacks of completed symbols: ^ SyntaxError: invalid syntax",crash,signal_11:,,"decompyle3:ok:;pylingual:error:────────────────────────────────────────────────────────────────────────────────────────────────────────────────────────────────────────────────────────────────────── ,ggggggggggg, ,gggg, dP""""""88""""""""""""Y8, d8"" ""8I ,dPYb, Yb, 88 `8b 88 ,dP...","decompyle3:exit_1:Traceback (most recent call last): File ""<string>"", line 10, in <module> File ""data/rq4/source_candidates/cpython-38/cpython-38-cd20523d07c1/decompyle3.py"", line 7 -- Stacks of completed symbols: ^ SyntaxError: invalid syntax;pylingual:not_run:"
cpython-38,data/rq3/cpython-3.8/unique_bug_pyc/cpython-38-d56ce6968a5c.pyc,compile_failure,"Traceback (most recent call last): File ""<string>"", line 10, in <module> File ""data/rq4/source_candidates/cpython-38/cpython-38-d56ce6968a5c/decompyle3.py"", line 6 expr ::= LOAD_CODE (1) ^ IndentationError: unexpected indent",crash,signal_11:,,"decompyle3:ok:;pylingual:error:────────────────────────────────────────────────────────────────────────────────────────────────────────────────────────────────────────────────────────────────────── ,ggggggggggg, ,gggg, dP""""""88""""""""""""Y8, d8"" ""8I ,dPYb, Yb, 88 `8b 88 ,dP...","decompyle3:exit_1:Traceback (most recent call last): File ""<string>"", line 10, in <module> File ""data/rq4/source_candidates/cpython-38/cpython-38-d56ce6968a5c/decompyle3.py"", line 6 expr ::= LOAD_CODE (1) ^ IndentationError: unexpected indent;pylingual:not_run:"
cpython-38,data/rq3/cpython-3.8/unique_bug_pyc/cpython-38-d7941a493f28.pyc,compile_failure,"Traceback (most recent call last): File ""<string>"", line 10, in <module> File ""data/rq4/source_candidates/cpython-38/cpython-38-d7941a493f28/decompyle3.py"", line 6 expr ::= LOAD_CODE (1) ^ IndentationError: unexpected indent",exit_1,"Traceback (most recent call last): File ""data/rq4/harness.py"", line 29, in <module> result = target() File ""data/rq3/cpython-3.8/unittest_seeds/raw/cpython_case_test_posix_PosixTester_test_putenv.py"", line 6, in __pybcsec_seed__ self = _...",,"decompyle3:ok:;pylingual:error:────────────────────────────────────────────────────────────────────────────────────────────────────────────────────────────────────────────────────────────────────── ,ggggggggggg, ,gggg, dP""""""88""""""""""""Y8, d8"" ""8I ,dPYb, Yb, 88 `8b 88 ,dP...","decompyle3:exit_1:Traceback (most recent call last): File ""<string>"", line 10, in <module> File ""data/rq4/source_candidates/cpython-38/cpython-38-d7941a493f28/decompyle3.py"", line 6 expr ::= LOAD_CODE (1) ^ IndentationError: unexpected indent;pylingual:not_run:"
cpython-38,data/rq3/cpython-3.8/unique_bug_pyc/cpython-38-d9663bd0a74c.pyc,compile_failure,"Traceback (most recent call last): File ""<string>"", line 10, in <module> File ""data/rq4/source_candidates/cpython-38/cpython-38-d9663bd0a74c/decompyle3.py"", line 6 expr ::= LOAD_CODE (1) ^ IndentationError: unexpected indent",crash,signal_11:,,"decompyle3:ok:;pylingual:error:────────────────────────────────────────────────────────────────────────────────────────────────────────────────────────────────────────────────────────────────────── ,ggggggggggg, ,gggg, dP""""""88""""""""""""Y8, d8"" ""8I ,dPYb, Yb, 88 `8b 88 ,dP...","decompyle3:exit_1:Traceback (most recent call last): File ""<string>"", line 10, in <module> File ""data/rq4/source_candidates/cpython-38/cpython-38-d9663bd0a74c/decompyle3.py"", line 6 expr ::= LOAD_CODE (1) ^ IndentationError: unexpected indent;pylingual:not_run:"
cpython-38,data/rq3/cpython-3.8/unique_bug_pyc/cpython-38-d9c4a89dd230.pyc,compile_failure,"Traceback (most recent call last): File ""<string>"", line 10, in <module> File ""data/rq4/source_candidates/cpython-38/cpython-38-d9c4a89dd230/decompyle3.py"", line 7 -- Stacks of completed symbols: ^ SyntaxError: invalid syntax",crash,signal_11:,,"decompyle3:ok:;pylingual:error:────────────────────────────────────────────────────────────────────────────────────────────────────────────────────────────────────────────────────────────────────── ,ggggggggggg, ,gggg, dP""""""88""""""""""""Y8, d8"" ""8I ,dPYb, Yb, 88 `8b 88 ,dP...","decompyle3:exit_1:Traceback (most recent call last): File ""<string>"", line 10, in <module> File ""data/rq4/source_candidates/cpython-38/cpython-38-d9c4a89dd230/decompyle3.py"", line 7 -- Stacks of completed symbols: ^ SyntaxError: invalid syntax;pylingual:not_run:"
cpython-38,data/rq3/cpython-3.8/unique_bug_pyc/cpython-38-d9e88510d3f6.pyc,no_source,"Traceback (most recent call last): File ""data/rq2/envs/cpython-38/bin/decompyle3"", line 8, in <module> sys.exit(main_bin()) File ""/root/PyBC-Sec/pybcSEC/data/rq2/envs/cpython-38/lib/python3.8/site-packages/click/core.py"", line 1161, in _...",crash,signal_11:,,"decompyle3:exit_1:Traceback (most recent call last): File ""data/rq2/envs/cpython-38/bin/decompyle3"", line 8, in <module> sys.exit(main_bin()) File ""/root/PyBC-Sec/pybcSEC/data/rq2/envs/cpython-38/lib/python3.8/site-packages/click/core.py"", line 1161, in _...;pylingual:error:────────────────────────────────────────────────────────────────────────────────────────────────────────────────────────────────────────────────────────────────────── ,ggggggggggg, ,gggg, dP""""""88""""""""""""Y8, d8"" ""8I ,dPYb, Yb, 88 `8b 88 ,dP...",decompyle3:not_run:;pylingual:not_run:
cpython-38,data/rq3/cpython-3.8/unique_bug_pyc/cpython-38-db7c5002a77c.pyc,no_source,"Traceback (most recent call last): File ""data/rq2/envs/cpython-38/bin/decompyle3"", line 8, in <module> sys.exit(main_bin()) File ""/root/PyBC-Sec/pybcSEC/data/rq2/envs/cpython-38/lib/python3.8/site-packages/click/core.py"", line 1161, in _...",crash,signal_11:,,"decompyle3:exit_1:Traceback (most recent call last): File ""data/rq2/envs/cpython-38/bin/decompyle3"", line 8, in <module> sys.exit(main_bin()) File ""/root/PyBC-Sec/pybcSEC/data/rq2/envs/cpython-38/lib/python3.8/site-packages/click/core.py"", line 1161, in _...;pylingual:error:────────────────────────────────────────────────────────────────────────────────────────────────────────────────────────────────────────────────────────────────────── ,ggggggggggg, ,gggg, dP""""""88""""""""""""Y8, d8"" ""8I ,dPYb, Yb, 88 `8b 88 ,dP...",decompyle3:not_run:;pylingual:not_run:
cpython-38,data/rq3/cpython-3.8/unique_bug_pyc/cpython-38-dc7186b132f7.pyc,no_source,"Traceback (most recent call last): File ""data/rq2/envs/cpython-38/bin/decompyle3"", line 8, in <module> sys.exit(main_bin()) File ""/root/PyBC-Sec/pybcSEC/data/rq2/envs/cpython-38/lib/python3.8/site-packages/click/core.py"", line 1161, in _...",crash,signal_11:,,"decompyle3:exit_1:Traceback (most recent call last): File ""data/rq2/envs/cpython-38/bin/decompyle3"", line 8, in <module> sys.exit(main_bin()) File ""/root/PyBC-Sec/pybcSEC/data/rq2/envs/cpython-38/lib/python3.8/site-packages/click/core.py"", line 1161, in _...;pylingual:error:────────────────────────────────────────────────────────────────────────────────────────────────────────────────────────────────────────────────────────────────────── ,ggggggggggg, ,gggg, dP""""""88""""""""""""Y8, d8"" ""8I ,dPYb, Yb, 88 `8b 88 ,dP...",decompyle3:not_run:;pylingual:not_run:
cpython-38,data/rq3/cpython-3.8/unique_bug_pyc/cpython-38-e36fb497365a.pyc,compile_failure,"Traceback (most recent call last): File ""<string>"", line 10, in <module> File ""data/rq4/source_candidates/cpython-38/cpython-38-e36fb497365a/decompyle3.py"", line 6 expr ::= LOAD_CODE (1) ^ IndentationError: unexpected indent",crash,signal_11:,,"decompyle3:ok:;pylingual:error:────────────────────────────────────────────────────────────────────────────────────────────────────────────────────────────────────────────────────────────────────── ,ggggggggggg, ,gggg, dP""""""88""""""""""""Y8, d8"" ""8I ,dPYb, Yb, 88 `8b 88 ,dP...","decompyle3:exit_1:Traceback (most recent call last): File ""<string>"", line 10, in <module> File ""data/rq4/source_candidates/cpython-38/cpython-38-e36fb497365a/decompyle3.py"", line 6 expr ::= LOAD_CODE (1) ^ IndentationError: unexpected indent;pylingual:not_run:"
cpython-38,data/rq3/cpython-3.8/unique_bug_pyc/cpython-38-ee3258669fff.pyc,compile_failure,"Traceback (most recent call last): File ""<string>"", line 10, in <module> File ""data/rq4/source_candidates/cpython-38/cpython-38-ee3258669fff/decompyle3.py"", line 6 expr ::= LOAD_CODE (1) ^ IndentationError: unexpected indent",exit_1,"XXX lineno: 6, opcode: 0 Traceback (most recent call last): File ""data/rq4/harness.py"", line 29, in <module> result = target() File ""data/rq3/cpython-3.8/unittest_seds/raw/cpython_case_test_posix_PosixTester_test_chdir.py"", line 6, in _...",,"decompyle3:ok:;pylingual:error:────────────────────────────────────────────────────────────────────────────────────────────────────────────────────────────────────────────────────────────────────── ,ggggggggggg, ,gggg, dP""""""88""""""""""""Y8, d8"" ""8I ,dPYb, Yb, 88 `8b 88 ,dP...","decompyle3:exit_1:Traceback (most recent call last): File ""<string>"", line 10, in <module> File ""data/rq4/source_candidates/cpython-38/cpython-38-ee3258669fff/decompyle3.py"", line 6 expr ::= LOAD_CODE (1) ^ IndentationError: unexpected indent;pylingual:not_run:"
cpython-38,data/rq3/cpython-3.8/unique_bug_pyc/cpython-38-f0ab58015d3f.pyc,compile_failure,"Traceback (most recent call last): File ""<string>"", line 10, in <module> File ""data/rq4/source_candidates/cpython-38/cpython-38-f0ab58015d3f/decompyle3.py"", line 6 expr ::= LOAD_CODE (1) ^ IndentationError: unexpected indent",crash,"signal_11:XXX lineno: 19, opcode: 13",,"decompyle3:ok:;pylingual:error:────────────────────────────────────────────────────────────────────────────────────────────────────────────────────────────────────────────────────────────────────── ,ggggggggggg, ,gggg, dP""""""88""""""""""""Y8, d8"" ""8I ,dPYb, Yb, 88 `8b 88 ,dP...","decompyle3:exit_1:Traceback (most recent call last): File ""<string>"", line 10, in <module> File ""data/rq4/source_candidates/cpython-38/cpython-38-f0ab58015d3f/decompyle3.py"", line 6 expr ::= LOAD_CODE (1) ^ IndentationError: unexpected indent;pylingual:not_run:"
cpython-38,data/rq3/cpython-3.8/unique_bug_pyc/cpython-38-f21d09828e9a.pyc,compile_failure,"Traceback (most recent call last): File ""<string>"", line 10, in <module> File ""data/rq4/source_candidates/cpython-38/cpython-38-f21d09828e9a/decompyle3.py"", line 6 expr ::= LOAD_CODE (1) ^ IndentationError: unexpected indent",crash,signal_11:,,"decompyle3:ok:;pylingual:error:────────────────────────────────────────────────────────────────────────────────────────────────────────────────────────────────────────────────────────────────────── ,ggggggggggg, ,gggg, dP""""""88""""""""""""Y8, d8"" ""8I ,dPYb, Yb, 88 `8b 88 ,dP...","decompyle3:exit_1:Traceback (most recent call last): File ""<string>"", line 10, in <module> File ""data/rq4/source_candidates/cpython-38/cpython-38-f21d09828e9a/decompyle3.py"", line 6 expr ::= LOAD_CODE (1) ^ IndentationError: unexpected indent;pylingual:not_run:"
cpython-38,data/rq3/cpython-3.8/unique_bug_pyc/cpython-38-f51fd04233d4.pyc,compile_failure,"Traceback (most recent call last): File ""<string>"", line 10, in <module> File ""data/rq4/source_candidates/cpython-38/cpython-38-f51fd04233d4/decompyle3.py"", line 6 expr ::= LOAD_CODE (1) ^ IndentationError: unexpected indent",crash,signal_11:,,"decompyle3:ok:;pylingual:error:────────────────────────────────────────────────────────────────────────────────────────────────────────────────────────────────────────────────────────────────────── ,ggggggggggg, ,gggg, dP""""""88""""""""""""Y8, d8"" ""8I ,dPYb, Yb, 88 `8b 88 ,dP...","decompyle3:exit_1:Traceback (most recent call last): File ""<string>"", line 10, in <module> File ""data/rq4/source_candidates/cpython-38/cpython-38-f51fd04233d4/decompyle3.py"", line 6 expr ::= LOAD_CODE (1) ^ IndentationError: unexpected indent;pylingual:not_run:"
cpython-38,data/rq3/cpython-3.8/unique_bug_pyc/cpython-38-f59ebda0e043.pyc,compile_failure,"Traceback (most recent call last): File ""<string>"", line 10, in <module> File ""data/rq4/source_candidates/cpython-38/cpython-38-f59ebda0e043/decompyle3.py"", line 6 expr ::= LOAD_CODE (1) ^ IndentationError: unexpected indent",exit_1,"Traceback (most recent call last): File ""data/rq4/harness.py"", line 29, in <module> result = target() File ""data/rq3/cpython-3.8/unittest_seeds/raw/cpython_case_test_io_SignalsTest_test_interrupted_read_retry_text.py"", line 8, in __pybcs...",,"decompyle3:ok:;pylingual:error:────────────────────────────────────────────────────────────────────────────────────────────────────────────────────────────────────────────────────────────────────── ,ggggggggggg, ,gggg, dP""""""88""""""""""""Y8, d8"" ""8I ,dPYb, Yb, 88 `8b 88 ,dP...","decompyle3:exit_1:Traceback (most recent call last): File ""<string>"", line 10, in <module> File ""data/rq4/source_candidates/cpython-38/cpython-38-f59ebda0e043/decompyle3.py"", line 6 expr ::= LOAD_CODE (1) ^ IndentationError: unexpected indent;pylingual:not_run:"
cpython-38,data/rq3/cpython-3.8/unique_bug_pyc/cpython-38-fd66ae236b22.pyc,compile_failure,"Traceback (most recent call last): File ""<string>"", line 10, in <module> File ""data/rq4/source_candidates/cpython-38/cpython-38-fd66ae236b22/decompyle3.py"", line 6 expr ::= LOAD_CODE (1) ^ IndentationError: unexpected indent",crash,signal_11:,,"decompyle3:ok:;pylingual:error:────────────────────────────────────────────────────────────────────────────────────────────────────────────────────────────────────────────────────────────────────── ,ggggggggggg, ,gggg, dP""""""88""""""""""""Y8, d8"" ""8I ,dPYb, Yb, 88 `8b 88 ,dP...","decompyle3:exit_1:Traceback (most recent call last): File ""<string>"", line 10, in <module> File ""data/rq4/source_candidates/cpython-38/cpython-38-fd66ae236b22/decompyle3.py"", line 6 expr ::= LOAD_CODE (1) ^ IndentationError: unexpected indent;pylingual:not_run:"
cpython-38,data/rq3/cpython-3.8/unique_bug_pyc/cpython-38-fdc053fadd3e.pyc,compile_failure,"Traceback (most recent call last): File ""<string>"", line 10, in <module> File ""data/rq4/source_candidates/cpython-38/cpython-38-fdc053fadd3e/decompyle3.py"", line 6 expr ::= LOAD_CODE (1) ^ IndentationError: unexpected indent",crash,signal_11:,,"decompyle3:ok:;pylingual:error:────────────────────────────────────────────────────────────────────────────────────────────────────────────────────────────────────────────────────────────────────── ,ggggggggggg, ,gggg, dP""""""88""""""""""""Y8, d8"" ""8I ,dPYb, Yb, 88 `8b 88 ,dP...","decompyle3:exit_1:Traceback (most recent call last): File ""<string>"", line 10, in <module> File ""data/rq4/source_candidates/cpython-38/cpython-38-fdc053fadd3e/decompyle3.py"", line 6 expr ::= LOAD_CODE (1) ^ IndentationError: unexpected indent;pylingual:not_run:"
cpython-38,data/rq3/cpython-3.8/unique_bug_pyc/cpython-38-ff2ecbcde1ad.pyc,compile_failure,"Traceback (most recent call last): File ""<string>"", line 10, in <module> File ""data/rq4/source_candidates/cpython-38/cpython-38-ff2ecbcde1ad/decompyle3.py"", line 6 expr ::= LOAD_CODE (1) ^ IndentationError: unexpected indent",crash,"signal_6:Fatal Python error: XXX block stack underflow Python runtime state: initialized Current thread 0x0000728254ea2740 (most recent call first): File ""data/rq3/cpython-3.8/unittest_seeds/raw/cpython_case_test_itertools_RegressionTests_test_sf...",,"decompyle3:ok:;pylingual:error:────────────────────────────────────────────────────────────────────────────────────────────────────────────────────────────────────────────────────────────────────── ,ggggggggggg, ,gggg, dP""""""88""""""""""""Y8, d8"" ""8I ,dPYb, Yb, 88 `8b 88 ,dP...","decompyle3:exit_1:Traceback (most recent call last): File ""<string>"", line 10, in <module> File ""data/rq4/source_candidates/cpython-38/cpython-38-ff2ecbcde1ad/decompyle3.py"", line 6 expr ::= LOAD_CODE (1) ^ IndentationError: unexpected indent;pylingual:not_run:"
cpython-39,data/rq3/cpython-3.9/unique_bug_pyc/cpython-39-02bda83cf25f.pyc,no_source,"# decompyle3 version 3.9.3 # Python bytecode version base 3.9.0 (3425) # Decompiled from: Python 3.9.25 (main, Oct 31 2025, 23:00:23) # [Clang 21.1.4 ] # Embedded file name: data/rq3/cpython-3.9/unittest_seeds/raw/cpython_case_test_decim...",crash,signal_11:,,"decompyle3:error:# decompyle3 version 3.9.3 # Python bytecode version base 3.9.0 (3425) # Decompiled from: Python 3.9.25 (main, Oct 31 2025, 23:00:23) # [Clang 21.1.4 ] # Embedded file name: data/rq3/cpython-3.9/unittest_seeds/raw/cpython_case_test_decim...;pylingual:error:────────────────────────────────────────────────────────────────────────────────────────────────────────────────────────────────────────────────────────────────────── ,ggggggggggg, ,gggg, dP""""""88""""""""""""Y8, d8"" ""8I ,dPYb, Yb, 88 `8b 88 ,dP...",decompyle3:not_run:;pylingual:not_run:
cpython-39,data/rq3/cpython-3.9/unique_bug_pyc/cpython-39-0326ee579318.pyc,no_source,"# decompyle3 version 3.9.3 # Python bytecode version base 3.9.0 (3425) # Decompiled from: Python 3.9.25 (main, Oct 31 2025, 23:00:23) # [Clang 21.1.4 ] # Embedded file name: data/rq3/cpython-3.9/unittest_seeds/raw/cpython_case_test_compl...",crash,signal_11:,,"decompyle3:error:# decompyle3 version 3.9.3 # Python bytecode version base 3.9.0 (3425) # Decompiled from: Python 3.9.25 (main, Oct 31 2025, 23:00:23) # [Clang 21.1.4 ] # Embedded file name: data/rq3/cpython-3.9/unittest_seeds/raw/cpython_case_test_compl...;pylingual:error:────────────────────────────────────────────────────────────────────────────────────────────────────────────────────────────────────────────────────────────────────── ,ggggggggggg, ,gggg, dP""""""88""""""""""""Y8, d8"" ""8I ,dPYb, Yb, 88 `8b 88 ,dP...",decompyle3:not_run:;pylingual:not_run:
cpython-39,data/rq3/cpython-3.9/unique_bug_pyc/cpython-39-05c7afdebcba.pyc,no_source,"# decompyle3 version 3.9.3 # Python bytecode version base 3.9.0 (3425) # Decompiled from: Python 3.9.25 (main, Oct 31 2025, 23:00:23) # [Clang 21.1.4 ] # Embedded file name: data/rq3/cpython-3.9/unittest_seeds/raw/cpython_case_test_conte...",crash,"signal_11:Traceback (most recent call last): File ""data/rq3/cpython-3.9/unittest_seeds/raw/cpython_case_test_contextlib_ContextManagerTestCase_test_contextmana _except_pep479.py"", line 15, in __pybcsec_seed__ StopIteration: spam During handling of...",,"decompyle3:error:# decompyle3 version 3.9.3 # Python bytecode version base 3.9.0 (3425) # Decompiled from: Python 3.9.25 (main, Oct 31 2025, 23:00:23) # [Clang 21.1.4 ] # Embedded file name: data/rq3/cpython-3.9/unittest_seeds/raw/cpython_case_test_conte...;pylingual:error:────────────────────────────────────────────────────────────────────────────────────────────────────────────────────────────────────────────────────────────────────── ,ggggggggggg, ,gggg, dP""""""88""""""""""""Y8, d8"" ""8I ,dPYb, Yb, 88 `8b 88 ,dP...",decompyle3:not_run:;pylingual:not_run:
cpython-39,data/rq3/cpython-3.9/unique_bug_pyc/cpython-39-08779213b0c6.pyc,no_source,"# decompyle3 version 3.9.3 # Python bytecode version base 3.9.0 (3425) # Decompiled from: Python 3.9.25 (main, Oct 31 2025, 23:00:23) # [Clang 21.1.4 ] # Embedded file name: data/rq3/cpython-3.9/unittest_seeds/raw/cpython_case_test_pathl...",exit_1,"Traceback (most recent call last): File ""/root/PyBC-Sec/pybcSEC/data/rq4/harness.py"", line 29, in <module> result = target() File ""data/rq3/cpython-3.9/unittest_seeds/raw/cpython_case_test_pathlib__BasePathTest_test_is_socket_false.py"", ...",,"decompyle3:error:# decompyle3 version 3.9.3 # Python bytecode version base 3.9.0 (3425) # Decompiled from: Python 3.9.25 (main, Oct 31 2025, 23:00:23) # [Clang 21.1.4 ] # Embedded file name: data/rq3/cpython-3.9/unittest_seeds/raw/cpython_case_test_pathl...;pylingual:error:────────────────────────────────────────────────────────────────────────────────────────────────────────────────────────────────────────────────────────────────────── ,ggggggggggg, ,gggg, dP""""""88""""""""""""Y8, d8"" ""8I ,dPYb, Yb, 88 `8b 88 ,dP...",decompyle3:not_run:;pylingual:not_run:
cpython-39,data/rq3/cpython-3.9/unique_bug_pyc/cpython-39-09311b114b96.pyc,no_source,"# decompyle3 version 3.9.3 # Python bytecode version base 3.9.0 (3425) # Decompiled from: Python 3.9.25 (main, Oct 31 2025, 23:00:23) # [Clang 21.1.4 ] # Embedded file name: data/rq3/cpython-3.9/unittest_seeds/raw/cpython_case_test_uni](...",exit_1,"Traceback (most recent call last): File ""/root/PyBC-Sec/pybcSEC/data/rq4/harness.py"", line 29, in <module> result = target() File ""data/rq3/cpython-3.9/unittest_seeds/raw/cpython_case_test_uni](,e_UnicodeTest_test_issue8271.py"", line 9, ...",,"decompyle3:error:# decompyle3 version 3.9.3 # Python bytecode version base 3.9.0 (3425) # Decompiled from: Python 3.9.25 (main, Oct 31 2025, 23:00:23) # [Clang 21.1.4 ] # Embedded file name: data/rq3/cpython-3.9/unittest_seeds/raw/cpython_case_test_uni](...;pylingual:error:────────────────────────────────────────────────────────────────────────────────────────────────────────────────────────────────────────────────────────────────────── ,ggggggggggg, ,gggg, dP""""""88""""""""""""Y8, d8"" ""8I ,dPYb, Yb, 88 `8b 88 ,dP...",decompyle3:not_run:;pylingual:not_run:
cpython-39,data/rq3/cpython-3.9/unique_bug_pyc/cpython-39-0a48e1f41e2b.pyc,no_source,"# decompyle3 version 3.9.3 # Python bytecode version base 3.9.0 (3425) # Decompiled from: Python 3.9.25 (main, Oct 31 2025, 23:00:23) # [Clang 21.1.4 ] # Embedded file name: data/rq3/cpython-3.9/unittest_seeds/raw/cpython_case_test_httpl...",crash,signal_11:,,"decompyle3:error:# decompyle3 version 3.9.3 # Python bytecode version base 3.9.0 (3425) # Decompiled from: Python 3.9.25 (main, Oct 31 2025, 23:00:23) # [Clang 21.1.4 ] # Embedded file name: data/rq3/cpython-3.9/unittest_seeds/raw/cpython_case_test_httpl...;pylingual:error:────────────────────────────────────────────────────────────────────────────────────────────────────────────────────────────────────────────────────────────────────── ,ggggggggggg, ,gggg, dP""""""88""""""""""""Y8, d8"" ""8I ,dPYb, Yb, 88 `8b 88 ,dP...",decompyle3:not_run:;pylingual:not_run:
cpython-39,data/rq3/cpython-3.9/unique_bug_pyc/cpython-39-0aaf079d8c74.pyc,no_source,"# decompyle3 version 3.9.3 # Python bytecode version base 3.9.0 (3425) # Decompiled from: Python 3.9.25 (main, Oct 31 2025, 23:00:23) # [Clang 21.1.4 ] # Embedded file name: data/rq3/cpython-3®9/unittest_seeds/raw/cpython_case_test_timei...",crash,signal_11:,,"decompyle3:error:# decompyle3 version 3.9.3 # Python bytecode version base 3.9.0 (3425) # Decompiled from: Python 3.9.25 (main, Oct 31 2025, 23:00:23) # [Clang 21.1.4 ] # Embedded file name: data/rq3/cpython-3®9/unittest_seeds/raw/cpython_case_test_timei...;pylingual:error:────────────────────────────────────────────────────────────────────────────────────────────────────────────────────────────────────────────────────────────────────── ,ggggggggggg, ,gggg, dP""""""88""""""""""""Y8, d8"" ""8I ,dPYb, Yb, 88 `8b 88 ,dP...",decompyle3:not_run:;pylingual:not_run:
cpython-39,data/rq3/cpython-3.9/unique_bug_pyc/cpython-39-0eee7d454c31.pyc,no_source,"# decompyle3 version 3.9.3 # Python bytecode version base 3.9.0 (3425) # Decompiled from: Python 3.9.25 (main, Oct 31 2025, 23:00:23) # [Clang 21.1.4 ] # Embedded file name: data/rq3/cpython-3.9/unittest_seeds/raw/cpython_case_test_iter_...",exit_1,"Traceback (most recent call last): File ""/root/PyBC-Sec/pybcSEC/data/rq4/harness.py"", line 29, in <module> result = target() File ""data/rq3/cpython-3.9/unittest_seeds/raw/cpython_case_test_iter_TestCase_test_exception_function.py"", line ...",,"decompyle3:error:# decompyle3 version 3.9.3 # Python bytecode version base 3.9.0 (3425) # Decompiled from: Python 3.9.25 (main, Oct 31 2025, 23:00:23) # [Clang 21.1.4 ] # Embedded file name: data/rq3/cpython-3.9/unittest_seeds/raw/cpython_case_test_iter_...;pylingual:error:────────────────────────────────────────────────────────────────────────────────────────────────────────────────────────────────────────────────────────────────────── ,ggggggggggg, ,gggg, dP""""""88""""""""""""Y8, d8"" ""8I ,dPYb, Yb, 88 `8b 88 ,dP...",decompyle3:not_run:;pylingual:not_run:
cpython-39,data/rq3/cpython-3.9/unique_bug_pyc/cpython-39-0f2df79d3ae3.pyc,no_source,"# decompyle3 version 3.9.3 # Python bytecode version base 3.9.0 (3425) # Decompiled from: Python 3.9.25 (main, Oct 31 2025, 23:00:23) # [Clang 21.1.4 ] # Embedded file name: data/rq3/cpython-3.9/unittest_seeds/raw/cpython_case_test_itert...",crash,signal_11:,,"decompyle3:error:# decompyle3 version 3.9.3 # Python bytecode version base 3.9.0 (3425) # Decompiled from: Python 3.9.25 (main, Oct 31 2025, 23:00:23) # [Clang 21.1.4 ] # Embedded file name: data/rq3/cpython-3.9/unittest_seeds/raw/cpython_case_test_itert...;pylingual:error:────────────────────────────────────────────────────────────────────────────────────────────────────────────────────────────────────────────────────────────────────── ,ggggggggggg, ,gggg, dP""""""88""""""""""""Y8, d8"" ""8I ,dPYb, Yb, 88 `8b 88 ,dP...",decompyle3:not_run:;pylingual:not_run:
cpython-39,data/rq3/cpython-3.9/unique_bug_pyc/cpython-39-110bb5c58bff.pyc,no_source,"# decompyle3 version 3.9.3 # Python bytecode version base 3.9.0 (3425) # Decompiled from: Python 3.9.25 (main, Oct 31 2025, 23:00:23) # [Clang 21.1.4 ] # Embedded file name: data/rq3/cpothon-3.9/unitte.abi3.so&DBL_EPSILON -- Difference b...",crash,signal_11:,,"decompyle3:error:# decompyle3 version 3.9.3 # Python bytecode version base 3.9.0 (3425) # Decompiled from: Python 3.9.25 (main, Oct 31 2025, 23:00:23) # [Clang 21.1.4 ] # Embedded file name: data/rq3/cpothon-3.9/unitte.abi3.so&DBL_EPSILON -- Difference b...;pylingual:error:────────────────────────────────────────────────────────────────────────────────────────────────────────────────────────────────────────────────────────────────────── ,ggggggggggg, ,gggg, dP""""""88""""""""""""Y8, d8"" ""8I ,dPYb, Yb, 88 `8b 88 ,dP...",decompyle3:not_run:;pylingual:not_run:
cpython-39,data/rq3/cpython-3.9/unique_bug_pyc/cpython-39-112794a0322b.pyc,no_source,"# decompyle3 version 3.9.3 # Python bytecode version base 3.9.0 (3425) # Decompiled from: Python 3.9.25 (main, Oct 31 2025, 23:00:23) # [Clang 21.1.4 ] # Embedded file name: data/rq3/cpython-3.9/unittest_sedds/raw/cpython_case_test_code_...",crash,signal_11:,,"decompyle3:error:# decompyle3 version 3.9.3 # Python bytecode version base 3.9.0 (3425) # Decompiled from: Python 3.9.25 (main, Oct 31 2025, 23:00:23) # [Clang 21.1.4 ] # Embedded file name: data/rq3/cpython-3.9/unittest_sedds/raw/cpython_case_test_code_...;pylingual:error:────────────────────────────────────────────────────────────────────────────────────────────────────────────────────────────────────────────────────────────────────── ,ggggggggggg, ,gggg, dP""""""88""""""""""""Y8, d8"" ""8I ,dPYb, Yb, 88 `8b 88 ,dP...",decompyle3:not_run:;pylingual:not_run:
cpython-39,data/rq3/cpython-3.9/unique_bug_pyc/cpython-39-17e1cea0fd00.pyc,no_source,"# decompyle3 version 3.9.3 # Python bytecode version base 3.9.0 (3425) # Decompiled from: Python 3.9.25 (main, Oct 31 2025, 23:00:23) # [Clang 21.1.4 ] # Embedded file name: data/rq3/cpython-3.9/unittest_seeds/raw/cpython_case_test_dict_...",exit_1,"Traceback (most recent call last): File ""/root/PyBC-Sec/pybcSEC/data/rq4/harness.py"", line 29, in <module> result = target() File ""data/rq3/cpython-3.9/unittest_seeds/raw/cpython_case_test_dict_DictTest_test_equal_operator_modifying_oper...",,"decompyle3:error:# decompyle3 version 3.9.3 # Python bytecode version base 3.9.0 (3425) # Decompiled from: Python 3.9.25 (main, Oct 31 2025, 23:00:23) # [Clang 21.1.4 ] # Embedded file name: data/rq3/cpython-3.9/unittest_seeds/raw/cpython_case_test_dict_...;pylingual:error:────────────────────────────────────────────────────────────────────────────────────────────────────────────────────────────────────────────────────────────────────── ,ggggggggggg, ,gggg, dP""""""88""""""""""""Y8, d8"" ""8I ,dPYb, Yb, 88 `8b 88 ,dP...",decompyle3:not_run:;pylingual:not_run:
cpython-39,data/rq3/cpython-3.9/unique_bug_pyc/cpython-39-1a0bae95e9a6.pyc,no_source,"# decompyle3 version 3.9.3 # Python bytecode version base 3.9.0 (3425) # Decompiled from: Python 3.9.25 (main, Oct 31 2025, 23:00:23) # [Clang 21.1.4 ] # Embedded file name: data/rq3/cpython-3.9/unittest_seeds/raw/cpython_case_test_zipfi...",exit_1,"Traceback (most recent call last): File ""/root/PyBC-Sec/pybcSEC/data/rq4/harness.py"", line 29, in <module> result = target() File ""data/rq3/cpython-3.9/unittest_seeds/raw/cpython_case_test_zipfile_OtherTests_test_create_zipinfo_before_19...",,"decompyle3:error:# decompyle3 version 3.9.3 # Python bytecode version base 3.9.0 (3425) # Decompiled from: Python 3.9.25 (main, Oct 31 2025, 23:00:23) # [Clang 21.1.4 ] # Embedded file name: data/rq3/cpython-3.9/unittest_seeds/raw/cpython_case_test_zipfi...;pylingual:error:────────────────────────────────────────────────────────────────────────────────────────────────────────────────────────────────────────────────────────────────────── ,ggggggggggg, ,gggg, dP""""""88""""""""""""Y8, d8"" ""8I ,dPYb, Yb, 88 `8b 88 ,dP...",decompyle3:not_run:;pylingual:not_run:
cpython-39,data/rq3/cpython-3.9/unique_bug_pyc/cpython-39-1ba99127988c.pyc,no_source,"# decompyle3 version 3.9.3 # Python bytecode version base 3.9.0 (3425) # Decompiled from: Python 3.9.25 (main, Oct 31 2025, 23:00:23) # [Clang 21.1.4 ] # Embedded file name: data/rq3/cpython-3.9/unittest_seeds/raw/cpython_case_test_compl...",crash,signal_11:,,"decompyle3:error:# decompyle3 version 3.9.3 # Python bytecode version base 3.9.0 (3425) # Decompiled from: Python 3.9.25 (main, Oct 31 2025, 23:00:23) # [Clang 21.1.4 ] # Embedded file name: data/rq3/cpython-3.9/unittest_seeds/raw/cpython_case_test_compl...;pylingual:error:────────────────────────────────────────────────────────────────────────────────────────────────────────────────────────────────────────────────────────────────────── ,ggggggggggg, ,gggg, dP""""""88""""""""""""Y8, d8"" ""8I ,dPYb, Yb, 88 `8b 88 ,dP...",decompyle3:not_run:;pylingual:not_run:
cpython-39,data/rq3/cpython-3.9/unique_bug_pyc/cpython-39-20ab2d79aa16.pyc,no_source,"# decompyle3 version 3.9.3 # Python bytecode version base 3.9.0 (3425) # Decompiled from: Python 3.9.25 (main, Oct 31 2025, 23:00:23) # [Clang 21.1.4 ] # Embedded file name: data/rq3/cpython-3.9/unittest_seeds/raw/cpytion_case_test_threa...",crash,signal_11:,,"decompyle3:error:# decompyle3 version 3.9.3 # Python bytecode version base 3.9.0 (3425) # Decompiled from: Python 3.9.25 (main, Oct 31 2025, 23:00:23) # [Clang 21.1.4 ] # Embedded file name: data/rq3/cpython-3.9/unittest_seeds/raw/cpytion_case_test_threa...;pylingual:error:────────────────────────────────────────────────────────────────────────────────────────────────────────────────────────────────────────────────────────────────────── ,ggggggggggg, ,gggg, dP""""""88""""""""""""Y8, d8"" ""8I ,dPYb, Yb, 88 `8b 88 ,dP...",decompyle3:not_run:;pylingual:not_run:
cpython-39,data/rq3/cpython-3.9/unique_bug_pyc/cpython-39-29d81f994c31.pyc,no_source,"# decompyle3 version 3.9.3 # Python bytecode version base 3.9.0 (3425) # Decompiled from: Python 3.9.25 (main, Oct 31 2025, 23:00:23) # [Clang 21.1.4 ] # Embedded file name: data/rq3/cpython-3.9/unittest_seeds/raw/cpython_case_test_urlpa...",crash,signal_11:,,"decompyle3:error:# decompyle3 version 3.9.3 # Python bytecode version base 3.9.0 (3425) # Decompiled from: Python 3.9.25 (main, Oct 31 2025, 23:00:23) # [Clang 21.1.4 ] # Embedded file name: data/rq3/cpython-3.9/unittest_seeds/raw/cpython_case_test_urlpa...;pylingual:error:────────────────────────────────────────────────────────────────────────────────────────────────────────────────────────────────────────────────────────────────────── ,ggggggggggg, ,gggg, dP""""""88""""""""""""Y8, d8"" ""8I ,dPYb, Yb, 88 `8b 88 ,dP...",decompyle3:not_run:;pylingual:not_run:
cpython-39,data/rq3/cpython-3.9/unique_bug_pyc/cpython-39-2ecd9f682aa5.pyc,no_source,"# decompyle3 version 3.9.3 # Python bytecode version base 3.9.0 (3425) # Decompiled from: Python 3.9.25 (main, Oct 31 2025, 23:00:23) # [Clang 21.1.4 ] # Embedded file name: data/rq3/cpython-3.9/unittest_seeds/raa ython_case_test_itertoo...",crash,signal_11:,,"decompyle3:error:# decompyle3 version 3.9.3 # Python bytecode version base 3.9.0 (3425) # Decompiled from: Python 3.9.25 (main, Oct 31 2025, 23:00:23) # [Clang 21.1.4 ] # Embedded file name: data/rq3/cpython-3.9/unittest_seeds/raa ython_case_test_itertoo...;pylingual:error:────────────────────────────────────────────────────────────────────────────────────────────────────────────────────────────────────────────────────────────────────── ,ggggggggggg, ,gggg, dP""""""88""""""""""""Y8, d8"" ""8I ,dPYb, Yb, 88 `8b 88 ,dP...",decompyle3:not_run:;pylingual:not_run:
cpython-39,data/rq3/cpython-3.9/unique_bug_pyc/cpython-39-312b3a032f9f.pyc,no_source,"# decompyle3 version 3.9.3 # Python bytecode version base 3.9.0 (3425) # Decompiled from: Python 3.9.25 (main, Oct 31 2025, 23:00:23) # [Clang 21.1.4 ] # Embedded file name: data/rq3/cpython-3.9/unittest_seeds/raw/cpython_case_test_urlpa...",exit_1,"XXX lineno: 9, opcode: 42 Traceback (most recent call last): File ""/root/PyBC-Sec/pybcSEC/data/rq4/harness.py"", line 29, in <module> result = target() File ""data/rq3/cpython-3.9/unittest_seeds/raw/cpython_case_test_urlparse_UrlParseTestC...",,"decompyle3:error:# decompyle3 version 3.9.3 # Python bytecode version base 3.9.0 (3425) # Decompiled from: Python 3.9.25 (main, Oct 31 2025, 23:00:23) # [Clang 21.1.4 ] # Embedded file name: data/rq3/cpython-3.9/unittest_seeds/raw/cpython_case_test_urlpa...;pylingual:error:────────────────────────────────────────────────────────────────────────────────────────────────────────────────────────────────────────────────────────────────────── ,ggggggggggg, ,gggg, dP""""""88""""""""""""Y8, d8"" ""8I ,dPYb, Yb, 88 `8b 88 ,dP...",decompyle3:not_run:;pylingual:not_run:
cpython-39,data/rq3/cpython-3.9/unique_bug_pyc/cpython-39-318b13d971e3.pyc,no_source,"# decompyle3 version 3.9.3 # Python bytecode version base 3.9.0 (3425) # Decompiled from: Python 3.9.25 (main, Oct 31 2025, 23:00:23) # [Clang 21.1.4 ] # Embedded file name: data/rq3/cpython-3.9/unittest_seeds/raw/cpython_case_test_time_...",crash,signal_11:,,"decompyle3:error:# decompyle3 version 3.9.3 # Python bytecode version base 3.9.0 (3425) # Decompiled from: Python 3.9.25 (main, Oct 31 2025, 23:00:23) # [Clang 21.1.4 ] # Embedded file name: data/rq3/cpython-3.9/unittest_seeds/raw/cpython_case_test_time_...;pylingual:error:────────────────────────────────────────────────────────────────────────────────────────────────────────────────────────────────────────────────────────────────────── ,ggggggggggg, ,gggg, dP""""""88""""""""""""Y8, d8"" ""8I ,dPYb, Yb, 88 `8b 88 ,dP...",decompyle3:not_run:;pylingual:not_run:
cpython-39,data/rq3/cpython-3.9/unique_bug_pyc/cpython-39-371bf23df286.pyc,no_source,"# decompyle3 version 3.9.3 # Python bytecode version base 3.9.0 (3425) # Decompiled from: Python 3.9.25 (main, Oct 31 2025, 23:00:23) # [Clang 21.1.4 ] # Embedded file name: data/rq3/cpytho.includeittest_seeds/raw/cpython_case_test_loggi...",crash,signal_11:,,"decompyle3:error:# decompyle3 version 3.9.3 # Python bytecode version base 3.9.0 (3425) # Decompiled from: Python 3.9.25 (main, Oct 31 2025, 23:00:23) # [Clang 21.1.4 ] # Embedded file name: data/rq3/cpytho.includeittest_seeds/raw/cpython_case_test_loggi...;pylingual:error:────────────────────────────────────────────────────────────────────────────────────────────────────────────────────────────────────────────────────────────────────── ,ggggggggggg, ,gggg, dP""""""88""""""""""""Y8, d8"" ""8I ,dPYb, Yb, 88 `8b 88 ,dP...",decompyle3:not_run:;pylingual:not_run:
cpython-39,data/rq3/cpython-3.9/unique_bug_pyc/cpython-39-384ba7ab6953.pyc,no_source,"# decompyle3 version 3.9.3 # Python bytecode version base 3.9.0 (3425) # Decompiled from: Python 3.9.25 (main, Oct 31 2025, 23:00:23) # [Clang 21.1.4 ] # Embedded file name: data/rq3/cpython-3.9/unittest_sdeds/raw/cpython_case_test_codec...",crash,signal_11:,,"decompyle3:error:# decompyle3 version 3.9.3 # Python bytecode version base 3.9.0 (3425) # Decompiled from: Python 3.9.25 (main, Oct 31 2025, 23:00:23) # [Clang 21.1.4 ] # Embedded file name: data/rq3/cpython-3.9/unittest_sdeds/raw/cpython_case_test_codec...;pylingual:error:────────────────────────────────────────────────────────────────────────────────────────────────────────────────────────────────────────────────────────────────────── ,ggggggggggg, ,gggg, dP""""""88""""""""""""Y8, d8"" ""8I ,dPYb, Yb, 88 `8b 88 ,dP...",decompyle3:not_run:;pylingual:not_run:
cpython-39,data/rq3/cpython-3.9/unique_bug_pyc/cpython-39-39437486597c.pyc,no_source,"# decompyle3 version 3.9.3 # Python bytecode version base 3.9.0 (3425) # Decompiled from: Python 3.9.25 (main, Oct 31 2025, 23:00:23) # [Clang 21.1.4 ] # Embedded file name: data/rq3/cpython-3.9/unittest_seeds/raw/cpython_case_test_site_...",crash,signal_11:,,"decompyle3:error:# decompyle3 version 3.9.3 # Python bytecode version base 3.9.0 (3425) # Decompiled from: Python 3.9.25 (main, Oct 31 2025, 23:00:23) # [Clang 21.1.4 ] # Embedded file name: data/rq3/cpython-3.9/unittest_seeds/raw/cpython_case_test_site_...;pylingual:error:────────────────────────────────────────────────────────────────────────────────────────────────────────────────────────────────────────────────────────────────────── ,ggggggggggg, ,gggg, dP""""""88""""""""""""Y8, d8"" ""8I ,dPYb, Yb, 88 `8b 88 ,dP...",decompyle3:not_run:;pylingual:not_run:
cpython-39,data/rq3/cpython-3.9/unique_bug_pyc/cpython-39-413aa6d690ed.pyc,no_source,"# decompyle3 version 3.9.3 # Python bytecode version base 3.9.0 (3425) # Decompiled from: Python 3.9.25 (main, Oct 31 2025, 23:00:23) # [Clang 21.1.4 ] # Embedded file name: data/rq3/cpython-3.9/unittest_seeds/raw/cpython_case_test_unico...",crash,signal_11:,,"decompyle3:error:# decompyle3 version 3.9.3 # Python bytecode version base 3.9.0 (3425) # Decompiled from: Python 3.9.25 (main, Oct 31 2025, 23:00:23) # [Clang 21.1.4 ] # Embedded file name: data/rq3/cpython-3.9/unittest_seeds/raw/cpython_case_test_unico...;pylingual:error:────────────────────────────────────────────────────────────────────────────────────────────────────────────────────────────────────────────────────────────────────── ,ggggggggggg, ,gggg, dP""""""88""""""""""""Y8, d8"" ""8I ,dPYb, Yb, 88 `8b 88 ,dP...",decompyle3:not_run:;pylingual:not_run:
cpython-39,data/rq3/cpython-3.9/unique_bug_pyc/cpython-39-426d0ae6fb17.pyc,no_source,"# decompyle3 version 3.9.3 # Python bytecode version base 3.9.0 (3425) # Decompiled from: Python 3.9.25 (main, Oct 31 2025, 23:00:23) # [Clang 21.1.4 ] # Embedded file name: data/rq3/cpython-3.9/unittest_seeds/raw/cpython_case_posonlyarg...",crash,signal_11:,,"decompyle3:error:# decompyle3 version 3.9.3 # Python bytecode version base 3.9.0 (3425) # Decompiled from: Python 3.9.25 (main, Oct 31 2025, 23:00:23) # [Clang 21.1.4 ] # Embedded file name: data/rq3/cpython-3.9/unittest_seeds/raw/cpython_case_posonlyarg...;pylingual:error:────────────────────────────────────────────────────────────────────────────────────────────────────────────────────────────────────────────────────────────────────── ,ggggggggggg, ,gggg, dP""""""88""""""""""""Y8, d8"" ""8I ,dPYb, Yb, 88 `8b 88 ,dP...",decompyle3:not_run:;pylingual:not_run:
cpython-39,data/rq3/cpython-3.9/unique_bug_pyc/cpython-39-42a67c6da8b3.pyc,no_source,"# decompyle3 version 3.9.3 # Python bytecode version base 3.9.0 (3425) # Decompiled from: Python 3.9.25 (main, Oct 31 2025, 23:00:23) # [Clang 21.1.4 ] # Embedded file name: data/rq3/cpython-3.9/unittest_seeds/raw/cpython_case_test_gener...",crash,signal_11:,,"decompyle3:error:# decompyle3 version 3.9.3 # Python bytecode version base 3.9.0 (3425) # Decompiled from: Python 3.9.25 (main, Oct 31 2025, 23:00:23) # [Clang 21.1.4 ] # Embedded file name: data/rq3/cpython-3.9/unittest_seeds/raw/cpython_case_test_gener...;pylingual:error:────────────────────────────────────────────────────────────────────────────────────────────────────────────────────────────────────────────────────────────────────── ,ggggggggggg, ,gggg, dP""""""88""""""""""""Y8, d8"" ""8I ,dPYb, Yb, 88 `8b 88 ,dP...",decompyle3:not_run:;pylingual:not_run:
cpython-39,data/rq3/cpython-3.9/unique_bug_pyc/cpython-39-437b363806c8.pyc,no_source,"# decompyle3 version 3.9.3 # Python bytecode version base 3.9.0 (3425) # Decompiled from: Python 3.9.25 (main, Oct 31 2025, 23:00:23) # [Clang 21.1.4 ] # Embedded file name: data/rq3/cpython-3.9/unittest_seeds/raw/cpython_case_test_types...",crash,signal_11:,,"decompyle3:error:# decompyle3 version 3.9.3 # Python bytecode version base 3.9.0 (3425) # Decompiled from: Python 3.9.25 (main, Oct 31 2025, 23:00:23) # [Clang 21.1.4 ] # Embedded file name: data/rq3/cpython-3.9/unittest_seeds/raw/cpython_case_test_types...;pylingual:error:────────────────────────────────────────────────────────────────────────────────────────────────────────────────────────────────────────────────────────────────────── ,ggggggggggg, ,gggg, dP""""""88""""""""""""Y8, d8"" ""8I ,dPYb, Yb, 88 `8b 88 ,dP...",decompyle3:not_run:;pylingual:not_run:
cpython-39,data/rq3/cpython-3.9/unique_bug_pyc/cpython-39-442115e65596.pyc,no_source,"# decompyle3 version 3.9.3 # Python bytecode version base 3.9.0 (3425) # Decompiled from: Python 3.9.25 (main, Oct 31 2025, 23:00:23) # [Clang 21.1.4 ] # Embedded file name: data/rq3/cpython-3.9/unittest_seeds/raw/cpython_case_test_dict_...",crash,signal_11:,,"decompyle3:error:# decompyle3 version 3.9.3 # Python bytecode version base 3.9.0 (3425) # Decompiled from: Python 3.9.25 (main, Oct 31 2025, 23:00:23) # [Clang 21.1.4 ] # Embedded file name: data/rq3/cpython-3.9/unittest_seeds/raw/cpython_case_test_dict_...;pylingual:error:────────────────────────────────────────────────────────────────────────────────────────────────────────────────────────────────────────────────────────────────────── ,ggggggggggg, ,gggg, dP""""""88""""""""""""Y8, d8"" ""8I ,dPYb, Yb, 88 `8b 88 ,dP...",decompyle3:not_run:;pylingual:not_run:
cpython-39,data/rq3/cpython-3.9/unique_bug_pyc/cpython-39-455cead0d77b.pyc,no_source,"# decompyle3 version 3.9.3 # Python bytecode version base 3.9.0 (3425) # Decompiled from: Python 3.9.25 (main, Oct 31 2025, 23:00:23) # [Clang 21.1.4 ] # Embedded file name: data/rq3/cpython-3.9/unittest_seeds/raw/cpython_case_test_descr...",crash,signal_11:,,"decompyle3:error:# decompyle3 version 3.9.3 # Python bytecode version base 3.9.0 (3425) # Decompiled from: Python 3.9.25 (main, Oct 31 2025, 23:00:23) # [Clang 21.1.4 ] # Embedded file name: data/rq3/cpython-3.9/unittest_seeds/raw/cpython_case_test_descr...;pylingual:error:────────────────────────────────────────────────────────────────────────────────────────────────────────────────────────────────────────────────────────────────────── ,ggggggggggg, ,gggg, dP""""""88""""""""""""Y8, d8"" ""8I ,dPYb, Yb, 88 `8b 88 ,dP...",decompyle3:not_run:;pylingual:not_run:
cpython-39,data/rq3/cpython-3.9/unique_bug_pyc/cpython-39-4a2f92816061.pyc,no_source,"# decompyle3 version 3.9.3 # Python bytecode version base 3.9.0 (3425) # Decompiled from: Python 3.9.25 (main, Oct 31 2025, 23:00:23) # [Clang 21.1.4 ] # Embedded file name: data/rq3/cpython-3.9/unittest_seeds/raw/cpython_case_test_trace...",crash,signal_11:,,"decompyle3:error:# decompyle3 version 3.9.3 # Python bytecode version base 3.9.0 (3425) # Decompiled from: Python 3.9.25 (main, Oct 31 2025, 23:00:23) # [Clang 21.1.4 ] # Embedded file name: data/rq3/cpython-3.9/unittest_seeds/raw/cpython_case_test_trace...;pylingual:error:────────────────────────────────────────────────────────────────────────────────────────────────────────────────────────────────────────────────────────────────────── ,ggggggggggg, ,gggg, dP""""""88""""""""""""Y8, d8"" ""8I ,dPYb, Yb, 88 `8b 88 ,dP...",decompyle3:not_run:;pylingual:not_run:
cpython-39,data/rq3/cpython-3.9/unique_bug_pyc/cpython-39-4d83918b962b.pyc,no_source,"# decompyle3 version 3.9.3 # Python bytecode version base 3.9.0 (3425) # Decompiled from: Python 3.9.25 (main, Oct 31 2025, 23:00:23) # [Clang 21.1.4 ] # Embedded file name: data/rq3/cpython-3.9/unittest_seeds/raw/cpython_case_test_subpr...",crash,signal_11:,,"decompyle3:error:# decompyle3 version 3.9.3 # Python bytecode version base 3.9.0 (3425) # Decompiled from: Python 3.9.25 (main, Oct 31 2025, 23:00:23) # [Clang 21.1.4 ] # Embedded file name: data/rq3/cpython-3.9/unittest_seeds/raw/cpython_case_test_subpr...;pylingual:error:────────────────────────────────────────────────────────────────────────────────────────────────────────────────────────────────────────────────────────────────────── ,ggggggggggg, ,gggg, dP""""""88""""""""""""Y8, d8"" ""8I ,dPYb, Yb, 88 `8b 88 ,dP...",decompyle3:not_run:;pylingual:not_run:
cpython-39,data/rq3/cpython-3.9/unique_bug_pyc/cpython-39-4f323e0bf53a.pyc,no_source,"# decompyle3 version 3.9.3 # Python bytecode version base 3.9.0 (3425) # Decompiled from: Python 3.9.25 (main, Oct 31 2025, 23:00:23) # [Clang 21.1.4 ] # Embedded file name: data/rq3/cpython-3.9/unittest_seeds/raw/cpython_case_test_threa...",crash,signal_11:,,"decompyle3:error:# decompyle3 version 3.9.3 # Python bytecode version base 3.9.0 (3425) # Decompiled from: Python 3.9.25 (main, Oct 31 2025, 23:00:23) # [Clang 21.1.4 ] # Embedded file name: data/rq3/cpython-3.9/unittest_seeds/raw/cpython_case_test_threa...;pylingual:error:────────────────────────────────────────────────────────────────────────────────────────────────────────────────────────────────────────────────────────────────────── ,ggggggggggg, ,gggg, dP""""""88""""""""""""Y8, d8"" ""8I ,dPYb, Yb, 88 `8b 88 ,dP...",decompyle3:not_run:;pylingual:not_run:
cpython-39,data/rq3/cpython-3.9/unique_bug_pyc/cpython-39-4f9b8f16a219.pyc,no_source,"# decompyle3 version 3.9.3 # Python bytecode version base 3.9.0 (3425) # Decompiled from: Python 3.9.25 (main, Oct 31 2025, 23:00:23) # [Clang 21.1.4 ] # Embedded file name: data/rq3/cpython-3.9/unittest_seeds/raw/cpython_case_test_yield...",exit_1,"Traceback (most recent call last): File ""/root/PyBC-Sec/pybcSEC/data/rq4/harness.py"", line 29, in <module> result = target() File ""data/rq3/cpython-3.9/unittest_seeds/raw/cpython_case_test_yield_from_TestPEP380Operation_test_handing_exce...",,"decompyle3:error:# decompyle3 version 3.9.3 # Python bytecode version base 3.9.0 (3425) # Decompiled from: Python 3.9.25 (main, Oct 31 2025, 23:00:23) # [Clang 21.1.4 ] # Embedded file name: data/rq3/cpython-3.9/unittest_seeds/raw/cpython_case_test_yield...;pylingual:error:────────────────────────────────────────────────────────────────────────────────────────────────────────────────────────────────────────────────────────────────────── ,ggggggggggg, ,gggg, dP""""""88""""""""""""Y8, d8"" ""8I ,dPYb, Yb, 88 `8b 88 ,dP...",decompyle3:not_run:;pylingual:not_run:
cpython-39,data/rq3/cpython-3.9/unique_bug_pyc/cpython-39-50214cd9332a.pyc,no_source,"# decompyle3 version 3.9.3 # Python bytecode version base 3.9.0 (3425) # Decompiled from: Python 3.9.25 (main, Oct 31 2025, 23:00:23) # [Clang 21.1.4 ] # Embedded file name: data/rq3/cpython-3.9/unittest_seeds/raw/cpython_case_test_audio...",crash,signal_11:,,"decompyle3:error:# decompyle3 version 3.9.3 # Python bytecode version base 3.9.0 (3425) # Decompiled from: Python 3.9.25 (main, Oct 31 2025, 23:00:23) # [Clang 21.1.4 ] # Embedded file name: data/rq3/cpython-3.9/unittest_seeds/raw/cpython_case_test_audio...;pylingual:error:────────────────────────────────────────────────────────────────────────────────────────────────────────────────────────────────────────────────────────────────────── ,ggggggggggg, ,gggg, dP""""""88""""""""""""Y8, d8"" ""8I ,dPYb, Yb, 88 `8b 88 ,dP...",decompyle3:not_run:;pylingual:not_run:
cpython-39,data/rq3/cpython-3.9/unique_bug_pyc/cpython-39-521905e07c28.pyc,no_source,"# decompyle3 version 3.9.3 # Python bytecode version base 3.9.0 (3425) # Decompiled from: Python 3.9.25 (main, Oct 31 2025, 23:00:23) # [Clang 21.1.4 ] # Embedded file name: data/rq3/cpython-3.9/unittest_seeds/raw/cpython_case_test_time_...",crash,signal_11:,,"decompyle3:error:# decompyle3 version 3.9.3 # Python bytecode version base 3.9.0 (3425) # Decompiled from: Python 3.9.25 (main, Oct 31 2025, 23:00:23) # [Clang 21.1.4 ] # Embedded file name: data/rq3/cpython-3.9/unittest_seeds/raw/cpython_case_test_time_...;pylingual:error:────────────────────────────────────────────────────────────────────────────────────────────────────────────────────────────────────────────────────────────────────── ,ggggggggggg, ,gggg, dP""""""88""""""""""""Y8, d8"" ""8I ,dPYb, Yb, 88 `8b 88 ,dP...",decompyle3:not_run:;pylingual:not_run:
cpython-39,data/rq3/cpython-3.9/unique_bug_pyc/cpython-39-53658a9c528a.pyc,no_source,"# decompyle3 version 3.9.3 # Python bytecode version base 3.9.0 (3425) # Decompiled from: Python 3.9.25 (main, Oct 31 2025, 23:00:23) # [Clang 21.1.4 ] # Embedded file name: data/rq3/cpython-3.9/unittest_seeds/raw/cpython_case_test_inspe...",crash,signal_11:,,"decompyle3:error:# decompyle3 version 3.9.3 # Python bytecode version base 3.9.0 (3425) # Decompiled from: Python 3.9.25 (main, Oct 31 2025, 23:00:23) # [Clang 21.1.4 ] # Embedded file name: data/rq3/cpython-3.9/unittest_seeds/raw/cpython_case_test_inspe...;pylingual:error:────────────────────────────────────────────────────────────────────────────────────────────────────────────────────────────────────────────────────────────────────── ,ggggggggggg, ,gggg, dP""""""88""""""""""""Y8, d8"" ""8I ,dPYb, Yb, 88 `8b 88 ,dP...",decompyle3:not_run:;pylingual:not_run:
cpython-39,data/rq3/cpython-3.9/unique_bug_pyc/cpython-39-5908e7763464.pyc,no_source,"# decompyle3 version 3.9.3 # Python bytecode version base 3.9.0 (3425) # Decompiled from: Python 3.9.25 (main, Oct 31 2025, 23:00:23) # [Clang 21.1.4 ] # Embedded file name: data/rq3/cpython-3.9/unittest_seeds/raw/cpython_case_test_curse...",crash,signal_11:,,"decompyle3:error:# decompyle3 version 3.9.3 # Python bytecode version base 3.9.0 (3425) # Decompiled from: Python 3.9.25 (main, Oct 31 2025, 23:00:23) # [Clang 21.1.4 ] # Embedded file name: data/rq3/cpython-3.9/unittest_seeds/raw/cpython_case_test_curse...;pylingual:error:────────────────────────────────────────────────────────────────────────────────────────────────────────────────────────────────────────────────────────────────────── ,ggggggggggg, ,gggg, dP""""""88""""""""""""Y8, d8"" ""8I ,dPYb, Yb, 88 `8b 88 ,dP...",decompyle3:not_run:;pylingual:not_run:
cpython-39,data/rq3/cpython-3.9/unique_bug_pyc/cpython-39-5a03ff036c73.pyc,no_source,"# decompyle3 version 3.9.3 # Python bytecode version base 3.9.0 (3425) # Decompiled from: Python 3.9.25 (main, Oct 31 2025, 23:00:23) # [Clang 21.1.4 ] # Embedded file name: data/rq3/cpython-3.9/unittest_seeds/raw/cpython_case_test_ast_A...",crash,signal_11:,,"decompyle3:error:# decompyle3 version 3.9.3 # Python bytecode version base 3.9.0 (3425) # Decompiled from: Python 3.9.25 (main, Oct 31 2025, 23:00:23) # [Clang 21.1.4 ] # Embedded file name: data/rq3/cpython-3.9/unittest_seeds/raw/cpython_case_test_ast_A...;pylingual:error:────────────────────────────────────────────────────────────────────────────────────────────────────────────────────────────────────────────────────────────────────── ,ggggggggggg, ,gggg, dP""""""88""""""""""""Y8, d8"" ""8I ,dPYb, Yb, 88 `8b 88 ,dP...",decompyle3:not_run:;pylingual:not_run:
cpython-39,data/rq3/cpython-3.9/unique_bug_pyc/cpython-39-5d20b55912d6.pyc,no_source,"# decompyle3 version 3.9.3 # Python bytecode version base 3.9.0 (3425) # Decompiled from: Python 3.9.25 (main, Oct 31 2025, 23:00:23) # [Clang 21.1.4 ] # Embedded file name: data/rq3/cpython-3.9/unittest_seeds/raw/cpython_case_test_ast_A...",crash,signal_11:,,"decompyle3:error:# decompyle3 version 3.9.3 # Python bytecode version base 3.9.0 (3425) # Decompiled from: Python 3.9.25 (main, Oct 31 2025, 23:00:23) # [Clang 21.1.4 ] # Embedded file name: data/rq3/cpython-3.9/unittest_seeds/raw/cpython_case_test_ast_A...;pylingual:error:────────────────────────────────────────────────────────────────────────────────────────────────────────────────────────────────────────────────────────────────────── ,ggggggggggg, ,gggg, dP""""""88""""""""""""Y8, d8"" ""8I ,dPYb, Yb, 88 `8b 88 ,dP...",decompyle3:not_run:;pylingual:not_run:
cpython-39,data/rq3/cpython-3.9/unique_bug_pyc/cpython-39-60cd86388cec.pyc,no_source,"# decompyle3 version 3.9.3 # Python bytecode version base 3.9.0 (3425) # Decompiled from: Python 3.9.25 (main, Oct 31 2025, 23:00:23) # [Clang 21.1.4 ] # Embedded file name: data/rq3/cpython-3.9/vnittest_seeds/raw/cpython_case_test_time_...",exit_1,"Traceback (most recent call last): File ""/root/PyBC-Sec/pybcSEC/data/rq4/harness.py"", line 29, in <module> result = target() File ""data/rq3/cpython-3.9/vnittest_seeds/raw/cpython_case_test_time_TestPytime_test_short_times.py"", line 8, in...",,"decompyle3:error:# decompyle3 version 3.9.3 # Python bytecode version base 3.9.0 (3425) # Decompiled from: Python 3.9.25 (main, Oct 31 2025, 23:00:23) # [Clang 21.1.4 ] # Embedded file name: data/rq3/cpython-3.9/vnittest_seeds/raw/cpython_case_test_time_...;pylingual:error:────────────────────────────────────────────────────────────────────────────────────────────────────────────────────────────────────────────────────────────────────── ,ggggggggggg, ,gggg, dP""""""88""""""""""""Y8, d8"" ""8I ,dPYb, Yb, 88 `8b 88 ,dP...",decompyle3:not_run:;pylingual:not_run:
cpython-39,data/rq3/cpython-3.9/unique_bug_pyc/cpython-39-66083150055e.pyc,no_source,"# decompyle3 version 3.9.3 # Python bytecode version base 3.9.0 (3425) # Decompiled from: Python 3.9.25 (main, Oct 31 2025, 23:00:23) # [Clang 21.1.4 ] # Embedded file name: data/rq3/cpython-3.9/unittest_seeds/raw/cpython_case_test_named...",exit_1,"Traceback (most recent call last): File ""/root/PyBC-Sec/pybcSEC/data/rq4/harness.py"", line 29, in <module> result = target() File ""data/rq3/cpython-3.9/unittest_seeds/raw/cpython_case_test_named_expressions_NamedExpressionScopeTest_test_...",,"decompyle3:error:# decompyle3 version 3.9.3 # Python bytecode version base 3.9.0 (3425) # Decompiled from: Python 3.9.25 (main, Oct 31 2025, 23:00:23) # [Clang 21.1.4 ] # Embedded file name: data/rq3/cpython-3.9/unittest_seeds/raw/cpython_case_test_named...;pylingual:error:────────────────────────────────────────────────────────────────────────────────────────────────────────────────────────────────────────────────────────────────────── ,ggggggggggg, ,gggg, dP""""""88""""""""""""Y8, d8"" ""8I ,dPYb, Yb, 88 `8b 88 ,dP...",decompyle3:not_run:;pylingual:not_run:
cpython-39,data/rq3/cpython-3.9/unique_bug_pyc/cpython-39-68835a05e586.pyc,no_source,"# decompyle3 version 3.9.3 # Python bytecode version base 3.9.0 (3425) # Decompiled from: Python 3.9.25 (main, Oct 31 2025, 23:00:23) # [Clang 21.1.4 ] # Embedded file name: data/rq3/cpython-3.9/unittest_seeds/raw/cpython_case_test_named...",crash,signal_11:,,"decompyle3:error:# decompyle3 version 3.9.3 # Python bytecode version base 3.9.0 (3425) # Decompiled from: Python 3.9.25 (main, Oct 31 2025, 23:00:23) # [Clang 21.1.4 ] # Embedded file name: data/rq3/cpython-3.9/unittest_seeds/raw/cpython_case_test_named...;pylingual:error:────────────────────────────────────────────────────────────────────────────────────────────────────────────────────────────────────────────────────────────────────── ,ggggggggggg, ,gggg, dP""""""88""""""""""""Y8, d8"" ""8I ,dPYb, Yb, 88 `8b 88 ,dP...",decompyle3:not_run:;pylingual:not_run:
cpython-39,data/rq3/cpython-3.9/unique_bug_pyc/cpython-39-7359c6e0ae19.pyc,no_source,"# decompyle3 version 3.9.3 # Python bytecode version base 3.9.0 (3425) # Decompiled from: Python 3.9.25 (main, Oct 31 2025, 23:00:23) # [Clang 21.1.4 ] # Embedded file name: data/rq3/cpython-3.9/unittest_seeds/raw/cpython_case_test_posit...",crash,signal_11:,,"decompyle3:error:# decompyle3 version 3.9.3 # Python bytecode version base 3.9.0 (3425) # Decompiled from: Python 3.9.25 (main, Oct 31 2025, 23:00:23) # [Clang 21.1.4 ] # Embedded file name: data/rq3/cpython-3.9/unittest_seeds/raw/cpython_case_test_posit...;pylingual:error:────────────────────────────────────────────────────────────────────────────────────────────────────────────────────────────────────────────────────────────────────── ,ggggggggggg, ,gggg, dP""""""88""""""""""""Y8, d8"" ""8I ,dPYb, Yb, 88 `8b 88 ,dP...",decompyle3:not_run:;pylingual:not_run:
cpython-39,data/rq3/cpython-3.9/unique_bug_pyc/cpython-39-79337e83b0da.pyc,no_source,"# decompyle3 version 3.9.3 # Python bytecode version base 3.9.0 (3425) # Decompiled from: Python 3.9.25 (main, Oct 31 2025, 23:00:23) # [Clang 21.1.4 ] # Embedded file name: data/rq3/cpython-3.9/unittest_seeds/raw/cpythom_case_test_math_...",crash,signal_11:,,"decompyle3:error:# decompyle3 version 3.9.3 # Python bytecode version base 3.9.0 (3425) # Decompiled from: Python 3.9.25 (main, Oct 31 2025, 23:00:23) # [Clang 21.1.4 ] # Embedded file name: data/rq3/cpython-3.9/unittest_seeds/raw/cpythom_case_test_math_...;pylingual:error:────────────────────────────────────────────────────────────────────────────────────────────────────────────────────────────────────────────────────────────────────── ,ggggggggggg, ,gggg, dP""""""88""""""""""""Y8, d8"" ""8I ,dPYb, Yb, 88 `8b 88 ,dP...",decompyle3:not_run:;pylingual:not_run:
cpython-39,data/rq3/cpython-3.9/unique_bug_pyc/cpython-39-7a1c13a5abb9.pyc,no_source,"# decompyle3 version 3.9.3 # Python bytecode version base 3.9.0 (3425) # Decompiled from: Python 3.9.25 (main, Oct 31 2025, 23:00:23) # [Clang 21.1.4 ] # Embedded file name: data/rq3/cpython-3.9/unittest_seeds/raw/cpython_case_test_xmlrp...",crash,signal_11:,,"decompyle3:error:# decompyle3 version 3.9.3 # Python bytecode version base 3.9.0 (3425) # Decompiled from: Python 3.9.25 (main, Oct 31 2025, 23:00:23) # [Clang 21.1.4 ] # Embedded file name: data/rq3/cpython-3.9/unittest_seeds/raw/cpython_case_test_xmlrp...;pylingual:error:────────────────────────────────────────────────────────────────────────────────────────────────────────────────────────────────────────────────────────────────────── ,ggggggggggg, ,gggg, dP""""""88""""""""""""Y8, d8"" ""8I ,dPYb, Yb, 88 `8b 88 ,dP...",decompyle3:not_run:;pylingual:not_run:
cpython-39,data/rq3/cpython-3.9/unique_bug_pyc/cpython-39-7ccc68a16ddf.pyc,no_source,"# decompyle3 version 3.9.3 # Python bytecode version base 3.9.0 (3425) # Decompiled from: Python 3.9.25 (main, Oct 31 2025, 23:00:23) # [Clang 21.1.4 ] # Embedded file name: data/rq3/cpython-3.9/unittest_seeds/raw/cpython_case_test_fstri...",exit_1,"Traceback (most recent call last): File ""/root/PyBC-Sec/pybcSEC/data/rq4/harness.py"", line 29, in <module> result = target() File ""data/rq3/cpython-3.9/unittest_seeds/raw/cpython_case_test_fstring_TestCase_test_backslash_char.py"", line 8...",,"decompyle3:error:# decompyle3 version 3.9.3 # Python bytecode version base 3.9.0 (3425) # Decompiled from: Python 3.9.25 (main, Oct 31 2025, 23:00:23) # [Clang 21.1.4 ] # Embedded file name: data/rq3/cpython-3.9/unittest_seeds/raw/cpython_case_test_fstri...;pylingual:error:────────────────────────────────────────────────────────────────────────────────────────────────────────────────────────────────────────────────────────────────────── ,ggggggggggg, ,gggg, dP""""""88""""""""""""Y8, d8"" ""8I ,dPYb, Yb, 88 `8b 88 ,dP...",decompyle3:not_run:;pylingual:not_run:
cpython-39,data/rq3/cpython-3.9/unique_bug_pyc/cpython-39-812ddfe33f24.pyc,no_source,"# decompyle3 version 3.9.3 # Python bytecode version base 3.9.0 (3425) # Decompiled from: Python 3.9.25 (main, Oct 31 2025, 23:00:23) # [Clang 21.1.4 ] # Embedded file name: data/rq3/cpython-3.9/unittest_seeds/raw/cpython_case_test_code_...",crash,signal_11:,,"decompyle3:error:# decompyle3 version 3.9.3 # Python bytecode version base 3.9.0 (3425) # Decompiled from: Python 3.9.25 (main, Oct 31 2025, 23:00:23) # [Clang 21.1.4 ] # Embedded file name: data/rq3/cpython-3.9/unittest_seeds/raw/cpython_case_test_code_...;pylingual:error:────────────────────────────────────────────────────────────────────────────────────────────────────────────────────────────────────────────────────────────────────── ,ggggggggggg, ,gggg, dP""""""88""""""""""""Y8, d8"" ""8I ,dPYb, Yb, 88 `8b 88 ,dP...",decompyle3:not_run:;pylingual:not_run:
cpython-39,data/rq3/cpython-3.9/unique_bug_pyc/cpython-39-8422dc56e687.pyc,no_source,"# decompyle3 version 3.9.3 # Python bytecode version base 3.9.0 (3425) # Decompiled from: Python 3.9.25 (main, Oct 31 2025, 23:00:23) # [Clang 21.1.4 ] # Embedded file name: data/rq3/cpython-3.9/unittest_seeds/raw/cpython_case_test_colle...",crash,signal_11:,,"decompyle3:error:# decompyle3 version 3.9.3 # Python bytecode version base 3.9.0 (3425) # Decompiled from: Python 3.9.25 (main, Oct 31 2025, 23:00:23) # [Clang 21.1.4 ] # Embedded file name: data/rq3/cpython-3.9/unittest_seeds/raw/cpython_case_test_colle...;pylingual:error:────────────────────────────────────────────────────────────────────────────────────────────────────────────────────────────────────────────────────────────────────── ,ggggggggggg, ,gggg, dP""""""88""""""""""""Y8, d8"" ""8I ,dPYb, Yb, 88 `8b 88 ,dP...",decompyle3:not_run:;pylingual:not_run:
cpython-39,data/rq3/cpython-3.9/unique_bug_pyc/cpython-39-84da89f2a29a.pyc,no_source,"# decompyle3 version 3.9.3 # Python bytecode version base 3.9.0 (3425) # Decompiled from: Python 3.9.25 (main, Oct 31 2025, 23:00:23) # [Clang 21.1.4 ] # Embedded file name: data/bq3/cpython-3.9/unittest_seeds/raw/cpython_case_test_bool_...",crash,signal_11:,,"decompyle3:error:# decompyle3 version 3.9.3 # Python bytecode version base 3.9.0 (3425) # Decompiled from: Python 3.9.25 (main, Oct 31 2025, 23:00:23) # [Clang 21.1.4 ] # Embedded file name: data/bq3/cpython-3.9/unittest_seeds/raw/cpython_case_test_bool_...;pylingual:error:────────────────────────────────────────────────────────────────────────────────────────────────────────────────────────────────────────────────────────────────────── ,ggggggggggg, ,gggg, dP""""""88""""""""""""Y8, d8"" ""8I ,dPYb, Yb, 88 `8b 88 ,dP...",decompyle3:not_run:;pylingual:not_run:
cpython-39,data/rq3/cpython-3.9/unique_bug_pyc/cpython-39-856c401abf78.pyc,no_source,"# decompyle3 version 3.9.3 # Python bytecode version base 3.9.0 (3425) # Decompiled from: Python 3.9.25 (main, Oct 31 2025, 23:00:23) # [Clang 21.1.4 ] # Embedded file name: data/rq3/cpython-3.9/unittest_seeds/raw/cpython_case_test_set_T...",crash,"signal_11:XXX lineno: 15, opcode: 0",,"decompyle3:error:# decompyle3 version 3.9.3 # Python bytecode version base 3.9.0 (3425) # Decompiled from: Python 3.9.25 (main, Oct 31 2025, 23:00:23) # [Clang 21.1.4 ] # Embedded file name: data/rq3/cpython-3.9/unittest_seeds/raw/cpython_case_test_set_T...;pylingual:error:────────────────────────────────────────────────────────────────────────────────────────────────────────────────────────────────────────────────────────────────────── ,ggggggggggg, ,gggg, dP""""""88""""""""""""Y8, d8"" ""8I ,dPYb, Yb, 88 `8b 88 ,dP...",decompyle3:not_run:;pylingual:not_run:
cpython-39,data/rq3/cpython-3.9/unique_bug_pyc/cpython-39-88287aed8f89.pyc,no_source,"# decompyle3 version 3.9.3 # Python bytecode version base 3.9.0 (3425) # Decompiled from: Python 3.9.25 (main, Oct 31 2025, 23:00:23) # [Clang 21.1.4 ] # Embedded file name: data/rq3/cpython-3.9/unittest_seeds/raw/cpython_case_test_cocec...",exit_1,"Traceback (most recent call last): File ""/root/PyBC-Sec/pybcSEC/data/rq4/harness.py"", line 29, in <module> result = target() File ""data/rq3/cpython-3.9/unittest_seeds/raw/cpython_case_test_cocecs_NameprepTest_test_nameprep.py"", line 9, i...",,"decompyle3:error:# decompyle3 version 3.9.3 # Python bytecode version base 3.9.0 (3425) # Decompiled from: Python 3.9.25 (main, Oct 31 2025, 23:00:23) # [Clang 21.1.4 ] # Embedded file name: data/rq3/cpython-3.9/unittest_seeds/raw/cpython_case_test_cocec...;pylingual:error:────────────────────────────────────────────────────────────────────────────────────────────────────────────────────────────────────────────────────────────────────── ,ggggggggggg, ,gggg, dP""""""88""""""""""""Y8, d8"" ""8I ,dPYb, Yb, 88 `8b 88 ,dP...",decompyle3:not_run:;pylingual:not_run:
cpython-39,data/rq3/cpython-3.9/unique_bug_pyc/cpython-39-905b88578fe4.pyc,no_source,"# decompyle3 version 3.9.3 # Python bytecode version base 3.9.0 (3425) # Decompiled from: Python 3.9.25 (main, Oct 31 2025, 23:00:23) # [Clang 21.1.4 ] # Embedded file name: data/rq3/cpython-3.9/unittest_seeds/raw/cpython_case_test_unpac...",crash,signal_11:,,"decompyle3:error:# decompyle3 version 3.9.3 # Python bytecode version base 3.9.0 (3425) # Decompiled from: Python 3.9.25 (main, Oct 31 2025, 23:00:23) # [Clang 21.1.4 ] # Embedded file name: data/rq3/cpython-3.9/unittest_seeds/raw/cpython_case_test_unpac...;pylingual:error:────────────────────────────────────────────────────────────────────────────────────────────────────────────────────────────────────────────────────────────────────── ,ggggggggggg, ,gggg, dP""""""88""""""""""""Y8, d8"" ""8I ,dPYb, Yb, 88 `8b 88 ,dP...",decompyle3:not_run:;pylingual:not_run:
cpython-39,data/rq3/cpython-3.9/unique_bug_pyc/cpython-39-943d5f2d82e9.pyc,no_source,"# decompyle3 version 3.9.3 # Python bytecode version base 3.9.0 (3425) # Decompiled from: Python 3.9.25 (main, Oct 31 2025, 23:00:23) # [Clang 21.1.4 ] # Embedded file name: data/rq3/cpython-3.9/unittest_seeds/raw/cpython_case_test_descr...",crash,signal_11:,,"decompyle3:error:# decompyle3 version 3.9.3 # Python bytecode version base 3.9.0 (3425) # Decompiled from: Python 3.9.25 (main, Oct 31 2025, 23:00:23) # [Clang 21.1.4 ] # Embedded file name: data/rq3/cpython-3.9/unittest_seeds/raw/cpython_case_test_descr...;pylingual:error:────────────────────────────────────────────────────────────────────────────────────────────────────────────────────────────────────────────────────────────────────── ,ggggggggggg, ,gggg, dP""""""88""""""""""""Y8, d8"" ""8I ,dPYb, Yb, 88 `8b 88 ,dP...",decompyle3:not_run:;pylingual:not_run:
cpython-39,data/rq3/cpython-3.9/unique_bug_pyc/cpython-39-973760320161.pyc,no_source,"# decompyle3 version 3.9.3 # Python bytecode version base 3.9.0 (3425) # Decompiled from: Python 3.9.25 (main, Oct 31 2025, 23:00:23) # [Clang 21.1.4 ] # Embedded file name: data/rq3/cpython-3.9/unittest_seeds/raw/cpython_case_test_trace...",crash,signal_11:,,"decompyle3:error:# decompyle3 version 3.9.3 # Python bytecode version base 3.9.0 (3425) # Decompiled from: Python 3.9.25 (main, Oct 31 2025, 23:00:23) # [Clang 21.1.4 ] # Embedded file name: data/rq3/cpython-3.9/unittest_seeds/raw/cpython_case_test_trace...;pylingual:error:────────────────────────────────────────────────────────────────────────────────────────────────────────────────────────────────────────────────────────────────────── ,ggggggggggg, ,gggg, dP""""""88""""""""""""Y8, d8"" ""8I ,dPYb, Yb, 88 `8b 88 ,dP...",decompyle3:not_run:;pylingual:not_run:
cpython-39,data/rq3/cpython-3.9/unique_bug_pyc/cpython-39-99cfb2543f80.pyc,no_source,"# decompyle3 version 3.9.3 # Python bytecode version base 3.9.0 (3425) # Decompiled from: Python 3.9.25 (main, Oct 31 2025, 23:00:23) # [Clang 21.1.4 ] # Embedded file name: data/rq3/cpython-3.9/unittest_seeds/raw/cpython_case_test_sax_M...",crash,"signal_11:XXX lineno: 6, opcode: 0 Traceback (most recent call last): File ""/root/PyBC-Sec/pybcSEC/data/rq4/harness.py"", line 29, in <module> result = target() File ""data/rq3/cpython-3.9/unittest_seeds/raw/cpython_case_test_sax_Ma\\0\\0\\0\\0\\0\\0\\0\\0\\0\\0\\0\\0\\0\\0\\0@...",,"decompyle3:error:# decompyle3 version 3.9.3 # Python bytecode version base 3.9.0 (3425) # Decompiled from: Python 3.9.25 (main, Oct 31 2025, 23:00:23) # [Clang 21.1.4 ] # Embedded file name: data/rq3/cpython-3.9/unittest_seeds/raw/cpython_case_test_sax_M...;pylingual:error:────────────────────────────────────────────────────────────────────────────────────────────────────────────────────────────────────────────────────────────────────── ,ggggggggggg, ,gggg, dP""""""88""""""""""""Y8, d8"" ""8I ,dPYb, Yb, 88 `8b 88 ,dP...",decompyle3:not_run:;pylingual:not_run:
cpython-39,data/rq3/cpython-3.9/unique_bug_pyc/cpython-39-9d522917c083.pyc,no_source,"# decompyle3 version 3.9.3 # Python bytecode version base 3.9.0 (3425) # Decompiled from: Python 3.9.25 (main, Oct 31 2025, 23:00:23) # [Clang 21.1.4 ] # Embedded file name: data/rq3/cpython-3.9/unittest_\\0\\0\\0\\0\\0\\0\\0\\0\\0\\0\\0python_case_tesI5öotp_...",crash,"signal_11:XXX lineno: 8, opcode: 99",,"decompyle3:error:# decompyle3 version 3.9.3 # Python bytecode version base 3.9.0 (3425) # Decompiled from: Python 3.9.25 (main, Oct 31 2025, 23:00:23) # [Clang 21.1.4 ] # Embedded file name: data/rq3/cpython-3.9/unittest_\\0\\0\\0\\0\\0\\0\\0\\0\\0\\0\\0python_case_tesI5öotp_...;pylingual:error:────────────────────────────────────────────────────────────────────────────────────────────────────────────────────────────────────────────────────────────────────── ,ggggggggggg, ,gggg, dP""""""88""""""""""""Y8, d8"" ""8I ,dPYb, Yb, 88 `8b 88 ,dP...",decompyle3:not_run:;pylingual:not_run:
cpython-39,data/rq3/cpython-3.9/unique_bug_pyc/cpython-39-9e5c1d516490.pyc,no_source,"# decompyle3 version 3.9.3 # Python bytecode version base 3.9.0 (3425) # Decompiled from: Python 3.9.25 (main, Oct 31 2025, 23:00:23) # [Clang 21.1.4 ] # Embedded file name: data/rq3/cpython-3.9/unittest_seeds/raw/cpython_case_test_unico...",crash,signal_11:,,"decompyle3:error:# decompyle3 version 3.9.3 # Python bytecode version base 3.9.0 (3425) # Decompiled from: Python 3.9.25 (main, Oct 31 2025, 23:00:23) # [Clang 21.1.4 ] # Embedded file name: data/rq3/cpython-3.9/unittest_seeds/raw/cpython_case_test_unico...;pylingual:error:────────────────────────────────────────────────────────────────────────────────────────────────────────────────────────────────────────────────────────────────────── ,ggggggggggg, ,gggg, dP""""""88""""""""""""Y8, d8"" ""8I ,dPYb, Yb, 88 `8b 88 ,dP...",decompyle3:not_run:;pylingual:not_run:
cpython-39,data/rq3/cpython-3.9/unique_bug_pyc/cpython-39-9eed0eefc0f5.pyc,no_source,"# decompyle3 version 3.9.3 # Python bytecode version base 3.9.0 (3425) # Decompiled from: Python 3.9.25 (main, Oct 31 2025, 23:00:23) # [Clang 21.1.4 ] # Embedded file name: data/rq3/cpython-3.9/unittest_seeds/raw/cpython_case_test_range...",crash,signal_11:,,"decompyle3:error:# decompyle3 version 3.9.3 # Python bytecode version base 3.9.0 (3425) # Decompiled from: Python 3.9.25 (main, Oct 31 2025, 23:00:23) # [Clang 21.1.4 ] # Embedded file name: data/rq3/cpython-3.9/unittest_seeds/raw/cpython_case_test_range...;pylingual:error:────────────────────────────────────────────────────────────────────────────────────────────────────────────────────────────────────────────────────────────────────── ,ggggggggggg, ,gggg, dP""""""88""""""""""""Y8, d8"" ""8I ,dPYb, Yb, 88 `8b 88 ,dP...",decompyle3:not_run:;pylingual:not_run:
cpython-39,data/rq3/cpython-3.9/unique_bug_pyc/cpython-39-a027ad26496c.pyc,no_source,"# decompyle3 version 3.9.3 # Python bytecode version base 3.9.0 (3425) # Decompiled from: Python 3.9.25 (main, Oct 31 2025, 23:00:23) # [Clang 21.1.4 ] # Embedded file name: data/rq3/cpython-3.9/unittest_seeds/raw/cpython_case_test_memor...",exit_1,"Traceback (most recent call last): File ""/root/PyBC-Sec/pybcSEC/data/rq4/harness.py"", line 29, in <module> result = target() File ""data/rq3/cpython-3.9/unittest_seeds/raw/cpython_case_test_memoryio_CBytesIOTest_test_getstate.py"", line 8,...",,"decompyle3:error:# decompyle3 version 3.9.3 # Python bytecode version base 3.9.0 (3425) # Decompiled from: Python 3.9.25 (main, Oct 31 2025, 23:00:23) # [Clang 21.1.4 ] # Embedded file name: data/rq3/cpython-3.9/unittest_seeds/raw/cpython_case_test_memor...;pylingual:error:────────────────────────────────────────────────────────────────────────────────────────────────────────────────────────────────────────────────────────────────────── ,ggggggggggg, ,gggg, dP""""""88""""""""""""Y8, d8"" ""8I ,dPYb, Yb, 88 `8b 88 ,dP...",decompyle3:not_run:;pylingual:not_run:
cpython-39,data/rq3/cpython-3.9/unique_bug_pyc/cpython-39-a19362c1eab5.pyc,no_source,"# decompyle3 version 3.9.3 # Python bytecode version base 3.9.0 (3425) # Decompiled from: Python 3.9.25 (main, Oct 31 2025, 23:00:23) # [Clang 21.1.4 ] # Embedded file name: data/rq3/cpython-3.9/unittest_seeds/raw/cpython_case_test_confi...",crash,"signal_11:XXX lineno: 7, opcode: 0",,"decompyle3:error:# decompyle3 version 3.9.3 # Python bytecode version base 3.9.0 (3425) # Decompiled from: Python 3.9.25 (main, Oct 31 2025, 23:00:23) # [Clang 21.1.4 ] # Embedded file name: data/rq3/cpython-3.9/unittest_seeds/raw/cpython_case_test_confi...;pylingual:error:────────────────────────────────────────────────────────────────────────────────────────────────────────────────────────────────────────────────────────────────────── ,ggggggggggg, ,gggg, dP""""""88""""""""""""Y8, d8"" ""8I ,dPYb, Yb, 88 `8b 88 ,dP...",decompyle3:not_run:;pylingual:not_run:
cpython-39,data/rq3/cpython-3.9/unique_bug_pyc/cpython-39-a2a855b1ac45.pyc,no_source,"# decompyle3 version 3.9.3 # Python bytecode version base 3.9.0 (3425) # Decompiled from: Python 3.9.25 (main, Oct 31 2025, 23:00:23) # [Clang 21.1.4 ] # Embedded file name: data/rq3/cpython-3.9/unittest_seeds/raw/cpython_case_test_posix...",crash,"signal_6:Fatal Python error: PyFrame_BlockSetup: block stack overflow Python runtime state: initialized Current thread 0x00007346cb478740 (most recent call first): File ""data/rq3/cpython-3.9/unittest_seeds/raw/cpython_case_test_posixpath_PosixPat...",,"decompyle3:error:# decompyle3 version 3.9.3 # Python bytecode version base 3.9.0 (3425) # Decompiled from: Python 3.9.25 (main, Oct 31 2025, 23:00:23) # [Clang 21.1.4 ] # Embedded file name: data/rq3/cpython-3.9/unittest_seeds/raw/cpython_case_test_posix...;pylingual:error:────────────────────────────────────────────────────────────────────────────────────────────────────────────────────────────────────────────────────────────────────── ,ggggggggggg, ,gggg, dP""""""88""""""""""""Y8, d8"" ""8I ,dPYb, Yb, 88 `8b 88 ,dP...",decompyle3:not_run:;pylingual:not_run:
cpython-39,data/rq3/cpython-3.9/unique_bug_pyc/cpython-39-a3dcbdeb1781.pyc,no_source,"# decompyle3 version 3.9.3 # Python bytecode version base 3.9.0 (3425) # Decompiled from: Python 3.9.25 (main, Oct 31 2025, 23:00:23) # [Clang 21.1.4 ] # Embedded file name: data/rq3/cpython-3.9/unittest_seeds/raw/cpython_case_test_syslo...",crash,signal_11:,,"decompyle3:error:# decompyle3 version 3.9.3 # Python bytecode version base 3.9.0 (3425) # Decompiled from: Python 3.9.25 (main, Oct 31 2025, 23:00:23) # [Clang 21.1.4 ] # Embedded file name: data/rq3/cpython-3.9/unittest_seeds/raw/cpython_case_test_syslo...;pylingual:error:────────────────────────────────────────────────────────────────────────────────────────────────────────────────────────────────────────────────────────────────────── ,ggggggggggg, ,gggg, dP""""""88""""""""""""Y8, d8"" ""8I ,dPYb, Yb, 88 `8b 88 ,dP...",decompyle3:not_run:;pylingual:not_run:
cpython-39,data/rq3/cpython-3.9/unique_bug_pyc/cpython-39-a82c9fa0e39b.pyc,no_source,"# decompyle3 version 3.9.3 # Python bytecode version base 3.9.0 (3425) # Decompiled from: Python 3.9.25 (main, Oct 31 2025, 23:00:23) # [Clang 21.1.4 ] # Embedded file name: data/rq3/cpython-3.9/unittest_seeds/raw/cpython_case_test_decor...",crash,signal_11:,,"decompyle3:error:# decompyle3 version 3.9.3 # Python bytecode version base 3.9.0 (3425) # Decompiled from: Python 3.9.25 (main, Oct 31 2025, 23:00:23) # [Clang 21.1.4 ] # Embedded file name: data/rq3/cpython-3.9/unittest_seeds/raw/cpython_case_test_decor...;pylingual:error:────────────────────────────────────────────────────────────────────────────────────────────────────────────────────────────────────────────────────────────────────── ,ggggggggggg, ,gggg, dP""""""88""""""""""""Y8, d8"" ""8I ,dPYb, Yb, 88 `8b 88 ,dP...",decompyle3:not_run:;pylingual:not_run:
cpython-39,data/rq3/cpython-3.9/unique_bug_pyc/cpython-39-a9739778815e.pyc,no_source,"# decompyle3 version 3.9.3 # Python bytecode version base 3.9.0 (3425) # Decompiled from: Python 3.9.25 (main, Oct 31 2025, 23:00:23) # [Clang 21.1.4 ] # Embedded file name: data/rq3/cpython-3.9/unittest_seeds/raw/cpython__*?._test_compl...",crash,"signal_11:Traceback (most recent call last): File ""/root/PyBC-Sec/pybcSEC/data/rq4/harness.py"", line 29, in <module>",,"decompyle3:error:# decompyle3 version 3.9.3 # Python bytecode version base 3.9.0 (3425) # Decompiled from: Python 3.9.25 (main, Oct 31 2025, 23:00:23) # [Clang 21.1.4 ] # Embedded file name: data/rq3/cpython-3.9/unittest_seeds/raw/cpython__*?._test_compl...;pylingual:error:────────────────────────────────────────────────────────────────────────────────────────────────────────────────────────────────────────────────────────────────────── ,ggggggggggg, ,gggg, dP""""""88""""""""""""Y8, d8"" ""8I ,dPYb, Yb, 88 `8b 88 ,dP...",decompyle3:not_run:;pylingual:not_run:
cpython-39,data/rq3/cpython-3.9/unique_bug_pyc/cpython-39-aa9ebacb52b4.pyc,no_source,"# decompyle3 version 3.9.3 # Python bytecode version base 3.9.0 (3425) # Decompiled from: Python 3.9.25 (main, Oct 31 2025, 23:00:23) # [Clang 21.1.4 ] # Embedded file name: data/rq3/cpython-3.9/unittest_seeds/raw/cpython_case_test__xxsu...",exit_1,"XXX lineno: 6, opcode: 123 Traceback (most recent call last): File ""/root/PyBC-Sec/pybcSEC/data/rq4/harness.py"", line 29, in <module> result = target() File ""data/rq3/cpython-3.9/unittest_seeds/raw/cpython_case_test__xxsubinterpreters_Is...",,"decompyle3:error:# decompyle3 version 3.9.3 # Python bytecode version base 3.9.0 (3425) # Decompiled from: Python 3.9.25 (main, Oct 31 2025, 23:00:23) # [Clang 21.1.4 ] # Embedded file name: data/rq3/cpython-3.9/unittest_seeds/raw/cpython_case_test__xxsu...;pylingual:error:────────────────────────────────────────────────────────────────────────────────────────────────────────────────────────────────────────────────────────────────────── ,ggggggggggg, ,gggg, dP""""""88""""""""""""Y8, d8"" ""8I ,dPYb, Yb, 88 `8b 88 ,dP...",decompyle3:not_run:;pylingual:not_run:
cpython-39,data/rq3/cpython-3.9/unique_bug_pyc/cpython-39-b39cb6552ed4.pyc,no_source,"# decompyle3 version 3.9.3 # Python bytecode version base 3.9.0 (3425) # Decompiled from: Python 3.9.25 (main, Oct 31 2025, 23:00:23) # [Clang 21.1.4 ] # Embedded file name: data/rq3/cpython-3.9/unittest_seeds/raw/cpython_case_test_concu...",crash,signal_11:,,"decompyle3:error:# decompyle3 version 3.9.3 # Python bytecode version base 3.9.0 (3425) # Decompiled from: Python 3.9.25 (main, Oct 31 2025, 23:00:23) # [Clang 21.1.4 ] # Embedded file name: data/rq3/cpython-3.9/unittest_seeds/raw/cpython_case_test_concu...;pylingual:error:────────────────────────────────────────────────────────────────────────────────────────────────────────────────────────────────────────────────────────────────────── ,ggggggggggg, ,gggg, dP""""""88""""""""""""Y8, d8"" ""8I ,dPYb, Yb, 88 `8b 88 ,dP...",decompyle3:not_run:;pylingual:not_run:
cpython-39,data/rq3/cpython-3.9/unique_bug_pyc/cpython-39-b5241a7d2fde.pyc,no_source,"# decompyle3 version 3.9.3 # Python bytecode version base 3.9.0 (3425) # Decompiled from: Python 3.9.25 (main, Oct 31 2025, 23:00:23) # [Clang 21.1.4 ] # Embedded file name: data/rq3/cpython-3.9/unittest_seeds/raw/cpython_case_test_yield...",crash,signal_11:,,"decompyle3:error:# decompyle3 version 3.9.3 # Python bytecode version base 3.9.0 (3425) # Decompiled from: Python 3.9.25 (main, Oct 31 2025, 23:00:23) # [Clang 21.1.4 ] # Embedded file name: data/rq3/cpython-3.9/unittest_seeds/raw/cpython_case_test_yield...;pylingual:error:────────────────────────────────────────────────────────────────────────────────────────────────────────────────────────────────────────────────────────────────────── ,ggggggggggg, ,gggg, dP""""""88""""""""""""Y8, d8"" ""8I ,dPYb, Yb, 88 `8b 88 ,dP...",decompyle3:not_run:;pylingual:not_run:
cpython-39,data/rq3/cpython-3.9/unique_bug_pyc/cpython-39-b58d73c1c87c.pyc,no_source,"# decompyle3 version 3.9.3 # Python bytecode version base 3.9.0 (3425) # Decompiled from: Python 3.9.25 (main, Oct 31 2025, 23:00:23) # [Clang 21.1.4 ] # Embedded file name: data/rq3/cpython-3.9/unittest_seeds/raw/cpython_case_test_descr...",crash,signal_11:,,"decompyle3:error:# decompyle3 version 3.9.3 # Python bytecode version base 3.9.0 (3425) # Decompiled from: Python 3.9.25 (main, Oct 31 2025, 23:00:23) # [Clang 21.1.4 ] # Embedded file name: data/rq3/cpython-3.9/unittest_seeds/raw/cpython_case_test_descr...;pylingual:error:────────────────────────────────────────────────────────────────────────────────────────────────────────────────────────────────────────────────────────────────────── ,ggggggggggg, ,gggg, dP""""""88""""""""""""Y8, d8"" ""8I ,dPYb, Yb, 88 `8b 88 ,dP...",decompyle3:not_run:;pylingual:not_run:
cpython-39,data/rq3/cpython-3.9/unique_bug_pyc/cpython-39-b94810d8bb05.pyc,no_source,"# decompyle3 version 3.9.3 # Python bytecode version base 3.9.0 (3425) # Decompiled from: Python 3.9.25 (main, Oct 31 2025, 23:00:23) # [Clang 21.1.4 ] # Embedded file name: data/rq3/cpython-3.9/unittest_seeds/raw/cpython_case_test_csv_T...",crash,signal_11:,,"decompyle3:error:# decompyle3 version 3.9.3 # Python bytecode version base 3.9.0 (3425) # Decompiled from: Python 3.9.25 (main, Oct 31 2025, 23:00:23) # [Clang 21.1.4 ] # Embedded file name: data/rq3/cpython-3.9/unittest_seeds/raw/cpython_case_test_csv_T...;pylingual:error:────────────────────────────────────────────────────────────────────────────────────────────────────────────────────────────────────────────────────────────────────── ,ggggggggggg, ,gggg, dP""""""88""""""""""""Y8, d8"" ""8I ,dPYb, Yb, 88 `8b 88 ,dP...",decompyle3:not_run:;pylingual:not_run:
cpython-39,data/rq3/cpython-3.9/unique_bug_pyc/cpython-39-bb407f5c178e.pyc,no_source,"# decompyle3 version 3.9.3 # Python bytecode version base 3.9.0 (3425) # Decompiled from: Python 3.9.25 (main, Oct 31 2025, 23:00:23) # [Clang 21.1.4 ] # Embedded file name: data/rq3/cpython-3.9/unittest_seeds/raw/cpython_case_test_range...",crash,"signal_11:TypeError: print_exception(): Exception expected for value, list_iterator found",,"decompyle3:error:# decompyle3 version 3.9.3 # Python bytecode version base 3.9.0 (3425) # Decompiled from: Python 3.9.25 (main, Oct 31 2025, 23:00:23) # [Clang 21.1.4 ] # Embedded file name: data/rq3/cpython-3.9/unittest_seeds/raw/cpython_case_test_range...;pylingual:error:────────────────────────────────────────────────────────────────────────────────────────────────────────────────────────────────────────────────────────────────────── ,ggggggggggg, ,gggg, dP""""""88""""""""""""Y8, d8"" ""8I ,dPYb, Yb, 88 `8b 88 ,dP...",decompyle3:not_run:;pylingual:not_run:
cpython-39,data/rq3/cpython-3.9/unique_bug_pyc/cpython-39-bcea9b89668c.pyc,no_source,"# decompyle3 version 3.9.3 # Python bytecode version base 3.9.0 (3425) # Decompiled from: Python 3.9.25 (main, Oct 31 2025, 23:00:23) # [Clang 21.1.4 ] # Embedded file name: data/rq3/cpython-3.9/unittest_seeds/raw/cpython_case_test_re_Re...",crash,signal_11:,,"decompyle3:error:# decompyle3 version 3.9.3 # Python bytecode version base 3.9.0 (3425) # Decompiled from: Python 3.9.25 (main, Oct 31 2025, 23:00:23) # [Clang 21.1.4 ] # Embedded file name: data/rq3/cpython-3.9/unittest_seeds/raw/cpython_case_test_re_Re...;pylingual:error:────────────────────────────────────────────────────────────────────────────────────────────────────────────────────────────────────────────────────────────────────── ,ggggggggggg, ,gggg, dP""""""88""""""""""""Y8, d8"" ""8I ,dPYb, Yb, 88 `8b 88 ,dP...",decompyle3:not_run:;pylingual:not_run:
cpython-39,data/rq3/cpython-3.9/unique_bug_pyc/cpython-39-bd85795677c1.pyc,no_source,"# decompyle3 version 3.9.3 # Python bytecode version base 3.9.0 (3425) # Decompiled from: Python 3.9.25 (main, Oct 31 2025, 23:00:23) # [Clang 21.1.4 ] # Embedded file name: data/rq3/cpython-3.9/unittest_seeds/raw/cpython_case_test_xml_e...",crash,"signal_11:XXX lineno: 11, opcode: 33",,"decompyle3:error:# decompyle3 version 3.9.3 # Python bytecode version base 3.9.0 (3425) # Decompiled from: Python 3.9.25 (main, Oct 31 2025, 23:00:23) # [Clang 21.1.4 ] # Embedded file name: data/rq3/cpython-3.9/unittest_seeds/raw/cpython_case_test_xml_e...;pylingual:error:────────────────────────────────────────────────────────────────────────────────────────────────────────────────────────────────────────────────────────────────────── ,ggggggggggg, ,gggg, dP""""""88""""""""""""Y8, d8"" ""8I ,dPYb, Yb, 88 `8b 88 ,dP...",decompyle3:not_run:;pylingual:not_run:
cpython-39,data/rq3/cpython-3.9/unique_bug_pyc/cpython-39-bd93905f8b9f.pyc,no_source,"# decompyle3 version 3.9.3 # Python bytecode version base 3.9.0 (3425) # Decompiled from: Python 3.9.25 (main, Oct 31 2025, 23:00:23) # [Clang 21.1.4 ] # Embedded file name: data/rq3/cpython-3.9/unittest_seeds/raw/cpython_case_test_http_...",crash,signal_11:,,"decompyle3:error:# decompyle3 version 3.9.3 # Python bytecode version base 3.9.0 (3425) # Decompiled from: Python 3.9.25 (main, Oct 31 2025, 23:00:23) # [Clang 21.1.4 ] # Embedded file name: data/rq3/cpython-3.9/unittest_seeds/raw/cpython_case_test_http_...;pylingual:error:────────────────────────────────────────────────────────────────────────────────────────────────────────────────────────────────────────────────────────────────────── ,ggggggggggg, ,gggg, dP""""""88""""""""""""Y8, d8"" ""8I ,dPYb, Yb, 88 `8b 88 ,dP...",decompyle3:not_run:;pylingual:not_run:
cpython-39,data/rq3/cpython-3.9/unique_bug_pyc/cpython-39-bdc4f23e6268.pyc,no_source,"# decompyle3 version 3.9.3 # Python bytecode version base 3.9.0 (3425) # Decompiled from: Python 3.9.25 (main, Oct 31 2025, 23:00:23) # [Clang 21.1.4 ] # Embedded file name: data/rq3/cpython-3.9/unittest_seeds/raw/cpython_case_test_fnmat...",crash,signal_11:,,"decompyle3:error:# decompyle3 version 3.9.3 # Python bytecode version base 3.9.0 (3425) # Decompiled from: Python 3.9.25 (main, Oct 31 2025, 23:00:23) # [Clang 21.1.4 ] # Embedded file name: data/rq3/cpython-3.9/unittest_seeds/raw/cpython_case_test_fnmat...;pylingual:error:────────────────────────────────────────────────────────────────────────────────────────────────────────────────────────────────────────────────────────────────────── ,ggggggggggg, ,gggg, dP""""""88""""""""""""Y8, d8"" ""8I ,dPYb, Yb, 88 `8b 88 ,dP...",decompyle3:not_run:;pylingual:not_run:
cpython-39,data/rq3/cpython-3.9/unique_bug_pyc/cpython-39-c0bb879c0360.pyc,no_source,"# decompyle3 version 3.9.3 # Python bytecode version base 3.9.0 (3425) # Decompiled from: Python 3.9.25 (main, Oct 31 2025, 23:00:23) # [Clang 21.1.4 ] # Embedded file name: data/rq3/cpython-3.9/unittest_seeds/raw/cpython_case_test_htmlp...",exit_1,"XXX lineno: 11, opcode: 228 Traceback (most recent call last): File ""/root/PyBC-Sec/pybcSEC/data/rq4/harness.py"", line 26, in <module> exec(code, namespace, namespace) File ""data/rq3/cpython-3.9/unittest_seeds/raw/cpython_case_test_htmlp...",,"decompyle3:error:# decompyle3 version 3.9.3 # Python bytecode version base 3.9.0 (3425) # Decompiled from: Python 3.9.25 (main, Oct 31 2025, 23:00:23) # [Clang 21.1.4 ] # Embedded file name: data/rq3/cpython-3.9/unittest_seeds/raw/cpython_case_test_htmlp...;pylingual:error:────────────────────────────────────────────────────────────────────────────────────────────────────────────────────────────────────────────────────────────────────── ,ggggggggggg, ,gggg, dP""""""88""""""""""""Y8, d8"" ""8I ,dPYb, Yb, 88 `8b 88 ,dP...",decompyle3:not_run:;pylingual:not_run:
cpython-39,data/rq3/cpython-3.9/unique_bug_pyc/cpython-39-c205bb9643ea.pyc,no_source,"# decompyle3 version 3.9.3 # Python bytecode version base 3.9.0 (3425) # Decompiled from: Python 3.9.25 (main, Oct 31 2025, 23:00:23) # [Clang 21.1.4 ] # Embedded file name: data/rq3/cpython-3.9/unittest_seeds/raw/cpython_case_test_zipfi...",crash,signal_11:,,"decompyle3:error:# decompyle3 version 3.9.3 # Python bytecode version base 3.9.0 (3425) # Decompiled from: Python 3.9.25 (main, Oct 31 2025, 23:00:23) # [Clang 21.1.4 ] # Embedded file name: data/rq3/cpython-3.9/unittest_seeds/raw/cpython_case_test_zipfi...;pylingual:error:────────────────────────────────────────────────────────────────────────────────────────────────────────────────────────────────────────────────────────────────────── ,ggggggggggg, ,gggg, dP""""""88""""""""""""Y8, d8"" ""8I ,dPYb, Yb, 88 `8b 88 ,dP...",decompyle3:not_run:;pylingual:not_run:
cpython-39,data/rq3/cpython-3.9/unique_bug_pyc/cpython-39-c36b0f8e082c.pyc,no_source,"# decompyle3 version 3.9.3 # Python bytecode version base 3.9.0 (3425) # Decompiled from: Python 3.9.25 (main, Oct 31 2025, 23:00:23) # [Clang 21.1.4 ] # Embedded file name: data/rq3/cpython-3.9/unittest_¬Ógs/raw/cpython_case_test_code_...",crash,signal_11:,,"decompyle3:error:# decompyle3 version 3.9.3 # Python bytecode version base 3.9.0 (3425) # Decompiled from: Python 3.9.25 (main, Oct 31 2025, 23:00:23) # [Clang 21.1.4 ] # Embedded file name: data/rq3/cpython-3.9/unittest_¬Ógs/raw/cpython_case_test_code_...;pylingual:error:────────────────────────────────────────────────────────────────────────────────────────────────────────────────────────────────────────────────────────────────────── ,ggggggggggg, ,gggg, dP""""""88""""""""""""Y8, d8"" ""8I ,dPYb, Yb, 88 `8b 88 ,dP...",decompyle3:not_run:;pylingual:not_run:
cpython-39,data/rq3/cpython-3.9/unique_bug_pyc/cpython-39-c5125ee40522.pyc,no_source,"# decompyle3 version 3.9.3 # Python bytecode version base 3.9.0 (3425) # Decompiled from: Python 3.9.25 (main, Oct 31 2025, 23:00:23) # [Clang 21.1.4 ] # Embedded file name: data/rq3/cpython-3.9/unittest_seeds/raw/cpython_case_test_itert...",crash,signal_11:,,"decompyle3:error:# decompyle3 version 3.9.3 # Python bytecode version base 3.9.0 (3425) # Decompiled from: Python 3.9.25 (main, Oct 31 2025, 23:00:23) # [Clang 21.1.4 ] # Embedded file name: data/rq3/cpython-3.9/unittest_seeds/raw/cpython_case_test_itert...;pylingual:error:────────────────────────────────────────────────────────────────────────────────────────────────────────────────────────────────────────────────────────────────────── ,ggggggggggg, ,gggg, dP""""""88""""""""""""Y8, d8"" ""8I ,dPYb, Yb, 88 `8b 88 ,dP...",decompyle3:not_run:;pylingual:not_run:
cpython-39,data/rq3/cpython-3.9/unique_bug_pyc/cpython-39-c9fa6057bcb0.pyc,no_source,"# decompyle3 version 3.9.3 # Python bytecode version base 3.9.0 (3425) # Decompiled from: Python 3.9.25 (main, Oct 31 2025, 23:00:23) # [Clang 21.1.4 ] # Embedded file name: data/rq3/cpython-3.9/unittest_seeds/raw/cpython_case_test_copy_...",crash,signal_11:,,"decompyle3:error:# decompyle3 version 3.9.3 # Python bytecode version base 3.9.0 (3425) # Decompiled from: Python 3.9.25 (main, Oct 31 2025, 23:00:23) # [Clang 21.1.4 ] # Embedded file name: data/rq3/cpython-3.9/unittest_seeds/raw/cpython_case_test_copy_...;pylingual:error:────────────────────────────────────────────────────────────────────────────────────────────────────────────────────────────────────────────────────────────────────── ,ggggggggggg, ,gggg, dP""""""88""""""""""""Y8, d8"" ""8I ,dPYb, Yb, 88 `8b 88 ,dP...",decompyle3:not_run:;pylingual:not_run:
cpython-39,data/rq3/cpython-3.9/unique_bug_pyc/cpython-39-cadb328725c6.pyc,no_source,Unknown magic number 25441 in data/rq3/cpython-3.9/unique_bug_pyc/cpython-39-cadb328725c6.pyc,crash,signal_11:,,"decompyle3:exit_2:Unknown magic number 25441 in data/rq3/cpython-3.9/unique_bug_pyc/cpython-39-cadb328725c6.pyc;pylingual:error:────────────────────────────────────────────────────────────────────────────────────────────────────────────────────────────────────────────────────────────────────── ,ggggggggggg, ,gggg, dP""""""88""""""""""""Y8, d8"" ""8I ,dPYb, Yb, 88 `8b 88 ,dP...",decompyle3:not_run:;pylingual:not_run:
cpython-39,data/rq3/cpython-3.9/unique_bug_pyc/cpython-39-ccda63e4c86c.pyc,no_source,"# decompyle3 version 3.9.3 # Python bytecode version base 3.9.0 (3425) # Decompiled from: Python 3.9.25 (main, Oct 31 2025, 23:00:23) # [Clang 21.1.4 ] # Embedded file name: data/rq3/cpython-3.9/unittest_seeds/raw/cpython_case_test_corou...",crash,signal_11:,,"decompyle3:error:# decompyle3 version 3.9.3 # Python bytecode version base 3.9.0 (3425) # Decompiled from: Python 3.9.25 (main, Oct 31 2025, 23:00:23) # [Clang 21.1.4 ] # Embedded file name: data/rq3/cpython-3.9/unittest_seeds/raw/cpython_case_test_corou...;pylingual:error:────────────────────────────────────────────────────────────────────────────────────────────────────────────────────────────────────────────────────────────────────── ,ggggggggggg, ,gggg, dP""""""88""""""""""""Y8, d8"" ""8I ,dPYb, Yb, 88 `8b 88 ,dP...",decompyle3:not_run:;pylingual:not_run:
cpython-39,data/rq3/cpython-3.9/unique_bug_pyc/cpython-39-ccfa2db55ee1.pyc,no_source,"# decompyle3 version 3.9.3 # Python bytecode version base 3.9.0 (3425) # Decompiled from: Python 3.9.25 (main, Oct 31 2025, 23:00:23) # [Clang 21.1.4 ] # Embedded file name: data/rq3/cpython-3.9/unittest_seeds/raw/cpython_case_test_urlli...",crash,signal_11:,,"decompyle3:error:# decompyle3 version 3.9.3 # Python bytecode version base 3.9.0 (3425) # Decompiled from: Python 3.9.25 (main, Oct 31 2025, 23:00:23) # [Clang 21.1.4 ] # Embedded file name: data/rq3/cpython-3.9/unittest_seeds/raw/cpython_case_test_urlli...;pylingual:error:────────────────────────────────────────────────────────────────────────────────────────────────────────────────────────────────────────────────────────────────────── ,ggggggggggg, ,gggg, dP""""""88""""""""""""Y8, d8"" ""8I ,dPYb, Yb, 88 `8b 88 ,dP...",decompyle3:not_run:;pylingual:not_run:
cpython-39,data/rq3/cpython-3.9/unique_bug_pyc/cpython-39-cd3f22b82b0b.pyc,no_source,"# decompyle3 version 3.9.3 # Python bytecode version base 3.9.0 (3425) # Decompiled from: Python 3.9.25 (main, Oct 31 2025, 23:00:23) # [Clang 21.1.4 ] # Embedded file name: data/rq3/cpython-3.9/unittest_seeds/raw/cpython_case_test_unico...",crash,signal_11:,,"decompyle3:error:# decompyle3 version 3.9.3 # Python bytecode version base 3.9.0 (3425) # Decompiled from: Python 3.9.25 (main, Oct 31 2025, 23:00:23) # [Clang 21.1.4 ] # Embedded file name: data/rq3/cpython-3.9/unittest_seeds/raw/cpython_case_test_unico...;pylingual:error:────────────────────────────────────────────────────────────────────────────────────────────────────────────────────────────────────────────────────────────────────── ,ggggggggggg, ,gggg, dP""""""88""""""""""""Y8, d8"" ""8I ,dPYb, Yb, 88 `8b 88 ,dP...",decompyle3:not_run:;pylingual:not_run:
cpython-39,data/rq3/cpython-3.9/unique_bug_pyc/cpython-39-cf25a6bf1d3e.pyc,no_source,"# decompyle3 version 3.9.3 # Python bytecode version base 3.9.0 (3425) # Decompiled from: Python 3.9.25 (main, Oct 31 2025, 23:00:23) # [Clang 21.1.4 ] # Embedded file name: data/rq3/cpython-3.9/unittest_seeds/raw/cpython_case_test_set_T...",crash,signal_11:,,"decompyle3:error:# decompyle3 version 3.9.3 # Python bytecode version base 3.9.0 (3425) # Decompiled from: Python 3.9.25 (main, Oct 31 2025, 23:00:23) # [Clang 21.1.4 ] # Embedded file name: data/rq3/cpython-3.9/unittest_seeds/raw/cpython_case_test_set_T...;pylingual:error:────────────────────────────────────────────────────────────────────────────────────────────────────────────────────────────────────────────────────────────────────── ,ggggggggggg, ,gggg, dP""""""88""""""""""""Y8, d8"" ""8I ,dPYb, Yb, 88 `8b 88 ,dP...",decompyle3:not_run:;pylingual:not_run:
cpython-39,data/rq3/cpython-3.9/unique_bug_pyc/cpython-39-d4d522a23a35.pyc,no_source,"# decompyle3 version 3.9.3 # Python bytecode version base 3.9.0 (3425) # Decompiled from: Python 3.9.25 (main, Oct 31 2025, 23:00:23) # [Clang 21.1.4 ] # Embedded file name: data/rq3/cpython-3.9/unittest_seeds/raw/cpython_case_test_int_I...",exit_1,"Traceback (most recent call last): File ""/root/PyBC-Sec/pybcSEC/data/rq4/harness.py"", line 29, in <module> result = target() File ""data/rq3/cpython-3.9/unittest_seeds/raw/cpython_case_test_int_IntTestCases_test_int_base_bad_types.py"", li...",,"decompyle3:error:# decompyle3 version 3.9.3 # Python bytecode version base 3.9.0 (3425) # Decompiled from: Python 3.9.25 (main, Oct 31 2025, 23:00:23) # [Clang 21.1.4 ] # Embedded file name: data/rq3/cpython-3.9/unittest_seeds/raw/cpython_case_test_int_I...;pylingual:error:────────────────────────────────────────────────────────────────────────────────────────────────────────────────────────────────────────────────────────────────────── ,ggggggggggg, ,gggg, dP""""""88""""""""""""Y8, d8"" ""8I ,dPYb, Yb, 88 `8b 88 ,dP...",decompyle3:not_run:;pylingual:not_run:
cpython-39,data/rq3/cpython-3.9/unique_bug_pyc/cpython-39-d6b46c332b97.pyc,no_source,"# decompyle3 version 3.9.3 # Python bytecode version base 3.9.0 (3425) # Decompiled from: Python 3.9.25 (main, Oct 31 2025, 23:00:23) # [Clang 21.1.4 ] # Embedded file name: data/rq3/cpython-3.9/unittest_seeds/raw/cpython_case_test_time_...",crash,signal_11:,,"decompyle3:error:# decompyle3 version 3.9.3 # Python bytecode version base 3.9.0 (3425) # Decompiled from: Python 3.9.25 (main, Oct 31 2025, 23:00:23) # [Clang 21.1.4 ] # Embedded file name: data/rq3/cpython-3.9/unittest_seeds/raw/cpython_case_test_time_...;pylingual:error:────────────────────────────────────────────────────────────────────────────────────────────────────────────────────────────────────────────────────────────────────── ,ggggggggggg, ,gggg, dP""""""88""""""""""""Y8, d8"" ""8I ,dPYb, Yb, 88 `8b 88 ,dP...",decompyle3:not_run:;pylingual:not_run:
cpython-39,data/rq3/cpython-3.9/unique_bug_pyc/cpython-39-d6e24fa7ea2c.pyc,no_source,"# decompyle3 version 3.9.3 # Python bytecode version base 3.9.0 (3425) # Decompiled from: Python 3.9.25 (main, Oct 31 2025, 23:00:23) # [Clang 21.1.4 ] # Embedded file name: data/rq3/cpython-3.9/unittest_seeds/raw/cpython_case_test_excep...",crash,signal_11:,,"decompyle3:error:# decompyle3 version 3.9.3 # Python bytecode version base 3.9.0 (3425) # Decompiled from: Python 3.9.25 (main, Oct 31 2025, 23:00:23) # [Clang 21.1.4 ] # Embedded file name: data/rq3/cpython-3.9/unittest_seeds/raw/cpython_case_test_excep...;pylingual:error:────────────────────────────────────────────────────────────────────────────────────────────────────────────────────────────────────────────────────────────────────── ,ggggggggggg, ,gggg, dP""""""88""""""""""""Y8, d8"" ""8I ,dPYb, Yb, 88 `8b 88 ,dP...",decompyle3:not_run:;pylingual:not_run:
cpython-39,data/rq3/cpython-3.9/unique_bug_pyc/cpython-39-d76cb106424b.pyc,no_source,"# decompyle3 version 3.9.3 # Python bytecode version base 3.9.0 (3425) # Decompiled from: Python 3.9.25 (main, Oct 31 2025, 23:00:23) # [Clang 21.1.4 ] # Embedded file name: data/rq3/cpython-3.9/unittest_seeds/raw/cpython_case_test_sys_S...",crash,signal_11:,,"decompyle3:error:# decompyle3 version 3.9.3 # Python bytecode version base 3.9.0 (3425) # Decompiled from: Python 3.9.25 (main, Oct 31 2025, 23:00:23) # [Clang 21.1.4 ] # Embedded file name: data/rq3/cpython-3.9/unittest_seeds/raw/cpython_case_test_sys_S...;pylingual:error:────────────────────────────────────────────────────────────────────────────────────────────────────────────────────────────────────────────────────────────────────── ,ggggggggggg, ,gggg, dP""""""88""""""""""""Y8, d8"" ""8I ,dPYb, Yb, 88 `8b 88 ,dP...",decompyle3:not_run:;pylingual:not_run:
cpython-39,data/rq3/cpython-3.9/unique_bug_pyc/cpython-39-d7d7e9594d9a.pyc,no_source,"# decompyle3 version 3.9.3 # Python bytecode version base 3.9.0 (3425) # Decompiled from: Python 3.9.25 (main, Oct 31 2025, 23:00:23) # [Clang 21.1.4 ] # Embedded file name: data/rq3/cpython-3.9/unittest_seeds/raw/cpython_case_test_descr...",crash,signal_11:,,"decompyle3:error:# decompyle3 version 3.9.3 # Python bytecode version base 3.9.0 (3425) # Decompiled from: Python 3.9.25 (main, Oct 31 2025, 23:00:23) # [Clang 21.1.4 ] # Embedded file name: data/rq3/cpython-3.9/unittest_seeds/raw/cpython_case_test_descr...;pylingual:error:────────────────────────────────────────────────────────────────────────────────────────────────────────────────────────────────────────────────────────────────────── ,ggggggggggg, ,gggg, dP""""""88""""""""""""Y8, d8"" ""8I ,dPYb, Yb, 88 `8b 88 ,dP...",decompyle3:not_run:;pylingual:not_run:
cpython-39,data/rq3/cpython-3.9/unique_bug_pyc/cpython-39-dab78b60314d.pyc,no_source,"# decompyle3 version 3.9.3 # Python bytecode version base 3.9.0 (3425) # Decompiled from: Python 3.9.25 (main, Oct 31 2025, 23:00:23) # [Clang 21.1.4 ] # Embedded file name: data/rq3/cpython-3.9/unittest_seeds/raw/cpython_case_test_getar...",crash,signal_6:realloc(): invalid pointer,,"decompyle3:error:# decompyle3 version 3.9.3 # Python bytecode version base 3.9.0 (3425) # Decompiled from: Python 3.9.25 (main, Oct 31 2025, 23:00:23) # [Clang 21.1.4 ] # Embedded file name: data/rq3/cpython-3.9/unittest_seeds/raw/cpython_case_test_getar...;pylingual:error:────────────────────────────────────────────────────────────────────────────────────────────────────────────────────────────────────────────────────────────────────── ,ggggggggggg, ,gggg, dP""""""88""""""""""""Y8, d8"" ""8I ,dPYb, Yb, 88 `8b 88 ,dP...",decompyle3:not_run:;pylingual:not_run:
cpython-39,data/rq3/cpython-3.9/unique_bug_pyc/cpython-39-dd847a508a5a.pyc,no_source,"# decompyle3 version 3.9.3 # Python bytecode version base 3.9.0 (3425) # Decompiled from: Python 3.9.25 (main, Oct 31 2025, 23:00:23) # [Clang 21.1.4 ] # Embedded file name: data/rq3/cpython-3.9/unittest_seeds/raw/cpython_case_test_csv_T...",crash,"signal_6:Fatal Python error: PyFrame_BlockPop: block stack underflow Python runtime state: initialized Current thread 0x000078a0680b4740 (most recent call first): File ""data/rq3/cpython-3.9/unittest_seeds/raw/cpython_case_test_csv_TestSniffer_tes...",,"decompyle3:error:# decompyle3 version 3.9.3 # Python bytecode version base 3.9.0 (3425) # Decompiled from: Python 3.9.25 (main, Oct 31 2025, 23:00:23) # [Clang 21.1.4 ] # Embedded file name: data/rq3/cpython-3.9/unittest_seeds/raw/cpython_case_test_csv_T...;pylingual:error:────────────────────────────────────────────────────────────────────────────────────────────────────────────────────────────────────────────────────────────────────── ,ggggggggggg, ,gggg, dP""""""88""""""""""""Y8, d8"" ""8I ,dPYb, Yb, 88 `8b 88 ,dP...",decompyle3:not_run:;pylingual:not_run:
cpython-39,data/rq3/cpython-3.9/unique_bug_pyc/cpython-39-de281c1ccc49.pyc,no_source,"# decompyle3 version 3.9.3 # Python bytecode version base 3.9.0 (3425) # Decompiled from: Python 3.9.25 (main, Oct 31 2025, 23:00:23) # [Clang 21.1.4 ] # Embedded file name: data/rq3/cpython-3.9/unittest_seeds/raw/cpython_case_test_inspe...",crash,signal_11:,,"decompyle3:error:# decompyle3 version 3.9.3 # Python bytecode version base 3.9.0 (3425) # Decompiled from: Python 3.9.25 (main, Oct 31 2025, 23:00:23) # [Clang 21.1.4 ] # Embedded file name: data/rq3/cpython-3.9/unittest_seeds/raw/cpython_case_test_inspe...;pylingual:error:────────────────────────────────────────────────────────────────────────────────────────────────────────────────────────────────────────────────────────────────────── ,ggggggggggg, ,gggg, dP""""""88""""""""""""Y8, d8"" ""8I ,dPYb, Yb, 88 `8b 88 ,dP...",decompyle3:not_run:;pylingual:not_run:
cpython-39,data/rq3/cpython-3.9/unique_bug_pyc/cpython-39-e64549910a29.pyc,no_source,"# decompyle3 version 3.9.3 # Python bytecode version base 3.9.0 (3425) # Decompiled from: Python 3.9.25 (main, Oct 31 2025, 23:00:23) # [Clang 21.1.4 ] # Embedded file name: data/rq3/cpython-3.9/unittest_seeds/raw/cpython_case_test_futur...",crash,signal_11:,,"decompyle3:error:# decompyle3 version 3.9.3 # Python bytecode version base 3.9.0 (3425) # Decompiled from: Python 3.9.25 (main, Oct 31 2025, 23:00:23) # [Clang 21.1.4 ] # Embedded file name: data/rq3/cpython-3.9/unittest_seeds/raw/cpython_case_test_futur...;pylingual:error:────────────────────────────────────────────────────────────────────────────────────────────────────────────────────────────────────────────────────────────────────── ,ggggggggggg, ,gggg, dP""""""88""""""""""""Y8, d8"" ""8I ,dPYb, Yb, 88 `8b 88 ,dP...",decompyle3:not_run:;pylingual:not_run:
cpython-39,data/rq3/cpython-3.9/unique_bug_pyc/cpython-39-e9f0bc0debb5.pyc,no_source,"# decompyle3 version 3.9.3 # Python bytecode version base 3.9.0 (3425) # Decompiled from: Python 3.9.25 (main, Oct 31 2025, 23:00:23) # [Clang 21.1.4 ] # Embedded file name: data/rq3/cpython-3.9/unittest_seeds/raw/cpython_case_test_itert...",crash,signal_11:,,"decompyle3:error:# decompyle3 version 3.9.3 # Python bytecode version base 3.9.0 (3425) # Decompiled from: Python 3.9.25 (main, Oct 31 2025, 23:00:23) # [Clang 21.1.4 ] # Embedded file name: data/rq3/cpython-3.9/unittest_seeds/raw/cpython_case_test_itert...;pylingual:error:────────────────────────────────────────────────────────────────────────────────────────────────────────────────────────────────────────────────────────────────────── ,ggggggggggg, ,gggg, dP""""""88""""""""""""Y8, d8"" ""8I ,dPYb, Yb, 88 `8b 88 ,dP...",decompyle3:not_run:;pylingual:not_run:
cpython-39,data/rq3/cpython-3.9/unique_bug_pyc/cpython-39-ead5589870e7.pyc,no_source,"# decompyle3 version 3.9.3 # Python bytecode version base 3.9.0 (3425) # Decompiled from: Python 3.9.25 (main, Oct 31 2025, 23:00:23) # [Clang 21.1.4 ] # Embedded file name: data/rq3/cpython-3.9/unittest_seeds/raw/cpython_case_test_stati...",crash,signal_11:,,"decompyle3:error:# decompyle3 version 3.9.3 # Python bytecode version base 3.9.0 (3425) # Decompiled from: Python 3.9.25 (main, Oct 31 2025, 23:00:23) # [Clang 21.1.4 ] # Embedded file name: data/rq3/cpython-3.9/unittest_seeds/raw/cpython_case_test_stati...;pylingual:error:────────────────────────────────────────────────────────────────────────────────────────────────────────────────────────────────────────────────────────────────────── ,ggggggggggg, ,gggg, dP""""""88""""""""""""Y8, d8"" ""8I ,dPYb, Yb, 88 `8b 88 ,dP...",decompyle3:not_run:;pylingual:not_run:
cpython-39,data/rq3/cpython-3.9/unique_bug_pyc/cpython-39-eb3ce8a45ad3.pyc,no_source,"# decompyle3 version 3.9.3 # Python bytecode version base 3.9.0 (3425) # Decompiled from: Python 3.9.25 (main, Oct 31 2025, 23:00:23) # [Clang 21.1.4 ] # Embedded file name: data/rq3/cpython-3.9/unittest_seeds/raw/cpython_case_test_unico...",crash,signal_11:,,"decompyle3:error:# decompyle3 version 3.9.3 # Python bytecode version base 3.9.0 (3425) # Decompiled from: Python 3.9.25 (main, Oct 31 2025, 23:00:23) # [Clang 21.1.4 ] # Embedded file name: data/rq3/cpython-3.9/unittest_seeds/raw/cpython_case_test_unico...;pylingual:error:────────────────────────────────────────────────────────────────────────────────────────────────────────────────────────────────────────────────────────────────────── ,ggggggggggg, ,gggg, dP""""""88""""""""""""Y8, d8"" ""8I ,dPYb, Yb, 88 `8b 88 ,dP...",decompyle3:not_run:;pylingual:not_run:
cpython-39,data/rq3/cpython-3.9/unique_bug_pyc/cpython-39-ee5bedfe10dc.pyc,no_source,"# decompyle3 version 3.9.3 # Python bytecode version base 3.9.0 (3425) # Decompiled from: Python 3.9.25 (main, Oct 31 2025, 23:00:23) # [Clang 21.1.4 ] # Embedded file name: data/rq3/cpython-3.9/unittest_seeds/raw/cpython_case_test_embed...",crash,signal_11:,,"decompyle3:error:# decompyle3 version 3.9.3 # Python bytecode version base 3.9.0 (3425) # Decompiled from: Python 3.9.25 (main, Oct 31 2025, 23:00:23) # [Clang 21.1.4 ] # Embedded file name: data/rq3/cpython-3.9/unittest_seeds/raw/cpython_case_test_embed...;pylingual:error:────────────────────────────────────────────────────────────────────────────────────────────────────────────────────────────────────────────────────────────────────── ,ggggggggggg, ,gggg, dP""""""88""""""""""""Y8, d8"" ""8I ,dPYb, Yb, 88 `8b 88 ,dP...",decompyle3:not_run:;pylingual:not_run:
cpython-39,data/rq3/cpython-3.9/unique_bug_pyc/cpython-39-ef2fcc89c33d.pyc,no_source,Unknown magic number 97 in data/rq3/cpython-3.9/unique_bug_pyc/cpython-39-ef2fcc89c33d.pyc,exit_1,"Traceback (most recent call last): File ""/root/PyBC-Sec/pybcSEC/data/rq4/harness.py"", line 29, in <module> result = target() File ""data/rq3/cpython-3.9/unittest_seeds/raw/cpython_case_test_itertooLPARegressionTests_test_sf_793826.py"", li...",,"decompyle3:exit_2:Unknown magic number 97 in data/rq3/cpython-3.9/unique_bug_pyc/cpython-39-ef2fcc89c33d.pyc;pylingual:error:────────────────────────────────────────────────────────────────────────────────────────────────────────────────────────────────────────────────────────────────────── ,ggggggggggg, ,gggg, dP""""""88""""""""""""Y8, d8"" ""8I ,dPYb, Yb, 88 `8b 88 ,dP...",decompyle3:not_run:;pylingual:not_run:
cpython-39,data/rq3/cpython-3.9/unique_bug_pyc/cpython-39-ef483ba7b3aa.pyc,no_source,"# decompyle3 version 3.9.3 # Python bytecode version base 3.9.0 (3425) # Decompiled from: Python 3.9.25 (main, Oct 31 2025, 23:00:23) # [Clang 21.1.4 ] # Embedded file name: data/rq3/cpython-3.9/unittest_seeds/raw/cpython_case_test_subpr...",crash,signal_11:,,"decompyle3:error:# decompyle3 version 3.9.3 # Python bytecode version base 3.9.0 (3425) # Decompiled from: Python 3.9.25 (main, Oct 31 2025, 23:00:23) # [Clang 21.1.4 ] # Embedded file name: data/rq3/cpython-3.9/unittest_seeds/raw/cpython_case_test_subpr...;pylingual:error:────────────────────────────────────────────────────────────────────────────────────────────────────────────────────────────────────────────────────────────────────── ,ggggggggggg, ,gggg, dP""""""88""""""""""""Y8, d8"" ""8I ,dPYb, Yb, 88 `8b 88 ,dP...",decompyle3:not_run:;pylingual:not_run:
cpython-39,data/rq3/cpython-3.9/unique_bug_pyc/cpython-39-f1f8a85067ad.pyc,no_source,Unknown magic number 10849 in data/rq3/cpython-3.9/unique_bug_pyc/cpython-39-f1f8a85067ad.pyc,exit_1,"Traceback (most recent call last): File ""/root/PyBC-Sec/pybcSEC/data/rq4/harness.py"", line 29, in <module> result = target() File ""data/rq3/cpython-3.9/unittest_seeds/raw/cpython_case_test_contextlib_ContextManagerTestCase_test_contextma...",,"decompyle3:exit_2:Unknown magic number 10849 in data/rq3/cpython-3.9/unique_bug_pyc/cpython-39-f1f8a85067ad.pyc;pylingual:error:────────────────────────────────────────────────────────────────────────────────────────────────────────────────────────────────────────────────────────────────────── ,ggggggggggg, ,gggg, dP""""""88""""""""""""Y8, d8"" ""8I ,dPYb, Yb, 88 `8b 88 ,dP...",decompyle3:not_run:;pylingual:not_run:
cpython-39,data/rq3/cpython-3.9/unique_bug_pyc/cpython-39-f2e05283a104.pyc,no_source,"# decompyle3 version 3.9.3 # Python bytecode version base 3.9.0 (3425) # Decompiled from: Python 3.9.25 (main, Oct 31 2025, 23:00:23) # [Clang 21.1.4 ] # Embedded file name: data/rq3/cpython-3.9/unittest_s\\0\\0\\0\\0\\0\\0\\0/cpython_case_test_long_...",crash,signal_11:,,"decompyle3:error:# decompyle3 version 3.9.3 # Python bytecode version base 3.9.0 (3425) # Decompiled from: Python 3.9.25 (main, Oct 31 2025, 23:00:23) # [Clang 21.1.4 ] # Embedded file name: data/rq3/cpython-3.9/unittest_s\\0\\0\\0\\0\\0\\0\\0/cpython_case_test_long_...;pylingual:error:────────────────────────────────────────────────────────────────────────────────────────────────────────────────────────────────────────────────────────────────────── ,ggggggggggg, ,gggg, dP""""""88""""""""""""Y8, d8"" ""8I ,dPYb, Yb, 88 `8b 88 ,dP...",decompyle3:not_run:;pylingual:not_run:
cpython-39,data/rq3/cpython-3.9/unique_bug_pyc/cpython-39-f3469736ce78.pyc,no_source,"# decompyle3 version 3.9.3 # Python bytecode version base 3.9.0 (3425) # Decompiled from: Python 3.9.25 (main, Oct 31 2025, 23:00:23) # [Clang 21.1.4 ] # Embedded file name: data/rq3/cpython-3.9/unittest_seeds/raw/cpython_case_test_memor...",crash,signal_11:,,"decompyle3:error:# decompyle3 version 3.9.3 # Python bytecode version base 3.9.0 (3425) # Decompiled from: Python 3.9.25 (main, Oct 31 2025, 23:00:23) # [Clang 21.1.4 ] # Embedded file name: data/rq3/cpython-3.9/unittest_seeds/raw/cpython_case_test_memor...;pylingual:error:────────────────────────────────────────────────────────────────────────────────────────────────────────────────────────────────────────────────────────────────────── ,ggggggggggg, ,gggg, dP""""""88""""""""""""Y8, d8"" ""8I ,dPYb, Yb, 88 `8b 88 ,dP...",decompyle3:not_run:;pylingual:not_run:
cpython-39,data/rq3/cpython-3.9/unique_bug_pyc/cpython-39-f4f7d7efc515.pyc,no_source,"# decompyle3 version 3.9.3 # Python bytecode version base 3.9.0 (3425) # Decompiled from: Python 3.9.25 (main, Oct 31 2025, 23:00:23) # [Clang 21.1.4 ] # Embedded file name: data/r*\\$:python-3.9/unittest_seeds/raw/cpython_case_test_xmlrp...",crash,signal_11:,,"decompyle3:error:# decompyle3 version 3.9.3 # Python bytecode version base 3.9.0 (3425) # Decompiled from: Python 3.9.25 (main, Oct 31 2025, 23:00:23) # [Clang 21.1.4 ] # Embedded file name: data/r*\\$:python-3.9/unittest_seeds/raw/cpython_case_test_xmlrp...;pylingual:error:────────────────────────────────────────────────────────────────────────────────────────────────────────────────────────────────────────────────────────────────────── ,ggggggggggg, ,gggg, dP""""""88""""""""""""Y8, d8"" ""8I ,dPYb, Yb, 88 `8b 88 ,dP...",decompyle3:not_run:;pylingual:not_run:
cpython-39,data/rq3/cpython-3.9/unique_bug_pyc/cpython-39-fb6bc97e847e.pyc,no_source,"# decompyle3 version 3.9.3 # Python bytecode version base 3.9.0 (3425) # Decompiled from: Python 3.9.25 (main, Oct 31 2025, 23:00:23) # [Clang 21.1.4 ] # Embedded file name: data/rq3/cpython-3.9/unittest_seeds/raw/cpython_case_test_copy_...",exit_1,"Traceback (most recent call last): File ""/root/PyBC-Sec/pybcSEC/data/rq4/harness.py"", line 29, in <module> result = target() File ""data/rq3/cpython-3.9/unittest_seeds/raw/cpython_case_test_copy_\\0\\0stCopy_test_copy_inst_getinitargs.py"", li...",,"decompyle3:error:# decompyle3 version 3.9.3 # Python bytecode version base 3.9.0 (3425) # Decompiled from: Python 3.9.25 (main, Oct 31 2025, 23:00:23) # [Clang 21.1.4 ] # Embedded file name: data/rq3/cpython-3.9/unittest_seeds/raw/cpython_case_test_copy_...;pylingual:error:────────────────────────────────────────────────────────────────────────────────────────────────────────────────────────────────────────────────────────────────────── ,ggggggggggg, ,gggg, dP""""""88""""""""""""Y8, d8"" ""8I ,dPYb, Yb, 88 `8b 88 ,dP...",decompyle3:not_run:;pylingual:not_run:
cpython-39,data/rq3/cpython-3.9/unique_bug_pyc/cpython-39-fbba571ffe5c.pyc,no_source,"# decompyle3 version 3.9.3 # Python bytecode version base 3.9.0 (3425) # Decompiled from: Python 3.9.25 (main, Oct 31 2025, 23:00:23) # [Clang 21.1.4 ] # Embedded file name: data/rq3/cpython-3.9/unittest_seeds/raw/cpython_case_test_typin...",crash,signal_11:,,"decompyle3:error:# decompyle3 version 3.9.3 # Python bytecode version base 3.9.0 (3425) # Decompiled from: Python 3.9.25 (main, Oct 31 2025, 23:00:23) # [Clang 21.1.4 ] # Embedded file name: data/rq3/cpython-3.9/unittest_seeds/raw/cpython_case_test_typin...;pylingual:error:────────────────────────────────────────────────────────────────────────────────────────────────────────────────────────────────────────────────────────────────────── ,ggggggggggg, ,gggg, dP""""""88""""""""""""Y8, d8"" ""8I ,dPYb, Yb, 88 `8b 88 ,dP...",decompyle3:not_run:;pylingual:not_run:
cpython-39,data/rq3/cpython-3.9/unique_bug_pyc/cpython-39-fc236960fe05.pyc,no_source,"# decompyle3 version 3.9.3 # Python bytecode version base 3.9.0 (3425) # Decompiled from: Python 3.9.25 (main, Oct 31 2025, 23:00:23) # [Clang 21.1.4 ] # Embedded file name: data/rq3/cpython-3.9/unittest_seeds/raw/cpython_case_test_conte...",crash,signal_11:,,"decompyle3:error:# decompyle3 version 3.9.3 # Python bytecode version base 3.9.0 (3425) # Decompiled from: Python 3.9.25 (main, Oct 31 2025, 23:00:23) # [Clang 21.1.4 ] # Embedded file name: data/rq3/cpython-3.9/unittest_seeds/raw/cpython_case_test_conte...;pylingual:error:────────────────────────────────────────────────────────────────────────────────────────────────────────────────────────────────────────────────────────────────────── ,ggggggggggg, ,gggg, dP""""""88""""""""""""Y8, d8"" ""8I ,dPYb, Yb, 88 `8b 88 ,dP...",decompyle3:not_run:;pylingual:not_run:
cpython-39,data/rq3/cpython-3.9/unique_bug_pyc/cpython-39-fe019be7d6a1.pyc,no_source,"# decompyle3 version 3.9.3 # Python bytecode version base 3.9.0 (3425) # Decompiled from: Python 3.9.25 (main, Oct 31 2025, 23:00:23) # [Clang 21.1.4 ] # Embedded file name: data/rq3/cpython-3.9/unittest_seeds/raw/cpython_case_test_compl...",exit_1,"Traceback (most recent call last): File ""/root/PyBC-Sec/pybcSEC/data/rq4/harness.py"", line 29, in <module> result = target() File ""data/rq3/cpython-3.9/unittest_seeds/raw/cpython_case_test_complex_ComplexTest_test_truediv/*y"", line 6, in...",,"decompyle3:error:# decompyle3 version 3.9.3 # Python bytecode version base 3.9.0 (3425) # Decompiled from: Python 3.9.25 (main, Oct 31 2025, 23:00:23) # [Clang 21.1.4 ] # Embedded file name: data/rq3/cpython-3.9/unittest_seeds/raw/cpython_case_test_compl...;pylingual:error:────────────────────────────────────────────────────────────────────────────────────────────────────────────────────────────────────────────────────────────────────── ,ggggggggggg, ,gggg, dP""""""88""""""""""""Y8, d8"" ""8I ,dPYb, Yb, 88 `8b 88 ,dP...",decompyle3:not_run:;pylingual:not_run:
cpython-39,data/rq3/cpython-3.9/unique_bug_pyc/cpython-39-ff2195dc0e1c.pyc,no_source,"# decompyle3 version 3.9.3 # Python bytecode version base 3.9.0 (3425) # Decompiled from: Python 3.9.25 (main, Oct 31 2025, 23:00:23) # [Clang 21.1.4 ] # Embedded file name: data/rq3/cpython-3.9/unittest_seeds/raw/cpython_case_test_ftpli...",crash,signal_11:,,"decompyle3:error:# decompyle3 version 3.9.3 # Python bytecode version base 3.9.0 (3425) # Decompiled from: Python 3.9.25 (main, Oct 31 2025, 23:00:23) # [Clang 21.1.4 ] # Embedded file name: data/rq3/cpython-3.9/unittest_seeds/raw/cpython_case_test_ftpli...;pylingual:error:────────────────────────────────────────────────────────────────────────────────────────────────────────────────────────────────────────────────────────────────────── ,ggggggggggg, ,gggg, dP""""""88""""""""""""Y8, d8"" ""8I ,dPYb, Yb, 88 `8b 88 ,dP...",decompyle3:not_run:;pylingual:not_run:
cpython-39,data/rq3/cpython-3.9/unique_bug_pyc/cpython-39-ff3d4634991a.pyc,no_source,"# decompyle3 version 3.9.3 # Python bytecode version base 3.9.0 (3425) # Decompiled from: Python 3.9.25 (main, Oct 31 2025, 23:00:23) # [Clang 21.1.4 ] # Embedded file name: data/rq3/cpython-3.9/unittest_seeds/raw/cpython_case_test_capi_...",crash,signal_11:,,"decompyle3:error:# decompyle3 version 3.9.3 # Python bytecode version base 3.9.0 (3425) # Decompiled from: Python 3.9.25 (main, Oct 31 2025, 23:00:23) # [Clang 21.1.4 ] # Embedded file name: data/rq3/cpython-3.9/unittest_seeds/raw/cpython_case_test_capi_...;pylingual:error:────────────────────────────────────────────────────────────────────────────────────────────────────────────────────────────────────────────────────────────────────── ,ggggggggggg, ,gggg, dP""""""88""""""""""""Y8, d8"" ""8I ,dPYb, Yb, 88 `8b 88 ,dP...",decompyle3:not_run:;pylingual:not_run:
cpython-39,data/rq3/cpython-3.9/unique_bug_pyc/cpython-39-ffe4604e43fb.pyc,no_source,"# decompyle3 version 3.9.3 # Python bytecode version base 3.9.0 (3425) # Decompiled from: Python 3.9.25 (main, Oct 31 2025, 23:00:23) # [Clang 21.1.4 ] # Embedded file name: data/rq3/cpython-3.9/unittest_seeds/raw/cpython_case_test_local...",crash,signal_11:,,"decompyle3:error:# decompyle3 version 3.9.3 # Python bytecode version base 3.9.0 (3425) # Decompiled from: Python 3.9.25 (main, Oct 31 2025, 23:00:23) # [Clang 21.1.4 ] # Embedded file name: data/rq3/cpython-3.9/unittest_seeds/raw/cpython_case_test_local...;pylingual:error:────────────────────────────────────────────────────────────────────────────────────────────────────────────────────────────────────────────────────────────────────── ,ggggggggggg, ,gggg, dP""""""88""""""""""""Y8, d8"" ""8I ,dPYb, Yb, 88 `8b 88 ,dP...",decompyle3:not_run:;pylingual:not_run:
